   SW   perc perc perc  query                 position in query    matching       repeat              position in repeat
score   div. del. ins.  sequence              begin end   (left)   repeat         class/family      begin  end    (left)   ID

  947   12.9  0.0  0.0  Sniffles2.INS.0S2E        1   170    (0) C ALR/Alpha      Satellite/centr     (13)    170      1    1  
  899   15.2  0.0  0.6  Sniffles2.INS.0S2F       11   169    (3) + ALR/Alpha      Satellite/centr        1    158   (13)    2  
  396    6.5  2.4  0.0  Sniffles2.INS.0S5B        1    82    (0) + SAR            Satellite              1     84    (0)    3  
   76    2.7  0.0  0.0  Sniffles2.INS.0SA8        1    76    (0) + (GGAA)n        Simple_repeat          1     76    (0)    4  
 2870    1.3  0.0  0.0  Sniffles2.INS.0SBB        7   313    (0) C AluYa5         SINE/Alu             (4)    307      1    5  
   43    9.1  0.0  0.0  Sniffles2.INS.101S1       1    59    (1) + (A)n           Simple_repeat          1     59    (0)    6  
  409   11.7  0.0  0.0  Sniffles2.INS.101S11      1    60    (3) C SATR2          Satellite          (234)     85     26    7  
  112    0.0  0.0  0.0  Sniffles2.INS.101S2       1    98    (0) + (C)n           Simple_repeat          1     98    (0)    8  
   45   13.2  0.0  0.0  Sniffles2.INS.102S6       3    71    (3) + (AT)n          Simple_repeat          1     69    (0)    9  
   28   19.3  0.0  0.0  Sniffles2.INS.104S11     30    82    (7) + A-rich         Low_complexity         1     53    (0)   10  
  776   12.7  1.4 10.1  Sniffles2.INS.105S33      1   106   (39) + AluSx          SINE/Alu              42    136  (166)   11  
  317    7.7  0.0  0.0  Sniffles2.INS.105S33    107   145    (0) + Alu            SINE/Alu               2     40  (262)   12  
  108   15.2  7.0  2.0  Sniffles2.INS.106S0       3   289    (3) + (ACAACAC)n     Simple_repeat          1    301    (0)   13  
 1069   14.6  1.1  0.0  Sniffles2.INS.108S23      1   674    (1) + ALR/Alpha      Satellite/centr        1    681    (0)   14  
  459   16.2  0.0  0.0  Sniffles2.INS.109S2       2    69    (0) C AluSg          SINE/Alu           (113)    197    130   15  
  481    9.4  1.1  8.0  Sniffles2.INS.10AS38      9   182    (5) + SVA_A          Retroposon/SVA       668    830  (557)   16  
   50   25.4  0.0  2.3  Sniffles2.INS.10BS6       1   133    (0) + (AT)n          Simple_repeat          1    130    (0)   17  
  316   15.8 14.0  0.0  Sniffles2.INS.10CS2      10    66    (0) C THE1D-int      LTR/ERVL-MaLR      (773)    858    794   18  
 1088   14.4  0.0  0.0  Sniffles2.INS.10DS23      1   684    (0) + ALR/Alpha      Satellite/centr        1    684    (0)   19  
   32   20.6  1.4  0.0  Sniffles2.INS.10ES0      14    83    (0) + (ATC)n         Simple_repeat          1     71    (0)   20  
   40    0.0  7.8  0.0  Sniffles2.INS.10ES1       1    51    (1) + (TCCTT)n       Simple_repeat          1     55    (0)   21  
  793   23.6  6.5  5.3  Sniffles2.INS.10FS24      2   356   (77) + REP522         Unknown             1362   1817    (0)   22  
  445   18.1  4.2  8.1  Sniffles2.INS.10S15      10  1037   (16) C HSATII         Satellite            (7)    988      1   23  
   32   34.7  0.0  0.0  Sniffles2.INS.10S17       1   103    (1) + GA-rich        Low_complexity         1    103    (0)   24  
  682   16.1  0.0  0.0  Sniffles2.INS.10S34       1   286    (2) C CER            Satellite            (2)    286      1   25  
 1310   11.5  0.6  0.0  Sniffles2.INS.10S36       3   507    (0) C ALR/Alpha      Satellite/centr     (54)    507      1   26  
   27   26.6  1.2  0.0  Sniffles2.INS.10S5D       1    81    (8) + (AATGG)n       Simple_repeat          1     82    (0)   27  
  637   15.0  0.0  1.0  Sniffles2.INS.10S8        2   135    (0) + BSR/Beta       Satellite              1    132    (0)   28  
 1127    7.3  1.9  0.0  Sniffles2.INS.10SAD       7   863   (10) C ACRO1          Satellite/acro       (1)    873      1   29  
  828   14.9  0.0  0.0  Sniffles2.INS.10SBA       1   170    (0) + ALR/Alpha      Satellite/centr        1    170    (0)   30  
 1041    7.7  0.7  0.0  Sniffles2.INS.10SBB       1   434    (1) C ACRO1          Satellite/acro      (24)    437      1   31  
   52    0.0  0.0  0.0  Sniffles2.INS.110S38      1    47    (0) + (AAGA)n        Simple_repeat          1     47    (0)   32  
   51   24.7  0.9  0.0  Sniffles2.INS.112S13      7   119    (1) + (TA)n          Simple_repeat          1    114    (0)   33  
  319   11.9  0.0  0.0  Sniffles2.INS.113S1      11    52    (0) C AluSz6         SINE/Alu           (171)    141    100   34  
   35    1.9  5.3  3.5  Sniffles2.INS.113S11      2    58    (5) + (TATAT)n       Simple_repeat          1     58    (0)   35  
   45    5.7  0.0  0.0  Sniffles2.INS.113S25      1    55    (0) + (ATATT)n       Simple_repeat          1     55    (0)   36  
   41    0.0  0.0  4.4  Sniffles2.INS.113S33      8    54    (0) + (TTTTC)n       Simple_repeat          1     45    (0)   37  
   25    7.7  0.0  2.4  Sniffles2.INS.114S13      6    48    (1) + (TATATAT)n     Simple_repeat          1     42    (0)   38  
  226    8.1 10.0  1.3  Sniffles2.INS.114S25      1   480    (2) + (TA)n          Simple_repeat          1    521    (0)   39  
  264   20.7  0.0  8.2  Sniffles2.INS.114S4       1    79   (51) C L1M5           LINE/L1           (1172)   4974   4902   40  
  549    7.5  0.0  0.0  Sniffles2.INS.115S11      1    67    (0) + AluY           SINE/Alu             190    256   (55)   41  
  145   13.1  2.2  5.1  Sniffles2.INS.116S25      6   327    (0) + (TTATATA)n     Simple_repeat          1    313    (0)   42  
   47   20.6  0.0  0.0  Sniffles2.INS.117S11      9    97    (3) + (TA)n          Simple_repeat          1     89    (0)   43  
  284   18.4  8.0  2.5  Sniffles2.INS.119S25      1   961   (16) + (AT)n          Simple_repeat          1   1013    (0)   44  
   35    4.5  4.3  0.0  Sniffles2.INS.119S35      1    46   (10) + (AC)n          Simple_repeat          1     48    (0)   45  
   33    0.0  0.0  6.4  Sniffles2.INS.11AS11      1    50    (1) + (CTTT)n        Simple_repeat          1     47    (0)   46  
   85   18.9  2.0  5.4  Sniffles2.INS.11BS11      1   249    (5) + (TTCCC)n       Simple_repeat          1    240    (0)   47  
  154   10.3  6.4  3.4  Sniffles2.INS.11BS18      1   345    (1) + (GAGT)n        Simple_repeat          1    355    (0)   48  
  448    7.7  1.5  1.5  Sniffles2.INS.11CS0       3    68    (0) + MER31A         LTR/ERV1              40    105  (380)   49  
   38    9.9  0.0  8.3  Sniffles2.INS.11ES35      1    78    (7) + (TA)n          Simple_repeat          1     72    (0)   50  
   16   13.8  2.3  4.7  Sniffles2.INS.11FS13     11    54    (4) + (ATATAGA)n     Simple_repeat          1     43    (0)   51  
  604   19.6  0.9  0.0  Sniffles2.INS.11FS25      1   112    (0) C AluSc8         SINE/Alu            (24)    287    175   52  
  141    4.6  1.3  0.0  Sniffles2.INS.11FS6       1   158    (0) + (TA)n          Simple_repeat          1    160    (0)   53  
  283   18.2  0.0  0.0  Sniffles2.INS.11S2B      13    56    (1) + AluYg6         SINE/Alu             224    267   (44)   54  
  986   16.9  0.3  0.7  Sniffles2.INS.11S2F       1   342    (0) + ALR/Alpha      Satellite/centr        1    340    (0)   55  
  695   14.4  0.0  0.9  Sniffles2.INS.11S34       1   479    (2) C CER            Satellite            (0)    474      1   56  
 1198   13.7  0.2  0.2  Sniffles2.INS.11S36       1   855    (0) C ALR/Alpha      Satellite/centr     (67)    854      1   57  
  227   15.8  1.4 10.8  Sniffles2.INS.11S5D      12    82    (7) C HSATII         Satellite           (10)    160     96   58  
 1053    9.1  0.0  0.4  Sniffles2.INS.11S8        1   204    (1) + BSR/Beta       Satellite              1    203    (0)   59  
 1032    9.2  0.8  4.0  Sniffles2.INS.11SAD       1  1445    (1) C ACRO1          Satellite/acro      (53)   1398      1   60  
  850   14.9  0.0  0.0  Sniffles2.INS.11SB0       6   168    (0) + ALR/Alpha      Satellite/centr        1    163    (0)   61  
 1048    7.6  0.0  0.0  Sniffles2.INS.11SBB       1   145  (590) C ACRO1          Satellite/acro       (0)    147      3   62  
  593   21.5  0.0  0.0  Sniffles2.INS.11SBB     445   707   (28) C ACRO1          Satellite/acro      (31)    263      1   63  
   32   10.1  0.0  0.0  Sniffles2.INS.11SBD      10    62   (38) + (CCATT)n       Simple_repeat          1     53    (0)   64  
   43   15.6  0.0  3.4  Sniffles2.INS.120S25      1    92    (2) + (ATATAAT)n     Simple_repeat          1     89    (0)   65  
   27    8.5  8.0  0.0  Sniffles2.INS.121S25      2    51    (2) + (TA)n          Simple_repeat          1     54    (0)   66  
  473   11.4  1.4  0.0  Sniffles2.INS.121S35     24    93   (89) C L1PB4          LINE/L1            (273)   5883   5813   67  
   31   11.4  0.0  0.0  Sniffles2.INS.121S6       7    55    (1) + (TA)n          Simple_repeat          1     49    (0)   68  
   35    2.1  3.8  3.8  Sniffles2.INS.125S11      1    53    (4) + (TTCT)n        Simple_repeat          1     53    (0)   69  
   66   13.9  5.2  0.0  Sniffles2.INS.127S25      1   137    (0) + (TATAT)n       Simple_repeat          1    144    (0)   70  
  366   13.2  9.2  6.8  Sniffles2.INS.128S25     36   165  (290) + HSATI          Satellite            436    568    (0)   71 *
 1461   18.2  0.0  5.4  Sniffles2.INS.128S25    165   455    (0) + AluY           SINE/Alu              13    288   (13)   72  
   34    7.0  0.0  0.0  Sniffles2.INS.128S6       3    47   (40) + (A)n           Simple_repeat          1     45    (0)   73  
  339   14.2  5.8  2.1  Sniffles2.INS.129S25      5   795    (0) + (ATATATT)n     Simple_repeat          1    820    (0)   74  
  269    8.5  4.3  0.0  Sniffles2.INS.129S6       9    55    (2) + L1PA13         LINE/L1             6075   6123   (40)   75  
   26   20.2  0.0  0.0  Sniffles2.INS.12AS1       4    54    (1) + (C)n           Simple_repeat          1     51    (0)   76  
   21    9.8  6.4  2.0  Sniffles2.INS.12BS22      3    49    (1) + GA-rich        Low_complexity         1     49    (0)   77  
   36   15.4  1.2  5.1  Sniffles2.INS.12BS33      1    81    (4) + (TA)n          Simple_repeat          1     78    (0)   78  
 2715    1.0  0.0  0.0  Sniffles2.INS.12BS3A      5   326    (0) C AluYb9         SINE/Alu             (0)    318      1   79  
 5536    2.5  0.0  1.1  Sniffles2.INS.12CS3A    998  1655  (172) C SVA_F          Retroposon/SVA     (112)   1263    613   80  
  879    1.9  0.0  0.0  Sniffles2.INS.12CS3A   1654  1759   (68) + SVA_F          Retroposon/SVA      1270   1375    (0)   81 *
  289   19.7  0.0  4.9  Sniffles2.INS.12CS3A   1757  1820    (7) + LTR8A          LTR/ERV1             567    627  (100)   82 *
  310   11.5  3.8  1.9  Sniffles2.INS.12DS6       1    53    (0) + ERVL-int       LTR/ERVL            3346   3399 (2358)   83  
   40    0.0  1.7  7.3  Sniffles2.INS.12FS33      1    58    (0) + (TTCT)n        Simple_repeat          1     55    (0)   84  
  667    0.0  0.0  0.0  Sniffles2.INS.12S2B       1    70    (0) + AluYa5         SINE/Alu             227    296   (15)   85  
  995   17.6  0.0  0.3  Sniffles2.INS.12S2F       1   341    (1) + ALR/Alpha      Satellite/centr        1    340    (0)   86  
   16   17.2  0.0  4.9  Sniffles2.INS.131S11     22    64    (0) + G-rich         Low_complexity         1     41    (0)   87  
   36    8.2  1.9  0.0  Sniffles2.INS.131S35      1    52    (1) + (AT)n          Simple_repeat          1     53    (0)   88  
 1093   13.9  0.0  0.0  Sniffles2.INS.132S23      1   340    (2) + ALR/Alpha      Satellite/centr        1    340    (0)   89  
 1116   14.0  0.0  0.0  Sniffles2.INS.133S23      7   341    (1) + ALR/Alpha      Satellite/centr        1    335    (0)   90  
   12   19.9  2.9  0.0  Sniffles2.INS.133S38      2    36   (23) + (TCCCCAG)n     Simple_repeat          1     36    (0)   91  
   56    3.5  0.0  0.0  Sniffles2.INS.134S1       3    61    (0) + (T)n           Simple_repeat          1     59    (0)   92  
  601    8.6  0.8  3.9  Sniffles2.INS.134S11      1   133   (12) + SVA_F          Retroposon/SVA       655    783  (592)   93  
   54    0.0  5.0  0.0  Sniffles2.INS.134S5       2    61    (3) + (TTTTGTTTTTT)n Simple_repeat          1     63    (0)   94  
   18   24.9  3.9  0.0  Sniffles2.INS.136S33      1    52   (10) + (TA)n          Simple_repeat          1     54    (0)   95  
   22   11.4  6.3  4.7  Sniffles2.INS.138S2       1    63    (0) + (TATATC)n      Simple_repeat          1     64    (0)   96  
  948   11.8  0.7  0.7  Sniffles2.INS.138S25      1   135    (0) + AluSz          SINE/Alu              53    187  (125)   97  
  299   19.6  0.0  0.0  Sniffles2.INS.139S1      46    96   (14) C Alu            SINE/Alu            (82)     51      1   98  
  504   12.1  0.0  0.0  Sniffles2.INS.13BS1       5    70    (0) + AluSp          SINE/Alu              10     75  (238)   99  
  834    1.6  0.0  1.6  Sniffles2.INS.13CS13      2   129    (0) + SVA_F          Retroposon/SVA       729    854  (521)  100  
  751    0.0  0.3  0.1  Sniffles2.INS.13FS5       1   649    (0) + (TCTT)n        Simple_repeat          1    650    (0)  101  
   44    8.1  1.5  0.0  Sniffles2.INS.13S17       1    66    (0) + (GGTGAT)n      Simple_repeat          1     67    (0)  102  
   82    7.8  0.6  5.7  Sniffles2.INS.13S1F       1   166    (2) + (GCTG)n        Simple_repeat          1    158    (0)  103  
  330   17.9  0.0  0.0  Sniffles2.INS.13S2B       1    56    (0) + Alu            SINE/Alu              89    144   (22)  104  
 1109   13.3  3.2  0.0  Sniffles2.INS.13S2F       1   672    (2) + ALR/Alpha      Satellite/centr        1    693    (0)  105  
  236   15.6  0.0  0.0  Sniffles2.INS.13S34     127   171    (5) + L1P3           LINE/L1             4972   5016 (1130)  106  
  232   13.2  0.0  0.0  Sniffles2.INS.13S35      34    71   (57) + MER1B          DNA/hAT-Charlie       92    129  (210)  107  
  228    9.4  0.0  0.0  Sniffles2.INS.13S35      67    98   (30) + MER1B          DNA/hAT-Charlie       93    124  (215)  107 *
  886    9.1  0.0  0.0  Sniffles2.INS.13SBB       1   147    (0) C ACRO1          Satellite/acro      (55)    147      1  108  
 1288   11.6  0.0  0.0  Sniffles2.INS.140S6       1   172  (411) + AluSg4         SINE/Alu             132    303    (7)  109  
  981   29.1  4.2  0.7  Sniffles2.INS.140S6     173   459  (124) C L1MEb          LINE/L1           (5768)    302      6  110  
   24   17.5  4.5  1.5  Sniffles2.INS.140S6     514   579    (4) + (TACATT)n      Simple_repeat          1     68    (0)  111  
   42    6.1  0.0  0.0  Sniffles2.INS.143S2       3    54    (0) + (TTCT)n        Simple_repeat          1     52    (0)  112  
   90    9.9  8.5  1.0  Sniffles2.INS.144S25      1   188    (6) + (TA)n          Simple_repeat          1    202    (0)  113  
  325   22.1  0.1  0.0  Sniffles2.INS.144SC0      7   684  (330) + (TCCAT)n       Simple_repeat          1    679    (0)  114  
  307   26.0  1.4  0.0  Sniffles2.INS.144SC0    685   757  (257) C Alu            SINE/Alu             (4)    297    224  115  
   33   16.0  2.9  0.0  Sniffles2.INS.144SC0    769   838  (176) + (CATTC)n       Simple_repeat          1     72    (0)  116  
   34    8.6  0.0  0.0  Sniffles2.INS.144SC0    865   914  (100) + (TCCAT)n       Simple_repeat          1     50    (0)  117  
   12   28.7  0.0  2.3  Sniffles2.INS.144SC0    967  1011    (3) + (CATTT)n       Simple_repeat          1     44    (0)  118  
  260    0.0  0.9  0.0  Sniffles2.INS.146S2       1   227    (0) + (CT)n          Simple_repeat          1    229    (0)  119  
   42   21.4  5.5  1.5  Sniffles2.INS.146S25      3   130    (7) + (AT)n          Simple_repeat          1    133    (0)  120  
   32    6.3  0.0  5.7  Sniffles2.INS.146S31      1    56    (0) + (GGAA)n        Simple_repeat          1     53    (0)  121  
   89    1.1  4.3  0.0  Sniffles2.INS.147S5       1    94    (0) + (TA)n          Simple_repeat          1     98    (0)  122  
  791    9.1 10.7  0.0  Sniffles2.INS.147S6       1   121    (0) C AluSx          SINE/Alu           (131)    171     38  123  
   66    0.0  0.0  0.0  Sniffles2.INS.148S2       1    56    (0) + (AT)n          Simple_repeat          1     56    (0)  124  
  300    4.5  0.0  4.4  Sniffles2.INS.148S33      1    47   (25) C L1M1           LINE/L1           (5341)   2224   2180  125  
   38    4.4  0.0  2.1  Sniffles2.INS.149S1       4    52    (1) + (TATATATGTG)n  Simple_repeat          1     48    (0)  126  
 2865    0.3  0.0  0.0  Sniffles2.INS.149S11     15   314    (0) + AluYb8         SINE/Alu               1    300   (18)  127  
   29    7.2  0.0  2.2  Sniffles2.INS.14CS1       1    47    (3) + (AGGAGA)n      Simple_repeat          1     46    (0)  128  
  712    9.7  0.0  1.1  Sniffles2.INS.14DS11      1    93    (1) C AluSc          SINE/Alu           (183)    126     35  129  
   91    5.9  0.5 12.0  Sniffles2.INS.14DS31      1   204    (2) + G-rich         Low_complexity         1    183    (0)  130  
  116   14.7  5.1  5.1  Sniffles2.INS.14DS33      4   335    (0) + (GTGGTT)n      Simple_repeat          1    332    (0)  131  
   13   18.8  4.5  2.2  Sniffles2.INS.14DS39    105   148   (12) + (AATATATC)n    Simple_repeat          1     45    (0)  132  
  291    0.0  0.0  2.1  Sniffles2.INS.14FS0       1    49    (0) + SVA_F          Retroposon/SVA       687    734  (641)  133  
  906   14.1  3.2  0.0  Sniffles2.INS.14S2F       1   167    (0) + ALR/Alpha      Satellite/centr        1    172    (0)  134  
   25   15.8  0.0  0.0  Sniffles2.INS.14S5D      13    61    (2) + (GAATG)n       Simple_repeat          1     49    (0)  135  
 1140   13.3  0.8  0.0  Sniffles2.INS.14S65       1   339    (1) + ALR/Alpha      Satellite/centr        1    341    (0)  136  
 1125   15.3  0.3  0.1  Sniffles2.INS.14SB0       2   495   (17) + ALR/Alpha      Satellite/centr        1    495    (0)  137  
   43   24.3  0.0  0.0  Sniffles2.INS.14SBD       1   106    (4) + (TCCAT)n       Simple_repeat          1    106    (0)  138  
  251   14.3 11.3  1.3  Sniffles2.INS.150S1       1    71    (5) C AluJb          SINE/Alu            (67)    235    158  139  
  423   20.0  1.3  0.0  Sniffles2.INS.150S11     55   129   (33) + AluJo          SINE/Alu              11     86  (226)  140  
   22    7.5  4.5  2.2  Sniffles2.INS.150S2       2    48    (2) + (CCTCCCAC)n    Simple_repeat          1     48    (0)  141  
   30    2.8  5.4  0.0  Sniffles2.INS.150S25      1    37   (13) + (CA)n          Simple_repeat          1     39    (0)  142  
  470   21.6  4.0 11.5  Sniffles2.INS.152S25      1   203  (330) C LOR1-int       LTR/ERV1          (3747)   4373   4226  143  
 2474    8.0  0.0  0.0  Sniffles2.INS.152S25    217   515   (18) + AluY           SINE/Alu               1    299   (12)  144  
   13    0.0  0.0  0.0  Sniffles2.INS.152S25    516   532    (1) + (TAA)n         Simple_repeat          1     17    (0)  145  
 2774    3.2  0.0  0.6  Sniffles2.INS.153S25      6   318    (0) C AluYk4         SINE/Alu             (0)    311      1  146  
   17   12.7  0.0  0.0  Sniffles2.INS.153S5      29    54   (38) + (T)n           Simple_repeat          1     26    (0)  147  
   28   12.8  1.8  1.8  Sniffles2.INS.157S39      1    55    (0) + GA-rich        Low_complexity         1     55    (0)  148  
   19    0.0  6.9  0.0  Sniffles2.INS.158S0    1386  1418    (1) + (TCTTT)n       Simple_repeat          1     35    (0)  149  
 1087   15.4  1.2  0.4  Sniffles2.INS.159S23      1   672    (5) + ALR/Alpha      Satellite/centr        1    677    (0)  150  
  132   21.4  1.3  1.0  Sniffles2.INS.159S25      1   300   (13) + (TCATCA)n      Simple_repeat          1    301    (0)  151  
   39    0.0  0.0  0.0  Sniffles2.INS.159S39      1    36   (15) + (AGGA)n        Simple_repeat          1     36    (0)  152  
 1612    7.2  1.0  0.6  Sniffles2.INS.15AS38      1   231   (55) C AluY           SINE/Alu            (82)    220      1  153  
  309   16.7  3.7  0.0  Sniffles2.INS.15AS38    232   285    (1) C L1MD           LINE/L1            (787)   5572   5517  154  
   65    0.0  0.0  0.0  Sniffles2.INS.15BS22      1    58    (0) + (ATATATA)n     Simple_repeat          1     58    (0)  155  
  418   23.0  7.7  3.3  Sniffles2.INS.15BS31      5   121  (103) C MER2           DNA/TcMar-Tigger   (223)    122      1  156  
  302   22.0  6.9  1.9  Sniffles2.INS.15BS31    122   219    (5) + MER106B        DNA/hAT-Charlie      954   1056    (3)  157  
  466   20.2  0.2  0.9  Sniffles2.INS.15CSBF      1   131    (0) C L1P4           LINE/L1           (1612)   4534   4404  158  
  324   20.6  0.0  0.0  Sniffles2.INS.15DS0      10    77    (0) C Alu            SINE/Alu             (0)    301    234  159  
   46   15.2  1.2  0.0  Sniffles2.INS.15DS18      1    80    (3) + (TA)n          Simple_repeat          1     81    (0)  160  
  148   12.6  8.2  1.8  Sniffles2.INS.15ES33      1   367    (8) + (ATAATAT)n     Simple_repeat          1    390    (0)  161  
  710   13.9  0.9  0.0  Sniffles2.INS.15S1B       1   661    (2) C CER            Satellite           (14)    667      1  162  
 1043   14.3  0.0  0.0  Sniffles2.INS.15S30       1   161    (9) + ALR/Alpha      Satellite/centr       11    171    (0)  163  
  959   12.8  0.0  0.0  Sniffles2.INS.15SB0       5   168    (0) + ALR/Alpha      Satellite/centr        1    164    (0)  164  
 1048    6.8  1.2  0.8  Sniffles2.INS.15SBB       1   438    (1) C ACRO1          Satellite/acro      (57)    439      1  165  
 1052   14.7  0.0  0.0  Sniffles2.INS.160S23      1   340    (1) + ALR/Alpha      Satellite/centr        1    340    (0)  166  
   47    0.0  0.0  0.0  Sniffles2.INS.160S31      1    51    (0) + (A)n           Simple_repeat          1     51    (0)  167  
   23   13.1  8.0  0.0  Sniffles2.INS.160S33      1    50    (2) + (AT)n          Simple_repeat          1     54    (0)  168  
   43    5.9  0.0  0.0  Sniffles2.INS.162S0       1    53    (1) + (T)n           Simple_repeat          1     53    (0)  169  
   61    0.0  0.0  0.0  Sniffles2.INS.162S1       1    52    (0) + (AT)n          Simple_repeat          1     52    (0)  170  
  313    9.8  0.0 27.3  Sniffles2.INS.162S5       1    84    (4) C L1P1           LINE/L1            (658)   5497   5432  171  
   37    5.9  1.8  1.8  Sniffles2.INS.164S1       9    64    (3) + (TTCC)n        Simple_repeat          1     56    (0)  172  
   32    3.7 10.9  0.0  Sniffles2.INS.164S6       1    55    (2) + (TA)n          Simple_repeat          1     61    (0)  173  
   45    0.0  2.2  0.0  Sniffles2.INS.166S0      10    54    (0) + (TTCT)n        Simple_repeat          1     46    (0)  174  
 2032   21.6  4.7  7.3  Sniffles2.INS.168S25    757  1416  (879) C L1MB4          LINE/L1            (320)   5860   5207  175  
  363   10.7  3.6  0.0  Sniffles2.INS.169S39      8    63   (31) + PRIMA41-int    LTR/ERV1             915    972 (6784)  176  
   33    2.0  8.0  0.0  Sniffles2.INS.16AS2      10    59   (17) + (ATATGTGTAT)n  Simple_repeat          1     54    (0)  177  
   57    0.0  3.6  0.0  Sniffles2.INS.16CS5       1    56    (0) + (TA)n          Simple_repeat          1     58    (0)  178  
  258    2.1  0.0  4.3  Sniffles2.INS.16ES18      1    49    (1) + SVA_F          Retroposon/SVA       696    742  (633)  179  
   12   14.4  0.0  0.0  Sniffles2.INS.16ES33      1    24   (55) + (CTTC)n        Simple_repeat          1     24    (0)  180  
   34    0.0  0.0  0.0  Sniffles2.INS.16ES33     27    58   (21) + (TCCC)n        Simple_repeat          1     32    (0)  181  
   61    0.0  0.0  0.0  Sniffles2.INS.16S11       1    54    (0) + (CCCAAC)n      Simple_repeat          1     54    (0)  182  
 2887    0.7  0.0  0.0  Sniffles2.INS.16S12       8   313    (0) C AluYa5         SINE/Alu             (5)    306      1  183  
  256   24.9  0.8  0.3  Sniffles2.INS.16S16       1   623  (942) + (GAATG)n       Satellite              1    626    (0)  184  
  230   20.1  3.5  9.2  Sniffles2.INS.16S16     628   910  (655) C HSATII         Satellite            (7)    266      1  185 *
  340   16.5  5.3  0.0  Sniffles2.INS.16S16     905   980  (585) + AluJb          SINE/Alu             192    278   (24)  186  
  240   25.0  1.5  3.1  Sniffles2.INS.16S16     928   993  (572) C SVA_A          Retroposon/SVA    (1277)    110     46  187 *
   18   10.5  0.0  0.0  Sniffles2.INS.16S16     994  1024  (541) + (ATGGA)n       Simple_repeat          1     31    (0)  188  
  257   18.4  7.1  1.8  Sniffles2.INS.16S16    1029  1183  (382) C HSATII         Satellite            (7)    163      1  189  
   51   23.0  0.0  0.0  Sniffles2.INS.16S16    1184  1300  (265) + (AGTGG)n       Simple_repeat          1    117    (0)  190  
  524   18.3  3.4  5.9  Sniffles2.INS.16S16    1303  1543   (22) C HSATII         Satellite            (7)    234      1  191  
   42    6.2  4.3  1.4  Sniffles2.INS.16S2        1    70    (1) + (AGGG)n        Simple_repeat          1     72    (0)  192  
 1073   13.3  0.9  0.2  Sniffles2.INS.16S2F       3   681    (1) + ALR/Alpha      Satellite/centr        1    683    (0)  193  
  751   18.4  0.0  0.0  Sniffles2.INS.16S30       1   171    (0) + ALR/Alpha      Satellite/centr        1    171    (0)  194  
  829    9.1  0.0  0.0  Sniffles2.INS.16SBB       1   146    (0) C ACRO1          Satellite/acro      (48)    146      1  195  
  344   14.6  0.0  0.0  Sniffles2.INS.16SBD       3    50    (0) C Alu            SINE/Alu            (26)    140     93  196  
 1573    7.0  1.2 12.3  Sniffles2.INS.170S18      1   565   (17) + SVA_F          Retroposon/SVA       419    870  (517)  197  
   14   16.3  4.7  2.3  Sniffles2.INS.170S22     10    52   (32) + (AATAA)n       Simple_repeat          1     44    (0)  198  
   35   19.8  2.6  5.5  Sniffles2.INS.170S38      9    31   (94) + (CCCTTCT)n     Simple_repeat          1    108    (0)  199  
   17   26.2  2.3  7.1  Sniffles2.INS.170S38     32   119    (6) + (CTCC)n        Simple_repeat          1     84    (0)  200  
   37    4.8  0.0  0.0  Sniffles2.INS.170S5      10    52    (0) + (G)n           Simple_repeat          1     43    (0)  201  
   63    8.1  2.7  2.7  Sniffles2.INS.172S25      1   111    (0) + (TTATATA)n     Simple_repeat          1    111    (0)  202  
  873   15.2  0.8  0.8  Sniffles2.INS.172S5       2   134    (1) C AluSx          SINE/Alu           (120)    182     50  203  
  175    4.4 11.3  0.5  Sniffles2.INS.174S25      1   380    (0) + (AT)n          Simple_repeat          1    421    (0)  204  
  263   15.5  7.0  0.0  Sniffles2.INS.176S22      1    71   (36) C THE1B          LTR/ERVL-MaLR      (109)    255    180  205  
   43    5.5  5.0  2.4  Sniffles2.INS.177S18      5    84 (1675) + (CTC)n         Simple_repeat          1     82    (0)  206  
  538   23.4  5.2  1.1  Sniffles2.INS.177S18     97  1756    (3) + (CTC)n         Simple_repeat          1   1728    (0)  206  
  313   22.9  0.9  8.4  Sniffles2.INS.17AS5       9   153  (213) + L1MB7          LINE/L1             5644   5776  (388)  207 *
  393   20.2  3.6 19.4  Sniffles2.INS.17AS5     136   301   (65) + L1MB7          LINE/L1             5997   6140   (44)  207  
   27    8.8  0.0  0.0  Sniffles2.INS.17AS5     303   339   (27) + (T)n           Simple_repeat          1     37    (0)  208  
   72   11.8  0.8  0.0  Sniffles2.INS.17AS6       1   128    (0) + (AT)n          Simple_repeat          1    129    (0)  209  
   65    0.0  4.9  2.4  Sniffles2.INS.17BS6       3    83    (0) + (TTCT)n        Simple_repeat          1     83    (0)  210  
  612    3.7  2.5  0.0  Sniffles2.INS.17DS1       1    81    (0) C L1P1           LINE/L1           (1519)   4627   4545  211  
   13   13.7  0.0  0.0  Sniffles2.INS.17DS5      10    47   (59) + (CCCT)n        Simple_repeat          1     38    (0)  212  
   45    0.0  1.9  3.8  Sniffles2.INS.17DS5      53   106    (0) + (TTTCT)n       Simple_repeat          1     53    (0)  213  
  772   18.0  0.0  0.0  Sniffles2.INS.17S2F       2   171    (0) + ALR/Alpha      Satellite/centr        1    170    (0)  214  
 1141   13.3  1.1  0.0  Sniffles2.INS.17S30       2   332    (5) + ALR/Alpha      Satellite/centr        1    334    (0)  215  
  268   23.3  4.2  8.0  Sniffles2.INS.17S5D      14   181    (2) C HSATII         Satellite            (7)    163      2  216  
  774   12.8  0.0  0.0  Sniffles2.INS.17S6F       1   125    (2) C ALR/Alpha      Satellite/centr      (2)    169     45  217  
  769   13.8  0.0  0.0  Sniffles2.INS.17SBA       1   169    (0) C ALR/Alpha      Satellite/centr     (37)    169      1  218  
  803    9.6  0.0  2.2  Sniffles2.INS.17SBB       2   293    (0) C ACRO1          Satellite/acro      (37)    285      1  219  
   56   20.1  0.8  0.0  Sniffles2.INS.180S25      1   119    (0) + (AGAT)n        Simple_repeat          1    120    (0)  220  
   43   15.5  4.6  0.0  Sniffles2.INS.180S6       1    87    (0) + (AT)n          Simple_repeat          1     91    (0)  221  
   34   10.8  0.0  0.0  Sniffles2.INS.180SBF      1    50    (0) + (T)n           Simple_repeat          1     50    (0)  222  
  707    4.7  0.8  3.9  Sniffles2.INS.181S2      13   146    (1) + SVA_F          Retroposon/SVA       654    783  (592)  223  
 2834    2.3  0.0  0.0  Sniffles2.INS.182S11     16   325    (0) + AluY           SINE/Alu               1    310    (1)  224  
  325   20.2 12.7  0.0  Sniffles2.INS.184S5       1    79   (55) + AluSx          SINE/Alu             212    300    (2)  225 *
  492    7.8  1.6  0.0  Sniffles2.INS.184S5      50   113   (21) + AluSc8         SINE/Alu             103    167  (144)  226  
   51    2.0  0.0  0.0  Sniffles2.INS.186S22      4    54    (0) + (AAAG)n        Simple_repeat          1     51    (0)  227  
   26   18.2  0.0  3.7  Sniffles2.INS.186S25      2    57    (2) + (AT)n          Simple_repeat          1     54    (0)  228  
  546   20.0  0.0 15.0  Sniffles2.INS.187S0       2   154    (1) C AluJb          SINE/Alu           (120)    182     50  229  
   39   10.3  6.8  0.0  Sniffles2.INS.187S2      15    87    (0) + (TA)n          Simple_repeat          1     78    (0)  230  
   31   14.1  0.0  0.0  Sniffles2.INS.187S6       1    49    (1) + (TA)n          Simple_repeat          1     49    (0)  231  
  106    1.8  1.7  1.7  Sniffles2.INS.189S2       1   115    (2) + (AT)n          Simple_repeat          1    115    (0)  232  
  173    8.0  8.9  0.3  Sniffles2.INS.18BS5       2   325    (2) + (AT)n          Simple_repeat          1    352    (0)  233  
  309   15.0  5.0  0.0  Sniffles2.INS.18CS25     17    76   (81) C AluSx          SINE/Alu           (221)     81     19  234  
   58    0.0  0.0  0.0  Sniffles2.INS.18CS35      6    57    (0) + (AAGA)n        Simple_repeat          1     52    (0)  235  
  491    6.4  1.1 16.1  Sniffles2.INS.18DS22      1    93    (7) + SVA_A          Retroposon/SVA       755    835  (552)  236  
   95    7.8  6.2  0.0  Sniffles2.INS.18DS25      1   162    (0) + (ATAATAT)n     Simple_repeat          1    172    (0)  237  
  386    8.0  0.0  0.0  Sniffles2.INS.18ES38      1    50  (530) C Alu            SINE/Alu           (251)     50      1  238  
  492   20.9 15.3  0.0  Sniffles2.INS.18ES38     51   246  (334) + L1M5           LINE/L1             4119   4344 (1802)  239  
 2062    6.5  0.4  0.0  Sniffles2.INS.18ES38    333   579    (1) C AluYk4         SINE/Alu            (12)    299     52  240  
 2473    5.3  1.0  0.0  Sniffles2.INS.18S25      17   316    (1) + AluSx3         SINE/Alu               1    303    (8)  241  
  290   18.5  1.9  0.0  Sniffles2.INS.18S2B       1    54   (18) + FRAM           SINE/Alu             102    156   (20)  242  
 1145   13.5  1.4  0.0  Sniffles2.INS.18S30       1   333    (2) + ALR/Alpha      Satellite/centr        1    337    (0)  243  
  655   12.6  0.0  0.0  Sniffles2.INS.18SA8       1    95    (1) C CER            Satellite            (0)     96      2  244  
 1119    7.4  0.8  0.0  Sniffles2.INS.18SBB       2   435    (0) C ACRO1          Satellite/acro      (37)    437      1  245  
  435   15.1  9.6  3.2  Sniffles2.INS.18SBD       7   187    (3) + HSATII         Satellite              1    192    (5)  246  
  184   22.0  0.0  2.0  Sniffles2.INS.191S6       7    57   (30) C MIR            SINE/MIR            (65)    197    148  247  
   24   14.0  2.0  2.0  Sniffles2.INS.195S25      1    51    (2) + G-rich         Low_complexity         1     51    (0)  248  
   38    7.3  1.6  3.2  Sniffles2.INS.195SBF      1    63    (1) + (AT)n          Simple_repeat          1     62    (0)  249  
   41    3.4  3.1  3.1  Sniffles2.INS.196S37      1    65    (3) + (AAAG)n        Simple_repeat          1     65    (0)  250  
   37   12.6  0.0  0.0  Sniffles2.INS.196S38      1    63    (1) + (TA)n          Simple_repeat          1     63    (0)  251  
   53    2.4  6.5  4.3  Sniffles2.INS.199S35      1    92    (2) + (AT)n          Simple_repeat          1     94    (0)  252  
  849    5.7  0.0  0.8  Sniffles2.INS.19BS25      1   125    (0) C SVA_F          Retroposon/SVA     (544)    831    708  253  
   51    0.0  4.0  2.7  Sniffles2.INS.19DS2       1    74    (0) + (CCCCCT)n      Simple_repeat          1     75    (0)  254  
   36    6.8  0.0  2.1  Sniffles2.INS.19DS37      1    49   (11) + (TA)n          Simple_repeat          1     48    (0)  255  
   40   10.0  1.3  1.3  Sniffles2.INS.19S16       1    77   (13) + (TGGAA)n       Simple_repeat          1     77    (0)  256  
   29   19.7  1.7  0.0  Sniffles2.INS.19S23       1    59    (0) + (TA)n          Simple_repeat          1     60    (0)  257  
 1077   13.6  1.1  0.0  Sniffles2.INS.19S2F       2   678    (1) + ALR/Alpha      Satellite/centr        1    684    (0)  258  
 1049   14.2  1.8  0.0  Sniffles2.INS.19S30       1   336    (1) + ALR/Alpha      Satellite/centr        1    341    (0)  259  
   31   10.3  0.0  0.0  Sniffles2.INS.19S5D       2    53    (1) + (GAATG)n       Simple_repeat          1     52    (0)  260  
  940    8.1  1.6  0.4  Sniffles2.INS.19S6F       1   167    (0) C ALR/Alpha      Satellite/centr     (23)    169      1  261  
  401   14.9  0.0  0.0  Sniffles2.INS.19S8        1    67    (0) + BSR/Beta       Satellite              2     68   (68)  262  
  419   15.7 10.7  3.2  Sniffles2.INS.19SBD       7   217   (28) + HSATII         Satellite              1    226    (4)  263  
   16   28.4  0.0  5.7  Sniffles2.INS.1A0S22      1    56    (7) + (AT)n          Simple_repeat          1     53    (0)  264  
   90    1.2  0.0  0.0  Sniffles2.INS.1A1S22      1    84    (0) + (G)n           Simple_repeat          1     84    (0)  265  
 2808    2.3  0.0  0.0  Sniffles2.INS.1A1S24      9   317    (1) + AluY           SINE/Alu               1    309    (2)  266  
   43    0.0  0.0  2.3  Sniffles2.INS.1A4S0       1    44   (10) + (GAGG)n        Simple_repeat          1     43    (0)  267  
   35   14.2  0.0 12.4  Sniffles2.INS.1A4S24      1   118    (5) + (GTGAGG)n      Simple_repeat          1    105    (0)  268  
   66    0.0  1.7  0.0  Sniffles2.INS.1A5S0       1    60    (1) + (TA)n          Simple_repeat          1     61    (0)  269  
   19   17.0  8.3  0.0  Sniffles2.INS.1A6S35      3    62    (0) + (TGCATA)n      Simple_repeat          1     65    (0)  270  
   79   10.5  4.7  2.0  Sniffles2.INS.1A8S5       1   149    (4) + (AT)n          Simple_repeat          1    153    (0)  271  
  297    5.9  0.0  0.0  Sniffles2.INS.1A8S6      19    52   (17) + AluJb          SINE/Alu              86    119  (193)  272  
 1189   15.3  1.0  0.3  Sniffles2.INS.1A9S11      2  6310    (1) + ALR/Alpha      Satellite/centr        1   6355    (0)  273  
  287    1.9  0.0  1.9  Sniffles2.INS.1A9S6       1    54    (0) C SVA_F          Retroposon/SVA     (634)    741    689  274  
   36   10.6  1.6  0.0  Sniffles2.INS.1ABS25      1    61    (5) + (AT)n          Simple_repeat          1     62    (0)  275  
  430   11.9 16.8  1.2  Sniffles2.INS.1AES37      1   108  (104) C AluSx          SINE/Alu           (149)    152      6  276  
  323   22.7 26.8  3.2  Sniffles2.INS.1AES37      5   209    (3) + SVA_B          Retroposon/SVA       180    431  (952)  277 *
  396    8.7 32.7  0.0  Sniffles2.INS.1AES37    109   212    (0) C AluY           SINE/Alu            (10)    291    154  278  
  973   14.6  1.0  0.0  Sniffles2.INS.1AS15       6   290    (0) + HSATII         Satellite              1    287    (0)  279  
   26    9.1  2.1  0.0  Sniffles2.INS.1AS25      16    62   (96) + (CATCTATC)n    Simple_repeat          1     48    (0)  280  
   34   22.1  3.1  1.0  Sniffles2.INS.1AS25      63   158    (0) + (TATC)n        Simple_repeat          1     98    (0)  281  
  242   25.4  1.5  0.0  Sniffles2.INS.1AS2B       7    73    (1) + AluJb          SINE/Alu             225    292   (10)  282  
  756   16.2  0.0  0.8  Sniffles2.INS.1AS2F       1   170    (1) + ALR/Alpha      Satellite/centr        1    168    (0)  283  
 1058   12.7  0.0  0.0  Sniffles2.INS.1AS30       4   340    (2) + ALR/Alpha      Satellite/centr        1    337    (0)  284  
   14   30.3  1.8  0.0  Sniffles2.INS.1AS5D       2    58    (5) + (GAATG)n       Simple_repeat          1     58    (0)  285  
  793   17.9  1.2  1.2  Sniffles2.INS.1AS65       9   172    (0) C ALR/Alpha      Satellite/centr      (0)    172      9  286  
  383   17.4  0.0  0.0  Sniffles2.INS.1AS8        2    70    (0) + BSR/Beta       Satellite             28     96   (40)  287  
  859   15.4  1.4  3.9  Sniffles2.INS.1B3S25      1   168    (1) + AluSx          SINE/Alu              91    297    (5)  288  
   14   22.1  4.1  2.0  Sniffles2.INS.1B3SBF     12    60    (5) + (CTG)n         Simple_repeat          1     50    (0)  289  
 2921    1.0  0.0  0.0  Sniffles2.INS.1B4S0       1   311    (0) C AluYb8         SINE/Alu             (7)    311      1  290  
  823   19.9  2.7  3.8  Sniffles2.INS.1B4S24     66   253   (15) + MLT1E1         LTR/ERVL-MaLR        380    565   (89)  291  
  105    4.1  9.0  0.0  Sniffles2.INS.1B6S35      1   177    (0) + (AT)n          Simple_repeat          1    193    (0)  292  
   38    1.5 13.0  0.0  Sniffles2.INS.1B7S25      5    73    (1) + (AT)n          Simple_repeat          1     78    (0)  293  
   73    0.0  0.0  0.0  Sniffles2.INS.1B8S22      1    62    (0) + (TA)n          Simple_repeat          1     62    (0)  294  
   32   11.6  1.7  0.0  Sniffles2.INS.1BBS5       1    58    (1) + (AT)n          Simple_repeat          1     59    (0)  295  
   32   11.2  1.7  0.0  Sniffles2.INS.1BCS25      1    58    (3) + (TA)n          Simple_repeat          1     59    (0)  296  
   38    4.2  4.1  0.0  Sniffles2.INS.1BDS6       5    53    (1) + (AT)n          Simple_repeat          1     51    (0)  297  
 1281    9.2  0.3  0.2  Sniffles2.INS.1BFS38      9  1024    (0) + ALR/Alpha      Satellite/centr        1   1016    (0)  298  
   23   19.3  4.5  1.4  Sniffles2.INS.1BS16      71   137   (54) + (GAATG)n       Simple_repeat          1     69    (0)  299  
   29    7.7  0.0  0.0  Sniffles2.INS.1BS16     142   182    (9) + (TGGAG)n       Simple_repeat          1     41    (0)  300  
 1130   14.2  0.5  0.4  Sniffles2.INS.1BS2F       1   681    (1) + ALR/Alpha      Satellite/centr        1    681    (0)  301  
  987   14.2  2.0  0.0  Sniffles2.INS.1BS30       1   337    (0) + ALR/Alpha      Satellite/centr        1    343    (0)  302  
  660   18.3  1.2  0.0  Sniffles2.INS.1BS6F       1   167    (2) C ALR/Alpha      Satellite/centr     (57)    168      1  303  
  294   20.9  0.0  0.0  Sniffles2.INS.1BS8        1    67    (1) + BSR/Beta       Satellite              3     69   (67)  304  
 1204   11.0  0.0  0.0  Sniffles2.INS.1BSBA       1   342    (0) C ALR/Alpha      Satellite/centr     (51)    342      1  305  
   50    0.0  0.0  2.0  Sniffles2.INS.1C0S24      1    50    (1) + (GGAG)n        Simple_repeat          1     49    (0)  306  
   17    9.1  0.0  0.0  Sniffles2.INS.1C3S0       1    24   (35) + (CT)n          Simple_repeat          1     24    (0)  307  
   28    0.0  0.0  0.0  Sniffles2.INS.1C3S0      33    59    (0) + (TTCC)n        Simple_repeat          1     27    (0)  308  
   89    1.2  2.3  0.0  Sniffles2.INS.1C4S37      1    87    (0) + (AT)n          Simple_repeat          1     89    (0)  309  
   32    0.0  4.3  2.1  Sniffles2.INS.1C7S5       1    47    (5) + (AAGA)n        Simple_repeat          1     48    (0)  310  
  117    0.0  2.7  0.0  Sniffles2.INS.1CCS24      1   110    (0) + (TA)n          Simple_repeat          1    113    (0)  311  
  377   19.4  4.2  0.0  Sniffles2.INS.1CS16      22    93  (129) + AluYk2         SINE/Alu             224    298   (13)  312  
   61    5.9  6.5  0.0  Sniffles2.INS.1CS16     107   213    (9) + (GAATCGAATG)n  Simple_repeat          1    114    (0)  313  
  340   14.3  0.0  0.0  Sniffles2.INS.1CS2B       3    51    (8) + Alu            SINE/Alu              92    140   (26)  314  
  797   18.0  0.0  0.0  Sniffles2.INS.1CS2F       2   171    (0) + ALR/Alpha      Satellite/centr        1    170    (0)  315  
 1060   14.5  0.0  0.0  Sniffles2.INS.1CS30       5   343    (0) + ALR/Alpha      Satellite/centr        1    339    (0)  316  
  641   15.1  3.0  1.0  Sniffles2.INS.1CS8        1   135    (1) + BSR/Beta       Satellite              1    137    (0)  317  
 1221   11.6  1.4  3.5  Sniffles2.INS.1D1S11     10  1793    (1) + HSATII         Satellite              1   1744    (1)  318  
   56    0.0  1.7  1.7  Sniffles2.INS.1D1S24      1    58    (0) + (AGAA)n        Simple_repeat          1     58    (0)  319  
 2898    1.9  0.3  0.0  Sniffles2.INS.1D4S0      21   337   (54) + AluYb8         SINE/Alu               1    318    (0)  320  
 1190   15.0  0.7  0.5  Sniffles2.INS.1D5S18      1  4100    (1) C ALR/Alpha      Satellite/centr     (31)   4108      1  321  
   54    0.0  0.0  0.0  Sniffles2.INS.1D6S24      1    46   (16) + (TA)n          Simple_repeat          1     46    (0)  322  
   29   15.0  0.0  1.8  Sniffles2.INS.1D6S5       1    56    (0) + GA-rich        Low_complexity         1     55    (0)  323  
   90   16.7  0.6  0.0  Sniffles2.INS.1D7S25     32   192    (5) + (ACC)n         Simple_repeat          1    162    (0)  324  
   97   14.0  1.2  1.2  Sniffles2.INS.1D8S22      1   172    (0) + (GGT)n         Simple_repeat          1    172    (0)  325  
  645   11.0  3.3  2.5  Sniffles2.INS.1D9S24      9   129    (2) C THE1B          LTR/ERVL-MaLR        (3)    361    240  326  
   30    4.0  9.8  0.0  Sniffles2.INS.1DAS5       3    53    (0) + (TA)n          Simple_repeat          1     56    (0)  327  
12793    1.5  0.3  0.1  Sniffles2.INS.1DBS37      1  1463 (1697) + L1P1           LINE/L1             3448   4912 (1234)  328  
 1106   14.3  0.8  0.4  Sniffles2.INS.1DBS37   1464  3160    (0) + ALR/Alpha      Satellite/centr        1   1704    (0)  329  
   31    9.6  0.0  0.0  Sniffles2.INS.1DCS22      5    49    (1) + (TA)n          Simple_repeat          1     45    (0)  330  
   57    1.8  0.0  0.0  Sniffles2.INS.1DDS22      7    62    (0) + (TATATTTATA)n  Simple_repeat          1     56    (0)  331  
  233    6.7  0.0  0.0  Sniffles2.INS.1DDS25     14    43    (2) C THE1C          LTR/ERVL-MaLR      (274)    101     72  332  
 1164   14.7  1.0  0.2  Sniffles2.INS.1DS2F       1  1358    (1) + ALR/Alpha      Satellite/centr        1   1369    (0)  333  
  961   13.4  0.3  0.0  Sniffles2.INS.1DS30       4   339    (2) + ALR/Alpha      Satellite/centr        1    337    (0)  334  
 1201   15.4  0.8  0.0  Sniffles2.INS.1DS65       1   341    (0) C ALR/Alpha      Satellite/centr     (41)    343      1  335  
  880   12.0  0.2  0.8  Sniffles2.INS.1DS8        1   274    (0) + BSR/Beta       Satellite              1    272    (0)  336  
   27   18.1  0.0  0.0  Sniffles2.INS.1DSBD       4    59    (1) + (TCCAT)n       Simple_repeat          1     56    (0)  337  
   63    2.8  0.0  0.0  Sniffles2.INS.1E0SBF      1    73    (1) + (A)n           Simple_repeat          1     73    (0)  338  
  959   10.2  0.0  0.0  Sniffles2.INS.1E2S11      1   128    (0) + L1P1           LINE/L1              772    899 (5256)  339  
 1142   15.1  0.6  0.0  Sniffles2.INS.1E2S37      1  1757 (3173) + ALR/Alpha      Satellite/centr        1   1766    (0)  340  
   48    2.1  0.0  0.0  Sniffles2.INS.1E2S37   1758  1805 (3125) + (T)n           Simple_repeat          1     48    (0)  341  
   15    0.0  0.0  0.0  Sniffles2.INS.1E2S37   1806  1824 (3106) + (ATT)n         Simple_repeat          1     19    (0)  342  
 8194    0.9  0.0  0.1  Sniffles2.INS.1E2S37   1825  3070 (1860) C L1HS           LINE/L1              (2)   6153   4909  343 *
16145    1.5  0.2  0.2  Sniffles2.INS.1E2S37   3069  4930    (0) + L1HS           LINE/L1             3050   4911 (1235)  343  
   17    0.0  0.0  0.0  Sniffles2.INS.1E3S25      1    19  (106) + (T)n           Simple_repeat          1     19    (0)  344  
  253   13.9  0.0  0.0  Sniffles2.INS.1E3S25     49    84   (41) C Alu            SINE/Alu            (97)     36      1  345  
   43    2.2  0.0  2.1  Sniffles2.INS.1E5S18      4    52    (0) + (CCTTT)n       Simple_repeat          1     48    (0)  346  
  650   24.0  4.4  2.5  Sniffles2.INS.1E7S0      14   171  (102) + SVA_D          Retroposon/SVA       151    311 (1075)  347 *
 1075    6.7  5.3  1.3  Sniffles2.INS.1E7S0      35   185   (88) C AluSx          SINE/Alu           (142)    160      4  348  
 1093   13.7  0.0  0.0  Sniffles2.INS.1E7S23      1   340    (2) + ALR/Alpha      Satellite/centr        1    340    (0)  349  
   40   37.4  0.7  0.0  Sniffles2.INS.1E7S6       2   151    (2) + (TCTCTC)n      Simple_repeat          1    151    (0)  350  
  246   10.5  6.8  1.5  Sniffles2.INS.1EDS22      1   504    (0) + (TATATAA)n     Simple_repeat          1    530    (0)  351  
   37   18.2  1.1  3.5  Sniffles2.INS.1EDS25      7    95    (2) + (TCCC)n        Simple_repeat          1     87    (0)  352  
  832   16.3  0.0  0.0  Sniffles2.INS.1ES2F       2   165    (2) + ALR/Alpha      Satellite/centr        1    164    (0)  353  
  767   17.6  0.0  0.4  Sniffles2.INS.1ES30       2   172    (0) + ALR/Alpha      Satellite/centr        1    170    (0)  354  
  770   19.1  6.7  1.7  Sniffles2.INS.1F1S5      69   292    (0) C L1MA6          LINE/L1              (0)   6300   6066  355  
   53    0.0  2.0  0.0  Sniffles2.INS.1F4S0       1    51    (0) + (TTCT)n        Simple_repeat          1     52    (0)  356  
   24   13.2  3.7  3.7  Sniffles2.INS.1F5S18      4    57    (0) + (TA)n          Simple_repeat          1     54    (0)  357  
  675   12.1  4.3  0.8  Sniffles2.INS.1F6S0       5   121    (8) C AluSx          SINE/Alu             (1)    301    181  358  
   48   14.4  4.2  4.2  Sniffles2.INS.1F8S18      1   118    (4) + (TA)n          Simple_repeat          1    118    (0)  359  
  985    6.9  0.0  0.0  Sniffles2.INS.1F9S24      1   116   (48) + AluY           SINE/Alu             175    290   (21)  360  
  294    6.2  0.0  2.1  Sniffles2.INS.1F9SBF      1    49    (1) C SVA_F          Retroposon/SVA     (627)    748    701  361  
 1407   11.2  0.4  0.2  Sniffles2.INS.1FCS11      1  1018    (1) + ALR/Alpha      Satellite/centr        1   1019    (0)  362  
   27   15.1  3.9  0.0  Sniffles2.INS.1FDSBF      2    53    (0) + (TA)n          Simple_repeat          1     54    (0)  363  
   51    2.0  0.0  0.0  Sniffles2.INS.1FES24      1    51    (0) + (AAGA)n        Simple_repeat          1     51    (0)  364  
  110   30.5  1.1  3.7  Sniffles2.INS.1FFSF      26   464   (10) + (ACCC)n        Simple_repeat          1    428    (0)  365  
   47   20.9  1.8  0.0  Sniffles2.INS.1FS17       1   110    (2) + (ATATATT)n     Simple_repeat          1    112    (0)  366  
  259   21.1  3.9  0.0  Sniffles2.INS.1FS2B       1    52    (0) + AluJb          SINE/Alu             236    289   (13)  367  
  921   15.6  1.7  0.0  Sniffles2.INS.1FS2F       1   337    (1) + ALR/Alpha      Satellite/centr        1    342    (0)  368  
  893   15.5  1.3  0.4  Sniffles2.INS.1FS30       4   335    (4) + ALR/Alpha      Satellite/centr        1    334    (0)  369  
 2690    0.4  0.0  0.0  Sniffles2.INS.1FS65      10   337    (0) C AluYa5         SINE/Alu             (0)    311      1  370  
  277   21.4  4.4  1.7  Sniffles2.INS.1FSBD      10   123    (1) + HSATII         Satellite             47    163    (7)  371  
   74   10.3 11.1  0.5  Sniffles2.INS.1S2A       19   198    (1) + (TCATT)n       Simple_repeat          1    199    (0)  372  
  742   15.6  0.0  0.0  Sniffles2.INS.1S2E        1   170    (0) C ALR/Alpha      Satellite/centr     (17)    170      1  373  
  259    5.6  0.0  0.0  Sniffles2.INS.1S32        1    36   (65) + L1MCa          LINE/L1             2065   2100 (4408)  374  
   73    1.5  0.0  0.0  Sniffles2.INS.1S33        1    69    (0) + (GAA)n         Simple_repeat          1     69    (0)  375  
  858   11.6  0.0  0.0  Sniffles2.INS.1S36        1   165    (6) C ALR/Alpha      Satellite/centr     (33)    165      1  376  
  951   14.2  0.6  0.0  Sniffles2.INS.1S5D        5   166    (4) + ALR/Alpha      Satellite/centr        1    163    (8)  377  
 1083   13.9  0.0  0.0  Sniffles2.INS.1S77        1   341    (1) + ALR/Alpha      Satellite/centr        1    341    (0)  378  
   55    0.0  0.0  0.0  Sniffles2.INS.1SA         1    47    (7) + (TA)n          Simple_repeat          1     47    (0)  379  
   14   12.8  5.9  0.0  Sniffles2.INS.1SA6        1    34   (57) + (AATT)n        Simple_repeat          1     36    (0)  380  
  251   15.2  0.0  0.0  Sniffles2.INS.1SA6       45    90    (1) + Tigger1        DNA/TcMar-Tigger    2230   2275  (143)  381  
   50   12.4  0.0  0.0  Sniffles2.INS.1SA7        2    89    (9) + (TC)n          Simple_repeat          1     88    (0)  382  
  979    8.4  0.7  0.0  Sniffles2.INS.200S25      1   132    (1) C AluY           SINE/Alu            (82)    220      1  383  
 1399   10.3  0.5  0.4  Sniffles2.INS.202S11      7   339    (1) + ALR/Alpha      Satellite/centr        1    333    (2)  384  
  911   22.7  2.1  0.4  Sniffles2.INS.202S24     15   257    (1) C L1MEf          LINE/L1           (4520)   1680   1434  385  
 1224   11.2  0.3  0.0  Sniffles2.INS.204S11      1   340    (0) + ALR/Alpha      Satellite/centr        1    340    (0)  386  
  321    4.0  2.0  2.0  Sniffles2.INS.205S24      1    51    (3) + SVA_B          Retroposon/SVA       185    235 (1148)  387  
 1233   12.7  1.0  0.0  Sniffles2.INS.206S11      3   673    (3) + ALR/Alpha      Satellite/centr        1    677    (4)  388  
  404   17.9  8.0  7.8  Sniffles2.INS.207SC0      7   542    (1) C HSATII         Satellite            (4)    537      1  389  
   25   12.3  2.2  0.0  Sniffles2.INS.208S24      3    48    (0) + (GAAG)n        Simple_repeat          1     47    (0)  390  
  246   15.1  7.4  1.8  Sniffles2.INS.208S25     13    66    (0) + FRAM           SINE/Alu              13     69   (97)  391  
  105    0.0  0.0  0.0  Sniffles2.INS.208S6       1    92    (0) + (G)n           Simple_repeat          1     92    (0)  392  
 1354   11.1  1.2  0.0  Sniffles2.INS.209S11      1   336    (1) + ALR/Alpha      Satellite/centr        1    340    (1)  393  
  363    7.4  0.0  3.7  Sniffles2.INS.209S18      1    56    (0) + L1P5           LINE/L1             5455   5508  (643)  394  
  434    7.1  0.0  0.0  Sniffles2.INS.209S25      1    56    (3) C HERVI-int      LTR/ERV1          (5621)   2163   2108  395  
 1066   11.8  0.3  0.0  Sniffles2.INS.20BS11      1   336    (4) + ALR/Alpha      Satellite/centr        1    336    (0)  396  
 1377   12.4  0.2  0.0  Sniffles2.INS.20ES11      1   679    (1) + ALR/Alpha      Satellite/centr        1    680    (0)  397  
  144   12.2  8.4  2.1  Sniffles2.INS.20FS0       1   355    (8) + (AC)n          Simple_repeat          1    377    (0)  398  
 1254   12.9  0.5  0.0  Sniffles2.INS.20FS11      1   674    (4) + ALR/Alpha      Satellite/centr        1    677    (2)  399  
  811    2.1  0.0  0.0  Sniffles2.INS.20FS5       1    93    (3) C L1PA3          LINE/L1            (248)   5907   5815  400  
  266   22.2  0.0  0.0  Sniffles2.INS.20S2B       1    54    (0) + Alu            SINE/Alu             234    287   (14)  401  
 1196   14.2  0.5  0.0  Sniffles2.INS.20S2F       1   678    (1) + ALR/Alpha      Satellite/centr        1    681    (0)  402  
  797   17.6  0.0  0.0  Sniffles2.INS.20S30       2   171    (0) + ALR/Alpha      Satellite/centr        1    170    (0)  403  
 1166   13.2  0.3  0.2  Sniffles2.INS.20S65       1   341    (0) C ALR/Alpha      Satellite/centr     (17)    341      1  404  
  431   18.2  4.1  8.2  Sniffles2.INS.20SBD       2   908    (2) + HSATII         Satellite              1    869    (7)  405  
 1239   12.3  0.2  0.2  Sniffles2.INS.212S11      2   680    (1) + ALR/Alpha      Satellite/centr        1    678    (0)  406  
 1153   13.5  0.2  0.5  Sniffles2.INS.213S11      1   341    (1) + ALR/Alpha      Satellite/centr        1    340    (4)  407  
 1084   10.6  0.3  1.6  Sniffles2.INS.215S11     10   344    (0) + ALR/Alpha      Satellite/centr        1    330    (0)  408  
   46   14.4  4.5  0.0  Sniffles2.INS.216S25      1    88    (0) + GA-rich        Low_complexity         1     92    (0)  409  
  534   30.1  0.0  3.3  Sniffles2.INS.217S25     19    36  (140) + SVA_A          Retroposon/SVA        20    172 (1215)  410  
 1158    7.9  0.0  0.0  Sniffles2.INS.217S25     37   176    (0) C AluSg          SINE/Alu            (10)    300    161  411  
 1240   12.6  0.4  0.4  Sniffles2.INS.218S11      1   339    (3) + ALR/Alpha      Satellite/centr        1    338    (0)  412  
  318    0.0  0.0  2.7  Sniffles2.INS.218S22     20    57    (0) C L1M1           LINE/L1           (5729)   1836   1800  413  
  216   24.3  0.7  2.4  Sniffles2.INS.218S24     14   573    (2) + (ACC)n         Simple_repeat          1    551    (0)  414  
  264   25.6  3.6  1.2  Sniffles2.INS.218S25      2    84  (255) C MIRc           SINE/MIR           (130)    138     54  415  
  511   18.2  6.2  8.0  Sniffles2.INS.218SC0      1   659    (0) C HSATII         Satellite            (6)    647      1  416  
 1270   13.9  0.9  0.1  Sniffles2.INS.219S11      7   677    (4) + ALR/Alpha      Satellite/centr        1    676    (4)  417  
  472    3.3  0.0  6.5  Sniffles2.INS.219S6       1    98    (1) C SVA_F          Retroposon/SVA     (612)    763    672  418  
 1402   10.9  0.5  0.0  Sniffles2.INS.21AS11      1   339    (1) + ALR/Alpha      Satellite/centr        1    340    (1)  419  
  487    5.4  1.0  5.3  Sniffles2.INS.21BS6       1    98    (0) C SVA_F          Retroposon/SVA     (624)    751    658  420  
   17    6.7 14.9  0.0  Sniffles2.INS.21CS24    282   328   (15) + (CATCCA)n      Simple_repeat          1     54    (0)  421  
   88   17.7  0.0  0.6  Sniffles2.INS.21CS25      1   167    (1) + (TGG)n         Simple_repeat          1    166    (0)  422  
  471   16.8  6.6 10.3  Sniffles2.INS.21ESC0      9   659    (0) C HSATII         Satellite            (4)    627      1  423  
  279   20.0  7.1  0.0  Sniffles2.INS.21S0        3    72    (5) + L1PA10         LINE/L1             5957   6031  (137)  424  
   26    6.2  0.0  0.0  Sniffles2.INS.21S16      19    52   (19) + (TGGAA)n       Simple_repeat          1     34    (0)  425  
 1181   14.9  3.8  0.0  Sniffles2.INS.21S2F       6  1359    (1) + ALR/Alpha      Satellite/centr        1   1404    (0)  426  
 1073   14.7  0.0  0.0  Sniffles2.INS.21S30       1   341    (1) + ALR/Alpha      Satellite/centr        1    341    (1)  427  
  144    5.1  9.0  0.4  Sniffles2.INS.21S31       1   245    (0) + (TA)n          Simple_repeat          1    266    (0)  428  
   27    3.3  0.0  0.0  Sniffles2.INS.21S5D       3    33   (17) + (AATGG)n       Simple_repeat          1     31    (0)  429  
   30   12.9  0.0  0.0  Sniffles2.INS.220S25      1    51    (0) + (TGG)n         Simple_repeat          1     51    (0)  430  
   35    9.8  0.0  0.0  Sniffles2.INS.221S25      1    55    (8) + (GGT)n         Simple_repeat          1     55    (0)  431  
 1270   13.5  0.8  0.0  Sniffles2.INS.223S11      9   679    (3) + ALR/Alpha      Satellite/centr        1    676    (2)  432  
  309   14.1  1.4  1.3  Sniffles2.INS.224S25      1   555    (0) + (GGT)n         Simple_repeat          1    556    (0)  433  
  521    2.9  1.4  1.4  Sniffles2.INS.227S5       1    69    (0) C L1P3           LINE/L1            (372)   5782   5714  434  
   96    9.2  5.0  0.5  Sniffles2.INS.22AS37      9   206    (0) + (TA)n          Simple_repeat          1    207    (0)  435  
  183   34.0 11.7  0.9  Sniffles2.INS.22CS0     275   470  (189) + L2             LINE/L2             2698   2914  (505)  436  
   16   17.4  8.3  1.6  Sniffles2.INS.22CS37     11    70    (0) + (TTATA)n       Simple_repeat          1     64    (0)  437  
   52    6.6  0.0  0.0  Sniffles2.INS.22ES0       4    68    (1) + (TGG)n         Simple_repeat          1     65    (0)  438  
  953   13.6  3.1  3.4  Sniffles2.INS.22S15       1   312    (2) + HSATII         Satellite              1    310    (0)  439  
  336   10.2  2.0  0.0  Sniffles2.INS.22S23       3    51   (63) C Alu            SINE/Alu            (58)    244    195  440  
  441   10.3  0.0  0.0  Sniffles2.INS.22S23      56   113    (1) C FRAM           SINE/Alu            (10)    166    109  441  
 1207   14.2  1.0  0.3  Sniffles2.INS.22S2F       1  2032    (7) + ALR/Alpha      Satellite/centr        1   2045    (0)  442  
 1073   13.9  3.1  0.1  Sniffles2.INS.22S30       1   676    (3) + ALR/Alpha      Satellite/centr        1    696    (0)  443  
   24   25.9  0.0  0.0  Sniffles2.INS.231SF       1    56    (0) + (AT)n          Simple_repeat          1     56    (0)  444  
 1191   14.4  0.4  0.0  Sniffles2.INS.236S11      1   339    (0) + ALR/Alpha      Satellite/centr        1    340    (2)  445  
 1066   11.5  0.3  0.0  Sniffles2.INS.237S11      1   336    (4) + ALR/Alpha      Satellite/centr        1    336    (0)  446  
   43   10.7  6.0  1.1  Sniffles2.INS.237S24      1    83    (2) + (AT)n          Simple_repeat          1     87    (0)  447  
 1210   13.2  0.5  0.0  Sniffles2.INS.238S11      1   339    (1) + ALR/Alpha      Satellite/centr        1    340    (2)  448  
 1429   12.1  0.4  0.2  Sniffles2.INS.23AS11      9   340    (0) + ALR/Alpha      Satellite/centr        1    332    (0)  449  
 1210   13.5  0.5  0.0  Sniffles2.INS.23BS11      1   341    (0) + ALR/Alpha      Satellite/centr        1    342    (2)  450  
 1402   12.1  0.2  0.0  Sniffles2.INS.23FS11      1   679    (1) + ALR/Alpha      Satellite/centr        1    680    (2)  451  
   33   11.1  5.9  0.0  Sniffles2.INS.23FS24      1    68    (0) + (ATATATT)n     Simple_repeat          1     72    (0)  452  
  752   11.2  2.6  0.0  Sniffles2.INS.23S15       1   116    (2) + HSATII         Satellite              3    121   (49)  453  
  914   16.2  0.0  0.0  Sniffles2.INS.23S30       1   340    (2) + ALR/Alpha      Satellite/centr        1    340    (0)  454  
 1183    0.0  0.0  0.0  Sniffles2.INS.245S24      1   124    (0) + AluYa5         SINE/Alu              17    140  (171)  455  
 1212   14.1  0.5  0.1  Sniffles2.INS.246S11      1  1017    (3) + ALR/Alpha      Satellite/centr        1   1020    (4)  456  
 1407   12.0  0.4  0.0  Sniffles2.INS.247S11      3   337    (3) + ALR/Alpha      Satellite/centr        1    336    (2)  457  
 1177   14.2  0.5  0.1  Sniffles2.INS.247S33      5  1188    (2) + ALR/Alpha      Satellite/centr        1   1188    (0)  458  
 1063   15.0  0.3  0.0  Sniffles2.INS.248S11      4   340    (0) + ALR/Alpha      Satellite/centr        1    338    (0)  459  
 1427   12.2  0.4  0.2  Sniffles2.INS.249S11      1   340    (0) + ALR/Alpha      Satellite/centr        1    340    (2)  460  
  621    8.1  0.0  0.0  Sniffles2.INS.249S6       1    86   (87) C HERVS71-int    LTR/ERV1          (8702)    276    191  461  
  612    5.8  0.0  1.2  Sniffles2.INS.249S6      87   173    (0) C HERVS71-int    LTR/ERV1          (8702)    276    191  461  
 1407   11.9  0.3  0.0  Sniffles2.INS.24AS11      1   679    (0) + ALR/Alpha      Satellite/centr        1    681    (2)  462  
 1143   12.6  0.3  0.4  Sniffles2.INS.24BS11      4   342    (3) + ALR/Alpha      Satellite/centr        1    338    (0)  463  
 1063   14.2  0.2  0.0  Sniffles2.INS.24CS11      1   341    (0) + ALR/Alpha      Satellite/centr        1    341    (0)  464  
  184   12.5  0.0  0.0  Sniffles2.INS.24CS24     72   103  (336) + L2d2           LINE/L2             3158   3189  (275)  465  
  184   12.5  0.0  0.0  Sniffles2.INS.24CS24    148   179  (260) + L2d2           LINE/L2             3158   3189  (275)  465  
   44   19.5  5.2  5.8  Sniffles2.INS.24CS5       2   175    (2) + GA-rich        Low_complexity         1    173    (0)  466  
 2597   19.2  1.6  0.4  Sniffles2.INS.24CSF       1   502  (155) C L1MB5          LINE/L1            (153)   6021   5514  467  
 1239   12.7  0.2  0.0  Sniffles2.INS.24DS11      1  1017    (3) + ALR/Alpha      Satellite/centr        1   1019    (0)  468  
   93    1.9  4.7  0.0  Sniffles2.INS.24DSBF      1   106    (0) + (TA)n          Simple_repeat          1    111    (0)  469  
  806   14.8  0.0  0.0  Sniffles2.INS.24ES11      1   172    (0) + ALR/Alpha      Satellite/centr        1    172    (0)  470  
   19   30.9  4.4  3.7  Sniffles2.INS.24ES18      1   135   (17) + (GTCTCT)n      Simple_repeat          1    136    (0)  471  
 1062   10.9  0.3  0.0  Sniffles2.INS.24FS11      1   336    (4) + ALR/Alpha      Satellite/centr        1    336    (2)  472  
 1032   16.3  0.0  0.3  Sniffles2.INS.24S2F       1   341    (1) + ALR/Alpha      Satellite/centr        1    340    (0)  473  
 1018   15.0  0.3  0.3  Sniffles2.INS.24SB0       4   512    (0) + ALR/Alpha      Satellite/centr        1    509    (0)  474  
  409   16.3  5.3  7.5  Sniffles2.INS.24SBD       7   299   (14) + HSATII         Satellite              1    286    (4)  475  
  771   14.7  0.0  0.0  Sniffles2.INS.250S11      1   169    (2) + ALR/Alpha      Satellite/centr        1    169    (1)  476  
 1427   11.8  0.4  0.0  Sniffles2.INS.251S11      3   338    (0) + ALR/Alpha      Satellite/centr        1    337    (2)  477  
 1407   11.1  0.5  0.0  Sniffles2.INS.253S11      1   339    (1) + ALR/Alpha      Satellite/centr        1    340    (1)  478  
   23    8.3  0.0  4.9  Sniffles2.INS.254S5       3    45    (1) + (CTTT)n        Simple_repeat          1     41    (0)  479  
  771   14.7  0.0  0.0  Sniffles2.INS.255S11      1   169    (2) + ALR/Alpha      Satellite/centr        1    169    (1)  480  
   21    9.5  3.9  5.9  Sniffles2.INS.255S22      3    55    (0) + (TTCT)n        Simple_repeat          1     51    (0)  481  
   44   13.3  1.2  2.4  Sniffles2.INS.256S0       5    90    (1) + G-rich         Low_complexity         1     85    (0)  482  
  771   14.7  0.0  0.0  Sniffles2.INS.256S11      1   169    (2) + ALR/Alpha      Satellite/centr        1    169    (1)  483  
   26   14.6  5.3  1.7  Sniffles2.INS.256S5       1    57    (0) + (CT)n          Simple_repeat          1     59    (0)  484  
  602   12.9  9.2  1.5  Sniffles2.INS.25BS22      2  1521    (0) + A-rich         Low_complexity         1   1636    (0)  485  
   23   11.4  2.6  0.0  Sniffles2.INS.25BSF       5    42    (3) + (CT)n          Simple_repeat          1     39    (0)  486  
   47    6.2  9.5  0.0  Sniffles2.INS.25CS18      1    84    (0) + (TA)n          Simple_repeat          1     92    (0)  487  
 1164   15.7  0.7  0.0  Sniffles2.INS.25DS11     10   338    (1) + ALR/Alpha      Satellite/centr        1    331    (2)  488  
 1209   13.4  0.7  0.0  Sniffles2.INS.25ES11      1   335    (3) + ALR/Alpha      Satellite/centr        1    337    (0)  489  
  373    6.2  4.2  0.0  Sniffles2.INS.25S25      31    78  (260) + MLT1D          LTR/ERVL-MaLR          1     50  (455)  490  
  272   10.4  3.9  6.0  Sniffles2.INS.25S25      80   130  (208) + MLT1D          LTR/ERVL-MaLR          1     50  (455)  490  
  333   10.4  4.2  0.0  Sniffles2.INS.25S25     132   179  (159) + MLT1D          LTR/ERVL-MaLR          1     50  (455)  490  
  373    6.2  4.2  0.0  Sniffles2.INS.25S25     181   228  (110) + MLT1D          LTR/ERVL-MaLR          1     50  (455)  490  
  286    7.5  7.5  0.0  Sniffles2.INS.25S25     233   272   (66) + MLT1D          LTR/ERVL-MaLR          8     50  (455)  490  
 1087   15.7  0.7  0.0  Sniffles2.INS.25S2F      11   678    (0) + ALR/Alpha      Satellite/centr        1    672    (0)  491  
  976   14.8  0.0  0.0  Sniffles2.INS.25S30       1   331   (10) + ALR/Alpha      Satellite/centr        1    331    (0)  492  
  273   19.1  3.2  0.0  Sniffles2.INS.25S8        3    65    (1) C BSR/Beta       Satellite           (69)     67      3  493  
   27   24.1  0.0  0.0  Sniffles2.INS.25SBD       6    73    (7) + (TCCAT)n       Simple_repeat          1     68    (0)  494  
 1402   12.4  0.2  0.0  Sniffles2.INS.262S11      1   679    (1) + ALR/Alpha      Satellite/centr        1    680    (2)  495  
 1220   13.0  0.5  0.0  Sniffles2.INS.265S11      7   338    (2) + ALR/Alpha      Satellite/centr        1    333    (2)  496  
 1251   12.7  0.8  0.0  Sniffles2.INS.26BS11      7   674    (3) + ALR/Alpha      Satellite/centr        1    673    (4)  497  
 1229   15.7  0.7  0.0  Sniffles2.INS.26CS11      9   338    (1) + ALR/Alpha      Satellite/centr        1    332    (2)  498  
 1311   11.8  4.1  0.0  Sniffles2.INS.26FS0       2   196  (262) C LTR5B          LTR/ERVK           (206)    796    594  499  
  490    9.1  0.0  1.5  Sniffles2.INS.26FS0     194   260  (198) + tRNA-Lys-AAG   tRNA                  11     76    (0)  500 *
 1391    6.7  4.6  0.5  Sniffles2.INS.26FS0     263   457    (1) C LTR5B          LTR/ERVK             (0)   1002    800  501  
 1314   12.2  0.4  0.0  Sniffles2.INS.26FS11      1   339    (1) + ALR/Alpha      Satellite/centr        1    340    (2)  502  
  342   10.4  4.2  0.0  Sniffles2.INS.26S25      31    78  (454) + MLT1D          LTR/ERVL-MaLR          1     50  (455)  503  
  289    8.5  6.2  2.0  Sniffles2.INS.26S25     131   178  (354) + MLT1D          LTR/ERVL-MaLR          1     50  (455)  504  
  373    6.2  4.2  0.0  Sniffles2.INS.26S25     180   227  (305) + MLT1D          LTR/ERVL-MaLR          1     50  (455)  504  
  286    7.5  7.5  0.0  Sniffles2.INS.26S25     232   271  (261) + MLT1D          LTR/ERVL-MaLR          8     50  (455)  504  
  313   12.5  4.2  0.0  Sniffles2.INS.26S25     309   356  (176) + MLT1D          LTR/ERVL-MaLR          1     50  (455)  505  
  349    6.4  4.3  0.0  Sniffles2.INS.26S25     358   404  (128) + MLT1D          LTR/ERVL-MaLR          1     49  (456)  505  
  331    6.4  0.0  8.5  Sniffles2.INS.26S25     458   508   (24) + MLT1D          LTR/ERVL-MaLR          4     50  (455)  506  
 1021   17.2  0.0  0.0  Sniffles2.INS.26S2F       6   341    (1) + ALR/Alpha      Satellite/centr        1    336    (0)  507  
  981   17.8  0.0  0.3  Sniffles2.INS.26S30       1   341    (1) + ALR/Alpha      Satellite/centr        1    340    (0)  508  
  392   16.7  0.0  0.0  Sniffles2.INS.26S8        1    66    (0) C BSR/Beta       Satellite           (15)    121     56  509  
 1407   11.1  0.3  0.0  Sniffles2.INS.270S11      1   674    (6) + ALR/Alpha      Satellite/centr        1    676    (2)  510  
  970   16.6  0.0  0.0  Sniffles2.INS.272S11      8   170    (0) + ALR/Alpha      Satellite/centr        2    164    (7)  511  
 1164   12.1  0.3  0.3  Sniffles2.INS.272S33      3   681    (0) + ALR/Alpha      Satellite/centr        1    678    (0)  512  
 1354   11.1  1.2  0.0  Sniffles2.INS.273S11      1   336    (1) + ALR/Alpha      Satellite/centr        1    340    (1)  513  
   18   16.1  4.8  0.0  Sniffles2.INS.273SF       1    42    (7) + (CGC)n         Simple_repeat          1     44    (0)  514  
 1077   12.9  0.0  0.0  Sniffles2.INS.274S11      1   170    (0) + ALR/Alpha      Satellite/centr        1    170    (0)  515  
   31   13.4  3.5  0.0  Sniffles2.INS.274S37      1    57    (5) + (AT)n          Simple_repeat          1     59    (0)  516  
 1403   10.9  1.0  0.0  Sniffles2.INS.275S11      1   337    (0) + ALR/Alpha      Satellite/centr        1    340    (1)  517  
 1097   11.8  0.0  1.2  Sniffles2.INS.276S11      1   171    (1) + ALR/Alpha      Satellite/centr        3    171    (0)  518  
 1227   10.7  0.4  0.0  Sniffles2.INS.277S11      1   339    (0) + ALR/Alpha      Satellite/centr        1    340    (2)  519  
   41   23.1  1.1  0.0  Sniffles2.INS.279S37      1    90    (1) + (TA)n          Simple_repeat          1     91    (0)  520  
  411   16.8  5.3  0.0  Sniffles2.INS.27BS37     18   112    (2) C L1MD           LINE/L1            (909)   5237   5138  521  
 1062   12.5  0.1  0.0  Sniffles2.INS.27CS11      1   339    (0) + ALR/Alpha      Satellite/centr        1    339    (0)  522  
   31    8.2  5.8  0.0  Sniffles2.INS.27DS2       1    52    (0) + (TA)n          Simple_repeat          1     55    (0)  523  
  243   21.4  2.4  6.7  Sniffles2.INS.27S16       9   133  (635) C HSATII         Satellite            (4)    166     47  524  
  109   23.4  0.8  0.4  Sniffles2.INS.27S16     154   411  (357) + (AGTGG)n       Simple_repeat          1    259    (0)  525  
  418   18.4  5.0  6.5  Sniffles2.INS.27S16     412   729   (39) C HSATII         Satellite            (7)    313      1  526  
  254   20.0  0.0  0.0  Sniffles2.INS.27S2B       1    40   (10) + AluYg6         SINE/Alu             228    267   (44)  527  
 1196   14.0  0.5  0.1  Sniffles2.INS.27S2F       4  1702    (0) + ALR/Alpha      Satellite/centr        1   1704    (0)  528  
 1069   15.4  1.7  0.0  Sniffles2.INS.27S30       2   337    (1) + ALR/Alpha      Satellite/centr        1    341    (0)  529  
  756   12.0  1.3 11.2  Sniffles2.INS.27S8        2   206    (0) C BSR/Beta       Satellite           (40)    184      1  530  
  350   16.2  0.0  1.5  Sniffles2.INS.27SBD       1    69    (0) + BSR/Beta       Satellite             52    119   (17)  531  
  842   14.9  0.0  0.0  Sniffles2.INS.282S11      1   170    (0) + ALR/Alpha      Satellite/centr        1    170    (0)  532  
 1407   11.4  0.5  0.0  Sniffles2.INS.283S11      1   677    (0) + ALR/Alpha      Satellite/centr        1    680    (0)  533  
  800   13.9  0.0  0.0  Sniffles2.INS.284S11      1   169    (2) + ALR/Alpha      Satellite/centr        1    169    (1)  534  
   56    6.9  6.3  7.9  Sniffles2.INS.284S5       1   142    (1) + (TA)n          Simple_repeat          1    140    (0)  535  
  771   14.7  0.0  0.0  Sniffles2.INS.285S11      1   169    (2) + ALR/Alpha      Satellite/centr        1    169    (1)  536  
 1225   13.5  0.6  0.3  Sniffles2.INS.285S31      2  2842    (0) C ALR/Alpha      Satellite/centr      (0)   2848      1  537  
 1062   10.9  0.3  0.2  Sniffles2.INS.286S11      1   337    (4) + ALR/Alpha      Satellite/centr        1    337    (2)  538  
   32    2.2  4.1  2.0  Sniffles2.INS.286S5       1    49    (1) + (AAAG)n        Simple_repeat          1     50    (0)  539  
  800   13.9  0.0  0.0  Sniffles2.INS.287S11      1   169    (2) + ALR/Alpha      Satellite/centr        1    169    (1)  540  
  771   14.7  0.0  0.0  Sniffles2.INS.288S11      1   169    (2) + ALR/Alpha      Satellite/centr        1    169    (1)  541  
 1352    9.6  0.3  0.0  Sniffles2.INS.289S11      1   340    (1) + ALR/Alpha      Satellite/centr        1    340    (2)  542  
 1077   12.9  0.0  0.0  Sniffles2.INS.28BS11      1   170    (0) + ALR/Alpha      Satellite/centr        1    170    (0)  543  
  776   15.5  0.0  0.0  Sniffles2.INS.28CS11      1   170    (0) + ALR/Alpha      Satellite/centr        1    170    (1)  544  
 1407   11.4  0.4  0.0  Sniffles2.INS.28ES11      1   340    (0) + ALR/Alpha      Satellite/centr        1    341    (2)  545  
 3009    0.3  0.0  0.0  Sniffles2.INS.28S0       19   334    (0) + AluYb8         SINE/Alu               1    316    (2)  546  
   20   20.6  3.1  3.1  Sniffles2.INS.28S2B       1    65    (0) + (TGGAG)n       Simple_repeat          1     65    (0)  547  
  797   17.6  0.0  0.0  Sniffles2.INS.28S30       2   171    (0) + ALR/Alpha      Satellite/centr        1    170    (0)  548  
   27    7.9  0.0  0.0  Sniffles2.INS.28S58       1    40   (15) + (GGAAT)n       Simple_repeat          1     40    (0)  549  
  432   14.1  0.0  0.0  Sniffles2.INS.28S8        2    65    (0) C BSR/Beta       Satellite           (37)     99     36  550  
  255   15.9  0.0  0.0  Sniffles2.INS.28SBD       3    46   (49) + BSR/Beta       Satellite             26     69   (67)  551  
  220    3.9  0.8  0.0  Sniffles2.INS.292S24      1   237    (1) + (TGTGGAGGGG)n  Simple_repeat          1    239    (0)  552  
 1270   13.5  0.8  0.0  Sniffles2.INS.295S11      7   677    (3) + ALR/Alpha      Satellite/centr        1    676    (4)  553  
  259   11.4  0.0  0.0  Sniffles2.INS.295SF      86   120   (65) C Alu            SINE/Alu            (93)     40      6  554  
   71   19.5  3.7  2.1  Sniffles2.INS.296S18      1   187   (59) + GA-rich        Low_complexity         1    190    (0)  555  
   49    1.9  1.9  0.0  Sniffles2.INS.296S18    188   240    (6) + (GGAGGAGGG)n   Simple_repeat          1     54    (0)  556  
 1066   11.5  0.3  0.0  Sniffles2.INS.297S11      1   336    (4) + ALR/Alpha      Satellite/centr        1    336    (0)  557  
 1229   14.7  0.7  0.0  Sniffles2.INS.298S11      9   338    (1) + ALR/Alpha      Satellite/centr        1    332    (2)  558  
  701   14.5  0.8  0.8  Sniffles2.INS.299S11      1   169    (2) + ALR/Alpha      Satellite/centr        1    169    (1)  559  
  930    1.7  0.8  0.0  Sniffles2.INS.299S22      7   125    (4) + SVA_B          Retroposon/SVA        64    183 (1200)  560  
 1236   15.3  0.7  0.0  Sniffles2.INS.29CS11      8   337    (1) + ALR/Alpha      Satellite/centr        1    332    (2)  561  
   59    0.0  0.0  0.0  Sniffles2.INS.29CSF       1    50    (0) + (AT)n          Simple_repeat          1     50    (0)  562  
 1058   12.5  1.1  0.0  Sniffles2.INS.29DS11      1   337    (0) + ALR/Alpha      Satellite/centr        1    340    (0)  563  
   24    0.0  0.0  0.0  Sniffles2.INS.29DS22     22    47    (8) + (A)n           Simple_repeat          1     26    (0)  564  
  771   14.7  0.0  0.0  Sniffles2.INS.29FS11      1   169    (2) + ALR/Alpha      Satellite/centr        1    169    (1)  565  
   28   15.4 11.1  0.0  Sniffles2.INS.29FS37      2    82    (0) + (AT)n          Simple_repeat          1     90    (0)  566  
 2945    0.6  0.0  0.0  Sniffles2.INS.29S14      17   327   (10) + AluYa5         SINE/Alu               1    311    (0)  567  
   47    0.0  2.2  0.0  Sniffles2.INS.29S17       1    46   (13) + (CTTT)n        Simple_repeat          1     47    (0)  568  
  106    5.0  2.7  5.0  Sniffles2.INS.29S23       1   183    (0) + (CCTCTC)n      Simple_repeat          1    179    (0)  569  
  276   15.0  0.0  0.0  Sniffles2.INS.29S2B       1    40    (5) + FRAM           SINE/Alu             105    144   (32)  570  
 1109   13.4  1.3  0.0  Sniffles2.INS.29S2F       1   337    (1) + ALR/Alpha      Satellite/centr        1    341    (0)  571  
  530    7.4  0.0  1.5  Sniffles2.INS.29S8        1    69    (0) C BSR/Beta       Satellite           (52)     84     17  572  
  427   12.3  1.5  0.0  Sniffles2.INS.29SBD       1    65    (2) + BSR/Beta       Satellite             43    108   (28)  573  
 1231   12.3  0.4  0.0  Sniffles2.INS.2A1S11      1   678    (0) + ALR/Alpha      Satellite/centr        1    680    (2)  574  
   27   17.3  0.0  0.0  Sniffles2.INS.2A7S0      55   101    (0) + A-rich         Low_complexity         1     47    (0)  575  
 1353   13.2  0.2  0.0  Sniffles2.INS.2A7S11      1   679    (1) + ALR/Alpha      Satellite/centr        1    680    (2)  576  
 1349   12.8  0.2  0.1  Sniffles2.INS.2A8S11      2   679    (1) + ALR/Alpha      Satellite/centr        1    678    (0)  577  
 1319   13.7  0.7  0.0  Sniffles2.INS.2AAS11      1  1011    (4) + ALR/Alpha      Satellite/centr        1   1017    (0)  578  
  543   20.6  1.0  0.0  Sniffles2.INS.2AAS2       1    97   (41) C AluJb          SINE/Alu            (94)    218    121  579  
  257   31.5  0.0 11.3  Sniffles2.INS.2AAS2      21   138    (0) + SVA_E          Retroposon/SVA       131    236 (1146)  580 *
   29   13.0  9.0  0.0  Sniffles2.INS.2ABS37      1    67    (0) + (AT)n          Simple_repeat          1     73    (0)  581  
  254   11.7  0.0  4.7  Sniffles2.INS.2ACSBF      9    53   (35) + L1P3           LINE/L1             2701   2743 (3403)  582  
   16   14.4  0.0  7.3  Sniffles2.INS.2ACSF       3    48    (4) + (ATAA)n        Simple_repeat          1     42    (0)  583  
 1227   13.4  0.7  0.2  Sniffles2.INS.2ADS11      1  1013    (2) + ALR/Alpha      Satellite/centr        1   1018    (0)  584  
  941    3.2  2.4  0.0  Sniffles2.INS.2ADS37      1   123  (165) + L1P3           LINE/L1             5239   5364  (782)  585  
  559    8.6  0.3  0.3  Sniffles2.INS.2ADS37    200   288    (0) + L1P3           LINE/L1             5151   5239  (907)  586  
  199    5.8  0.0  2.5  Sniffles2.INS.2AS23       1   282    (0) + (CCTCTC)n      Simple_repeat          1    275    (0)  587  
  302   17.5  1.3  3.2  Sniffles2.INS.2AS25       1   159   (11) + HERVIP10FH-int LTR/ERV1             811    966 (4136)  588  
  338   21.8  0.0  0.0  Sniffles2.INS.2AS2B      22    76    (1) + Alu            SINE/Alu              90    144   (22)  589  
 1075   15.3  1.1  0.1  Sniffles2.INS.2AS30       1   679    (1) + ALR/Alpha      Satellite/centr        1    685    (0)  590  
 2058    0.9  0.0  0.5  Sniffles2.INS.2ASBD       1   224   (10) + AluYa5         SINE/Alu              79    301   (10)  591  
   27    9.5  4.4  0.0  Sniffles2.INS.2B0S0       1    45    (5) + (AT)n          Simple_repeat          1     47    (0)  592  
   56    8.3  1.3  0.0  Sniffles2.INS.2B0S2       1    78    (0) + (AT)n          Simple_repeat          1     79    (0)  593  
  481   18.1  3.6  0.1  Sniffles2.INS.2B1S0       1  1012    (0) + (TA)n          Simple_repeat          1   1047    (0)  594  
   53    0.0  3.6  0.0  Sniffles2.INS.2B2S37      2    56    (0) + (TTTC)n        Simple_repeat          1     57    (0)  595  
   17   21.6  3.5  7.2  Sniffles2.INS.2B8S18     23   108  (109) + (GGAT)n        Simple_repeat          1     83    (0)  596  
 1190   13.0  0.5  0.4  Sniffles2.INS.2B9S11      7   339    (2) + ALR/Alpha      Satellite/centr        1    333    (2)  597  
 1034   12.4  0.6  0.0  Sniffles2.INS.2BAS33      4   172    (0) + ALR/Alpha      Satellite/centr        1    170    (1)  598  
 1220   13.0  0.5  0.0  Sniffles2.INS.2BBS11      7   338    (2) + ALR/Alpha      Satellite/centr        1    333    (2)  599  
  254   21.9  6.2  0.0  Sniffles2.INS.2BBSBF      9    72    (1) + MLT1D          LTR/ERVL-MaLR        113    180  (325)  600  
 1220   13.0  0.5  0.0  Sniffles2.INS.2BCS11      7   338    (2) + ALR/Alpha      Satellite/centr        1    333    (2)  601  
  576    1.3  0.0  0.0  Sniffles2.INS.2BCS2       1    76    (0) + SVA_F          Retroposon/SVA       752    827  (548)  602  
   32   23.5  2.3  1.1  Sniffles2.INS.2BDSC0      1    87    (0) + GA-rich        Low_complexity         1     88    (0)  603  
   44    4.2  3.7  5.0  Sniffles2.INS.2BFSC0      3    83    (1) + (ATATATA)n     Simple_repeat          1     80    (0)  604  
   31   17.8  0.0  0.0  Sniffles2.INS.2BS25       2    68    (1) + GA-rich        Low_complexity         1     67    (0)  605  
  644    2.8  0.0  0.0  Sniffles2.INS.2BS2B       1    71   (25) + AluYa5         SINE/Alu             227    297   (14)  606  
 1157   12.8  1.6  0.1  Sniffles2.INS.2BS2F       1   336    (1) + ALR/Alpha      Satellite/centr        1    341    (3)  607  
 1092   10.6  0.1  0.6  Sniffles2.INS.2BSBD       1   881    (7) + BSR/Beta       Satellite              1    876    (0)  608  
  854    7.2  1.5  5.1  Sniffles2.INS.2C4SF       1   223    (1) + SVA_A          Retroposon/SVA       557    770  (617)  609  
 1240   12.4  0.6  0.2  Sniffles2.INS.2C5S11      1   337    (3) + ALR/Alpha      Satellite/centr        1    338    (0)  610  
   30    1.7 16.4  0.0  Sniffles2.INS.2C5SF       1    61    (2) + (TA)n          Simple_repeat          1     71    (0)  611  
 1024   11.3  0.8  0.0  Sniffles2.INS.2C7S11      1   334    (4) + ALR/Alpha      Satellite/centr        1    336    (0)  612  
 1066   11.5  0.3  0.0  Sniffles2.INS.2C8S11      1   336    (4) + ALR/Alpha      Satellite/centr        1    336    (0)  613  
 1394   12.7  0.4  0.0  Sniffles2.INS.2CES11      1   339    (1) + ALR/Alpha      Satellite/centr        1    340    (2)  614  
   48    9.6  0.0  0.0  Sniffles2.INS.2CS25       3    69    (0) + (AG)n          Simple_repeat          1     67    (0)  615  
  997   13.9  1.9  0.5  Sniffles2.INS.2CS2F       1   336    (2) + ALR/Alpha      Satellite/centr        1    340    (0)  616  
   21   18.9  4.2  0.0  Sniffles2.INS.2CS3A       9    56    (0) + (AT)n          Simple_repeat          1     50    (0)  617  
  313   19.3  2.3  7.2  Sniffles2.INS.2CS58      14   421  (502) C HSATII         Satellite            (8)    387      1  618  
  480   16.0  5.6  9.9  Sniffles2.INS.2CS58     458   915    (8) C HSATII         Satellite            (4)    438      1  618  
  346   15.0  0.0  7.5  Sniffles2.INS.2CSBD       1    72    (1) + BSR/Beta       Satellite             10     76   (60)  619  
  243   12.2  4.9  0.0  Sniffles2.INS.2D2S0       9    49    (1) + L1PBa          LINE/L1             1584   1626 (5237)  620  
  700    7.4  1.5  0.1  Sniffles2.INS.2D2S18      1   293    (0) C MSR1           Satellite           (25)    297      1  621  
 1407   11.3  0.3  0.0  Sniffles2.INS.2D4S11      2   678    (0) + ALR/Alpha      Satellite/centr        1    679    (0)  622  
   17   17.3  8.2  1.5  Sniffles2.INS.2D4S25      8    98   (92) + G-rich         Low_complexity         1     97    (0)  623  
   36    0.0  0.0  2.7  Sniffles2.INS.2D4S25    103   140   (50) + (CGGCGGG)n     Simple_repeat          1     37    (0)  624  
   16   18.4  4.7  0.0  Sniffles2.INS.2D4S25    143   185    (5) + (GCG)n         Simple_repeat          1     45    (0)  625  
  712   13.5  0.0  0.0  Sniffles2.INS.2D4SF       1    96    (1) C AluSg4         SINE/Alu            (80)    230    135  626  
   34    0.0  8.0  0.0  Sniffles2.INS.2D7S0       1    50    (3) + (AAGA)n        Simple_repeat          1     54    (0)  627  
 1314   10.9  0.3  0.0  Sniffles2.INS.2D7S11      3   678    (1) + ALR/Alpha      Satellite/centr        1    678    (0)  628  
   26   13.2  0.0  9.4  Sniffles2.INS.2D8SF       3    72    (0) + G-rich         Low_complexity         1     64    (0)  629  
   21   22.9  5.1  1.2  Sniffles2.INS.2DFS0       8    85   (10) + (TATAATA)n     Simple_repeat          1     81    (0)  630  
  154   23.0  1.4  0.3  Sniffles2.INS.2DS25       1   366    (1) + GA-rich        Low_complexity         1    370    (0)  631  
  258   17.1  0.0  0.0  Sniffles2.INS.2DS2B       4    44   (14) + AluYk2         SINE/Alu             232    272   (39)  632  
 1049   12.9  1.2  0.0  Sniffles2.INS.2DS2F       3   337    (1) + ALR/Alpha      Satellite/centr        1    339    (0)  633  
 1129   14.8  0.4  0.0  Sniffles2.INS.2DSB0       1  1191    (1) + ALR/Alpha      Satellite/centr        1   1196    (0)  634  
  276   20.0  1.7  0.0  Sniffles2.INS.2DSBD       6    65    (2) + BSR/Beta       Satellite             28     88   (48)  635  
  669   27.1  4.0 18.0  Sniffles2.INS.2DSC0      36   463    (2) + SVA_A          Retroposon/SVA        60    436  (951)  636  
   94   18.0  4.3  3.1  Sniffles2.INS.2E0S0       8   260    (6) + (TA)n          Simple_repeat          1    256    (0)  637  
 1407   12.5  0.4  0.0  Sniffles2.INS.2E1S11      1   339    (1) + ALR/Alpha      Satellite/centr        1    340    (2)  638  
 1270   13.6  0.8  0.0  Sniffles2.INS.2E2S11      7   677    (3) + ALR/Alpha      Satellite/centr        1    676    (2)  639  
  317    6.3  2.6  4.0  Sniffles2.INS.2E2S18      1   528    (1) + (CCTCC)n       Simple_repeat          1    521    (0)  640  
 1270   12.6  0.4  0.0  Sniffles2.INS.2E4S11      1   337    (3) + ALR/Alpha      Satellite/centr        1    338    (0)  641  
 1270   13.7  0.8  0.0  Sniffles2.INS.2E5S11      7   677    (3) + ALR/Alpha      Satellite/centr        1    676    (2)  642  
 1229   15.5  0.7  0.0  Sniffles2.INS.2E7S11      9   338    (1) + ALR/Alpha      Satellite/centr        1    332    (2)  643  
  270   23.5  8.1  0.0  Sniffles2.INS.2E9SC0      1   149  (155) C HSATII         Satellite            (8)    162      2  644  
   33   11.1  0.0  0.0  Sniffles2.INS.2E9SC0    150   208   (96) + (GAATGGAATC)n  Simple_repeat          1     59    (0)  645  
  232   17.2  5.6  3.3  Sniffles2.INS.2E9SC0    213   302    (2) C HSATII         Satellite           (31)    139     48  646  
   27   25.5  0.0  0.0  Sniffles2.INS.2EBS35      1    60    (5) + (TA)n          Simple_repeat          1     60    (0)  647  
  107   21.1  4.2  1.0  Sniffles2.INS.2EDS2       6   289    (1) + (ATC)n         Simple_repeat          1    293    (0)  648  
  257   28.6  0.0  0.0  Sniffles2.INS.2ES13      51   120  (952) C L1MB3          LINE/L1            (220)   5963   5894  649  
  268   27.5  0.0  0.0  Sniffles2.INS.2ES13     253   321  (751) C L1MB3          LINE/L1            (221)   5962   5894  650  
  232   30.0  0.0  0.0  Sniffles2.INS.2ES13     319   388  (684) C L1MB3          LINE/L1            (220)   5963   5894  650 *
  257   28.6  0.0  0.0  Sniffles2.INS.2ES13     386   455  (617) C L1MB3          LINE/L1            (220)   5963   5894  650  
  257   28.6  0.0  0.0  Sniffles2.INS.2ES13     453   522  (550) C L1MB3          LINE/L1            (220)   5963   5894  650 *
  278   27.1  0.0  0.0  Sniffles2.INS.2ES13     520   589  (483) C L1MB3          LINE/L1            (220)   5963   5894  650  
  276   27.1  0.0  0.0  Sniffles2.INS.2ES13     587   656  (416) C L1MB3          LINE/L1            (220)   5963   5894  650 *
  304   24.3  0.0  0.0  Sniffles2.INS.2ES13     654   723  (349) C L1MB3          LINE/L1            (220)   5963   5894  650  
  276   27.1  0.0  0.0  Sniffles2.INS.2ES13     721   790  (282) C L1MB3          LINE/L1            (220)   5963   5894  650 *
  276   27.1  0.0  0.0  Sniffles2.INS.2ES13     788   857  (215) C L1MB3          LINE/L1            (220)   5963   5894  650  
  257   28.6  0.0  0.0  Sniffles2.INS.2ES13     938  1007   (65) C L1MB3          LINE/L1            (220)   5963   5894  651  
  666    8.3 28.4  0.0  Sniffles2.INS.2ES23      12   120    (0) + AluSx          SINE/Alu              73    212   (90)  652  
   72    8.8  1.6  1.6  Sniffles2.INS.2ES2B       1   125    (0) + (TGGAA)n       Simple_repeat          1    125    (0)  653  
  707   18.8  0.0  0.0  Sniffles2.INS.2ES2F       1   171    (0) + ALR/Alpha      Satellite/centr        1    171    (1)  654  
20292    3.3  0.7  0.2  Sniffles2.INS.2ES3A       1  3251  (832) + L1PA4          LINE/L1             2890   6152    (3)  655  
 5848    6.1  1.6  0.2  Sniffles2.INS.2ES3A    3249  4083    (0) + L1P1           LINE/L1             2103   2952 (3257)  656 *
  851   12.6  0.0  0.8  Sniffles2.INS.2ESBD       7   134    (3) + BSR/Beta       Satellite              3    129    (7)  657  
 1177   15.7  0.9  0.0  Sniffles2.INS.2F0S11      9   337    (1) + ALR/Alpha      Satellite/centr        1    332    (2)  658  
  477   19.8  5.0  8.6  Sniffles2.INS.2F0SC0      3  1447    (0) C HSATII         Satellite            (4)   1392      1  659  
   62    0.0  0.0  0.0  Sniffles2.INS.2F1S0       1    53    (3) + (AT)n          Simple_repeat          1     53    (0)  660  
 1239   12.6  0.5  0.0  Sniffles2.INS.2F1S11      7   338    (2) + ALR/Alpha      Satellite/centr        1    333    (2)  661  
  576    2.9  0.9  5.8  Sniffles2.INS.2F3S0       3   111    (1) + SVA_F          Retroposon/SVA       680    783  (592)  662  
 1378   14.1  0.8  0.4  Sniffles2.INS.2F4S1       4  2713    (2) + ALR/Alpha      Satellite/centr        1   2718    (0)  663  
   41    7.2  1.7  0.0  Sniffles2.INS.2F5S0       2    61    (0) + (GAA)n         Simple_repeat          1     61    (0)  664  
   53    0.0  0.0  0.0  Sniffles2.INS.2F6S35      1    48    (0) + (TTTCC)n       Simple_repeat          1     48    (0)  665  
   34    6.3  0.0  3.9  Sniffles2.INS.2F8SF       3    56    (0) + (AGA)n         Simple_repeat          1     52    (0)  666  
 1079   18.4  0.6  1.1  Sniffles2.INS.2F9S23      3   417    (7) + ALR/Alpha      Satellite/centr        1    412    (8)  667  
  207   14.9  0.8  0.6  Sniffles2.INS.2F9S24      1   357    (1) + (GTG)n         Simple_repeat          1    358    (0)  668  
   72    1.5  0.0  0.0  Sniffles2.INS.2FBSC0      1    69    (1) + (ATGGA)n       Simple_repeat          1     69    (0)  669  
  636    9.8  0.0  9.7  Sniffles2.INS.2FCS13      1   170    (1) + SVA_F          Retroposon/SVA       600    754  (621)  670  
   54    3.6  0.0  0.0  Sniffles2.INS.2FES31      1    58    (6) + (T)n           Simple_repeat          1     58    (0)  671  
   41    6.7  3.0  1.5  Sniffles2.INS.2FFS0       1    66    (0) + (AGAA)n        Simple_repeat          1     67    (0)  672  
   60    7.3  0.0  0.0  Sniffles2.INS.2FS25       1    74    (0) + (TA)n          Simple_repeat          1     74    (0)  673  
  262   25.0  0.0  0.0  Sniffles2.INS.2FS2B      13    68    (4) + AluYk2         SINE/Alu             224    279   (32)  674  
 1009   14.6  0.0  0.0  Sniffles2.INS.2FS2F       1   335    (7) + ALR/Alpha      Satellite/centr        1    335    (0)  675  
 1325    0.7  0.0  0.0  Sniffles2.INS.2FS6F      14   180    (0) + AluY           SINE/Alu             161    311    (0)  676  
  404   15.2  0.0  0.0  Sniffles2.INS.2FSBD       2    67    (2) + BSR/Beta       Satellite             27     92   (44)  677  
  880   13.7  0.0  0.0  Sniffles2.INS.2S2E        1   141    (1) C ALR/Alpha      Satellite/centr     (41)    141      1  678  
  826   15.4  3.7  0.0  Sniffles2.INS.2S2F        1   165    (1) + ALR/Alpha      Satellite/centr        1    171    (0)  679  
  708   16.5  3.2  0.0  Sniffles2.INS.2S36        1   168    (0) C ALR/Alpha      Satellite/centr     (24)    173      1  680  
  953   13.3  0.0  0.0  Sniffles2.INS.2S5D        1   170    (1) + ALR/Alpha      Satellite/centr        1    170    (0)  681  
   30    5.5  2.6  0.0  Sniffles2.INS.2S9         1    38   (12) + (TA)n          Simple_repeat          1     39    (0)  682  
   68    0.0  1.6  0.0  Sniffles2.INS.2SA5        1    64    (1) + (AGA)n         Simple_repeat          1     65    (0)  683  
   30    0.0  5.7  0.0  Sniffles2.INS.2SA7        1    35  (735) + (TTTC)n        Simple_repeat          1     37    (0)  684  
  141   17.9  0.0  0.0  Sniffles2.INS.2SA7       38   296  (474) + (CTCT)n        Simple_repeat          1    259    (0)  685  
   19   25.7  0.0  0.0  Sniffles2.INS.2SA7      725   770    (0) + (TT)n          Simple_repeat          1     46    (0)  686  
 1008    7.8  2.1  0.0  Sniffles2.INS.2SA8        2   143    (1) C ACRO1          Satellite/acro       (0)    147      3  687  
   14   27.3  0.0  0.0  Sniffles2.INS.2SBD        1    44   (61) + (TCCAT)n       Simple_repeat          1     44    (0)  688  
   49    3.8  0.0  0.0  Sniffles2.INS.2SBD       48   101    (4) + (CATTC)n       Simple_repeat          1     54    (0)  689  
   20   11.3  3.7  5.7  Sniffles2.INS.300S13      5    58    (5) + G-rich         Low_complexity         1     53    (0)  690  
 1176   15.7  0.7  0.0  Sniffles2.INS.301S11     10   338    (1) + ALR/Alpha      Satellite/centr        1    331    (2)  691  
  460   17.5  4.3 11.9  Sniffles2.INS.303SC0      1  1425    (0) C HSATII         Satellite            (8)   1315      1  692  
 1429   12.1  0.4  0.0  Sniffles2.INS.304S11      1   340    (0) + ALR/Alpha      Satellite/centr        1    341    (2)  693  
 1029    0.6  0.0  5.8  Sniffles2.INS.304S13      1   181    (0) C SVA_F          Retroposon/SVA     (537)    838    668  694  
   96   26.6  1.9  0.4  Sniffles2.INS.306S2       5   267    (1) + (ATG)n         Simple_repeat          1    267    (0)  695  
  233    9.3  4.7  0.0  Sniffles2.INS.306S37     30    72    (0) C L1P1           LINE/L1           (3759)   2387   2343  696  
  249   18.2  9.0  6.1  Sniffles2.INS.307SC0      1   111    (3) C HSATII         Satellite           (36)    134     21  697  
  284   15.6  0.0  0.0  Sniffles2.INS.309S24     30    74    (0) C LTR8B          LTR/ERV1           (670)    150    106  698  
   25   19.3  2.0  0.0  Sniffles2.INS.309S37      1    50    (7) + (TA)n          Simple_repeat          1     51    (0)  699  
   15   26.5  1.8  3.6  Sniffles2.INS.309S37     51    57    (0) + (TATG)n        Simple_repeat          1     56    (0)  700  
 1047   11.3  0.3  0.0  Sniffles2.INS.30BS11      1   336    (4) + ALR/Alpha      Satellite/centr        1    336    (2)  701  
   53    0.0  3.9  0.0  Sniffles2.INS.30BS35      1    52    (0) + (AT)n          Simple_repeat          1     54    (0)  702  
  338   17.2  2.7 13.7  Sniffles2.INS.30BSC0     20   199  (331) C HSATII         Satellite            (7)    163      2  703  
   45   24.6  0.0  0.0  Sniffles2.INS.30BSC0    210   319  (211) + (GAATG)n       Satellite              1    110    (0)  704  
  322   16.8  8.4 13.4  Sniffles2.INS.30BSC0    328   526    (4) C HSATII         Satellite            (5)    189      1  705  
  490   18.5  4.5 10.4  Sniffles2.INS.30CSC0     35  1397    (3) C HSATII         Satellite            (5)   1282      1  706  
  326    4.6  0.0 24.8  Sniffles2.INS.30CSF       1    98    (0) + SVA_F          Retroposon/SVA       680    774  (601)  707  
  487   19.0  4.4  9.1  Sniffles2.INS.30DSC0      1  1990    (8) C HSATII         Satellite            (4)   1896      1  708  
 1072   11.8  0.4  0.0  Sniffles2.INS.30ES11      1   336    (3) + ALR/Alpha      Satellite/centr        1    337    (0)  709  
   19   16.0  8.2  0.0  Sniffles2.INS.30ES13      7    55   (11) + (AT)n          Simple_repeat          1     53    (0)  710  
   29    3.4  5.8  5.8  Sniffles2.INS.30ES2       1    69    (8) + (TATACACG)n    Simple_repeat          1     69    (0)  711  
   27    9.7  0.0  0.0  Sniffles2.INS.30S16      12    55  (135) + (TGGAG)n       Simple_repeat          1     44    (0)  712  
   36   30.0  0.9  0.0  Sniffles2.INS.30S16      75   189    (1) + (TGGAG)n       Simple_repeat          1    116    (0)  712  
  335   18.9  0.0  0.0  Sniffles2.INS.30S2B       1    53   (30) + Alu            SINE/Alu              92    144   (22)  713  
 1049    8.4  0.0  0.0  Sniffles2.INS.30S37       2   132    (0) + AluSp          SINE/Alu               2    132  (181)  714  
 1093   14.8  0.5  0.6  Sniffles2.INS.30SB0       1   493   (21) + ALR/Alpha      Satellite/centr        1    492    (0)  715  
  994   11.4  0.0  0.0  Sniffles2.INS.310S0       1   132    (1) + AluSg          SINE/Alu              20    151  (159)  716  
 1215   13.0  0.5  0.0  Sniffles2.INS.310S11      7   338    (2) + ALR/Alpha      Satellite/centr        1    333    (2)  717  
  477   17.9  4.5 14.3  Sniffles2.INS.310SC0     15  1448    (0) C HSATII         Satellite            (4)   1293      1  718  
   67    1.6  0.0  0.0  Sniffles2.INS.311SC0      1    64    (1) + (ATGGA)n       Simple_repeat          1     64    (0)  719  
 1123   14.3  1.6  0.0  Sniffles2.INS.312S11      9   335    (1) + ALR/Alpha      Satellite/centr        1    332    (2)  720  
  249   18.2  9.0  6.1  Sniffles2.INS.313SC0      1   111    (3) C HSATII         Satellite           (36)    134     21  721  
 1227   10.7  0.4  0.0  Sniffles2.INS.314S11      1   339    (0) + ALR/Alpha      Satellite/centr        1    340    (2)  722  
   82    3.7  8.4  1.3  Sniffles2.INS.314S35     21   162    (2) + (GAAA)n        Simple_repeat          1    152    (0)  723  
 1407   11.5  0.3  0.0  Sniffles2.INS.315S11      2   679    (0) + ALR/Alpha      Satellite/centr        1    680    (0)  724  
  476   17.2  4.6 11.6  Sniffles2.INS.315SC0      2   939   (15) C HSATII         Satellite            (4)    871      1  725  
 1378   12.0  0.5  0.0  Sniffles2.INS.316S11     11  1016    (1) + ALR/Alpha      Satellite/centr        1   1011    (0)  726  
   71    0.0  0.0  0.0  Sniffles2.INS.317S13      2    64    (0) + (G)n           Simple_repeat          1     63    (0)  727  
   25   27.6  6.7  0.8  Sniffles2.INS.317S35     12   130    (8) + (AT)n          Simple_repeat          1    126    (0)  728  
 1036   11.2  0.3  0.1  Sniffles2.INS.318S11      1   337    (4) + ALR/Alpha      Satellite/centr        1    337    (2)  729  
   26   16.1  4.3  2.9  Sniffles2.INS.318S37      1    74    (2) + G-rich         Low_complexity         1     75    (0)  730  
  249   18.2  9.0  6.1  Sniffles2.INS.318SC0      1   111    (3) C HSATII         Satellite           (36)    134     21  731  
 1203   15.4  0.9  0.0  Sniffles2.INS.319S11      9   337    (1) + ALR/Alpha      Satellite/centr        1    331    (2)  732  
   41   12.8  7.1  0.0  Sniffles2.INS.319S35     10    94   (16) + (AT)n          Simple_repeat          1     91    (0)  733  
  254   14.7  0.0  0.0  Sniffles2.INS.319S5      58    91  (343) + AluSp          SINE/Alu             209    242   (71)  734  
  254   14.7  0.0  0.0  Sniffles2.INS.319S5     124   157  (277) + AluSp          SINE/Alu             209    242   (71)  735  
  254   14.7  0.0  0.0  Sniffles2.INS.319S5     190   223  (211) + AluSp          SINE/Alu             209    242   (71)  736  
  254   14.7  0.0  0.0  Sniffles2.INS.319S5     256   289  (145) + AluSp          SINE/Alu             209    242   (71)  737  
  254   14.7  0.0  0.0  Sniffles2.INS.319S5     388   421   (13) + AluSp          SINE/Alu             209    242   (71)  738  
  464    3.1  1.1  2.1  Sniffles2.INS.31AS37      4    96    (1) + SVA_F          Retroposon/SVA       680    811  (573)  739  
  474   17.9  4.1 11.9  Sniffles2.INS.31ASC0      1  1397   (17) C HSATII         Satellite           (10)   1288      1  740  
 1220   13.0  0.5  0.0  Sniffles2.INS.31BS11      7   338    (2) + ALR/Alpha      Satellite/centr        1    333    (2)  741  
  402   19.9  6.0  6.7  Sniffles2.INS.31BSC0      2   958   (13) C HSATII         Satellite            (7)    950      1  742  
 1100   13.5  0.3  0.0  Sniffles2.INS.31CS23      1   337    (4) C ALR/Alpha      Satellite/centr     (45)    338      1  743  
  474   17.5  4.3 11.9  Sniffles2.INS.31CSC0      1  1425    (0) C HSATII         Satellite            (8)   1316      1  744  
  361   19.6  4.0  8.8  Sniffles2.INS.31FSC0      6   328  (457) C HSATII         Satellite            (0)    307      1  745  
  288   18.3  3.7 13.6  Sniffles2.INS.31FSC0    363   566  (219) C HSATII         Satellite            (7)    183      1  745  
   79   26.8  0.5  0.5  Sniffles2.INS.31FSC0    570   784    (1) + (ATGGA)n       Simple_repeat          1    215    (0)  746  
  730   13.7  6.8  9.2  Sniffles2.INS.31S16       5   327   (67) C HSATII         Satellite            (4)    315      1  747  
   24   22.4  0.0  0.0  Sniffles2.INS.31S16     337   393    (1) + (GAATG)n       Satellite              1     57    (0)  748  
  346   17.2  3.1  0.0  Sniffles2.INS.31S2B       1    64    (0) + Alu            SINE/Alu              89    154   (12)  749  
  707   18.8  0.0  0.0  Sniffles2.INS.31S2F       1   171    (0) + ALR/Alpha      Satellite/centr        1    171    (1)  750  
  182   10.1  6.5  0.0  Sniffles2.INS.320S2       1   325    (2) + (TA)n          Simple_repeat          1    346    (0)  751  
  472   18.2  3.6 11.5  Sniffles2.INS.321SC0      1   867    (0) C HSATII         Satellite           (13)    798      1  752  
   72    1.5  0.0  0.0  Sniffles2.INS.322SC0      1    69    (1) + (ATGGA)n       Simple_repeat          1     69    (0)  753  
 1024    4.2  1.7  0.0  Sniffles2.INS.325S13     18   136   (71) C AluY           SINE/Alu            (10)    301    181  754  
  444   17.7  5.2  8.8  Sniffles2.INS.327SC0      5  1121   (21) C HSATII         Satellite            (5)   1076      1  755  
   56    1.8  0.0  0.0  Sniffles2.INS.328SC0      1    55    (0) + (AATGG)n       Simple_repeat          1     55    (0)  756  
  472   18.4  2.5 12.4  Sniffles2.INS.329SC0      1   843    (9) C HSATII         Satellite           (10)    759      1  757  
  338   17.2  2.7 13.7  Sniffles2.INS.32BSC0     20   199  (331) C HSATII         Satellite            (7)    163      2  758  
   45   24.6  0.0  0.0  Sniffles2.INS.32BSC0    210   319  (211) + (GAATG)n       Satellite              1    110    (0)  759  
  322   16.8  8.4 13.4  Sniffles2.INS.32BSC0    328   526    (4) C HSATII         Satellite            (5)    189      1  760  
  335   20.0  3.2  7.9  Sniffles2.INS.32CSC0      1   259  (525) C HSATII         Satellite           (58)    246      1  761  
  288   18.3  3.7 13.6  Sniffles2.INS.32CSC0    294   497  (287) C HSATII         Satellite            (7)    183      1  761  
   13   29.6  0.0  0.0  Sniffles2.INS.32CSC0    501   545  (239) + (ATGGA)n       Simple_repeat          1     45    (0)  762  
  275   18.1 11.3  8.2  Sniffles2.INS.32CSC0    546   784    (0) C HSATII         Satellite            (4)    246      1  763  
   61    8.9  4.2  4.2  Sniffles2.INS.32FS0       2   120    (7) + (AT)n          Simple_repeat          1    119    (0)  764  
  249   18.2  9.0  6.1  Sniffles2.INS.32FSC0      1   111    (3) C HSATII         Satellite           (36)    134     21  765  
   30    7.5  0.0  0.0  Sniffles2.INS.32S16       1    42    (8) + (GGAAT)n       Simple_repeat          1     42    (0)  766  
 2063   12.7  1.0  0.6  Sniffles2.INS.32S25      14   323   (38) + AluSx          SINE/Alu               2    312    (0)  767  
  322   16.7  0.0  0.0  Sniffles2.INS.32S2B       3    50    (0) + Alu            SINE/Alu              92    139   (27)  768  
  943   11.6  0.1  0.6  Sniffles2.INS.32S8        1   349    (1) + BSR/Beta       Satellite              1    347    (0)  769  
   49    0.0  2.1  0.0  Sniffles2.INS.330S0       3    50    (0) + (TCCT)n        Simple_repeat          1     49    (0)  770  
  130   12.5  2.0  2.5  Sniffles2.INS.331S38      1   253    (0) + (TTATATA)n     Simple_repeat          1    251    (0)  771  
  440   18.0  7.3  8.7  Sniffles2.INS.331SC0     26   939    (7) C HSATII         Satellite            (5)    901      1  772  
   71    1.5  0.0  0.0  Sniffles2.INS.334SC0      3    70    (1) + (TGGAA)n       Simple_repeat          1     68    (0)  773  
  274   19.3  1.8  0.0  Sniffles2.INS.335S11      1    57    (0) + L1M3           LINE/L1             5135   5192  (948)  774  
  250    3.1  3.1  0.0  Sniffles2.INS.335S13      2    33   (18) C LTR25          LTR/ERV1           (542)    302    270  775  
 1302   13.8  0.8  0.8  Sniffles2.INS.335S4       1  7720    (1) + ALR/Alpha      Satellite/centr        1   7715    (1)  776  
  472    8.5  0.0  0.0  Sniffles2.INS.336S13      5    63   (93) + AluYb8         SINE/Alu             250    308   (10)  777  
   38    9.2  2.9  0.0  Sniffles2.INS.336SC0     14    82  (132) + (AATGG)n       Simple_repeat          1     71    (0)  778  
  328   19.4  1.6 12.0  Sniffles2.INS.336SC0     86   214    (0) C HSATII         Satellite           (33)    137     21  779  
   59    1.2  2.2  4.6  Sniffles2.INS.33AS11      3    91    (0) + (AGAA)n        Simple_repeat          1     87    (0)  780  
  442   18.0  7.6  8.6  Sniffles2.INS.33ASC0     26   940    (7) C HSATII         Satellite            (5)    906      1  781  
   31   13.1  3.5  6.0  Sniffles2.INS.33BS35      1    85    (1) + (ATACATA)n     Simple_repeat          1     83    (0)  782  
   29    0.0  7.0  2.2  Sniffles2.INS.33DS2       1    43    (7) + (TAGTATATA)n   Simple_repeat          1     45    (0)  783  
   12   21.7  4.1  4.1  Sniffles2.INS.33DS4       1    49    (8) + (ATATGT)n      Simple_repeat          1     49    (0)  784  
  458   19.1  4.3  9.0  Sniffles2.INS.33DSC0      6  2243   (11) C HSATII         Satellite            (7)   2133      1  785  
   43   24.8  2.3  1.5  Sniffles2.INS.33S16       5   137   (59) + (GAATG)n       Satellite              1    134    (0)  786  
  302   18.2  1.8  0.0  Sniffles2.INS.33S16     138   192    (4) + Alu            SINE/Alu             225    280   (22)  787  
 1053   16.8  0.0  0.6  Sniffles2.INS.33S2F       1   343    (1) + ALR/Alpha      Satellite/centr        1    340    (0)  788  
 1171   13.2  0.8  0.0  Sniffles2.INS.33SB0       8  1182    (5) + ALR/Alpha      Satellite/centr        1   1183    (0)  789  
  448   10.6  0.0  1.5  Sniffles2.INS.33SBD       1    67    (2) + BSR/Beta       Satellite             58    123   (13)  790  
  101    9.3  3.4  1.7  Sniffles2.INS.340S2       1   177    (0) + (ATATAA)n      Simple_repeat          1    180    (0)  791  
   47    0.0  7.0  0.0  Sniffles2.INS.343S13      1    57    (2) + (TTTC)n        Simple_repeat          1     61    (0)  792  
   51    0.0  0.0  2.0  Sniffles2.INS.345S2       2    52    (0) + (AAAG)n        Simple_repeat          1     50    (0)  793  
 1150   14.1  0.9  0.1  Sniffles2.INS.345S33      4  1529    (0) + ALR/Alpha      Satellite/centr        1   1536    (0)  794  
   48    0.0  3.9  0.0  Sniffles2.INS.348S13      1    51    (0) + (AAAG)n        Simple_repeat          1     53    (0)  795  
   20   18.9  4.2  4.2  Sniffles2.INS.349S11      2    73    (2) + (TTCATTC)n     Simple_repeat          1     72    (0)  796  
   36   11.9  4.7  0.0  Sniffles2.INS.349S38      7    70    (0) + (AT)n          Simple_repeat          1     67    (0)  797  
   44    2.0  3.9  0.0  Sniffles2.INS.34BS11      1    52    (0) + (TCTT)n        Simple_repeat          1     54    (0)  798  
  334   25.7  3.0  0.0  Sniffles2.INS.34ES13     12   112  (661) + MIR            SINE/MIR             159    262    (0)  799  
 2383    7.7  0.3  0.7  Sniffles2.INS.34ES13    402   698   (75) C AluSp          SINE/Alu            (10)    303      8  800  
  444   10.3  2.4  6.2  Sniffles2.INS.34ES13    680   762   (11) + AluSx          SINE/Alu             210    290   (12)  801 *
   37    3.6  8.6  0.0  Sniffles2.INS.34FS11      1    58    (4) + (AT)n          Simple_repeat          1     63    (0)  802  
   37    6.6  0.0  0.0  Sniffles2.INS.34S16       1    48  (279) + (TGGAA)n       Simple_repeat          1     48    (0)  803  
  317   18.5  1.9  0.0  Sniffles2.INS.34S16      61   114  (213) + AluYk2         SINE/Alu             225    279   (32)  804  
   51    9.0  2.0  2.0  Sniffles2.INS.34S16     123   220  (107) + (TGGAA)n       Simple_repeat          1     98    (0)  805  
  677   18.9  0.4  0.8  Sniffles2.INS.34S2F       1   171    (0) + ALR/Alpha      Satellite/centr        1    170    (1)  806  
  692   13.9  0.5  0.5  Sniffles2.INS.34SBD       1   135    (1) + BSR/Beta       Satellite              1    135    (0)  807  
   60   14.0  8.2  0.0  Sniffles2.INS.350S13      1   135    (0) + (AT)n          Simple_repeat          1    146    (0)  808  
   13   24.1  5.6  1.8  Sniffles2.INS.353S38      4    57    (0) + (CTTTC)n       Simple_repeat          1     56    (0)  809  
 1005    6.0  0.0  0.8  Sniffles2.INS.354S0       2   135    (0) + AluY           SINE/Alu               2    199  (103)  810  
   46    8.2  0.0  0.0  Sniffles2.INS.355S5       1    66    (0) + (GGAGGA)n      Simple_repeat          1     66    (0)  811  
  700   16.5  3.0  0.0  Sniffles2.INS.356S38      1   133    (1) + L1M4           LINE/L1             3467   3603 (2543)  812  
   17   10.7  4.5  4.5  Sniffles2.INS.359SF      22    65    (0) + A-rich         Low_complexity         1     44    (0)  813  
  299    0.0  0.0  2.0  Sniffles2.INS.35AS11      1    51    (0) C SVA_F          Retroposon/SVA     (634)    741    692  814  
 1583    8.8  0.9 12.9  Sniffles2.INS.35BS11      2   639    (8) C SVA_E          Retroposon/SVA     (520)    862    421  815  
   27   17.0  0.0  0.0  Sniffles2.INS.35BS13      1    53    (1) + GA-rich        Low_complexity         1     53    (0)  816  
   24    8.5  8.0  0.0  Sniffles2.INS.35BSF       1    50    (0) + (ATTAACAT)n    Simple_repeat          1     54    (0)  817  
  116   15.0  0.5  0.0  Sniffles2.INS.35CS13      1   200    (1) + GA-rich        Low_complexity         1    201    (0)  818  
   29   14.6  0.0  0.0  Sniffles2.INS.35DS13      3    55   (11) + (AGAGAC)n      Simple_repeat          1     53    (0)  819  
   55    3.3  3.2  0.0  Sniffles2.INS.35DS4       1    63    (1) + (TA)n          Simple_repeat          1     65    (0)  820  
   43   13.9  2.4  1.2  Sniffles2.INS.35DSF       1    84    (0) + A-rich         Low_complexity         1     85    (0)  821  
  803   10.0  0.0  1.5  Sniffles2.INS.35ESC0      2   136    (2) C BSR/Beta       Satellite           (56)    132      1  822  
   29   14.6  0.0  0.0  Sniffles2.INS.35FS13      3    55   (11) + (AGAGAC)n      Simple_repeat          1     53    (0)  823  
  294   24.5  0.0  0.0  Sniffles2.INS.35S2B       1    53    (0) + AluYa5         SINE/Alu             227    279   (32)  824  
  976   14.2  3.2  0.0  Sniffles2.INS.35S2F       1   166    (0) + ALR/Alpha      Satellite/centr        1    171    (0)  825  
  938   13.7  0.3  0.4  Sniffles2.INS.35SBD       1   474    (1) + BSR/Beta       Satellite              1    473    (2)  826  
   48    0.0  0.0  3.9  Sniffles2.INS.360S11      3    55    (0) + (TTTC)n        Simple_repeat          1     51    (0)  827  
  119   14.7  0.5  0.0  Sniffles2.INS.360S13      1   203    (0) + GA-rich        Low_complexity         1    204    (0)  828  
   25   23.7  2.7  1.3  Sniffles2.INS.361S5       3    76    (3) + (CCAT)n        Simple_repeat          1     75    (0)  829  
   22   12.1  2.0  4.2  Sniffles2.INS.364S37      2    50    (0) + (CCTC)n        Simple_repeat          1     48    (0)  830  
   30   24.0  0.0  0.0  Sniffles2.INS.364S4       8    70    (5) + (TA)n          Simple_repeat          1     63    (0)  831  
   60    4.8  5.8  0.0  Sniffles2.INS.366S11      1    87    (2) + (TA)n          Simple_repeat          1     92    (0)  832  
   72   11.8  2.4  0.8  Sniffles2.INS.367S38      1   125    (1) + (TCCT)n        Simple_repeat          1    127    (0)  833  
  201    0.0  0.0  0.0  Sniffles2.INS.367SF       1   173    (0) + (T)n           Simple_repeat          1    173    (0)  834  
   52    0.0  0.0  2.0  Sniffles2.INS.368S2       1    52    (0) + (AAAAG)n       Simple_repeat          1     51    (0)  835  
  111    1.5 15.8  0.6  Sniffles2.INS.368S37      4   275    (0) + (TA)n          Simple_repeat          1    313    (0)  836  
   19   33.3  0.0  0.0  Sniffles2.INS.36AS5       2    65 (1405) + (TG)n          Simple_repeat          1     64    (0)  837  
 2147   22.1 10.8  0.8  Sniffles2.INS.36AS5     322   923  (547) + LTR39          LTR/ERV1               4    665  (118)  838  
  897   11.5  0.0  1.0  Sniffles2.INS.36ASC0      1   274    (0) C BSR/Beta       Satellite           (13)    271      1  839  
   67    4.6  3.9  7.1  Sniffles2.INS.36BS11      2   131    (0) + (AT)n          Simple_repeat          1    126    (0)  840  
  115    0.0  0.0  0.0  Sniffles2.INS.36DS11      3   102   (10) + (T)n           Simple_repeat          1    100    (0)  841  
  314   17.0  0.0  0.0  Sniffles2.INS.36S2B       4    50    (6) + FRAM           SINE/Alu              98    144   (32)  842  
 1084   13.5  1.3  0.2  Sniffles2.INS.36S2F       1   674    (1) + ALR/Alpha      Satellite/centr        1    681    (0)  843  
 2296    9.9  0.3  0.0  Sniffles2.INS.370S38      1   293  (436) C AluSp          SINE/Alu            (19)    294      1  844  
  291   14.8 14.0  5.6  Sniffles2.INS.370S38    296   395  (334) + ORSL           DNA/hAT-Tip100        82    189   (86)  845  
 1529   19.2  1.3  5.0  Sniffles2.INS.370S38    401   713   (16) C AluJb          SINE/Alu            (10)    302      1  846  
 1100    3.9  0.0  0.0  Sniffles2.INS.371S11      1   127    (0) + L1P1           LINE/L1              775    901 (5254)  847  
 1480    4.2  0.0  0.0  Sniffles2.INS.371S13      1   167    (0) + AluYc          SINE/Alu              96    262   (37)  848  
   35    0.0  3.6  7.5  Sniffles2.INS.374S11      1    55    (6) + (TA)n          Simple_repeat          1     53    (0)  849  
   56    0.0  4.8  1.5  Sniffles2.INS.374S4       2    64    (0) + (TA)n          Simple_repeat          1     65    (0)  850  
   51   12.9  3.9  0.9  Sniffles2.INS.375S2       1   103    (0) + (ATAATAT)n     Simple_repeat          1    106    (0)  851  
   20   21.6  4.8  2.4  Sniffles2.INS.377S13      2    77    (0) + GA-rich        Low_complexity         1     77    (0)  852  
   15   10.8  3.3  0.0  Sniffles2.INS.377S4      24    53  (145) + (TTTCT)n       Simple_repeat          1     31    (0)  853  
  388   13.7  0.0  0.0  Sniffles2.INS.377S4     148   198    (0) C AluJb          SINE/Alu            (38)    274    224  854  
  122    4.5  3.0  1.8  Sniffles2.INS.379S38      5   170    (4) + (AT)n          Simple_repeat          1    168    (0)  855  
   17   23.2  0.0  3.8  Sniffles2.INS.37AS35      2    56    (0) + (TATATG)n      Simple_repeat          1     53    (0)  856  
 1022    8.1  0.0  0.0  Sniffles2.INS.37CS38      1   124 (1081) C AluSq          SINE/Alu           (189)    124      1  857  
  526   33.8  3.2  0.0  Sniffles2.INS.37CS38    288   506  (699) + MLT1I          LTR/ERVL-MaLR        186    411    (0)  858  
 2212   12.2  0.0  0.0  Sniffles2.INS.37CS38    728  1023  (182) C AluSz          SINE/Alu            (16)    296      1  859  
  898   19.3  5.4  0.0  Sniffles2.INS.37CS38   1040  1205    (0) C AluJb          SINE/Alu             (2)    300    126  860  
   70    0.0  1.5  0.0  Sniffles2.INS.37DS37      1    66    (0) + (AAAG)n        Simple_repeat          1     67    (0)  861  
   38    4.2  4.1  0.0  Sniffles2.INS.37ESF       1    49    (3) + (AT)n          Simple_repeat          1     51    (0)  862  
  412   25.1  0.2  0.0  Sniffles2.INS.37S2B       1   950    (3) + (GAATG)n       Satellite              1    952    (0)  863  
 1012   13.2  2.2  0.9  Sniffles2.INS.37S2F       1   335    (3) + ALR/Alpha      Satellite/centr        1    339    (0)  864  
  137    0.0  1.6  0.0  Sniffles2.INS.380S2       1   123    (0) + (AT)n          Simple_repeat          1    125    (0)  865  
  946    4.7  2.3  0.8  Sniffles2.INS.380S5       2   129    (8) C MER57-int      LTR/ERV1           (343)   7194   7065  866  
  493    8.0  0.0  4.0  Sniffles2.INS.383S0       1    78    (1) C SVA_B          Retroposon/SVA     (708)    675    601  867  
   64    4.6 11.2  0.0  Sniffles2.INS.388S11      4   137    (3) + (TA)n          Simple_repeat          1    149    (0)  868  
   23    8.0  9.1  1.7  Sniffles2.INS.38BS11      2    56    (2) + G-rich         Low_complexity         1     59    (0)  869  
   23   21.2  1.8  1.8  Sniffles2.INS.38DS0       1    56    (7) + (TA)n          Simple_repeat          1     56    (0)  870  
  270   14.6  0.0  0.0  Sniffles2.INS.38S2B      18    58    (0) + Alu            SINE/Alu              89    129   (37)  871  
 1027   14.5  2.0  0.1  Sniffles2.INS.38S2F       1   680    (1) + ALR/Alpha      Satellite/centr        1    693    (0)  872  
   40    7.8  5.8  0.0  Sniffles2.INS.391S4       1    69    (3) + (TCTT)n        Simple_repeat          1     73    (0)  873  
   23   11.6  4.3  0.0  Sniffles2.INS.392S35      2    48    (2) + (TATAATA)n     Simple_repeat          1     49    (0)  874  
   76    3.1 13.4  0.0  Sniffles2.INS.393S35      1   164    (8) + (TA)n          Simple_repeat          1    186    (0)  875  
  500    0.2  0.0  0.0  Sniffles2.INS.397SF       1   430    (0) + (G)n           Simple_repeat          1    430    (0)  876  
   26   10.2  0.0  4.5  Sniffles2.INS.398S35      1    46    (7) + (TA)n          Simple_repeat          1     44    (0)  877  
  257    0.0  2.1  2.1  Sniffles2.INS.398S38      1    48    (0) + SVA_F          Retroposon/SVA       704    751  (624)  878  
 1341   13.2  0.5  0.2  Sniffles2.INS.39DS23      1  6779    (8) + ALR/Alpha      Satellite/centr        1   6802    (1)  879  
 1040   13.4  4.9  0.7  Sniffles2.INS.39DS33      3   336    (2) + ALR/Alpha      Satellite/centr        1    348    (0)  880  
  483   13.6  3.8  3.1  Sniffles2.INS.39S25       4   142    (3) C CER            Satellite           (37)    139      1  881  
  367   15.4  0.0  0.0  Sniffles2.INS.39S2B       1    52    (3) + AluSz6         SINE/Alu             226    277   (35)  882  
   30   12.6  0.0  0.0  Sniffles2.INS.3A3S11     57   101   (12) + (T)n           Simple_repeat          1     45    (0)  883  
   63    8.8  8.2  0.8  Sniffles2.INS.3A4S35      1   122    (1) + (TA)n          Simple_repeat          1    131    (0)  884  
   46    7.3  6.9  0.0  Sniffles2.INS.3A5S0       1    87    (4) + (AT)n          Simple_repeat          1     93    (0)  885  
   41    8.7  4.1  0.0  Sniffles2.INS.3A6S37     18    90   (38) + (AT)n          Simple_repeat          1     76    (0)  886  
   17    0.0  4.8  0.0  Sniffles2.INS.3A6S37    107   127    (1) + (AT)n          Simple_repeat          1     22    (0)  886  
  307   19.3  7.6  2.9  Sniffles2.INS.3A8S0       2   162    (0) + ALR/Alpha      Satellite/centr        1    168    (0)  887  
   53    2.0 12.5  0.9  Sniffles2.INS.3AFS0       2   105   (13) + (TA)n          Simple_repeat          1    116    (0)  888  
   25   22.4  2.1  6.7  Sniffles2.INS.3AS0        1    94   (32) + (TG)n          Simple_repeat          1     90    (0)  889  
  880   14.4  0.0  0.0  Sniffles2.INS.3ASB0       5   168    (0) + ALR/Alpha      Satellite/centr        1    164    (0)  890  
  541   14.8  0.0  3.1  Sniffles2.INS.3B3S4       1   992    (0) + (AT)n          Simple_repeat          1    962    (0)  891  
  188    0.0  8.7  0.0  Sniffles2.INS.3B7S0       2   230    (0) + (TA)n          Simple_repeat          1    249    (0)  892  
   49    0.0  0.0  0.0  Sniffles2.INS.3B7S4       1    53    (0) + (A)n           Simple_repeat          1     53    (0)  893  
   86    0.0  9.3  0.0  Sniffles2.INS.3BBS0       1   108    (0) + (TA)n          Simple_repeat          1    118    (0)  894  
   34   17.5  3.5  1.1  Sniffles2.INS.3BDS0       1    85    (1) + (TTTATTT)n     Simple_repeat          1     87    (0)  895  
  514   20.3  4.7  0.0  Sniffles2.INS.3BDS11      1   128    (2) C Charlie1b      DNA/hAT-Charlie    (161)    362    229  896  
   30   19.5  2.9  1.4  Sniffles2.INS.3BDS35      1    69    (0) + (TA)n          Simple_repeat          1     70    (0)  897  
   27   14.1  0.0  0.0  Sniffles2.INS.3BS2B       1    48    (2) + (GAATG)n       Simple_repeat          1     48    (0)  898  
  707   18.8  0.0  0.0  Sniffles2.INS.3BS2F       1   171    (0) + ALR/Alpha      Satellite/centr        1    171    (1)  899  
  431   11.9  0.0  0.0  Sniffles2.INS.3BSBD       4    62    (5) C BSR/Beta       Satellite           (17)    119     61  900  
   50    1.7  0.0  6.2  Sniffles2.INS.3C0S35      1    68    (0) + (TATATATC)n    Simple_repeat          1     64    (0)  901  
  226    6.6  6.4  3.9  Sniffles2.INS.3C1S38      1   450    (2) + (TATATAA)n     Simple_repeat          1    461    (0)  902  
  386   17.7  4.9  3.6  Sniffles2.INS.3C2S13     11    92   (14) + AluSx          SINE/Alu             213    295    (7)  903  
  994   10.9  3.2  1.6  Sniffles2.INS.3C4S31      2   187    (4) + L1PA13         LINE/L1             2155   2343 (4442)  904  
   14   13.7  7.5  0.0  Sniffles2.INS.3C4SF      11    50    (0) + (TCACCGC)n     Simple_repeat          1     43    (0)  905  
   77    1.4  0.0  0.0  Sniffles2.INS.3CBS31      1    70    (3) + (AT)n          Simple_repeat          1     70    (0)  906  
 1353    8.0  0.5  0.5  Sniffles2.INS.3CCS0      44   232    (0) + LTR10C         LTR/ERV1               1    189  (402)  907  
   17   12.4  5.4  2.6  Sniffles2.INS.3CDS11     56    92    (1) + (TA)n          Simple_repeat          1     38    (0)  908  
   37   10.4  0.0  3.1  Sniffles2.INS.3CES13      1    66    (0) + (TATATAA)n     Simple_repeat          1     64    (0)  909  
   29    9.1  2.1  0.0  Sniffles2.INS.3CES38      1    48    (0) + (TTCCT)n       Simple_repeat          1     49    (0)  910  
  801   17.6  0.0  0.0  Sniffles2.INS.3CS2F       2   171    (0) + ALR/Alpha      Satellite/centr        1    170    (0)  911  
  421   17.4  0.0  0.0  Sniffles2.INS.3CS38       2    70  (171) + AluSq2         SINE/Alu             233    301   (12)  912  
  717   11.1  0.0  0.0  Sniffles2.INS.3CS38     152   241    (0) + AluSp          SINE/Alu               1     90  (223)  913  
   48   29.4  0.0  0.0  Sniffles2.INS.3D0S11      1   117    (9) + (AC)n          Simple_repeat          1    117    (0)  914  
 1353    9.8  0.3  0.3  Sniffles2.INS.3D1S23      5  2758    (1) + ALR/Alpha      Satellite/centr        1   2752    (0)  915  
   16   10.0  0.0  0.0  Sniffles2.INS.3D1S37      1    22   (82) + (A)n           Simple_repeat          1     22    (0)  916  
   24   12.5  7.7  0.0  Sniffles2.INS.3D3S2       1    52    (0) + (TA)n          Simple_repeat          1     56    (0)  917  
   17   21.2  0.0  4.3  Sniffles2.INS.3D3S35      1    49    (3) + (ATAC)n        Simple_repeat          1     47    (0)  918  
 1005    8.0  2.8  0.0  Sniffles2.INS.3D3S37      9   184    (0) + SVA_A          Retroposon/SVA       499    679  (708)  919  
   54   11.6  0.0  0.0  Sniffles2.INS.3D4S1       1    87    (3) + (TA)n          Simple_repeat          1     87    (0)  920  
  392    4.1  0.0  2.1  Sniffles2.INS.3D5S4       1    49    (2) + AluSx4         SINE/Alu              84    131  (179)  921  
  340    8.8  5.3  0.0  Sniffles2.INS.3D8S31      1    57    (9) C L1PA13         LINE/L1            (277)   5886   5827  922  
   21   14.8  0.0  4.3  Sniffles2.INS.3D9S35      2    50    (2) + (GTATAC)n      Simple_repeat          1     47    (0)  923  
  117   15.2  7.9  0.0  Sniffles2.INS.3D9S4       1   267    (1) + (AT)n          Simple_repeat          1    288    (0)  924  
  466    9.1  1.3  0.0  Sniffles2.INS.3DAS0       1    77    (0) C Tigger3c       DNA/TcMar-Tigger   (212)    390    313  925  
   12    8.9  4.2  0.0  Sniffles2.INS.3DCS38     18    41   (20) + (TGTT)n        Simple_repeat          1     25    (0)  926  
  342   11.1  1.6  3.2  Sniffles2.INS.3DDS11     28   116  (159) + MLT1C          LTR/ERVL-MaLR        143    223  (167)  927 *
  595   21.6  3.4  1.2  Sniffles2.INS.3DDS11     85   273    (2) + MLT1C          LTR/ERVL-MaLR        171    358  (109)  927  
  363   10.5  0.0  3.5  Sniffles2.INS.3DDS4       5    63    (1) + HERVH-int      LTR/ERV1             437    493 (7220)  928  
  164    3.5  9.1  0.0  Sniffles2.INS.3DES37      4   267    (0) + (TA)n          Simple_repeat          1    288    (0)  929  
  313   21.4  0.0  0.0  Sniffles2.INS.3DS2B      16    71    (3) + AluSz6         SINE/Alu             225    280   (32)  930  
  707   18.8  0.0  0.0  Sniffles2.INS.3DS2F       1   171    (0) + ALR/Alpha      Satellite/centr        1    171    (1)  931  
  419   18.6  2.7 11.8  Sniffles2.INS.3DS58       5   394    (0) C HSATII         Satellite            (4)    354      1  932  
 1925    9.3  0.3  4.6  Sniffles2.INS.3E0S1       2   305    (0) C AluY           SINE/Alu             (6)    295      2  933  
  375   19.2  0.0  9.5  Sniffles2.INS.3E0S11      2    93  (991) + AluSx          SINE/Alu             213    296    (6)  934  
  342   11.1  1.6  3.2  Sniffles2.INS.3E0S11     90   178  (906) + MLT1C          LTR/ERVL-MaLR        143    223  (167)  935 *
  597   21.5  3.4  1.2  Sniffles2.INS.3E0S11    147   332  (752) + MLT1C          LTR/ERVL-MaLR        171    355  (112)  935  
 1795   15.6  0.0  2.7  Sniffles2.INS.3E0S11    333   636  (448) + AluSx          SINE/Alu               1    296   (16)  936  
  341   13.2  1.2  7.8  Sniffles2.INS.3E0S11    640   721  (363) + MLT1C          LTR/ERVL-MaLR        147    223  (167)  937 *
  603   21.7  3.3  1.2  Sniffles2.INS.3E0S11    690   875  (209) + MLT1C          LTR/ERVL-MaLR        171    355  (112)  937  
 1509   12.9  0.0  0.0  Sniffles2.INS.3E0S11    876  1084    (0) + AluSq          SINE/Alu               1    209  (104)  938  
   46   22.0  0.0  0.0  Sniffles2.INS.3E1S11      1    90    (8) + (TA)n          Simple_repeat          1     90    (0)  939  
   27    6.5  5.9  1.9  Sniffles2.INS.3E1S13      6    56    (0) + (AGA)n         Simple_repeat          1     53    (0)  940  
   58    1.6  3.1  0.0  Sniffles2.INS.3E3S31      1    64    (0) + (AAAG)n        Simple_repeat          1     66    (0)  941  
   61    0.0  0.0  0.0  Sniffles2.INS.3E4S38      1    55    (6) + (T)n           Simple_repeat          1     55    (0)  942  
  357   10.2  4.1  0.0  Sniffles2.INS.3E5S38      9    57    (0) + AluYh7         SINE/Alu              55    105  (206)  943  
  499   13.2  1.3  0.0  Sniffles2.INS.3EDS35     53   128    (0) C L1M2           LINE/L1            (593)   5707   5631  944  
   12   26.7  2.0  2.0  Sniffles2.INS.3EES11     19    69  (103) + (CAGGTCC)n     Simple_repeat          1     51    (0)  945  
   52    3.7  0.0  0.0  Sniffles2.INS.3EFS35      1    56    (3) + (T)n           Simple_repeat          1     56    (0)  946  
  396   18.6  5.0 11.8  Sniffles2.INS.3ES58       1  1109    (1) C HSATII         Satellite            (8)   1033      1  947  
 1039   12.2  0.5  0.8  Sniffles2.INS.3ES8        3  4908    (1) C BSR/Beta       Satellite           (38)   4892      1  948  
  432   13.4  0.0  0.0  Sniffles2.INS.3ESBD       1    67    (1) C BSR/Beta       Satellite            (3)    133     67  949  
  709   12.9  0.0  2.4  Sniffles2.INS.3F2S0      19   145    (2) + L1M2           LINE/L1             3735   3858 (2285)  950  
   26   16.6  3.0  4.5  Sniffles2.INS.3F3S1       3    69    (0) + (AT)n          Simple_repeat          1     66    (0)  951  
   60    5.2  0.8  9.1  Sniffles2.INS.3F3S31      1   121    (1) + (AATATAT)n     Simple_repeat          1    111    (0)  952  
   68   21.4  3.7  7.0  Sniffles2.INS.3F6S11      1   295    (3) + G-rich         Low_complexity         1    286    (0)  953  
  200   11.4  7.0  0.0  Sniffles2.INS.3F7S35      1   387    (1) + (TA)n          Simple_repeat          1    414    (0)  954  
   83    1.1  0.0  0.0  Sniffles2.INS.3FAS35      1    93    (0) + (A)n           Simple_repeat          1     93    (0)  955  
   76   12.4  4.8  2.4  Sniffles2.INS.3FBS4       1   166    (2) + (ATATTAT)n     Simple_repeat          1    170    (0)  956  
  477    2.4  1.2  1.2  Sniffles2.INS.3FES2       4    88    (0) C SVA_F          Retroposon/SVA     (592)    783    699  957  
  249   21.7  0.0  0.0  Sniffles2.INS.3FS2B       4    49   (11) + AluJr4         SINE/Alu             234    279   (33)  958  
  779   17.7  0.0  0.0  Sniffles2.INS.3FS2F       3   170    (0) + ALR/Alpha      Satellite/centr        1    168    (0)  959  
  437   25.5  0.0  0.9  Sniffles2.INS.3FS8        3   109  (504) C BSR/Beta       Satellite            (3)    133     28  960  
 2466   17.3  0.8  0.8  Sniffles2.INS.3FS8      112   606    (7) + LSAU           Satellite              3    497    (1)  961  
  805   10.4  0.0  0.0  Sniffles2.INS.3FSBD       2   135    (1) C BSR/Beta       Satellite           (44)    134      1  962  
  253   11.4  2.3  0.0  Sniffles2.INS.3S11       16    59    (2) C MER4B-int      LTR/ERV1          (5563)   1195   1151  963  
  256   19.3  0.0  0.0  Sniffles2.INS.3S17        2    58    (1) C TAR1           Satellite/subtelo (1374)    736    680  964  
   61    3.9  1.2  3.6  Sniffles2.INS.3S2A        6    90    (0) + (CTTT)n        Simple_repeat          1     83    (0)  965  
  350   16.1  0.0  3.6  Sniffles2.INS.3S2B       10    67    (0) + Alu            SINE/Alu              85    140   (26)  966  
  392   15.8 11.2  3.8  Sniffles2.INS.3S2C        3   202   (23) + HSATII         Satellite              1    214    (4)  967  
 1168   13.7  1.0  0.2  Sniffles2.INS.3S2F        1   847    (1) + ALR/Alpha      Satellite/centr        1    854    (0)  968  
  707   18.8  0.0  0.0  Sniffles2.INS.3S30        1   171    (0) + ALR/Alpha      Satellite/centr        1    171    (1)  969  
  274   17.1 12.9  0.0  Sniffles2.INS.3S32        3    72    (0) + L1MB2          LINE/L1             5976   6054  (117)  970  
   15   32.4  0.0  0.0  Sniffles2.INS.3S3D        3    49    (1) + (TA)n          Simple_repeat          1     47    (0)  971  
  729   16.1  0.0  0.0  Sniffles2.INS.3S5D        1   170    (0) + ALR/Alpha      Satellite/centr        1    170    (0)  972  
 1116   12.0  4.9  0.0  Sniffles2.INS.3S77       10   256    (7) C ALR/Alpha      Satellite/centr      (0)    259      1  973  
  662   18.7  2.2  0.0  Sniffles2.INS.3S8         3   191    (1) + BSR/Beta       Satellite              1    193   (48)  974  
 4808    1.6  0.2  0.7  Sniffles2.INS.3SA7        1   585 (2082) + LSU-rRNA_Hsa   rRNA                4454   5035    (0)  975  
   24   15.5  7.0  0.0  Sniffles2.INS.3SA7      586   642 (2025) + (CG)n          Simple_repeat          1     61    (0)  976  
   14   13.3  9.8  0.0  Sniffles2.INS.3SA7      633   673 (1994) + (CGTC)n        Simple_repeat          1     45    (0)  977 *
   13   21.1  9.0  1.4  Sniffles2.INS.3SA7      840   906 (1761) + (GCCGCG)n      Simple_repeat          1     72    (0)  978  
   48    0.0  3.9  0.0  Sniffles2.INS.3SA7     1548  1598 (1069) + (TTTC)n        Simple_repeat          1     53    (0)  979  
   12   13.9  0.0  0.0  Sniffles2.INS.3SA7     1603  1626 (1041) + (CTCG)n        Simple_repeat          1     24    (0)  980  
  102   11.0  2.0  1.0  Sniffles2.INS.3SA7     1630  1829  (838) + (TC)n          Simple_repeat          1    202    (0)  981  
   27    2.9  0.0  0.0  Sniffles2.INS.3SA7     1830  1864  (803) + (CCTC)n        Simple_repeat          1     35    (0)  982  
   48    2.0  1.9  0.0  Sniffles2.INS.3SA7     2321  2372  (295) + (TTTC)n        Simple_repeat          1     53    (0)  983  
   12   13.9  0.0  0.0  Sniffles2.INS.3SA7     2377  2400  (267) + (CTCG)n        Simple_repeat          1     24    (0)  984  
  112   10.5  1.9  0.9  Sniffles2.INS.3SA7     2404  2611   (56) + (TC)n          Simple_repeat          1    210    (0)  985  
   22    0.0  0.0  0.0  Sniffles2.INS.3SA7     2614  2640   (27) + (CCCT)n        Simple_repeat          1     27    (0)  986  
   57    0.0  6.1  3.6  Sniffles2.INS.403S1       1    82    (0) + (TTCC)n        Simple_repeat          1     84    (0)  987  
 1134   12.1  0.3  0.6  Sniffles2.INS.403S33      3   684    (0) + ALR/Alpha      Satellite/centr        1    679    (0)  988  
   44    3.2  7.8  0.0  Sniffles2.INS.404S2       1    64    (7) + (CT)n          Simple_repeat          1     69    (0)  989  
  251    2.1  0.0  4.2  Sniffles2.INS.40AS31      1    50    (0) C SVA_F          Retroposon/SVA     (632)    743    696  990  
   30    8.0  0.0  8.5  Sniffles2.INS.40AS35      1    64    (2) + (ATATAC)n      Simple_repeat          1     59    (0)  991  
   43    2.5  0.0  0.0  Sniffles2.INS.40AS3A     15    55    (1) + (AG)n          Simple_repeat          1     41    (0)  992  
  772   15.6  2.8  0.0  Sniffles2.INS.40CS4       1   146    (5) C AluSx          SINE/Alu             (8)    294     86  993  
   32   22.9  0.0  0.0  Sniffles2.INS.40ES1       3    70    (0) + (TA)n          Simple_repeat          1     68    (0)  994  
 2889    0.3  0.3  0.3  Sniffles2.INS.40ES3A     17   327    (6) + AluYa5         SINE/Alu               1    311    (0)  995  
  938   13.8  3.2  0.8  Sniffles2.INS.40S2F       1   167    (1) + ALR/Alpha      Satellite/centr        1    171    (0)  996  
  296   20.9  3.4 10.0  Sniffles2.INS.40S58       2   228    (2) C HSATII         Satellite            (4)    211      1  997  
  990   15.7  0.3  0.8  Sniffles2.INS.40S8        9  1687  (503) C BSR/Beta       Satellite            (0)   1671      1  998  
 2568   16.3  0.8  0.6  Sniffles2.INS.40S8     1690  2183    (7) + LSAU           Satellite              3    497    (1)  999  
  880   14.4  0.0  0.0  Sniffles2.INS.40SB0       5   168    (0) + ALR/Alpha      Satellite/centr        1    164    (0) 1000  
  893   14.4  0.3  0.7  Sniffles2.INS.40SBD       2   340    (0) C BSR/Beta       Satellite           (37)    337      1 1001  
   32    7.9  1.7  3.5  Sniffles2.INS.410S31      1    58    (3) + (AT)n          Simple_repeat          1     57    (0) 1002  
  245    6.7  0.0  0.0  Sniffles2.INS.412S31      9    38   (18) + Tigger1        DNA/TcMar-Tigger    1573   1602  (816) 1003  
  388    4.0  2.0  0.0  Sniffles2.INS.414S31      1    50    (0) + Alu            SINE/Alu             158    208   (93) 1004  
   28    6.8  2.1  2.1  Sniffles2.INS.415S35      2    49    (1) + (TATATAA)n     Simple_repeat          1     48    (0) 1005  
 2081    2.3  7.2  0.0  Sniffles2.INS.416S3A      8   302    (0) C AluY           SINE/Alu             (0)    301      1 1006  
   17   13.7  0.0 12.7  Sniffles2.INS.418S1       5    66    (0) + A-rich         Low_complexity         1     55    (0) 1007  
  507   30.4  0.0  3.9  Sniffles2.INS.419S2       9   169    (0) C MLT1I          LTR/ERVL-MaLR      (197)    214     60 1008  
   23   23.4  0.0  3.6  Sniffles2.INS.419S31      1    57    (1) + (AT)n          Simple_repeat          1     55    (0) 1009  
   51    5.5  3.9  1.3  Sniffles2.INS.419S4       1    77    (1) + (TA)n          Simple_repeat          1     79    (0) 1010  
  618   15.0  1.6  8.6  Sniffles2.INS.41AS1       1   124   (19) + FLAM_C         SINE/Alu               3    118   (15) 1011  
   39    5.8  0.0  3.5  Sniffles2.INS.41BS13     44   102    (0) + (CATCACCAT)n   Simple_repeat          1     57    (0) 1012  
   36   21.9  0.0  0.0  Sniffles2.INS.41CS11      1    77    (1) + (ACT)n         Simple_repeat          1     77    (0) 1013  
   53   25.6  4.3  0.0  Sniffles2.INS.41DS37      1   162    (0) + (GTGATG)n      Simple_repeat          1    169    (0) 1014  
   18    0.0  0.0  0.0  Sniffles2.INS.41ES1      19    38    (8) + (TA)n          Simple_repeat          1     20    (0) 1015  
  270   12.5 10.0  3.1  Sniffles2.INS.41FS3A      3   810    (1) + (ATGAA)n       Simple_repeat          1    862    (0) 1016  
  264   18.8  0.0  2.1  Sniffles2.INS.41S2B       1    48    (7) + AluSc          SINE/Alu             224    270   (39) 1017  
 1061   12.4  1.3  0.0  Sniffles2.INS.41S2F       3   337    (1) + ALR/Alpha      Satellite/centr        1    339    (0) 1018  
  986   12.8  0.5  0.5  Sniffles2.INS.41SBD       1   536    (9) C BSR/Beta       Satellite            (9)    535      1 1019  
  599   11.9  7.0  0.0  Sniffles2.INS.420S13      1    14  (108) C AluSx          SINE/Alu           (117)    185     13 1020  
  449   25.0  5.6  0.0  Sniffles2.INS.420S13     15   122    (0) + SVA_A          Retroposon/SVA       123    236 (1151) 1021  
  585   16.7  7.3  2.3  Sniffles2.INS.420S3A      1  1678    (3) + (GATGA)n       Simple_repeat          1   1760    (0) 1022  
   56   27.3  0.0  0.0  Sniffles2.INS.421S11      2   138    (3) + (TGGTGA)n      Simple_repeat          1    137    (0) 1023  
   39    4.8  9.2  0.0  Sniffles2.INS.422S35      2    67    (0) + (TA)n          Simple_repeat          1     72    (0) 1024  
  734   10.2  5.9  0.8  Sniffles2.INS.422S4       1   118    (0) C MER4A1         LTR/ERV1             (1)    471    348 1025  
   27   16.9  3.3  0.0  Sniffles2.INS.423S35      1    61    (1) + (ATGTAT)n      Simple_repeat          1     63    (0) 1026  
   25   11.4  6.2  0.0  Sniffles2.INS.425S3A      4    51    (2) + (AT)n          Simple_repeat          1     51    (0) 1027  
   37    0.0  5.9  0.0  Sniffles2.INS.42BS1       1    51    (0) + (AAAG)n        Simple_repeat          1     54    (0) 1028  
  392   12.7  0.0  0.0  Sniffles2.INS.42ES31      8    62   (12) + SVA_C          Retroposon/SVA       336    390  (994) 1029  
  546   12.2  0.0  0.0  Sniffles2.INS.42FS38     11    84    (0) C AluJb          SINE/Alu            (14)    298    225 1030  
 1031   14.0  0.7  4.2  Sniffles2.INS.42S2F       1   678    (2) + ALR/Alpha      Satellite/centr        1    653    (0) 1031  
  936   13.7  0.3  0.6  Sniffles2.INS.42SBD       1  1024    (1) C BSR/Beta       Satellite           (10)   1021      1 1032  
  306   10.7  5.3  1.7  Sniffles2.INS.430S2       1    57    (0) + L1M1           LINE/L1              489    547 (7018) 1033  
 1453   10.3  4.0  1.8  Sniffles2.INS.432S35     20   295    (3) C L1PB           LINE/L1           (1252)   4894   4613 1034  
   27   28.0  3.3  0.0  Sniffles2.INS.432S4       1    90    (2) + (AT)n          Simple_repeat          1     93    (0) 1035  
 1111   12.5  1.9  2.0  Sniffles2.INS.434S23     16  2763    (0) + (TGGAA)n       Simple_repeat          1   2746    (0) 1036  
  238    8.3  0.0  2.8  Sniffles2.INS.434S37     14    50   (23) C L1PA8A         LINE/L1            (448)   5683   5648 1037  
 1140    9.9  2.2  1.1  Sniffles2.INS.435S37      1   184   (96) + L1P3           LINE/L1             3896   4081 (2065) 1038  
   25    8.6  3.5  7.3  Sniffles2.INS.437S13      1    57    (4) + (CA)n          Simple_repeat          1     55    (0) 1039  
   39    6.7  6.3  0.0  Sniffles2.INS.437S31      2    64    (0) + (AT)n          Simple_repeat          1     67    (0) 1040  
   19   18.1  0.0 10.7  Sniffles2.INS.439S4       1    62   (11) + (AT)n          Simple_repeat          1     56    (0) 1041  
28515    1.3  0.1  0.1  Sniffles2.INS.43ES0       8  6043   (74) + L1HS           LINE/L1              124   6155    (0) 1042  
   64    2.8  0.0  0.0  Sniffles2.INS.43ES0    6044  6117    (0) + (A)n           Simple_repeat          1     74    (0) 1043  
   25   15.8  5.1  1.6  Sniffles2.INS.43ES13      6    64    (0) + (AC)n          Simple_repeat          1     61    (0) 1044  
   38   12.1  5.6  0.0  Sniffles2.INS.43FS35      1    72    (5) + (AT)n          Simple_repeat          1     76    (0) 1045  
  312   20.8  0.0  0.0  Sniffles2.INS.43S2B       1    53    (5) + Alu            SINE/Alu              92    144   (22) 1046  
 1085   12.2  1.3  0.0  Sniffles2.INS.43S2F       8   337    (0) + ALR/Alpha      Satellite/centr        1    334    (0) 1047  
   30   10.5  0.0  0.0  Sniffles2.INS.43S58      29    79  (252) + (TGGAA)n       Simple_repeat          1     51    (0) 1048  
  397   19.9  5.4  4.4  Sniffles2.INS.43S58     102   330    (1) C HSATII         Satellite            (4)    231      1 1049  
 1169   13.2  1.6  1.0  Sniffles2.INS.43SB0       1   504    (6) + ALR/Alpha      Satellite/centr        1    507    (0) 1050  
  371   15.4  0.0  0.0  Sniffles2.INS.43SBD       3    67    (1) C BSR/Beta       Satellite            (6)    130     66 1051  
   43    9.1  0.0  0.0  Sniffles2.INS.440S4       3    61    (0) + (TA)n          Simple_repeat          1     59    (0) 1052  
  144   16.8  6.0  1.1  Sniffles2.INS.441S35      1   353    (3) + (AT)n          Simple_repeat          1    370    (0) 1053  
   32    0.0  0.0  0.0  Sniffles2.INS.442S1       1    30   (19) + (TTTC)n        Simple_repeat          1     30    (0) 1054  
   20   14.2  4.1  2.0  Sniffles2.INS.443S13      1     6   (44) + (GGTGCA)n      Simple_repeat          1     14   (36) 1055  
   13   21.6  0.0  0.0  Sniffles2.INS.443S13      7    38   (12) + (GGT)n         Simple_repeat          1     32    (0) 1056  
   20   14.2  4.1  2.0  Sniffles2.INS.443S13     39    49    (1) + (GGTGCA)n      Simple_repeat         15     50    (0) 1055  
  495    1.6  3.3  0.0  Sniffles2.INS.444S31      3    63    (7) + L1PA3          LINE/L1             6061   6123   (32) 1057  
   47   18.9  3.9  0.0  Sniffles2.INS.445S13      1   104    (2) + (TG)n          Simple_repeat          1    108    (0) 1058  
   95    8.0  3.6  2.4  Sniffles2.INS.447S4       1   167    (8) + (TATATAT)n     Simple_repeat          1    169    (0) 1059  
   40    6.4  0.0  0.0  Sniffles2.INS.448S2       1    50    (0) + (CTT)n         Simple_repeat          1     50    (0) 1060  
   34   13.4  2.5  3.9  Sniffles2.INS.448S31      1    79    (0) + (ATAATAT)n     Simple_repeat          1     78    (0) 1061  
  252   13.2 13.2  0.0  Sniffles2.INS.44AS1       7    59    (0) + AluSx          SINE/Alu              65    124  (178) 1062  
   29    4.7  0.0  8.3  Sniffles2.INS.44DS4      28    79    (1) + (AT)n          Simple_repeat          1     48    (0) 1063  
  539    4.9  4.8  1.2  Sniffles2.INS.44FS2       9    91    (0) + MER1A          DNA/hAT-Charlie      281    366  (163) 1064  
  968   13.8  3.2  0.0  Sniffles2.INS.44S2F       1   166    (1) + ALR/Alpha      Satellite/centr        1    171    (0) 1065  
  401   18.5  3.7 14.6  Sniffles2.INS.44S58      17   579    (4) C HSATII         Satellite            (7)    501      1 1066  
  243   13.9  7.0  0.0  Sniffles2.INS.450S1      40    82   (12) + MER21C         LTR/ERVL              19     64  (874) 1067  
   97   13.8  2.6  5.0  Sniffles2.INS.450S23      4   230    (0) + GA-rich        Low_complexity         1    222    (0) 1068  
   28   20.3  0.0  0.0  Sniffles2.INS.451S2       1    53    (1) + (AT)n          Simple_repeat          1     53    (0) 1069  
   73    0.0  1.5  0.0  Sniffles2.INS.452S31      1    66    (0) + (AT)n          Simple_repeat          1     67    (0) 1070  
  264   24.2  9.0  3.6  Sniffles2.INS.453S4      73   205  (142) + HAL1           LINE/L1             2036   2175  (332) 1071  
  302    2.0  0.0  2.0  Sniffles2.INS.458S1       3    53    (0) C SVA_F          Retroposon/SVA     (634)    741    692 1072  
  320   10.0  0.0  0.0  Sniffles2.INS.45ES2       1    40   (25) + AluSg4         SINE/Alu             106    145  (165) 1073  
   13   20.6  0.0  4.9  Sniffles2.INS.45S17      19    61    (1) + (ATATAA)n      Simple_repeat          1     41    (0) 1074  
  305   21.9  3.1  0.0  Sniffles2.INS.45S2B       1    64    (0) + FRAM           SINE/Alu              90    155   (11) 1075  
  968   13.8  3.2  0.0  Sniffles2.INS.45S2F       1   166    (1) + ALR/Alpha      Satellite/centr        1    171    (0) 1076  
  460   19.0  4.8  6.8  Sniffles2.INS.45S58       3  1522    (0) C HSATII         Satellite           (30)   1489      1 1077  
   61    0.0  0.0  0.0  Sniffles2.INS.461S23      5    56    (0) + (AC)n          Simple_repeat          1     52    (0) 1078  
  225   19.1  4.3  0.0  Sniffles2.INS.461S4      99   145   (42) C AluYh9         SINE/Alu           (116)    195    147 1079  
  133   20.6  1.5  0.0  Sniffles2.INS.465S2       1   270    (4) + (AT)n          Simple_repeat          1    274    (0) 1080  
   61    0.0  0.0  0.0  Sniffles2.INS.466S38      2    56    (0) + (G)n           Simple_repeat          1     55    (0) 1081  
   47    0.0  0.0  0.0  Sniffles2.INS.467S4     178   217  (165) + (GT)n          Simple_repeat          1     40    (0) 1082  
 2918    0.3  0.3  0.0  Sniffles2.INS.468S3A     17   326    (9) + AluYa5         SINE/Alu               1    311    (0) 1083  
  261   20.0  2.9  4.5  Sniffles2.INS.468S4       2    69    (1) C MLT1B          LTR/ERVL-MaLR      (302)     88     22 1084  
  404    0.0  0.3  0.6  Sniffles2.INS.46CS31      1   357    (0) + (AAAGG)n       Simple_repeat          1    356    (0) 1085  
 1033    0.7  1.8  0.0  Sniffles2.INS.46DS3A      1   965    (0) + (AT)n          Simple_repeat          1    982    (0) 1086  
   20   10.8 12.0  0.0  Sniffles2.INS.46ES38      1    50    (2) + (TA)n          Simple_repeat          1     56    (0) 1087  
   42    0.0  7.0  1.7  Sniffles2.INS.46FS38     12    68    (2) + (ATATA)n       Simple_repeat          1     60    (0) 1088  
  449   12.3  0.0  0.0  Sniffles2.INS.46S58       1    73    (0) + ALR/Alpha      Satellite/centr       58    130   (41) 1089  
 1053   12.7  0.6  1.7  Sniffles2.INS.46S8        2  2247    (1) C BSR/Beta       Satellite            (0)   2220      1 1090  
  337   12.5  3.1  1.5  Sniffles2.INS.470S1       1    65   (77) + MER77B         LTR/ERVL              30     95  (605) 1091  
   16    0.0  0.0  0.0  Sniffles2.INS.473S33     36    53   (15) + (TA)n          Simple_repeat          1     18    (0) 1092  
   49    0.0  2.1  0.0  Sniffles2.INS.473S35      1    48    (3) + (TTC)n         Simple_repeat          1     49    (0) 1093  
   13   16.7  4.8  2.3  Sniffles2.INS.479S35      4    45   (26) + (TATATGT)n     Simple_repeat          1     43    (0) 1094  
   23   27.5  2.9  0.0  Sniffles2.INS.479S35     46    71    (0) + (TA)n          Simple_repeat          3     72    (0) 1095  
  307    5.7  9.4  0.0  Sniffles2.INS.47AS23      1    53   (19) + THE1D          LTR/ERVL-MaLR        117    174  (207) 1096  
   47    0.0  2.0  2.0  Sniffles2.INS.47AS4       1    51    (0) + (TTCT)n        Simple_repeat          1     51    (0) 1097  
   33    8.7  2.0  0.0  Sniffles2.INS.47DS38      1    50    (3) + (TA)n          Simple_repeat          1     51    (0) 1098  
  696   18.3  0.0  0.0  Sniffles2.INS.47S2      434   537  (998) + AluJo          SINE/Alu               1    104  (208) 1099  
 2708   21.1 12.7  3.6  Sniffles2.INS.47S2      687  1513   (22) C MER21A         LTR/ERVL            (31)    900      1 1100  
  331   19.6  0.0  0.0  Sniffles2.INS.47S2B      10    65    (4) + AluYk2         SINE/Alu             224    279   (32) 1101  
 1073   14.5  0.0  0.0  Sniffles2.INS.47S2F       1   341    (0) + ALR/Alpha      Satellite/centr        1    341    (0) 1102  
   54   14.2  1.0  1.0  Sniffles2.INS.47S4        2    99    (0) + (CTC)n         Simple_repeat          1     98    (0) 1103  
   33    5.7  0.0  0.0  Sniffles2.INS.482S37    105   141   (78) + (AC)n          Simple_repeat          1     37    (0) 1104  
   31   12.8  3.1  3.1  Sniffles2.INS.482S37    151   214    (5) + (TG)n          Simple_repeat          1     64    (0) 1105  
   51    2.0  0.0  0.0  Sniffles2.INS.486S33      1    51   (15) + (TTCCCTTCCT)n  Simple_repeat          1     51    (0) 1106  
   31    9.6  3.6  0.0  Sniffles2.INS.488S23      1    56    (9) + (AT)n          Simple_repeat          1     58    (0) 1107  
  544   18.8  0.0  0.0  Sniffles2.INS.48AS23      1    85  (118) + L1M3           LINE/L1             4828   4912 (1228) 1108  
  537   18.8  0.0  0.0  Sniffles2.INS.48AS23     92   203    (0) + L1M3           LINE/L1             4716   4827 (1313) 1109  
   30   21.9  1.5  0.0  Sniffles2.INS.48BS23      1    65   (12) + (TG)n          Simple_repeat          1     66    (0) 1110  
   26   17.3  0.0  0.0  Sniffles2.INS.48DS35     18    63    (0) + (T)n           Simple_repeat          1     46    (0) 1111  
   26   22.6  0.0  0.0  Sniffles2.INS.48FS38      1    54    (5) + (AT)n          Simple_repeat          1     54    (0) 1112  
 1106   11.5  0.0  0.0  Sniffles2.INS.48S58       1   170    (1) + ALR/Alpha      Satellite/centr        1    170    (0) 1113  
  756   15.6  0.0  8.8  Sniffles2.INS.48SBD      44   248    (2) + BSR/Beta       Satellite              1    187    (0) 1114  
  266   15.4  0.0  0.0  Sniffles2.INS.490S2      13    51   (19) C MER63D         DNA/hAT-Tip100     (696)    365    327 1115  
   20    6.7  0.0  3.0  Sniffles2.INS.493S31     67   100    (1) + (CTTT)n        Simple_repeat          1     33    (0) 1116  
   24    4.4  5.7  5.7  Sniffles2.INS.494S38      1    12   (41) + (CTTT)n        Simple_repeat          1     51    (0) 1117  
   15   12.9  2.6  5.3  Sniffles2.INS.494S38     13    51    (2) + (TTC)n         Simple_repeat          1     38    (0) 1118  
   43    0.0  3.9  1.9  Sniffles2.INS.495S31      1    51    (0) + (CTTT)n        Simple_repeat          1     52    (0) 1119  
   53   26.1  0.0  2.3  Sniffles2.INS.497S38      6   138    (3) + (AT)n          Simple_repeat          1    130    (0) 1120  
  478   26.9  1.1  0.0  Sniffles2.INS.499S31      4    96    (9) + FordPrefect_a  DNA/hAT-Tip100       286    379  (129) 1121  
   56    1.7  1.6  1.6  Sniffles2.INS.49AS33      1    63    (5) + (AAAG)n        Simple_repeat          1     63    (0) 1122  
  326    9.6  0.0  1.9  Sniffles2.INS.49S25       1    53   (21) C L1P1           LINE/L1           (6101)     54      3 1123  
 1200    9.4  0.6  0.3  Sniffles2.INS.49S58       1   679    (3) + ALR/Alpha      Satellite/centr        1    680    (0) 1124  
   40   11.5  0.0  1.4  Sniffles2.INS.4A1S4       1    70    (4) + (TA)n          Simple_repeat          1     69    (0) 1125  
   41    0.0  5.4  0.0  Sniffles2.INS.4A2S31      1    56    (0) + (AAGA)n        Simple_repeat          1     59    (0) 1126  
  182   17.5  2.5  0.0  Sniffles2.INS.4A2S3A      1    40  (113) + L2             LINE/L2             2608   2648  (771) 1127  
  706   11.0  0.0  0.0  Sniffles2.INS.4A2S3A     45   135   (18) + AluSg          SINE/Alu             156    246   (64) 1128  
  121    5.9  5.6  4.3  Sniffles2.INS.4A3S31      3   233    (2) + (GTG)n         Simple_repeat          1    234    (0) 1129  
  239   10.5  3.8  3.4  Sniffles2.INS.4A4S31      3   472    (0) + (GTG)n         Simple_repeat          1    472    (0) 1130  
  140    8.1  1.4  8.8  Sniffles2.INS.4A5S33      1   294    (0) + (TA)n          Simple_repeat          1    274    (0) 1131  
   47    0.0  2.3  0.0  Sniffles2.INS.4A6S3A      7    50    (1) + (CT)n          Simple_repeat          1     45    (0) 1132  
  650    6.2  0.7  3.9  Sniffles2.INS.4AAS38      2   142    (1) + SVA_F          Retroposon/SVA       627    855  (520) 1133  
  239    9.6  3.6  5.6  Sniffles2.INS.4ADS22     74   128    (0) C L1PA3          LINE/L1              (1)   6154   6101 1134  
  249    6.1  0.0  3.1  Sniffles2.INS.4AES3A     22    54    (4) C AluSp          SINE/Alu            (88)    225    194 1135  
 1014    8.5  0.0  0.0  Sniffles2.INS.4AS25       1   281    (9) C ACRO1          Satellite/acro       (7)    281      1 1136  
 1145    7.8  0.0  0.0  Sniffles2.INS.4AS2B       2   142   (98) + AluYa5         SINE/Alu               1    141  (170) 1137  
  593   20.0  5.5  0.7  Sniffles2.INS.4AS2B      15   160   (80) C SVA_B          Retroposon/SVA    (1068)    315    163 1138 *
  701    2.6  0.0  0.0  Sniffles2.INS.4AS2B     131   207   (33) + AluYa5         SINE/Alu             222    298   (13) 1139  
  246   14.7  0.0  0.0  Sniffles2.INS.4AS2B     207   240    (0) + Alu            SINE/Alu              96    129   (37) 1140 *
  895   15.9  1.7  0.0  Sniffles2.INS.4AS2F       1   338    (0) + ALR/Alpha      Satellite/centr        1    343    (0) 1141  
 1023   12.7  0.6  0.0  Sniffles2.INS.4AS58       1   165    (5) + ALR/Alpha      Satellite/centr        6    171    (0) 1142  
  981    9.6  0.0  0.0  Sniffles2.INS.4B1S11     18   142    (0) C AluSc8         SINE/Alu            (15)    296    172 1143  
  270    6.0 34.3  4.4  Sniffles2.INS.4B2S3A      1    70   (16) + AluY           SINE/Alu             119    208   (93) 1144  
  161   20.3  1.5  3.1  Sniffles2.INS.4B3S35      2   396    (0) + (TCCT)n        Simple_repeat          1    389    (0) 1145  
  362    8.5  0.7  2.2  Sniffles2.INS.4B4S35      2   554    (0) + (CCTC)n        Simple_repeat          1    545    (0) 1146  
   22   26.4  0.0  4.2  Sniffles2.INS.4B5S4       1    75    (0) + (CCT)n         Simple_repeat          1     72    (0) 1147  
   78    8.3  0.0  0.0  Sniffles2.INS.4B6S1       1   105    (0) + (G)n           Simple_repeat          1    105    (0) 1148  
   24    4.6  6.1  4.0  Sniffles2.INS.4B6S31      2    50    (2) + (AAG)n         Simple_repeat          1     50    (0) 1149  
   95    2.7  5.2  0.0  Sniffles2.INS.4B7S31      1   115    (0) + (AT)n          Simple_repeat          1    121    (0) 1150  
   53   15.5  2.6  2.6  Sniffles2.INS.4B9S31      1   113    (0) + (TA)n          Simple_repeat          1    113    (0) 1151  
   23   21.5  4.5  0.0  Sniffles2.INS.4B9S38      3    68    (1) + (CACCAT)n      Simple_repeat          1     69    (0) 1152  
 1583    4.7  0.0  0.0  Sniffles2.INS.4BS25       1   192    (0) + L1PA3          LINE/L1             5892   6083   (72) 1153  
 1212   13.9  1.1  0.2  Sniffles2.INS.4BS2F       1  1016    (3) + ALR/Alpha      Satellite/centr        1   1025    (0) 1154  
 1253    8.1  0.0  5.5  Sniffles2.INS.4BS58       1   368    (1) + ALR/Alpha      Satellite/centr        1    347    (1) 1155  
   81   13.1  1.9  3.8  Sniffles2.INS.4C0S1       1   162    (2) + (AT)n          Simple_repeat          1    159    (0) 1156  
  319   11.6  0.0  0.0  Sniffles2.INS.4C0S33      1    43   (93) C Alu            SINE/Alu           (259)     43      1 1157  
  624   21.0  1.6  1.6  Sniffles2.INS.4C0S33     44   135    (1) C AluJb          SINE/Alu           (167)    135     44 1158  
   33   23.5  3.9  1.9  Sniffles2.INS.4C3S38      1   124    (2) + (CCTT)n        Simple_repeat          1    126    (0) 1159  
   32    1.9 11.3  0.0  Sniffles2.INS.4C4S33      2    54    (0) + (TA)n          Simple_repeat          1     59    (0) 1160  
  398   17.0  0.0  1.4  Sniffles2.INS.4C7S38      4    88    (1) C L1MEc          LINE/L1           (3948)   2373   2291 1161  
   51    0.0  0.0  2.0  Sniffles2.INS.4C7S3A      1    51    (0) + (AAGA)n        Simple_repeat          1     50    (0) 1162  
  227   18.2  2.3  0.0  Sniffles2.INS.4CDS3A      1    44    (9) + L1M1           LINE/L1              142    186 (7379) 1163  
   17    9.5  5.9  0.0  Sniffles2.INS.4CES31      1    34   (63) + A-rich         Low_complexity         1     36    (0) 1164  
   48    4.8  3.0  1.5  Sniffles2.INS.4CES3A      1    66    (3) + (TA)n          Simple_repeat          1     67    (0) 1165  
  111   12.7  2.3  2.8  Sniffles2.INS.4CES4       2   216    (1) + GA-rich        Low_complexity         1    214    (0) 1166  
   44    0.0  0.0  2.3  Sniffles2.INS.4CS23       4    48    (2) + (TCTT)n        Simple_repeat          1     44    (0) 1167  
 3052    3.8  0.3  0.3  Sniffles2.INS.4CS25      35   400    (2) + L1PA3          LINE/L1             5785   6150    (5) 1168  
  279   23.1  0.0  0.0  Sniffles2.INS.4CS2B      12    63   (11) + AluYi6         SINE/Alu             224    275   (36) 1169  
  789   16.3  0.0  0.0  Sniffles2.INS.4CS2F       1   170    (1) + ALR/Alpha      Satellite/centr        1    170    (0) 1170  
  721    6.4  1.0  7.3  Sniffles2.INS.4CS8        4   134    (1) C BSR/Beta       Satellite           (47)    122      1 1171  
   31   16.8  0.0  0.0  Sniffles2.INS.4D0S3A      1    54    (0) + G-rich         Low_complexity         1     54    (0) 1172  
   36   35.3  1.6  0.8  Sniffles2.INS.4D3S1       3   130   (30) + (AT)n          Simple_repeat          1    129    (0) 1173  
  291   20.6  0.0  1.6  Sniffles2.INS.4D3S38     10    73    (0) + MER53          DNA/hAT-Blackjack    119    181   (12) 1174  
  518    2.6  0.0  1.3  Sniffles2.INS.4D7S1       1    77    (1) C SVA_F          Retroposon/SVA     (523)    852    777 1175  
  433    7.7  0.0  0.0  Sniffles2.INS.4D7S33      1    52    (0) C AluSg          SINE/Alu           (121)    189    138 1176  
   51    0.0  0.0  0.0  Sniffles2.INS.4D7S3A      1    46    (0) + (CTTC)n        Simple_repeat          1     46    (0) 1177  
   27   18.4  1.9  0.0  Sniffles2.INS.4D8S33      7    58    (1) + (TA)n          Simple_repeat          1     53    (0) 1178  
   21   25.2  0.0  0.0  Sniffles2.INS.4DAS38      1    48    (6) + (TT)n          Simple_repeat          1     48    (0) 1179  
   18   17.4  0.0  7.8  Sniffles2.INS.4DCS3A      1    55    (1) + G-rich         Low_complexity         1     51    (0) 1180  
   36   18.9  2.9  3.9  Sniffles2.INS.4DDS1       1   103    (1) + (CAC)n         Simple_repeat          1    102    (0) 1181  
   31   12.5  0.0  1.8  Sniffles2.INS.4DDS33      1    56    (2) + (CTTC)n        Simple_repeat          1     55    (0) 1182  
   41   22.4  4.5  3.2  Sniffles2.INS.4DES1       2   155    (2) + (CCACCT)n      Simple_repeat          1    156    (0) 1183  
   44    5.7  1.8  0.0  Sniffles2.INS.4DES3A      1    55    (0) + (AC)n          Simple_repeat          1     56    (0) 1184  
   34    7.2  3.0  6.2  Sniffles2.INS.4DFS33      3    68    (3) + (TA)n          Simple_repeat          1     64    (0) 1185  
  411   19.1  1.2  0.0  Sniffles2.INS.4DS25      16    99    (0) C ALR/Alpha      Satellite/centr     (40)    131     47 1186  
  248   12.1  0.0  0.0  Sniffles2.INS.4DS2B      13    45    (0) + AluJb          SINE/Alu             225    257   (55) 1187  
  990   13.4  1.7  0.0  Sniffles2.INS.4DS2F       1   338    (0) + ALR/Alpha      Satellite/centr        1    343    (0) 1188  
  838   14.9  0.0  0.3  Sniffles2.INS.4DS8        2   272    (1) C BSR/Beta       Satellite           (17)    270      1 1189  
   19    0.0  0.0  0.0  Sniffles2.INS.4E0S1       1    24   (28) + (AGGA)n        Simple_repeat          1     24    (0) 1190  
   30    0.0  0.0  0.0  Sniffles2.INS.4E0S1      25    52    (0) + (AGGG)n        Simple_repeat          1     28    (0) 1191  
 1850   11.9  3.8  0.7  Sniffles2.INS.4E0S33      1   288    (8) + Tigger3c       DNA/TcMar-Tigger     170    466  (136) 1192  
  636   30.5 10.5  3.3  Sniffles2.INS.4E1S33     35   517    (0) C L2a            LINE/L2             (23)   3403   2908 1193  
  666   15.5  2.4  0.4  Sniffles2.INS.4E3S1       1   129    (1) C AluSx          SINE/Alu            (82)    220      1 1194  
 2289   10.0  0.3  0.0  Sniffles2.INS.4E3S33     12   301    (4) + AluSx4         SINE/Alu               7    297   (13) 1195  
  318   12.2  0.0  0.0  Sniffles2.INS.4E7S1       7    55   (79) + L1ME3F         LINE/L1             6126   6174   (69) 1196  
  259   23.5 10.3  0.0  Sniffles2.INS.4E7S1      65   132    (2) + L1ME3E         LINE/L1             6043   6117  (125) 1197  
   27   16.1  0.0  6.7  Sniffles2.INS.4E8S33      2    65    (3) + (TA)n          Simple_repeat          1     60    (0) 1198  
 1094   24.3  5.6  0.3  Sniffles2.INS.4EAS31      9  3504    (0) + (AT)n          Simple_repeat          1   3680    (0) 1199  
 1926   21.3  4.0  1.3  Sniffles2.INS.4EBS31      7  5189   (50) + (AT)n          Simple_repeat          1   5321    (0) 1200  
   30    9.4  3.1  6.5  Sniffles2.INS.4EBS4       1    64    (7) + (AT)n          Simple_repeat          1     62    (0) 1201  
  478   15.6  0.0  0.0  Sniffles2.INS.4ECS31      1   778    (0) + (TA)n          Simple_repeat          1    778    (0) 1202  
  464    0.2  3.8  0.6  Sniffles2.INS.4EES38      5   480    (4) + (AAAG)n        Simple_repeat          1    491    (0) 1203  
  865   21.7  0.0  0.0  Sniffles2.INS.4ES25       2   170    (1) C ALR/Alpha      Satellite/centr     (77)    169      1 1204  
  865   15.4  0.0  0.0  Sniffles2.INS.4ES2F       1   172    (0) + ALR/Alpha      Satellite/centr        1    172    (0) 1205  
   63   13.4  0.0  0.0  Sniffles2.INS.4F1S38      1   101    (1) + (ACC)n         Simple_repeat          1    101    (0) 1206  
  412   16.3  5.3  0.0  Sniffles2.INS.4F2S31    118   206    (8) + MLT1A1         LTR/ERVL-MaLR         25    133  (232) 1207  
  839    8.7  0.0  0.0  Sniffles2.INS.4F4S22      1   115    (1) C SVA_B          Retroposon/SVA     (745)    638    524 1208  
  204    0.0  0.0  0.0  Sniffles2.INS.4F5S4       3   175    (0) + (TC)n          Simple_repeat          1    173    (0) 1209  
   41    1.6  6.2  1.5  Sniffles2.INS.4F6S38      1    64    (0) + (AAGA)n        Simple_repeat          1     67    (0) 1210  
 1037    0.2  0.7  0.0  Sniffles2.INS.4F6S4       6   912    (0) + (TC)n          Simple_repeat          1    913    (0) 1211  
   21    4.1  0.0  0.0  Sniffles2.INS.4F9S1     108   132    (0) + (A)n           Simple_repeat          1     25    (0) 1212  
  836   19.7 10.9  1.8  Sniffles2.INS.4FFS33      1   202  (528) + L1PB4          LINE/L1             5887   6106   (50) 1213  
  325   25.6  9.2  9.9  Sniffles2.INS.4FFS33    464   636   (94) C MER103C        DNA/hAT-Charlie    (124)    173      2 1214  
  411   19.1  1.2  0.0  Sniffles2.INS.4FS25      10    93    (7) C ALR/Alpha      Satellite/centr     (40)    131     47 1215  
  345   18.9  0.0  0.0  Sniffles2.INS.4FS2B       1    53    (9) + Alu            SINE/Alu              92    144   (22) 1216  
  386   14.3  0.0  0.0  Sniffles2.INS.4FS8        1    63    (2) C BSR/Beta       Satellite           (46)     90     28 1217  
   38    4.3  2.0  2.0  Sniffles2.INS.4S25       15    64    (0) + (AT)n          Simple_repeat          1     50    (0) 1218  
  819   19.6  0.0  0.0  Sniffles2.INS.4S30        1   168    (2) + ALR/Alpha      Satellite/centr        4    171    (0) 1219  
 1170   15.2  1.4  1.3  Sniffles2.INS.4S65        1  1692    (2) C ALR/Alpha      Satellite/centr     (61)   1693      1 1220  
  875   16.0  0.0  0.2  Sniffles2.INS.4S8         1   405    (1) + BSR/Beta       Satellite              1    403    (0) 1221  
   17    9.1  2.6  5.3  Sniffles2.INS.4SA7        4    42   (10) + (CTGT)n        Simple_repeat          1     38    (0) 1222  
 1066    7.3  0.6  0.0  Sniffles2.INS.4SA8        1   581    (1) C ACRO1          Satellite/acro      (50)    584      1 1223  
  415   13.2  3.9  1.3  Sniffles2.INS.501S31      2    78    (1) C Tigger17d      DNA/TcMar-Tigger   (103)    852    774 1224  
   31    8.0  0.0  7.0  Sniffles2.INS.506S23      8    68    (0) + (TATAC)n       Simple_repeat          1     57    (0) 1225  
  150   11.3  4.0  7.8  Sniffles2.INS.508S23      2   402    (3) + (ATAT)n        Simple_repeat          1    387    (0) 1226  
  509   16.5  8.2  0.0  Sniffles2.INS.509S31     11   107   (25) C MER63A         DNA/hAT-Tip100       (0)    210    106 1227  
   23   10.9 10.0  0.0  Sniffles2.INS.50AS23      1    50    (0) + (AT)n          Simple_repeat          1     55    (0) 1228  
  370    9.1  1.8  0.0  Sniffles2.INS.50AS33     12    66    (2) + THE1D-int      LTR/ERVL-MaLR        350    405 (1226) 1229  
   35   11.9  2.9  1.4  Sniffles2.INS.50BS22      1    68    (0) + GA-rich        Low_complexity         1     69    (0) 1230  
  462   13.2  1.3  1.3  Sniffles2.INS.50CS22      1    77    (0) + SVA_A          Retroposon/SVA       506    582  (805) 1231  
  383   18.8  3.1  0.0  Sniffles2.INS.50S2B       1    64    (0) + Alu            SINE/Alu             225    290   (12) 1232  
  789   16.3  0.0  0.0  Sniffles2.INS.50S2F       1   170    (1) + ALR/Alpha      Satellite/centr        1    170    (0) 1233  
 1300   10.5  0.3  0.0  Sniffles2.INS.50S58       1  1875    (0) + ALR/Alpha      Satellite/centr        1   1881    (0) 1234  
 2602    1.4  0.0  0.7  Sniffles2.INS.50S6       10   348    (1) C AluY           SINE/Alu             (0)    311      1 1235  
  805   13.5  0.8  0.8  Sniffles2.INS.50S8        1   134    (2) C BSR/Beta       Satellite            (2)    134      1 1236  
  577   17.3  0.0  0.0  Sniffles2.INS.510S1       1   104   (55) C L1MA2          LINE/L1            (317)   5987   5884 1237  
  322    7.4 11.6  5.5  Sniffles2.INS.510S1      73   158    (1) C L1MA3          LINE/L1            (226)   6079   5989 1238 *
   99    0.0  1.1  0.0  Sniffles2.INS.511S33      1    88    (0) + (AT)n          Simple_repeat          1     89    (0) 1239  
   20   21.1  2.0  2.0  Sniffles2.INS.513S39      1    51    (1) + (TA)n          Simple_repeat          1     51    (0) 1240  
   17   22.5  0.0  2.3  Sniffles2.INS.514S3A      8    52    (0) + G-rich         Low_complexity         1     44    (0) 1241  
   33   11.0  1.7  0.0  Sniffles2.INS.515S1       2    60    (3) + (TA)n          Simple_repeat          1     60    (0) 1242  
  289    2.1  0.0  2.1  Sniffles2.INS.517S33      1    48    (1) C SVA_F          Retroposon/SVA     (607)    768    722 1243  
   34    6.2  2.0  0.0  Sniffles2.INS.517S3A      1    51    (0) + (TATAATA)n     Simple_repeat          1     52    (0) 1244  
   25   13.1  6.0  0.0  Sniffles2.INS.518S1       1    50    (1) + (AT)n          Simple_repeat          1     53    (0) 1245  
   85    0.0  0.0  0.0  Sniffles2.INS.518S39      1    72    (0) + (TA)n          Simple_repeat          1     72    (0) 1246  
  422   15.7  4.8  0.0  Sniffles2.INS.519S31      3    85    (0) C THE1D-int      LTR/ERVL-MaLR     (1105)    526    440 1247  
   21    0.0 10.3  2.4  Sniffles2.INS.51AS33      2    40   (11) + (TTC)n         Simple_repeat          1     42    (0) 1248  
   76   16.3  5.5  0.0  Sniffles2.INS.51CS22      7   171    (1) + (TA)n          Simple_repeat          1    174    (0) 1249  
   95   17.9  3.4  3.0  Sniffles2.INS.51ES33      1   235   (13) + (AT)n          Simple_repeat          1    236    (0) 1250  
  993   14.1  0.9  3.6  Sniffles2.INS.51S25       4   496  (522) C ALR/Alpha      Satellite/centr     (28)    479      1 1251  
 1075   13.7  0.5  0.2  Sniffles2.INS.51S25     508  1009    (9) C ALR/Alpha      Satellite/centr     (50)    503      1 1251  
  350   16.1  0.0  3.6  Sniffles2.INS.51S2B      21    78   (18) + Alu            SINE/Alu              85    140   (26) 1252  
 1042   13.1  1.5  0.0  Sniffles2.INS.51S2F       4   336    (0) + ALR/Alpha      Satellite/centr        1    337    (0) 1253  
  720   16.2  2.3  0.0  Sniffles2.INS.51S8        1   192    (7) C BSR/Beta       Satellite            (7)    196      1 1254  
   23   13.6  0.0  0.0  Sniffles2.INS.520S1      11    51    (8) + (GAAG)n        Simple_repeat          1     41    (0) 1255  
  462   22.2  7.7  0.0  Sniffles2.INS.522S33      1   117   (12) + L1M5           LINE/L1             2637   2762 (3384) 1256  
  462   11.1  0.0  2.9  Sniffles2.INS.522S38     72   143    (6) C FRAM           SINE/Alu            (10)    166     97 1257  
   28   11.5  0.0  8.2  Sniffles2.INS.525S3A      1    66   (14) + G-rich         Low_complexity         1     61    (0) 1258  
   54    1.9  0.0  0.0  Sniffles2.INS.526S23      3    55    (0) + (CTTC)n        Simple_repeat          1     53    (0) 1259  
   36   18.3  3.8  7.0  Sniffles2.INS.528S23      1   132    (3) + (CCTCCTC)n     Simple_repeat          1    128    (0) 1260  
  116    0.0  0.0  0.0  Sniffles2.INS.528S31      2   102    (0) + (G)n           Simple_repeat          1    101    (0) 1261  
   34   12.1  1.8  0.0  Sniffles2.INS.52AS39      2    56    (1) + (TA)n          Simple_repeat          1     56    (0) 1262  
  879    3.2  0.0  0.8  Sniffles2.INS.52CS39      1   127    (0) + SVA_F          Retroposon/SVA       704    829  (546) 1263  
   24   26.1  1.7  0.0  Sniffles2.INS.52S17       1    59    (0) + (AT)n          Simple_repeat          1     60    (0) 1264  
  470   16.9  1.1  0.0  Sniffles2.INS.52S25       3    91    (2) C ALR/Alpha      Satellite/centr     (36)    136     47 1265  
  323   21.5  0.0  0.0  Sniffles2.INS.52S2B      10    74    (0) + FRAM           SINE/Alu              89    153   (23) 1266  
   88    1.3  0.0  0.0  Sniffles2.INS.531S1       1    79    (1) + (TA)n          Simple_repeat          1     79    (0) 1267  
   31    3.9  7.5  0.0  Sniffles2.INS.531S31      1    53    (0) + (AAGGA)n       Simple_repeat          1     57    (0) 1268  
   69    8.8  2.9  2.2  Sniffles2.INS.532S23      1   138    (1) + (TCCA)n        Simple_repeat          1    139    (0) 1269  
 1163   11.7  2.3  4.4  Sniffles2.INS.536S0       1  1577 (4318) C HSATII         Satellite           (35)   5756   4191 1270  
   28    2.6  0.0  7.1  Sniffles2.INS.536S0    1578  1622 (4273) + (ATCGAATGGA)n  Simple_repeat          1     42    (0) 1271  
 1163   11.7  2.3  4.4  Sniffles2.INS.536S0    1623  5144  (751) C HSATII         Satellite         (1601)   4190    692 1270  
   28    2.6  0.0  7.1  Sniffles2.INS.536S0    5145  5189  (706) + (ATCGAATGGA)n  Simple_repeat          1     42    (0) 1272  
 1163   11.7  2.3  4.4  Sniffles2.INS.536S0    5190  5881   (14) C HSATII         Satellite           (35)    691      1 1270  
   38   20.3  6.5  0.0  Sniffles2.INS.537S33      1   107    (2) + (AT)n          Simple_repeat          1    114    (0) 1273  
  519   12.3  4.9  0.0  Sniffles2.INS.538S3A      6    86   (18) C AluSp          SINE/Alu           (228)     85      1 1274  
  501    3.3  1.7  0.0  Sniffles2.INS.539S39      2    61    (3) C L1P1           LINE/L1           (1888)   4258   4198 1275  
   14   11.5 10.3  0.0  Sniffles2.INS.53DS22     24    62    (0) + GA-rich        Low_complexity         1     43    (0) 1276  
  471   18.9  1.1  0.0  Sniffles2.INS.53S25       1    95    (0) C ALR/Alpha      Satellite/centr     (36)    136     41 1277  
  275    5.4  2.7  0.0  Sniffles2.INS.53S33      27    63   (10) + AluYh3         SINE/Alu              13     50  (261) 1278  
   15   26.6  4.0  2.6  Sniffles2.INS.540S35     16    90    (4) + (GTCCAC)n      Simple_repeat          1     76    (0) 1279  
  149    0.0  2.2  0.0  Sniffles2.INS.541S1       2   138    (0) + (AT)n          Simple_repeat          1    140    (0) 1280  
  277   19.7  9.2  0.0  Sniffles2.INS.541S33     27   102    (2) C MER92D         LTR/ERV1            (62)    258    176 1281  
   36    3.9  3.8  0.0  Sniffles2.INS.545S33      1    53    (1) + (AAGA)n        Simple_repeat          1     55    (0) 1282  
  361   11.6  0.6  0.0  Sniffles2.INS.54AS22      1    65  (141) + L1PREC2        LINE/L1             5432   5498  (662) 1283  
  323   11.7 28.9  1.3  Sniffles2.INS.54AS22     86   206    (0) + L1M            LINE/L1             5255   5408  (897) 1284  
   52   20.3  0.9  0.0  Sniffles2.INS.54CS3A      1   108    (1) + (ATATAT)n      Simple_repeat          1    109    (0) 1285  
  271    2.0 10.2  0.0  Sniffles2.INS.54DS1       5    53    (1) + SVA_C          Retroposon/SVA       459    512  (872) 1286  
  338   31.1  9.6  0.0  Sniffles2.INS.54FS31    142   318  (151) + L1M5           LINE/L1             5559   5752  (372) 1287  
  435   23.1  6.5  1.6  Sniffles2.INS.54FS33     70   192  (109) + MER104         DNA/TcMar-Tc2         49    177    (4) 1288  
  211   26.1  6.0  2.9  Sniffles2.INS.54FS33    227   293    (8) C MIRb           SINE/MIR             (0)    268    200 1289  
  685   18.6  0.4  0.0  Sniffles2.INS.54S25       1   164    (0) C ALR/Alpha      Satellite/centr     (19)    164      1 1290  
  375   20.6  2.9  0.0  Sniffles2.INS.54S2B      14    81    (2) + AluYk3         SINE/Alu             224    293   (18) 1291  
 1130    9.4  0.0  0.0  Sniffles2.INS.54S58       3   170    (1) C ALR/Alpha      Satellite/centr     (17)    168      1 1292  
   35    2.1  0.0  7.7  Sniffles2.INS.550S3A      3    58    (0) + (TGTACATATA)n  Simple_repeat          1     52    (0) 1293  
   40   17.7  0.0  2.5  Sniffles2.INS.552S22      5    85    (9) + (AT)n          Simple_repeat          1     79    (0) 1294  
  368   14.7  8.0  1.1  Sniffles2.INS.554S0       2   919   (12) + (TTTCA)n       Simple_repeat          1    980    (0) 1295  
  372   14.8  8.5  1.3  Sniffles2.INS.555S0       1   981    (0) + (CATTT)n       Simple_repeat          1   1050    (0) 1296  
  106    0.9  2.6  0.9  Sniffles2.INS.555S1       1   113    (3) + (ATATATAAAT)n  Simple_repeat          1    115    (0) 1297  
   36   10.8  4.8  0.0  Sniffles2.INS.556S3A      1    62    (0) + GA-rich        Low_complexity         1     65    (0) 1298  
   24   11.4  8.2  0.0  Sniffles2.INS.557S33      3    51    (0) + (TA)n          Simple_repeat          1     53    (0) 1299  
   27    9.8  4.4  0.0  Sniffles2.INS.558S33      1    45    (5) + (AT)n          Simple_repeat          1     47    (0) 1300  
 2227   18.1  0.3  0.6  Sniffles2.INS.559S0    1648  2013  (807) C MLT1A0         LTR/ERVL-MaLR        (0)    365      1 1301  
   38    6.4  0.0  0.0  Sniffles2.INS.55AS22      5    53    (0) + (T)n           Simple_repeat          1     49    (0) 1302  
  243   14.3  4.1  0.0  Sniffles2.INS.55BS33     15    63    (2) + L1MC           LINE/L1             4242   4292 (1854) 1303  
   13   26.9  0.0  7.3  Sniffles2.INS.55ES3A     30    88   (51) + (TATG)n        Simple_repeat          1     55    (0) 1304  
  295   23.4  3.1  0.0  Sniffles2.INS.55S2B       1    64    (0) + AluYa5         SINE/Alu             224    289   (22) 1305  
  134    3.4  9.3  0.0  Sniffles2.INS.560S22      1   215    (2) + (AT)n          Simple_repeat          1    235    (0) 1306  
   28   26.5  3.1  2.0  Sniffles2.INS.560S31      1    98    (0) + GA-rich        Low_complexity         1     99    (0) 1307  
   71   17.0  1.2  3.8  Sniffles2.INS.561S31      1   162    (2) + GA-rich        Low_complexity         1    158    (0) 1308  
   16   31.3  0.0  2.1  Sniffles2.INS.561S33     13    61   (10) + (TA)n          Simple_repeat          1     48    (0) 1309  
   55    0.0  0.0  5.0  Sniffles2.INS.562S3A      1    63    (0) + (CTTT)n        Simple_repeat          1     60    (0) 1310  
  451   11.7  2.6  1.3  Sniffles2.INS.563S31      5    82    (0) C MER11C         LTR/ERVK           (557)    514    436 1311  
   35   30.1  0.9  0.0  Sniffles2.INS.563S33      5   110    (1) + (TA)n          Simple_repeat          1    107    (0) 1312  
   71    6.8  0.0  0.0  Sniffles2.INS.56BS33      1    92    (0) + (A)n           Simple_repeat          1     92    (0) 1313  
   25   30.9  0.0  0.0  Sniffles2.INS.56FS33      2    66    (3) + (AT)n          Simple_repeat          1     65    (0) 1314  
   30   13.8  1.4  7.2  Sniffles2.INS.576S31      1    73   (11) + (TA)n          Simple_repeat          1     69    (0) 1315  
  613   12.8  0.7  3.5  Sniffles2.INS.578S39      1   143    (0) + AluY           SINE/Alu               1    212   (90) 1316  
   21   12.8  9.8  0.0  Sniffles2.INS.57BS31      2    52    (2) + (TA)n          Simple_repeat          1     56    (0) 1317  
   38    0.0  7.0  0.0  Sniffles2.INS.57CS39     29    71    (0) + (TG)n          Simple_repeat          1     46    (0) 1318  
   11   21.4  4.4  2.2  Sniffles2.INS.57DS1     136   180    (9) + G-rich         Low_complexity         1     46    (0) 1319  
   13   26.0  1.8  3.7  Sniffles2.INS.57FS33      1    55    (7) + A-rich         Low_complexity         1     54    (0) 1320  
  326   17.9  0.0  3.6  Sniffles2.INS.57S2B       6    63    (6) + Alu            SINE/Alu              85    140   (26) 1321  
   28   20.1  0.0  2.9  Sniffles2.INS.580S33      1     8   (68) + (ATATAAT)n     Simple_repeat          1     68    (0) 1322  
   29   14.7  1.6  1.6  Sniffles2.INS.580S33      9    70    (6) + (TATATAT)n     Simple_repeat          1     62    (0) 1323  
  203   32.3  0.0  0.0  Sniffles2.INS.581S1      13    77  (341) + L2             LINE/L2             2832   2896  (523) 1324 *
  264   29.4  1.9  3.9  Sniffles2.INS.581S1      77   182  (236) C L2a            LINE/L2            (408)   3011   2908 1325  
   26   14.0  0.0  6.8  Sniffles2.INS.582S33      2    64  (249) + (ATAA)n        Simple_repeat          1     59    (0) 1326  
  118   15.9  5.1  3.1  Sniffles2.INS.582S33     65   312    (1) + (TATATAT)n     Simple_repeat          2    318    (0) 1327  
   44    2.2  0.0  2.1  Sniffles2.INS.584S33      5    53    (0) + (CTTT)n        Simple_repeat          1     48    (0) 1328  
 1195   14.3  1.2  0.0  Sniffles2.INS.58S25       2  1356    (0) C ALR/Alpha      Satellite/centr     (39)   1371      1 1329  
  854    0.0  1.0  0.0  Sniffles2.INS.58S37       1    97  (111) C L1PA4          LINE/L1              (7)   6148   6051 1330  
  290   15.4  1.9  0.0  Sniffles2.INS.58S37      98   149   (59) C L1MB2          LINE/L1             (70)   6101   6049 1331  
   44   16.1  0.0  1.2  Sniffles2.INS.592S33      2    86    (0) + (TATA)n        Simple_repeat          1     84    (0) 1332  
   55    0.0  1.9  0.0  Sniffles2.INS.593S3A      1    53    (0) + (TTTC)n        Simple_repeat          1     54    (0) 1333  
  238   13.0  4.3  2.1  Sniffles2.INS.598S0      10    56    (0) C MER51B         LTR/ERV1           (298)     79     32 1334  
   18   10.4  2.0  8.5  Sniffles2.INS.598S3A      1    50    (0) + GA-rich        Low_complexity         1     47    (0) 1335  
   56    0.0  0.0  0.0  Sniffles2.INS.599S38      2    51    (1) + (GATG)n        Simple_repeat          1     50    (0) 1336  
  327   17.8 31.2  0.9  Sniffles2.INS.59AS39     67   242   (69) + MER1A          DNA/hAT-Charlie      301    529    (0) 1337  
  839    1.0  0.0  3.0  Sniffles2.INS.59BS3A      1   103 (4311) C MER9a2         LTR/ERVK           (413)    100      1 1338  
11742    5.9  0.3  0.4  Sniffles2.INS.59BS3A    104  1544 (2870) C HERVK9-int     LTR/ERVK             (0)   6021   4582 1338  
 1905    5.6  0.0  0.0  Sniffles2.INS.59BS3A   1531  1761 (2653) C HERVK9-int     LTR/ERVK          (2068)   3953   3723 1338 *
14136    4.8  0.1  0.2  Sniffles2.INS.59BS3A   1762  3436  (978) C HERVK9-int     LTR/ERVK          (3223)   2798   1126 1338  
 4705    5.3  2.1  0.2  Sniffles2.INS.59BS3A   3439  4007  (407) C HERVK9-int     LTR/ERVK          (5441)    580      1 1338  
 3223    7.4  1.5  0.0  Sniffles2.INS.59BS3A   4008  4413    (1) C MER9a2         LTR/ERVK             (0)    513    102 1338  
  448    8.1  1.6  0.0  Sniffles2.INS.59FS39      4    65    (1) C L1MD           LINE/L1            (645)   5597   5535 1339  
  538   12.1  6.5  1.9  Sniffles2.INS.5A9S0       1  1166    (2) + (TG)n          Simple_repeat          1   1219    (0) 1340  
   45    0.0  2.2  0.0  Sniffles2.INS.5AAS3A     10    54    (0) + (TCTT)n        Simple_repeat          1     46    (0) 1341  
   16   17.4  4.3  2.1  Sniffles2.INS.5ADS23     22    68    (0) + (CATCAC)n      Simple_repeat          1     48    (0) 1342  
   68   13.1  0.8  2.4  Sniffles2.INS.5AES23     15   139    (2) + (CCA)n         Simple_repeat          1    123    (0) 1343  
  249   22.6  0.0  1.9  Sniffles2.INS.5AS2B       1    53    (5) + AluYi6         SINE/Alu             224    275   (36) 1344  
   17   17.5  4.4  0.0  Sniffles2.INS.5B1S3A      9    53    (0) + (CATGTA)n      Simple_repeat          1     47    (0) 1345  
   31   21.0  1.1  5.9  Sniffles2.INS.5BAS22      4    92    (1) + (AT)n          Simple_repeat          1     85    (0) 1346  
  485   11.8 11.8  0.0  Sniffles2.INS.5BBS22     11   112    (0) + Tigger1        DNA/TcMar-Tigger    1551   1664  (754) 1347  
   30   14.7  4.3  5.5  Sniffles2.INS.5BDS23      1    92    (5) + (GTCAGG)n      Simple_repeat          1     91    (0) 1348  
  257   22.4  4.4  1.4  Sniffles2.INS.5BES33     24    91    (2) C MLT1C          LTR/ERVL-MaLR      (286)    181    112 1349  
 2823    2.3  0.0  0.0  Sniffles2.INS.5BS25      17   325    (0) + AluYb8         SINE/Alu               1    309    (9) 1350  
  796   11.8  0.8  2.4  Sniffles2.INS.5C3S31      1   127    (8) + AluSg          SINE/Alu              73    197  (113) 1351  
  311   14.0  3.5  1.7  Sniffles2.INS.5C3S31     77   134    (1) C SVA_A          Retroposon/SVA    (1067)    320    262 1352 *
   54    0.0  0.0  1.9  Sniffles2.INS.5CDS0       1    53    (0) + (GAAA)n        Simple_repeat          1     52    (0) 1353  
   48    0.0  0.0  2.1  Sniffles2.INS.5CES0       1    48    (1) + (AAGA)n        Simple_repeat          1     47    (0) 1354  
   53   21.6  3.3  6.3  Sniffles2.INS.5D9S3A      6   217    (0) + (ATGG)n        Simple_repeat          1    206    (0) 1355  
   47    2.2  0.0  0.0  Sniffles2.INS.5DCS39      8    54    (4) + (G)n           Simple_repeat          1     47    (0) 1356  
   58   24.4  0.0  0.0  Sniffles2.INS.5DS2B       1   137   (13) + (TCCAT)n       Simple_repeat          1    137    (0) 1357  
  304   16.4  1.6  0.0  Sniffles2.INS.5DS8        1    61    (6) C BSR/Beta       Satellite           (27)    109     48 1358  
   30   21.1  0.0  0.0  Sniffles2.INS.5E6S0       2    59    (1) + (TA)n          Simple_repeat          1     58    (0) 1359  
   42    0.0  0.0  2.4  Sniffles2.INS.5E7S22      7    49    (0) + (AGAA)n        Simple_repeat          1     42    (0) 1360  
   68    3.1  5.0  0.9  Sniffles2.INS.5E8S22     73   173    (4) + (AGAA)n        Simple_repeat          1    105    (0) 1361  
  357   18.1  8.3  0.0  Sniffles2.INS.5E8S33      1    72  (109) C AluSx          SINE/Alu            (35)    267    190 1362  
  394   16.2  4.0  0.0  Sniffles2.INS.5E8S33    108   181    (0) + AluSg4         SINE/Alu             121    197  (113) 1363  
  180    0.0  0.0  0.0  Sniffles2.INS.5ECS39      1   155    (0) + (C)n           Simple_repeat          1    155    (0) 1364  
   14   18.4  2.7  0.0  Sniffles2.INS.5EES39     26    62    (6) + A-rich         Low_complexity         1     38    (0) 1365  
 1192   12.5  0.0  0.0  Sniffles2.INS.5ES25       2   342    (0) + ALR/Alpha      Satellite/centr        1    341    (0) 1366  
  243   23.1  0.0  0.0  Sniffles2.INS.5ES2B       3    54    (2) + AluJb          SINE/Alu             229    280   (22) 1367  
   34   23.2  0.0  0.0  Sniffles2.INS.5ES6        1    70    (2) + (TA)n          Simple_repeat          1     70    (0) 1368  
  131   13.8  2.9  0.8  Sniffles2.INS.5ESBF       1   242    (0) + GA-rich        Low_complexity         1    247    (0) 1369  
   29    6.5  4.2  0.0  Sniffles2.INS.5F0S0       4    51    (1) + (ATAGTAT)n     Simple_repeat          1     50    (0) 1370  
  227   20.5  0.0  0.0  Sniffles2.INS.5F2S31    110   148 (3383) + L1MC1          LINE/L1             6035   6073  (260) 1371  
  232   20.7  9.3  1.7  Sniffles2.INS.5F2S31    171   224 (3307) + L1MC1          LINE/L1             6016   6073  (260) 1372  
  243   20.0  0.0  0.0  Sniffles2.INS.5F2S31    261   300 (3231) + L1MC1          LINE/L1             6034   6073  (260) 1373  
  238   18.4  0.0  0.0  Sniffles2.INS.5F2S31    413   450 (3081) + L1MC1          LINE/L1             6034   6071  (262) 1374  
  243   17.5  0.0  0.0  Sniffles2.INS.5F2S31    527   566 (2965) + L1MC1          LINE/L1             6034   6073  (260) 1375  
  247   17.9  0.0  0.0  Sniffles2.INS.5F2S31    783   821 (2710) + L1MC1          LINE/L1             6035   6073  (260) 1376  
  240   17.9  0.0  0.0  Sniffles2.INS.5F2S31    935   973 (2558) + L1MC1          LINE/L1             6035   6073  (260) 1377  
  243   17.9  0.0  0.0  Sniffles2.INS.5F2S31   1009  1047 (2484) + L1MC1          LINE/L1             6035   6073  (260) 1378  
  232   20.0  0.0  0.0  Sniffles2.INS.5F2S31   1046  1085 (2446) + L1MC1          LINE/L1             6034   6073  (260) 1378 *
  240   17.9  0.0  0.0  Sniffles2.INS.5F2S31   2323  2361 (1170) + L1MC1          LINE/L1             6035   6073  (260) 1379  
  254   17.5  0.0  0.0  Sniffles2.INS.5F2S31   2588  2627  (904) + L1MC1          LINE/L1             6034   6073  (260) 1380  
  231   17.9  0.0  0.0  Sniffles2.INS.5F2S31   2665  2703  (828) + L1MC1          LINE/L1             6035   6073  (260) 1381  
  239   20.0  0.0  0.0  Sniffles2.INS.5F2S31   2819  2858  (673) + L1MC1          LINE/L1             6034   6073  (260) 1382  
  239   20.0  0.0  0.0  Sniffles2.INS.5F2S31   2901  2940  (591) + L1MC1          LINE/L1             6034   6073  (260) 1383  
  226   20.5  0.0  0.0  Sniffles2.INS.5F2S31   3487  3525    (6) + L1MC1          LINE/L1             6035   6073  (260) 1384  
  385   12.2  8.1  0.0  Sniffles2.INS.5F3S0       1    74    (3) + MER77          LTR/ERVL              16     95  (509) 1385  
   42    4.0  3.9  0.0  Sniffles2.INS.5F5S39      1    52    (0) + (AT)n          Simple_repeat          1     54    (0) 1386  
   12   25.6  0.0  0.0  Sniffles2.INS.5F9S1      19    55   (32) + (CACC)n        Simple_repeat          1     37    (0) 1387  
   26   23.8  2.8  0.0  Sniffles2.INS.5F9S1      56    87    (0) + (CCACAC)n      Simple_repeat          4     74    (0) 1388  
   42    2.2  2.1  0.0  Sniffles2.INS.5F9S22     10    56    (0) + (CCTTC)n       Simple_repeat          1     48    (0) 1389  
   26   28.0  2.4  0.0  Sniffles2.INS.5FAS1     655   739    (0) + (ACACCC)n      Simple_repeat          1     87    (0) 1390  
   17   15.5  0.0  0.0  Sniffles2.INS.5FAS3A      5    33   (24) + A-rich         Low_complexity         1     29    (0) 1391  
   47    0.0  4.3  0.0  Sniffles2.INS.5FCS3A      8    54    (0) + (CA)n          Simple_repeat          1     49    (0) 1392  
   25   19.3  0.0  0.0  Sniffles2.INS.5FDS22      4    50    (0) + (T)n           Simple_repeat          1     47    (0) 1393  
  243   23.1  0.0  0.0  Sniffles2.INS.5FS2B       6    57    (5) + AluJb          SINE/Alu             229    280   (22) 1394  
   13   11.5  0.0  6.5  Sniffles2.INS.5FS6        2    34   (82) + (CGCGTG)n      Simple_repeat          1     31    (0) 1395  
   43    0.0  6.0  0.0  Sniffles2.INS.5FS6       67   116    (0) + (GCGTGCG)n     Simple_repeat          1     53    (0) 1396  
 2900    1.3  0.3  0.0  Sniffles2.INS.5S2A       10   323  (285) C AluYb8         SINE/Alu             (3)    315      1 1397  
  674   14.3  7.4  4.6  Sniffles2.INS.5S2A      335   607    (1) + HSATII         Satellite              1    280    (0) 1398  
  995   15.7  1.4  2.3  Sniffles2.INS.5S30        1   341    (1) + ALR/Alpha      Satellite/centr        1    337   (11) 1399  
   12   19.9  0.0  0.0  Sniffles2.INS.5S34        6    34  (898) + (TTTAT)n       Simple_repeat          1     29    (0) 1400  
 6437    1.1  0.1  0.3  Sniffles2.INS.5S34       35   755  (177) C L1HS           LINE/L1              (0)   6155   5436 1401  
   18   19.6  0.0  0.0  Sniffles2.INS.5S34      756   790  (142) + A-rich         Low_complexity         1     35    (0) 1402  
  822   15.3  0.3  6.1  Sniffles2.INS.5S8         1   609    (3) + BSR/Beta       Satellite              1    573    (0) 1403  
   39   25.1  1.0  0.0  Sniffles2.INS.5SA7        1   103    (4) + (TCTC)n        Simple_repeat          1    104    (0) 1404  
  248   24.7  2.2  6.0  Sniffles2.INS.5SBD        8   145  (696) + HSATII         Satellite             20    152   (18) 1405  
   35    6.8  0.0  0.0  Sniffles2.INS.5SBD      152   197  (644) + (CATTC)n       Satellite              1     46    (0) 1406  
  330   22.7  4.5  5.6  Sniffles2.INS.5SBD      204   601  (240) + HSATII         Satellite              1    393    (4) 1407  
   20   10.0  0.0  0.0  Sniffles2.INS.5SBD      603   635  (206) + (TTCCA)n       Simple_repeat          1     33    (0) 1408  
  308   22.5  4.5  7.7  Sniffles2.INS.5SBD      642   832    (9) + HSATII         Satellite              1    184    (4) 1409  
   71   11.8  8.2  0.0  Sniffles2.INS.601S22      1   147    (0) + (TA)n          Simple_repeat          1    159    (0) 1410  
   19   30.1  2.5  2.5  Sniffles2.INS.605S39      7    87    (3) + (AT)n          Simple_repeat          1     81    (0) 1411  
   40   10.3  6.8  0.0  Sniffles2.INS.606S1       1    74    (3) + (TG)n          Simple_repeat          1     79    (0) 1412  
   42    2.1  2.0  2.0  Sniffles2.INS.609S39     12    62    (0) + (TATTATA)n     Simple_repeat          1     51    (0) 1413  
  576    1.3  0.0  0.0  Sniffles2.INS.60DS0       2    77    (0) + SVA_F          Retroposon/SVA       752    827  (548) 1414  
  326   23.1  8.0  3.0  Sniffles2.INS.60ES33      1   125    (3) + AluY           SINE/Alu              30    160  (141) 1415  
 1245   13.2  0.4  0.4  Sniffles2.INS.60S58       2  3810    (5) C ALR/Alpha      Satellite/centr     (16)   3806      1 1416  
  236   23.4  0.0  0.0  Sniffles2.INS.610S1      81   127  (127) C L1MD           LINE/L1           (1617)   4529   4483 1417  
  236   23.4  0.0  0.0  Sniffles2.INS.610S1     132   178   (76) C L1MD           LINE/L1           (1617)   4529   4483 1417  
  372   15.1  2.6  4.0  Sniffles2.INS.616S39      2    77   (13) + AluY           SINE/Alu              87    161  (140) 1418  
  333   15.8  5.4  0.0  Sniffles2.INS.619S1       2   708    (1) + (GGAT)n        Simple_repeat          1    745    (0) 1419  
 1020    6.2  0.8  0.8  Sniffles2.INS.619S22      1   130    (1) + AluSc          SINE/Alu              17    146  (163) 1420  
   13   21.0  0.0  5.0  Sniffles2.INS.61BS39     30    71    (0) + (TAATA)n       Simple_repeat          1     40    (0) 1421  
  194   20.5  5.8  0.2  Sniffles2.INS.61CS1     663  1182    (1) + (ATGG)n        Simple_repeat          1    549    (0) 1422  
  697   19.8  5.1  0.4  Sniffles2.INS.61ES1     662  2402    (0) + (ATGG)n        Simple_repeat          1   1822    (0) 1423  
   31   10.6  1.9  1.9  Sniffles2.INS.61FS0       1    53    (2) + (TA)n          Simple_repeat          1     53    (0) 1424  
   26    3.1  3.0  0.0  Sniffles2.INS.61FS1      11    43   (11) + (TGGGTGGA)n    Simple_repeat          1     34    (0) 1425  
   12   11.7 10.8  0.0  Sniffles2.INS.61S37      62    98   (10) + (TTTTCA)n      Simple_repeat          1     41    (0) 1426  
   29   14.9  1.9  0.0  Sniffles2.INS.61S6        3    54    (1) + (AT)n          Simple_repeat          1     53    (0) 1427  
  383   12.5 10.9  0.0  Sniffles2.INS.623S22      3    66    (2) + MER61-int      LTR/ERV1            3271   3341 (1876) 1428  
   83   19.8  2.0  2.5  Sniffles2.INS.628S22      7   205    (2) + GA-rich        Low_complexity         1    198    (0) 1429  
 1108    4.7  0.0  0.0  Sniffles2.INS.628S33     21   148    (0) + AluSp          SINE/Alu               1    128  (185) 1430  
   23    6.5  9.6  3.6  Sniffles2.INS.62AS33      1    52    (2) + (AT)n          Simple_repeat          1     55    (0) 1431  
  397   17.1  8.5  0.0  Sniffles2.INS.62DS0       7    88   (18) C FRAM           SINE/Alu            (55)    111     23 1432  
   84   14.9  2.0  0.0  Sniffles2.INS.62S23       1   149    (0) + (AT)n          Simple_repeat          1    152    (0) 1433  
  375   26.9  0.0  0.0  Sniffles2.INS.62S5        1    78   (56) C MER30          DNA/hAT-Charlie    (152)     78      1 1434  
   30   11.7  0.0  0.0  Sniffles2.INS.634S22      1    48    (2) + (TA)n          Simple_repeat          1     48    (0) 1435  
  438    7.9  1.3  1.3  Sniffles2.INS.634S39      2    78    (0) + SVA_F          Retroposon/SVA       753    829  (546) 1436  
   49    3.6  1.7  1.7  Sniffles2.INS.635S22      1    59    (1) + (TA)n          Simple_repeat          1     59    (0) 1437  
   34    3.8  5.2  3.4  Sniffles2.INS.638S33      3    60    (0) + (TA)n          Simple_repeat          1     59    (0) 1438  
   35    8.3  0.0  0.0  Sniffles2.INS.63BS0       3    54    (0) + (AAAG)n        Simple_repeat          1     52    (0) 1439  
   41    0.0  3.6  1.8  Sniffles2.INS.63DS22      1    56    (0) + (AAAG)n        Simple_repeat          1     57    (0) 1440  
   38   14.9  0.0  0.0  Sniffles2.INS.63DS39      1    62    (0) + (AT)n          Simple_repeat          1     62    (0) 1441  
  131   18.6  0.0  0.0  Sniffles2.INS.63S2B       8   253    (6) + (ATTCC)n       Simple_repeat          1    246    (0) 1442  
   59    0.0  0.0  0.0  Sniffles2.INS.641S33      1    50    (0) + (TA)n          Simple_repeat          1     50    (0) 1443  
   47    5.7  0.0  0.0  Sniffles2.INS.643S33     13    68    (0) + (ACC)n         Simple_repeat          1     56    (0) 1444  
   22   19.6  0.0  0.0  Sniffles2.INS.648S33      1    47    (1) + (GGT)n         Simple_repeat          1     47    (0) 1445  
   20   15.9  0.0  7.5  Sniffles2.INS.649S22      1    57    (8) + (TTAT)n        Simple_repeat          1     53    (0) 1446  
 4960    7.4  0.0  0.0  Sniffles2.INS.64AS33      1   621   (54) C L1PA7          LINE/L1             (58)   6096   5476 1447  
  378    5.2  0.0  1.7  Sniffles2.INS.64AS33    617   675    (0) C L1PA2          LINE/L1              (0)   6155   6098 1448 *
   48    0.0  0.0  2.1  Sniffles2.INS.64ES33      1    48    (2) + (AGGA)n        Simple_repeat          1     47    (0) 1449  
  255   17.0  5.0  0.0  Sniffles2.INS.64FS22      6   559    (1) + (TA)n          Simple_repeat          1    582    (0) 1450  
  102    0.0  1.1  0.0  Sniffles2.INS.654S33      2    93    (0) + (AAG)n         Simple_repeat          1     93    (0) 1451  
   26   12.9  2.3  0.0  Sniffles2.INS.65ES39      1    44    (5) + (TA)n          Simple_repeat          1     45    (0) 1452  
 1070   13.3  0.9  0.3  Sniffles2.INS.65S58       1  1189    (1) + ALR/Alpha      Satellite/centr        1   1196    (0) 1453  
   35   11.0  0.0  0.0  Sniffles2.INS.65S8        1    60    (0) + (GAATG)n       Simple_repeat          1     60    (0) 1454  
   44    6.7  6.4  0.0  Sniffles2.INS.662S33      1    78    (1) + (AT)n          Simple_repeat          1     83    (0) 1455  
   39    2.0  5.7  1.8  Sniffles2.INS.663S0       1    53    (3) + (AT)n          Simple_repeat          1     55    (0) 1456  
   91    8.3  0.0  0.0  Sniffles2.INS.663S22      1   127    (0) + (AGGA)n        Simple_repeat          1    127    (0) 1457  
   20    0.0  0.0  0.0  Sniffles2.INS.665S22      3    24   (49) + (A)n           Simple_repeat          1     22    (0) 1458  
   82    0.0  4.8  0.0  Sniffles2.INS.666S17      1    84    (0) + (AT)n          Simple_repeat          1     88    (0) 1459  
  520    1.3  1.3  1.3  Sniffles2.INS.668S0       1    76    (1) + SVA_F          Retroposon/SVA       774    849  (526) 1460  
   39   14.9  0.0  0.0  Sniffles2.INS.66BS17      1    68    (1) + (GAG)n         Simple_repeat          1     68    (0) 1461  
   43    2.2  0.0  2.1  Sniffles2.INS.66BS33      4    51    (0) + (TTCT)n        Simple_repeat          1     47    (0) 1462  
   68    0.0  1.5  1.5  Sniffles2.INS.66CS17      1    68    (1) + (AAG)n         Simple_repeat          1     68    (0) 1463  
  506    0.0  0.9  0.0  Sniffles2.INS.66CS39      2   443    (0) + (AT)n          Simple_repeat          1    446    (0) 1464  
  346    8.6  6.7  3.2  Sniffles2.INS.66DS22      2    61    (6) + MSTB1          LTR/ERVL-MaLR        302    363   (69) 1465  
  514    9.6  0.0  0.0  Sniffles2.INS.66S58       1    73    (0) + ALR/Alpha      Satellite/centr       14     86   (85) 1466  
   36   17.2  1.5  0.0  Sniffles2.INS.671S33      2    68    (2) + (AT)n          Simple_repeat          1     68    (0) 1467  
   13   21.5  3.9  3.9  Sniffles2.INS.674S0       2    53    (0) + (TATAT)n       Simple_repeat          1     52    (0) 1468  
   29    0.0  9.1  5.3  Sniffles2.INS.674S22      1    55    (0) + (AT)n          Simple_repeat          1     57    (0) 1469  
  156   12.5  7.7  0.0  Sniffles2.INS.67BS17      1   325    (2) + (TA)n          Simple_repeat          1    350    (0) 1470  
  711   17.0  0.8  0.0  Sniffles2.INS.67S58       1   150    (0) C ALR/Alpha      Satellite/centr     (73)    151      1 1471  
   40    4.5  0.0  0.0  Sniffles2.INS.67S8        1    46    (3) + (ATGGA)n       Simple_repeat          1     46    (0) 1472  
  540   12.0  0.4  0.0  Sniffles2.INS.680S22      1   813    (0) + (CCTC)n        Simple_repeat          1    816    (0) 1473  
   48    0.0  2.1  0.0  Sniffles2.INS.684S22      7    53    (0) + (TTCT)n        Simple_repeat          1     48    (0) 1474  
   72   17.7  3.1  0.6  Sniffles2.INS.689S39      2   162    (7) + (GGTGAT)n      Simple_repeat          1    165    (0) 1475  
   12   10.4  9.4  0.0  Sniffles2.INS.68AS17     24    55   (65) + (CACCAT)n      Simple_repeat          1     35    (0) 1476  
   28    9.7  0.0  0.0  Sniffles2.INS.68AS17     57   100   (20) + (CAT)n         Simple_repeat          1     44    (0) 1477  
  368   27.3  4.2  1.6  Sniffles2.INS.68CS33    218   336   (14) + MIR            SINE/MIR              32    153  (109) 1478  
   23   36.7  1.5  3.1  Sniffles2.INS.68DS33     43   174  (522) + (TA)n          Simple_repeat          1    130    (0) 1479  
   14   18.1  6.8  0.0  Sniffles2.INS.68ES22      7    50    (3) + (TATATG)n      Simple_repeat          1     47    (0) 1480  
  230   12.8  0.0  0.0  Sniffles2.INS.68S25       1    39   (14) + ALR/Alpha      Satellite/centr      131    169    (2) 1481  
  373   16.1  0.0  0.0  Sniffles2.INS.68S2B       1    56    (8) + Alu            SINE/Alu              89    144   (22) 1482  
   70    0.0  2.9  0.0  Sniffles2.INS.68SC0       1    69    (1) + (CTTT)n        Simple_repeat          1     71    (0) 1483  
  345   14.6  0.0  0.0  Sniffles2.INS.694S31      3    50   (21) + 7SLRNA         srpRNA                20     67  (253) 1484  
  798   13.7  6.1  1.7  Sniffles2.INS.697S17      1   268  (417) + L1MEc          LINE/L1             2306   2640 (3681) 1485 *
 1420   12.1  9.8  3.0  Sniffles2.INS.697S17    264   671   (14) + L1M1           LINE/L1             3082   3516 (4049) 1486  
  307   14.3  0.0  0.0  Sniffles2.INS.699S17      1    42  (149) C Alu            SINE/Alu           (250)     52     11 1487  
  751   18.2  9.0  1.3  Sniffles2.INS.699S17     47   191    (0) C AluJb          SINE/Alu            (91)    211     56 1488  
   56    0.0  0.0  0.0  Sniffles2.INS.69AS17      1    50    (0) + (AGAA)n        Simple_repeat          1     50    (0) 1489  
  914   12.7  0.0  0.0  Sniffles2.INS.69FS0     323   448    (1) C AluSc8         SINE/Alu            (11)    300    175 1490  
  193   20.0  3.1  1.3  Sniffles2.INS.69S0       19   472    (0) + (TTCC)n        Simple_repeat          1    462    (0) 1491  
   23   14.4  7.1  0.0  Sniffles2.INS.6A5S17      1    56    (0) + (TCTC)n        Simple_repeat          1     60    (0) 1492  
   38    0.0  0.0  0.0  Sniffles2.INS.6A8S22     21    55    (0) + (AGGA)n        Simple_repeat          1     35    (0) 1493  
   69   22.8  1.4  5.0  Sniffles2.INS.6AAS33      1   209    (0) + (ATGTAT)n      Simple_repeat          1    202    (0) 1494  
   53   19.4  1.8  5.7  Sniffles2.INS.6ABS3A      1   163    (4) + (CACT)n        Simple_repeat          1    157    (0) 1495  
   26    0.0  0.0  0.0  Sniffles2.INS.6AS2B      47    71   (76) + (AATGG)n       Simple_repeat          1     25    (0) 1496  
  338   20.0  0.0  0.0  Sniffles2.INS.6AS2B      83   147    (0) + FRAM           SINE/Alu              89    153   (23) 1497  
   21    7.5  9.1  2.1  Sniffles2.INS.6B4S33      6    49    (0) + (AT)n          Simple_repeat          1     47    (0) 1498  
   22   17.1  2.1  2.1  Sniffles2.INS.6B5S0       2    49    (1) + (TG)n          Simple_repeat          1     48    (0) 1499  
   38    4.9  7.8  0.0  Sniffles2.INS.6B9S17      1    64    (0) + (AT)n          Simple_repeat          1     69    (0) 1500  
   59   13.1  0.0 11.8  Sniffles2.INS.6BBS17      3   177    (0) + (TA)n          Simple_repeat          1    154    (0) 1501  
  814   18.4  1.2  0.9  Sniffles2.INS.6BS58       1   342    (2) C ALR/Alpha      Satellite/centr     (78)    343      1 1502  
   11   25.0  3.2  4.9  Sniffles2.INS.6C0S33    140   201    (5) + (TCATTT)n      Simple_repeat          1     61    (0) 1503  
  789    1.6  0.8  2.4  Sniffles2.INS.6C5S22      1   126    (1) C SVA_F          Retroposon/SVA     (527)    848    725 1504  
 2438    2.6  0.0  0.0  Sniffles2.INS.6C6S33     17   283    (1) C AluY           SINE/Alu            (10)    301     35 1505  
   34    5.1  0.0  0.0  Sniffles2.INS.6C7S17      1    41   (11) + (CTTC)n        Simple_repeat          1     41    (0) 1506  
   45    0.0  2.2  0.0  Sniffles2.INS.6CCS0       1    45    (6) + (TTTC)n        Simple_repeat          1     46    (0) 1507  
   17   23.7  0.0  4.3  Sniffles2.INS.6CDS0       6    53    (1) + (AT)n          Simple_repeat          1     46    (0) 1508  
   26   10.7  5.9  5.9  Sniffles2.INS.6CES17      9    76    (0) + (AT)n          Simple_repeat          1     68    (0) 1509  
  663   17.2  0.6  2.3  Sniffles2.INS.6CES3A      2   179    (2) + TAR1           Satellite/subtelo    570    744 (1366) 1510  
   20   15.7  2.9  9.4  Sniffles2.INS.6CFS17      1    68    (0) + (AT)n          Simple_repeat          1     64    (0) 1511  
 1032   15.6  1.0  0.4  Sniffles2.INS.6CS58       4  1021    (0) C ALR/Alpha      Satellite/centr     (13)   1023      1 1512  
  205   23.9 15.2  0.7  Sniffles2.INS.6D7S33     77   194   (92) + L2a            LINE/L2             3220   3354   (72) 1513  
   23    6.9  8.7  0.0  Sniffles2.INS.6D7S39      3    51    (2) + (GATG)n        Simple_repeat          1     53    (0) 1514  
  289    9.1  0.0  0.0  Sniffles2.INS.6D9S17      5    48    (1) + SVA_F          Retroposon/SVA       680    723  (652) 1515  
   70    0.0  2.9  0.0  Sniffles2.INS.6D9S33      1    69    (0) + (TTCT)n        Simple_repeat          1     71    (0) 1516  
   56   17.4  3.7  2.2  Sniffles2.INS.6DBS39      1   134    (1) + (ACC)n         Simple_repeat          1    136    (0) 1517  
  120   13.2  4.0  0.0  Sniffles2.INS.6DCS39      1   222   (12) + (CATCAC)n      Simple_repeat          1    231    (0) 1518  
   44    0.0  6.5  0.0  Sniffles2.INS.6DDS17      1    62    (0) + (GGGAGA)n      Simple_repeat          1     66    (0) 1519  
 1232   13.5  0.2  0.0  Sniffles2.INS.6DS25       1  1357    (0) + ALR/Alpha      Satellite/centr        1   1360    (0) 1520  
  804   17.0  0.8  0.4  Sniffles2.INS.6DS58       1   169    (2) C ALR/Alpha      Satellite/centr     (24)    169      1 1521  
   34    1.8 10.2  1.6  Sniffles2.INS.6E1S22      4    62    (0) + (TA)n          Simple_repeat          1     64    (0) 1522  
  357    8.8  0.0  1.8  Sniffles2.INS.6E4S0       1    58    (1) C HERVH-int      LTR/ERV1          (7175)    538    482 1523  
  162    1.4  0.7  0.0  Sniffles2.INS.6E6S22      1   150    (1) + (AT)n          Simple_repeat          1    151    (0) 1524  
   50    3.5  3.4  0.0  Sniffles2.INS.6EDS0       1    59    (1) + (TA)n          Simple_repeat          1     61    (0) 1525  
  161   22.0  0.0  0.0  Sniffles2.INS.6EES33      1   315    (0) + (TA)n          Simple_repeat          1    315    (0) 1526  
   26    8.3  1.7  7.1  Sniffles2.INS.6EFS17      1    59    (0) + (AATAT)n       Simple_repeat          1     56    (0) 1527  
   41   13.4  0.8 10.1  Sniffles2.INS.6ES11       3   121   (12) + (CAGCCC)n      Simple_repeat          1    109    (0) 1528  
  349   16.7  0.0  0.0  Sniffles2.INS.6ES2B      15    68    (0) + Alu            SINE/Alu              91    144   (22) 1529  
 1610    9.9  0.0  0.0  Sniffles2.INS.6ES4        3   203  (362) + AluYi6_4d      SINE/Alu               1    201  (110) 1530  
 2165   13.5  0.0  0.0  Sniffles2.INS.6ES4      218   529   (36) C AluSx          SINE/Alu             (0)    312      1 1531  
   48    8.6  0.0  3.8  Sniffles2.INS.6FCS17      3    84    (5) + (GGAGGGA)n     Simple_repeat          1     79    (0) 1532  
   41    0.0  6.2  0.0  Sniffles2.INS.6FES33      1    48    (5) + (TCTT)n        Simple_repeat          1     51    (0) 1533  
  472   13.8  1.8  0.0  Sniffles2.INS.6FS13       8    99   (32) C AluJb          SINE/Alu            (57)    109     12 1534  
  261    8.4  4.5  0.0  Sniffles2.INS.6FS13      74   131    (0) C AluJb          SINE/Alu            (57)    109     46 1535 *
  453   20.2  0.0  0.0  Sniffles2.INS.6FS25       1    94    (0) + ALR/Alpha      Satellite/centr       49    142   (30) 1536  
   91   24.4  0.0  0.0  Sniffles2.INS.6FS2B       2   214    (0) + (TGGAG)n       Simple_repeat          1    213    (0) 1537  
  293   13.2  0.0  0.0  Sniffles2.INS.6S16        8    45    (0) + FRAM           SINE/Alu             106    143   (33) 1538  
 1075   14.5  1.1  0.0  Sniffles2.INS.6S2F        1   677    (2) + ALR/Alpha      Satellite/centr        1    684    (0) 1539  
 2956    1.6  0.0  0.0  Sniffles2.INS.6S34       10   327   (16) + AluYb8         SINE/Alu               1    318    (0) 1540  
 1069   12.1  1.1  1.5  Sniffles2.INS.6S8         1  1225    (0) + BSR/Beta       Satellite              1   1219    (0) 1541  
  824   12.3  0.0  0.0  Sniffles2.INS.6SA8        1   147    (0) C ACRO1          Satellite/acro      (26)    147      1 1542  
   47   25.8  0.0  0.8  Sniffles2.INS.6SBD       14   139    (1) + (CATTC)n       Simple_repeat          1    125    (0) 1543  
   40    5.8  3.6  0.0  Sniffles2.INS.703S33      3    57    (1) + (AT)n          Simple_repeat          1     57    (0) 1544  
  406    5.3  0.0  0.0  Sniffles2.INS.70CS17    468   524  (257) C L1PB1          LINE/L1              (0)   6151   6095 1545  
   23   18.8  0.0  0.0  Sniffles2.INS.70SC0       1    43    (4) + (TA)n          Simple_repeat          1     43    (0) 1546  
   16   20.7  1.4  9.0  Sniffles2.INS.711S39      6    77    (0) + (GTGG)n        Simple_repeat          1     67    (0) 1547  
   23   30.0  0.0  2.7  Sniffles2.INS.714S39      1    77    (0) + (TGG)n         Simple_repeat          1     75    (0) 1548  
  354    8.7  5.3  8.2  Sniffles2.INS.716S17     10    84   (34) C SVA_A          Retroposon/SVA     (981)    406    334 1549 *
  605   12.1  0.0  5.5  Sniffles2.INS.716S17     20   115    (3) + AluSx          SINE/Alu             210    300    (2) 1550  
  401    3.4  1.6  5.0  Sniffles2.INS.718S0     171   232  (129) + THE1B          LTR/ERVL-MaLR          1     60  (304) 1551  
  297    9.4 15.6  0.0  Sniffles2.INS.71AS33      4    67    (9) C AluY           SINE/Alu           (205)     96     23 1552  
   13   15.7  2.0  8.5  Sniffles2.INS.71FS33     21    70    (2) + (TATAGT)n      Simple_repeat          1     47    (0) 1553  
   41   11.8  0.0  5.1  Sniffles2.INS.71S37       1    82   (10) + (CTTC)n        Simple_repeat          1     78    (0) 1554  
   43    4.2  9.3  0.0  Sniffles2.INS.720S22      1    75    (0) + (TA)n          Simple_repeat          1     82    (0) 1555  
   31    6.8 11.3  0.0  Sniffles2.INS.721S22      5    66    (3) + (AT)n          Simple_repeat          1     69    (0) 1556  
   27   19.4  0.0  0.0  Sniffles2.INS.722S17      6    61    (0) + (TGTATA)n      Simple_repeat          1     56    (0) 1557  
  242   24.3  4.6  1.6  Sniffles2.INS.72CS0       7   782    (2) + (CCTT)n        Simple_repeat          1    799    (0) 1558  
  242   15.1  3.8  0.0  Sniffles2.INS.72ES17     10    62  (106) C MIRb           SINE/MIR            (85)    183    129 1559  
  714   16.9  1.2  6.2  Sniffles2.INS.72S2B      25   194    (1) + FRAM           SINE/Alu               1    162    (4) 1560  
   60    0.0  0.0  3.3  Sniffles2.INS.72S3A       1    63    (0) + (CTTTT)n       Simple_repeat          1     61    (0) 1561  
   60    7.1  0.0  0.0  Sniffles2.INS.72S58       9    82    (0) + (TA)n          Simple_repeat          1     74    (0) 1562  
   33    0.0  3.1  0.0  Sniffles2.INS.736S22     12    43    (9) + (TG)n          Simple_repeat          1     33    (0) 1563  
   54   22.5  3.8  1.2  Sniffles2.INS.737S17      3   159    (4) + (ATATATT)n     Simple_repeat          1    161    (0) 1564  
   30    0.0  0.0  0.0  Sniffles2.INS.738S22      1    28   (29) + (CAAG)n        Simple_repeat          1     28    (0) 1565  
   17   16.1  0.0  0.0  Sniffles2.INS.738S22     29    57    (0) + A-rich         Low_complexity         1     29    (0) 1566  
   30   12.8  6.7  0.0  Sniffles2.INS.744S22      1    60    (7) + (AT)n          Simple_repeat          1     64    (0) 1567  
   47    1.6  8.1  0.0  Sniffles2.INS.746S22      1    62    (0) + (TA)n          Simple_repeat          1     67    (0) 1568  
   22   22.1  5.1  0.0  Sniffles2.INS.748S0      16    74   (13) + (TG)n          Simple_repeat          1     62    (0) 1569  
   26   31.1  2.5  0.0  Sniffles2.INS.748S17     17    97    (4) + (TA)n          Simple_repeat          1     83    (0) 1570  
  778    3.1  0.0  1.9  Sniffles2.INS.74CS0       1   126    (1) + SVA_F          Retroposon/SVA       696    855  (520) 1571  
   29    6.8  4.3  0.0  Sniffles2.INS.74DS17      1    47    (0) + (AAGA)n        Simple_repeat          1     49    (0) 1572  
  251   10.0  0.0  0.0  Sniffles2.INS.74ES33      3    42  (198) + LTR1A1         LTR/ERV1             394    433  (366) 1573 *
  309   11.5  1.6  0.0  Sniffles2.INS.74ES33     42   102  (138) + LTR1A1         LTR/ERV1             372    433  (366) 1574  
  243   14.8  1.6  0.0  Sniffles2.INS.74ES33    102   162   (78) + LTR1A1         LTR/ERV1             372    433  (366) 1574 *
  316   12.1  3.2  0.0  Sniffles2.INS.74ES33    162   234    (6) + LTR1A1         LTR/ERV1             367    447  (377) 1574  
 1149   13.9  1.1  0.7  Sniffles2.INS.74S25       1  1871    (1) + ALR/Alpha      Satellite/centr        1   1877    (0) 1575  
  329   21.9  1.6  0.0  Sniffles2.INS.74S2B       6    69    (0) + AluYi6         SINE/Alu             224    288   (23) 1576  
 2063   12.7  1.0  0.6  Sniffles2.INS.74S58      14   323   (38) + AluSx          SINE/Alu               2    312    (0) 1577  
   16   29.0  0.0  1.7  Sniffles2.INS.752S33      1    60   (41) + (CCTCCTC)n     Simple_repeat          1     59    (0) 1578  
  128   18.3  0.0  0.0  Sniffles2.INS.75S2B       1   238    (9) + (CCATT)n       Simple_repeat          1    238    (0) 1579  
   36    1.9  9.3  0.0  Sniffles2.INS.75S31       2    55    (1) + (TA)n          Simple_repeat          1     59    (0) 1580  
   87   20.3  0.0  0.0  Sniffles2.INS.76ES0       3   164    (0) + (AT)n          Simple_repeat          1    162    (0) 1581  
  233   16.9 18.3  0.0  Sniffles2.INS.76S3A       6    76    (7) + L1MC           LINE/L1             4314   4397 (1749) 1582  
   17    4.9  0.0  0.0  Sniffles2.INS.76S6        1    21   (43) + (A)n           Simple_repeat          1     21    (0) 1583  
   27   16.4  0.0  0.0  Sniffles2.INS.780S17      1    50    (0) + (TATA)n        Simple_repeat          1     50    (0) 1584  
  198    4.3 10.1  2.0  Sniffles2.INS.786S17      3   457    (2) + (TA)n          Simple_repeat          1    491    (0) 1585  
  251   23.9  4.1  0.0  Sniffles2.INS.78BS17      1   653    (7) + (CTCT)n        Simple_repeat          1    680    (0) 1586  
  455   20.0  1.1  0.0  Sniffles2.INS.78S25       6   100    (0) + ALR/Alpha      Satellite/centr       32    127   (44) 1587  
   38    8.2  0.0  0.0  Sniffles2.INS.78S5        1    53    (0) + (TTTC)n        Simple_repeat          1     53    (0) 1588  
  793    5.5  0.0  0.0  Sniffles2.INS.790S0       1    91    (4) + AluYh7         SINE/Alu             211    301   (10) 1589  
   27   14.8  1.9  0.0  Sniffles2.INS.791S33      1    53    (0) + GA-rich        Low_complexity         1     54    (0) 1590  
   46   28.9  0.0  0.0  Sniffles2.INS.793S0       1   120    (0) + (AT)n          Simple_repeat          1    120    (0) 1591  
   36    0.0  0.0  0.0  Sniffles2.INS.79BS0       5    43   (10) + (A)n           Simple_repeat          1     39    (0) 1592  
  276   17.5 12.7  0.0  Sniffles2.INS.79DS0       1    63    (1) C L1MC1          LINE/L1            (223)   6110   6040 1593  
   30    2.7  0.0  5.0  Sniffles2.INS.79ES0       3    44    (9) + (GGAGGGAT)n    Simple_repeat          1     40    (0) 1594  
  433    5.8  0.0  0.0  Sniffles2.INS.79S2B       1    52    (0) + AluYa5         SINE/Alu              82    133  (178) 1595  
   35   23.9  2.1  0.0  Sniffles2.INS.7A4S17      3    95    (1) + (CCA)n         Simple_repeat          1     95    (0) 1596  
   15    3.3  9.1  2.9  Sniffles2.INS.7AES22      1    54    (0) + (TCT)n         Simple_repeat          1     57    (0) 1597  
 1481   14.8  6.9  3.3  Sniffles2.INS.7AS17       1   350    (1) C SVA_A          Retroposon/SVA     (572)    815    454 1598  
 1814    5.0  0.5  0.0  Sniffles2.INS.7AS25       1   221    (0) C L1PA3          LINE/L1             (72)   6083   5862 1599  
  296   23.2  0.0  0.0  Sniffles2.INS.7AS2B       4    59   (10) + AluSz6         SINE/Alu             225    280   (32) 1600  
 1225   11.2  2.7  0.6  Sniffles2.INS.7ASC0       2   688    (0) + ALR/Alpha      Satellite/centr        1    701    (0) 1601  
  542   10.1  2.5  0.0  Sniffles2.INS.7B8S0      22   100    (0) + AluSg          SINE/Alu             110    190  (120) 1602  
 3122    3.8  0.0  0.0  Sniffles2.INS.7BS25       3   368   (34) C L1PA3          LINE/L1              (5)   6150   5785 1603  
  356   13.0  0.0  0.0  Sniffles2.INS.7BS2B       5    50   (71) + FRAM           SINE/Alu              98    143   (33) 1604  
  261   17.2  0.0  2.9  Sniffles2.INS.7BS2B      51    65   (56) C SVA_A          Retroposon/SVA    (1012)    371    340 1605  
  243   19.5  0.0  0.0  Sniffles2.INS.7BS2B      75   115    (6) + FRAM           SINE/Alu             104    144   (32) 1606  
  333    4.9  0.0  0.0  Sniffles2.INS.7BS58      10    50    (6) + 5S             rRNA                  48     88   (33) 1607  
  322   22.4  3.0  0.0  Sniffles2.INS.7C4S33     16    82   (11) + MLT2B5         LTR/ERVL               3     71  (646) 1608  
  273   23.3  3.3  0.0  Sniffles2.INS.7C5S33     36    95    (0) + MLT2B5         LTR/ERVL               3     64  (653) 1609  
 1121   13.2  0.6  0.6  Sniffles2.INS.7CS25       8   166   (26) + AluJb          SINE/Alu               1    159  (153) 1610  
   22    0.0  0.0  0.0  Sniffles2.INS.7CS25     168   191    (1) + (A)n           Simple_repeat          1     24    (0) 1611  
  385   17.9  3.0  0.0  Sniffles2.INS.7CS2B      14    80    (2) + AluJb          SINE/Alu             226    294   (18) 1612  
   71    0.0  0.0  0.0  Sniffles2.INS.7CSBF       1    63    (0) + (T)n           Simple_repeat          1     63    (0) 1613  
 1039   10.4  0.0  0.4  Sniffles2.INS.7CSC0       1   167    (2) + ALR/Alpha      Satellite/centr        1    166    (1) 1614  
 2577    3.0  0.6  5.2  Sniffles2.INS.7DS25       3   324    (1) + AluY           SINE/Alu               1    308    (3) 1615  
   23   17.0  0.0  0.0  Sniffles2.INS.7DS2B       7    52    (3) + (GGAAT)n       Simple_repeat          1     46    (0) 1616  
  278   19.5  0.0  0.0  Sniffles2.INS.7ES2B       1    41    (8) C SVA_A          Retroposon/SVA    (1010)    377    337 1617  
  292   19.1  0.0  0.0  Sniffles2.INS.7ES58       1    47   (28) + Tigger1        DNA/TcMar-Tigger    2372   2418    (0) 1618  
  147    9.0  0.0  0.0  Sniffles2.INS.7FFS22      1   204    (0) + (GCCCT)n       Simple_repeat          1    204    (0) 1619  
 3765    0.7  0.0  0.0  Sniffles2.INS.7FS25       1   441    (0) + L1HS           LINE/L1             5741   6155    (0) 1620  
  307   20.0  0.0  0.0  Sniffles2.INS.7FS2B       1    50    (8) + Alu            SINE/Alu              95    144   (22) 1621  
   40   18.8  4.8  4.0  Sniffles2.INS.7FS58       9   132    (0) + (CA)n          Simple_repeat          1    125    (0) 1622  
  453   20.2  5.2  5.6  Sniffles2.INS.7S15        1   684   (10) + HSATII         Satellite              1    681    (9) 1623  
   31   20.5  0.0  0.0  Sniffles2.INS.7S28        1    62    (0) + (CT)n          Simple_repeat          1     62    (0) 1624  
  998   16.9  0.8  0.7  Sniffles2.INS.7S30        1   340    (3) + ALR/Alpha      Satellite/centr        1    340    (0) 1625  
 1271   11.2  0.1  0.0  Sniffles2.INS.7S36        1   338    (0) C ALR/Alpha      Satellite/centr     (71)    338      1 1626  
 1143   14.4  2.6  0.3  Sniffles2.INS.7S65        1  2339    (0) + ALR/Alpha      Satellite/centr        1   2392    (1) 1627  
  371   16.4  0.0  0.0  Sniffles2.INS.7S8         1    67    (1) + BSR/Beta       Satellite             12     78   (58) 1628  
   29   28.0  1.1  0.0  Sniffles2.INS.7SA7        3    92    (1) + (TCTC)n        Simple_repeat          1     91    (0) 1629  
  157    9.4  9.8  2.8  Sniffles2.INS.804S22      1   396    (0) + (CACACAT)n     Simple_repeat          1    423    (0) 1630  
  277   15.4  0.0  0.0  Sniffles2.INS.80S2B      15    53    (0) + AluJo          SINE/Alu             229    267   (45) 1631  
  134   22.7  6.0  2.6  Sniffles2.INS.80S58       1   484    (5) + (AC)n          Simple_repeat          1    500    (0) 1632  
 1250   11.0  0.4  0.2  Sniffles2.INS.80SC0       2   340    (0) + ALR/Alpha      Satellite/centr        1    339    (0) 1633  
   20   20.3  3.8  0.0  Sniffles2.INS.81S37       1    53    (1) + GA-rich        Low_complexity         1     55    (0) 1634  
   19   16.9  5.5  1.8  Sniffles2.INS.81S6        4    58    (0) + (TGAG)n        Simple_repeat          1     57    (0) 1635  
  277   23.6  0.0  0.0  Sniffles2.INS.83S2B       5    59    (4) + FRAM           SINE/Alu              98    152   (24) 1636  
   28    9.7  5.3  6.7  Sniffles2.INS.83S6        3    78    (0) + (GTGA)n        Simple_repeat          1     75    (0) 1637  
  277   18.8  0.0  0.0  Sniffles2.INS.840S17      3    50   (17) C L1M4b          LINE/L1           (3729)   3138   3091 1638  
  336   19.6  0.0  0.0  Sniffles2.INS.84S2B       7    62   (15) + Alu            SINE/Alu              89    144   (22) 1639  
  288   28.0  0.0  0.0  Sniffles2.INS.86S2B      18    92    (0) + FRAM           SINE/Alu              89    163    (3) 1640  
  339   10.0  2.0  0.0  Sniffles2.INS.874S22      1    50   (87) + L1PREC2        LINE/L1             6079   6129   (31) 1641  
  446   10.3  4.4  0.0  Sniffles2.INS.874S22     51   118   (19) + L1PREC2        LINE/L1             6059   6129   (31) 1642  
  262   25.5  0.0  0.0  Sniffles2.INS.87S2B       1    47    (3) + AluYh9         SINE/Alu             229    275   (36) 1643  
   58   15.9  2.7  4.8  Sniffles2.INS.89S23       4   151    (1) + (CCTT)n        Simple_repeat          1    145    (0) 1644  
  244   22.0  0.0  0.0  Sniffles2.INS.89S2B       5    54    (5) + AluYh7         SINE/Alu             228    277   (34) 1645  
   24   19.7  0.0  0.0  Sniffles2.INS.8AS2B       6    57   (13) + (TGGAA)n       Simple_repeat          1     52    (0) 1646  
   32    9.2  4.8  3.2  Sniffles2.INS.8AS6        1    62    (0) + (TA)n          Simple_repeat          1     63    (0) 1647  
 1054   12.2  0.0  0.0  Sniffles2.INS.8CS24       1   170    (1) C ALR/Alpha      Satellite/centr     (71)    170      1 1648  
  323   17.6  0.0  0.0  Sniffles2.INS.8CS2B      13    63    (0) + Alu            SINE/Alu              90    140   (26) 1649  
   46    0.0  0.0  0.0  Sniffles2.INS.8DS6        1    42    (9) + (ATCT)n        Simple_repeat          1     42    (0) 1650  
  431   26.4  3.9  2.2  Sniffles2.INS.8ES18       1   178    (8) C MER67C         LTR/ERV1           (510)    201     21 1651  
   16   25.5  2.0  0.0  Sniffles2.INS.8ES2B       3    53    (1) + (GAATG)n       Simple_repeat          1     52    (0) 1652  
  387   14.8  0.0  0.0  Sniffles2.INS.8FS2B       1    54    (5) + Alu            SINE/Alu             226    279   (23) 1653  
  259   16.4  7.5  9.0  Sniffles2.INS.8S25       14   160    (6) + HSATII         Satellite             22    166    (4) 1654  
  685   16.0  0.0  2.7  Sniffles2.INS.8S2F        1   174    (0) + ALR/Alpha      Satellite/centr        1    169    (0) 1655  
 1246   14.3  0.6  0.2  Sniffles2.INS.8S65        1  5255    (4) + ALR/Alpha      Satellite/centr        1   5276    (0) 1656  
  876    8.4  0.0  1.5  Sniffles2.INS.8S8         1   137    (1) + BSR/Beta       Satellite              1    134    (0) 1657  
 1054    8.0  0.9  0.0  Sniffles2.INS.8SA8        2   434    (1) C ACRO1          Satellite/acro       (0)    436      1 1658  
  889   10.0  1.7  0.0  Sniffles2.INS.8SAD        7   288    (0) C ACRO1          Satellite/acro       (0)    286      1 1659  
   17   25.2  0.0  0.0  Sniffles2.INS.8SBD        1    47    (3) + (TTCCA)n       Simple_repeat          1     47    (0) 1660  
 1126   11.8  0.0  0.6  Sniffles2.INS.92S24       1   171    (2) C ALR/Alpha      Satellite/centr      (1)    170      1 1661  
   54   26.3  0.0  2.0  Sniffles2.INS.92S5       25   176    (7) + (CAC)n         Simple_repeat          1    149    (0) 1662  
   25    7.1  4.3  2.1  Sniffles2.INS.93S1        1    47    (1) + (AAAG)n        Simple_repeat          1     48    (0) 1663  
 1068   12.9  1.6  0.0  Sniffles2.INS.93S24       1   332    (0) C ALR/Alpha      Satellite/centr     (40)    337      1 1664  
 1079   12.3  1.7  0.0  Sniffles2.INS.94S24       1   332    (0) C ALR/Alpha      Satellite/centr     (39)    337      1 1665  
  939   16.9  1.4  0.6  Sniffles2.INS.95S24       2   856    (0) C ALR/Alpha      Satellite/centr      (0)    862      1 1666  
   26    8.7  6.1  0.0  Sniffles2.INS.95S33       2    50    (2) + (TGGA)n        Simple_repeat          1     52    (0) 1667  
  642    6.6  0.0  0.0  Sniffles2.INS.97S2B       1    76  (103) + AluYa5         SINE/Alu              47    122  (189) 1668 *
  644    2.8  0.0  0.0  Sniffles2.INS.97S2B      76   146   (33) + AluYa5         SINE/Alu             227    297   (14) 1669  
  246   14.7  0.0  0.0  Sniffles2.INS.97S2B     146   179    (0) + Alu            SINE/Alu              96    129   (37) 1670 *
   23    7.2  6.8  0.0  Sniffles2.INS.98S23       1    44    (6) + (TATAG)n       Simple_repeat          1     47    (0) 1671  
  589    8.6  1.2  0.0  Sniffles2.INS.98S31       1    81    (4) C L1P1           LINE/L1           (5276)    879    798 1672  
  838   16.8  4.2  4.7  Sniffles2.INS.98S6       12   223    (0) + L1P4           LINE/L1             5456   5666  (502) 1673  
  192   24.4  0.0  0.0  Sniffles2.INS.99SBF       7    51    (4) C L2             LINE/L2            (993)   2426   2382 1674  
  973   16.6  0.6  0.3  Sniffles2.INS.9AS25       1   504    (6) + ALR/Alpha      Satellite/centr        1    505    (0) 1675  
  273   21.3  0.0  0.0  Sniffles2.INS.9BS2B       4    50    (0) + FRAM           SINE/Alu              98    144   (32) 1676  
  299   20.4  0.0  0.0  Sniffles2.INS.9BSBF       3    56   (24) C FLAM_A         SINE/Alu            (12)    130     77 1677  
   20   14.4  8.5  0.0  Sniffles2.INS.9CS23       1    47   (28) + (TC)n          Simple_repeat          1     51    (0) 1678  
   57    0.0  1.9  0.0  Sniffles2.INS.9CS3A       1    52    (2) + (AT)n          Simple_repeat          1     53    (0) 1679  
   27    5.5  0.0  2.6  Sniffles2.INS.9CSBF       1    40   (38) + (TATATCTTA)n   Simple_repeat          1     39    (0) 1680  
   20    0.0  8.1  5.3  Sniffles2.INS.9CSBF      42    78    (0) + (AT)n          Simple_repeat          1     38    (0) 1681  
   30    4.1  3.7  3.7  Sniffles2.INS.9DS23      21    74    (0) + (ATATATGC)n    Simple_repeat          1     54    (0) 1682  
   75   16.0  0.0  0.0  Sniffles2.INS.9DS2B       7   139    (0) + (TCCAC)n       Simple_repeat          1    133    (0) 1683  
   68    5.9  2.2  0.0  Sniffles2.INS.9DS6        1    90    (0) + (CTCC)n        Simple_repeat          1     92    (0) 1684  
   15   18.4  2.7  0.0  Sniffles2.INS.9ES31       7    43   (11) + A-rich         Low_complexity         1     38    (0) 1685  
   14   18.4  8.0  5.2  Sniffles2.INS.9ES37      10    84    (8) + (ATAC)n        Simple_repeat          1     77    (0) 1686  
 1038    0.9  0.0  0.0  Sniffles2.INS.9FS2B      47   157    (0) + AluYa5         SINE/Alu             182    292   (19) 1687  
 1759   10.9  0.0  0.0  Sniffles2.INS.9FS37       1   247  (467) C AluY           SINE/Alu            (54)    247      1 1688  
  281   25.2  6.8  5.9  Sniffles2.INS.9FS37     280   498  (216) C L1M4           LINE/L1           (1641)   4505   4285 1689  
 1369    8.3  0.0  0.0  Sniffles2.INS.9FS37     532   712    (2) + AluY           SINE/Alu              37    217   (84) 1690  
  543   14.3  0.5  0.5  Sniffles2.INS.9S14       10   231   (33) + CER            Satellite              1    222    (0) 1691  
  259   16.0 20.2  0.0  Sniffles2.INS.9S15        7   125    (0) + HSATII         Satellite             19    161    (9) 1692  
   74    0.0  3.3  3.3  Sniffles2.INS.9S25        1    90    (0) + (TTCCA)n       Simple_repeat          1     90    (0) 1693  
  382   22.5  0.7  0.2  Sniffles2.INS.9S28        1   852    (0) + (TCTC)n        Simple_repeat          1    856    (0) 1694  
 1196   14.2  0.8  0.4  Sniffles2.INS.9S2F        1  1020    (1) + ALR/Alpha      Satellite/centr        1   1024    (0) 1695  
  136   22.8  0.3  1.0  Sniffles2.INS.9S77        2   313    (0) + (TCCAC)n       Simple_repeat          1    310    (0) 1696  
  817   14.7  0.3  1.0  Sniffles2.INS.9S8         1   202    (2) + BSR/Beta       Satellite              1    200    (0) 1697  
 1367    1.9  0.0  0.0  Sniffles2.INS.9SA6        1   157   (39) C L1P1           LINE/L1           (1081)   5065   4909 1698  
  336    0.0  0.0  0.0  Sniffles2.INS.9SA6      156   196    (0) + L1P1           LINE/L1             3050   3090 (3056) 1699 *
 1054    7.3  0.6  0.0  Sniffles2.INS.9SA8        1   581    (1) C ACRO1          Satellite/acro      (50)    584      1 1700  
 1010    8.7  0.8  0.0  Sniffles2.INS.9SAD       10   432    (0) C ACRO1          Satellite/acro       (0)    426      1 1701  
   24   16.6  0.0  0.0  Sniffles2.INS.9SBD        1    47   (22) + (TCCAT)n       Simple_repeat          1     47    (0) 1702  
   59   18.3  3.3  0.0  Sniffles2.INS.A0S23       1   122    (2) + (TA)n          Simple_repeat          1    126    (0) 1703  
  112   21.7  0.4  0.4  Sniffles2.INS.A0S24       1   246    (0) + (TCTC)n        Simple_repeat          1    246    (0) 1704  
  324   16.0  0.0  0.0  Sniffles2.INS.A0S2B       1    50    (0) + Alu            SINE/Alu              91    140   (26) 1705  
   26   18.6  0.0  0.0  Sniffles2.INS.A1S24       1    49  (664) + (TC)n          Simple_repeat          1     49    (0) 1706  
   35    0.0  0.0  0.0  Sniffles2.INS.A1S24      50    82  (631) + (CTCC)n        Simple_repeat          1     33    (0) 1707  
   45    0.0  0.0  2.2  Sniffles2.INS.A1S24     547   592  (121) + (TTTC)n        Simple_repeat          1     45    (0) 1708  
   58   20.2  0.0  0.0  Sniffles2.INS.A1S24     595   713    (0) + (CTCT)n        Simple_repeat          1    119    (0) 1709  
  327   15.4  0.0  0.0  Sniffles2.INS.A1S2B      33    84   (10) + Alu            SINE/Alu              89    140   (26) 1710  
  106    5.2  1.3  2.7  Sniffles2.INS.A1S33       1   150    (0) + (ATATATACGT)n  Simple_repeat          1    148    (0) 1711  
   41   19.2  2.2  0.0  Sniffles2.INS.A1S38       2    91    (0) + (TATA)n        Simple_repeat          1     92    (0) 1712  
   18   22.6  2.3  0.0  Sniffles2.INS.A1S3A       1    43    (6) + (AT)n          Simple_repeat          1     44    (0) 1713  
   36   19.1  0.0  3.5  Sniffles2.INS.A2S22      11    99    (3) + (CACCAC)n      Simple_repeat          1     86    (0) 1714  
   49    0.0  3.6  1.8  Sniffles2.INS.A2S24     469   524  (950) + (TTTC)n        Simple_repeat          1     57    (0) 1715  
   12   13.9  0.0  0.0  Sniffles2.INS.A2S24     529   552  (922) + (CTCG)n        Simple_repeat          1     24    (0) 1716  
  196   10.9  0.9  0.6  Sniffles2.INS.A2S24     556   894  (580) + (TC)n          Simple_repeat          1    340    (0) 1717  
   32    0.0  0.0  0.0  Sniffles2.INS.A2S24     895   932  (542) + (CCTC)n        Simple_repeat          1     38    (0) 1718  
   17   26.0  0.0  0.0  Sniffles2.INS.A2S24    1361  1401   (73) + (TT)n          Simple_repeat          1     41    (0) 1719  
   45    0.0  0.0  0.0  Sniffles2.INS.A2S24    1402  1442   (32) + (TTTC)n        Simple_repeat          1     41    (0) 1720  
   16   11.7  0.0  0.0  Sniffles2.INS.A2S24    1447  1474    (0) + (CTCG)n        Simple_repeat          1     28    (0) 1721  
  125    4.0  5.4  3.5  Sniffles2.INS.A2S33       1   223    (5) + (ATATATACGT)n  Simple_repeat          1    227    (0) 1722  
  151   15.2  5.4  3.9  Sniffles2.INS.A3S22       8   415    (0) + (CCA)n         Simple_repeat          1    414    (0) 1723  
   48    0.0  3.9  0.0  Sniffles2.INS.A3S24       9    59 (2088) + (TTTC)n        Simple_repeat          1     53    (0) 1724  
   12   13.9  0.0  0.0  Sniffles2.INS.A3S24      64    87 (2060) + (CTCG)n        Simple_repeat          1     24    (0) 1725  
  111   11.0  1.0  1.0  Sniffles2.INS.A3S24      91   290 (1857) + (TC)n          Simple_repeat          1    200    (0) 1726  
   24    0.0  0.0  0.0  Sniffles2.INS.A3S24     291   320 (1827) + (CCTC)n        Simple_repeat          1     30    (0) 1727  
 1345   13.7  0.0  1.4  Sniffles2.INS.A3S24     855  1076 (1071) + AluSx          SINE/Alu              64    282   (20) 1728  
   52    6.4  0.0  0.0  Sniffles2.INS.A3S24    1084  1148  (999) + (ATAC)n        Simple_repeat          1     65    (0) 1729  
   24    4.7  6.5  2.1  Sniffles2.INS.A3S24    1156  1201  (946) + (AAGAA)n       Simple_repeat          1     48    (0) 1730  
   33    0.0  0.0  0.0  Sniffles2.INS.A3S24    1284  1314  (833) + (TCTG)n        Simple_repeat          1     31    (0) 1731  
   23   26.9  1.4  0.0  Sniffles2.INS.A3S24    1315  1385  (762) + (CTCT)n        Simple_repeat          1     72    (0) 1732  
   40    0.0  4.5  0.0  Sniffles2.INS.A3S24    1387  1430  (717) + (CTTT)n        Simple_repeat          1     46    (0) 1733  
   12   13.9  0.0  0.0  Sniffles2.INS.A3S24    1435  1458  (689) + (CTCG)n        Simple_repeat          1     24    (0) 1734  
  104   11.3  1.0  1.0  Sniffles2.INS.A3S24    1462  1655  (492) + (TC)n          Simple_repeat          1    194    (0) 1735  
   32    0.0  0.0  0.0  Sniffles2.INS.A3S24    1656  1693  (454) + (CCTC)n        Simple_repeat          1     38    (0) 1736  
  297   19.3  3.5  0.0  Sniffles2.INS.A3S2B       5    61    (1) + FRAM           SINE/Alu              98    156   (20) 1737  
   42   14.1  5.8  0.0  Sniffles2.INS.A4S1        1    86    (6) + (CA)n          Simple_repeat          1     91    (0) 1738  
   23   14.6  2.9  6.1  Sniffles2.INS.A4S18       1    68    (2) + (CCTCTC)n      Simple_repeat          1     66    (0) 1739  
   19   21.5  0.0  0.0  Sniffles2.INS.A4S2B       4    53    (7) + (TGGAG)n       Simple_repeat          1     50    (0) 1740  
   56   20.8  2.4  0.0  Sniffles2.INS.A4S3A       1   124    (0) + (AT)n          Simple_repeat          1    127    (0) 1741  
  268   18.8  9.6  0.6  Sniffles2.INS.A5S24      42   126    (7) C FRAM           SINE/Alu             (1)    132     34 1742  
   59    5.3  2.5  1.2  Sniffles2.INS.A6S24      18    97   (59) + (TC)n          Simple_repeat          1     81    (0) 1743  
   19   21.5  0.0  2.0  Sniffles2.INS.A6S24     105   154    (2) + (CTCT)n        Simple_repeat          1     49    (0) 1744  
  265   20.8  0.0  0.0  Sniffles2.INS.A6S2B       3    50    (8) + Alu            SINE/Alu             232    279   (22) 1745  
   27    8.3  7.5  1.8  Sniffles2.INS.A7S24       2    54    (0) + (TC)n          Simple_repeat          1     56    (0) 1746  
  279   22.1  0.3  0.0  Sniffles2.INS.A7S2B       1    59    (4) + FRAM           SINE/Alu              94    140   (26) 1747  
   15   23.3  8.2  1.3  Sniffles2.INS.A8S23       6    78   (12) + (CAT)n         Simple_repeat          1     78    (0) 1748  
   42   24.0  0.9  0.0  Sniffles2.INS.A8S24       1   107    (4) + (TCTC)n        Simple_repeat          1    108    (0) 1749  
  145   14.1  3.8  1.7  Sniffles2.INS.A8S6        1   292    (1) + GA-rich        Low_complexity         1    298    (0) 1750  
  131    3.5 11.9  0.3  Sniffles2.INS.A9S11       8   275    (0) + (AT)n          Simple_repeat          1    299    (0) 1751  
   31   15.4  0.0  0.0  Sniffles2.INS.AAS11       2    59    (0) + (CCTCT)n       Simple_repeat          1     58    (0) 1752  
   37   18.6  5.6  1.8  Sniffles2.INS.AAS24       3   110    (1) + (TCTG)n        Simple_repeat          1    112    (0) 1753  
   41    0.0  4.4  0.0  Sniffles2.INS.AAS37       1    45    (9) + (TCTT)n        Simple_repeat          1     47    (0) 1754  
  172   24.0  1.4  0.5  Sniffles2.INS.ABS24       2   446    (0) + (CTCTCT)n      Simple_repeat          1    449    (0) 1755  
  264   23.7  0.5  0.3  Sniffles2.INS.ACS24       1   614    (1) + (TCTC)n        Simple_repeat          1    615    (0) 1756  
  246   23.1  0.0  0.0  Sniffles2.INS.ACS2B       4    55    (0) + AluJb          SINE/Alu             229    280   (22) 1757  
   75   14.0  0.0  0.0  Sniffles2.INS.ADS24       1   125 (1001) + (TCTCTC)n      Simple_repeat          1    125    (0) 1758  
  272   23.2  1.8  0.9  Sniffles2.INS.ADS24     130   346  (780) C HERVIP10FH-int LTR/ERV1          (4105)    997    779 1759  
  343   22.8  0.8  0.3  Sniffles2.INS.ADS24     347  1123    (3) + (TCTC)n        Simple_repeat          1    781    (0) 1760  
  288   19.6  0.0  0.0  Sniffles2.INS.ADS2B       3    48    (4) + FRAM           SINE/Alu              99    144   (32) 1761  
   27   18.8  1.4  2.9  Sniffles2.INS.AES24       7    84    (1) + (TGTC)n        Simple_repeat          1     76    (0) 1762  
   35    0.0  7.7  0.0  Sniffles2.INS.AFS22       1    52    (1) + (CCCTCC)n      Simple_repeat          1     56    (0) 1763  
  474   22.4  0.5  0.0  Sniffles2.INS.AFS24       1  1024    (1) + (TCTC)n        Simple_repeat          1   1029    (0) 1764  
   19   23.0  0.0  0.0  Sniffles2.INS.AFS2B       1    47    (3) + (GAGTG)n       Simple_repeat          1     47    (0) 1765  
   24    7.6  4.8  0.0  Sniffles2.INS.AS11        7    48    (3) + (GGGGC)n       Simple_repeat          1     44    (0) 1766  
   43   15.9  1.3  0.0  Sniffles2.INS.AS28        1    77    (3) + (TC)n          Simple_repeat          1     78    (0) 1767  
   44   14.7 11.7  0.7  Sniffles2.INS.AS29        1   149    (3) + (TA)n          Simple_repeat          1    165    (0) 1768  
 1124   13.5  1.3  0.6  Sniffles2.INS.AS2F        1   335    (2) + ALR/Alpha      Satellite/centr        1    337    (0) 1769  
 1112   13.9  1.3  0.0  Sniffles2.INS.AS30        1   336    (2) + ALR/Alpha      Satellite/centr        1    340    (0) 1770  
 2018   13.2  0.0  0.0  Sniffles2.INS.AS34        1   280   (68) + AluSq2         SINE/Alu              21    300   (13) 1771  
  263    8.7  8.7  0.0  Sniffles2.INS.AS34      282   327   (21) C MER57-int      LTR/ERV1          (2585)   4952   4903 1772  
  335    7.0  0.0  0.0  Sniffles2.INS.AS36        2    44    (7) C ALR/Alpha      Satellite/centr     (60)    111     69 1773  
  309   24.1  0.3  0.7  Sniffles2.INS.AS77        1   719    (4) + (CACTC)n       Simple_repeat          1    716    (0) 1774  
  331   17.2  1.6  0.0  Sniffles2.INS.AS8         1    64    (0) + BSR/Beta       Satellite             55    119   (17) 1775  
 1063    8.9  0.9  0.0  Sniffles2.INS.ASAD        1   721    (2) C ACRO1          Satellite/acro      (47)    727      1 1776  
   33    2.9  0.0  0.0  Sniffles2.INS.ASBD       12    47    (3) + (ATTCC)n       Simple_repeat          1     36    (0) 1777  
  323   21.0  0.0  0.0  Sniffles2.INS.B0S2B      17    78    (0) + Alu            SINE/Alu              89    150   (16) 1778  
   19    9.0  9.8  3.7  Sniffles2.INS.B0S5        1    51    (0) + (AT)n          Simple_repeat          1     54    (0) 1779  
   32    9.2  3.3  1.6  Sniffles2.INS.B4S35       1    60    (0) + (TATATAT)n     Simple_repeat          1     61    (0) 1780  
  107   22.5  0.0  0.8  Sniffles2.INS.B5S2B       1   237    (0) + (TGGAA)n       Simple_repeat          1    235    (0) 1781  
   50    0.0  3.9  0.0  Sniffles2.INS.B6S38       1    52    (5) + (CCTT)n        Simple_repeat          1     54    (0) 1782  
   54    3.5  0.0  1.6  Sniffles2.INS.B9S24       1    62    (0) + (CTT)n         Simple_repeat          1     61    (0) 1783  
   52    1.9  0.0  0.0  Sniffles2.INS.BBS1        1    52    (0) + (ATATATCAT)n   Simple_repeat          1     52    (0) 1784  
  131   18.6  0.0  0.0  Sniffles2.INS.BBS2B       1   246    (6) + (ATTCC)n       Simple_repeat          1    246    (0) 1785  
  228   21.2  0.0  0.0  Sniffles2.INS.BCS2B       7   469    (1) + (TGGAA)n       Simple_repeat          1    463    (0) 1786  
   47   13.3  0.0  0.0  Sniffles2.INS.BCS5        1    74   (14) + (A)n           Simple_repeat          1     74    (0) 1787  
   12   13.8  5.7  2.8  Sniffles2.INS.BDS33      33    67   (19) + (CTCT)n        Simple_repeat          1     36    (0) 1788  
   31    7.7  1.6  5.1  Sniffles2.INS.BFS2        1    61    (0) + (TATATAT)n     Simple_repeat          1     59    (0) 1789  
  241   18.3  1.6  3.3  Sniffles2.INS.BFS2B      11    72    (0) C HSATII         Satellite           (83)     87     27 1790  
  396   25.3  3.0 10.9  Sniffles2.INS.BS13       71  2905 (2635) + L1MC3          LINE/L1             6455   6678 (1204) 1791  
  408   25.1  2.9 10.3  Sniffles2.INS.BS13     2918  5080  (460) + L1MC3          LINE/L1             6452   6678 (1204) 1791  
  383   23.6  2.9  8.1  Sniffles2.INS.BS13     5135  5537    (3) + L1MC3          LINE/L1             6455   6599 (1186) 1792  
   71    1.3  2.4  2.4  Sniffles2.INS.BS25        1    84    (6) + (TTCCA)n       Simple_repeat          1     84    (0) 1793  
   71   19.5  2.9  1.1  Sniffles2.INS.BS28        3   175    (0) + (TCTG)n        Simple_repeat          1    176    (0) 1794  
 1119   13.8  1.4  1.5  Sniffles2.INS.BS30        4   673    (2) + ALR/Alpha      Satellite/centr        1    669    (0) 1795  
  328   15.4  5.2  5.2  Sniffles2.INS.BS34        1    96    (5) C L1MCa          LINE/L1           (4414)   2094   1999 1796  
 1177   12.6  0.6  0.0  Sniffles2.INS.BS36        1   337    (3) C ALR/Alpha      Satellite/centr     (35)    338      1 1797  
   24   16.6  0.0  0.0  Sniffles2.INS.BS5C        8    54   (11) + (GAGTG)n       Simple_repeat          1     47    (0) 1798  
   26   14.0  0.0  0.0  Sniffles2.INS.BS5D        1    47    (3) + (GGAAT)n       Simple_repeat          1     47    (0) 1799  
  314   19.3  7.4  6.1  Sniffles2.INS.BS77       21   211  (754) + HSATII         Satellite              1    193    (4) 1800  
  359   22.2  0.1  0.1  Sniffles2.INS.BS77      212   965    (0) + (CACTC)n       Simple_repeat          1    754    (0) 1801  
  648   16.8  0.0  1.0  Sniffles2.INS.BS8         3   135    (0) + BSR/Beta       Satellite              1    131    (3) 1802  
   35    5.9  0.0  5.4  Sniffles2.INS.BSA8        1    59    (0) + (GAAG)n        Simple_repeat          1     56    (0) 1803  
 1062    6.6  0.0  0.0  Sniffles2.INS.BSBB        1   292    (2) C ACRO1          Satellite/acro       (6)    292      1 1804  
   36   13.5  1.5  0.0  Sniffles2.INS.BSBD        7    71   (13) + (TCCAT)n       Simple_repeat          1     66    (0) 1805  
   87   23.5  0.5  0.0  Sniffles2.INS.C0S24       1   203    (0) + (TCTC)n        Simple_repeat          1    204    (0) 1806  
  252   13.0  6.8  6.8  Sniffles2.INS.C1S31      39   112   (35) C L1MA4A         LINE/L1              (3)   6300   6224 1807  
  271   26.8  0.0  0.0  Sniffles2.INS.C3S2B      12    67    (5) + AluYa5         SINE/Alu             224    279   (32) 1808  
   48   16.7  3.5  1.7  Sniffles2.INS.C5S11       3   115    (0) + (CCTC)n        Simple_repeat          1    115    (0) 1809  
   23   21.9  0.0  1.7  Sniffles2.INS.C5S2B       4    63    (3) + (GAATG)n       Simple_repeat          1     59    (0) 1810  
   46    0.0  4.1  0.0  Sniffles2.INS.C7S11       4    52    (0) + (TTCT)n        Simple_repeat          1     51    (0) 1811  
  483    1.8  0.0  0.0  Sniffles2.INS.C7S37       1    56    (0) C L1P3           LINE/L1            (977)   5169   5114 1812  
   16   12.0  5.6  0.0  Sniffles2.INS.C8S38      89   124    (8) + A-rich         Low_complexity         1     38    (0) 1813  
  219    5.9  4.0  5.5  Sniffles2.INS.CAS33      10   486    (4) + (AT)n          Simple_repeat          1    470    (0) 1814  
   29   18.9  0.0  0.0  Sniffles2.INS.CBS2B       5    64    (1) + (GAGTG)n       Simple_repeat          1     60    (0) 1815  
   27   12.5  6.6  0.0  Sniffles2.INS.CBS31       5    65    (1) + (ATATA)n       Simple_repeat          1     65    (0) 1816  
   39   23.5  0.0  0.0  Sniffles2.INS.CCS2B       1    91    (3) + (ATGGA)n       Simple_repeat          1     91    (0) 1817  
   38   19.3  0.0  0.0  Sniffles2.INS.CDS2B       8    85   (34) + (GGAGT)n       Simple_repeat          1     78    (0) 1818  
   27    0.0  0.0  0.0  Sniffles2.INS.CDS2B      93   118    (1) + (GGAAT)n       Simple_repeat          1     26    (0) 1819  
  429    1.9  1.9  0.0  Sniffles2.INS.CDS5        1    54    (1) C L1P1           LINE/L1           (2471)   3675   3621 1820  
   44   22.5  0.0  0.0  Sniffles2.INS.CES2B       2   100  (278) + (TGGAG)n       Simple_repeat          1     99    (0) 1821  
  211    7.3  0.7  0.0  Sniffles2.INS.CES2B     104   377    (1) + (GAATG)n       Satellite              1    276    (0) 1822  
  225   20.8  1.0  0.6  Sniffles2.INS.CFS2B       2   489   (80) + (GGAAT)n       Simple_repeat          1    490    (0) 1823  
   17   18.4  0.0  0.0  Sniffles2.INS.CS16        1    37   (83) + (GAGTG)n       Simple_repeat          1     37    (0) 1824  
   37    6.6  0.0  0.0  Sniffles2.INS.CS16       45    92   (28) + (GGAAT)n       Simple_repeat          1     48    (0) 1825  
  118   21.2  0.8  0.0  Sniffles2.INS.CS28        2   255    (4) + (TCTC)n        Simple_repeat          1    256    (0) 1826  
   65   20.7  7.1  2.8  Sniffles2.INS.CS29        1   240    (7) + (TA)n          Simple_repeat          1    250    (0) 1827  
   20   22.7  0.0  0.0  Sniffles2.INS.CS2B       78   128   (81) + (AGTGG)n       Simple_repeat          1     51    (0) 1828  
  335   17.9  0.0  0.0  Sniffles2.INS.CS2B      149   204    (5) + Alu            SINE/Alu              89    144   (22) 1829  
 1029   14.4  0.2  0.2  Sniffles2.INS.CS2F        1   341    (0) + ALR/Alpha      Satellite/centr        1    341    (0) 1830  
 1173   16.0  1.6  1.7  Sniffles2.INS.CS30        1  1697    (1) + ALR/Alpha      Satellite/centr        1   1696    (0) 1831  
  585    9.1  0.0  0.7  Sniffles2.INS.CS34        1    97    (0) C CER            Satellite           (40)     96      1 1832  
 1310   11.2  0.6  0.0  Sniffles2.INS.CS36        1   506    (1) C ALR/Alpha      Satellite/centr     (39)    508      1 1833  
   74   11.6  0.0  0.0  Sniffles2.INS.CS5D        5   128   (21) + (TGGAA)n       Simple_repeat          1    124    (0) 1834  
 1263   13.3  0.3  0.1  Sniffles2.INS.CS65        1  1536    (0) + ALR/Alpha      Satellite/centr        1   1538    (0) 1835  
  246   25.0  0.0  0.0  Sniffles2.INS.CS7         4    59    (5) + L1M4           LINE/L1             2994   3049 (3097) 1836  
  917   10.9  0.0  1.5  Sniffles2.INS.CS8         1   201    (5) + BSR/Beta       Satellite              1    198    (0) 1837  
   28   10.2  5.8  4.3  Sniffles2.INS.CSA7        2    70    (0) + (TTCT)n        Simple_repeat          1     70    (0) 1838  
  987    3.8  1.4  0.0  Sniffles2.INS.CSA8        1   144    (0) C ACRO1          Satellite/acro      (59)    146      1 1839  
   72    5.5  0.0  0.0  Sniffles2.INS.CSAD        1    94    (1) + (AAGG)n        Simple_repeat          1     94    (0) 1840  
  356    9.6  0.0  0.0  Sniffles2.INS.CSB4        1    52   (21) C L1P1           LINE/L1           (6101)     54      3 1841  
 1083   15.5  0.8  0.0  Sniffles2.INS.CSBA        1   339    (1) + ALR/Alpha      Satellite/centr        1    341    (0) 1842  
 1119    7.7  0.6  0.3  Sniffles2.INS.CSBB        1   581    (0) C ACRO1          Satellite/acro      (41)    583      1 1843  
   20    0.0  0.0  0.0  Sniffles2.INS.D0S3A      47    68    (0) + (G)n           Simple_repeat          1     22    (0) 1844  
  899   12.5  0.0  0.0  Sniffles2.INS.D1S25       7   158    (5) + GSATII         Satellite/centr        1    152   (64) 1845  
   81    1.3  1.3  0.0  Sniffles2.INS.D1SBF       1    77    (0) + (TA)n          Simple_repeat          1     78    (0) 1846  
   26   22.6  0.0  0.0  Sniffles2.INS.D2S13       3    56    (0) + (AT)n          Simple_repeat          1     54    (0) 1847  
   99   16.9  0.0  0.0  Sniffles2.INS.D2S2B      89   264    (1) + (AATGG)n       Simple_repeat          1    176    (0) 1848  
   28    6.4  6.0  0.0  Sniffles2.INS.D5S11       1    50    (0) + (GGGGGGA)n     Simple_repeat          1     53    (0) 1849  
   36    3.3  9.2  1.4  Sniffles2.INS.D5S33       3    67    (7) + (TA)n          Simple_repeat          1     70    (0) 1850  
   21    4.9 13.9  0.0  Sniffles2.INS.D6S33       2    50    (0) + (AT)n          Simple_repeat          1     55    (0) 1851  
   40    2.5  0.0  0.0  Sniffles2.INS.D8S18       4    44   (21) + (AAGA)n        Simple_repeat          1     41    (0) 1852  
   16    0.0  0.0  0.0  Sniffles2.INS.D8S18      45    65    (0) + (GGAA)n        Simple_repeat          1     21    (0) 1853  
  316   10.4  0.0  0.0  Sniffles2.INS.D9S38       4    51    (0) + Tigger1        DNA/TcMar-Tigger     391    438 (1980) 1854  
   88    0.0  0.0  0.0  Sniffles2.INS.DAS22       1    75    (4) + (TA)n          Simple_repeat          1     75    (0) 1855  
 1177   15.2  0.0  6.1  Sniffles2.INS.DBS18       1    17 (1042) + AluSx          SINE/Alu              85    102  (200) 1856  
  225   31.2  1.8  5.6  Sniffles2.INS.DBS18      18   129  (930) C SVA_A          Retroposon/SVA    (1260)    127     20 1857  
 1177   15.2  0.0  6.1  Sniffles2.INS.DBS18     130   306  (753) + AluSx          SINE/Alu             103    302    (0) 1856  
 2374   10.8  0.3  0.0  Sniffles2.INS.DBS18     493   799  (260) C AluSx          SINE/Alu             (4)    308      1 1858  
  281   22.1  2.9  0.0  Sniffles2.INS.DBS18     935  1002   (57) C L1ME4b         LINE/L1            (347)   5798   5729 1859  
   34    0.0  4.2  4.2  Sniffles2.INS.DDS6        8    55    (0) + (TTCT)n        Simple_repeat          1     48    (0) 1860  
   28    3.1  0.0  0.0  Sniffles2.INS.DES31       4    36   (19) + (A)n           Simple_repeat          1     33    (0) 1861  
   72    0.0  1.5  0.0  Sniffles2.INS.DES38       1    65    (0) + (TA)n          Simple_repeat          1     66    (0) 1862  
   33   10.1  1.3  8.6  Sniffles2.INS.DES4        2    76    (0) + (AT)n          Simple_repeat          1     70    (0) 1863  
 2406    0.7  0.0  2.1  Sniffles2.INS.DFS13       1   317    (0) C AluY           SINE/Alu             (0)    301      1 1864  
  360    4.2  0.0  6.2  Sniffles2.INS.DFS25       1    51    (1) + HSATII         Satellite              3     50  (120) 1865  
   37    4.0  5.9  0.0  Sniffles2.INS.DFS33       3    53    (2) + (AT)n          Simple_repeat          1     54    (0) 1866  
  969   15.4  0.0  0.0  Sniffles2.INS.DS2F        4   340    (2) + ALR/Alpha      Satellite/centr        1    337    (0) 1867  
  940   11.6  5.7  1.6  Sniffles2.INS.DS30        1   165    (1) + ALR/Alpha      Satellite/centr        1    171    (0) 1868  
  650   13.5  0.0  0.0  Sniffles2.INS.DS34        3   132    (5) C CER            Satellite           (42)    130      1 1869  
 1292   12.4  0.8  0.1  Sniffles2.INS.DS36        1  1016    (0) C ALR/Alpha      Satellite/centr     (38)   1022      1 1870  
  444   10.4  0.0  1.5  Sniffles2.INS.DS8         1    68    (1) + BSR/Beta       Satellite             49    115   (21) 1871  
   13   28.1  0.0  3.8  Sniffles2.INS.DSA7        1    55    (0) + G-rich         Low_complexity         1     53    (0) 1872  
  824   12.3  0.0  0.0  Sniffles2.INS.DSAD        1   147    (0) C ACRO1          Satellite/acro      (26)    147      1 1873  
  973   16.5  0.1  0.0  Sniffles2.INS.DSB0        1   506    (0) + ALR/Alpha      Satellite/centr        1    506    (0) 1874  
  593   21.5  0.0  0.0  Sniffles2.INS.DSBB        6   268  (319) C ACRO1          Satellite/acro      (31)    263      1 1875  
   27    2.3  8.9  0.0  Sniffles2.INS.E0SBF       1    45    (0) + (AAAG)n        Simple_repeat          1     49    (0) 1876  
   41    4.7  7.6  0.0  Sniffles2.INS.E1S33       1    66    (2) + (AT)n          Simple_repeat          1     71    (0) 1877  
  635    5.9  0.0  3.5  Sniffles2.INS.E2S25       1    88    (0) + HSATII         Satellite             20    104   (66) 1878  
   19   13.3  0.0  5.6  Sniffles2.INS.E3S11       7    44    (6) + (GT)n          Simple_repeat          1     36    (0) 1879  
  440   13.6  0.0  0.0  Sniffles2.INS.E4S25       1    66    (0) + HSATII         Satellite             48    113   (57) 1880  
   28    0.0  0.0  0.0  Sniffles2.INS.E4S38       1    26   (38) + (TCC)n         Simple_repeat          1     26    (0) 1881  
   34    2.9  0.0  0.0  Sniffles2.INS.E4S38      29    64    (0) + (TCT)n         Simple_repeat          1     36    (0) 1882  
 1098    1.8  0.0  1.8  Sniffles2.INS.E4S5        1   173    (4) + SVA_F          Retroposon/SVA       686    855  (520) 1883  
   64    6.9  7.2  5.2  Sniffles2.INS.E4S6        4   155    (1) + (TACTATA)n     Simple_repeat          1    155    (0) 1884  
  157    9.2  5.2  5.5  Sniffles2.INS.E5S6        1   362    (3) + (ATATAGT)n     Simple_repeat          1    361    (0) 1885  
  277   23.9 12.8  0.0  Sniffles2.INS.E6S33      16   132    (0) C L1M5           LINE/L1            (960)   5186   5055 1886  
   88    0.0  1.3  0.0  Sniffles2.INS.E8S1        1    78    (0) + (TA)n          Simple_repeat          1     79    (0) 1887  
   25    6.6  0.0  0.0  Sniffles2.INS.E8S11      45    76    (4) + (G)n           Simple_repeat          1     32    (0) 1888  
   62    3.1  0.0  0.0  Sniffles2.INS.E9S25       1    65    (0) + (GAATG)n       Simple_repeat          1     65    (0) 1889  
   45   11.2  0.0  0.0  Sniffles2.INS.ECS25      13    89    (1) + (GAATG)n       Satellite              1     77    (0) 1890  
  445   17.9  6.3  1.0  Sniffles2.INS.EDS25       1   216    (9) C HSATII         Satellite           (31)    227      1 1891  
  449   15.0 13.3  6.6  Sniffles2.INS.ES16        5   147    (1) C HSATII         Satellite           (12)    158      7 1892  
  297   23.4  2.6  1.3  Sniffles2.INS.ES23        1    78   (47) C L1M4           LINE/L1           (3087)   3059   2981 1893  
  349   17.9  0.0  0.0  Sniffles2.INS.ES2B       19    74    (8) + Alu            SINE/Alu              89    144   (22) 1894  
  878   15.4  0.0  0.8  Sniffles2.INS.ES30        1   170    (1) + ALR/Alpha      Satellite/centr        1    168    (0) 1895  
  386   16.8  0.0  0.0  Sniffles2.INS.ES34        1    83    (2) C CER            Satellite           (31)     83      1 1896  
 1228   13.8  0.2  0.0  Sniffles2.INS.ES36        1   854    (0) C ALR/Alpha      Satellite/centr     (67)    855      1 1897  
   46    0.0  4.1  0.0  Sniffles2.INS.ES5D        1    49   (34) + (GGAAT)n       Simple_repeat          1     51    (0) 1898  
   20    6.8  0.0  0.0  Sniffles2.INS.ES5D       51    81    (2) + (AGTGG)n       Simple_repeat          1     31    (0) 1899  
 1014    8.8  1.6  0.0  Sniffles2.INS.ESA8        2   428    (6) C ACRO1          Satellite/acro       (0)    433      1 1900  
 1036    7.7  0.0  1.2  Sniffles2.INS.ESAD        1   292    (1) C ACRO1          Satellite/acro      (12)    288      1 1901  
 1117   15.3  0.7  0.0  Sniffles2.INS.ESB0        2  1696    (0) + ALR/Alpha      Satellite/centr        1   1706    (0) 1902  
 1237   14.9  0.1  0.1  Sniffles2.INS.ESBA       14  1881    (0) + ALR/Alpha      Satellite/centr        1   1868    (0) 1903  
  923   10.1  0.0  0.0  Sniffles2.INS.ESBB        1   147    (0) C ACRO1          Satellite/acro      (18)    147      1 1904  
  828    9.5  0.9  0.9  Sniffles2.INS.F0S2       10   125    (1) + AluSx3         SINE/Alu              22    137  (174) 1905  
 1203   16.5  7.1  2.2  Sniffles2.INS.F0S3A       8  3329    (4) + (GATGA)n       Simple_repeat          1   3480    (0) 1906  
  120   12.9  8.6  2.6  Sniffles2.INS.F1S3A       7   331    (0) + (ATGAA)n       Simple_repeat          1    344    (0) 1907  
   83   16.8  0.0  0.0  Sniffles2.INS.F1SC0       1   149    (1) + (TCCAT)n       Simple_repeat          1    149    (0) 1908  
   24   15.5  0.0  0.0  Sniffles2.INS.F2S11       6    50    (0) + (CCTT)n        Simple_repeat          1     45    (0) 1909  
   16   21.0  2.4  2.4  Sniffles2.INS.F2S25       9    49   (24) + (TA)n          Simple_repeat          1     41    (0) 1910  
 2357   11.0  0.9  3.5  Sniffles2.INS.F3S11       2   351   (30) C MER41B         LTR/ERV1           (291)    343      3 1911  
  369   16.7  0.0  1.5  Sniffles2.INS.F4S25       1    67  (268) + L1PREC2        LINE/L1             4173   4238 (1908) 1912  
  993   20.5  7.7  0.0  Sniffles2.INS.F4S25     102   335    (0) + L1PREC2        LINE/L1             3920   4171 (1975) 1913  
 1937   12.4  9.5  1.8  Sniffles2.INS.F4S3A       3  4967   (11) + (AATGA)n       Simple_repeat          1   5340    (0) 1914  
  431   12.2  4.4  0.0  Sniffles2.INS.F4SBF      16   105    (4) + Tigger3b       DNA/TcMar-Tigger     568    661  (570) 1915  
  615   15.1  0.3  0.3  Sniffles2.INS.F5S22       1  1020    (0) + (TCCT)n        Simple_repeat          1   1020    (0) 1916  
   55    0.0  0.0  0.0  Sniffles2.INS.F5S25       4    50    (0) + (AT)n          Simple_repeat          1     47    (0) 1917  
   40    0.0  2.4 11.7  Sniffles2.INS.F5S4        1    84    (2) + (TATATA)n      Simple_repeat          1     77    (0) 1918  
 1713    2.1  0.0  0.0  Sniffles2.INS.F6S25      17   202   (10) + AluYa5         SINE/Alu             116    301   (10) 1919  
  595   19.3  0.0  0.9  Sniffles2.INS.F7S25       2   111   (46) + MER68          LTR/ERVL             385    493   (70) 1920  
   33    2.1  4.0  2.0  Sniffles2.INS.F7S33       1    50    (0) + (AAGA)n        Simple_repeat          1     51    (0) 1921  
   49   11.2  3.9  2.9  Sniffles2.INS.F8S22       2   103    (1) + GA-rich        Low_complexity         1    103    (0) 1922  
 2982    0.3  0.0  0.0  Sniffles2.INS.F8S24      16   328    (0) + AluYb8         SINE/Alu               1    313    (5) 1923  
   31   23.7  0.0  0.0  Sniffles2.INS.F9S18       1    67    (1) + (TA)n          Simple_repeat          1     67    (0) 1924  
   19   22.0  2.3  0.0  Sniffles2.INS.F9S24       1    44    (6) + (AC)n          Simple_repeat          1     45    (0) 1925  
   43    4.3  0.0  2.0  Sniffles2.INS.F9S25       1    50    (1) + (AT)n          Simple_repeat          1     49    (0) 1926  
   54    5.2  0.0  0.0  Sniffles2.INS.FBS13       3    62    (0) + (TA)n          Simple_repeat          1     60    (0) 1927  
   18   23.7  0.0  3.6  Sniffles2.INS.FBS39       2    59    (3) + (TACATA)n      Simple_repeat          1     56    (0) 1928  
   53    6.7  0.0  0.0  Sniffles2.INS.FCS11       1    63    (1) + (AC)n          Simple_repeat          1     63    (0) 1929  
   22   17.9  1.8  5.5  Sniffles2.INS.FCS6        1    57   (24) + (AT)n          Simple_repeat          1     55    (0) 1930  
   53    5.3  0.0  0.0  Sniffles2.INS.FDS11       1    59    (1) + (CT)n          Simple_repeat          1     59    (0) 1931  
 1267   10.6  5.0  0.9  Sniffles2.INS.FDS18       1   218   (23) C L1M1           LINE/L1           (4443)   3122   2896 1932  
 2343   11.2  0.3  0.0  Sniffles2.INS.FDS5       98   402  (804) + AluSx1         SINE/Alu               1    306    (6) 1933  
 1697   21.1 14.7  2.1  Sniffles2.INS.FDS5      403  1089  (117) + L1MEd          LINE/L1             1045   1816 (5270) 1934  
  116    0.0  0.0  0.0  Sniffles2.INS.FFS31       1   101   (10) + (T)n           Simple_repeat          1    101    (0) 1935  
   26    7.3  4.5  0.0  Sniffles2.INS.FFS33      13    56    (3) + (GAAA)n        Simple_repeat          1     46    (0) 1936  
  356   26.5  2.0  3.0  Sniffles2.INS.FFSBF     120   220 (1066) + L1M5           LINE/L1             3578   3677 (2469) 1937  
 1921   19.9  0.8  0.3  Sniffles2.INS.FFSBF     226   588  (698) + MER47A         DNA/TcMar-Tigger       1    365    (1) 1938  
  835   24.1  6.7  2.3  Sniffles2.INS.FFSBF     595   925  (361) + L1M5           LINE/L1             3687   4031 (2115) 1937  
 2023   11.2  1.1  0.4  Sniffles2.INS.FFSBF     928  1228   (58) + AluSx          SINE/Alu               1    282   (20) 1939  
   35    0.0  3.8  5.8  Sniffles2.INS.FFSBF    1230  1282    (4) + (AACAA)n       Simple_repeat          1     52    (0) 1940  
   91    2.3  0.0  0.0  Sniffles2.INS.FS25        1    89    (1) + (TCCAT)n       Simple_repeat          1     89    (0) 1941  
 1222   12.7  0.7  0.0  Sniffles2.INS.FS2F        1   673    (7) + ALR/Alpha      Satellite/centr        1    677    (0) 1942  
 1247   12.2  0.3  0.0  Sniffles2.INS.FS36        2  1020    (1) C ALR/Alpha      Satellite/centr     (37)   1021      1 1943  
 1054    7.3  0.6  0.0  Sniffles2.INS.FSA8        1   581    (1) C ACRO1          Satellite/acro      (50)    584      1 1944  
 1041    9.3  1.3  0.0  Sniffles2.INS.FSAD        1   581    (1) C ACRO1          Satellite/acro      (24)    588      1 1945  
 1111   15.0  0.7  0.1  Sniffles2.INS.FSB0        1  2887    (2) + ALR/Alpha      Satellite/centr        1   2904    (0) 1946  
  380   22.2  0.0  0.0  Sniffles2.INS.FSBA        1    81    (0) + ALR/Alpha      Satellite/centr       28    108   (63) 1947  
 1054    7.2  0.6  0.0  Sniffles2.INS.FSBB        1   281   (10) C ACRO1          Satellite/acro      (10)    282      1 1948  
   36    5.9  1.8  1.8  Sniffles2.INS.FSBD        5    59    (1) + (ATTCC)n       Simple_repeat          1     55    (0) 1949  
