   SW   perc perc perc  query                 position in query    matching       repeat              position in repeat
score   div. del. ins.  sequence              begin end   (left)   repeat         class/family      begin  end    (left)   ID

  236   20.3  0.4  0.0  Sniffles2.INS.0S2B        1   470    (2) + (GAATG)n       Satellite              1    472    (0)    1  
 1122   13.8  0.3  0.1  Sniffles2.INS.0S30        1   679    (0) + ALR/Alpha      Satellite/centr        1    680    (0)    2  
  332   20.0  0.0  0.0  Sniffles2.INS.0S8         2    66    (2) + BSR/Beta       Satellite             53    117   (19)    3  
 2882    0.7  0.0  0.7  Sniffles2.INS.0SB3       17   326    (0) + AluYi6         SINE/Alu               1    308    (3)    4  
   51    0.0  0.0  2.0  Sniffles2.INS.100S13      1    51    (0) + (TCCT)n        Simple_repeat          1     50    (0)    5  
  563   17.2  3.2  5.3  Sniffles2.INS.100S25      1   380   (10) C HSATII         Satellite            (7)    372      1    6  
  356   26.5  2.0  3.0  Sniffles2.INS.100SBF    120   220 (1055) + L1M5           LINE/L1             3578   3677 (2469)    7  
 1921   19.9  0.8  0.3  Sniffles2.INS.100SBF    226   588  (687) + MER47A         DNA/TcMar-Tigger       1    365    (1)    8  
  835   24.1  6.7  2.3  Sniffles2.INS.100SBF    595   925  (350) + L1M5           LINE/L1             3687   4031 (2115)    7  
 2291   11.3  0.0  0.0  Sniffles2.INS.100SBF    940  1248   (27) + AluSc          SINE/Alu               1    309    (0)    9  
   15    4.3  4.2  0.0  Sniffles2.INS.100SBF   1249  1272    (3) + (ACA)n         Simple_repeat          1     25    (0)   10  
   95    1.3 11.0  0.6  Sniffles2.INS.101S33      1   154   (68) + (TA)n          Simple_repeat          1    170    (0)   11  
  400   29.6  1.9  0.0  Sniffles2.INS.102S25      1   108    (2) + HERV16-int     LTR/ERVL            2616   2725 (2271)   12  
   58    3.4  0.0  0.0  Sniffles2.INS.105S11     10    70    (0) + (AAGA)n        Simple_repeat          1     61    (0)   13  
   98    0.0  2.2  0.0  Sniffles2.INS.105S6       1    90    (0) + (AT)n          Simple_repeat          1     92    (0)   14  
   19   21.7  0.0  2.3  Sniffles2.INS.106S13     14    58    (6) + (TA)n          Simple_repeat          1     44    (0)   15  
  595   19.3  0.0  0.9  Sniffles2.INS.106S25      2   111   (49) + MER68          LTR/ERVL             385    493   (70)   16  
   15    0.0  0.0  0.0  Sniffles2.INS.106S25    120   136   (24) + (AG)n          Simple_repeat          1     17    (0)   17  
   80   13.6  4.1  0.0  Sniffles2.INS.107S1       1   147    (1) + (TA)n          Simple_repeat          1    153    (0)   18  
  494    1.8  0.0  0.0  Sniffles2.INS.108S5       2    56   (40) + HERVE-int      LTR/ERV1            3451   3505 (4308)   19  
  279   13.0  0.0  0.0  Sniffles2.INS.108S5      51    96    (0) + HERVE-int      LTR/ERV1            3403   3448 (4365)   19 *
   47   24.9  1.7  0.0  Sniffles2.INS.109S13      1   119    (7) + (TA)n          Simple_repeat          1    121    (0)   20  
  414   10.6 14.0  0.6  Sniffles2.INS.10AS2      27   234   (15) C L1P1           LINE/L1           (1267)   4879   4632   21  
  261   17.2  0.0 11.3  Sniffles2.INS.10BS11     11    69    (5) + FRAM           SINE/Alu              22     74   (92)   22  
   29   21.2  0.0  0.0  Sniffles2.INS.10CS18      1    57   (10) + (AT)n          Simple_repeat          1     57    (0)   23  
  247   17.2 11.6  2.5  Sniffles2.INS.10CS22      1    94   (39) C MER6C          DNA/TcMar-Tigger    (99)    111      1   24  
  793   14.4  1.5  0.8  Sniffles2.INS.10DS11      3   134    (0) C AluSx          SINE/Alu           (115)    197     65   25  
   55    0.0  0.0  0.0  Sniffles2.INS.10ES1       4    53    (0) + (GGAAG)n       Simple_repeat          1     50    (0)   26  
   58    6.4  2.7  5.6  Sniffles2.INS.10ES11      4   113   (28) + (TTTA)n        Simple_repeat          1    107    (0)   27  
 2982    0.3  0.0  0.0  Sniffles2.INS.10ES24     16   328    (0) + AluYb8         SINE/Alu               1    313    (5)   28  
  306    9.5  0.0  0.0  Sniffles2.INS.10FS33      1    42   (25) C MER75B         DNA/PiggyBac        (55)    188    147   29  
  103    2.1  0.0  0.0  Sniffles2.INS.10S25       1    99    (1) + (TCCAT)n       Simple_repeat          1     99    (0)   30  
   23   18.0  0.0  5.1  Sniffles2.INS.10S28       1    62    (2) + (CTTT)n        Simple_repeat          1     59    (0)   31  
 1077   14.3  1.0  0.2  Sniffles2.INS.10S30       7   676    (0) + ALR/Alpha      Satellite/centr        1    675    (0)   32  
  386   16.8  0.0  0.0  Sniffles2.INS.10S34       1    83    (2) C CER            Satellite           (31)     83      1   33  
 1177   13.4  0.9  0.0  Sniffles2.INS.10S65       6  1194  (696) + ALR/Alpha      Satellite/centr        1   1199    (0)   34  
 3617    9.5  0.0  0.6  Sniffles2.INS.10S65    1220  1726  (164) C L1PA3          LINE/L1              (1)   6154   5651   35  
  790   11.1  0.0  0.0  Sniffles2.INS.10S65    1727  1889    (1) + ALR/Alpha      Satellite/centr        1    163    (1)   36  
  843    5.2  1.4  0.0  Sniffles2.INS.10SA8       1   143    (0) C ACRO1          Satellite/acro      (49)    145      1   37  
  242   20.8  8.4  3.1  Sniffles2.INS.10SBD      14   167   (21) + HSATII         Satellite              2    163    (7)   38  
  120   21.0  2.9  4.4  Sniffles2.INS.110S6       1   345    (0) + (TA)n          Simple_repeat          1    340    (0)   39  
   44    8.1  0.0  2.9  Sniffles2.INS.111S5       1    71    (0) + (CCCTC)n       Simple_repeat          1     69    (0)   40  
  649    0.0  2.6  0.0  Sniffles2.INS.114S1       1   605    (0) + (TA)n          Simple_repeat          1    621    (0)   41  
   43   14.3  0.0  0.0  Sniffles2.INS.114S6       1    70    (0) + (TA)n          Simple_repeat          1     70    (0)   42  
   20   21.8  5.0  5.0  Sniffles2.INS.115S0       4   102    (3) + (CCTCAGC)n     Simple_repeat          1     99    (0)   43  
 2818    0.3  0.0  0.0  Sniffles2.INS.115S11     16   310    (0) + AluY           SINE/Alu               1    295   (16)   44  
  508   22.8  0.0  0.9  Sniffles2.INS.115S25      3   117    (0) + L1MC5          LINE/L1             6681   6794 (1153)   45  
 1642    1.1  0.0  0.0  Sniffles2.INS.116S11      1   175   (16) + AluYa5         SINE/Alu             127    301   (10)   46  
   30    6.5  0.0  5.9  Sniffles2.INS.117S5       1    54    (0) + (GGGAG)n       Simple_repeat          1     51    (0)   47  
  366   21.2  0.0  1.5  Sniffles2.INS.119S22     19    84   (62) + AluJo          SINE/Alu               2     66  (246)   48  
   18    0.0  0.0  0.0  Sniffles2.INS.11AS13     85   104    (0) + (AT)n          Simple_repeat          1     20    (0)   49  
   48    9.9  0.0  0.0  Sniffles2.INS.11AS5       1    67    (0) + (A)n           Simple_repeat          1     67    (0)   50  
   62    6.2  2.4  0.0  Sniffles2.INS.11CS11      1    85    (1) + (TCCT)n        Simple_repeat          1     87    (0)   51  
   17   25.0  0.0  1.9  Sniffles2.INS.11CS31     89   142    (0) + G-rich         Low_complexity         1     53    (0)   52  
  195    1.4  3.7  0.5  Sniffles2.INS.11DS11      6   219    (1) + (CTTC)n        Simple_repeat          1    221    (0)   53  
  529    8.2  4.1  0.0  Sniffles2.INS.11DS18      1    73    (0) C AluSx          SINE/Alu           (186)    116     41   54  
  800   15.4  0.0  0.9  Sniffles2.INS.11DS4      56   172   (40) + AluJo          SINE/Alu               1    116  (196)   55  
  308   10.5  0.0  0.0  Sniffles2.INS.11DS4     174   211    (1) C AluJo          SINE/Alu           (233)     79     42   56  
  106   15.6  6.0  2.7  Sniffles2.INS.11ES0       3   287    (3) + (ACAACAC)n     Simple_repeat          1    294    (0)   57  
 1113   14.3  0.4  0.1  Sniffles2.INS.11ES23      1  1363    (1) + ALR/Alpha      Satellite/centr        1   1367    (0)   58  
  684   19.2  4.2  2.7  Sniffles2.INS.11ES25      8   476    (2) C MLT2B4         LTR/ERVL           (144)    573    387   59  
   19   20.5  7.1  0.0  Sniffles2.INS.11ES33     62   117    (0) + (TG)n          Simple_repeat          1     60    (0)   60  
   19   11.1  2.3  4.7  Sniffles2.INS.11FS11      2    45   (15) + (CTTC)n        Simple_repeat          1     43    (0)   61  
  115   18.7  0.8  1.3  Sniffles2.INS.11S2B      13   248   (11) + (TTCCA)n       Simple_repeat          1    235    (0)   62  
  430   19.3  0.0  0.0  Sniffles2.INS.11S34       6    88    (1) C CER            Satellite            (0)     96     14   63  
  475    8.1  0.0  0.0  Sniffles2.INS.11S8        7    68    (1) + BSR/Beta       Satellite             27     88   (48)   64  
  863   10.4  0.0  0.0  Sniffles2.INS.11SAD       1   147    (0) C ACRO1          Satellite/acro      (26)    147      1   65  
   53    2.0  0.0  0.0  Sniffles2.INS.11SBB       1    52    (0) + (AGGA)n        Simple_repeat          1     52    (0)   66  
   22    3.7  0.0  3.5  Sniffles2.INS.121S38     20    49    (1) + (AT)n          Simple_repeat          1     29    (0)   67  
   37    2.0  1.8  3.6  Sniffles2.INS.123S5       1    56    (0) + (AAGA)n        Simple_repeat          1     55    (0)   68  
   32   23.0  0.0  0.0  Sniffles2.INS.124S35      3    67    (0) + (AT)n          Simple_repeat          1     65    (0)   69  
   27   18.0  7.5  3.1  Sniffles2.INS.125S25      2    94    (0) + (TA)n          Simple_repeat          1     97    (0)   70  
   56    0.0  6.5  0.0  Sniffles2.INS.126S0       1    62    (0) + (CT)n          Simple_repeat          1     66    (0)   71  
   19   34.3  1.1  0.0  Sniffles2.INS.126S25     33   120    (1) + (ATATATA)n     Simple_repeat          1     89    (0)   72  
   29   36.8  1.2  1.8  Sniffles2.INS.127S25      9   179    (1) + (ATATATA)n     Simple_repeat          1    170    (0)   73  
   34   18.6  1.4  0.0  Sniffles2.INS.128S0      13    82    (0) + (ATC)n         Simple_repeat          1     71    (0)   74  
   22   10.9  7.2  7.2  Sniffles2.INS.128S25      1    69    (0) + (AT)n          Simple_repeat          1     69    (0)   75  
   30    6.1  3.4  7.0  Sniffles2.INS.129S2       1    59    (2) + (TA)n          Simple_repeat          1     57    (0)   76  
  261    0.0  0.0  4.2  Sniffles2.INS.12BS11      1    50    (0) C SVA_F          Retroposon/SVA     (612)    763    716   77  
   20   32.1  0.0  0.0  Sniffles2.INS.12BS25      2    75  (588) + (TATAACA)n     Simple_repeat          1     74    (0)   78  
 1400   19.6  0.0  5.4  Sniffles2.INS.12BS25     79   370  (293) C AluY           SINE/Alu            (12)    289     13   79  
   55   32.3  3.6  1.1  Sniffles2.INS.12BS25    377   653   (10) + (ATATTAT)n     Simple_repeat          1    284    (0)   80  
  441    4.6  0.7 20.0  Sniffles2.INS.12CS11      4   140    (0) C SVA_F          Retroposon/SVA     (537)    838    724   81  
   44    0.0  0.0  5.1  Sniffles2.INS.12CS22      1    62    (0) + (AAGA)n        Simple_repeat          1     59    (0)   82  
 1367   19.0  0.7  5.8  Sniffles2.INS.12CS25    293   583  (403) C AluY           SINE/Alu            (12)    289     13   83  
   12   23.2  6.2  3.0  Sniffles2.INS.12CS6       1    64   (17) + (ATACTTG)n     Simple_repeat          1     66    (0)   84  
  848   17.7  2.4  0.0  Sniffles2.INS.12DS23      3   166    (1) + ALR/Alpha      Satellite/centr        1    168    (3)   85  
   70   13.7  3.0  4.3  Sniffles2.INS.12DS25      1   165    (2) + (TATATTA)n     Simple_repeat          1    163    (0)   86  
  181    0.0  0.0  0.0  Sniffles2.INS.12DS31      5   160    (0) + (T)n           Simple_repeat          1    156    (0)   87  
  342    8.6  0.0  1.7  Sniffles2.INS.12ES11      1    59    (0) C SVA_F          Retroposon/SVA     (632)    743    686   88  
  190    9.9  4.7  3.1  Sniffles2.INS.12ES25      1   383    (0) + (TATAATA)n     Simple_repeat          1    389    (0)   89  
   79    7.2  2.5  5.1  Sniffles2.INS.12FS18      1   162    (0) + (AT)n          Simple_repeat          1    158    (0)   90  
  264   20.1  9.2  4.4  Sniffles2.INS.12S15       5   217  (121) C HSATII         Satellite            (4)    223      1   91  
   38   23.9  0.9  2.7  Sniffles2.INS.12S15     225   337    (1) + (TGGAA)n       Simple_repeat          1    111    (0)   92  
  227   21.3  9.7  4.1  Sniffles2.INS.12S16      13   105    (0) C HSATII         Satellite            (4)    166     69   93  
 1079   14.0  0.0  0.0  Sniffles2.INS.12S2F       7   336    (1) + ALR/Alpha      Satellite/centr        1    330    (0)   94  
  854   16.5  1.7  0.3  Sniffles2.INS.12S30       4   338    (1) + ALR/Alpha      Satellite/centr        1    339    (0)   95  
  682   16.1  0.0  0.0  Sniffles2.INS.12S34       1   286    (2) C CER            Satellite            (2)    286      1   96  
   33   23.2  3.3  0.0  Sniffles2.INS.12S5D       2    93   (31) + (GAATG)n       Simple_repeat          1     95    (0)   97  
 1054    8.5  0.4  0.0  Sniffles2.INS.12SA8       3   437    (1) C ACRO1          Satellite/acro       (0)    436      1   98  
 1054    7.1  0.7  0.0  Sniffles2.INS.12SAD       1   289    (1) C ACRO1          Satellite/acro      (25)    290      1   99  
  900   12.9  3.7  1.2  Sniffles2.INS.130S23      1   164    (3) + ALR/Alpha      Satellite/centr        4    171    (0)  100  
  215   27.7  3.1  0.0  Sniffles2.INS.130S6     157   221    (6) + MIR            SINE/MIR              13     79  (183)  101  
 2652    1.1  0.0  0.0  Sniffles2.INS.131S23     14   329    (0) C AluYk2         SINE/Alu             (0)    311      1  102  
  175    1.8  5.1  7.0  Sniffles2.INS.131S38      1   334    (0) + (TA)n          Simple_repeat          1    328    (0)  103  
  334   17.6 13.7  0.0  Sniffles2.INS.132S1       4   105   (33) C L1M3e          LINE/L1           (6851)    179     64  104  
  255    3.5  0.0  0.0  Sniffles2.INS.132S18     28    56    (0) + Alu            SINE/Alu              71     99  (202)  105  
 1168   12.5  1.2  0.2  Sniffles2.INS.132S23      1   677    (0) + ALR/Alpha      Satellite/centr        1    683    (0)  106  
  179    4.3  0.0  0.0  Sniffles2.INS.132S38      1   216    (0) + (A)n           Simple_repeat          1    216    (0)  107  
  883   12.7  2.6  1.1  Sniffles2.INS.133S11      1   163    (0) + AluY           SINE/Alu               1    294    (7)  108  
   39    0.0  0.0  0.0  Sniffles2.INS.133S18      1    36   (14) + (CTC)n         Simple_repeat          1     36    (0)  109  
  228   23.1  4.6  0.0  Sniffles2.INS.134S13     12    76   (15) C HAL1ME         LINE/L1            (249)   2216   2149  110  
   23    9.8  0.0  0.0  Sniffles2.INS.135S33     60    92    (8) + (C)n           Simple_repeat          1     33    (0)  111  
   38   10.6  0.0  0.0  Sniffles2.INS.136S0       3    63    (1) + (ACACAGC)n     Simple_repeat          1     61    (0)  112  
  445    0.0  0.0  0.0  Sniffles2.INS.136S22     13    60    (0) C SVA_F          Retroposon/SVA      (84)   1291   1244  113  
  398   19.1  3.3  6.3  Sniffles2.INS.136S24      1   273    (2) + HSATII         Satellite              1    264    (4)  114  
   36    9.6  0.0  0.0  Sniffles2.INS.137S0       1    56    (0) + (CACAGCC)n     Simple_repeat          1     56    (0)  115  
  235    2.1  0.0  4.2  Sniffles2.INS.138S2       1    50    (0) + SVA_F          Retroposon/SVA       704    751  (624)  116  
  798    5.4  2.7  0.0  Sniffles2.INS.138S38      1   111    (2) C SVA_A          Retroposon/SVA     (796)    591    478  117  
 4502    0.4  0.0  0.2  Sniffles2.INS.13AS25     21   515    (0) C L1HS           LINE/L1              (0)   6155   5662  118  
   23   25.2  0.0  0.0  Sniffles2.INS.13CS39      1    53    (1) + (TA)n          Simple_repeat          1     53    (0)  119  
 1302   12.1  0.4  0.6  Sniffles2.INS.13S24       3   515    (0) + ALR/Alpha      Satellite/centr        1    512    (0)  120  
   51    2.0  0.0  0.0  Sniffles2.INS.13S2B       7    57   (79) + (AATGG)n       Simple_repeat          1     51    (0)  121  
 1038   14.5  1.8  0.5  Sniffles2.INS.13S2F       1   340    (0) + ALR/Alpha      Satellite/centr        1    344    (0)  122  
 1008   18.9  0.0  0.2  Sniffles2.INS.13S30       1   342    (1) + ALR/Alpha      Satellite/centr        1    341    (0)  123  
  389   19.3  5.3  5.5  Sniffles2.INS.13S5D       2   241    (3) C HSATII         Satellite            (7)    239      1  124  
 1100    7.1  0.4  1.6  Sniffles2.INS.13SA8       7   581    (1) C ACRO1          Satellite/acro       (0)    568      1  125  
  916   13.2  0.0  0.0  Sniffles2.INS.13SB0       5   168    (0) + ALR/Alpha      Satellite/centr        1    164    (0)  126  
   13   29.6  0.0  0.0  Sniffles2.INS.13SBD       1    45    (0) + (TCAAT)n       Simple_repeat          1     45    (0)  127  
   36   10.0  1.5  1.5  Sniffles2.INS.140S22      1    66    (2) + (AT)n          Simple_repeat          1     66    (0)  128  
  351    1.8  1.2  0.3  Sniffles2.INS.141S2       1   343    (0) + (CT)n          Simple_repeat          1    346    (0)  129  
  666   14.9  4.1  0.8  Sniffles2.INS.141S23      1   165    (1) + ALR/Alpha      Satellite/centr        1    170    (0)  130  
   34   12.2  5.6  0.0  Sniffles2.INS.142S22      1    71    (0) + (ATATCAT)n     Simple_repeat          1     75    (0)  131  
   66   13.9  5.2  0.0  Sniffles2.INS.143S25      1   137    (0) + (TATAT)n       Simple_repeat          1    144    (0)  132  
  245    9.0  9.1 13.5  Sniffles2.INS.143S33      3    79   (24) C L1P3           LINE/L1           (1022)   5124   5051  133  
 1168   14.0  1.1  0.2  Sniffles2.INS.144S23     11   678    (0) + ALR/Alpha      Satellite/centr        1    674    (0)  134  
 2716    3.0  0.7  0.0  Sniffles2.INS.144S25     13   317    (9) + AluY           SINE/Alu               1    307    (4)  135  
   34    5.9  1.8  1.8  Sniffles2.INS.144S33      1    55    (0) + (ATATAAT)n     Simple_repeat          1     55    (0)  136  
  159    4.8  0.0  0.0  Sniffles2.INS.144S35      1   195    (1) + (A)n           Simple_repeat          1    195    (0)  137  
  848   17.7  2.4  0.0  Sniffles2.INS.145S23      3   166    (1) + ALR/Alpha      Satellite/centr        1    168    (3)  138  
  340    9.6 11.5  0.0  Sniffles2.INS.146S2       2    53    (0) C LTR54B         LTR/ERV1           (399)     99     42  139  
 2652    1.1  0.0  0.0  Sniffles2.INS.146S23      1   312   (12) C AluYk2         SINE/Alu             (0)    311      1  140  
   36    2.7  0.0  0.0  Sniffles2.INS.146S33     52    89    (7) + (G)n           Simple_repeat          1     38    (0)  141  
 1245   11.1  0.0  0.0  Sniffles2.INS.146S3A      1   341 (2337) + ALR/Alpha      Satellite/centr        1    341    (0)  142  
 1344   10.1  0.7  0.1  Sniffles2.INS.146S3A    371  2670    (8) C ALR/Alpha      Satellite/centr     (32)   2312      1  143  
 1107   15.0  1.5  0.0  Sniffles2.INS.147S23      3   675    (0) + ALR/Alpha      Satellite/centr        1    682    (0)  144  
  302   25.0  2.7 10.2  Sniffles2.INS.147S5      24   170    (4) + L1ME3A         LINE/L1             6017   6153   (20)  145  
 1143   13.1  0.9  0.2  Sniffles2.INS.148S23      1  1011    (5) + ALR/Alpha      Satellite/centr        1   1017    (0)  146  
 1127   14.9  0.7  0.0  Sniffles2.INS.149S23      3  1361    (1) + ALR/Alpha      Satellite/centr        1   1368    (0)  147  
 1234   14.0  0.8  0.0  Sniffles2.INS.14AS23     10   674    (0) + ALR/Alpha      Satellite/centr        1    670    (0)  148  
   30   21.3  4.4  2.2  Sniffles2.INS.14AS5       8    97    (2) + (AT)n          Simple_repeat          1     92    (0)  149  
 3330    5.6  3.3  0.8  Sniffles2.INS.14BS6       1   483  (163) C L1P1           LINE/L1            (793)   5353   4859  150  
  523    4.0  3.9  2.6  Sniffles2.INS.14BS6     487   563   (83) + L1P1           LINE/L1             4168   4245 (1901)  151  
  632    6.2  2.5  0.0  Sniffles2.INS.14BS6     564   643    (3) C L1P1           LINE/L1           (1897)   4249   4168  151  
   19    4.5  0.0  0.0  Sniffles2.INS.14CS25      6    28   (46) + (A)n           Simple_repeat          1     23    (0)  152  
  330   20.3  0.0  0.0  Sniffles2.INS.14DS25      1    59    (0) + Alu            SINE/Alu               1     59  (242)  153  
   36    0.0  3.9  1.9  Sniffles2.INS.14ES6       1    51    (2) + (GAAA)n        Simple_repeat          1     52    (0)  154  
 2376    7.4  0.0  0.0  Sniffles2.INS.14S1F       1   283  (486) C AluY           SINE/Alu            (22)    289      7  155  
  309   20.3  5.3  1.3  Sniffles2.INS.14S1F     226   300  (469) + SVA_A          Retroposon/SVA       136    213 (1174)  156 *
  382   25.9  6.3  8.6  Sniffles2.INS.14S1F     329   768    (1) C L1MEj          LINE/L1           (3761)   2454   1983  157  
  288   19.6  0.0  0.0  Sniffles2.INS.14S2B       4    54    (5) + Alu            SINE/Alu             229    279   (23)  158  
 1011   13.3  2.7  0.0  Sniffles2.INS.14S2F       2   328    (6) + ALR/Alpha      Satellite/centr        1    335    (0)  159  
  930   15.6  2.1  0.0  Sniffles2.INS.14S30       1   336    (0) + ALR/Alpha      Satellite/centr        1    342    (0)  160  
  934   17.0  0.9  0.0  Sniffles2.INS.14SBA       1   338    (0) + ALR/Alpha      Satellite/centr        1    340    (0)  161  
  940   13.3  0.0  0.0  Sniffles2.INS.14SBB       1   294    (0) C ACRO1          Satellite/acro      (24)    294      1  162  
   17   28.5  0.0  0.0  Sniffles2.INS.14SBD       3    57    (3) + (TTCCA)n       Simple_repeat          1     55    (0)  163  
  417    7.3  0.0  0.0  Sniffles2.INS.152S33     12    66    (0) + L1P3           LINE/L1             5238   5292  (854)  164  
   65    0.0  8.8  0.0  Sniffles2.INS.153S33      1    80    (0) + (AT)n          Simple_repeat          1     87    (0)  165  
   23   29.6  0.0  0.0  Sniffles2.INS.155S22     15    84    (0) + A-rich         Low_complexity         1     70    (0)  166  
 1681   14.4  5.5  3.0  Sniffles2.INS.155S25      1   330  (468) C Tigger3b       DNA/TcMar-Tigger   (620)    611    274  167  
  464   22.1  4.2  0.0  Sniffles2.INS.155S25    332   426  (372) C Tigger2a       DNA/TcMar-Tigger     (2)    432    334  168  
 1110    3.2  0.0  0.0  Sniffles2.INS.155S39      1   126   (43) C L1P1           LINE/L1           (1943)   4203   4078  169  
  322    4.7  4.7  0.0  Sniffles2.INS.155S39    127   169    (0) C L1P1           LINE/L1           (1897)   4249   4205  170  
  344   15.1  0.0  0.0  Sniffles2.INS.155S6      79   131    (1) + Alu            SINE/Alu               1     53   (80)  171  
   49    0.0  4.9  6.2  Sniffles2.INS.156S22     24   104   (29) + (TTC)n         Simple_repeat          1     80    (0)  172  
   27    0.0  0.0  0.0  Sniffles2.INS.156S22    105   133    (0) + (T)n           Simple_repeat          1     29    (0)  173  
  922   12.6  0.7  0.7  Sniffles2.INS.157S25      1   135    (0) + AluSz          SINE/Alu              53    187  (125)  174  
   54    0.0  1.9  0.0  Sniffles2.INS.158S11      1    52    (0) + (TTTC)n        Simple_repeat          1     53    (0)  175  
   16   25.2  4.2  0.0  Sniffles2.INS.159S33     16    63    (1) + (TG)n          Simple_repeat          1     50    (0)  176  
   43    2.1  2.1  0.0  Sniffles2.INS.15BS0       1    48    (2) + (AGGAAAGA)n    Simple_repeat          1     49    (0)  177  
   59    6.7  4.2  1.0  Sniffles2.INS.15CS0       3    98    (1) + (AC)n          Simple_repeat          1     99    (0)  178  
   27    0.0  0.0  0.0  Sniffles2.INS.15DS2      26    51    (0) + (T)n           Simple_repeat          1     26    (0)  179  
   26   19.9  3.4  0.0  Sniffles2.INS.15FS1       3    61    (4) + (TA)n          Simple_repeat          1     61    (0)  180  
  149    0.0  0.0  4.0  Sniffles2.INS.15FS18      5   160    (0) + (TTTCC)n       Simple_repeat          1    150    (0)  181  
   39    9.0 10.8  0.0  Sniffles2.INS.15FS38      3    85    (2) + (TA)n          Simple_repeat          1     92    (0)  182  
   15   21.1  0.0  2.6  Sniffles2.INS.15FS5      87   126   (10) + (ATT)n         Simple_repeat          1     39    (0)  183  
  531   18.4  5.2  5.5  Sniffles2.INS.15S15      10   572   (84) C HSATII         Satellite            (4)    561      1  184  
   23   23.7  0.0  0.0  Sniffles2.INS.15S15     589   647    (9) + (GAATG)n       Satellite              1     59    (0)  185  
  249   21.7  0.0  0.0  Sniffles2.INS.15S2B      35    80   (36) + AluJr4         SINE/Alu             234    279   (33)  186  
 1037   12.9  0.0  0.0  Sniffles2.INS.15S30       4   340    (2) + ALR/Alpha      Satellite/centr        1    337    (0)  187  
  806   18.4  0.0  0.0  Sniffles2.INS.15SB0       5   168    (0) + ALR/Alpha      Satellite/centr        1    164    (0)  188  
 3948    2.7  0.0  0.0  Sniffles2.INS.15SBA       1   451  (503) C L1PA2          LINE/L1              (1)   6154   5704  189  
 1262    9.4  0.0  1.2  Sniffles2.INS.15SBA     452   623  (331) + 7SK            snRNA                 87    256   (75)  190  
 1096   14.9  0.8  0.0  Sniffles2.INS.15SBA     615   953    (1) + ALR/Alpha      Satellite/centr        1    341    (0)  191 *
  930    8.7  0.0  0.0  Sniffles2.INS.15SBB       3   147    (0) C ACRO1          Satellite/acro      (15)    145      1  192  
   32    2.1  8.2  0.0  Sniffles2.INS.164S2       1    49    (2) + (TATGTGTATA)n  Simple_repeat          1     53    (0)  193  
 1167   14.6  0.3  0.1  Sniffles2.INS.164SBF      1  2033 (2057) C ALR/Alpha      Satellite/centr      (8)   2036      1  194  
 1153   15.3  0.7  0.4  Sniffles2.INS.164SBF   2046  4090    (0) C ALR/Alpha      Satellite/centr     (75)   2051      1  194  
   86   10.9  7.1  1.0  Sniffles2.INS.165S25      3   184    (0) + (AATATAT)n     Simple_repeat          1    193    (0)  195  
   44   14.7 11.7  0.7  Sniffles2.INS.166S25      1    14  (139) + (TA)n          Simple_repeat          1     71   (81)  196  
   33   17.9  4.5  4.5  Sniffles2.INS.166S25     15   124   (29) + (ATATA)n       Simple_repeat          1    110    (0)  197  
   44   14.7 11.7  0.7  Sniffles2.INS.166S25    125   137   (16) + (TA)n          Simple_repeat         72    152    (0)  196  
   26    7.0  4.2  2.0  Sniffles2.INS.166S35      4    51    (1) + (AAAG)n        Simple_repeat          1     49    (0)  198  
  479   13.8  0.0  0.0  Sniffles2.INS.166S38      1    80    (0) + SVA_A          Retroposon/SVA       528    607  (780)  199  
   17   18.1  8.7  0.0  Sniffles2.INS.167S11      2    47   (11) + (AT)n          Simple_repeat          1     50    (0)  200  
   34   13.1  0.0  0.0  Sniffles2.INS.168S22      1    52    (2) + (AT)n          Simple_repeat          1     52    (0)  201  
   44   21.1  4.9  0.8  Sniffles2.INS.168S25      3   124    (7) + (AT)n          Simple_repeat          1    127    (0)  202  
   22   23.6  3.2  1.6  Sniffles2.INS.168S5       4    66    (1) + (TA)n          Simple_repeat          1     64    (0)  203  
 1270   11.8  1.8  1.0  Sniffles2.INS.169S11      2  1368    (0) + ALR/Alpha      Satellite/centr        1   1378    (0)  204  
  837   13.4 15.9  1.4  Sniffles2.INS.16AS11      1   257  (492) C L1M2           LINE/L1            (672)   5640   5347  205  
 1367   13.6  4.0  1.8  Sniffles2.INS.16AS11    287   547  (202) C AluSx          SINE/Alu            (53)    249      1  206  
  782   12.6  8.2  2.9  Sniffles2.INS.16AS11    548   743    (6) C L1M2           LINE/L1            (851)   5292   5087  205  
  320   24.7  1.4  0.0  Sniffles2.INS.16ASC0     13    85  (965) C Alu            SINE/Alu             (4)    297    224  207  
   37   17.9  2.4  0.0  Sniffles2.INS.16ASC0     98   179  (871) + (CACTC)n       Simple_repeat          1     84    (0)  208  
   31    7.5  0.0  0.0  Sniffles2.INS.16ASC0    197   239  (811) + (ATTCC)n       Simple_repeat          1     43    (0)  209  
  100   48.2  0.5  0.4  Sniffles2.INS.16ASC0    296  1045    (5) + (CATTT)n       Simple_repeat          1    751    (0)  210  
 1729   14.0  0.0  0.0  Sniffles2.INS.16BS1       1   250  (448) + AluSx          SINE/Alu              47    296   (16)  211  
 2066   11.0  0.3  1.1  Sniffles2.INS.16BS1     330   615   (83) + AluSx          SINE/Alu              16    299    (3)  212  
 1234   13.1  0.8  0.1  Sniffles2.INS.16CS23      1   674    (2) + ALR/Alpha      Satellite/centr        1    678    (0)  213  
 1234   13.4  1.5  0.1  Sniffles2.INS.16DS23      1   673    (1) + ALR/Alpha      Satellite/centr        1    682    (0)  214  
   15   19.3  1.9  5.9  Sniffles2.INS.16DS31      3    55    (0) + (ATAA)n        Simple_repeat          1     51    (0)  215  
 1234   13.4  1.5  0.0  Sniffles2.INS.16ES23      1   676    (0) + ALR/Alpha      Satellite/centr        1    686    (0)  216  
   30    5.3 13.3  0.0  Sniffles2.INS.16ES6       3    62    (1) + GA-rich        Low_complexity         1     68    (0)  217  
 1234   13.7  1.1  0.0  Sniffles2.INS.16FS23      1   675    (0) + ALR/Alpha      Satellite/centr        1    682    (0)  218  
  613    7.8  0.0  0.0  Sniffles2.INS.16FS33      1    77    (2) C AluSq          SINE/Alu           (155)    158     82  219  
 1049   17.2  0.0  0.0  Sniffles2.INS.16S30       2   341    (1) + ALR/Alpha      Satellite/centr        1    340    (0)  220  
   32    2.9  0.0  0.0  Sniffles2.INS.16S31      16    50    (5) + (TATACATA)n    Simple_repeat          1     35    (0)  221  
  278   23.8  0.0  0.0  Sniffles2.INS.16S34     110   172    (5) + L1P3           LINE/L1             4954   5016 (1130)  222  
   42   21.2  1.0  1.0  Sniffles2.INS.16S5D       1   100    (4) + (GGAAT)n       Simple_repeat          1    100    (0)  223  
  450   14.1  0.0  0.0  Sniffles2.INS.16S8        1    71  (899) + BSR/Beta       Satellite             26     96   (40)  224  
 1582   19.0 12.2  0.4  Sniffles2.INS.16S8      185   628  (342) C LSAU           Satellite            (0)    498      3  225  
  728   18.7  1.4  0.5  Sniffles2.INS.16S8      640   969    (1) + BSR/Beta       Satellite              1    332    (0)  226  
  778   11.6  0.1  0.0  Sniffles2.INS.16SA8       1   667    (0) C CER            Satellite            (7)    668      1  227  
 1222   14.8  0.0  0.0  Sniffles2.INS.16SBA      14  1881    (0) + ALR/Alpha      Satellite/centr        1   1868    (0)  228  
 1034    8.9  0.0  0.0  Sniffles2.INS.16SBB       3   294    (0) C ACRO1          Satellite/acro      (15)    292      1  229  
   36   13.5  1.5  0.0  Sniffles2.INS.16SBD       7    71   (13) + (TCCAT)n       Simple_repeat          1     66    (0)  230  
 1234   13.5  0.9  0.0  Sniffles2.INS.171S23      3   673    (2) + ALR/Alpha      Satellite/centr        1    677    (0)  231  
   77    1.9  7.0  1.7  Sniffles2.INS.171S39      1   114    (2) + (TCTT)n        Simple_repeat          1    120    (0)  232  
  656    5.3  0.7  7.5  Sniffles2.INS.172S2       5   147    (0) + SVA_E          Retroposon/SVA       646    779  (603)  233  
   24   18.6  0.0  2.2  Sniffles2.INS.173S33      7    53    (0) + (TA)n          Simple_repeat          1     46    (0)  234  
   54    0.0  0.0  0.0  Sniffles2.INS.174S1       3    51    (0) + (CTTT)n        Simple_repeat          1     49    (0)  235  
   23   11.5  2.6  0.0  Sniffles2.INS.175S2       1    38   (68) + (TG)n          Simple_repeat          1     39    (0)  236  
   32    6.7  0.0  2.0  Sniffles2.INS.177S1       1    50    (3) + (AGAAGG)n      Simple_repeat          1     49    (0)  237  
   35   10.1  4.8  4.8  Sniffles2.INS.177S38      1    84    (3) + A-rich         Low_complexity         1     84    (0)  238  
   34    3.6 10.5  0.0  Sniffles2.INS.178S0       3    59    (2) + (AT)n          Simple_repeat          1     63    (0)  239  
   15   17.5  0.0  0.0  Sniffles2.INS.178S1      15    47   (12) + (TATGTG)n      Simple_repeat          1     33    (0)  240  
   16   32.6  0.0  0.0  Sniffles2.INS.178S1      48    54    (5) + (AT)n          Simple_repeat          6     45    (0)  241  
   28    6.1  0.0  0.0  Sniffles2.INS.178S35     33    67    (0) + (A)n           Simple_repeat          1     35    (0)  242  
   76    6.6  3.6  3.6  Sniffles2.INS.179S0       1   137    (0) + (AATATAT)n     Simple_repeat          1    137    (0)  243  
 1234   12.9  0.8  0.0  Sniffles2.INS.179S23      3   675    (1) + ALR/Alpha      Satellite/centr        1    678    (0)  244  
   16   16.5  0.0  0.0  Sniffles2.INS.17BS1       4    30   (22) + (T)n           Simple_repeat          1     27    (0)  245  
  845    2.0  2.0  0.0  Sniffles2.INS.17DS33      1   100    (0) + L1P1           LINE/L1             5444   5545  (610)  246  
  226   28.2  2.5  1.2  Sniffles2.INS.17S23      49   127  (628) C L1M4           LINE/L1           (3086)   3060   2981  247 *
  237   26.3  2.6  1.3  Sniffles2.INS.17S23     112   188  (567) C L1M5           LINE/L1           (3086)   3060   2983  248 *
  286   23.7  2.6  1.3  Sniffles2.INS.17S23     175   251  (504) C L1M4           LINE/L1           (3086)   3060   2983  247 *
  300   22.4  2.6  1.3  Sniffles2.INS.17S23     238   314  (441) C L1M4           LINE/L1           (3086)   3060   2983  247 *
  304   23.1  2.5  1.2  Sniffles2.INS.17S23     301   379  (376) C L1M4           LINE/L1           (3086)   3060   2981  247  
  226   28.2  2.5  1.2  Sniffles2.INS.17S23     364   442  (313) C L1M4           LINE/L1           (3086)   3060   2981  247 *
  251   26.9  2.5  1.2  Sniffles2.INS.17S23     427   505  (250) C L1MD           LINE/L1           (3086)   3060   2981  249  
  231   24.3  2.8  1.4  Sniffles2.INS.17S23     496   566  (189) C L1M4           LINE/L1           (3092)   3054   2983  247 *
  300   22.4  2.6  1.3  Sniffles2.INS.17S23     553   629  (126) C L1M4           LINE/L1           (3086)   3060   2983  247 *
  303   22.4  2.6  1.3  Sniffles2.INS.17S23     616   692   (63) C L1M4           LINE/L1           (3086)   3060   2983  247  
  288   23.7  2.6  1.3  Sniffles2.INS.17S23     679   755    (0) C L1M4           LINE/L1           (3086)   3060   2983  247 *
  923   14.8  1.8  0.1  Sniffles2.INS.17S2F       1   338    (0) + ALR/Alpha      Satellite/centr        1    343    (0)  250  
 1050   15.2  1.1  0.0  Sniffles2.INS.17S30       2   678    (1) + ALR/Alpha      Satellite/centr        1    684    (0)  251  
  496   19.0  4.3  8.9  Sniffles2.INS.17S5D       1  2107    (4) C HSATII         Satellite            (5)   2010      1  252  
 1109   13.8  0.6  0.0  Sniffles2.INS.17SB0       4   677    (0) + ALR/Alpha      Satellite/centr        1    677    (0)  253  
  380   22.2  0.0  0.0  Sniffles2.INS.17SBA       1    81    (0) + ALR/Alpha      Satellite/centr       28    108   (63)  254  
 1082    8.6  0.0  0.0  Sniffles2.INS.17SBB       1   575   (10) C ACRO1          Satellite/acro      (13)    575      1  255  
 2776    2.3  0.3  0.0  Sniffles2.INS.180S11     16   322    (0) + AluY           SINE/Alu               1    308    (3)  256  
   29    4.5  4.0  4.0  Sniffles2.INS.182S11      1    50    (2) + (TA)n          Simple_repeat          1     50    (0)  257  
  509    5.5 12.0  0.0  Sniffles2.INS.182S38      1   974    (0) + (AT)n          Simple_repeat          1   1091    (0)  258  
   22    9.4  6.1  4.0  Sniffles2.INS.183S25      1    49    (6) + (TA)n          Simple_repeat          1     50    (0)  259  
  832   16.0  0.0  0.0  Sniffles2.INS.184S25      2   132  (260) + AluSc8         SINE/Alu             158    288   (23)  260  
  124   14.4  3.9  1.5  Sniffles2.INS.184S25    133   392    (0) + (TTATATA)n     Simple_repeat          1    266    (0)  261  
   51    0.0  3.8  0.0  Sniffles2.INS.184S38      4    56    (1) + (TTC)n         Simple_repeat          1     55    (0)  262  
   52    0.0  0.0  0.0  Sniffles2.INS.184S39      1    47    (5) + (CCTT)n        Simple_repeat          1     47    (0)  263  
  206   22.2  0.0  0.0  Sniffles2.INS.185S33      3   231  (357) + (TA)n          Simple_repeat          1    229    (0)  264  
  246    5.0  0.0  0.0  Sniffles2.INS.185S33    233   272  (316) + MLT2B5         LTR/ERVL             477    516   (39)  265  
  206   22.2  0.0  0.0  Sniffles2.INS.185S33    278   581    (7) + (TA)n          Simple_repeat          2    305    (0)  266  
   52    1.9  1.8  0.0  Sniffles2.INS.186S22      1    55    (0) + (CCTT)n        Simple_repeat          1     56    (0)  267  
   36   15.8  0.0  0.0  Sniffles2.INS.186S35      1    59    (1) + (T)n           Simple_repeat          1     59    (0)  268  
   15    9.2  0.0  4.2  Sniffles2.INS.187S6       1    25   (64) + (TA)n          Simple_repeat          1     24    (0)  269  
   34   23.8  2.3  0.0  Sniffles2.INS.188S5       1    88    (9) + (TATA)n        Simple_repeat          1     90    (0)  270  
  607   17.6  0.0  0.0  Sniffles2.INS.188S6       1   102    (2) C ALR/Alpha      Satellite/centr     (16)    155     54  271  
   33    3.4  9.5  1.5  Sniffles2.INS.189S2       3    65    (7) + (CA)n          Simple_repeat          1     68    (0)  272  
   34    7.6  6.7  3.9  Sniffles2.INS.18AS22      1    75   (75) + (ATG)n         Simple_repeat          1     77    (0)  273  
  379   11.8  6.3  0.0  Sniffles2.INS.18DS39      1   719    (4) + (AT)n          Simple_repeat          1    764    (0)  274  
 1088   13.7  0.0  0.0  Sniffles2.INS.18ES23      1   334    (8) + ALR/Alpha      Satellite/centr        1    334    (0)  275  
  895   11.8  0.0  8.0  Sniffles2.INS.18FS1       9   156    (0) C AluSx          SINE/Alu             (8)    294    158  276  
  577    5.1  0.3  0.6  Sniffles2.INS.18S16       7   666  (241) + (GGAAT)n       Simple_repeat          1    658    (0)  277  
  385   21.4 12.7  1.9  Sniffles2.INS.18S16     668   833   (74) C HSATII         Satellite            (5)    183      1  278  
   39    4.6  0.0  0.0  Sniffles2.INS.18S16     852   896   (11) + (GGAAT)n       Simple_repeat          1     45    (0)  279  
 1356   20.2  2.2  0.7  Sniffles2.INS.18S2B       1   269    (0) + AluY           SINE/Alu               7    279   (22)  280  
  747   18.0  0.0  0.0  Sniffles2.INS.18S2F       1   175    (0) + ALR/Alpha      Satellite/centr        1    175    (0)  281  
 1191   14.0  1.7  0.0  Sniffles2.INS.18S30       1  1009    (1) + ALR/Alpha      Satellite/centr        1   1026    (0)  282  
   19   15.2  2.2  2.2  Sniffles2.INS.18S58       5    50    (0) + (TGGAA)n       Simple_repeat          1     46    (0)  283  
  358   18.8  8.5  6.3  Sniffles2.INS.18S5D      12   223    (5) C HSATII         Satellite            (4)    216      1  284  
  351   15.9  1.6  0.0  Sniffles2.INS.18S8        4    66    (1) C BSR/Beta       Satellite           (30)    106     43  285  
  282   15.6  4.6  1.5  Sniffles2.INS.191S1       9    73   (54) C FRAM           SINE/Alu            (17)    149     83  286  
   25    7.4  7.0  0.0  Sniffles2.INS.194S31      1    43    (7) + (TA)n          Simple_repeat          1     46    (0)  287  
  125    0.0  4.0  0.0  Sniffles2.INS.194S33      1   124    (0) + (TA)n          Simple_repeat          1    129    (0)  288  
   84    4.2  6.6  0.0  Sniffles2.INS.195S39     12   133    (0) + (AT)n          Simple_repeat          1    130    (0)  289  
  191   19.6  4.7  0.0  Sniffles2.INS.195S5       1   450    (4) + (AT)n          Simple_repeat          1    471    (0)  290  
   52    0.0  0.0  0.0  Sniffles2.INS.197S31      5    51    (1) + (TTCC)n        Simple_repeat          1     47    (0)  291  
  188   19.4  8.9  2.4  Sniffles2.INS.197S5       1    79   (62) C L2             LINE/L2           (1000)   2419   2336  292  
  880   13.6  0.0  0.8  Sniffles2.INS.198S25      2   133 (3501) + AluSc8         SINE/Alu             158    288   (23)  293  
 1098   15.0  4.2  3.7  Sniffles2.INS.198S25    134  2787  (847) + (TTATATA)n     Simple_repeat          1   2667    (0)  294  
   35    3.5 10.0  0.0  Sniffles2.INS.198S25   2810  2869  (765) + (AT)n          Simple_repeat          1     66    (0)  295  
 4863    1.8  0.5  0.2  Sniffles2.INS.198S25   2870  3435  (199) + HSATI          Satellite              1    568    (0)  296  
 1102   12.8  0.0  0.0  Sniffles2.INS.198S25   3435  3590   (44) + AluY           SINE/Alu              13    168  (133)  297 *
  512    0.0  0.0  0.0  Sniffles2.INS.198S33      1    57    (0) C L1P1           LINE/L1           (2082)   4064   4008  298  
   66    0.0  1.7  0.0  Sniffles2.INS.198S38      1    60    (0) + (TA)n          Simple_repeat          1     61    (0)  299  
  241    8.2 10.2  0.0  Sniffles2.INS.199S33     16    64    (5) C L1M1           LINE/L1           (3805)   2341   2288  300  
   39   14.4  5.8  1.1  Sniffles2.INS.19BS13      3    88    (2) + (TA)n          Simple_repeat          1     90    (0)  301  
 1054   11.5  2.1  0.6  Sniffles2.INS.19DS39      2  1707    (0) + (AGGA)n        Simple_repeat          1   1731    (0)  302  
   41    0.0  0.0  4.4  Sniffles2.INS.19ES2       1    47   (10) + (TCCTT)n       Simple_repeat          1     45    (0)  303  
 1224   13.9  0.7  0.3  Sniffles2.INS.19FS18     11  3253    (0) + ALR/Alpha      Satellite/centr        1   3255    (1)  304  
 1196   13.7  0.9  0.2  Sniffles2.INS.19S30       2  1357    (0) + ALR/Alpha      Satellite/centr        1   1365    (0)  305  
   49    3.6  1.8  0.0  Sniffles2.INS.19S5D       1    57    (2) + (TGGAA)n       Simple_repeat          1     58    (0)  306  
  522    6.2  0.0  0.0  Sniffles2.INS.19S8        3    66    (0) C BSR/Beta       Satellite           (47)     89     26  307  
 1167   13.8  0.9  0.1  Sniffles2.INS.19SB0       2   676    (0) + ALR/Alpha      Satellite/centr        1    679    (0)  308  
  343   19.7  7.4  3.1  Sniffles2.INS.19SBD      12   282  (114) C HSATII         Satellite            (7)    282      1  309  
   56   17.1  0.0  0.0  Sniffles2.INS.19SBD     292   396    (0) + (TGGAA)n       Simple_repeat          1    105    (0)  310  
   43   10.4  6.1  2.9  Sniffles2.INS.1A0S25      2   100    (0) + (TAATA)n       Simple_repeat          1    102    (0)  311  
  266    4.0  9.1  1.0  Sniffles2.INS.1A3S22      1   451    (0) + (TA)n          Simple_repeat          1    487    (0)  312  
  397   10.9  1.8  0.0  Sniffles2.INS.1A3S5       1    55    (0) + AluSg          SINE/Alu             161    216   (94)  313  
  374   19.5  8.5  0.0  Sniffles2.INS.1A4S25      1    82   (11) C FRAM           SINE/Alu            (74)     92      4  314  
   57    1.8  0.0  0.0  Sniffles2.INS.1A7S2       1    56    (0) + (TTCT)n        Simple_repeat          1     56    (0)  315  
  330    4.2  6.2  0.0  Sniffles2.INS.1AAS38     22    69    (7) + Alu            SINE/Alu              24     74  (227)  316  
  263   19.3  9.3  3.9  Sniffles2.INS.1AAS6       1    97    (0) C FLAM_C         SINE/Alu            (11)    122     21  317  
  336   14.7  6.1  3.0  Sniffles2.INS.1AASBF      2    99    (1) + L1M2           LINE/L1             2156   2256 (4593)  318  
   15   26.3  0.0  6.5  Sniffles2.INS.1ACS38     10    75    (2) + A-rich         Low_complexity         1     62    (0)  319  
 1154   16.0  1.2  0.0  Sniffles2.INS.1ADS23      6  1015    (1) + ALR/Alpha      Satellite/centr        1   1022    (0)  320  
   29    9.8  2.3  0.0  Sniffles2.INS.1AES38      1    44    (6) + (TA)n          Simple_repeat          1     45    (0)  321  
  229    3.3  0.0  0.0  Sniffles2.INS.1AFS25     12    41   (12) C L1M2           LINE/L1           (2433)   3710   3681  322  
  141   21.9  0.3  0.3  Sniffles2.INS.1AFSC0      1   305    (0) + (TCCAC)n       Simple_repeat          1    305    (0)  323  
  447   19.9  8.1  4.8  Sniffles2.INS.1AS16       3   186   (94) C HSATII         Satellite            (7)    190      1  324  
   38   23.5  0.0  0.0  Sniffles2.INS.1AS16     191   280    (0) + (TGGAG)n       Simple_repeat          1     90    (0)  325  
 1154   13.3  0.5  0.3  Sniffles2.INS.1AS2F       1   664   (11) + ALR/Alpha      Satellite/centr        1    665    (0)  326  
 1033   15.0  0.0  0.6  Sniffles2.INS.1AS30       1   342    (3) + ALR/Alpha      Satellite/centr        1    339    (0)  327  
  278    7.9  0.0  2.6  Sniffles2.INS.1AS8        2    40  (368) C BSR/Beta       Satellite           (97)     39      2  328  
  978    9.8  0.7  1.2  Sniffles2.INS.1AS8       69   408    (0) C BSR/Beta       Satellite           (60)    337      1  328  
  718   18.7  0.0  0.0  Sniffles2.INS.1ASB0       2   169    (1) + ALR/Alpha      Satellite/centr        1    168    (0)  329  
   32    2.9  0.0  0.0  Sniffles2.INS.1ASBD       4    38   (20) + (CCATT)n       Simple_repeat          1     35    (0)  330  
 2939    1.0  0.0  0.0  Sniffles2.INS.1B0S0       1   313    (0) C AluYb8         SINE/Alu             (5)    313      1  331  
   67   18.1  0.0  0.0  Sniffles2.INS.1B0S2      13   132    (0) + (T)n           Simple_repeat          1    120    (0)  332  
   31    1.9  8.9  1.7  Sniffles2.INS.1B1S25      1    56    (1) + (AAGA)n        Simple_repeat          1     60    (0)  333  
  807    5.4  0.0  0.0  Sniffles2.INS.1B3S25      2    93    (0) + AluSq          SINE/Alu               4     95  (218)  334  
  386   13.1  3.3  0.0  Sniffles2.INS.1B6S35     21    81    (0) C MER34B         LTR/ERV1           (350)    215    153  335  
 1469   23.6  2.9  0.5  Sniffles2.INS.1B6SBF      1   379  (229) C MLT1D          LTR/ERVL-MaLR      (982)    389      2  336  
  994   22.4  6.6  1.3  Sniffles2.INS.1B6SBF    381   606    (2) C MLT1D          LTR/ERVL-MaLR        (0)    505    268  336  
  285    7.0  2.3  0.0  Sniffles2.INS.1B7S25     26    68    (0) + Alu            SINE/Alu             117    160    (6)  337  
   42    0.0  5.2  3.4  Sniffles2.INS.1B7S39      1    58    (0) + (AAATA)n       Simple_repeat          1     59    (0)  338  
  204    4.2  7.8  2.4  Sniffles2.INS.1B8S38      3   363   (11) + (CTTT)n        Simple_repeat          1    380    (0)  339  
  369   29.8  0.0  0.0  Sniffles2.INS.1B9S39      2   125   (22) + L2             LINE/L2             1971   2094 (1325)  340  
  254   27.6  0.0  5.0  Sniffles2.INS.1BAS22      2    85  (144) C HAL1b          LINE/L1            (104)   2317   2238  341  
  892   16.0  1.4  0.0  Sniffles2.INS.1BAS22     86   229    (0) + MSTB1          LTR/ERVL-MaLR         15    160  (272)  342  
  796    4.8  1.9  1.9  Sniffles2.INS.1BAS25      1   165    (1) + SVA_F          Retroposon/SVA       579    855  (520)  343  
  135    6.9  7.0  0.0  Sniffles2.INS.1BDS25      1   228    (1) + (TAATATA)n     Simple_repeat          1    244    (0)  344  
 1025   14.4  0.0  0.0  Sniffles2.INS.1BES23      1   344    (0) + ALR/Alpha      Satellite/centr        1    344    (0)  345  
  875   16.1  0.6  0.0  Sniffles2.INS.1BFS1       1   161    (9) C ALR/Alpha      Satellite/centr      (9)    162      1  346  
 1184   10.3  0.6  0.8  Sniffles2.INS.1BFS11      1   293    (1) + HSATII         Satellite              1    292    (3)  347  
 1207   14.5  1.3  0.0  Sniffles2.INS.1BS2F       3  1015    (1) + ALR/Alpha      Satellite/centr        1   1025    (0)  348  
 1074   15.1  0.9  0.1  Sniffles2.INS.1BS30       1   679    (0) + ALR/Alpha      Satellite/centr        1    684    (0)  349  
   14   14.6  5.0  2.4  Sniffles2.INS.1BS5D      10    49    (1) + A-rich         Low_complexity         1     41    (0)  350  
  891    9.2  1.6  0.4  Sniffles2.INS.1BS6F       1   167    (0) C ALR/Alpha      Satellite/centr     (23)    169      1  351  
  424   14.9  0.0  0.0  Sniffles2.INS.1BS8        1    67    (0) C BSR/Beta       Satellite           (69)     67      1  352  
 1121   14.8  0.3  0.1  Sniffles2.INS.1BSB0       2   494   (18) + ALR/Alpha      Satellite/centr        1    494    (0)  353  
   19    7.2  0.0  0.0  Sniffles2.INS.1BSBD       1    29   (16) + (ATTCC)n       Simple_repeat          1     29    (0)  354  
 1221   11.6  1.4  3.5  Sniffles2.INS.1C0S11     10  1793    (1) + HSATII         Satellite              1   1744    (1)  355  
   69    7.9  1.0  1.0  Sniffles2.INS.1C0S31      6   103    (3) + (TA)n          Simple_repeat          1     98    (0)  356  
   18   30.4  2.6  2.6  Sniffles2.INS.1C1S37      6    83    (3) + (CTTCCCT)n     Simple_repeat          1     78    (0)  357  
 2559    3.8  0.0  0.0  Sniffles2.INS.1C1S6       2   288   (64) + AluY           SINE/Alu              12    298   (13)  358  
   44    0.0  0.0  0.0  Sniffles2.INS.1C3S0       1    40   (21) + (GGAA)n        Simple_repeat          1     40    (0)  359  
 1367   11.0  0.7  0.1  Sniffles2.INS.1C3S1       1  4764    (0) + ALR/Alpha      Satellite/centr        1   4789    (0)  360  
   47   21.7  5.5  1.3  Sniffles2.INS.1C7S25      6   151   (24) + GA-rich        Low_complexity         1    152    (0)  361  
   53    0.0  0.0  0.0  Sniffles2.INS.1C7S31      1    48    (0) + (TTCT)n        Simple_repeat          1     48    (0)  362  
  507   21.0  4.9  1.9  Sniffles2.INS.1C7S6       2   103  (123) C AluJb          SINE/Alu            (63)    239    135  363  
  473    4.8  0.0  0.0  Sniffles2.INS.1C7S6     164   225    (1) C Alu            SINE/Alu             (0)    302    241  364  
  796   12.9  3.3  2.6  Sniffles2.INS.1C8S24      4   154    (1) + L1PREC2        LINE/L1             4129   4280 (1866)  365  
   21   17.0  4.3  0.0  Sniffles2.INS.1C9S38      1    46    (5) + (TA)n          Simple_repeat          1     48    (0)  366  
   22   15.1  4.5  0.0  Sniffles2.INS.1CAS38      3    46    (1) + (AT)n          Simple_repeat          1     46    (0)  367  
   23   21.0  0.0  0.0  Sniffles2.INS.1CCS6       1    50    (1) + (TGG)n         Simple_repeat          1     50    (0)  368  
 1574    8.1  0.9 10.8  Sniffles2.INS.1CES25      1   432    (0) C SVA_F          Retroposon/SVA     (518)    857    432  369  
   16   12.0  2.6  2.6  Sniffles2.INS.1CFS5      40    77    (0) + (ATTTTAT)n     Simple_repeat          1     38    (0)  370  
   16   24.0  0.0  0.0  Sniffles2.INS.1CS15       1    44    (6) + (AATGG)n       Simple_repeat          1     44    (0)  371  
  330   16.3  0.0  0.0  Sniffles2.INS.1CS2B       2    50   (13) + Alu            SINE/Alu              92    140   (26)  372  
 1065   12.0  0.6  0.2  Sniffles2.INS.1CS2F       2   340    (1) + ALR/Alpha      Satellite/centr        1    340    (0)  373  
 1191   13.5  0.6  0.0  Sniffles2.INS.1CS30      12   678    (1) + ALR/Alpha      Satellite/centr        1    670    (0)  374  
  898   12.7  0.4  2.0  Sniffles2.INS.1CSB0       1   171    (1) + ALR/Alpha      Satellite/centr        1    168    (0)  375  
  769   13.8  0.0  0.0  Sniffles2.INS.1CSBA       1   169    (0) C ALR/Alpha      Satellite/centr     (37)    169      1  376  
  457   19.0  0.1 15.2  Sniffles2.INS.1D0S37      5   180    (0) C L1M2           LINE/L1           (1801)   4345   4190  377  
   39   22.2  0.0  0.0  Sniffles2.INS.1D1S31      1    78    (2) + (AT)n          Simple_repeat          1     78    (0)  378  
 2898    1.6  0.3  0.0  Sniffles2.INS.1D2S0      22   335   (60) + AluYb8         SINE/Alu               1    315    (3)  379  
  273   17.0  0.9  0.5  Sniffles2.INS.1D3S5      10    68   (57) + L1PREC2        LINE/L1             5607   5666  (494)  380  
   27   14.3  3.6  1.8  Sniffles2.INS.1D3S5      69   124    (1) + (TA)n          Simple_repeat          1     57    (0)  381  
  557   13.1  0.0  2.2  Sniffles2.INS.1D4S24      1    94    (1) C LTR7B          LTR/ERV1           (187)    277    186  382  
   47    2.2  0.0  0.0  Sniffles2.INS.1D9S37      1    47    (1) + (TCTCCC)n      Simple_repeat          1     47    (0)  383  
   51    0.0  2.0  0.0  Sniffles2.INS.1DAS24      1    50    (0) + (CTTTT)n       Simple_repeat          1     51    (0)  384  
 2057   12.5  0.7  1.0  Sniffles2.INS.1DAS25     18   322  (323) C AluYh3         SINE/Alu             (7)    304      1  385  
 1618   17.4  6.2  0.3  Sniffles2.INS.1DAS25    323   645    (0) C L1ME1          LINE/L1            (306)   5873   5532  386  
   52    2.0  0.0  0.0  Sniffles2.INS.1DAS37      1    51  (136) + (CTCCCC)n      Simple_repeat          1     51    (0)  387  
  117    0.0  0.0  0.0  Sniffles2.INS.1DAS37     86   187    (0) + (CTCTCC)n      Simple_repeat          1    102    (0)  388  
  857   22.1  0.5  5.7  Sniffles2.INS.1DBS22     55   256    (0) C Tigger6b       DNA/TcMar-Tigger   (269)   1328   1137  389  
  368   27.0  6.2  2.2  Sniffles2.INS.1DBS25      1   129  (782) + L1ME1          LINE/L1             5950   6083   (96)  390  
 1583   12.7  0.0  0.0  Sniffles2.INS.1DBS25    131   350  (561) C AluSx1         SINE/Alu            (10)    302     83  391  
  191   22.2  1.8  1.8  Sniffles2.INS.1DBS25    512   566  (345) C L2b            LINE/L2             (50)   3325   3271  392  
   20   23.1  3.3  5.7  Sniffles2.INS.1DBS25    799   888   (23) + GA-rich        Low_complexity         1     88    (0)  393  
   25    6.7  6.1  2.0  Sniffles2.INS.1DDS6       1    49    (1) + (TTCC)n        Simple_repeat          1     51    (0)  394  
   54    3.5  1.7  0.0  Sniffles2.INS.1DES25      3    61    (2) + (AT)n          Simple_repeat          1     60    (0)  395  
   35    2.0  7.8  0.0  Sniffles2.INS.1DES6       4    54    (0) + (ATCT)n        Simple_repeat          1     55    (0)  396  
  445   18.1  4.2  8.1  Sniffles2.INS.1DS15      10  1037   (16) C HSATII         Satellite            (7)    988      1  397  
   26    9.1  2.1  0.0  Sniffles2.INS.1DS25      16    62   (96) + (CATCTATC)n    Simple_repeat          1     48    (0)  398  
   34   22.1  3.1  1.0  Sniffles2.INS.1DS25      63   158    (0) + (TATC)n        Simple_repeat          1     98    (0)  399  
  313   21.4  0.0  0.0  Sniffles2.INS.1DS2B      13    68    (1) + AluSz6         SINE/Alu             225    280   (32)  400  
 1141   14.1  0.6  0.0  Sniffles2.INS.1DS30       1   337    (1) + ALR/Alpha      Satellite/centr        1    338    (0)  401  
   45    0.0  0.0  0.0  Sniffles2.INS.1DSBD       1    41   (18) + (ATTCC)n       Simple_repeat          1     41    (0)  402  
  327   24.8  8.7  0.7  Sniffles2.INS.1E2S5       1   126   (84) + MER67D         LTR/ERV1             375    510    (4)  403  
   25   21.8  0.0  0.0  Sniffles2.INS.1E5S25      2    51    (0) + G-rich         Low_complexity         1     50    (0)  404  
  413   14.3  0.0  0.0  Sniffles2.INS.1E6S24      2    57    (0) C AluSg          SINE/Alu           (137)    173    118  405  
  733    2.8  0.0  1.8  Sniffles2.INS.1E7S25      1   128    (0) C SVA_F          Retroposon/SVA     (520)    855    752  406  
 1510    5.4  0.8  2.0  Sniffles2.INS.1E8S25      1   253    (0) C SVA_A          Retroposon/SVA     (543)    844    544  407  
   77    3.6  1.2  0.0  Sniffles2.INS.1E8S6       1    85    (1) + (TGG)n         Simple_repeat          1     86    (0)  408  
   42    2.0  3.9  1.9  Sniffles2.INS.1E8SBF      5    56    (0) + (AT)n          Simple_repeat          1     53    (0)  409  
 1407   13.1  0.4  0.0  Sniffles2.INS.1E9S11      9   679    (1) + ALR/Alpha      Satellite/centr        1    673    (2)  410  
  343    9.1 12.7  0.0  Sniffles2.INS.1EAS38      1    55    (0) C HSATII         Satellite          (103)     67      6  411  
  303   28.4  1.0  0.0  Sniffles2.INS.1ECS6     221   322  (222) C L2c            LINE/L2             (44)   3343   3241  412  
 1407   13.1  0.3  0.0  Sniffles2.INS.1EDS11      9   679    (1) + ALR/Alpha      Satellite/centr        1    673    (2)  413  
  226   14.3  0.0  2.0  Sniffles2.INS.1EDS22      1    50   (25) C L1M1           LINE/L1           (2359)   3787   3739  414  
   60    3.0  9.6  0.9  Sniffles2.INS.1EFS24     14   117    (2) + (TA)n          Simple_repeat          1    113    (0)  415  
   32   15.1  3.0  0.0  Sniffles2.INS.1ES15       2    67    (0) + (GAATG)n       Simple_repeat          1     68    (0)  416  
   20    5.5  7.9  0.0  Sniffles2.INS.1ES25       1    38  (261) + (CTAT)n        Simple_repeat          1     41    (0)  417  
  244   17.0  0.0  0.0  Sniffles2.INS.1ES25      40    86  (213) + HAL1b          LINE/L1             2199   2245  (176)  418  
   81   18.7  4.2  1.8  Sniffles2.INS.1ES25      87   299    (0) + (ATCT)n        Simple_repeat          1    218    (0)  419  
  337   16.0  0.0  0.0  Sniffles2.INS.1ES2B      18    67   (10) + Alu            SINE/Alu              90    139   (27)  420  
 1031   16.1  1.5  0.2  Sniffles2.INS.1ES30       1   338    (1) + ALR/Alpha      Satellite/centr        1    342    (0)  421  
  660   18.3  1.2  0.0  Sniffles2.INS.1ES6F       1   167    (2) C ALR/Alpha      Satellite/centr     (57)    168      1  422  
  868   13.1  1.6  0.0  Sniffles2.INS.1ESB0       5   164    (0) + ALR/Alpha      Satellite/centr        1    162    (2)  423  
   33   23.3  0.0  0.0  Sniffles2.INS.1ESBD       2    81    (0) + (ATTCC)n       Simple_repeat          1     80    (0)  424  
   98    9.4  3.1  0.6  Sniffles2.INS.1F0S24      6   167    (0) + (TATATAA)n     Simple_repeat          1    166    (0)  425  
   21   18.2  1.8  3.6  Sniffles2.INS.1F0S38      1    56    (0) + (TTTC)n        Simple_repeat          1     55    (0)  426  
  550    2.9  0.0  0.0  Sniffles2.INS.1F1S38     23    92    (0) C L1PA3          LINE/L1              (0)   6155   6086  427  
   24   20.0  0.0  0.0  Sniffles2.INS.1F1SBF      5    50    (6) + (TA)n          Simple_repeat          1     46    (0)  428  
 1393   12.4  0.2  0.0  Sniffles2.INS.1F2S11      6  1018    (2) + ALR/Alpha      Satellite/centr        1   1015    (1)  429  
 2942    0.3  0.3  0.0  Sniffles2.INS.1F2S18      6   317    (0) + AluYb8         SINE/Alu               1    313    (5)  430  
   93   37.2  0.3  0.8  Sniffles2.INS.1F2S6       1   375    (0) + (ACCACC)n      Simple_repeat          1    373    (0)  431  
 1337   11.9  0.5  0.6  Sniffles2.INS.1F3S11      8   340    (0) + ALR/Alpha      Satellite/centr        1    332    (2)  432  
 1174   15.1  0.6  0.3  Sniffles2.INS.1F5S18      1  4099    (1) C ALR/Alpha      Satellite/centr     (31)   4108      1  433  
 1093    7.5  0.6  0.0  Sniffles2.INS.1F6S33      1   292    (0) C ACRO1          Satellite/acro      (49)    293      1  434  
 1127   14.9  0.1  0.0  Sniffles2.INS.1F8S23      5   680    (1) + ALR/Alpha      Satellite/centr        1    677    (0)  435  
 1080    8.1  0.4  0.0  Sniffles2.INS.1F8S33      1  1022    (1) C ACRO1          Satellite/acro      (45)   1025      1  436  
 1121   10.2  1.1  0.0  Sniffles2.INS.1FAS11      1   335    (0) + ALR/Alpha      Satellite/centr        1    338    (2)  437  
 1083   11.2  0.3  0.0  Sniffles2.INS.1FBS11      1   336    (4) + ALR/Alpha      Satellite/centr        1    336    (0)  438  
 1328   11.6  1.1  0.0  Sniffles2.INS.1FCS11     10   335    (1) + ALR/Alpha      Satellite/centr        1    329    (2)  439  
 1080    7.0  0.2  0.0  Sniffles2.INS.1FCS33      1   437    (0) C ACRO1          Satellite/acro      (63)    437      1  440  
   19    0.0  0.0  0.0  Sniffles2.INS.1FCS37      1    37   (52) + (A)n           Simple_repeat          1     37    (0)  441  
  292    7.3  2.4  0.0  Sniffles2.INS.1FCS37     49    89    (0) + Alu            SINE/Alu             240    281   (20)  442  
 1259    9.5  0.8  1.0  Sniffles2.INS.1FDS11      4   339    (0) + ALR/Alpha      Satellite/centr        1    335    (1)  443  
  277   13.2  1.9  1.9  Sniffles2.INS.1FFS6       1    54   (17) C MLT1H          LTR/ERVL-MaLR      (232)    317    264  444  
   54   19.0  6.0  0.6  Sniffles2.INS.1FS25       1   151    (0) + (ATCT)n        Simple_repeat          1    159    (0)  445  
 1205   12.7  1.0  0.0  Sniffles2.INS.1FS2F       1   338    (0) + ALR/Alpha      Satellite/centr        1    341    (0)  446  
 1132   12.7  2.4  0.2  Sniffles2.INS.1FS30       1   333    (1) + ALR/Alpha      Satellite/centr        1    340    (0)  447  
   13   16.3  2.8  2.8  Sniffles2.INS.1FS5D      12    47    (3) + A-rich         Low_complexity         1     36    (0)  448  
 1102   15.3  0.2  0.8  Sniffles2.INS.1FS6F       1   847    (9) C ALR/Alpha      Satellite/centr     (10)    842      1  449  
  858   12.2  0.0  0.0  Sniffles2.INS.1FSBA       1   170    (1) C ALR/Alpha      Satellite/centr     (36)    170      1  450  
  475    4.3  0.0  1.4  Sniffles2.INS.1S28        2    72    (0) C SVA_D          Retroposon/SVA     (527)    859    790  451  
 1149   14.9  0.7  0.0  Sniffles2.INS.1S30        3   678    (0) + ALR/Alpha      Satellite/centr        1    680    (0)  452  
 1272   13.0  2.2  3.3  Sniffles2.INS.1S36        1  1151    (0) C ALR/Alpha      Satellite/centr     (41)   1138      1  453  
  951   14.2  0.6  0.0  Sniffles2.INS.1S5D        5   166    (4) + ALR/Alpha      Satellite/centr        1    163    (8)  454  
  801   16.9  0.4  0.8  Sniffles2.INS.1S65        1   169    (1) + ALR/Alpha      Satellite/centr        1    168    (0)  455  
 1116   12.0  4.9  0.3  Sniffles2.INS.1S77       10   257    (7) C ALR/Alpha      Satellite/centr      (0)    259      1  456  
 2240    1.6  0.0  0.4  Sniffles2.INS.1SA7        1   254    (0) + LSU-rRNA_Hsa   rRNA                4129   4381  (654)  457  
 1959   13.8  3.4  0.0  Sniffles2.INS.1SD         4   300    (9) + AluSx          SINE/Alu               1    307    (5)  458  
 1377   12.3  0.2  0.0  Sniffles2.INS.200S11      1   677    (2) + ALR/Alpha      Satellite/centr        1    678    (2)  459  
 1256   14.9  0.4  0.0  Sniffles2.INS.201S11      9   339    (1) + ALR/Alpha      Satellite/centr        1    332    (2)  460  
   32    8.9  0.0  0.0  Sniffles2.INS.201S22      1    48   (41) + (T)n           Simple_repeat          1     48    (0)  461  
 1089   11.0  0.3  0.0  Sniffles2.INS.202S11      1   338    (0) + ALR/Alpha      Satellite/centr        1    338    (0)  462  
   34   13.0  6.0  0.0  Sniffles2.INS.202S5       1    67    (6) + (AT)n          Simple_repeat          1     71    (0)  463  
 1080    7.1  0.5  0.0  Sniffles2.INS.203S33      2   580    (6) + ACRO1          Satellite/acro         1    581    (0)  464  
  612   17.5  4.5 10.1  Sniffles2.INS.203S38      9  2515    (2) + HSATII         Satellite              1   2367    (4)  465  
 1256   14.5  0.4  0.0  Sniffles2.INS.204S11      1   336    (3) + ALR/Alpha      Satellite/centr        1    337    (0)  466  
  108    8.2  4.9  1.1  Sniffles2.INS.204S6       1   184    (0) + (CTC)n         Simple_repeat          1    191    (0)  467  
 1281   12.8  0.4  0.0  Sniffles2.INS.205S11      1   676    (3) + ALR/Alpha      Satellite/centr        1    678    (4)  468  
 2846    1.6  0.0  0.0  Sniffles2.INS.205S33     15   319    (0) + AluYa5         SINE/Alu               1    305    (6)  469  
 1270   12.8  0.6  0.0  Sniffles2.INS.209S11      2   676    (3) + ALR/Alpha      Satellite/centr        1    678    (2)  470  
23289    2.0  0.3  0.2  Sniffles2.INS.209S35     17  3522 (2506) C L1HS           LINE/L1              (2)   6153   2646  471  
18354    2.4  0.4  0.2  Sniffles2.INS.209S35   3522  6028    (0) + L1HS           LINE/L1              127   2638 (3508)  472 *
   15   26.6  0.0  7.0  Sniffles2.INS.209S6       1    61   (21) + (AT)n          Simple_repeat          1     57    (0)  473  
  144   11.9  8.8  2.1  Sniffles2.INS.20AS0       1   354    (8) + (AC)n          Simple_repeat          1    377    (0)  474  
   57    3.0 11.5  0.0  Sniffles2.INS.20AS22      8   111    (3) + (AT)n          Simple_repeat          1    116    (0)  475  
  232   11.8  8.3  2.0  Sniffles2.INS.20BS0       5   560   (10) + (CA)n          Simple_repeat          1    591    (0)  476  
  543   26.1  5.5  0.8  Sniffles2.INS.20BS25     52   260  (330) + MER77B         LTR/ERVL               6    249  (355)  477  
  522   22.9  1.8  7.3  Sniffles2.INS.20BS25    359   558   (32) + MER31B         LTR/ERV1               1    178  (307)  478  
 1162   14.0  0.3  0.7  Sniffles2.INS.20CS11      1   677    (1) + ALR/Alpha      Satellite/centr        1    674    (7)  479  
 2543    5.9  0.3  0.3  Sniffles2.INS.20FS0      14   317  (189) C AluYm1         SINE/Alu             (7)    304      1  480  
  918   16.7  0.6  2.9  Sniffles2.INS.20FS0     318   496   (10) C L1MB2          LINE/L1             (44)   6127   5953  481  
   31   15.9  0.0  0.0  Sniffles2.INS.20S16       3    59    (1) + (TGGAA)n       Simple_repeat          1     57    (0)  482  
  270   21.3  0.0  0.0  Sniffles2.INS.20S2B       4    50    (3) + AluYi6         SINE/Alu             233    279   (32)  483  
 1035   15.2  1.0  0.0  Sniffles2.INS.20S2F       1   679    (1) + ALR/Alpha      Satellite/centr        1    685    (0)  484  
 1090   12.5  3.0  0.4  Sniffles2.INS.20S30       4   332    (1) + ALR/Alpha      Satellite/centr        1    337    (0)  485  
 1174   14.8  0.6  0.2  Sniffles2.INS.20S6F       2  1700   (10) C ALR/Alpha      Satellite/centr     (62)   1704      1  486  
  433   13.8  0.0  0.0  Sniffles2.INS.20S8        1    65    (3) C BSR/Beta       Satellite           (10)    126     62  487  
 1173   13.3  1.0  0.1  Sniffles2.INS.20SB0       1  1866    (1) + ALR/Alpha      Satellite/centr        1   1882    (0)  488  
 1270   13.5  0.8  0.1  Sniffles2.INS.213S11      7   678    (3) + ALR/Alpha      Satellite/centr        1    677    (4)  489  
 1234   10.4  0.4  0.4  Sniffles2.INS.214S11      1   340    (0) + ALR/Alpha      Satellite/centr        1    339    (2)  490  
  348    0.0  0.3  0.0  Sniffles2.INS.214S6       1   298    (0) + (AT)n          Simple_repeat          1    299    (0)  491  
 1334   11.3  1.2  0.0  Sniffles2.INS.215S11      1   681    (0) + ALR/Alpha      Satellite/centr        1    689    (0)  492  
  440    7.8  0.0  0.0  Sniffles2.INS.215S22      1    64    (0) + HERVH-int      LTR/ERV1             533    596 (7117)  493  
   54    4.1  5.3  0.0  Sniffles2.INS.215S25      1    76    (1) + (GATG)n        Simple_repeat          1     80    (0)  494  
  624   21.4  3.1  0.8  Sniffles2.INS.216SBF      1   127  (301) C MSTD           LTR/ERVL-MaLR       (50)    346    217  495 *
  824   21.3  3.4  1.1  Sniffles2.INS.216SBF     81   256  (172) + MSTD           LTR/ERVL-MaLR        217    396    (0)  496  
  514   24.0  1.6  0.8  Sniffles2.INS.216SBF    259   384   (44) C MLT1F-int      LTR/ERVL-MaLR      (668)    821    695  497  
   41    4.3  2.1  0.0  Sniffles2.INS.217SBF      1    48  (240) + (AT)n          Simple_repeat          1     49    (0)  498  
   47    5.2  3.3  0.0  Sniffles2.INS.21AS25      1    61    (1) + (TC)n          Simple_repeat          1     63    (0)  499  
  569   14.6  0.0  0.0  Sniffles2.INS.21DS25      3    84    (0) C AluJo          SINE/Alu           (228)     84      3  500  
 1052   14.6  0.4  0.0  Sniffles2.INS.21ES11      7   333    (6) + ALR/Alpha      Satellite/centr        1    328    (0)  501  
   15   29.9  1.8  1.8  Sniffles2.INS.21ES6       1    55   (26) + (GT)n          Simple_repeat          1     55    (0)  502  
  541   16.7  0.0  0.0  Sniffles2.INS.21FS18      1    84    (0) C Alu            SINE/Alu            (16)    286    203  503  
  430   15.6  0.0  0.0  Sniffles2.INS.21S25       1    64  (508) C Alu            SINE/Alu           (237)     64      1  504  
  450   16.9  1.4  0.0  Sniffles2.INS.21S25     266   336  (236) + AluJo          SINE/Alu              50    121  (191)  505  
 1792   10.6  0.0  0.0  Sniffles2.INS.21S25     337   571    (1) C AluY           SINE/Alu            (12)    299     65  506  
  807   17.5  0.0  0.0  Sniffles2.INS.21S2F       2   172    (0) + ALR/Alpha      Satellite/centr        1    171    (0)  507  
  791   14.6  0.0  0.0  Sniffles2.INS.21S30       5   170    (1) + ALR/Alpha      Satellite/centr        1    166    (0)  508  
 1247   12.9  0.2  0.0  Sniffles2.INS.21S6F       1   846    (5) C ALR/Alpha      Satellite/centr      (6)    847      1  509  
  586   13.5  8.4  0.0  Sniffles2.INS.21S8        3   148    (3) C BSR/Beta       Satellite           (41)    158      1  510  
 1204   11.0  0.0  0.0  Sniffles2.INS.21SBA       1   342    (0) C ALR/Alpha      Satellite/centr     (51)    342      1  511  
 3276   13.8  9.6  2.4  Sniffles2.INS.220SBF      1  9543    (1) + (TA)n          Simple_repeat          1  10205    (0)  512  
   37    0.0  8.3  1.6  Sniffles2.INS.223S24      1    60    (0) + (AAAG)n        Simple_repeat          1     64    (0)  513  
   24   23.7  3.0  0.0  Sniffles2.INS.223S6       1    67    (0) + (CAT)n         Simple_repeat          1     69    (0)  514  
 1066   11.8  0.5  0.0  Sniffles2.INS.224S11      1   335    (4) + ALR/Alpha      Satellite/centr        1    336    (0)  515  
   14   30.7  0.0  0.0  Sniffles2.INS.225S0     610   657    (2) + (TTT)n         Simple_repeat          1     48    (0)  516  
 1052   11.8  0.3  0.2  Sniffles2.INS.225S11      1   337    (4) + ALR/Alpha      Satellite/centr        1    337    (0)  517  
 1429   10.3  0.5  0.2  Sniffles2.INS.226S11      8   340    (2) + ALR/Alpha      Satellite/centr        1    333    (2)  518  
 1296   11.1  0.3  0.0  Sniffles2.INS.227S11      3   336    (4) + ALR/Alpha      Satellite/centr        1    334    (0)  519  
   15   10.9  0.0 13.3  Sniffles2.INS.227SF       1    51    (3) + GA-rich        Low_complexity         1     45    (0)  520  
 1402   12.2  0.2  0.2  Sniffles2.INS.229S11      1   682    (1) + ALR/Alpha      Satellite/centr        1    681    (0)  521  
  311    4.1  0.0  2.0  Sniffles2.INS.229S25      1    50    (0) + SVA_F          Retroposon/SVA       722    770  (605)  522  
   72   25.7  2.4  0.9  Sniffles2.INS.229SBF      1   211    (4) + (AT)n          Simple_repeat          1    214    (0)  523  
 1132   12.1  0.0  0.3  Sniffles2.INS.22AS0      10  1905    (1) + (GGTGGT)n      Simple_repeat          1   1891    (0)  524  
  987   12.0  0.0  0.0  Sniffles2.INS.22AS25      1   133    (0) C AluSg          SINE/Alu           (174)    136      4  525  
 1226   12.8  0.5  0.0  Sniffles2.INS.22BS11      1   334    (6) + ALR/Alpha      Satellite/centr        1    335    (2)  526  
 1219   13.8  0.6  0.9  Sniffles2.INS.22CS11      1   679    (4) + ALR/Alpha      Satellite/centr        1    676    (2)  527  
   37    9.5  2.8  2.8  Sniffles2.INS.22CSBF      1    71    (0) + (TATATAT)n     Simple_repeat          1     71    (0)  528  
 1402   12.2  0.3  0.0  Sniffles2.INS.22DS11      1  1019    (0) + ALR/Alpha      Satellite/centr        1   1021    (2)  529  
 1407   12.0  0.4  0.0  Sniffles2.INS.22ES11      3   337    (3) + ALR/Alpha      Satellite/centr        1    336    (2)  530  
   21   19.6  0.0  0.0  Sniffles2.INS.22S16       8    54    (1) + (TGGAA)n       Simple_repeat          1     47    (0)  531  
  818   16.2  7.4  0.7  Sniffles2.INS.22S2F       1   335    (4) + ALR/Alpha      Satellite/centr        1    357    (0)  532  
 1129   13.9  1.6  0.1  Sniffles2.INS.22S30       1   336    (1) + ALR/Alpha      Satellite/centr        1    341    (0)  533  
  365   16.2  6.7  7.9  Sniffles2.INS.22S5D      10   181    (7) C HSATII         Satellite           (57)    169      1  534  
 1120   10.3  0.1  0.0  Sniffles2.INS.230S11      1   339    (0) + ALR/Alpha      Satellite/centr        1    339    (2)  535  
   47   17.9  0.0  1.1  Sniffles2.INS.230S5       1    93    (1) + (TATATA)n      Simple_repeat          1     92    (0)  536  
  440    9.2 12.8  5.2  Sniffles2.INS.231S18      6   155    (5) + L1MA9          LINE/L1             5770   5922  (390)  537  
   80   18.4  0.0  2.5  Sniffles2.INS.232S5       1   167   (91) + (TATA)n        Simple_repeat          1    163    (0)  538  
  233    9.3  0.0  0.0  Sniffles2.INS.232S5     170   212   (46) C LTR66          LTR/ERVL           (169)    441    399  539  
   24   15.9  0.0  2.3  Sniffles2.INS.232S5     213   257    (1) + (TA)n          Simple_repeat          1     44    (0)  540  
  448   11.9  0.0  0.0  Sniffles2.INS.234S24      1    67    (5) + Alu            SINE/Alu             234    300    (1)  541  
 1068   11.0  0.3  0.4  Sniffles2.INS.236S11      1   340    (0) + ALR/Alpha      Satellite/centr        1    339    (0)  542  
  414    5.6  1.1  6.7  Sniffles2.INS.236S25      7   101    (0) + SVA_F          Retroposon/SVA       681    770  (605)  543  
 1233   12.5  1.0  0.0  Sniffles2.INS.237S11      7   671    (4) + ALR/Alpha      Satellite/centr        1    671    (2)  544  
 1335   12.2  0.8  0.4  Sniffles2.INS.238S11      1   679    (1) + ALR/Alpha      Satellite/centr        1    681    (1)  545  
 1260   13.5  1.4  0.1  Sniffles2.INS.23AS11      1  1008    (1) + ALR/Alpha      Satellite/centr        1   1020    (0)  546  
 1236   15.5  0.7  0.0  Sniffles2.INS.23BS11      9   338    (1) + ALR/Alpha      Satellite/centr        1    332    (2)  547  
 1389   12.8  0.2  0.0  Sniffles2.INS.23CS11      1   679    (1) + ALR/Alpha      Satellite/centr        1    680    (2)  548  
   38    5.0  0.0  0.0  Sniffles2.INS.23ES18      1    42 (2488) + (TC)n          Simple_repeat          1     42    (0)  549  
10023    7.5  0.4  2.3  Sniffles2.INS.23ES18    824  2416  (114) + SST1           Satellite/centr        1   1563    (0)  550  
   33   20.1  0.0  1.4  Sniffles2.INS.23ES18   2417  2486   (44) + (GT)n          Simple_repeat          1     69    (0)  551  
   13   30.1  0.0  4.8  Sniffles2.INS.23ES18   2462  2527    (3) + (GTCT)n        Simple_repeat          1     63    (0)  552 *
   21   20.3  3.9  0.0  Sniffles2.INS.23S25       1    51    (1) + (TC)n          Simple_repeat          1     53    (0)  553  
   39    0.0  0.0  0.0  Sniffles2.INS.23S2F       1    36  (748) + (T)n           Simple_repeat          1     36    (0)  554  
 5942    1.2  0.0  0.1  Sniffles2.INS.23S2F     122   784    (0) C L1HS           LINE/L1              (0)   6155   5494  555  
  658   18.1  1.6  0.0  Sniffles2.INS.23S30       3   167    (1) + ALR/Alpha      Satellite/centr        1    167    (0)  556  
  739   18.1  0.8  0.0  Sniffles2.INS.23SB0       1   167    (3) + ALR/Alpha      Satellite/centr        1    168    (0)  557  
  463   20.9  2.3  0.0  Sniffles2.INS.240S18      1    86   (44) + AluSx          SINE/Alu             102    189  (113)  558 *
  490   12.9  1.4  0.0  Sniffles2.INS.240S18     61   130    (0) C AluSx          SINE/Alu           (115)    187    117  559  
 1083   11.2  0.3  0.0  Sniffles2.INS.241S11      1   336    (4) + ALR/Alpha      Satellite/centr        1    336    (0)  560  
   93   23.2  3.6  0.8  Sniffles2.INS.241S24      1   252  (105) + (ATCACC)n      Simple_repeat          1    259    (0)  561  
   34    7.7  3.6  0.0  Sniffles2.INS.241S24    256   311   (46) + (ACC)n         Simple_repeat          1     58    (0)  562  
   45    4.1  0.0  0.0  Sniffles2.INS.244S22      1    50    (0) + (GGAAC)n       Simple_repeat          1     50    (0)  563  
 1407   10.6  0.5  0.0  Sniffles2.INS.245S11      1   339    (0) + ALR/Alpha      Satellite/centr        1    340    (1)  564  
 1104    9.4  0.3  0.8  Sniffles2.INS.246S11      1   341    (0) + ALR/Alpha      Satellite/centr        1    339    (2)  565  
 1083   11.2  0.3  0.0  Sniffles2.INS.247S11      1   336    (4) + ALR/Alpha      Satellite/centr        1    336    (0)  566  
   49    8.2  1.2  1.2  Sniffles2.INS.24BSC0      1    80  (564) + (ATGGA)n       Simple_repeat          1     80    (0)  567  
  451   18.8  4.5  6.9  Sniffles2.INS.24BSC0    109   633   (11) C HSATII         Satellite            (2)    512      1  568  
   47   12.3  0.0  0.0  Sniffles2.INS.24ES24      1    71    (0) + (A)n           Simple_repeat          1     71    (0)  569  
   34    0.0  0.0  5.1  Sniffles2.INS.24ESBF      9    49    (4) + (TTTC)n        Simple_repeat          1     39    (0)  570  
   12   16.9  0.0  0.0  Sniffles2.INS.24FS24     12    38   (32) + (CCAT)n        Simple_repeat          1     27    (0)  571  
  973   14.6  1.0  0.0  Sniffles2.INS.24S15       6   290    (0) + HSATII         Satellite              1    287    (0)  572  
 2473    2.0  0.7  2.0  Sniffles2.INS.24S25      18   323    (0) + AluY           SINE/Alu               1    302    (9)  573  
  815   17.2  0.0  0.0  Sniffles2.INS.24S2F       2   171    (0) + ALR/Alpha      Satellite/centr        1    170    (0)  574  
 1051   12.8  1.2  0.0  Sniffles2.INS.24S30       3   337    (1) + ALR/Alpha      Satellite/centr        1    339    (0)  575  
 1122   14.8  0.3  0.1  Sniffles2.INS.24S65       1  1025    (1) C ALR/Alpha      Satellite/centr     (60)   1027      1  576  
  832   17.6  0.0  0.0  Sniffles2.INS.24SB0       5   168    (0) + ALR/Alpha      Satellite/centr        1    164    (0)  577  
  371   14.9  8.8  6.5  Sniffles2.INS.24SBD       1   160    (3) + HSATII         Satellite              1    163    (4)  578  
   15   14.4  0.0  0.0  Sniffles2.INS.250S0      55    78   (23) + (T)n           Simple_repeat          1     24    (0)  579  
 1377   11.5  0.6  0.3  Sniffles2.INS.251S11      1   338    (1) + ALR/Alpha      Satellite/centr        1    339    (1)  580  
  399   18.6  6.4  6.9  Sniffles2.INS.251SC0      9   553   (16) C HSATII         Satellite            (7)    542      1  581  
   27   22.0  3.7  1.2  Sniffles2.INS.252S0       1    82    (3) + G-rich         Low_complexity         1     84    (0)  582  
   30   13.1  2.0  0.0  Sniffles2.INS.252S18      3    52    (2) + (TA)n          Simple_repeat          1     51    (0)  583  
   38   17.4  3.5  8.0  Sniffles2.INS.253S0      13   156    (0) + G-rich         Low_complexity         1    138    (0)  584  
 1407   11.3  0.4  0.0  Sniffles2.INS.253S11      2   337    (0) + ALR/Alpha      Satellite/centr        1    337    (2)  585  
   24   14.0  2.4  0.0  Sniffles2.INS.253S25    490   530   (22) + (CT)n          Simple_repeat          1     42    (0)  586  
 1407   12.0  0.4  0.0  Sniffles2.INS.254S11      1   340    (0) + ALR/Alpha      Satellite/centr        1    341    (2)  587  
 1407   12.0  0.4  0.0  Sniffles2.INS.255S11      1   340    (0) + ALR/Alpha      Satellite/centr        1    341    (2)  588  
 1407   12.0  0.4  0.0  Sniffles2.INS.256S11      1   340    (0) + ALR/Alpha      Satellite/centr        1    341    (2)  589  
 1429   12.1  0.4  0.0  Sniffles2.INS.257S11      1   340    (0) + ALR/Alpha      Satellite/centr        1    341    (2)  590  
 1429   12.2  0.4  0.0  Sniffles2.INS.258S11      3   337    (4) + ALR/Alpha      Satellite/centr        1    336    (2)  591  
   38   17.7  4.8  0.0  Sniffles2.INS.259S5       6    89    (1) + (AT)n          Simple_repeat          1     88    (0)  592  
  835    1.8  3.6  0.9  Sniffles2.INS.25AS22      4   114    (1) C L1P2           LINE/L1           (4207)   1977   1864  593  
   12   27.7  0.0  0.0  Sniffles2.INS.25ASC0      1    39  (500) + (AATGG)n       Simple_repeat          1     39    (0)  594  
  408   19.9  3.5 10.9  Sniffles2.INS.25ASC0     47   537    (2) C HSATII         Satellite            (4)    454      1  595  
   12   27.7  0.0  0.0  Sniffles2.INS.25DSC0      1    39  (499) + (AATGG)n       Simple_repeat          1     39    (0)  596  
  396   20.2  3.5 10.9  Sniffles2.INS.25DSC0     47   536    (2) C HSATII         Satellite            (4)    453      1  597  
 1380   13.0  0.4  0.0  Sniffles2.INS.25ES11      1   339    (0) + ALR/Alpha      Satellite/centr        1    340    (2)  598  
   43    5.7  7.7  6.7  Sniffles2.INS.25FS5       1   104    (0) + (AT)n          Simple_repeat          1    105    (0)  599  
  362   15.2  4.5  0.0  Sniffles2.INS.25S15       2    67    (2) + HSATII         Satellite             22     90   (80)  600  
  947   17.8  0.0  0.3  Sniffles2.INS.25S2F       1   341    (1) + ALR/Alpha      Satellite/centr        1    340    (0)  601  
 1063   13.7  0.3  0.0  Sniffles2.INS.25S30       1   340    (1) + ALR/Alpha      Satellite/centr        1    341    (0)  602  
   19    7.1  8.2  3.9  Sniffles2.INS.25S38       1    49    (4) + GA-rich        Low_complexity         1     51    (0)  603  
  347   19.6  4.2  4.8  Sniffles2.INS.25S58       2   220   (10) C HSATII         Satellite            (7)    217      1  604  
  737   17.9  0.0  0.0  Sniffles2.INS.25SB0       1   168    (3) + ALR/Alpha      Satellite/centr        1    168    (0)  605  
   31    0.0  0.0  3.0  Sniffles2.INS.260S0      18    51    (0) + (AAGA)n        Simple_repeat          1     33    (0)  606  
 1407   12.4  0.4  0.0  Sniffles2.INS.260S11      3   337    (3) + ALR/Alpha      Satellite/centr        1    336    (2)  607  
   15   13.9  0.0  0.0  Sniffles2.INS.260S6      27    50    (7) + (C)n           Simple_repeat          1     24    (0)  608  
 1407   12.4  0.4  0.0  Sniffles2.INS.261S11      3   337    (3) + ALR/Alpha      Satellite/centr        1    336    (2)  609  
   40    5.4  5.2  0.0  Sniffles2.INS.262SBF      1    58    (0) + (AT)n          Simple_repeat          1     61    (0)  610  
  470   16.5  6.4 13.2  Sniffles2.INS.262SC0     10   632    (8) C HSATII         Satellite            (8)    580      1  611  
 1407   11.7  0.7  0.0  Sniffles2.INS.263S11      1   337    (1) + ALR/Alpha      Satellite/centr        1    339    (1)  612  
  301   15.9  4.5  6.1  Sniffles2.INS.263S22      1    67    (0) C L1P3b          LINE/L1           (5139)    736    671  613  
   49    2.1  0.0  0.0  Sniffles2.INS.263S5       4    52    (3) + (AAGA)n        Simple_repeat          1     49    (0)  614  
 1429   12.1  0.4  0.0  Sniffles2.INS.265S11      9   339    (0) + ALR/Alpha      Satellite/centr        1    332    (0)  615  
   15   16.2  0.0  3.5  Sniffles2.INS.266S0       9    38   (13) + (AT)n          Simple_repeat          1     29    (0)  616  
   30    7.3  6.9  0.0  Sniffles2.INS.266S22      1    58    (0) + (TA)n          Simple_repeat          1     62    (0)  617  
 1332   12.5  1.9  0.0  Sniffles2.INS.268S11      4   335    (1) + ALR/Alpha      Satellite/centr        1    338    (2)  618  
   30    6.2  7.8  0.0  Sniffles2.INS.268S5       1    51    (0) + (AT)n          Simple_repeat          1     55    (0)  619  
   25   10.0  0.0  4.3  Sniffles2.INS.268SF       3    50    (1) + (TATACA)n      Simple_repeat          1     46    (0)  620  
 1407    9.9  0.9  0.0  Sniffles2.INS.269S11      3   336    (1) + ALR/Alpha      Satellite/centr        1    337    (2)  621  
 1407   12.4  0.4  0.0  Sniffles2.INS.26AS11      3   337    (3) + ALR/Alpha      Satellite/centr        1    336    (2)  622  
   55    0.0  1.9  0.0  Sniffles2.INS.26BS0       1    53    (0) + (AGAA)n        Simple_repeat          1     54    (0)  623  
 1407   10.4  0.5  0.0  Sniffles2.INS.26BS11      1   339    (0) + ALR/Alpha      Satellite/centr        1    340    (1)  624  
 2503    3.6  0.3  1.3  Sniffles2.INS.26BS22      1   312  (165) + L1PA4          LINE/L1             5809   6117   (38)  625  
 1120    6.2  2.4  1.2  Sniffles2.INS.26BS22    311   474    (3) + L1P2           LINE/L1             5624   5789  (366)  626 *
 1407   11.9  0.4  0.0  Sniffles2.INS.26CS11      8   339    (0) + ALR/Alpha      Satellite/centr        1    333    (2)  627  
 1377   11.9  0.4  0.2  Sniffles2.INS.26DS11      8   340    (0) + ALR/Alpha      Satellite/centr        1    333    (2)  628  
   54   22.1  3.2  0.0  Sniffles2.INS.26DSF       2   127    (5) + (AT)n          Simple_repeat          1    130    (0)  629  
 1120   13.4  0.5  0.0  Sniffles2.INS.26ES11      4   340    (3) + ALR/Alpha      Satellite/centr        1    338    (0)  630  
   21   14.4  6.2  0.0  Sniffles2.INS.26ES24      1    48    (2) + (TCC)n         Simple_repeat          1     51    (0)  631  
 1102   14.2  0.3  0.0  Sniffles2.INS.26FS11      4   341    (3) + ALR/Alpha      Satellite/centr        1    339    (0)  632  
 1375   10.0  0.1  0.2  Sniffles2.INS.26FS2       1  1535    (2) C ALR/Alpha      Satellite/centr     (19)   1533      1  633  
   38    9.5  1.4  1.4  Sniffles2.INS.26FSC0      3    72  (496) + (ATGGA)n       Simple_repeat          1     70    (0)  634  
  389   18.4  7.2  6.1  Sniffles2.INS.26FSC0    101   546   (22) C HSATII         Satellite            (2)    451      1  635  
 3009    0.3  0.0  0.0  Sniffles2.INS.26S0       13   328    (1) + AluYb8         SINE/Alu               1    316    (2)  636  
   17   25.4  1.9  0.0  Sniffles2.INS.26S2B       5    56    (3) + (AATGG)n       Simple_repeat          1     53    (0)  637  
  874   14.1  3.3  0.0  Sniffles2.INS.26S2F       5   166    (1) + ALR/Alpha      Satellite/centr        1    167    (0)  638  
  272   22.3  8.9  1.5  Sniffles2.INS.26S5D       1   123    (2) C HSATII         Satellite           (18)    152     21  639  
  866   12.4  0.8  0.0  Sniffles2.INS.26SB0       1   166    (3) + ALR/Alpha      Satellite/centr        1    167    (0)  640  
   24   18.1  0.0  0.0  Sniffles2.INS.26SBD       1    50    (0) + (TCCAT)n       Simple_repeat          1     50    (0)  641  
  125   12.4  1.5  0.0  Sniffles2.INS.271S0       1   203    (1) + (CAC)n         Simple_repeat          1    206    (0)  642  
 1025   11.4  0.3  0.3  Sniffles2.INS.271S11      1   341    (0) + ALR/Alpha      Satellite/centr        1    341    (2)  643  
 1407   13.0  0.5  0.0  Sniffles2.INS.273S11      1   338    (0) + ALR/Alpha      Satellite/centr        1    339    (2)  644  
   38    0.0  8.8  0.0  Sniffles2.INS.274S2       1    57    (0) + (AGAA)n        Simple_repeat          1     62    (0)  645  
 1213   12.8  0.5  0.0  Sniffles2.INS.275S11      7   338    (2) + ALR/Alpha      Satellite/centr        1    333    (4)  646  
  252    2.2  0.0  4.3  Sniffles2.INS.275S18      1    48    (2) + SVA_F          Retroposon/SVA       719    764  (611)  647  
 1253   13.8  0.8  0.0  Sniffles2.INS.276S11      7   677    (3) + ALR/Alpha      Satellite/centr        1    676    (4)  648  
 1273   13.9  1.0  0.1  Sniffles2.INS.277S11      8  1004    (5) + ALR/Alpha      Satellite/centr        1   1005    (0)  649  
 1402   11.9  0.2  0.0  Sniffles2.INS.278S11      1   679    (1) + ALR/Alpha      Satellite/centr        1    680    (2)  650  
 1402   12.3  0.2  0.0  Sniffles2.INS.279S11      1   679    (1) + ALR/Alpha      Satellite/centr        1    680    (2)  651  
 1408   12.4  0.7  0.4  Sniffles2.INS.27AS11      1  1019    (1) + ALR/Alpha      Satellite/centr        1   1022    (2)  652  
 1315   13.6  0.7  0.0  Sniffles2.INS.27CS11      7  1013    (1) + ALR/Alpha      Satellite/centr        1   1013    (0)  653  
   41    1.6  5.6  5.6  Sniffles2.INS.27CS22      1    72    (4) + (TA)n          Simple_repeat          1     72    (0)  654  
  455   16.5  9.4  2.6  Sniffles2.INS.27CSBF      1   106   (33) C L1MB8          LINE/L1            (220)   5958   5846  655  
   14   16.8  7.0  3.4  Sniffles2.INS.27DS18      4    60    (1) + (CCAACCCC)n    Simple_repeat          1     59    (0)  656  
   18   23.6  4.0  0.0  Sniffles2.INS.27DSF       2    51    (6) + (TA)n          Simple_repeat          1     52    (0)  657  
 1235   13.8  0.6  0.0  Sniffles2.INS.27ES11      1  1013    (2) + ALR/Alpha      Satellite/centr        1   1018    (0)  658  
 1049   15.6  0.0  0.3  Sniffles2.INS.27S2F       1   341    (1) + ALR/Alpha      Satellite/centr        1    340    (0)  659  
  816   17.6  0.0  0.0  Sniffles2.INS.27S30       2   171    (0) + ALR/Alpha      Satellite/centr        1    170    (0)  660  
 1288   15.7  1.2  0.9  Sniffles2.INS.27S6F       1  1708    (1) C ALR/Alpha      Satellite/centr     (63)   1713      1  661  
  432   13.2  0.0  0.0  Sniffles2.INS.27S8        1    68    (0) + BSR/Beta       Satellite             64    131    (5)  662  
  711   20.0  0.0  0.0  Sniffles2.INS.27SB0       1   174    (0) + ALR/Alpha      Satellite/centr        1    174    (0)  663  
 1329   13.1  0.9  0.0  Sniffles2.INS.280S11      7  1012    (1) + ALR/Alpha      Satellite/centr        1   1014    (2)  664  
   47    3.2  3.1  0.0  Sniffles2.INS.284S22      2    65    (0) + (AAAG)n        Simple_repeat          1     66    (0)  665  
 1100   13.5  0.5  0.2  Sniffles2.INS.284S23      1   337    (4) C ALR/Alpha      Satellite/centr     (45)    337      1  666  
   30   23.4  4.7  0.0  Sniffles2.INS.285SC0      2    87    (0) + (TA)n          Simple_repeat          1     90    (0)  667  
   45    4.0  2.0  0.0  Sniffles2.INS.286SC0      4    54    (0) + (AT)n          Simple_repeat          1     52    (0)  668  
   37    2.5  2.5  0.0  Sniffles2.INS.287S0      14    53    (0) + (TA)n          Simple_repeat          1     41    (0)  669  
 1298   10.4  0.3  0.0  Sniffles2.INS.287S11      3   339    (0) + ALR/Alpha      Satellite/centr        1    337    (2)  670  
   84    8.9  5.5  3.0  Sniffles2.INS.287SBF      1   164    (0) + (TA)n          Simple_repeat          1    168    (0)  671  
  623    2.6  0.0  0.0  Sniffles2.INS.288S0      10    85    (0) + Alu            SINE/Alu               1     76  (225)  672  
 1066   11.8  0.3  0.0  Sniffles2.INS.288S11      1   336    (4) + ALR/Alpha      Satellite/centr        1    336    (0)  673  
 1402   11.9  0.5  0.2  Sniffles2.INS.28AS11      2   679    (1) + ALR/Alpha      Satellite/centr        1    679    (2)  674  
 1376   12.5  0.2  0.0  Sniffles2.INS.28CS11      1   679    (1) + ALR/Alpha      Satellite/centr        1    680    (2)  675  
 1407   11.4  0.9  0.0  Sniffles2.INS.28DS11      2   674    (0) + ALR/Alpha      Satellite/centr        1    678    (0)  676  
   13    3.6  9.7  3.0  Sniffles2.INS.28DS24    203   233    (5) + (GTGA)n        Simple_repeat          1     33    (0)  677  
  508   20.2 13.5  0.0  Sniffles2.INS.28ESF      34   137    (1) + FLAM_C         SINE/Alu               1    118   (15)  678  
 1191   12.5  1.5  2.6  Sniffles2.INS.28FS11      9   668    (0) + ALR/Alpha      Satellite/centr        1    652    (2)  679  
 1161   14.2  0.8  0.2  Sniffles2.INS.28S2F       2   679    (0) + ALR/Alpha      Satellite/centr        1    681    (0)  680  
  978   13.4  3.2  0.0  Sniffles2.INS.28S30       1   166    (1) + ALR/Alpha      Satellite/centr        1    171    (0)  681  
  683   17.5  8.2  0.8  Sniffles2.INS.28S33       1   219    (1) + L1M5           LINE/L1             2752   2986 (3160)  682  
   27   18.1  0.0  0.0  Sniffles2.INS.28SBD       4    59    (1) + (TCCAT)n       Simple_repeat          1     56    (0)  683  
 1282   11.3  0.8  0.0  Sniffles2.INS.291S11      1   338    (1) + ALR/Alpha      Satellite/centr        1    340    (1)  684  
   54    6.1  0.0  0.0  Sniffles2.INS.291S2       1    69    (1) + (A)n           Simple_repeat          1     69    (0)  685  
 1270   13.6  0.6  0.0  Sniffles2.INS.292S11      2   338    (1) + ALR/Alpha      Satellite/centr        1    339    (2)  686  
 1120   11.0  0.3  0.0  Sniffles2.INS.295S11      1   339    (0) + ALR/Alpha      Satellite/centr        1    339    (0)  687  
  536   17.7  7.1  1.5  Sniffles2.INS.295S22      1  1493    (0) + (GATGA)n       Simple_repeat          1   1575    (0)  688  
 1067   14.7  0.3  0.0  Sniffles2.INS.296S11      4   339    (5) + ALR/Alpha      Satellite/centr        1    337    (0)  689  
 1402   11.9  0.2  0.0  Sniffles2.INS.297S11      1   679    (1) + ALR/Alpha      Satellite/centr        1    680    (2)  690  
   57   15.3  1.0  1.0  Sniffles2.INS.298S37      8   110    (2) + (AT)n          Simple_repeat          1    103    (0)  691  
  858    8.1  6.5  0.0  Sniffles2.INS.298SC0      1   124    (0) C LTR12B         LTR/ERV1            (84)    583    452  692  
 1407   12.4  0.4  0.0  Sniffles2.INS.29BS11      3   337    (3) + ALR/Alpha      Satellite/centr        1    336    (2)  693  
  602   12.2  9.6  1.6  Sniffles2.INS.29BS22      4  1520    (1) + A-rich         Low_complexity         1   1636    (0)  694  
   46    0.0  0.0  7.0  Sniffles2.INS.29DSF      10    70   (31) + (CTCTCTCACC)n  Simple_repeat          1     57    (0)  695  
   33    7.0  0.0  0.0  Sniffles2.INS.29ES25     18    62    (1) + (ATGGTGATG)n   Simple_repeat          1     45    (0)  696  
  866   16.4  1.0  1.0  Sniffles2.INS.29FS33      1   341    (1) + ALR/Alpha      Satellite/centr        1    341    (0)  697  
  460   11.4  0.0  0.0  Sniffles2.INS.29S15       3    72    (0) + HSATII         Satellite             10     79   (91)  698  
  921   15.7  0.0  1.2  Sniffles2.INS.29S30       6   173    (0) + ALR/Alpha      Satellite/centr        3    168    (3)  699  
   47   22.9  0.9  0.0  Sniffles2.INS.29S5D       3   114    (0) + (GAATG)n       Simple_repeat          1    113    (0)  700  
 1429   10.4  0.5  0.0  Sniffles2.INS.2A2S11      3   339    (0) + ALR/Alpha      Satellite/centr        1    338    (2)  701  
 1213   12.8  0.5  0.0  Sniffles2.INS.2A3S11      7   338    (2) + ALR/Alpha      Satellite/centr        1    333    (4)  702  
 1158   14.6  0.6  0.1  Sniffles2.INS.2A4S33      1  1358    (2) + ALR/Alpha      Satellite/centr        1   1365    (0)  703  
 1154   13.5  0.5  0.4  Sniffles2.INS.2A8S33      1   681    (0) + ALR/Alpha      Satellite/centr        1    681    (0)  704  
 1314   12.2  0.4  0.0  Sniffles2.INS.2A9S11      1   339    (1) + ALR/Alpha      Satellite/centr        1    340    (2)  705  
   72    0.0  0.0  0.0  Sniffles2.INS.2A9S37      1    64    (0) + (T)n           Simple_repeat          1     64    (0)  706  
  849    8.1  6.5  0.0  Sniffles2.INS.2A9SC0      1   124    (0) C LTR12B         LTR/ERV1            (43)    624    493  707  
 1646    8.5  2.8  1.4  Sniffles2.INS.2AAS0       1  2827   (19) + (AGGGAGGA)n    Simple_repeat          1   2867    (0)  708  
 1314   12.8  0.7  0.0  Sniffles2.INS.2AAS11      1   338    (0) + ALR/Alpha      Satellite/centr        1    340    (1)  709  
 1314   12.2  0.4  0.0  Sniffles2.INS.2ABS11      1   339    (1) + ALR/Alpha      Satellite/centr        1    340    (2)  710  
  891   17.3  0.6  0.0  Sniffles2.INS.2ABS33      2   169    (1) + ALR/Alpha      Satellite/centr        3    171    (0)  711  
 1270   12.4  0.4  0.2  Sniffles2.INS.2ADS11      2   339    (1) + ALR/Alpha      Satellite/centr        1    338    (0)  712  
  401    5.6  0.4  1.6  Sniffles2.INS.2ADS5       1   502    (1) + (CCTGGTTC)n    Simple_repeat          1    496    (0)  713  
 1066   11.8  0.3  0.0  Sniffles2.INS.2AFS11      1   336    (4) + ALR/Alpha      Satellite/centr        1    336    (0)  714  
 1035   15.5  1.4  0.9  Sniffles2.INS.2AFS33      1   332    (8) + ALR/Alpha      Satellite/centr        1    333    (2)  715  
   23   23.2  0.0  0.0  Sniffles2.INS.2AS16       4    59    (2) + (GGAGT)n       Simple_repeat          1     56    (0)  716  
   54    9.8  0.0  0.0  Sniffles2.INS.2AS25       2    80    (0) + (GAG)n         Simple_repeat          1     79    (0)  717  
  458   15.2 11.8  1.4  Sniffles2.INS.2AS2B       9   135   (13) C HSATII         Satellite           (30)    140      1  718  
  942   15.1  0.0  0.0  Sniffles2.INS.2AS30       1   167    (4) + ALR/Alpha      Satellite/centr        1    167    (1)  719  
  838   18.4  0.9  0.2  Sniffles2.INS.2AS6F       1   338    (1) C ALR/Alpha      Satellite/centr     (62)    340      1  720  
  529    8.7  0.0  0.0  Sniffles2.INS.2AS8        1    69  (317) + BSR/Beta       Satellite             30     98   (38)  721  
 2791    2.3  0.0  0.0  Sniffles2.INS.2AS8       85   386    (0) + AluYb8         SINE/Alu               1    302   (16)  722  
 1179   14.2  0.2  0.3  Sniffles2.INS.2ASB0       1   850    (5) + ALR/Alpha      Satellite/centr        1    849    (0)  723  
 1140   14.1  1.0  0.3  Sniffles2.INS.2B0S33      1  1018    (1) + ALR/Alpha      Satellite/centr        1   1025    (0)  724  
   13   14.9  5.1  2.5  Sniffles2.INS.2B0S37     36    74   (39) + (TTTATCA)n     Simple_repeat          1     40    (0)  725  
 1105   11.2  1.1  0.7  Sniffles2.INS.2B1S11      1   339    (0) + ALR/Alpha      Satellite/centr        1    340    (0)  726  
   19   20.5  3.9  0.0  Sniffles2.INS.2B2SF       1    51    (0) + (CGC)n         Simple_repeat          1     53    (0)  727  
   69    9.5  6.9  4.3  Sniffles2.INS.2B3S24      8   167    (3) + (CA)n          Simple_repeat          1    164    (0)  728  
   20   18.1  7.0  0.0  Sniffles2.INS.2B3SF       7    63    (4) + (CGC)n         Simple_repeat          1     61    (0)  729  
  841   16.1  1.0  1.2  Sniffles2.INS.2B4S33      1   342    (1) + ALR/Alpha      Satellite/centr        1    341    (0)  730  
  632   14.6  6.5  0.8  Sniffles2.INS.2B5SC0      1   124    (1) C LTR12B         LTR/ERV1            (95)    572    442  731  
 2467    6.9  2.6  6.7  Sniffles2.INS.2B7SC0      1  2619    (8) C LTR12B         LTR/ERV1             (0)    826    318  732  
 1164   16.1  0.8  0.0  Sniffles2.INS.2B8S11     10   337    (1) + ALR/Alpha      Satellite/centr        1    330    (2)  733  
 2437    6.9  2.6  6.7  Sniffles2.INS.2B8SC0      1  2623    (1) C LTR12B         LTR/ERV1             (0)    826    318  734  
 1270   12.2  0.4  0.4  Sniffles2.INS.2BAS11      1   338    (3) + ALR/Alpha      Satellite/centr        1    337    (0)  735  
 1214   12.8  0.4  0.3  Sniffles2.INS.2BBS11      7   676    (4) + ALR/Alpha      Satellite/centr        1    670    (2)  736  
  255    0.0  0.0  6.2  Sniffles2.INS.2BBSF       1    51    (1) + SVA_F          Retroposon/SVA       704    751  (624)  737  
 1229   15.8  0.7  0.0  Sniffles2.INS.2BFS11      9   338    (1) + ALR/Alpha      Satellite/centr        1    332    (2)  738  
  289   21.6  0.0  0.0  Sniffles2.INS.2BS2B       1    51    (6) + AluYh7         SINE/Alu             229    279   (32)  739  
 1005   13.7  1.3  0.4  Sniffles2.INS.2BS2F       1   337    (1) + ALR/Alpha      Satellite/centr        1    339    (0)  740  
  374    8.3  0.0  0.0  Sniffles2.INS.2BS4        3    50    (0) C Alu            SINE/Alu            (89)    213    166  741  
  922   17.7  0.4  0.2  Sniffles2.INS.2BS6F       1   511    (0) C ALR/Alpha      Satellite/centr     (47)    512      1  742  
 1043   11.7  1.1  0.5  Sniffles2.INS.2BS8        2  1015    (0) + BSR/Beta       Satellite              1   1020    (1)  743  
  841   16.4  0.0  0.0  Sniffles2.INS.2BSB0       5   168    (0) + ALR/Alpha      Satellite/centr        1    164    (0)  744  
   23   29.4  0.0  0.0  Sniffles2.INS.2BSBD       6    79    (6) + (TCCAT)n       Simple_repeat          1     74    (0)  745  
 1407   11.6  0.3  0.0  Sniffles2.INS.2C0S11      6   679    (0) + ALR/Alpha      Satellite/centr        1    676    (0)  746  
   56   28.4  3.1  3.0  Sniffles2.INS.2C0S18      4   180    (0) + GA-rich        Low_complexity         1    177    (0)  747  
 2427    6.6  2.3  7.8  Sniffles2.INS.2C3SC0      1  2619    (1) C LTR12B         LTR/ERV1             (0)    688    335  748  
   44    4.1  7.2  5.3  Sniffles2.INS.2C4S37      6   116   (10) + (TA)n          Simple_repeat          1    113    (0)  749  
   22   10.0  1.5 11.5  Sniffles2.INS.2C7S0       2    68    (0) + (TGTACA)n      Simple_repeat          1     61    (0)  750  
 1021   15.2  0.4  0.0  Sniffles2.INS.2C7S11      7   333    (6) + ALR/Alpha      Satellite/centr        1    328    (0)  751  
   66    9.8  4.6  0.0  Sniffles2.INS.2C8S37      1   131    (0) + (TA)n          Simple_repeat          1    137    (0)  752  
 1429   10.4  0.5  0.0  Sniffles2.INS.2CAS11      8   339    (2) + ALR/Alpha      Satellite/centr        1    333    (2)  753  
  562    5.4  5.4  0.0  Sniffles2.INS.2CBSF       5    78    (3) C AluY           SINE/Alu           (105)    196    119  754  
  906   14.1  3.8  3.8  Sniffles2.INS.2CS15       1   312    (2) + HSATII         Satellite              1    311    (0)  755  
   40   10.0  1.3  1.3  Sniffles2.INS.2CS16       1    77  (397) + (TGGAA)n       Simple_repeat          1     77    (0)  756  
   30   18.0  3.9  1.3  Sniffles2.INS.2CS16     161   237  (237) + (GAATG)n       Simple_repeat          1     79    (0)  757  
  377   19.4  4.2  0.0  Sniffles2.INS.2CS16     238   309  (165) + AluYk2         SINE/Alu             224    298   (13)  758 *
  632   13.5  5.0  3.7  Sniffles2.INS.2CS16     302   462   (12) C HSATII         Satellite            (7)    163      1  759  
  373    6.2  4.2  0.0  Sniffles2.INS.2CS25      31    78  (260) + MLT1D          LTR/ERVL-MaLR          1     50  (455)  760  
  272   10.4  3.9  6.0  Sniffles2.INS.2CS25      80   130  (208) + MLT1D          LTR/ERVL-MaLR          1     50  (455)  760  
  333   10.4  4.2  0.0  Sniffles2.INS.2CS25     132   179  (159) + MLT1D          LTR/ERVL-MaLR          1     50  (455)  760  
  373    6.2  4.2  0.0  Sniffles2.INS.2CS25     181   228  (110) + MLT1D          LTR/ERVL-MaLR          1     50  (455)  760  
  286    7.5  7.5  0.0  Sniffles2.INS.2CS25     233   272   (66) + MLT1D          LTR/ERVL-MaLR          8     50  (455)  760  
  332   20.0  0.0  0.0  Sniffles2.INS.2CS2B       1    55    (0) + AluYa5         SINE/Alu             225    279   (32)  761  
 1099   13.1  0.8  1.9  Sniffles2.INS.2CS30       2   505    (4) + ALR/Alpha      Satellite/centr        1    498    (0)  762  
 1201   14.1  0.3  0.1  Sniffles2.INS.2CS6F       1   681    (0) C ALR/Alpha      Satellite/centr     (42)    682      1  763  
 1039   13.3  0.2  0.6  Sniffles2.INS.2CS8        4  1368    (0) + BSR/Beta       Satellite              1   1359    (0)  764  
   19   20.3  0.0  0.0  Sniffles2.INS.2CSBD       1    45  (135) + (TCCAT)n       Simple_repeat          1     45    (0)  765  
   52   10.3  0.0  0.0  Sniffles2.INS.2CSBD      54   136   (44) + (ATTCC)n       Simple_repeat          1     83    (0)  766  
  124   17.8  4.1  2.8  Sniffles2.INS.2D3S0       2   317    (0) + (AT)n          Simple_repeat          1    320    (0)  767  
 1059   13.8  0.3  0.0  Sniffles2.INS.2D7S33      3   497   (11) + ALR/Alpha      Satellite/centr        1    496    (0)  768  
   30    2.1  8.3  0.0  Sniffles2.INS.2D7S37      6    53    (1) + (CATATATTAG)n  Simple_repeat          1     52    (0)  769  
 1287   10.5  0.6  0.0  Sniffles2.INS.2D9S37      2   182    (0) C L1P2           LINE/L1           (4150)   2034   1853  770  
  146   14.7  0.0  0.0  Sniffles2.INS.2D9SBF      1   236    (0) + (G)n           Simple_repeat          1    236    (0)  771  
   56    2.0  0.0  0.0  Sniffles2.INS.2D9SF       1    52    (3) + (AG)n          Simple_repeat          1     52    (0)  772  
 1225   12.8  0.5  0.1  Sniffles2.INS.2DAS11      1   677    (3) + ALR/Alpha      Satellite/centr        1    679    (4)  773  
 1229   15.1  0.7  0.0  Sniffles2.INS.2DBS11      9   338    (1) + ALR/Alpha      Satellite/centr        1    332    (2)  774  
  234    8.2 14.0  1.8  Sniffles2.INS.2DCSF      26    75    (1) + L1P2           LINE/L1             1928   1983 (4201)  775  
  589   17.2  0.9  1.1  Sniffles2.INS.2DDS0       1   169    (0) C AluJb          SINE/Alu             (1)    301      2  776  
   40    0.0  3.4  3.4  Sniffles2.INS.2DES22      1    59    (0) + (AAAG)n        Simple_repeat          1     59    (0)  777  
   17   22.4  0.0  0.0  Sniffles2.INS.2DFS18      6    47    (3) + (CTCT)n        Simple_repeat          1     42    (0)  778  
   39   11.8  0.0  8.8  Sniffles2.INS.2DFS35      1    87    (1) + (TA)n          Simple_repeat          1     80    (0)  779  
 1468    8.1  3.2  9.4  Sniffles2.INS.2DFSC0      1   247    (3) C LTR12B         LTR/ERV1            (50)    617    385  780  
  736   12.1  2.6  0.0  Sniffles2.INS.2DS15       1   116    (2) + HSATII         Satellite              3    121   (49)  781  
   45   16.2  0.0  0.0  Sniffles2.INS.2DS16       2    84    (0) + (TGGAA)n       Simple_repeat          1     83    (0)  782  
  359    8.3  4.2  0.0  Sniffles2.INS.2DS25       9    56  (428) + MLT1D          LTR/ERVL-MaLR          1     50  (455)  783  
  288   10.5  3.8 10.0  Sniffles2.INS.2DS25      58   110  (374) + MLT1D          LTR/ERVL-MaLR          1     50  (455)  783  
  348    8.3  4.2  0.0  Sniffles2.INS.2DS25     160   207  (277) + MLT1D          LTR/ERVL-MaLR          1     50  (455)  784  
  383    4.2  4.2  0.0  Sniffles2.INS.2DS25     209   256  (228) + MLT1D          LTR/ERVL-MaLR          1     50  (455)  784  
  304    8.4  3.9  8.0  Sniffles2.INS.2DS25     258   309  (175) + MLT1D          LTR/ERVL-MaLR          1     50  (455)  784  
  313   12.5  4.2  0.0  Sniffles2.INS.2DS25     311   358  (126) + MLT1D          LTR/ERVL-MaLR          1     50  (455)  784  
  349    6.4  4.3  0.0  Sniffles2.INS.2DS25     360   406   (78) + MLT1D          LTR/ERVL-MaLR          1     49  (456)  784  
  243   19.1  4.3  0.0  Sniffles2.INS.2DS25     408   454   (30) + MLT1D          LTR/ERVL-MaLR          1     49  (456)  784  
  840   15.4  0.0  0.8  Sniffles2.INS.2DS30       1   170    (1) + ALR/Alpha      Satellite/centr        1    168    (0)  785  
  772   17.7  0.0  0.0  Sniffles2.INS.2DSB0       3   166    (5) + ALR/Alpha      Satellite/centr        1    164    (0)  786  
   38    6.4  0.0  0.0  Sniffles2.INS.2DSBD       1    49    (1) + (CCATT)n       Simple_repeat          1     49    (0)  787  
   37   13.6  7.5  2.0  Sniffles2.INS.2E0S24      1    93    (1) + (TG)n          Simple_repeat          1     98    (0)  788  
  840    8.9  6.5  0.0  Sniffles2.INS.2E0SC0      1   124    (1) C LTR12B         LTR/ERV1            (88)    579    448  789  
 1658    7.5  8.5  7.7  Sniffles2.INS.2E1SC0      1   373    (1) C LTR12B         LTR/ERV1             (0)    667    335  790  
  511   21.6  2.2  2.8  Sniffles2.INS.2E3S18      9  1334    (0) + (CCTC)n        Simple_repeat          1   1318    (0)  791  
 1253   12.5  0.5  0.0  Sniffles2.INS.2E4S11      1   675    (3) + ALR/Alpha      Satellite/centr        1    678    (2)  792  
   53    0.0  5.9  2.9  Sniffles2.INS.2E4S22      5    72    (1) + (AT)n          Simple_repeat          1     70    (0)  793  
 1046   12.2  0.6  0.0  Sniffles2.INS.2E5S11      1   335    (3) + ALR/Alpha      Satellite/centr        1    336    (0)  794  
 1220   13.0  0.5  0.0  Sniffles2.INS.2E6S11      6   337    (2) + ALR/Alpha      Satellite/centr        1    333    (2)  795  
  251   23.5  2.9  1.4  Sniffles2.INS.2E6S18   4200  4268 (2488) + MIRb           SINE/MIR              75    144  (124)  796  
  794   24.1  0.0  0.0  Sniffles2.INS.2E6S18   4629  4786 (1970) + ERVL-B4-int    LTR/ERVL            1162   1319 (4395)  797  
  453    9.8 11.1  0.0  Sniffles2.INS.2E6S18   4789  4893 (1863) C FRAM           SINE/Alu             (0)    302    102  798  
 1538   20.8  0.6  6.8  Sniffles2.INS.2E6S18   4922  5251 (1505) + SVA_A          Retroposon/SVA         1    311 (1076)  799 *
 2415    8.4  0.0  0.0  Sniffles2.INS.2E6S18   4973  5268 (1488) C AluSx1         SINE/Alu            (10)    302      7  800  
  826   26.7  0.0  1.0  Sniffles2.INS.2E6S18   5270  5477 (1279) + ERVL-B4-int    LTR/ERVL            2538   2743 (2971)  797  
 2926    9.7  1.7  0.9  Sniffles2.INS.2E6S18   5478  5894  (862) + L1PA10         LINE/L1             5744   6163    (5)  801  
   15    7.5  3.6  0.0  Sniffles2.INS.2E6S18   5905  5932  (824) + (AAAAT)n       Simple_repeat          1     29    (0)  802  
 1259   22.3  1.6  0.0  Sniffles2.INS.2E6S18   5933  6179  (577) + ERVL-B4-int    LTR/ERVL            2727   2977 (2737)  797  
 2021   10.4  4.1  0.3  Sniffles2.INS.2E6S18   6180  6469  (287) C AluSx          SINE/Alu            (11)    301      1  803  
  440   19.7  1.3  0.0  Sniffles2.INS.2E6S18   6473  6548  (208) + ERVL-B4-int    LTR/ERVL            2969   3045 (2669)  797  
 1690    9.2  0.0  0.0  Sniffles2.INS.2E6S18   6550  6756    (0) + AluSx3         SINE/Alu               1    207  (104)  804  
   23    0.0  0.0  0.0  Sniffles2.INS.2E6S22     22    46    (8) + (A)n           Simple_repeat          1     25    (0)  805  
 1240   12.4  0.9  0.1  Sniffles2.INS.2E7S11      7   674    (3) + ALR/Alpha      Satellite/centr        1    673    (2)  806  
   27    6.8  4.3  0.0  Sniffles2.INS.2E7S22     24    70    (7) + (TATACACGTA)n  Simple_repeat          1     49    (0)  807  
   14   27.4  0.0  2.0  Sniffles2.INS.2E7SF       5    54    (5) + A-rich         Low_complexity         1     49    (0)  808  
  395    6.9 12.3  1.2  Sniffles2.INS.2E8SBF      4    76    (0) + AluSx          SINE/Alu             115    195  (107)  809  
   38    9.1  1.7  0.0  Sniffles2.INS.2EAS0       1    60    (0) + (GAAGAA)n      Simple_repeat          1     61    (0)  810  
 1173   13.1  0.7  0.0  Sniffles2.INS.2ECS11      1   337    (1) + ALR/Alpha      Satellite/centr        1    339    (0)  811  
   14   15.7  4.3  4.3  Sniffles2.INS.2EDS37     23    68   (45) + (TGTA)n        Simple_repeat          1     46    (0)  812  
  241   18.4  0.0  0.0  Sniffles2.INS.2ES2B      24    61    (0) + Alu            SINE/Alu              89    126   (40)  813  
   35    0.0  0.0  0.0  Sniffles2.INS.2ES2F       1    33  (744) + (T)n           Simple_repeat          1     33    (0)  814  
 5785    1.7  0.5  0.0  Sniffles2.INS.2ES2F     119   777    (0) C L1HS           LINE/L1              (0)   6155   5494  815  
  902   17.5  1.6  0.4  Sniffles2.INS.2ES30       1   381    (0) + ALR/Alpha      Satellite/centr        1    385    (0)  816  
  818   17.9  1.2  0.0  Sniffles2.INS.2ES6F       7   168    (1) C ALR/Alpha      Satellite/centr      (5)    166      3  817  
 1113   14.1  0.6  0.0  Sniffles2.INS.2F0S33      1   677    (3) + ALR/Alpha      Satellite/centr        1    680    (0)  818  
   32    0.0  3.9  6.0  Sniffles2.INS.2F4S35      1    51    (1) + (TTTC)n        Simple_repeat          1     50    (0)  819  
 1341   13.2  0.5  0.1  Sniffles2.INS.2F7S23      1  6779    (8) + ALR/Alpha      Satellite/centr        1   6800    (1)  820  
   31    0.0  7.5  0.0  Sniffles2.INS.2FAS24     32    71    (6) + (TATC)n        Simple_repeat          1     43    (0)  821  
   31    4.6  4.4  0.0  Sniffles2.INS.2FCS0       7    51    (1) + (ATAG)n        Simple_repeat          1     47    (0)  822  
 1158   14.0  1.1  0.1  Sniffles2.INS.2FDS33      4  1191    (0) + ALR/Alpha      Satellite/centr        1   1199    (0)  823  
   59    0.0  1.9  0.0  Sniffles2.INS.2FESF       1    54    (0) + (AT)n          Simple_repeat          1     55    (0)  824  
   40    0.0  4.5  0.0  Sniffles2.INS.2FFS0       5    48    (3) + (AGAA)n        Simple_repeat          1     46    (0)  825  
  303    4.9  4.9  0.0  Sniffles2.INS.2FS25       1    41  (543) + MLT1D          LTR/ERVL-MaLR          7     49  (456)  826  
  243   19.1  4.3  0.0  Sniffles2.INS.2FS25      43    89  (495) + MLT1D          LTR/ERVL-MaLR          1     49  (456)  826  
  313   12.5  4.2  0.0  Sniffles2.INS.2FS25      91   138  (446) + MLT1D          LTR/ERVL-MaLR          1     50  (455)  826  
  348    8.3  4.2  0.0  Sniffles2.INS.2FS25     140   187  (397) + MLT1D          LTR/ERVL-MaLR          1     50  (455)  826  
  323    8.9  4.4  0.0  Sniffles2.INS.2FS25     191   235  (349) + MLT1D          LTR/ERVL-MaLR          3     49  (456)  826  
  368    4.3  4.3  0.0  Sniffles2.INS.2FS25     237   283  (301) + MLT1D          LTR/ERVL-MaLR          1     49  (456)  826  
  342    8.3  4.2  0.0  Sniffles2.INS.2FS25     285   332  (252) + MLT1D          LTR/ERVL-MaLR          1     50  (455)  826  
  353    6.2  4.2  0.0  Sniffles2.INS.2FS25     334   381  (203) + MLT1D          LTR/ERVL-MaLR          1     50  (455)  826  
  342    8.3  4.2  0.0  Sniffles2.INS.2FS25     383   430  (154) + MLT1D          LTR/ERVL-MaLR          1     50  (455)  826  
  332    8.5  4.3  0.0  Sniffles2.INS.2FS25     433   479  (105) + MLT1D          LTR/ERVL-MaLR          2     50  (455)  826  
  366    6.2  4.2  0.0  Sniffles2.INS.2FS25     481   528   (56) + MLT1D          LTR/ERVL-MaLR          1     50  (455)  826  
  336    8.3  4.2  0.0  Sniffles2.INS.2FS25     530   577    (7) + MLT1D          LTR/ERVL-MaLR          1     50  (455)  826  
  349   17.3  0.0  0.0  Sniffles2.INS.2FS2B       5    56    (4) + Alu            SINE/Alu              89    140   (26)  827  
 1077   14.7  0.0  0.0  Sniffles2.INS.2FS2F       1   341    (1) + ALR/Alpha      Satellite/centr        1    341    (0)  828  
 1022   16.6  0.5  0.0  Sniffles2.INS.2FS6F       2   510    (0) C ALR/Alpha      Satellite/centr     (11)    511      1  829  
 1048   16.0  0.5  0.0  Sniffles2.INS.2FSB0       2   337    (1) + ALR/Alpha      Satellite/centr        1    337    (0)  830  
  524   18.9  3.7  6.5  Sniffles2.INS.2FSBD       2   767   (18) + HSATII         Satellite              1    744    (7)  831  
 2930    1.3  0.0  0.0  Sniffles2.INS.2S2A       10   323    (0) C AluYb8         SINE/Alu             (3)    315      2  832  
  392   15.8 11.2  3.8  Sniffles2.INS.2S2C        3   202   (23) + HSATII         Satellite              1    214    (4)  833  
 1156   14.3  0.8  0.6  Sniffles2.INS.2S30        1  2048    (2) + ALR/Alpha      Satellite/centr        1   2051    (0)  834  
   63    8.8  2.6  3.5  Sniffles2.INS.2S37        4   119    (2) + (CCCTAA)n      Simple_repeat          1    115    (0)  835  
 1218   14.1  0.5  0.0  Sniffles2.INS.2S45       11   845    (0) + ALR/Alpha      Satellite/centr        1    838    (0)  836  
  931   12.6  0.8  0.0  Sniffles2.INS.2S5D        1   169    (1) + ALR/Alpha      Satellite/centr        1    170    (0)  837  
 1155   14.1  1.2  0.5  Sniffles2.INS.2S6         1  2539    (0) + ALR/Alpha      Satellite/centr        1   2554    (8)  838  
  488   17.2  3.9  1.1  Sniffles2.INS.2S8         3   193    (4) + BSR/Beta       Satellite              1    196   (48)  839  
  900    1.0  0.0  0.0  Sniffles2.INS.2SA5       14   109   (11) + AluYb8         SINE/Alu             213    308   (10)  840  
   29   17.3  0.0  0.0  Sniffles2.INS.2SA7        2    53    (1) + (TC)n          Simple_repeat          1     52    (0)  841  
  768   11.2  0.0  0.0  Sniffles2.INS.2SBE        1   385    (0) + CER            Satellite              1    385    (0)  842  
   55    5.7  3.9  4.9  Sniffles2.INS.301S0       1   103    (0) + (AGGA)n        Simple_repeat          1    102    (0)  843  
  244   21.6  0.0  9.2  Sniffles2.INS.301S5       2   111   (79) C MER101         LTR/ERV1           (206)    268    165  844 *
  275   24.0  0.0  1.3  Sniffles2.INS.301S5     110   185    (5) C MER101         LTR/ERV1           (235)    239    165  845  
 1158   14.0  0.7  0.3  Sniffles2.INS.303S33      1  1192    (0) + ALR/Alpha      Satellite/centr        1   1196    (0)  846  
  103    0.0  0.0  0.0  Sniffles2.INS.303S37      1    90    (0) + (G)n           Simple_repeat          1     90    (0)  847  
  966   13.5  0.6  0.0  Sniffles2.INS.305S33      1   163    (9) + ALR/Alpha      Satellite/centr        8    171    (0)  848  
  287    2.1  0.0  2.1  Sniffles2.INS.305SF       1    48    (2) + SVA_F          Retroposon/SVA       705    751  (624)  849  
  233    8.7 19.1  1.8  Sniffles2.INS.306S0       1    47   (14) C AluSx          SINE/Alu           (150)    152     98  850  
  303    2.1  0.0  0.0  Sniffles2.INS.307SF       1    47    (3) + SVA_F          Retroposon/SVA       684    730  (645)  851  
  366   16.2  5.8  1.4  Sniffles2.INS.308S35      6    74    (1) + Alu            SINE/Alu             172    243   (59)  852  
   27   13.4  4.0  0.0  Sniffles2.INS.309S22      2    51    (5) + (TA)n          Simple_repeat          1     52    (0)  853  
  293   30.5  4.6  4.0  Sniffles2.INS.30BSC0    901  1074 (1307) C L3             LINE/CR1          (1631)   2468   2294  854  
   43    4.0  7.1  3.5  Sniffles2.INS.30FSC0      1    86    (1) + (ATATATA)n     Simple_repeat          1     89    (0)  855  
 1035   13.3  1.3  0.0  Sniffles2.INS.30S2F       1   337    (1) + ALR/Alpha      Satellite/centr        1    341    (0)  856  
 1098   13.3  0.7  0.3  Sniffles2.INS.30S30       1   332    (7) + ALR/Alpha      Satellite/centr        1    333    (0)  857  
   34   14.4  0.0  0.0  Sniffles2.INS.30S31      13    66    (0) + (A)n           Simple_repeat          1     54    (0)  858  
  300   21.0  2.5  0.0  Sniffles2.INS.30S3A       4    84    (2) C L1M5           LINE/L1           (3323)   2823   2741  859  
  446   10.4  0.0  1.5  Sniffles2.INS.30S8        1    68    (1) + BSR/Beta       Satellite             49    115   (21)  860  
 1082   14.0  0.6  0.1  Sniffles2.INS.30SB0       1   681    (0) + ALR/Alpha      Satellite/centr        1    684    (0)  861  
   12   26.9  2.2  0.0  Sniffles2.INS.310S18     79   123  (122) + (GTTTTT)n      Simple_repeat          1     46    (0)  862  
   22    8.1  5.0  0.0  Sniffles2.INS.315S0      17    56    (0) + (TCTC)n        Simple_repeat          1     42    (0)  863  
   14   26.7  0.0  2.2  Sniffles2.INS.317S11      5    51    (1) + (ATAT)n        Simple_repeat          1     46    (0)  864  
  262   11.3  9.4  0.0  Sniffles2.INS.318S0      12    64    (0) + HERVP71A-int   LTR/ERV1            1136   1193 (6397)  865  
   28   11.1  0.0  0.0  Sniffles2.INS.319S11      4    52    (0) + (T)n           Simple_repeat          1     49    (0)  866  
  527   17.9  8.0  8.5  Sniffles2.INS.319SC0     18   371 (6194) C HSATII         Satellite            (7)    352      1  867  
   28   22.9  1.4  0.0  Sniffles2.INS.319SC0    372   440 (6125) + (GAATG)n       Satellite              1     70    (0)  868  
  498   19.6  6.1  5.5  Sniffles2.INS.319SC0    441  1018 (5547) C HSATII         Satellite            (7)    581      1  869  
   30   26.2  0.0  0.0  Sniffles2.INS.319SC0   1019  1097 (5468) + (AATGG)n       Simple_repeat          1     79    (0)  870  
  387   22.1  5.1  5.5  Sniffles2.INS.319SC0   1098  1377 (5188) C HSATII         Satellite            (7)    278      1  871  
   47   18.4  0.0  0.0  Sniffles2.INS.319SC0   1381  1472 (5093) + (GAGTG)n       Simple_repeat          1     92    (0)  872  
  439   21.1  6.2  5.2  Sniffles2.INS.319SC0   1473  1940 (4625) C HSATII         Satellite            (4)    473      1  873  
   23   17.0  0.0  0.0  Sniffles2.INS.319SC0   1941  1986 (4579) + (AGTGG)n       Simple_repeat          1     46    (0)  874  
  628   16.3  6.8  3.1  Sniffles2.INS.319SC0   1987  2299 (4266) C HSATII         Satellite            (4)    324      1  875  
   41   27.8  0.0  0.0  Sniffles2.INS.319SC0   2301  2413 (4152) + (GTGGA)n       Simple_repeat          1    113    (0)  876  
  413   22.1  4.5  6.2  Sniffles2.INS.319SC0   2414  2856 (3709) C HSATII         Satellite           (33)    435      1  877  
   60   19.4  0.0  0.0  Sniffles2.INS.319SC0   2858  2976 (3589) + (AGTGG)n       Simple_repeat          1    119    (0)  878  
  471   18.3  4.0  8.4  Sniffles2.INS.319SC0   2979  3151 (3414) C HSATII         Satellite            (4)    166      1  879  
   60   16.6  0.0  0.0  Sniffles2.INS.319SC0   3154  3262 (3303) + (TGGAG)n       Simple_repeat          1    109    (0)  880  
  418   19.9  9.1  5.8  Sniffles2.INS.319SC0   3266  3554 (3011) C HSATII         Satellite            (7)    298      1  881  
   30   27.2  0.0  0.0  Sniffles2.INS.319SC0   3557  3640 (2925) + (TGGAA)n       Simple_repeat          1     84    (0)  882  
  479   19.2  5.0  8.7  Sniffles2.INS.319SC0   3641  4165 (2400) C HSATII         Satellite            (4)    505      1  883  
  488   18.4  6.2  6.6  Sniffles2.INS.319SC0   4214  4760 (1805) C HSATII         Satellite            (4)    544      1  883  
   61   23.5  0.0  0.0  Sniffles2.INS.319SC0   4762  4899 (1666) + (GTGGA)n       Simple_repeat          1    138    (0)  884  
  468   19.2  2.5  9.8  Sniffles2.INS.319SC0   4900  5354 (1211) C HSATII         Satellite            (7)    421      1  885  
   41   25.7  0.0  0.0  Sniffles2.INS.319SC0   5355  5460 (1105) + (GGAGT)n       Simple_repeat          1    106    (0)  886  
  362   21.2  3.3 10.0  Sniffles2.INS.319SC0   5464  5896  (669) C HSATII         Satellite           (36)    403      1  887  
   55   21.5  0.8  0.0  Sniffles2.INS.319SC0   5897  6019  (546) + (AGTGG)n       Simple_repeat          1    124    (0)  888  
  544   16.3 10.7  2.5  Sniffles2.INS.319SC0   6020  6265  (300) C HSATII         Satellite            (7)    266      1  889  
   21    6.5  0.0  0.0  Sniffles2.INS.319SC0   6267  6298  (267) + (TGGAG)n       Simple_repeat          1     32    (0)  890  
  238   22.2  6.2  4.3  Sniffles2.INS.319SC0   6299  6458  (107) C HSATII         Satellite            (7)    163      1  891  
   38   24.2  0.0  0.0  Sniffles2.INS.319SC0   6459  6564    (1) + (GGAGT)n       Simple_repeat          1    106    (0)  892  
   45    8.7  1.3  2.6  Sniffles2.INS.31FSF       1    78   (26) + (AT)n          Simple_repeat          1     77    (0)  893  
  480   16.8  5.0 10.9  Sniffles2.INS.31S58       2   916    (8) C HSATII         Satellite           (12)    861      1  894  
 1260   13.7  0.3  0.1  Sniffles2.INS.31S6F       1  1194    (1) C ALR/Alpha      Satellite/centr     (27)   1197      1  895  
  793    9.2  1.0  1.0  Sniffles2.INS.31S8        1   129    (4) + BSR/Beta       Satellite              1    129    (0)  896  
  832   17.6  0.0  0.0  Sniffles2.INS.31SB0       5   168    (0) + ALR/Alpha      Satellite/centr        1    164    (0)  897  
  240   22.2  3.6  3.6  Sniffles2.INS.31SBD      24   135   (30) + HSATII         Satellite             47    158   (12)  898  
   41   14.2  4.5  2.2  Sniffles2.INS.320S35      6    94    (0) + (TA)n          Simple_repeat          1     91    (0)  899  
   66    6.7  9.2  0.0  Sniffles2.INS.321S0       1   142   (73) + (AT)n          Simple_repeat          1    155    (0)  900  
  387   12.7  0.0  0.0  Sniffles2.INS.321S18      1    55   (30) C MSTB           LTR/ERVL-MaLR      (351)     75     21  901  
  279    2.8  0.0  0.0  Sniffles2.INS.321S18     50    85    (0) C MSTA           LTR/ERVL-MaLR      (317)    111     76  902 *
 1984    9.4  4.4  2.3  Sniffles2.INS.322S11     66   359    (0) + AluY           SINE/Alu               1    300   (11)  903  
   50    2.0  0.0  2.0  Sniffles2.INS.322S37      2    53    (0) + (TA)n          Simple_repeat          1     51    (0)  904  
  620    7.2  2.0  0.0  Sniffles2.INS.323S18     25   124   (43) C MSTA           LTR/ERVL-MaLR      (317)    111      5  905  
  414    5.0  1.7  0.0  Sniffles2.INS.323S18    108   167    (0) C MSTA           LTR/ERVL-MaLR      (317)    111     51  906 *
   30    0.0  6.2  4.1  Sniffles2.INS.323S2       1    48    (1) + (TATATAGTA)n   Simple_repeat          1     49    (0)  907  
   54    7.2  4.6  0.0  Sniffles2.INS.323S35      1    87    (1) + (TA)n          Simple_repeat          1     91    (0)  908  
  299    0.0  0.0  2.0  Sniffles2.INS.325S11      1    51    (0) C SVA_F          Retroposon/SVA     (634)    741    692  909  
   44   11.2  0.0  0.0  Sniffles2.INS.325S5       3    79    (1) + (CTGATGGGGA)n  Simple_repeat          1     77    (0)  910  
   13   22.6  3.6  3.6  Sniffles2.INS.32AS35      3    57    (1) + (CATA)n        Simple_repeat          1     55    (0)  911  
   16   25.9  0.0  5.2  Sniffles2.INS.32BS35      2    62    (0) + (ATAT)n        Simple_repeat          1     58    (0)  912  
   20    7.7  4.4  4.4  Sniffles2.INS.32FS18      8    52    (0) + (AATTA)n       Simple_repeat          1     45    (0)  913  
  161    6.1  9.2  0.0  Sniffles2.INS.32FS35      1   327   (10) + (AT)n          Simple_repeat          1    357    (0)  914  
   33   14.8  0.0  0.0  Sniffles2.INS.32S16       1    60    (0) + (TGGAA)n       Simple_repeat          1     60    (0)  915  
  254   19.5  0.0  0.0  Sniffles2.INS.32S2B       1    41   (13) + FRAM           SINE/Alu             104    144   (32)  916  
 1027   16.7  0.0  0.3  Sniffles2.INS.32S2F       1   341    (1) + ALR/Alpha      Satellite/centr        1    340    (0)  917  
20611    3.2  0.5  0.1  Sniffles2.INS.32S3A       1  3252  (834) + L1PA4          LINE/L1             2890   6152    (3)  918  
 5978    6.1  1.4  0.0  Sniffles2.INS.32S3A    3226  4086    (0) + L1P1           LINE/L1             2177   3064 (3257)  919 *
 1034   11.2  0.5  0.4  Sniffles2.INS.32S8        1   272    (0) + BSR/Beta       Satellite              1    272    (0)  920  
 1090   16.4  0.2  0.0  Sniffles2.INS.32SB0       4   512    (0) + ALR/Alpha      Satellite/centr        1    510    (0)  921  
   28   28.8  1.4  0.0  Sniffles2.INS.330S2       6    78    (3) + (AT)n          Simple_repeat          1     74    (0)  922  
   42   17.6  1.5  7.9  Sniffles2.INS.333S5       1   134   (33) + GA-rich        Low_complexity         1    126    (0)  923  
   34   16.3  0.0 10.0  Sniffles2.INS.334S37      1    99  (177) + (AT)n          Simple_repeat          1     90    (0)  924  
   88    3.5  3.7  5.7  Sniffles2.INS.334S37    113   274    (2) + (TATATATCG)n   Simple_repeat          1    159    (0)  925  
   12   16.4  3.5  9.3  Sniffles2.INS.335S11      6    62   (29) + (CTCAGTG)n     Simple_repeat          1     54    (0)  926  
   72    1.2  3.4  2.2  Sniffles2.INS.337S0       1    88    (0) + (TTTC)n        Simple_repeat          1     89    (0)  927  
  305   23.4  0.0  0.0  Sniffles2.INS.339S24      2    65  (377) C LTR8B          LTR/ERV1           (677)    143     80  928  
  378   22.1  0.0  0.0  Sniffles2.INS.339S24     69   149  (293) C LTR8B          LTR/ERV1           (670)    150     70  928  
  376   21.1  0.0  0.0  Sniffles2.INS.339S24    142   212  (230) C LTR8B          LTR/ERV1           (670)    150     80  928 *
  379   21.1  0.0  0.0  Sniffles2.INS.339S24    230   300  (142) C LTR8B          LTR/ERV1           (670)    150     80  928  
  396   19.7  0.0  0.0  Sniffles2.INS.339S24    304   374   (68) C LTR8B          LTR/ERV1           (670)    150     80  928  
  324   21.3  0.0  0.0  Sniffles2.INS.339S24    378   438    (4) C LTR8B          LTR/ERV1           (670)    150     90  928  
   70   22.3  0.0  0.0  Sniffles2.INS.33BS0       4   142  (204) + (AT)n          Simple_repeat          1    139    (0)  929  
  871   16.4 12.8  4.5  Sniffles2.INS.33BS0     143   346    (0) C L1MC           LINE/L1           (1204)   4942   4723  930  
   33    1.7  7.3  5.8  Sniffles2.INS.33BS37      1    68    (2) + (TA)n          Simple_repeat          1     69    (0)  931  
 1148   13.1  0.3  0.5  Sniffles2.INS.33DS33      1   680    (2) + ALR/Alpha      Satellite/centr        1    679    (0)  932  
   67    3.9 11.4  0.0  Sniffles2.INS.33ES0       3   134    (1) + (TA)n          Simple_repeat          1    147    (0)  933  
  495   17.5  5.9  5.9  Sniffles2.INS.33ES13      3  1159   (10) C HSATII         Satellite            (4)   1156      1  934  
   25   12.9  6.1  4.5  Sniffles2.INS.33ES2       3    68    (0) + (AT)n          Simple_repeat          1     67    (0)  935  
   23   12.3  9.4  0.0  Sniffles2.INS.33FS2       2    55    (3) + (AT)n          Simple_repeat          1     59    (0)  936  
  449   19.5  5.6  8.3  Sniffles2.INS.33FSC0      2   449    (7) C HSATII         Satellite            (7)    436      1  937  
   30   25.5  0.0  0.0  Sniffles2.INS.33S16       2    80    (4) + (AGTGG)n       Simple_repeat          1     79    (0)  938  
  931    6.1  1.7  0.0  Sniffles2.INS.33S2       31   145    (0) C AluSp          SINE/Alu            (46)    267    151  939  
  353   15.4  0.0  0.0  Sniffles2.INS.33S2B       3    54    (5) + Alu            SINE/Alu              89    140   (26)  940  
 1126   13.5  1.3  0.0  Sniffles2.INS.33S2F       1   336    (2) + ALR/Alpha      Satellite/centr        1    340    (0)  941  
  917   12.1  1.2  1.4  Sniffles2.INS.33S8        3   410    (0) + BSR/Beta       Satellite              1    407    (0)  942  
   27   24.1  0.0  0.0  Sniffles2.INS.33SBD       6    73    (7) + (TCCAT)n       Simple_repeat          1     68    (0)  943  
   31   24.3  0.0  0.0  Sniffles2.INS.340SC0      9    85  (669) + (GAATG)n       Satellite              1     77    (0)  944  
  458   17.8  3.6 12.9  Sniffles2.INS.340SC0    105   744   (10) C HSATII         Satellite            (4)    580      1  945  
  486   17.4  5.7  9.9  Sniffles2.INS.341SC0      2  1580    (9) C HSATII         Satellite            (7)   1513      1  946  
   22   24.1  4.1  1.3  Sniffles2.INS.34AS5       3    75    (3) + (CCAT)n        Simple_repeat          1     75    (0)  947  
  481   18.9  5.0 10.6  Sniffles2.INS.34ASC0     13  1441    (0) C HSATII         Satellite            (4)   1349      1  948  
   50    2.4 11.8  0.0  Sniffles2.INS.34DS37      1    85    (0) + (AT)n          Simple_repeat          1     95    (0)  949  
  338   17.2  2.7 13.7  Sniffles2.INS.34FSC0     20   199  (331) C HSATII         Satellite            (7)    163      2  950  
   45   24.6  0.0  0.0  Sniffles2.INS.34FSC0    210   319  (211) + (GAATG)n       Satellite              1    110    (0)  951  
  322   16.8  8.4 13.4  Sniffles2.INS.34FSC0    328   526    (4) C HSATII         Satellite            (5)    189      1  952  
 2086   12.3  1.0  0.6  Sniffles2.INS.34S25      14   323   (38) + AluSx          SINE/Alu               2    312    (0)  953  
  319   18.4  0.0  0.0  Sniffles2.INS.34S2B      33    81    (2) + Alu            SINE/Alu             224    272   (29)  954  
  959   18.0  0.0  0.3  Sniffles2.INS.34S2F       1   341    (1) + ALR/Alpha      Satellite/centr        1    340    (0)  955  
  942   13.2  0.0  0.0  Sniffles2.INS.34SB0       5   168    (0) + ALR/Alpha      Satellite/centr        1    164    (0)  956  
   31   24.3  1.2  0.0  Sniffles2.INS.34SBD       1    82    (2) + (TCCAT)n       Simple_repeat          1     83    (0)  957  
 2789    0.7  0.0  0.7  Sniffles2.INS.350S2      14   313    (0) + AluYk11        SINE/Alu               1    298   (13)  958  
   22   19.3  2.0  0.0  Sniffles2.INS.353S11      1    50    (1) + GA-rich        Low_complexity         1     51    (0)  959  
   15   25.2  0.0  0.0  Sniffles2.INS.356SC0      7    49    (1) + (AATGG)n       Simple_repeat          1     43    (0)  960  
   27    9.6  0.0  4.3  Sniffles2.INS.358S0       4    52    (2) + (CCT)n         Simple_repeat          1     47    (0)  961  
   94    4.9  0.0  0.0  Sniffles2.INS.358SC0      1   105    (0) + (AATGG)n       Simple_repeat          1    105    (0)  962  
  716   10.1 20.0  1.1  Sniffles2.INS.359S0      12   161    (0) C L1PREC2        LINE/L1           (3687)   2459   2282  963  
  389    2.2  1.1  3.3  Sniffles2.INS.359S35      6    97    (0) + SVA_F          Retroposon/SVA       680    769  (606)  964  
  477   18.9  3.9 10.7  Sniffles2.INS.35ASC0     10  1467    (0) C HSATII         Satellite            (4)   1358      1  965  
  279   13.2  0.0  0.0  Sniffles2.INS.35CS35      1    38   (14) C AluJb          SINE/Alu           (194)    118     81  966  
 1735    7.1  6.1 12.2  Sniffles2.INS.35FS13      1   613    (7) + SVA_F          Retroposon/SVA       429    864  (518)  967  
  338   16.9  3.0 13.7  Sniffles2.INS.35FSC0     20   198  (331) C HSATII         Satellite            (7)    163      2  968  
   45   24.6  0.0  0.0  Sniffles2.INS.35FSC0    209   318  (211) + (GAATG)n       Satellite              1    110    (0)  969  
  322   16.8  8.4 13.4  Sniffles2.INS.35FSC0    327   525    (4) C HSATII         Satellite            (5)    189      1  970  
 1136   13.5  1.3  0.0  Sniffles2.INS.35S2F       1   337    (1) + ALR/Alpha      Satellite/centr        1    341    (0)  971  
 1149   13.8  0.6  0.0  Sniffles2.INS.35S30       1   337    (1) + ALR/Alpha      Satellite/centr        1    338    (0)  972  
   17   27.5  1.4  2.9  Sniffles2.INS.35S39       1    69    (1) + G-rich         Low_complexity         1     68    (0)  973  
 1089   14.6  0.7  0.0  Sniffles2.INS.35SB0       1  1182    (8) + ALR/Alpha      Satellite/centr        1   1190    (0)  974  
   60   18.1  4.3  0.7  Sniffles2.INS.363S23      1   139    (5) + GA-rich        Low_complexity         1    144    (0)  975  
 1225    4.8  7.0  4.5  Sniffles2.INS.364S13      1   259    (3) C SVA_F          Retroposon/SVA     (537)    838    574  976  
  338   17.2  2.7 13.7  Sniffles2.INS.364SC0     20   199  (331) C HSATII         Satellite            (7)    163      2  977  
   45   24.6  0.0  0.0  Sniffles2.INS.364SC0    210   319  (211) + (GAATG)n       Satellite              1    110    (0)  978  
  322   16.8  8.4 13.4  Sniffles2.INS.364SC0    328   526    (4) C HSATII         Satellite            (5)    189      1  979  
  488   12.6 10.4  0.9  Sniffles2.INS.36AS11      1    96    (2) + AluSx          SINE/Alu              77    181  (121)  980  
 2584    7.7  0.3  0.0  Sniffles2.INS.36ASF       2   341  (364) + L1PB           LINE/L1             4033   4373 (1773)  981  
 2491    6.2  0.5  1.9  Sniffles2.INS.36ASF     329   704    (1) + L1PB           LINE/L1             3660   4030 (2116)  982 *
  477   18.8  5.9  9.4  Sniffles2.INS.36BSC0      2  1447    (0) C HSATII         Satellite            (4)   1395      1  983  
  866    7.2  1.6  0.0  Sniffles2.INS.36BSF       1   125  (579) + L1PB           LINE/L1             4247   4373 (1773)  984 *
 4174    6.8  0.3  1.4  Sniffles2.INS.36BSF     113   704    (0) + L1PB           LINE/L1             3660   4245 (1901)  985  
   50    3.8  0.0  0.0  Sniffles2.INS.36CS11      1    55    (1) + (TGTATATA)n    Simple_repeat          1     55    (0)  986  
  608    2.3  0.7  4.6  Sniffles2.INS.36CS4       4   138   (10) C SVA_F          Retroposon/SVA     (592)    783    654  987  
 2866    1.9  0.0  0.3  Sniffles2.INS.36CSC0      7   322    (0) C AluYb8         SINE/Alu             (3)    315      1  988  
  660    4.9  0.0  0.0  Sniffles2.INS.36DS0       1    82  (689) + Alu            SINE/Alu             221    302    (0)  989  
   25    6.7  0.0  0.0  Sniffles2.INS.36DS0      83   114  (657) + (A)n           Simple_repeat          1     32    (0)  990  
 2116   11.0  0.7  0.3  Sniffles2.INS.36DS0     115   415  (356) + AluSx          SINE/Alu               2    303    (9)  991  
 1854   12.4  0.7  0.4  Sniffles2.INS.36DS0     416   690   (81) C AluSx          SINE/Alu            (25)    277      2  992  
  286   18.6  0.6 26.6  Sniffles2.INS.36DS0     609   696   (75) + SVA_A          Retroposon/SVA       123    215 (1172)  993 *
   45    0.0  0.0  0.0  Sniffles2.INS.36DS0     697   737   (34) + (T)n           Simple_repeat          1     41    (0)  994  
  286   18.6  0.6 26.6  Sniffles2.INS.36DS0     738   769    (2) + SVA_A          Retroposon/SVA       216    250 (1137)  993  
  228    0.0  0.0  0.0  Sniffles2.INS.36DS13      1   196    (0) + (G)n           Simple_repeat          1    196    (0)  995  
   46   17.9  3.2  0.0  Sniffles2.INS.36DS23      5    97   (97) + (GT)n          Simple_repeat          1     96    (0)  996  
   37   25.7  3.4  1.7  Sniffles2.INS.36DS23     98   122   (72) + (GTAT)n        Simple_repeat          1    120    (0)  997  
   62    0.0  3.1  1.5  Sniffles2.INS.36DS23    123   186    (8) + (TG)n          Simple_repeat          1     65    (0)  998  
 1150   14.4  0.8  0.2  Sniffles2.INS.36ES33      3  1517    (9) + ALR/Alpha      Satellite/centr        1   1523    (0)  999  
  477   19.0  4.1 10.0  Sniffles2.INS.36ESC0     11  1446    (1) C HSATII         Satellite            (4)   1351      1 1000  
  811   13.4  2.7  2.7  Sniffles2.INS.36FS0      12   157   (27) C AluSx          SINE/Alu           (156)    146      1 1001  
   31    0.0  8.8  3.3  Sniffles2.INS.36S18       2    58    (2) + (CCTCTCT)n     Simple_repeat          1     60    (0) 1002  
  815   17.6  0.0  0.0  Sniffles2.INS.36S30       2   171    (0) + ALR/Alpha      Satellite/centr        1    170    (0) 1003  
  517    6.2  0.0  0.0  Sniffles2.INS.36S8        1    65    (1) + BSR/Beta       Satellite             33     97   (39) 1004  
   25   23.0  0.0  0.0  Sniffles2.INS.36SBD       4    64    (1) + (ATTCC)n       Simple_repeat          1     61    (0) 1005  
  477   16.6  3.1 15.2  Sniffles2.INS.370SC0      3   343    (9) C HSATII         Satellite            (4)    299      1 1006  
  474   16.3  7.3  9.0  Sniffles2.INS.371SC0      1   945    (0) C HSATII         Satellite           (56)    928      1 1007  
   20   17.5  4.4  0.0  Sniffles2.INS.374S35     11    55  (127) + (TA)n          Simple_repeat          1     47    (0) 1008  
   69    5.9  1.1  0.0  Sniffles2.INS.375SC0      1    88    (1) + (AATGG)n       Simple_repeat          1     89    (0) 1009  
   89   15.4  1.8  0.0  Sniffles2.INS.377S2       1   166    (1) + (ATATAT)n      Simple_repeat          1    169    (0) 1010  
   51    0.0  0.0  0.0  Sniffles2.INS.377SF       2    47    (0) + (AAGA)n        Simple_repeat          1     46    (0) 1011  
  681    7.0  0.0  0.0  Sniffles2.INS.37AS11      8    93  (126) C MER41A         LTR/ERV1           (468)     86      1 1012  
  423   18.4  5.2  8.6  Sniffles2.INS.37ASC0      1  1135    (7) C HSATII         Satellite           (41)   1096      1 1013  
  272   22.9  0.0  0.0  Sniffles2.INS.37BS37      1    48    (2) C AluJb          SINE/Alu           (244)     68     21 1014  
  257   20.8  4.8  8.9  Sniffles2.INS.37BSC0     23   272  (450) C HSATII         Satellite            (4)    239      1 1015  
  333   19.6  8.0  9.3  Sniffles2.INS.37BSC0    316   572  (150) C HSATII         Satellite            (5)    253      1 1015  
   38   12.2  0.0  0.0  Sniffles2.INS.37BSC0    609   679   (43) + (AATGG)n       Simple_repeat          1     71    (0) 1016  
  309    2.8  0.0  0.0  Sniffles2.INS.37CS4      31    66   (93) C Alu            SINE/Alu            (93)     40      5 1017  
  251   14.3  4.0  2.0  Sniffles2.INS.37CS4      36    85   (74) C AluSx          SINE/Alu           (132)    170    120 1018 *
  383   18.1  5.4  9.0  Sniffles2.INS.37CSC0      5   390  (753) C HSATII         Satellite            (5)    372      1 1019  
  436   17.8  5.0  8.3  Sniffles2.INS.37CSC0    404  1122   (21) C HSATII         Satellite            (9)    694      1 1019  
   14   32.0  0.0  0.0  Sniffles2.INS.37DSC0     16    69    (1) + (ATGGA)n       Simple_repeat          1     54    (0) 1020  
   35   27.9  0.0  1.0  Sniffles2.INS.37ESC0      1   105    (0) + (ATGGA)n       Simple_repeat          1    104    (0) 1021  
  209   17.7  1.7  0.7  Sniffles2.INS.37FS37      5   409    (2) + (TA)n          Simple_repeat          1    409    (0) 1022  
   44   16.7  1.1  0.0  Sniffles2.INS.37FSC0      1    87  (127) + (AATGG)n       Simple_repeat          1     88    (0) 1023  
  237   24.6  7.0  0.8  Sniffles2.INS.37FSC0    100   214    (0) C HSATII         Satellite            (4)    166     45 1024  
  259   22.8  9.9  0.0  Sniffles2.INS.37S16       1   101    (4) C HSATII         Satellite           (39)    131     21 1025  
   22   20.2  4.8  0.0  Sniffles2.INS.37S18       1    63    (5) + (CCCCTCT)n     Simple_repeat          1     66    (0) 1026  
   33    5.1  0.0  0.0  Sniffles2.INS.37S2B      15    55    (4) + (AGAACGGAAC)n  Simple_repeat          1     41    (0) 1027  
 1238   10.8  0.2  0.0  Sniffles2.INS.37S6        7  1023    (0) C ALR/Alpha      Satellite/centr      (0)   1018      1 1028  
   34   25.7  0.0  0.0  Sniffles2.INS.37SBD       3    90  (121) + (TCCAT)n       Simple_repeat          1     88    (0) 1029  
   56   10.0  0.0  2.0  Sniffles2.INS.37SBD      96   195   (16) + (ATTCC)n       Simple_repeat          1     98    (0) 1030  
   38    4.7  0.0  0.0  Sniffles2.INS.380SC0      1    44    (1) + (ATGGA)n       Simple_repeat          1     44    (0) 1031  
   32    5.2  0.0  0.0  Sniffles2.INS.382S4       8    47   (12) + (A)n           Simple_repeat          1     40    (0) 1032  
  423   18.3  3.5 10.3  Sniffles2.INS.382SC0     27  1122   (15) C HSATII         Satellite            (4)   1021      1 1033  
   52    7.2  1.4  0.0  Sniffles2.INS.383SC0      1    73    (0) + (GGAAT)n       Simple_repeat          1     74    (0) 1034  
  234   18.1  0.0 22.4  Sniffles2.INS.384S11      2    72    (2) + SATR2          Satellite             38     95  (224) 1035  
 2898    0.3  0.0  0.0  Sniffles2.INS.384S13      1   305   (12) C AluYb8         SINE/Alu            (13)    305      1 1036  
  435   20.4  4.3  9.0  Sniffles2.INS.385SC0      5  1139    (7) C HSATII         Satellite            (4)   1082      1 1037  
  491   19.3  3.6  9.8  Sniffles2.INS.386SC0     59  1384  (424) C HSATII         Satellite           (15)   1244      1 1038  
   51   25.6  0.0  0.0  Sniffles2.INS.386SC0   1386  1514  (294) + (AATGG)n       Simple_repeat          1    129    (0) 1039  
  367   17.4  8.7  7.7  Sniffles2.INS.386SC0   1523  1798   (10) C HSATII         Satellite           (15)    278      1 1040  
  444   18.3  4.0  9.6  Sniffles2.INS.387SC0      1   725    (9) C HSATII         Satellite           (12)    684      1 1041  
  185   22.6  1.4  0.7  Sniffles2.INS.388S0       1   414    (0) + (AT)n          Simple_repeat          1    417    (0) 1042  
   16   34.4  1.6  1.6  Sniffles2.INS.389S11      8    18   (68) + (TA)n          Simple_repeat          1     18   (43) 1043  
   15   12.6  0.0  0.0  Sniffles2.INS.389S11     19    45   (41) + (TGTG)n        Simple_repeat          1     27    (0) 1044  
   16   34.4  1.6  1.6  Sniffles2.INS.389S11     46    68   (18) + (TA)n          Simple_repeat         19     61    (0) 1043  
  105   30.5  0.0  0.0  Sniffles2.INS.38BS11      1   267    (9) + (AC)n          Simple_repeat          1    267    (0) 1045  
  329   23.3 11.6  3.6  Sniffles2.INS.38BS37     47   175    (3) + HAL1           LINE/L1             2152   2290  (217) 1046  
 2958    0.3  0.0  0.0  Sniffles2.INS.38BS3A     16   326    (8) + AluYa5         SINE/Alu               1    311    (0) 1047  
  338   17.2  2.7 13.7  Sniffles2.INS.38CSC0     20   199  (331) C HSATII         Satellite            (7)    163      2 1048  
   45   24.6  0.0  0.0  Sniffles2.INS.38CSC0    210   319  (211) + (GAATG)n       Satellite              1    110    (0) 1049  
  322   16.8  8.4 13.4  Sniffles2.INS.38CSC0    328   526    (4) C HSATII         Satellite            (5)    189      1 1050  
 2582    2.9  0.0  1.0  Sniffles2.INS.38DS3A      5   318    (0) C AluY           SINE/Alu             (0)    311      1 1051  
  423   18.4  3.6 10.3  Sniffles2.INS.38DSC0      1  1122   (15) C HSATII         Satellite           (34)   1046      1 1052  
 1284   12.7  1.8  0.5  Sniffles2.INS.38FS38      1  3204    (0) + ALR/Alpha      Satellite/centr        1   3247    (1) 1053  
   25   19.2  0.0  0.0  Sniffles2.INS.38S16       1    53    (2) + (GTGGA)n       Simple_repeat          1     53    (0) 1054  
  294    8.9  0.0  2.1  Sniffles2.INS.38S18      38    96    (0) + FLAM_C         SINE/Alu               1     37   (96) 1055  
 1167   11.6  0.7  0.8  Sniffles2.INS.38S6        1  1022    (2) C ALR/Alpha      Satellite/centr     (35)   1021      1 1056  
 1682   18.8  0.9  0.3  Sniffles2.INS.38S8       13   343    (0) + LSAU           Satellite              1    333  (165) 1057  
 1167   12.6  1.2  0.2  Sniffles2.INS.38SB0       1   678    (0) + ALR/Alpha      Satellite/centr        1    684    (0) 1058  
 1101   14.4  0.9  0.5  Sniffles2.INS.390S33      1   681    (0) + ALR/Alpha      Satellite/centr        1    683    (0) 1059  
  197   11.5  2.8  0.0  Sniffles2.INS.390S4       1   322    (2) + (CTCTCT)n      Simple_repeat          1    331    (0) 1060  
  537   18.2  3.7  0.8  Sniffles2.INS.391S38      1   161    (3) C ALR/Alpha      Satellite/centr     (45)    165      1 1061  
  435   20.1  5.2  7.7  Sniffles2.INS.392SC0      1  1105   (52) C HSATII         Satellite            (3)   1078      1 1062  
   29   10.7  0.0  0.0  Sniffles2.INS.392SC0   1107  1156    (1) + (GAATG)n       Satellite              1     50    (0) 1063  
   21    7.6  7.1  0.0  Sniffles2.INS.393S11      1    42   (29) + (TCACCA)n      Simple_repeat          1     45    (0) 1064  
  607   12.0 18.5  0.0  Sniffles2.INS.393S4       7   114    (1) C MSTA           LTR/ERVL-MaLR       (56)    372    245 1065  
  710   17.7  0.4  0.0  Sniffles2.INS.394S33      1   168    (2) + ALR/Alpha      Satellite/centr        1    168    (0) 1066  
   29   15.8  3.5  0.0  Sniffles2.INS.394S35      2    58    (0) + (AT)n          Simple_repeat          1     59    (0) 1067  
  805   12.8  2.4  0.0  Sniffles2.INS.395S38      1   166    (0) C ALR/Alpha      Satellite/centr     (42)    169      1 1068  
   28   20.9  0.0  0.0  Sniffles2.INS.396S35      4    58    (0) + A-rich         Low_complexity         1     55    (0) 1069  
  338   17.2  2.7 13.7  Sniffles2.INS.396SC0     20   199  (331) C HSATII         Satellite            (7)    163      2 1070  
   45   24.6  0.0  0.0  Sniffles2.INS.396SC0    210   319  (211) + (GAATG)n       Satellite              1    110    (0) 1071  
  322   16.8  8.4 13.4  Sniffles2.INS.396SC0    328   526    (4) C HSATII         Satellite            (5)    189      1 1072  
   31   12.2  7.8  0.0  Sniffles2.INS.398S0       1    64    (2) + (TA)n          Simple_repeat          1     69    (0) 1073  
  914   11.2  0.0  0.0  Sniffles2.INS.398S11      1   116  (702) C AluSz6         SINE/Alu           (196)    116      1 1074  
  788   22.8  1.8  3.3  Sniffles2.INS.398S11    599   816    (2) C MIR            SINE/MIR             (1)    261     47 1075  
   36    4.3  2.0  2.0  Sniffles2.INS.398S13      1    50    (0) + (CTC)n         Simple_repeat          1     50    (0) 1076  
  423   18.3  3.5 10.3  Sniffles2.INS.398SC0     27  1122   (15) C HSATII         Satellite            (4)   1021      1 1077  
   15   17.2  2.4  2.4  Sniffles2.INS.399S11    181   227 (1133) + (TCCTTT)n      Simple_repeat          1     47    (0) 1078  
  220   31.9  4.2  1.6  Sniffles2.INS.399S11    445   562  (798) + MIRc           SINE/MIR             147    267    (1) 1079  
  412   27.1  0.0  1.7  Sniffles2.INS.399S11    668   787  (573) + MIRb           SINE/MIR              83    200   (68) 1080  
 1943   14.9  0.3  3.9  Sniffles2.INS.399S11    882  1203  (157) C AluJb          SINE/Alu             (0)    312      2 1081  
  959   12.9  0.0  0.0  Sniffles2.INS.399S11   1229  1360    (0) C AluSz6         SINE/Alu            (16)    296    165 1082  
   70    6.1  0.0  0.0  Sniffles2.INS.399SC0      1    85    (0) + (AATGG)n       Simple_repeat          1     85    (0) 1083  
   29    5.9  9.1  1.7  Sniffles2.INS.39AS13      1    55    (2) + (TA)n          Simple_repeat          1     59    (0) 1084  
  320   12.2 10.1  1.6  Sniffles2.INS.39BS3A      1   832    (3) + A-rich         Low_complexity         1    902    (0) 1085  
  626   12.7  9.8  1.8  Sniffles2.INS.39CS3A      3  1672    (0) + (AATGA)n       Simple_repeat          1   1801    (0) 1086  
  338   17.2  2.7 13.7  Sniffles2.INS.39CSC0     20   199  (331) C HSATII         Satellite            (7)    163      2 1087  
   45   24.6  0.0  0.0  Sniffles2.INS.39CSC0    210   319  (211) + (GAATG)n       Satellite              1    110    (0) 1088  
  322   16.8  8.4 13.4  Sniffles2.INS.39CSC0    328   526    (4) C HSATII         Satellite            (5)    189      1 1089  
  607    7.5  0.5  0.1  Sniffles2.INS.39FS37     22   796    (3) + (AT)n          Simple_repeat          1    778    (0) 1090  
  489   20.2  5.4  9.5  Sniffles2.INS.39FSC0      5  2829  (464) C HSATII         Satellite            (7)   2708      1 1091  
  372   18.7  3.7 12.5  Sniffles2.INS.39FSC0   2844  3284    (9) C HSATII         Satellite            (8)    402      1 1091  
  359   16.2  0.0  4.0  Sniffles2.INS.39S15       1    77    (1) + HSATII         Satellite             84    157   (13) 1092  
  797   15.8  0.0  0.0  Sniffles2.INS.39S25       1   168    (2) + ALR/Alpha      Satellite/centr        1    168    (0) 1093  
 1229   14.2  1.2  0.0  Sniffles2.INS.39SB0       1  1183    (2) + ALR/Alpha      Satellite/centr        1   1197    (0) 1094  
   51    9.6  0.0  0.0  Sniffles2.INS.39SBD       3    80    (5) + (TTCCA)n       Simple_repeat          1     78    (0) 1095  
 1131   13.1  1.1  0.1  Sniffles2.INS.3A2S33     11   508    (0) + ALR/Alpha      Satellite/centr        1    503    (0) 1096  
   55    1.9  0.0  0.0  Sniffles2.INS.3A2S37      4    57    (0) + (GAAGAG)n      Simple_repeat          1     54    (0) 1097  
   32    7.7  3.5  1.7  Sniffles2.INS.3A6S35      1    58    (0) + (TTCTTTC)n     Simple_repeat          1     59    (0) 1098  
   37    6.5  7.6  0.0  Sniffles2.INS.3A7S37      1    66    (0) + (AAGG)n        Simple_repeat          1     71    (0) 1099  
   60    4.4  4.0  3.0  Sniffles2.INS.3A8S0       1    99    (1) + (ATATCAT)n     Simple_repeat          1    100    (0) 1100  
   43   13.7  8.2  0.0  Sniffles2.INS.3A9S13      1    97    (2) + (AT)n          Simple_repeat          1    105    (0) 1101  
   25   22.7  0.0  0.0  Sniffles2.INS.3A9S37      1    53    (3) + (TA)n          Simple_repeat          1     53    (0) 1102  
   79    0.0  7.1  0.9  Sniffles2.INS.3AAS2       1    99    (3) + (TTTC)n        Simple_repeat          1    105    (0) 1103  
   29   13.1  0.0  3.9  Sniffles2.INS.3AAS4       8    61    (0) + (AT)n          Simple_repeat          1     52    (0) 1104  
   20   22.0  0.0  0.0  Sniffles2.INS.3ABS0       1    45    (1) + (ATAT)n        Simple_repeat          1     45    (0) 1105  
  188   13.1  3.5  0.6  Sniffles2.INS.3ADS23      3   349    (3) + (TATTTA)n      Simple_repeat          1    357    (0) 1106  
  415   12.6  0.3  0.0  Sniffles2.INS.3AES23      3   648    (0) + (TATATA)n      Simple_repeat          1    648    (0) 1107  
   27   17.0  0.0  0.0  Sniffles2.INS.3AFS13      1    53    (1) + GA-rich        Low_complexity         1     53    (0) 1108  
   52   19.6  2.5  0.0  Sniffles2.INS.3AS16       1   118    (0) + (GTGGA)n       Simple_repeat          1    121    (0) 1109  
  880   10.9  0.0  0.0  Sniffles2.INS.3AS25       1   170    (1) + ALR/Alpha      Satellite/centr        1    170    (0) 1110  
 1082   15.8  1.3  1.5  Sniffles2.INS.3AS30       1  2037    (1) + ALR/Alpha      Satellite/centr        1   2032    (0) 1111  
   36    9.8  1.4  4.3  Sniffles2.INS.3B1S35      1    71    (2) + (TTTATTA)n     Simple_repeat          1     69    (0) 1112  
   50    6.9  0.0  0.0  Sniffles2.INS.3B1S38      1    61    (3) + (TA)n          Simple_repeat          1     61    (0) 1113  
  125   14.1  0.5  0.0  Sniffles2.INS.3B2S13      1   210    (1) + (AGAGAG)n      Simple_repeat          1    211    (0) 1114  
   71   10.6  0.0  0.0  Sniffles2.INS.3B6S11      1   105    (1) + (TATA)n        Simple_repeat          1    105    (0) 1115  
   44    2.3  0.0  0.0  Sniffles2.INS.3B7S0       2    46    (2) + (TATATATAT)n   Simple_repeat          1     45    (0) 1116  
   78    0.0  1.4  0.0  Sniffles2.INS.3B8S0       8    77    (0) + (TA)n          Simple_repeat          1     71    (0) 1117  
   27    0.0  0.0  3.5  Sniffles2.INS.3B9S0      17    46    (2) + (AAGG)n        Simple_repeat          1     29    (0) 1118  
   25   16.2  6.0  2.9  Sniffles2.INS.3B9S23     10    76    (0) + (TA)n          Simple_repeat          1     69    (0) 1119  
   33   11.6  9.8  4.2  Sniffles2.INS.3BDS35     64   175    (1) + (CTAT)n        Simple_repeat          1    118    (0) 1120  
   60    7.1  5.7  0.9  Sniffles2.INS.3BES0       1   105    (6) + (ATATAAT)n     Simple_repeat          1    110    (0) 1121  
 1480    4.2  0.0  0.0  Sniffles2.INS.3BES13      1   167    (0) + AluYc          SINE/Alu              96    262   (37) 1122  
  249   21.3  5.3  1.3  Sniffles2.INS.3BS16       5    80    (0) C HSATII         Satellite           (82)     88     10 1123  
   72    8.8  1.6  1.6  Sniffles2.INS.3BS2B       1   125    (0) + (TGGAA)n       Simple_repeat          1    125    (0) 1124  
   31   10.7  0.0  0.0  Sniffles2.INS.3BS6        1    52    (0) + (C)n           Simple_repeat          1     52    (0) 1125  
 1075   10.6  0.0  0.0  Sniffles2.INS.3BS6F       1   171    (0) C ALR/Alpha      Satellite/centr     (72)    171      1 1126  
  283   27.3  1.4 12.1  Sniffles2.INS.3C0S4     212   357  (144) + L1ME4a         LINE/L1             5992   6123    (1) 1127  
  894    9.3  0.0  0.5  Sniffles2.INS.3C2SC0      1   137    (0) C BSR/Beta       Satellite           (13)    136      1 1128  
  465    2.1  1.0  2.1  Sniffles2.INS.3C2SF       1    98    (1) + SVA_F          Retroposon/SVA       687    783  (592) 1129  
  195    0.0  2.2  0.0  Sniffles2.INS.3C3S2       1   179    (0) + (TA)n          Simple_repeat          1    183    (0) 1130  
   21   12.6  7.7  0.0  Sniffles2.INS.3C3S38      7    58    (8) + A-rich         Low_complexity         1     56    (0) 1131  
   24    7.9  4.8  2.3  Sniffles2.INS.3C3S4      11    52    (0) + (TA)n          Simple_repeat          1     43    (0) 1132  
  639   12.4  9.3  1.8  Sniffles2.INS.3C4S3A      4  1628   (15) + (ATGAA)n       Simple_repeat          1   1744    (0) 1133  
   18    8.6  7.7  2.4  Sniffles2.INS.3C4S4       1    39   (15) + (AT)n          Simple_repeat          1     41    (0) 1134  
   50    0.0  0.0  2.0  Sniffles2.INS.3C5S3A      1    50    (1) + (CTTT)n        Simple_repeat          1     49    (0) 1135  
   22   13.2  5.6  3.6  Sniffles2.INS.3C5S4       1    54    (2) + (TA)n          Simple_repeat          1     55    (0) 1136  
   22   25.4  4.2  0.0  Sniffles2.INS.3C6S2       5    76    (2) + (ATAT)n        Simple_repeat          1     75    (0) 1137  
   24   13.4  6.1  0.0  Sniffles2.INS.3C7S2       5    53    (0) + (AT)n          Simple_repeat          1     52    (0) 1138  
 2167   12.6  4.3  1.6  Sniffles2.INS.3C9S11     74   444 (2498) + THE1D          LTR/ERVL-MaLR          1    381    (0) 1139  
 2250   11.9  0.0  0.3  Sniffles2.INS.3C9S11    953  1262 (1680) C AluSx1         SINE/Alu             (3)    309      1 1140  
 1725   18.6  1.7  0.0  Sniffles2.INS.3C9S11   1266  1566 (1376) C AluJb          SINE/Alu             (6)    306      1 1141  
   20   13.7  6.2  0.0  Sniffles2.INS.3C9S11   1685  1732 (1210) + (ATGA)n        Simple_repeat          1     51    (0) 1142  
   12   24.5  6.1  2.9  Sniffles2.INS.3C9S22     44   109  (367) + (GCC)n         Simple_repeat          1     68    (0) 1143  
   44    0.0  0.0  0.0  Sniffles2.INS.3C9S22    134   173  (303) + (CCG)n         Simple_repeat          1     40    (0) 1144  
   37   17.1  4.9  0.0  Sniffles2.INS.3CAS2       1    81    (0) + (TA)n          Simple_repeat          1     85    (0) 1145  
  383   11.1  6.3  0.0  Sniffles2.INS.3CBSC0      8    70    (1) C AluSp          SINE/Alu            (76)    237    171 1146  
   52    0.0  0.0  0.0  Sniffles2.INS.3CCS3A      1    47    (0) + (TTTC)n        Simple_repeat          1     47    (0) 1147  
 2594    0.0  0.7  0.4  Sniffles2.INS.3CDS13     12   328    (0) C AluYg6         SINE/Alu             (0)    311      1 1148  
  208    9.1  5.7  0.0  Sniffles2.INS.3CFS37      2   423    (0) + (TA)n          Simple_repeat          1    446    (0) 1149  
   40   16.2  4.8  0.0  Sniffles2.INS.3CFS4       2    85    (1) + (AT)n          Simple_repeat          1     88    (0) 1150  
 1234   13.7  1.0  0.0  Sniffles2.INS.3CS25       2  1861    (1) + ALR/Alpha      Satellite/centr        1   1877    (0) 1151  
 1196   12.8  0.1  0.0  Sniffles2.INS.3CS6F       1   337    (4) C ALR/Alpha      Satellite/centr     (21)    337      1 1152  
  496   15.1  0.0 18.0  Sniffles2.INS.3CS8        1   126    (2) + BSR/Beta       Satellite              1    103    (0) 1153  
   16   21.8  5.9  0.0  Sniffles2.INS.3D4S23      1    51    (1) + (CTCC)n        Simple_repeat          1     54    (0) 1154  
  498   17.6  1.1  0.0  Sniffles2.INS.3D6S13      2    92   (84) C L1PB2          LINE/L1            (177)   5974   5883 1155  
  255   13.9  0.0  0.0  Sniffles2.INS.3D6S13    126   161   (15) C Alu            SINE/Alu            (97)     36      1 1156  
   73    2.8 12.2  0.6  Sniffles2.INS.3D8S37      1   148    (9) + (TA)n          Simple_repeat          1    165    (0) 1157  
  468   17.4  4.2  1.0  Sniffles2.INS.3D9S35      5   172    (3) + L1M2           LINE/L1             4356   4525 (1621) 1158  
   55    1.9  0.0  0.0  Sniffles2.INS.3DAS23      1    54    (0) + (T)n           Simple_repeat          1     54    (0) 1159  
  324    1.8  8.8  0.0  Sniffles2.INS.3DCS4      10    66    (7) C AluY           SINE/Alu            (93)    208    147 1160  
  375   14.6  1.8  0.0  Sniffles2.INS.3DDS4       1    55   (22) + AluSg          SINE/Alu             103    158  (152) 1161  
   58   19.5  2.2  2.2  Sniffles2.INS.3DESF      12   150    (2) + (CCTT)n        Simple_repeat          1    139    (0) 1162  
   45    2.1  0.0  2.0  Sniffles2.INS.3DFS0       1    50    (0) + (AAAG)n        Simple_repeat          1     49    (0) 1163  
   86    1.4 12.4  0.0  Sniffles2.INS.3DFS35      4   148    (2) + (AT)n          Simple_repeat          1    163    (0) 1164  
  106    7.1  3.8  1.6  Sniffles2.INS.3DS4       10   193    (0) + (TCC)n         Simple_repeat          1    188    (0) 1165  
 1052   14.7  1.2  1.1  Sniffles2.INS.3DS6F       6   681    (1) C ALR/Alpha      Satellite/centr      (0)    676      1 1166  
  873   17.1  0.0  0.0  Sniffles2.INS.3DSB0       1   168    (3) + ALR/Alpha      Satellite/centr        1    168    (1) 1167  
  263    4.1  0.0  2.0  Sniffles2.INS.3E1S0       2    51    (0) C SVA_F          Retroposon/SVA     (634)    741    693 1168  
   28   19.1  4.8  0.0  Sniffles2.INS.3E1S4       1    63    (1) + (AT)n          Simple_repeat          1     66    (0) 1169  
   40    7.7  4.3  0.0  Sniffles2.INS.3E3S11     10    79   (56) + (TGATGG)n      Simple_repeat          1     73    (0) 1170  
   16   29.8  0.0  0.0  Sniffles2.INS.3E3S11     85   132    (3) + (ATG)n         Simple_repeat          1     48    (0) 1171  
   37    0.0  0.0  0.0  Sniffles2.INS.3E4S13     20    51    (0) + (TC)n          Simple_repeat          1     32    (0) 1172  
 2958    0.3  0.0  0.0  Sniffles2.INS.3E6S3A     17   327    (7) + AluYa5         SINE/Alu               1    311    (0) 1173  
 1673    6.9  1.2  8.4  Sniffles2.INS.3E7S0       3   622    (1) C SVA_E          Retroposon/SVA     (520)    866    421 1174  
   37    5.8  1.8  1.8  Sniffles2.INS.3E9S23      1    57    (0) + (GGGA)n        Simple_repeat          1     57    (0) 1175  
   14    8.9  0.0  0.0  Sniffles2.INS.3EBS37    326   349  (115) + (CACA)n        Simple_repeat          1     24    (0) 1176  
  339   25.2 14.4  1.4  Sniffles2.INS.3ECS13      1   125   (36) + L1PA16         LINE/L1             5982   6122   (44) 1177  
  407    9.1  0.0  0.0  Sniffles2.INS.3ECS23      1    55  (448) C Alu            SINE/Alu           (246)     56      2 1178  
 1882    8.6  0.0  0.0  Sniffles2.INS.3ECS23    270   502    (1) C AluSc          SINE/Alu            (18)    291     59 1179  
   45    3.3  3.2  0.0  Sniffles2.INS.3ECS4       1    62    (0) + (AAAG)n        Simple_repeat          1     64    (0) 1180  
  313   18.6  3.4  0.0  Sniffles2.INS.3ES2B       1    59    (0) + FRAM           SINE/Alu              99    159   (17) 1181  
 1118   14.8  1.1  1.0  Sniffles2.INS.3ES6F       6  1363    (1) C ALR/Alpha      Satellite/centr      (0)   1359      1 1182  
 1112   13.9  0.4  2.3  Sniffles2.INS.3ESB0      10   679    (0) + ALR/Alpha      Satellite/centr        1    657    (0) 1183  
 1085   13.6  0.4  0.4  Sniffles2.INS.3F1S33      1   680    (3) + ALR/Alpha      Satellite/centr        1    680    (0) 1184  
   15   19.8  2.3  2.3  Sniffles2.INS.3F2S38     14    56    (1) + (TTCT)n        Simple_repeat          1     43    (0) 1185  
  254   10.8  2.7  0.0  Sniffles2.INS.3F6S13     23    59    (2) + Alu            SINE/Alu             112    149  (153) 1186  
  225   23.0  6.7  1.3  Sniffles2.INS.3F6SF       1    75   (37) + L2             LINE/L2             2517   2595  (824) 1187  
   36   15.8  3.6 10.1  Sniffles2.INS.3F8S38      7   143    (1) + (AC)n          Simple_repeat          1    129    (0) 1188  
   27    3.4  0.0  0.0  Sniffles2.INS.3F9S13     18    47    (6) + (T)n           Simple_repeat          1     30    (0) 1189  
   34    9.8  2.7  6.9  Sniffles2.INS.3F9SF       1    75    (6) + (TA)n          Simple_repeat          1     72    (0) 1190  
  277    6.1  1.5  0.0  Sniffles2.INS.3FBS35      1   342    (1) + (AT)n          Simple_repeat          1    347    (0) 1191  
   30    0.0  5.7  0.0  Sniffles2.INS.3FCS4       1    35   (17) + (TTCT)n        Simple_repeat          1     37    (0) 1192  
   45    1.5  9.0  0.0  Sniffles2.INS.3FDS3A      1    67    (2) + (TCTT)n        Simple_repeat          1     73    (0) 1193  
  297   10.7  0.2  0.2  Sniffles2.INS.3FES13      1   437    (1) + (TGGTGG)n      Simple_repeat          1    437    (0) 1194  
 1177   13.4  1.0  0.0  Sniffles2.INS.3FES33      1   507    (1) + ALR/Alpha      Satellite/centr        1    512    (0) 1195  
   34    0.0  0.0  0.0  Sniffles2.INS.3FES38     34    65    (0) + (TCTT)n        Simple_repeat          1     32    (0) 1196  
   85    0.0  0.0  0.0  Sniffles2.INS.3FES4       1    92    (0) + (A)n           Simple_repeat          1     92    (0) 1197  
 1132   15.3  0.8  0.1  Sniffles2.INS.3FFS33      1   675    (1) + ALR/Alpha      Satellite/centr        1    679    (0) 1198  
 2104   12.0  1.0  0.6  Sniffles2.INS.3FS25      46   355    (9) C AluSx          SINE/Alu             (0)    312      2 1199  
  299   23.1  1.5  0.0  Sniffles2.INS.3FS2B      30    94    (1) + FRAM           SINE/Alu              90    155   (11) 1200  
 1068   15.1  1.7  1.1  Sniffles2.INS.3FS6F       6  2717    (5) C ALR/Alpha      Satellite/centr      (0)   2728      1 1201  
  253   11.4  2.3  0.0  Sniffles2.INS.3S11       16    59    (2) C MER4B-int      LTR/ERV1          (5563)   1195   1151 1202  
  703   15.4  0.2  0.2  Sniffles2.INS.3S14        1   477    (3) C CER            Satellite           (31)    477      1 1203  
   74    3.5  1.1  2.2  Sniffles2.INS.3S2         1    91    (0) + (CTAACC)n      Simple_repeat          1     90    (0) 1204  
   19    0.0  0.0  0.0  Sniffles2.INS.3S25      393   416  (204) + (CCG)n         Simple_repeat          1     24    (0) 1205  
 1038   14.3  1.5  1.0  Sniffles2.INS.3S30        1   338    (1) + ALR/Alpha      Satellite/centr        1    339    (0) 1206  
  729   16.1  0.0  0.0  Sniffles2.INS.3S5D        1   170    (0) + ALR/Alpha      Satellite/centr        1    170    (0) 1207  
 1244   13.8  1.4  0.3  Sniffles2.INS.3S6         1  2539    (0) + ALR/Alpha      Satellite/centr        1   2568    (6) 1208  
  814   11.9  4.7  9.6  Sniffles2.INS.3S8         1   332    (5) + BSR/Beta       Satellite              1    315    (0) 1209  
   30    0.0  3.1  0.0  Sniffles2.INS.3SA5       11    42  (288) + (TTTGTTTT)n    Simple_repeat          1     33    (0) 1210  
 2675    1.7  0.0  0.0  Sniffles2.INS.3SA5       43   330    (0) C AluYb8         SINE/Alu            (30)    288      1 1211  
   50   12.3  0.0  0.0  Sniffles2.INS.3SA7        1    88  (580) + (TC)n          Simple_repeat          1     88    (0) 1212  
   24    0.0  0.0  0.0  Sniffles2.INS.3SA7       89   118  (550) + (CCTC)n        Simple_repeat          1     30    (0) 1213  
   43    2.0  3.9  0.0  Sniffles2.INS.3SA7      579   629   (39) + (TTTC)n        Simple_repeat          1     53    (0) 1214  
   12   26.1  0.0  0.0  Sniffles2.INS.3SA7      632   668    (0) + (CTCTCT)n      Simple_repeat          1     37    (0) 1215  
 2717    0.3  0.0  0.3  Sniffles2.INS.3SBC        4   329    (0) C AluYb9         SINE/Alu             (0)    318      2 1216  
 1140   14.4  0.8  0.1  Sniffles2.INS.400S33      1  1189    (1) + ALR/Alpha      Satellite/centr        1   1197    (2) 1217  
   29   22.5  2.8  0.0  Sniffles2.INS.402S23      3    74    (0) + (GT)n          Simple_repeat          1     74    (0) 1218  
   79   13.3  5.8  0.0  Sniffles2.INS.402S35      1   156    (0) + (AT)n          Simple_repeat          1    165    (0) 1219  
   96    0.0  0.0  0.0  Sniffles2.INS.407S31      1    84    (0) + (C)n           Simple_repeat          1     84    (0) 1220  
   17    5.0  0.0  0.0  Sniffles2.INS.408S2       1    21  (163) + (TG)n          Simple_repeat          1     21    (0) 1221  
  281   12.8 12.8  0.0  Sniffles2.INS.408S2      27    73  (111) C MLT1B          LTR/ERVL-MaLR      (195)    195    143 1222  
   22    7.2  0.0  0.0  Sniffles2.INS.408S2      74   102   (82) + (TG)n          Simple_repeat          1     29    (0) 1223  
  262   13.3 13.3  0.0  Sniffles2.INS.408S2     108   152   (32) C MLT1B          LTR/ERVL-MaLR      (195)    195    145 1224  
   31    3.3  0.0  0.0  Sniffles2.INS.408S2     153   183    (1) + (TG)n          Simple_repeat          1     31    (0) 1225  
   28    9.6  0.0  0.0  Sniffles2.INS.409S11      5    49   (23) + (TCACCATCA)n   Simple_repeat          1     45    (0) 1226  
   33    0.0  0.0  0.0  Sniffles2.INS.409S2       1    28  (392) + (GT)n          Simple_repeat          1     28    (0) 1227  
  245   15.6 13.3  0.0  Sniffles2.INS.409S2      38    82  (338) C MLT1B          LTR/ERVL-MaLR      (195)    195    145 1228  
   38    2.8  0.0  0.0  Sniffles2.INS.409S2      83   119  (301) + (TG)n          Simple_repeat          1     37    (0) 1229  
  281   12.8 12.8  0.0  Sniffles2.INS.409S2     129   175  (245) C MLT1B          LTR/ERVL-MaLR      (195)    195    143 1230  
   21   10.5  0.0  0.0  Sniffles2.INS.409S2     176   206  (214) + (TG)n          Simple_repeat          1     31    (0) 1231  
  238   15.9 13.6  0.0  Sniffles2.INS.409S2     212   255  (165) C MLT1B          LTR/ERVL-MaLR      (195)    195    146 1232  
   35    0.0  0.0  0.0  Sniffles2.INS.409S2     256   285  (135) + (GT)n          Simple_repeat          1     30    (0) 1233  
   18   10.5  0.0  0.0  Sniffles2.INS.409S2     340   370   (50) + (TGTG)n        Simple_repeat          1     31    (0) 1234  
  238   15.9 13.6  0.0  Sniffles2.INS.409S2     376   419    (1) C MLT1B          LTR/ERVL-MaLR      (195)    195    146 1232  
  828   15.8  0.0  7.1  Sniffles2.INS.409S38      1   150  (574) C AluJb          SINE/Alu           (162)    140      1 1235  
 2305    9.7  0.3  0.7  Sniffles2.INS.409S38    160   459  (265) C AluSp          SINE/Alu            (14)    299      1 1236  
  317   17.2 10.4  7.4  Sniffles2.INS.409S38    462   605  (119) + ORSL           DNA/hAT-Tip100        82    229   (46) 1237 *
  839   18.2  2.5  2.5  Sniffles2.INS.409S38    567   724    (0) C FRAM           SINE/Alu             (0)    166      9 1238  
  529    2.6  0.0  2.6  Sniffles2.INS.40AS23      1    79    (0) C SVA_F          Retroposon/SVA     (520)    855    779 1239  
   42    0.0  0.0  4.3  Sniffles2.INS.40BS38     13    60    (0) + (ATATATAC)n    Simple_repeat          1     46    (0) 1240  
   69    1.4  2.7  0.0  Sniffles2.INS.40CS1       1    73    (1) + (AGAA)n        Simple_repeat          1     75    (0) 1241  
   19   15.9  4.5  0.0  Sniffles2.INS.40CS35      1    44    (2) + G-rich         Low_complexity         1     46    (0) 1242  
  369   19.8  0.0  5.6  Sniffles2.INS.40DS1      54   128   (14) C AluJb          SINE/Alu           (231)     71      1 1243  
  552   27.5  0.0  0.8  Sniffles2.INS.40FS1     228   359    (0) C MLT1F          LTR/ERVL-MaLR      (405)    143     13 1244  
 1221   17.0  0.8  0.1  Sniffles2.INS.40S6F       1  1192    (1) C ALR/Alpha      Satellite/centr     (74)   1199      1 1245  
 1115   12.3  0.5  0.3  Sniffles2.INS.40SB0       2   682    (0) + ALR/Alpha      Satellite/centr        1    682    (0) 1246  
   33    7.9  5.8  1.4  Sniffles2.INS.410S1      45   113   (41) + (CA)n          Simple_repeat          1     72    (0) 1247  
   53   12.5  0.0  0.0  Sniffles2.INS.411SF       5    91    (6) + (GGTGGA)n      Simple_repeat          1     87    (0) 1248  
   23   22.1  3.6  0.0  Sniffles2.INS.412S35      2    56    (0) + (TA)n          Simple_repeat          1     57    (0) 1249  
   51    0.0  2.0  0.0  Sniffles2.INS.413S37      1    50    (0) + (AAGA)n        Simple_repeat          1     51    (0) 1250  
   29    5.2  2.4  2.4  Sniffles2.INS.415S38      5    46    (4) + (AT)n          Simple_repeat          1     42    (0) 1251  
  341   13.1 13.1  0.0  Sniffles2.INS.416S1       1    61   (45) + LTR64          LTR/ERV1             252    320  (208) 1252  
 2960    0.3  0.0  0.0  Sniffles2.INS.417S1      12   322    (4) + AluYa5         SINE/Alu               1    311    (0) 1253  
   13   26.4  1.7  5.4  Sniffles2.INS.417S23      1     8   (51) + (CAC)n         Simple_repeat          1     51    (0) 1254  
   21   12.9  2.2  2.2  Sniffles2.INS.417S23      9    53    (6) + (CACTAT)n      Simple_repeat          1     45    (0) 1255  
   36   19.6  0.0  8.0  Sniffles2.INS.41AS1       1   108    (2) + (TA)n          Simple_repeat          1    100    (0) 1256  
   28   20.4  4.4  0.0  Sniffles2.INS.41DS37      3    70    (1) + (AT)n          Simple_repeat          1     71    (0) 1257  
   63   13.9  0.8  2.5  Sniffles2.INS.41ES2       1   121    (0) + A-rich         Low_complexity         1    119    (0) 1258  
   42   33.9  3.3  2.8  Sniffles2.INS.41FS3A     23   237    (0) + (AT)n          Simple_repeat          1    216    (0) 1259  
   27   16.9  0.0  0.0  Sniffles2.INS.41S16       1    53    (0) + (ATGGA)n       Simple_repeat          1     53    (0) 1260  
  656   14.8  3.3  0.0  Sniffles2.INS.41S8      390   511 (1699) + LSAU           Satellite             14    139  (359) 1261  
   18   23.2  0.0  3.9  Sniffles2.INS.41S8      631   684 (1526) + (GGT)n         Simple_repeat          1     52    (0) 1262  
 1010   11.7  0.6  0.4  Sniffles2.INS.41S8     1181  2210    (0) C BSR/Beta       Satellite           (47)   1031      1 1263  
   28   12.7  0.0  0.0  Sniffles2.INS.421S1      24    66    (0) + (A)n           Simple_repeat          1     43    (0) 1264  
   29   19.9  4.2  0.0  Sniffles2.INS.421S13      2    73    (0) + (TCTC)n        Simple_repeat          1     75    (0) 1265  
   32   20.4  2.7  0.0  Sniffles2.INS.421S4       1    73    (1) + (AT)n          Simple_repeat          1     75    (0) 1266  
  891   17.3  0.6  0.0  Sniffles2.INS.422S33      2   169    (1) + ALR/Alpha      Satellite/centr        3    171    (0) 1267  
   43    0.0  0.0  2.3  Sniffles2.INS.424S2       7    50    (0) + (TTTC)n        Simple_repeat          1     43    (0) 1268  
 1102   13.1  1.8  0.7  Sniffles2.INS.426S33      1  1186    (0) + ALR/Alpha      Satellite/centr        1   1199    (0) 1269  
   25   23.0  3.0  1.5  Sniffles2.INS.427S37      1    66    (3) + (AT)n          Simple_repeat          1     67    (0) 1270  
  871   16.1  1.0  1.0  Sniffles2.INS.42AS33      1   341    (1) + ALR/Alpha      Satellite/centr        1    341    (0) 1271  
  853   12.4  0.8  0.4  Sniffles2.INS.42BS33      4   169    (1) + ALR/Alpha      Satellite/centr        1    166    (0) 1272  
   23    6.2 11.8  0.0  Sniffles2.INS.42CS2       2    52    (2) + (ATATAC)n      Simple_repeat          1     57    (0) 1273  
 1054    7.3  0.6  0.0  Sniffles2.INS.42S25       1   290    (1) + ACRO1          Satellite/acro         1    291    (0) 1274  
 1649    6.6 21.7  0.0  Sniffles2.INS.42S2B       8   251    (0) + AluY           SINE/Alu               1    297    (4) 1275  
  443   24.5  0.0  0.9  Sniffles2.INS.42S8        3   109  (503) C BSR/Beta       Satellite            (3)    133     28 1276  
 2591   16.1  0.8  0.6  Sniffles2.INS.42S8      112   605    (7) + LSAU           Satellite              3    497    (1) 1277  
 1057   15.2  0.0  0.0  Sniffles2.INS.42SB0       1   342    (0) + ALR/Alpha      Satellite/centr        1    342    (0) 1278  
  545   10.7  0.0 30.1  Sniffles2.INS.42SBD       3   136    (1) + BSR/Beta       Satellite             30    132    (4) 1279  
   39    8.7  8.2  0.0  Sniffles2.INS.430S1       5    77    (0) + (TA)n          Simple_repeat          1     79    (0) 1280  
   46    2.0  2.0  0.0  Sniffles2.INS.430S2       1    50    (1) + (AGGG)n        Simple_repeat          1     51    (0) 1281  
   54    2.5  8.5  0.0  Sniffles2.INS.432S13      1    82    (0) + (AT)n          Simple_repeat          1     89    (0) 1282  
   63   33.8  0.7  5.8  Sniffles2.INS.432S37      1   306    (2) + (CCCT)n        Simple_repeat          1    291    (0) 1283  
   29    3.7 10.9  0.0  Sniffles2.INS.433S13      1    55    (0) + (AT)n          Simple_repeat          1     61    (0) 1284  
  283    4.0  5.9  1.9  Sniffles2.INS.435S35     17    67    (0) C L1P1           LINE/L1           (1984)   4162   4110 1285  
   50    1.5  4.0  4.0  Sniffles2.INS.43AS1       1    74    (3) + (TTCC)n        Simple_repeat          1     74    (0) 1286  
  634   18.1  0.7  0.4  Sniffles2.INS.43BS23      1   191    (4) + D20S16         Satellite              1    191   (13) 1287  
   15    7.5  0.0 12.5  Sniffles2.INS.43BS4       1    36   (15) + (AT)n          Simple_repeat          1     32    (0) 1288  
   51    2.0  0.0  0.0  Sniffles2.INS.43CS2       1    50    (1) + (TTC)n         Simple_repeat          1     50    (0) 1289  
  412   13.1  0.0  1.6  Sniffles2.INS.43CS31      3    64    (7) + Alu            SINE/Alu             237    297    (4) 1290  
   18   12.4  0.0  7.9  Sniffles2.INS.43CS4       1    41   (11) + (AT)n          Simple_repeat          1     38    (0) 1291  
   16   25.3  1.8  3.7  Sniffles2.INS.43ES31      9    63    (0) + (TA)n          Simple_repeat          1     54    (0) 1292  
  663   19.1  0.0  0.0  Sniffles2.INS.43ES33      1   170    (0) + ALR/Alpha      Satellite/centr        1    170    (0) 1293  
   73    0.0  0.0  0.0  Sniffles2.INS.43ES3A      7    68    (0) + (AT)n          Simple_repeat          1     62    (0) 1294  
  390   22.6  2.8  0.9  Sniffles2.INS.43ES4       4   110    (0) C L1MD           LINE/L1           (3119)   3027   2919 1295  
   14   12.2  0.0  0.0  Sniffles2.INS.43S16       1    27  (458) + (AATGG)n       Simple_repeat          1     27    (0) 1296  
  455   18.6  6.6  5.8  Sniffles2.INS.43S16      32   336  (149) C HSATII         Satellite            (4)    307      1 1297  
   19    6.1  5.7  0.0  Sniffles2.INS.43S16     339   373  (112) + (GGAGT)n       Simple_repeat          1     37    (0) 1298  
  300   14.6 13.6  0.0  Sniffles2.INS.43S16     378   480    (5) C HSATII         Satellite            (7)    163     47 1299  
 2058    0.9  0.0  0.5  Sniffles2.INS.43SBD       1   224    (6) + AluYa5         SINE/Alu              79    301   (10) 1300  
 1221   14.8  0.8  0.1  Sniffles2.INS.440S0       1  3308    (0) + ALR/Alpha      Satellite/centr        1   3330    (1) 1301  
   58    0.0  0.0  0.0  Sniffles2.INS.440S37      1    52    (0) + (CTTC)n        Simple_repeat          1     52    (0) 1302  
  102    8.0  5.6  3.0  Sniffles2.INS.441S35      2   199    (4) + (ATATATA)n     Simple_repeat          1    203    (0) 1303  
   59   15.4  3.5  0.8  Sniffles2.INS.442S38      1   115    (0) + (TA)n          Simple_repeat          1    118    (0) 1304  
  249    4.2  0.0  2.1  Sniffles2.INS.443S31      3    51    (0) C SVA_F          Retroposon/SVA     (634)    741    694 1305  
  138   17.0  0.8  0.0  Sniffles2.INS.443S38      3   245    (3) + (TA)n          Simple_repeat          1    245    (0) 1306  
   61    0.0  1.7  0.0  Sniffles2.INS.444S35      1    58    (0) + (AGA)n         Simple_repeat          1     59    (0) 1307  
   16   24.1  2.2  2.2  Sniffles2.INS.445S1      12    57    (0) + (TA)n          Simple_repeat          1     46    (0) 1308  
  866   16.4  1.0  1.0  Sniffles2.INS.448S33      1   341    (1) + ALR/Alpha      Satellite/centr        1    341    (0) 1309  
 1024   12.6  0.6  0.0  Sniffles2.INS.449S33      3   169    (1) + ALR/Alpha      Satellite/centr        1    168    (3) 1310  
   51    0.0  2.0  0.0  Sniffles2.INS.449S3A      1    50    (0) + (AAAG)n        Simple_repeat          1     51    (0) 1311  
 1158   13.7  0.5  0.2  Sniffles2.INS.44CS33      1  1358    (2) + ALR/Alpha      Satellite/centr        1   1361    (0) 1312  
   45    9.4  7.7  0.0  Sniffles2.INS.44CS3A      1    91    (2) + (ATATAAT)n     Simple_repeat          1     98    (0) 1313  
   17   13.7  0.0 12.7  Sniffles2.INS.44ES1       5    66    (0) + A-rich         Low_complexity         1     55    (0) 1314  
  395   19.8  5.9  0.0  Sniffles2.INS.44S23       8   108    (3) + L1MDa          LINE/L1             1597   1703 (4930) 1315  
  287   18.6  0.0  0.0  Sniffles2.INS.44S2B       2    44    (3) + FRAM           SINE/Alu             102    144   (32) 1316  
 1100   16.0  0.3  0.1  Sniffles2.INS.44SB0       1   511    (0) + ALR/Alpha      Satellite/centr        1    512    (0) 1317  
 1053   10.9  0.3  1.3  Sniffles2.INS.44SBD       1   881    (7) + BSR/Beta       Satellite              1    872    (0) 1318  
   23   23.4  0.0  3.6  Sniffles2.INS.450S31      1    57    (1) + (AT)n          Simple_repeat          1     55    (0) 1319  
   19    4.5  0.0  0.0  Sniffles2.INS.450S37    148   170   (33) + (T)n           Simple_repeat          1     23    (0) 1320  
   40    1.9  5.8  0.0  Sniffles2.INS.450S4       4    55   (11) + (ATATATACAT)n  Simple_repeat          1     55    (0) 1321  
  491   12.1  0.0  0.0  Sniffles2.INS.451S1       1    66    (3) + AluSz          SINE/Alu              18     83  (229) 1322  
   34    4.3  0.0  4.0  Sniffles2.INS.455S4       1    52    (1) + (AAGG)n        Simple_repeat          1     50    (0) 1323  
  228   24.7  5.1  1.2  Sniffles2.INS.456S23      3    80   (93) + MER20          DNA/hAT-Charlie      132    212    (7) 1324  
 1124   14.2  1.1  0.3  Sniffles2.INS.457S33      1  1183    (4) + ALR/Alpha      Satellite/centr        1   1192    (0) 1325  
   34    0.0  0.0  8.0  Sniffles2.INS.457S4       1    54    (3) + (AAAG)n        Simple_repeat          1     50    (0) 1326  
  243   18.7  1.9  0.6  Sniffles2.INS.45AS38     64   126    (1) + MER52A         LTR/ERV1            1619   1670   (85) 1327  
  184   15.4  2.5  2.5  Sniffles2.INS.45BS1      23    62    (0) + L2             LINE/L2             2806   2845  (574) 1328  
   45    2.2  0.0  0.0  Sniffles2.INS.45CS31      1    46    (5) + (AGGAAGAAG)n   Simple_repeat          1     46    (0) 1329  
   47    3.7  3.6  0.0  Sniffles2.INS.45FS3A      1    56    (0) + (AC)n          Simple_repeat          1     58    (0) 1330  
   31   26.7  0.0  0.0  Sniffles2.INS.45S16       1    85    (0) + (TGGAG)n       Simple_repeat          1     85    (0) 1331  
 1010   13.2  2.5  0.0  Sniffles2.INS.45SB0       1   332    (1) + ALR/Alpha      Satellite/centr        1    340    (0) 1332  
  201   22.0  2.3  5.6  Sniffles2.INS.460S1       1   659  (192) + (AT)n          Simple_repeat          1    638    (0) 1333  
   37    0.0  2.9  0.0  Sniffles2.INS.460S1     667   701  (150) + (TA)n          Simple_repeat          1     36    (0) 1334  
   34   27.5  1.5  5.3  Sniffles2.INS.460S1     709   845    (6) + (AT)n          Simple_repeat          1    132    (0) 1335  
   25   13.3  0.0  3.9  Sniffles2.INS.461S11      6    58    (0) + (TCCCACC)n     Simple_repeat          1     51    (0) 1336  
  830   12.1  0.4  0.0  Sniffles2.INS.461S33      2   164    (6) + ALR/Alpha      Satellite/centr        1    163    (0) 1337  
  355   12.3  1.5  1.5  Sniffles2.INS.462S13      4    69    (1) C HERVH-int      LTR/ERV1          (7026)    687    622 1338  
 1169   14.6  1.2  0.0  Sniffles2.INS.462S33      1   676    (0) + ALR/Alpha      Satellite/centr        1    683    (0) 1339  
  262   13.8  0.0  3.7  Sniffles2.INS.464S23      1    57    (0) C FLAM_C         SINE/Alu            (98)     35      1 1340  
   13   16.2  0.0  0.0  Sniffles2.INS.465S2      22    49  (486) + GA-rich        Low_complexity         1     28    (0) 1341  
   41    0.0  0.0  0.0  Sniffles2.INS.465S2     370   404  (131) + (AC)n          Simple_repeat          1     35    (0) 1342  
  346   16.9  0.0  3.5  Sniffles2.INS.466S13      2    60    (1) C AluYh3         SINE/Alu           (254)     57      1 1343  
  255   13.7  9.5  1.2  Sniffles2.INS.467S35      6    79   (35) + L1M5           LINE/L1             5747   5826  (298) 1344  
   12   17.6  0.0  0.0  Sniffles2.INS.46ES31     38    64    (0) + A-rich         Low_complexity         1     27    (0) 1345  
   54    0.0  5.8  5.8  Sniffles2.INS.46ES37      1    86    (1) + (TA)n          Simple_repeat          1     86    (0) 1346  
  412   25.1  0.2  0.0  Sniffles2.INS.46S2B       1   950    (3) + (GAATG)n       Satellite              1    952    (0) 1347  
 1090   15.4  0.5  0.2  Sniffles2.INS.46SB0       1   852    (0) + ALR/Alpha      Satellite/centr        1    854    (0) 1348  
   27    9.6  4.4  0.0  Sniffles2.INS.472S37      7    51    (0) + (TA)n          Simple_repeat          1     47    (0) 1349  
   42   11.9  4.0  0.0  Sniffles2.INS.473S23      1    74    (2) + (TA)n          Simple_repeat          1     77    (0) 1350  
  539   14.3  3.3  7.8  Sniffles2.INS.473S35      9   129   (21) + AluJb          SINE/Alu               2    117  (185) 1351  
   29    4.9  0.0  4.5  Sniffles2.INS.476S23      1    46    (5) + (ATATGATC)n    Simple_repeat          1     44    (0) 1352  
  350   19.2  4.1  0.0  Sniffles2.INS.47FS38      4    76   (32) C AluY           SINE/Alu           (108)    193    118 1353  
 1054    7.5  0.7  0.0  Sniffles2.INS.47S25       3   290    (0) C ACRO1          Satellite/acro      (24)    289      1 1354  
  367   15.4  0.0  0.0  Sniffles2.INS.47S2B       1    52    (3) + AluSz6         SINE/Alu             226    277   (35) 1355  
  736   14.5  0.0  0.5  Sniffles2.INS.47S8        1   136    (0) C BSR/Beta       Satellite           (14)    135      1 1356  
  420   10.1 10.9  1.8  Sniffles2.INS.481S38      2   102   (18) C L1P2           LINE/L1           (4352)   1832   1723 1357  
   41    0.0  4.4  0.0  Sniffles2.INS.482S31      1    45    (5) + (GAAA)n        Simple_repeat          1     47    (0) 1358  
   36    6.7  0.0  0.0  Sniffles2.INS.487S13      1    47    (3) + (CTCTCT)n      Simple_repeat          1     47    (0) 1359  
  585   20.4  0.9  0.0  Sniffles2.INS.489S37    307   419    (4) C Tigger5b       DNA/TcMar-Tigger     (0)    472    359 1360  
  228   18.6 15.2  0.0  Sniffles2.INS.48AS35      6    64    (0) C THE1D          LTR/ERVL-MaLR      (277)    104     37 1361  
   16   10.5  7.0  2.2  Sniffles2.INS.48BS31      3    45    (5) + (ATATGTC)n     Simple_repeat          1     45    (0) 1362  
   43    4.3  0.0  0.0  Sniffles2.INS.48CS1       1    48    (2) + (GAGAAG)n      Simple_repeat          1     48    (0) 1363  
   47    0.0  0.0  0.0  Sniffles2.INS.48CS35      1    43    (9) + (AGGA)n        Simple_repeat          1     43    (0) 1364  
   27    8.4  5.6  3.6  Sniffles2.INS.48ES13      1    54    (5) + (AC)n          Simple_repeat          1     55    (0) 1365  
 1054    7.8  0.6  0.0  Sniffles2.INS.48S25       1   581    (1) C ACRO1          Satellite/acro       (1)    584      1 1366  
  358   16.1  0.0  0.0  Sniffles2.INS.48S2B      16    71   (63) + Alu            SINE/Alu             225    280   (22) 1367  
  333   20.6  0.0  2.9  Sniffles2.INS.48S2B      46   125    (9) + AluJb          SINE/Alu             204    278   (24) 1368 *
  449   12.3  0.0  0.0  Sniffles2.INS.48S58       1    73    (0) + ALR/Alpha      Satellite/centr       58    130   (41) 1369  
 1166   14.1  1.1  0.2  Sniffles2.INS.48SB0       4  1177    (6) + ALR/Alpha      Satellite/centr        1   1184    (0) 1370  
  107   11.4  4.3  0.0  Sniffles2.INS.496S23      1   186    (1) + (CAC)n         Simple_repeat          1    194    (0) 1371  
   22   24.0  1.4  2.9  Sniffles2.INS.497S3A      3    72    (1) + (GGTGTG)n      Simple_repeat          1     69    (0) 1372  
   15    5.5  0.0  0.0  Sniffles2.INS.49AS3A     30    48    (5) + (A)n           Simple_repeat          1     19    (0) 1373  
   54    0.0  0.0  0.0  Sniffles2.INS.49AS4       4    52    (0) + (AAGG)n        Simple_repeat          1     49    (0) 1374  
 1040    7.2  0.0  0.0  Sniffles2.INS.49S25       5   292    (1) + ACRO1          Satellite/acro         1    288    (0) 1375  
  780    6.6  0.0  0.0  Sniffles2.INS.49S58       1   111    (1) + ALR/Alpha      Satellite/centr        1    111    (0) 1376  
 1141    9.8 11.6  2.0  Sniffles2.INS.49S6        3   394    (2) + GSATII         Satellite/centr        1    429    (0) 1377  
 2653   13.7  1.2  0.8  Sniffles2.INS.49S8        8   501 (2266) + LSAU           Satellite              3    498    (0) 1378  
  690   13.7  0.7  9.7  Sniffles2.INS.49S8     1953  2098  (669) + LSAU           Satellite              6    139  (359) 1379  
   13   14.4  2.3  7.1  Sniffles2.INS.49S8     2217  2260  (507) + G-rich         Low_complexity         1     42    (0) 1380  
  795   16.5  0.4  0.0  Sniffles2.INS.49SB0       5   167    (0) + ALR/Alpha      Satellite/centr        1    163    (0) 1381  
   18    3.8  0.0  3.6  Sniffles2.INS.4A2S37     37    67   (64) + (CAAA)n        Simple_repeat          1     29    (0) 1382  
 1028   10.9  0.0  4.1  Sniffles2.INS.4A4S1       1   166    (1) + AluSx          SINE/Alu              27    302    (0) 1383  
   34    8.8  4.8  0.0  Sniffles2.INS.4A4S35      1    62    (0) + (TA)n          Simple_repeat          1     65    (0) 1384  
 1106   13.9  1.1  0.1  Sniffles2.INS.4A8S33     11   508    (0) + ALR/Alpha      Satellite/centr        1    503    (0) 1385  
 1186    0.8  0.0  0.8  Sniffles2.INS.4AAS1       5   134    (1) + AluYe5         SINE/Alu              20    148  (162) 1386  
  381    9.8  6.6  0.0  Sniffles2.INS.4AS2        1    61 (1128) + L1M4           LINE/L1             3397   3461 (2685) 1387  
  706   12.2  3.1  0.0  Sniffles2.INS.4AS2       63   160 (1029) + U6             snRNA                  2    102    (5) 1388  
  295   25.7  1.1  8.1  Sniffles2.INS.4AS2      202   225  (964) C SVA_A          Retroposon/SVA    (1170)    217    200 1389  
 1366   13.1  0.0  0.0  Sniffles2.INS.4AS2      226   416  (773) + AluSx          SINE/Alu               1    191  (111) 1390  
 1045   13.2  6.2  1.5  Sniffles2.INS.4AS2      417   608  (581) + L1M4           LINE/L1             3588   3788 (2358) 1391  
 2353    9.3  0.0  0.0  Sniffles2.INS.4AS2      609   909  (280) + AluSg          SINE/Alu               1    301    (9) 1392  
  742   18.6  0.0  0.7  Sniffles2.INS.4AS2      911  1051  (138) + L1M4           LINE/L1             3778   3917 (2229) 1391  
  577   20.6  5.6  2.0  Sniffles2.INS.4AS2     1046  1189    (0) + L1M4           LINE/L1             4695   4843 (1303) 1391 *
  734   19.1  0.0  0.0  Sniffles2.INS.4ASB0       1   168    (3) + ALR/Alpha      Satellite/centr        1    168    (0) 1393  
   57    1.8  0.0  0.0  Sniffles2.INS.4B1S3A      4    59    (0) + (AGGA)n        Simple_repeat          1     56    (0) 1394  
  514   10.0  1.2  2.5  Sniffles2.INS.4B2S37     45   126  (651) C MER50          LTR/ERV1           (222)    512    432 1395 *
 1300   13.1  5.5  6.0  Sniffles2.INS.4B2S37    124   358  (419) C MER50          LTR/ERV1           (500)    234      1 1395  
 2294   17.1  1.4  0.7  Sniffles2.INS.4B2S37    360   776    (1) C L1MA5A         LINE/L1            (374)   5923   5504 1396  
  120   10.4  4.2  1.4  Sniffles2.INS.4B5S13      5   222    (0) + (TCCCCT)n      Simple_repeat          1    224    (0) 1397  
   95   12.6  2.9  4.4  Sniffles2.INS.4B5S4       1   209    (0) + GA-rich        Low_complexity         1    206    (0) 1398  
   41   19.8  0.0  0.0  Sniffles2.INS.4BCS35      2    78    (1) + G-rich         Low_complexity         1     77    (0) 1399  
  249   21.7  0.0  0.0  Sniffles2.INS.4BS2B       4    49   (11) + AluJr4         SINE/Alu             234    279   (33) 1400  
  598   20.8  2.4  0.0  Sniffles2.INS.4BS8        3   127    (0) C BSR/Beta       Satellite            (0)    136      9 1401  
 1122   14.9  0.2  0.0  Sniffles2.INS.4BSB0       1   512    (0) + ALR/Alpha      Satellite/centr        1    512    (0) 1402  
   30    2.2  6.4  0.0  Sniffles2.INS.4C2S4       4    50    (0) + (GGGAGG)n      Simple_repeat          1     50    (0) 1403  
   47    4.3  2.6  4.0  Sniffles2.INS.4C3S1      20    96    (8) + (TATATAG)n     Simple_repeat          1     76    (0) 1404  
  583   27.6  2.2  1.1  Sniffles2.INS.4C9S1       1   183   (46) C LTR8B          LTR/ERV1            (40)    780    596 1405  
  251   16.8  2.5  2.9  Sniffles2.INS.4CAS3A      2   562    (0) + (AT)n          Simple_repeat          1    559    (0) 1406  
   33    1.9  8.5  3.2  Sniffles2.INS.4CBS35      5    63    (2) + (AT)n          Simple_repeat          1     62    (0) 1407  
   36    0.0  9.1  0.0  Sniffles2.INS.4CDS31      1    55    (0) + (AAGA)n        Simple_repeat          1     60    (0) 1408  
   15   46.0  0.0  1.1  Sniffles2.INS.4CES35      5    94   (17) + (TA)n          Simple_repeat          1     89    (0) 1409  
  939    8.6  0.0  0.4  Sniffles2.INS.4CS58       1   171    (0) + ALR/Alpha      Satellite/centr        1    170    (0) 1410  
  362   15.6  1.6  0.0  Sniffles2.INS.4CS8        3    66    (0) C BSR/Beta       Satellite            (4)    132     68 1411  
  873   17.1  0.0  0.0  Sniffles2.INS.4CSB0       1   168    (3) + ALR/Alpha      Satellite/centr        1    168    (1) 1412  
   37   13.8  0.0  4.0  Sniffles2.INS.4D1S31      1    77    (0) + (TATAATA)n     Simple_repeat          1     74    (0) 1413  
  265   15.7  5.9  0.0  Sniffles2.INS.4D1S3A      5    55   (20) + MER11A         LTR/ERVK             502    555  (711) 1414  
   24   16.5  0.0  4.1  Sniffles2.INS.4D6S13      1    51    (4) + (AT)n          Simple_repeat          1     49    (0) 1415  
 1125    6.7  0.7  0.0  Sniffles2.INS.4D6S35      1   135    (0) C AluYi6_4d      SINE/Alu           (155)    156     21 1416  
   18   36.1  1.1  8.0  Sniffles2.INS.4D8S3A      6   179   (12) + (TATG)n        Simple_repeat          1    163    (0) 1417  
   40    4.5  2.1  0.0  Sniffles2.INS.4D9S38      1    47   (10) + (TA)n          Simple_repeat          1     48    (0) 1418  
 2341    5.8  0.0  0.0  Sniffles2.INS.4DFS4      23   297   (67) C AluSc          SINE/Alu            (10)    299     25 1419  
 1200    9.2  0.7  0.3  Sniffles2.INS.4DS58       1   677    (3) + ALR/Alpha      Satellite/centr        1    679    (0) 1420  
  887   15.8  1.6  0.2  Sniffles2.INS.4DSB0       5   335    (0) + ALR/Alpha      Satellite/centr        1    335    (0) 1421  
   22   23.0  0.0  1.9  Sniffles2.INS.4E1S35      1    53    (3) + (AT)n          Simple_repeat          1     52    (0) 1422  
   19    9.8  8.9  0.0  Sniffles2.INS.4E3S4       1    45    (6) + G-rich         Low_complexity         1     49    (0) 1423  
  319   21.6  6.8  0.0  Sniffles2.INS.4E4S35      6    79   (11) C AluSx          SINE/Alu           (223)     79      1 1424  
  291    9.1 18.2  0.0  Sniffles2.INS.4E5S1     219   273    (0) + AluSx          SINE/Alu               1     65  (237) 1425  
   55   15.6  0.0  1.0  Sniffles2.INS.4E5S35      1    99    (0) + GA-rich        Low_complexity         1     98    (0) 1426  
   38   13.6  0.0  0.0  Sniffles2.INS.4E5S37      1    65    (0) + (TAGTG)n       Simple_repeat          1     65    (0) 1427  
  352    9.8  0.0  0.0  Sniffles2.INS.4E8S38      2    52    (3) + L1P5           LINE/L1             5730   5780  (371) 1428  
   32   15.2  0.0  4.3  Sniffles2.INS.4EAS35      6    77    (2) + (GTGGT)n       Simple_repeat          1     69    (0) 1429  
  654   26.2  5.8  0.1  Sniffles2.INS.4EBS1       1   264  (236) + L1M5           LINE/L1             5502   5778  (402) 1430  
  777   16.7  6.2  0.0  Sniffles2.INS.4EBS1     283   490   (10) + L1M5           LINE/L1             5265   5491  (953) 1431  
  366   18.1  1.4  1.4  Sniffles2.INS.4ECS4      20    92   (25) C MLT1C2         LTR/ERVL-MaLR      (315)    146     74 1432  
   59    9.0  0.0  0.0  Sniffles2.INS.4EDS35      1    85  (391) + (TTCC)n        Simple_repeat          1     85    (0) 1433  
  265    3.9  2.0  0.0  Sniffles2.INS.4EDS35     86   380   (96) + (TC)n          Simple_repeat          1    301    (0) 1434  
   82    0.0  0.0  1.1  Sniffles2.INS.4EDS35    381   476    (0) + (TTCT)n        Simple_repeat          1     95    (0) 1435  
   44    0.0  4.3  0.0  Sniffles2.INS.4EDS37      1    47    (3) + (AAAG)n        Simple_repeat          1     49    (0) 1436  
  775    0.0  1.0  0.0  Sniffles2.INS.4EDS4       3   682    (0) + (TC)n          Simple_repeat          1    687    (0) 1437  
  335   15.7  0.0  0.0  Sniffles2.INS.4ES2B      46    96    (4) + Alu            SINE/Alu              90    140   (26) 1438  
  331   15.1  0.0  0.0  Sniffles2.INS.4ES4        1    53  (116) C MER3           DNA/hAT-Charlie     (13)    196    144 1439  
 1227   10.6  0.3  0.6  Sniffles2.INS.4ES58       1   682    (1) + ALR/Alpha      Satellite/centr        1    679    (0) 1440  
  670   14.7  0.5  0.0  Sniffles2.INS.4ES8        1   136    (0) C BSR/Beta       Satellite           (25)    136      1 1441  
  543   12.0  1.3  0.0  Sniffles2.INS.4F4S3A      1    75    (2) + AluYb9         SINE/Alu             115    190  (128) 1442  
 1417    5.6  0.0  9.9  Sniffles2.INS.4F6S1       7   360    (0) + SVA_F          Retroposon/SVA       508    829  (546) 1443  
 1041    6.3  0.4 15.9  Sniffles2.INS.4F8S1       1   492   (17) + SVA_F          Retroposon/SVA       434    862  (520) 1444  
   80   28.3  2.6  0.7  Sniffles2.INS.4F8S37     76   345    (2) + (CTCACC)n      Simple_repeat          1    275    (0) 1445  
   78    6.7  0.0  0.0  Sniffles2.INS.4F9S35      7   102    (0) + (CAC)n         Simple_repeat          1     96    (0) 1446  
  859    1.6  0.0  1.6  Sniffles2.INS.4F9S3A      2   128    (0) + SVA_F          Retroposon/SVA       705    829  (546) 1447  
   18   15.8  2.1  4.3  Sniffles2.INS.4FAS23      3    50    (0) + GA-rich        Low_complexity         1     47    (0) 1448  
   28    4.3 10.4  0.0  Sniffles2.INS.4FBS1       4    51    (0) + (TA)n          Simple_repeat          1     53    (0) 1449  
  380   14.8  8.4  1.1  Sniffles2.INS.4FES0       1   980    (0) + (CATTT)n       Simple_repeat          1   1050    (0) 1450  
 4088   16.6  0.7  0.0  Sniffles2.INS.4FFS31      1   620    (0) C THE1-int       LTR/ERVL-MaLR      (446)   1134    511 1451  
   29   28.2  1.3  0.0  Sniffles2.INS.4FFS4       1    77   (10) + GA-rich        Low_complexity         1     78    (0) 1452  
  280    6.4  2.1  2.1  Sniffles2.INS.4FS23       3    50   (18) C L1P1           LINE/L1           (1851)   4295   4248 1453  
  238   21.3  0.0  0.0  Sniffles2.INS.4FS2B       2    48    (4) + AluJb          SINE/Alu             234    280   (22) 1454  
  731   21.8  0.7  1.7  Sniffles2.INS.4FS8        1   406    (0) C BSR/Beta       Satellite           (25)    401      1 1455  
   72    3.7 11.4  2.1  Sniffles2.INS.4S26        6   181    (1) + (TA)n          Simple_repeat          1    192    (0) 1456  
 1555    0.6  0.0  0.0  Sniffles2.INS.4S28        1   168   (85) + LSU-rRNA_Hsa   rRNA                4216   4383  (652) 1457  
  721    3.5  0.0  0.0  Sniffles2.INS.4S28      167   253    (0) + LSU-rRNA_Hsa   rRNA                4129   4215  (820) 1458 *
  906   18.2  1.5  0.7  Sniffles2.INS.4S2F        1   339    (0) + ALR/Alpha      Satellite/centr        1    341    (0) 1459  
 1213   15.7  1.3  0.7  Sniffles2.INS.4S30        1   679    (0) + ALR/Alpha      Satellite/centr        1    682    (0) 1460  
  274   17.1 12.9  0.0  Sniffles2.INS.4S32        3    72    (0) + L1MB2          LINE/L1             5976   6054  (117) 1461  
  720   14.9  3.5 11.5  Sniffles2.INS.4S8         1   541    (1) + BSR/Beta       Satellite              1    498    (4) 1462  
  104    5.8  0.8  0.8  Sniffles2.INS.4SA7       45   172  (544) + (TC)n          Simple_repeat          1    128    (0) 1463  
   13    9.6  0.0  0.0  Sniffles2.INS.4SA7      175   197  (519) + (CCCT)n        Simple_repeat          1     23    (0) 1464  
   20   16.1  3.3  5.0  Sniffles2.INS.4SA7      616   676   (40) + (TTCT)n        Simple_repeat          1     60    (0) 1465  
   41    2.5  0.0  0.0  Sniffles2.INS.4SA7      677   716    (0) + (TC)n          Simple_repeat          1     40    (0) 1466  
  356    9.6  0.0  0.0  Sniffles2.INS.4SB4        1    52   (21) C L1P1           LINE/L1           (6101)     54      3 1467  
   30   17.4  0.0  0.0  Sniffles2.INS.4SBD        6    64    (0) + (TCCAT)n       Simple_repeat          1     59    (0) 1468  
  243   10.3  0.0  0.0  Sniffles2.INS.501S38      1   343    (4) + (A)n           Simple_repeat          1    343    (0) 1469  
   20    7.5 14.3  0.0  Sniffles2.INS.502S0       4    59    (4) + (TCATT)n       Simple_repeat          1     64    (0) 1470  
  215   21.9  6.2  1.5  Sniffles2.INS.502S31     53   117    (0) + MIRb           SINE/MIR              45    112  (156) 1471  
   60    0.0  0.0  0.0  Sniffles2.INS.503S1       1    51    (0) + (AT)n          Simple_repeat          1     51    (0) 1472  
   29    6.8  1.9  6.0  Sniffles2.INS.503S31      1    52    (5) + (TA)n          Simple_repeat          1     50    (0) 1473  
 1150   14.5  0.9  0.2  Sniffles2.INS.504S33      1  1530    (0) + ALR/Alpha      Satellite/centr        1   1540    (0) 1474  
   28   10.0  0.0  0.0  Sniffles2.INS.505S35      1    44    (1) + (CCCTC)n       Simple_repeat          1     44    (0) 1475  
   19    4.5  0.0  0.0  Sniffles2.INS.509S1     212   234  (330) + (T)n           Simple_repeat          1     23    (0) 1476  
  229   31.1  0.0  0.0  Sniffles2.INS.509S1     420   493   (71) C MIR3           SINE/MIR            (64)    144     71 1477  
  202   16.0  1.9  3.9  Sniffles2.INS.50DS1       3    54   (10) C MIR            SINE/MIR            (94)    168    118 1478  
   31   23.4  0.0  0.0  Sniffles2.INS.50S2B      11    85   (72) + (AGTGG)n       Simple_repeat          1     75    (0) 1479  
  321   21.4  0.0  0.0  Sniffles2.INS.50S2B      97   152    (5) + Alu            SINE/Alu              89    144   (22) 1480  
  862   14.4  0.0  0.8  Sniffles2.INS.50SB0       5   169    (0) + ALR/Alpha      Satellite/centr        1    163    (0) 1481  
   51    0.0  3.9  0.0  Sniffles2.INS.510S3A      1    51    (0) + (AG)n          Simple_repeat          1     53    (0) 1482  
  215    6.8  2.3  2.6  Sniffles2.INS.511S23      2   348    (4) + (TCC)n         Simple_repeat          1    346    (0) 1483  
  276    5.1 33.9  0.0  Sniffles2.INS.514S38     45   103    (0) C AluY           SINE/Alu             (4)    297    219 1484  
   25   17.4  0.0  0.0  Sniffles2.INS.516S38     44    88    (1) + (T)n           Simple_repeat          1     45    (0) 1485  
  295   28.7  0.0  6.6  Sniffles2.INS.516S4      48   144    (0) C L2a            LINE/L2             (11)   3415   3325 1486  
   20   17.8  2.5  0.0  Sniffles2.INS.517S31      1    40   (12) + (AT)n          Simple_repeat          1     41    (0) 1487  
  844    2.0  0.0  2.0  Sniffles2.INS.519S3A      1   102 (4309) C MER9a2         LTR/ERVK           (413)    100      1 1488  
11631    5.9  0.5  0.6  Sniffles2.INS.519S3A    103  1543 (2868) C HERVK9-int     LTR/ERVK             (0)   6021   4582 1488  
 1832    5.7  0.4  0.4  Sniffles2.INS.519S3A   1530  1760 (2651) C HERVK9-int     LTR/ERVK          (2068)   3953   3723 1488 *
14022    5.0  0.2  0.1  Sniffles2.INS.519S3A   1761  3431  (980) C HERVK9-int     LTR/ERVK          (3223)   2798   1126 1488  
 4705    5.3  2.1  0.2  Sniffles2.INS.519S3A   3434  4002  (409) C HERVK9-int     LTR/ERVK          (5441)    580      1 1488  
 3270    7.8  1.0  0.0  Sniffles2.INS.519S3A   4003  4410    (1) C MER9a2         LTR/ERVK             (0)    513    102 1488  
  618    7.3  0.0  4.0  Sniffles2.INS.51DS1       1   129    (2) C SVA_A          Retroposon/SVA     (642)    745    622 1489  
   32    0.0  2.3  4.8  Sniffles2.INS.51ES38      5    47    (3) + (TATATAT)n     Simple_repeat          1     42    (0) 1490  
  905    9.4  0.0  0.0  Sniffles2.INS.51S24       1   169    (1) + ALR/Alpha      Satellite/centr        1    169    (0) 1491  
  280   23.2  0.0  0.0  Sniffles2.INS.51S2B      12    67    (6) + Alu            SINE/Alu             225    280   (22) 1492  
   13   11.5  0.0  6.5  Sniffles2.INS.51S6        2    34   (69) + (CGCGTG)n      Simple_repeat          1     31    (0) 1493  
   32    0.0  5.4  0.0  Sniffles2.INS.51S6       67   103    (0) + (GCGTGCG)n     Simple_repeat          1     39    (0) 1494  
 1169   13.8  0.7  0.0  Sniffles2.INS.51SB0       1   677    (3) + ALR/Alpha      Satellite/centr        1    681    (0) 1495  
  504   11.7 12.5  0.8  Sniffles2.INS.522S38     10   121    (0) C AluSx          SINE/Alu           (170)    132      8 1496  
   24    9.9  0.0  4.4  Sniffles2.INS.524S23      3    49   (86) + (AAAAAAT)n     Simple_repeat          1     45    (0) 1497  
   45    3.5  1.6  3.3  Sniffles2.INS.524S23     54   115   (20) + (AAT)n         Simple_repeat          1     61    (0) 1498  
   28   27.2  2.6  2.6  Sniffles2.INS.527S37     16   130   (12) + (CCTCC)n       Simple_repeat          1    115    (0) 1499  
   46    1.5  8.7  1.4  Sniffles2.INS.52AS1       3    71    (0) + (AT)n          Simple_repeat          1     74    (0) 1500  
 1238   13.7  0.6  0.3  Sniffles2.INS.52AS33      1  1533    (0) C ALR/Alpha      Satellite/centr     (49)   1536      1 1501  
  192    0.0 11.8  2.4  Sniffles2.INS.52BS1       4   350    (0) + (TA)n          Simple_repeat          1    379    (0) 1502  
 1277   13.4  0.8  0.5  Sniffles2.INS.52CS33      3  1364    (0) C ALR/Alpha      Satellite/centr      (0)   1365      1 1503  
   17   17.5  4.4  0.0  Sniffles2.INS.52CS3A      9    53    (0) + (CATGTA)n      Simple_repeat          1     47    (0) 1504  
   65    6.1  4.7  3.0  Sniffles2.INS.52ES31      1   129    (7) + (ATATGCATAT)n  Simple_repeat          1    131    (0) 1505  
  254   11.5  1.9  0.0  Sniffles2.INS.52ES35     16    67  (192) + MSTA           LTR/ERVL-MaLR         58    110  (318) 1506  
  258   11.5  1.9  0.0  Sniffles2.INS.52ES35     68   119  (140) + MSTA           LTR/ERVL-MaLR         58    110  (318) 1506  
  258   11.5  1.9  0.0  Sniffles2.INS.52ES35    120   171   (88) + MSTA           LTR/ERVL-MaLR         58    110  (318) 1506  
  242    9.8  3.9  0.0  Sniffles2.INS.52ES35    172   222   (37) + MSTA           LTR/ERVL-MaLR         58    110  (318) 1506  
  376   29.5  4.9  0.8  Sniffles2.INS.52FS22      2   124    (2) C MIR            SINE/MIR            (21)    241    114 1507  
   36   13.5  0.0  0.0  Sniffles2.INS.52S17       1    57    (0) + (A)n           Simple_repeat          1     57    (0) 1508  
   34   10.4  0.0  0.0  Sniffles2.INS.52S5        1    53    (0) + (AAAG)n        Simple_repeat          1     53    (0) 1509  
  774   14.2  0.8  0.0  Sniffles2.INS.52SB0       1   169    (0) + ALR/Alpha      Satellite/centr        1    170    (0) 1510  
   33    7.2  6.7  0.0  Sniffles2.INS.531S38      1    60    (2) + (TA)n          Simple_repeat          1     64    (0) 1511  
   58   34.8  0.0  1.1  Sniffles2.INS.535S38      3   192    (2) + (AT)n          Simple_repeat          1    188    (0) 1512  
  355   16.4  2.7  1.3  Sniffles2.INS.538S3A      1    74    (0) C L1P3           LINE/L1           (1990)   4156   4082 1513  
   30    9.5 11.8  0.0  Sniffles2.INS.539S23      6    73    (1) + (AT)n          Simple_repeat          1     76    (0) 1514  
  267   11.9  4.8  0.0  Sniffles2.INS.539S4       2    43   (11) C MER4C          LTR/ERV1            (20)    445    402 1515  
   37    8.5  1.5  3.0  Sniffles2.INS.53AS1       9    75    (0) + (AT)n          Simple_repeat          1     66    (0) 1516  
   60    0.0  4.8  0.0  Sniffles2.INS.53AS22      1    62    (0) + (TA)n          Simple_repeat          1     65    (0) 1517  
   30    8.5  3.9  0.0  Sniffles2.INS.53FS1       2    52    (1) + (AAGA)n        Simple_repeat          1     53    (0) 1518  
 1120   13.0  0.0  0.1  Sniffles2.INS.53S24       2   854    (1) + ALR/Alpha      Satellite/centr        1    852    (8) 1519  
  303   20.0  3.3  0.0  Sniffles2.INS.53S2B       4    63    (1) + Alu            SINE/Alu              89    150   (16) 1520  
  283   14.6  0.0  0.0  Sniffles2.INS.53S33       3    50    (5) C L1M4           LINE/L1            (737)   5447   5400 1521  
 1299   10.6  0.3  0.0  Sniffles2.INS.53S58       1  1875    (0) + ALR/Alpha      Satellite/centr        1   1881    (0) 1522  
  848   15.2  0.0  0.0  Sniffles2.INS.53SB0       5   168    (0) + ALR/Alpha      Satellite/centr        1    164    (0) 1523  
  283   22.4  0.0  1.5  Sniffles2.INS.53SBD       1    68    (1) C BSR/Beta       Satellite           (61)     75      9 1524  
   49   12.5  7.7  0.0  Sniffles2.INS.541S31      2   105    (1) + (AT)n          Simple_repeat          1    112    (0) 1525  
   34   15.2  0.0  0.0  Sniffles2.INS.544S35      1    60    (0) + (CCAC)n        Simple_repeat          1     60    (0) 1526  
 1001   11.5  0.0  0.6  Sniffles2.INS.545S0       1   157    (0) + SVA_A          Retroposon/SVA       450    605  (782) 1527  
   70    0.0  0.0  0.0  Sniffles2.INS.546S22      1    62    (1) + (AGAA)n        Simple_repeat          1     62    (0) 1528  
  240   15.0  0.0  0.0  Sniffles2.INS.546S23     27    66  (351) C L1M5           LINE/L1           (1363)   4783   4744 1529 *
  253   12.5  0.0  0.0  Sniffles2.INS.546S23     65   104  (313) C L1M5           LINE/L1           (1363)   4783   4744 1529 *
  286    8.2  0.0  0.5  Sniffles2.INS.546S23     98   142  (275) C L1M5           LINE/L1           (1360)   4786   4744 1529  
  253   12.5  0.0  0.0  Sniffles2.INS.546S23    178   217  (200) C L1M5           LINE/L1           (1363)   4783   4744 1529 *
  270   10.7  0.0  0.5  Sniffles2.INS.546S23    211   255  (162) C L1M5           LINE/L1           (1360)   4786   4744 1529  
  246    9.4  0.0  0.0  Sniffles2.INS.546S23    291   330   (87) C L1M5           LINE/L1           (1363)   4783   4744 1529  
  235   15.0  0.0  0.0  Sniffles2.INS.546S23    366   405   (12) C L1M5           LINE/L1           (1363)   4783   4744 1529  
  240   15.0  0.0  0.0  Sniffles2.INS.547S23     27    66  (578) C L1M5           LINE/L1           (1363)   4783   4744 1530 *
  253   12.5  0.0  0.0  Sniffles2.INS.547S23     65   104  (540) C L1M5           LINE/L1           (1363)   4783   4744 1530 *
  286    8.2  0.0  0.5  Sniffles2.INS.547S23     98   142  (502) C L1M5           LINE/L1           (1360)   4786   4744 1530  
  253   12.5  0.0  0.0  Sniffles2.INS.547S23    178   217  (427) C L1M5           LINE/L1           (1363)   4783   4744 1530 *
  270   10.7  0.0  0.5  Sniffles2.INS.547S23    211   255  (389) C L1M5           LINE/L1           (1360)   4786   4744 1530  
  246    9.4  0.0  0.0  Sniffles2.INS.547S23    291   330  (314) C L1M5           LINE/L1           (1363)   4783   4744 1530  
  235   15.0  0.0  0.0  Sniffles2.INS.547S23    366   405  (239) C L1M5           LINE/L1           (1363)   4783   4744 1530  
  271   10.7  0.0  0.5  Sniffles2.INS.547S23    459   503  (141) C L1M5           LINE/L1           (1360)   4786   4744 1530  
  240   15.0  0.0  0.0  Sniffles2.INS.547S23    540   579   (65) C L1M5           LINE/L1           (1363)   4783   4744 1530 *
  270   10.7  0.0  0.5  Sniffles2.INS.547S23    573   617   (27) C L1M5           LINE/L1           (1360)   4786   4744 1530  
  420    3.5  0.0  0.0  Sniffles2.INS.547S33      1    58    (0) C Alu            SINE/Alu           (243)     58      1 1531  
  570   13.6  7.8  0.0  Sniffles2.INS.54BS22      1   103    (4) C FRAM           SINE/Alu            (27)    139     29 1532  
   14   19.2  7.3  1.7  Sniffles2.INS.54DS0    1149  1203  (206) + (GCCAGA)n      Simple_repeat          1     58    (0) 1533  
   12   23.2  3.2  6.6  Sniffles2.INS.54DS23     67   129   (77) + (TCC)n         Simple_repeat          1     61    (0) 1534  
 2028   18.7  1.6  0.7  Sniffles2.INS.54ES35      1   431  (105) + L1MB4          LINE/L1             5746   6180    (0) 1535  
  304   17.5  4.4  3.4  Sniffles2.INS.54S1        5    91   (10) + L1PREC2        LINE/L1             6046   6122   (38) 1536  
  282    8.9  0.0  0.0  Sniffles2.INS.54S25       2    57    (1) C TAR1           Satellite/subtelo  (847)   1263   1208 1537  
   17    8.8  0.0  0.0  Sniffles2.INS.54S3A       4    27   (23) + (A)n           Simple_repeat          1     24    (0) 1538  
  354   19.7  0.0  0.0  Sniffles2.INS.54SBD       1    66    (0) C BSR/Beta       Satellite           (47)     89     24 1539  
   37    2.1  0.0  3.9  Sniffles2.INS.551S0       1    53    (0) + (AAGA)n        Simple_repeat          1     51    (0) 1540  
   24   25.0  1.6  0.0  Sniffles2.INS.551S31      1    62    (0) + (AT)n          Simple_repeat          1     63    (0) 1541  
  130    0.0  0.0  0.0  Sniffles2.INS.553S0       1   113    (0) + (C)n           Simple_repeat          1    113    (0) 1542  
   34    2.9  0.0  0.0  Sniffles2.INS.553S4       9    44   (14) + (T)n           Simple_repeat          1     36    (0) 1543  
   45    9.8  2.6  0.0  Sniffles2.INS.555S33      1    77    (0) + (TA)n          Simple_repeat          1     79    (0) 1544  
   21   16.2  2.0  2.0  Sniffles2.INS.557S38      1    50    (0) + (TATC)n        Simple_repeat          1     50    (0) 1545  
   60    2.2 15.2  0.0  Sniffles2.INS.557S3A      1   138    (0) + (TA)n          Simple_repeat          1    159    (0) 1546  
  319   25.8  2.2  0.0  Sniffles2.INS.558S38     82   170   (44) + L1ME3A         LINE/L1             6076   6166    (7) 1547  
   63   14.1  2.7  0.0  Sniffles2.INS.55AS33      1   111    (0) + (AT)n          Simple_repeat          1    114    (0) 1548  
  678    8.2  1.2  0.0  Sniffles2.INS.55BS31      1    85  (931) + AluYc          SINE/Alu             128    213   (86) 1549  
 2336    9.3  0.7  0.3  Sniffles2.INS.55BS31    228   529  (487) C AluSz          SINE/Alu             (8)    304      2 1550  
  355   24.8  9.3  3.9  Sniffles2.INS.55BS31    676   847  (169) C L2b            LINE/L2              (0)   3375   3195 1551  
 1189    5.2  0.0  0.0  Sniffles2.INS.55BS31    880  1015    (1) + AluSc5         SINE/Alu               1    136  (173) 1552  
  996    6.3  0.8  0.0  Sniffles2.INS.55BS33      1   126    (0) + L1P1           LINE/L1              775    901 (5254) 1553  
   37    6.1  0.0  1.9  Sniffles2.INS.55BS38      4    57    (0) + (AGG)n         Simple_repeat          1     53    (0) 1554  
  546   10.4  0.0  0.0  Sniffles2.INS.55CS0       1    77  (342) + AluY           SINE/Alu             224    300    (1) 1555  
   21   14.9  0.0  2.6  Sniffles2.INS.55DS0      56    94  (649) + (CA)n          Simple_repeat          1     38    (0) 1556  
   13   25.7  2.2  0.0  Sniffles2.INS.55DS0     474   519  (224) + (AAGAGC)n      Simple_repeat          1     47    (0) 1557  
   36   10.4 10.2  2.9  Sniffles2.INS.55DS33      1    98    (0) + (TA)n          Simple_repeat          1    105    (0) 1558  
  575   11.8  6.7  1.6  Sniffles2.INS.55ES0       1  1227    (1) + (TG)n          Simple_repeat          1   1288    (0) 1559  
   17    8.9  5.3  2.6  Sniffles2.INS.55ES22     22    59   (17) + (CGCGG)n       Simple_repeat          1     39    (0) 1560  
  112    0.0  1.0  0.0  Sniffles2.INS.55S25       5   103    (1) + (AT)n          Simple_repeat          1    100    (0) 1561  
 1173   13.1  0.6  0.4  Sniffles2.INS.55SB0       2   845    (0) + ALR/Alpha      Satellite/centr        1    846    (0) 1562  
   81    0.0  0.0  0.0  Sniffles2.INS.561S31      1    69    (1) + (AT)n          Simple_repeat          1     69    (0) 1563  
  283   18.8  2.3  7.3  Sniffles2.INS.563S38    106   191   (15) C MSTA           LTR/ERVL-MaLR      (314)    114     33 1564  
   51    3.9  0.0  0.0  Sniffles2.INS.568S1       1    53    (0) + (TA)n          Simple_repeat          1     53    (0) 1565  
  435   15.3  0.0  0.0  Sniffles2.INS.569S1       1    72    (1) C MSTB           LTR/ERVL-MaLR      (303)    123     52 1566  
   20   22.1  2.1  0.0  Sniffles2.INS.569S33      1    47    (3) + (AT)n          Simple_repeat          1     48    (0) 1567  
   12   22.0  2.7  0.0  Sniffles2.INS.56AS22     48    84    (9) + A-rich         Low_complexity         1     38    (0) 1568  
  317   18.2  0.0  1.5  Sniffles2.INS.56BS1       7    73    (0) C MSTA           LTR/ERVL-MaLR      (301)    127     62 1569  
   36    4.0  3.7  1.8  Sniffles2.INS.56BS33      1    54    (1) + (ATACATAT)n    Simple_repeat          1     55    (0) 1570  
   16   29.2  2.0  0.0  Sniffles2.INS.56CS38      4    53    (0) + (TA)n          Simple_repeat          1     51    (0) 1571  
  303   17.0  0.0  0.0  Sniffles2.INS.56S2B       5    51  (239) + FRAM           SINE/Alu              98    144   (32) 1572  
  301   22.2  0.0  0.0  Sniffles2.INS.56S2B      69   131  (159) + AluJb          SINE/Alu             229    291   (11) 1573  
   14   21.8  0.0  0.0  Sniffles2.INS.56S2B     193   229   (61) + (GAATG)n       Simple_repeat          1     37    (0) 1574  
 1130    9.4  0.0  0.0  Sniffles2.INS.56S58       3   170    (1) C ALR/Alpha      Satellite/centr     (17)    168      1 1575  
   27    9.3  0.0  4.2  Sniffles2.INS.570S3A      6    55    (1) + (GGGAG)n       Simple_repeat          1     48    (0) 1576  
   35    8.4  0.0  0.0  Sniffles2.INS.571S33      1    51    (5) + (GGATGGAA)n    Simple_repeat          1     51    (0) 1577  
  250    8.9 11.1  0.0  Sniffles2.INS.576S0       1    45   (10) C L1PBa          LINE/L1           (5859)   1004    955 1578  
   92    3.2  0.0  0.0  Sniffles2.INS.577S35      1    95    (1) + (GGGACAGA)n    Simple_repeat          1     95    (0) 1579  
   64   10.8  5.4  0.0  Sniffles2.INS.57CS39      1   112    (4) + GA-rich        Low_complexity         1    118    (0) 1580  
   14   16.1  0.0  0.0  Sniffles2.INS.57DS31     22    50    (0) + GA-rich        Low_complexity         1     29    (0) 1581  
  545    4.1  0.0  0.0  Sniffles2.INS.57FS39      2    74    (0) + SVA_F          Retroposon/SVA       750    822  (553) 1582  
  964    9.9  1.9  2.6  Sniffles2.INS.57S13       1   156    (0) + SVA_B          Retroposon/SVA       454    608  (775) 1583  
   41    0.0 19.1  0.0  Sniffles2.INS.57S23       4   108    (0) + (TA)n          Simple_repeat          1    125    (0) 1584  
  105   11.1  0.0  0.0  Sniffles2.INS.57S25       3   163   (13) + (TA)n          Simple_repeat          1    161    (0) 1585  
   19   14.0  6.4  0.0  Sniffles2.INS.580S0       2    48    (2) + (TATAT)n       Simple_repeat          1     50    (0) 1586  
   47   30.3  0.7  0.0  Sniffles2.INS.580S1       3   143    (5) + (TG)n          Simple_repeat          1    142    (0) 1587  
  188   23.0  0.5  0.0  Sniffles2.INS.582S1       1   414    (2) + (TG)n          Simple_repeat          1    416    (0) 1588  
   38    3.8  5.5  0.0  Sniffles2.INS.583S3A    162   216    (9) + (GTGATGATG)n   Simple_repeat          1     58    (0) 1589  
   51    3.0  6.0  0.0  Sniffles2.INS.586S1       1    67    (0) + (TA)n          Simple_repeat          1     71    (0) 1590  
   33    0.0  0.0  0.0  Sniffles2.INS.587S1      20    50    (5) + (CCTT)n        Simple_repeat          1     31    (0) 1591  
   36    2.0  3.7  3.7  Sniffles2.INS.587S22      1    54    (0) + (TCTT)n        Simple_repeat          1     54    (0) 1592  
   79   26.0  2.2  3.0  Sniffles2.INS.58BS31     12   278    (0) + (AT)n          Simple_repeat          1    265    (0) 1593  
   97   10.8  1.6  1.6  Sniffles2.INS.58CS3A      2   191    (0) + (CCAT)n        Simple_repeat          1    190    (0) 1594  
   16   30.6  1.6  0.0  Sniffles2.INS.58FS1      25    88   (31) + (CCACCC)n      Simple_repeat          1     65    (0) 1595  
 1163   16.4  0.8  0.1  Sniffles2.INS.58FS17      1  1361    (1) C ALR/Alpha      Satellite/centr     (19)   1370      1 1596  
  385   17.9  8.7  0.0  Sniffles2.INS.58FS35      2   122  (339) C L1PA8          LINE/L1             (77)   6077   5946 1597  
  360   16.9  7.5  0.2  Sniffles2.INS.58FS35    102   198  (263) C L1PA10         LINE/L1            (124)   6048   5946 1598 *
  381   17.9  6.2  0.2  Sniffles2.INS.58FS35    178   275  (186) C L1PA10         LINE/L1            (124)   6048   5946 1598  
  377   19.3  8.9  1.0  Sniffles2.INS.58FS35    255   431   (30) C L1PA10         LINE/L1             (77)   6077   5946 1599 *
  542    4.5  0.0  0.0  Sniffles2.INS.58S25       1    66    (0) C MER9a1         LTR/ERVK           (214)    299    234 1600  
  242   14.3  0.0  0.0  Sniffles2.INS.58S2B       1    35   (12) + AluJb          SINE/Alu             242    276   (36) 1601  
  294   18.3  1.7  0.0  Sniffles2.INS.58S8        1    60    (7) C BSR/Beta       Satellite           (27)    109     49 1602  
  380   15.6  0.0  0.0  Sniffles2.INS.58SBD       3    66    (0) + BSR/Beta       Satellite             35     98   (38) 1603  
   25   17.3  1.9  1.9  Sniffles2.INS.590S39      3    56    (0) + (TA)n          Simple_repeat          1     54    (0) 1604  
   37   20.8  2.4  0.0  Sniffles2.INS.591S39      1    83    (0) + (TA)n          Simple_repeat          1     85    (0) 1605  
   18   26.9  1.9  0.0  Sniffles2.INS.593S39      2    54    (0) + (TA)n          Simple_repeat          1     54    (0) 1606  
   29   19.6  0.0  0.0  Sniffles2.INS.594S31      1    61    (2) + (TATA)n        Simple_repeat          1     61    (0) 1607  
  182   30.3  3.0  0.0  Sniffles2.INS.595S1      45   110  (299) + MIRc           SINE/MIR             108    175   (93) 1608 *
  192   30.9  1.5  0.0  Sniffles2.INS.595S1     102   169  (240) + MIRc           SINE/MIR             107    175   (93) 1609  
  184   31.3  1.5  0.0  Sniffles2.INS.595S1     162   228  (181) + MIRc           SINE/MIR             108    175   (93) 1610 *
  196   27.3  3.0  0.0  Sniffles2.INS.595S1     279   344   (65) + MIRc           SINE/MIR             108    175   (93) 1611  
  184   31.3  1.5  0.0  Sniffles2.INS.595S1     337   403    (6) + MIRc           SINE/MIR             108    175   (93) 1612 *
   27    8.8  0.0 10.9  Sniffles2.INS.596S31      1    61    (5) + (TA)n          Simple_repeat          1     55    (0) 1613  
   44   22.6  0.0  0.0  Sniffles2.INS.597S0       2    89    (1) + (TA)n          Simple_repeat          1     88    (0) 1614  
  184   31.3  1.5  0.0  Sniffles2.INS.597S1       4    70  (106) + MIRc           SINE/MIR             108    175   (93) 1615 *
  194   29.9  1.5  0.0  Sniffles2.INS.597S1      63   129   (47) + MIRc           SINE/MIR             108    175   (93) 1616  
   15   19.1  1.8  9.4  Sniffles2.INS.597S31      2    58    (3) + (TA)n          Simple_repeat          1     53    (0) 1617  
  216   27.7  1.5  0.0  Sniffles2.INS.598S1      71   135  (103) + MIRc           SINE/MIR             108    173   (95) 1618  
   19   13.9  2.3  2.3  Sniffles2.INS.59DS1       2    52   (71) + GA-rich        Low_complexity         1     51    (0) 1619  
   13   11.7  3.6  0.0  Sniffles2.INS.59DS1      57    84   (39) + (TCTTC)n       Simple_repeat          1     29    (0) 1620  
   23   16.1  3.9  0.0  Sniffles2.INS.59FS22      1    51    (1) + (TATA)n        Simple_repeat          1     53    (0) 1621  
   17    0.0  0.0  0.0  Sniffles2.INS.59FS33     18    39   (37) + (AAAT)n        Simple_repeat          1     22    (0) 1622  
   37    1.5 11.0  2.5  Sniffles2.INS.59S17       2    74    (0) + (AT)n          Simple_repeat          1     79    (0) 1623  
  373   22.4  0.8  0.8  Sniffles2.INS.59S2B       7    94    (7) + FRAM           SINE/Alu              89    144   (22) 1624  
  392    1.7  0.0  6.9  Sniffles2.INS.5A1S39      4    65    (2) C L1P1           LINE/L1            (483)   5672   5615 1625  
  875    8.3  0.0  2.5  Sniffles2.INS.5A6S33     12   132    (0) C AluJr          SINE/Alu           (161)    151     34 1626  
   25   26.7  0.0  0.0  Sniffles2.INS.5A7S33      1    58    (0) + (TA)n          Simple_repeat          1     58    (0) 1627  
   34    9.9  7.7  0.0  Sniffles2.INS.5A8S33      1    65    (3) + (AT)n          Simple_repeat          1     70    (0) 1628  
   80    5.1  3.1  3.1  Sniffles2.INS.5AAS22      8   137    (1) + (GACATGA)n     Simple_repeat          1    130    (0) 1629  
  860    9.4  0.5  8.4  Sniffles2.INS.5AS2B       1   176    (9) + AluY           SINE/Alu              16    297    (5) 1630  
 1196   12.6  0.5  0.0  Sniffles2.INS.5AS58       1  1189    (0) C ALR/Alpha      Satellite/centr     (61)   1194      1 1631  
  694   10.4  0.8 11.0  Sniffles2.INS.5AS8        1   130    (2) C BSR/Beta       Satellite           (17)    119      2 1632  
  756   15.4  0.0  5.5  Sniffles2.INS.5ASBD       1   267    (2) + BSR/Beta       Satellite              1    252    (0) 1633  
   27   17.0  0.0  3.6  Sniffles2.INS.5B0S22      1    57    (3) + (AT)n          Simple_repeat          1     55    (0) 1634  
   34   32.0  3.5  2.3  Sniffles2.INS.5B0S39      2   170    (5) + GA-rich        Low_complexity         1    171    (0) 1635  
   29   18.4  0.0  1.8  Sniffles2.INS.5B1S22      2    59    (0) + (AT)n          Simple_repeat          1     57    (0) 1636  
  316   10.5  0.6  0.4  Sniffles2.INS.5B1S38      1   499    (0) + (TA)n          Simple_repeat          1    500    (0) 1637  
   16   16.8  2.2  6.8  Sniffles2.INS.5B4S38      5    50    (5) + (TA)n          Simple_repeat          1     44    (0) 1638  
  203   32.3  0.0  0.0  Sniffles2.INS.5B6S1      45   109  (311) + L2             LINE/L2             2832   2896  (523) 1639 *
  264   29.4  1.9  3.9  Sniffles2.INS.5B6S1     109   214  (206) C L2a            LINE/L2            (408)   3011   2908 1640  
  164    3.0  4.7  3.5  Sniffles2.INS.5B7S33      1   253    (0) + (CA)n          Simple_repeat          1    256    (0) 1641  
   45   13.1  0.0  8.5  Sniffles2.INS.5B8S33      2   103    (1) + (TA)n          Simple_repeat          1     94    (0) 1642  
   23    6.5 11.8  1.8  Sniffles2.INS.5B9S38      1    51    (1) + (AT)n          Simple_repeat          1     56    (0) 1643  
  576    1.3  0.0  0.0  Sniffles2.INS.5BFS0       2    77    (0) + SVA_F          Retroposon/SVA       752    827  (548) 1644  
 1852    5.0  0.0  0.0  Sniffles2.INS.5BS25       1   222    (0) + L1PA3          LINE/L1             5862   6083   (72) 1645  
  838   14.9  0.0  0.3  Sniffles2.INS.5BS8        2   272    (1) C BSR/Beta       Satellite           (17)    270      1 1646  
  961   15.2  0.3  0.5  Sniffles2.INS.5BSBD       6   549    (0) + BSR/Beta       Satellite              1    543    (1) 1647  
 1031   16.3  1.3  0.1  Sniffles2.INS.5C4S17      1  1348    (2) C ALR/Alpha      Satellite/centr     (55)   1364      1 1648  
  842   16.4  3.0  0.0  Sniffles2.INS.5C4S33      1   134   (49) C AluJb          SINE/Alu            (44)    258    121 1649  
   15   28.1  6.0  0.0  Sniffles2.INS.5C8S38      1    67    (1) + (ATAC)n        Simple_repeat          1     71    (0) 1650  
  363   23.2 13.2  0.5  Sniffles2.INS.5C9S1       6   187    (8) C HAL1           LINE/L1            (198)   2309   2105 1651  
   21   20.1  6.2  0.0  Sniffles2.INS.5C9S38      2    65    (3) + (ATAC)n        Simple_repeat          1     68    (0) 1652  
  332    4.8  0.0  0.0  Sniffles2.INS.5CAS39      1    42   (91) C L1P1           LINE/L1           (3215)   2931   2890 1653  
  324    6.8  0.0  0.0  Sniffles2.INS.5CAS39     90   133    (0) + L1P1           LINE/L1             2890   2933 (3213) 1654  
   31    4.1  8.0  0.0  Sniffles2.INS.5CBS31     12    61    (0) + (AT)n          Simple_repeat          1     54    (0) 1655  
  506   21.1  0.0 19.6  Sniffles2.INS.5CFS33      1   159    (2) + AluJb          SINE/Alu              59    191  (111) 1656  
 3122    3.8  0.0  0.0  Sniffles2.INS.5CS25      35   400    (2) + L1PA3          LINE/L1             5785   6150    (5) 1657  
  295   20.8  0.0  0.0  Sniffles2.INS.5CS2B       2    54   (10) + Alu            SINE/Alu              92    144   (22) 1658  
 1014   13.1  0.6  1.5  Sniffles2.INS.5CS8        1  1560    (0) C BSR/Beta       Satellite           (53)   1545      1 1659  
  922   13.5  0.2  0.5  Sniffles2.INS.5CSBD       1   815    (2) + BSR/Beta       Satellite              1    812    (0) 1660  
  350   29.1  8.6  2.0  Sniffles2.INS.5D0S22      1   186    (0) + MLT1H-int      LTR/ERVL-MaLR        130    327 (1082) 1661  
  373    9.1  3.6  0.0  Sniffles2.INS.5D8S0       6    60    (0) C L1M1           LINE/L1            (586)   5718   5662 1662  
   43    3.0  2.5  6.6  Sniffles2.INS.5D8S1       1    79    (0) + (AAAGAAG)n     Simple_repeat          1     76    (0) 1663  
   65    0.0  5.6  0.0  Sniffles2.INS.5DAS0       1    72    (0) + (GATA)n        Simple_repeat          1     76    (0) 1664  
  352    8.1  6.7  0.0  Sniffles2.INS.5DCS22      1    78    (1) + LTR21B         LTR/ERV1             219    304  (133) 1665  
  601    3.6  1.2  1.2  Sniffles2.INS.5DCS33      1    84    (0) + L1P1           LINE/L1             1636   1719 (4436) 1666  
   51    0.0  2.0  0.0  Sniffles2.INS.5DFS0       1    50    (0) + (AAAG)n        Simple_repeat          1     51    (0) 1667  
   24    4.9  4.3  4.3  Sniffles2.INS.5DFS1       1    47    (0) + (AAGA)n        Simple_repeat          1     47    (0) 1668  
  282   13.3  0.0  0.0  Sniffles2.INS.5DFS37      2    46   (30) C L1PA11         LINE/L1            (184)   5990   5946 1669  
   15   16.3  1.7  9.3  Sniffles2.INS.5DS0       13    70   (13) + (CCGTC)n       Simple_repeat          1     54    (0) 1670  
  411   19.1  1.2  0.0  Sniffles2.INS.5DS25      16    99    (0) C ALR/Alpha      Satellite/centr     (40)    131     47 1671  
  267   29.1  0.0  0.0  Sniffles2.INS.5DS2B       2    56    (8) + AluYh7         SINE/Alu             225    279   (32) 1672  
  395   12.5  1.6  0.0  Sniffles2.INS.5DS8        2    65    (2) C BSR/Beta       Satellite           (69)     67      3 1673  
   16   18.9  0.0  0.0  Sniffles2.INS.5E3S22      7    36   (17) + A-rich         Low_complexity         1     30    (0) 1674  
  651    4.3  0.3  5.3  Sniffles2.INS.5E3S33      1   127    (0) + SVA_F          Retroposon/SVA       756    855  (520) 1675  
   46    0.0  4.1  0.0  Sniffles2.INS.5E8S33      1    49    (1) + (TTCT)n        Simple_repeat          1     51    (0) 1676  
  891   12.5  0.0  0.0  Sniffles2.INS.5ECS33      1   128    (0) + L1P1           LINE/L1              772    899 (5256) 1677  
   54   29.2  2.9  4.4  Sniffles2.INS.5ECS38      1   274   (29) + GA-rich        Low_complexity         1    270    (0) 1678  
   38   15.9  3.9  0.0  Sniffles2.INS.5ECS39      1    77    (2) + (AT)n          Simple_repeat          1     80    (0) 1679  
   57    2.6  2.2  5.8  Sniffles2.INS.5EFS17      1    90   (38) + (CATC)n        Simple_repeat          1     87    (0) 1680  
   18   15.4  0.0  0.0  Sniffles2.INS.5EFS17     91   126    (2) + (ACAT)n        Simple_repeat          1     36    (0) 1681  
  422   14.3  0.0  0.0  Sniffles2.INS.5ES25       1    70    (0) C ALR/Alpha      Satellite/centr     (56)    115     46 1682  
 1245   12.6  0.5  0.6  Sniffles2.INS.5ES58       1  3870    (0) C ALR/Alpha      Satellite/centr     (40)   3868      1 1683  
  104   16.3  0.0  0.0  Sniffles2.INS.5F0S17      1   184    (0) + (CATC)n        Simple_repeat          1    184    (0) 1684  
   30    0.0  0.0  0.0  Sniffles2.INS.5F0S39     24    51    (0) + (T)n           Simple_repeat          1     28    (0) 1685  
   32    9.9  1.9  0.0  Sniffles2.INS.5F3S1       1    54    (1) + (ATATATT)n     Simple_repeat          1     55    (0) 1686  
   40    9.4  2.9  0.0  Sniffles2.INS.5F5S0       4    71    (0) + (AT)n          Simple_repeat          1     70    (0) 1687  
  248   11.6 11.3  2.6  Sniffles2.INS.5F5S39     18    88   (14) C L1P5           LINE/L1            (547)   5604   5528 1688  
   16   15.9  0.0  0.0  Sniffles2.INS.5F6S39     32    59    (9) + A-rich         Low_complexity         1     28    (0) 1689  
  538   23.2  2.2 10.2  Sniffles2.INS.5FAS17     20    34  (214) C SVA_B          Retroposon/SVA    (1074)    309    263 1690  
  908   13.4  9.8  1.6  Sniffles2.INS.5FAS17     35   208   (40) + AluSx          SINE/Alu               1    188  (114) 1691  
  538   23.2  2.2 10.2  Sniffles2.INS.5FAS17    209   246    (2) C SVA_B          Retroposon/SVA    (1074)    262    131 1690  
   49   10.1  4.0  2.9  Sniffles2.INS.5FFS33      3   103    (0) + (TATAATA)n     Simple_repeat          1    102    (0) 1692  
  129   15.3  5.2  4.0  Sniffles2.INS.5FS18       1   347    (2) + G-rich         Low_complexity         1    351    (0) 1693  
 1048   14.6  0.3  0.4  Sniffles2.INS.5FS25       1   341    (1) C ALR/Alpha      Satellite/centr     (19)    340      1 1694  
 1245   13.1  0.2  0.3  Sniffles2.INS.5FS58       2  3865    (2) C ALR/Alpha      Satellite/centr     (16)   3859      1 1695  
  838   11.6  0.8  0.8  Sniffles2.INS.5FS8        8   137    (0) C BSR/Beta       Satellite            (2)    134      5 1696  
  256   19.3  0.0  0.0  Sniffles2.INS.5S17        2    58    (1) C TAR1           Satellite/subtelo (1374)    736    680 1697  
   24   13.9  5.5  0.0  Sniffles2.INS.5S23        1    55    (3) + (CCCGC)n       Simple_repeat          1     58    (0) 1698  
  829   16.3  1.6  0.0  Sniffles2.INS.5S2F        1   165    (2) + ALR/Alpha      Satellite/centr        1    167    (0) 1699  
 1182   13.9  0.5  0.0  Sniffles2.INS.5S30        5  2038    (0) + ALR/Alpha      Satellite/centr        1   2043    (0) 1700  
   30   15.9  0.0  0.0  Sniffles2.INS.5S5D        3    83   (45) + (AGTGG)n       Simple_repeat          1     81    (0) 1701  
 3039    3.9  0.0  0.0  Sniffles2.INS.5S6F        1   382  (806) C L1PA2          LINE/L1            (797)   5349   4968 1702 *
 6906    2.6  0.0  0.2  Sniffles2.INS.5S6F      382  1177   (11) + L1PA2          LINE/L1             5362   6155    (0) 1702  
  351   16.7  1.5  0.0  Sniffles2.INS.5S8         1    66    (0) + BSR/Beta       Satellite             60    126   (10) 1703  
  843    5.2  1.4  0.0  Sniffles2.INS.5SA8        1   143    (0) C ACRO1          Satellite/acro      (49)    145      1 1704  
  356    9.6  0.0  0.0  Sniffles2.INS.5SB4        1    52   (94) C L1P1           LINE/L1           (6101)     54      3 1705  
  367   11.1  0.0  0.0  Sniffles2.INS.5SB4       72   125   (21) C L1P1           LINE/L1           (6099)     56      3 1705  
   25   17.4  1.7  1.7  Sniffles2.INS.5SBD        1    60    (5) + (CATTC)n       Simple_repeat          1     60    (0) 1706  
 2168    9.0  2.4  7.7  Sniffles2.INS.5SC1        3   370    (8) C LTR12B         LTR/ERV1           (236)   1018    335 1707  
  235   17.7  1.1  0.2  Sniffles2.INS.602S38      1   449    (2) + (CAC)n         Simple_repeat          1    453    (0) 1708  
   36    0.0  0.0  2.7  Sniffles2.INS.604S17      1    38    (7) + (AGA)n         Simple_repeat          1     37    (0) 1709  
 3005   11.3  0.2  0.4  Sniffles2.INS.604S39      1   452    (0) C L1P1           LINE/L1           (1225)   4921   4471 1710  
  742   11.7  0.0  0.0  Sniffles2.INS.605S0      34   144    (0) C L1P5           LINE/L1            (360)   5791   5681 1711  
   36   15.4  6.3  0.0  Sniffles2.INS.605S33      1    79    (6) + (AT)n          Simple_repeat          1     84    (0) 1712  
   87    1.2  0.0  0.0  Sniffles2.INS.60DS22      1    81    (0) + (T)n           Simple_repeat          1     81    (0) 1713  
  662   18.9  0.8  0.8  Sniffles2.INS.60S25       1   167    (1) C ALR/Alpha      Satellite/centr     (61)    167      1 1714  
  313   21.8  0.0  0.0  Sniffles2.INS.60S2B       1    55    (4) + Alu            SINE/Alu              90    144   (22) 1715  
  977    9.9  0.0  4.0  Sniffles2.INS.60S8        1   199    (0) C BSR/Beta       Satellite           (11)    191      1 1716  
   21   21.8  0.0  2.2  Sniffles2.INS.613S39      6    52    (0) + (AT)n          Simple_repeat          1     46    (0) 1717  
   34    0.0 12.0  0.0  Sniffles2.INS.614S39      1    50    (0) + (TA)n          Simple_repeat          1     56    (0) 1718  
  285    0.0  9.8  0.0  Sniffles2.INS.615S0       4    44  (344) C HERVL-int      LTR/ERVL           (271)   5383   5339 1719  
  263    3.1  3.9  1.4  Sniffles2.INS.615S0      53   388    (0) + (TA)n          Simple_repeat          1    344    (0) 1720  
 2055   13.3  0.7  0.7  Sniffles2.INS.615S33     14   307    (0) C AluSx1         SINE/Alu            (15)    297      4 1721  
   49    1.6  4.7  1.5  Sniffles2.INS.616S0       1    64    (0) + (TTTC)n        Simple_repeat          1     66    (0) 1722  
  406   23.3  0.0  0.0  Sniffles2.INS.618S33      1    97  (574) + L1M5           LINE/L1             5460   5559  (620) 1723  
   54    4.0  6.5  0.0  Sniffles2.INS.618S39      4    80    (1) + (TA)n          Simple_repeat          1     82    (0) 1724  
  494    2.6  2.6  1.3  Sniffles2.INS.61BS0       1    77    (0) + SVA_F          Retroposon/SVA       777    854  (521) 1725  
   84   10.9  5.6  0.6  Sniffles2.INS.61FS0       2   162    (0) + (TTATATA)n     Simple_repeat          1    169    (0) 1726  
  685   18.6  0.4  0.0  Sniffles2.INS.61S25       1   164    (0) C ALR/Alpha      Satellite/centr     (19)    164      1 1727  
 1102   15.8  0.0  0.0  Sniffles2.INS.61S58       1   276    (1) + ALR/Alpha      Satellite/centr        1    276    (0) 1728  
  827   17.2  0.6 12.5  Sniffles2.INS.61S8        2   669    (7) C BSR/Beta       Satellite           (44)    588      1 1729  
   35    2.7  0.0  0.0  Sniffles2.INS.621S0       8    45    (0) + (ATATATATA)n   Simple_repeat          1     38    (0) 1730  
   30   12.2  0.0  0.0  Sniffles2.INS.622S39      3    47    (1) + (AT)n          Simple_repeat          1     45    (0) 1731  
  117    9.3  4.5  0.0  Sniffles2.INS.625S0       4   223    (1) + (AT)n          Simple_repeat          1    230    (0) 1732  
   24   23.8  2.7  2.7  Sniffles2.INS.626S0       3    75    (0) + (TA)n          Simple_repeat          1     73    (0) 1733  
   49    0.0  0.0  0.0  Sniffles2.INS.62BS22     10    53    (0) + (GAGGGA)n      Simple_repeat          1     44    (0) 1734  
 3012    0.0  0.0  0.3  Sniffles2.INS.62BS39     18   336    (5) + AluYb9         SINE/Alu               1    318    (0) 1735  
  398   16.7  0.0  0.0  Sniffles2.INS.62S8        1    66    (2) C BSR/Beta       Satellite            (3)    133     68 1736  
   25   18.2  3.2  0.0  Sniffles2.INS.62SBF       1    62    (4) + (ATAATAT)n     Simple_repeat          1     64    (0) 1737  
  143    2.1 13.7  0.0  Sniffles2.INS.632S17      6   290    (0) + (TA)n          Simple_repeat          1    324    (0) 1738  
   12   12.1  0.0  6.9  Sniffles2.INS.63AS22     74   104   (22) + A-rich         Low_complexity         1     29    (0) 1739  
  447   15.2  6.2  0.8  Sniffles2.INS.63BS17      3   115    (6) C L1M1           LINE/L1           (4165)   3400   3282 1740  
  695   16.7  0.6  2.3  Sniffles2.INS.63CS3A      2   179    (2) + TAR1           Satellite/subtelo    570    744 (1366) 1741  
  911   14.3  4.2  0.4  Sniffles2.INS.63S25       1   341    (1) C ALR/Alpha      Satellite/centr     (53)    353      1 1742  
   13   26.0  1.8  3.7  Sniffles2.INS.643S33      1    55    (7) + A-rich         Low_complexity         1     54    (0) 1743  
  807    2.8  5.6  2.5  Sniffles2.INS.646S0       1  1196    (6) + (AT)n          Simple_repeat          1   1232    (0) 1744  
  237    0.5  1.4  0.0  Sniffles2.INS.648S17      1   216    (0) + (AT)n          Simple_repeat          1    219    (0) 1745  
 1005    8.7  0.0  0.0  Sniffles2.INS.648S3A     18   143    (0) C AluSc8         SINE/Alu            (14)    297    172 1746  
   34    0.0  6.2  0.0  Sniffles2.INS.64BS39      3    50    (0) + (AGAA)n        Simple_repeat          1     51    (0) 1747  
   29   13.5  0.0  9.7  Sniffles2.INS.64S17       5    83    (0) + (CCA)n         Simple_repeat          1     72    (0) 1748  
 1232   13.9  0.2  0.1  Sniffles2.INS.64S25       1  5215    (0) C ALR/Alpha      Satellite/centr     (18)   5219      1 1749  
  149   23.6  0.6  0.8  Sniffles2.INS.64S2B       1   358    (8) + (GAATG)n       Satellite              1    357    (0) 1750  
   32   23.0  0.0  0.0  Sniffles2.INS.64S37       1    65    (1) + (AT)n          Simple_repeat          1     65    (0) 1751  
  808    6.4  0.5  1.0  Sniffles2.INS.64S8        1   135    (0) C BSR/Beta       Satellite           (39)    134      1 1752  
   37   25.8 11.8  0.9  Sniffles2.INS.652S0       7   293    (0) + (ATGGA)n       Simple_repeat          1    318    (0) 1753  
  246   21.1  0.9  2.7  Sniffles2.INS.653S17     11   102    (1) + L1P4           LINE/L1             4097   4196 (1950) 1754  
   53    0.0  2.0  0.0  Sniffles2.INS.655S0       1    51    (4) + (AGAA)n        Simple_repeat          1     52    (0) 1755  
   27   10.4  7.7  0.0  Sniffles2.INS.657S0       4    55    (5) + (TA)n          Simple_repeat          1     56    (0) 1756  
  292   17.7  4.8  1.5  Sniffles2.INS.658S39     17    79    (3) + Arthur1A       DNA/hAT-Tip100        42    106   (71) 1757  
  550    2.9  2.9  0.0  Sniffles2.INS.65ES17      1    70    (0) + L1PA4          LINE/L1             5778   5849  (306) 1758  
  512   14.5  0.0  0.0  Sniffles2.INS.65S25       8    90    (2) C ALR/Alpha      Satellite/centr     (42)    129     47 1759  
  678   12.3  6.3 15.1  Sniffles2.INS.65S8        3   202    (1) C BSR/Beta       Satellite            (1)    182      1 1760  
   57    0.0  1.7  1.7  Sniffles2.INS.661S0       5    63    (0) + (TCC)n         Simple_repeat          1     59    (0) 1761  
   90    9.5  1.1  6.0  Sniffles2.INS.662S0       1   176    (0) + (CCA)n         Simple_repeat          1    168    (0) 1762  
   56    9.8  9.0  0.0  Sniffles2.INS.662S17      1   111    (5) + (TA)n          Simple_repeat          1    121    (0) 1763  
   33    1.8  8.5  3.2  Sniffles2.INS.664S22      2    60    (0) + (AT)n          Simple_repeat          1     62    (0) 1764  
   78   12.6  6.5  0.0  Sniffles2.INS.666S22      1   155    (1) + (TA)n          Simple_repeat          1    165    (0) 1765  
   15   19.2  5.9  3.9  Sniffles2.INS.667S33     25    75   (25) + (AT)n          Simple_repeat          1     52    (0) 1766 *
   17   15.5  4.7  0.0  Sniffles2.INS.667S33     56    98    (2) + (TATTAA)n      Simple_repeat          1     45    (0) 1767  
   37   21.5  3.3  0.0  Sniffles2.INS.668S22      1    91    (1) + (TA)n          Simple_repeat          1     94    (0) 1768  
  243    5.7  0.0  0.0  Sniffles2.INS.669S33     10    44    (8) C L1PA2          LINE/L1              (3)   6152   6118 1769  
   56    6.9  2.0  4.1  Sniffles2.INS.66CS17      1    99    (0) + (ATTATAT)n     Simple_repeat          1     97    (0) 1770  
   31   11.2  2.0  0.0  Sniffles2.INS.66DS0       3    51    (0) + (TA)n          Simple_repeat          1     50    (0) 1771  
 2813    2.9  0.0  0.0  Sniffles2.INS.66S25      17   326    (0) + AluYb8         SINE/Alu               1    310    (8) 1772  
 1610    4.9  0.0  0.0  Sniffles2.INS.66S2B      11   194    (0) + AluYa5         SINE/Alu               1    184  (127) 1773  
   59    0.0  1.9  0.0  Sniffles2.INS.670S17      4    57   (15) + (TA)n          Simple_repeat          1     55    (0) 1774  
   17   13.2  0.0  2.9  Sniffles2.INS.672S0      26    60  (119) + (TTCT)n        Simple_repeat          1     34    (0) 1775  
  745   13.3  0.9  0.0  Sniffles2.INS.672S0      67   179    (0) C L1MB1          LINE/L1             (30)   6159   6046 1776  
   62    0.0  0.0  0.0  Sniffles2.INS.675S33      1    56    (0) + (AAAGG)n       Simple_repeat          1     56    (0) 1777  
  295    4.8 20.6  0.0  Sniffles2.INS.67ES0       1    63    (0) + L1P1           LINE/L1             2413   2488 (3658) 1778  
  415   11.7  0.0  3.9  Sniffles2.INS.67FS0      26   105  (115) C Tigger2b_Pri   DNA/TcMar-Tigger   (664)    404    328 1779  
  682   19.2  0.8  0.8  Sniffles2.INS.67S58       2   168    (0) C ALR/Alpha      Satellite/centr     (68)    167      1 1780  
   42    1.6  6.2  1.5  Sniffles2.INS.683S0       1    65    (0) + (GAAG)n        Simple_repeat          1     68    (0) 1781  
  283   14.6  4.2  0.0  Sniffles2.INS.683S17     68   115    (1) + MER77          LTR/ERVL               3     52  (552) 1782  
  449   11.9  0.0  0.0  Sniffles2.INS.686S0       6    64    (0) + AluSq          SINE/Alu              50    108  (205) 1783  
   53    1.3  9.1  0.0  Sniffles2.INS.688S0       4    80    (8) + (TTCT)n        Simple_repeat          1     84    (0) 1784  
   25   26.4  0.0  2.9  Sniffles2.INS.689S0       7    78    (2) + (AT)n          Simple_repeat          1     70    (0) 1785  
   16   23.8  0.0  8.7  Sniffles2.INS.689S31     10    84    (4) + (ACTCA)n       Simple_repeat          1     69    (0) 1786  
   22   21.6  7.5  0.0  Sniffles2.INS.68DS1       8    87    (0) + G-rich         Low_complexity         1     86    (0) 1787  
   20   36.7  0.0  2.3  Sniffles2.INS.68S11       1    89    (2) + (GT)n          Simple_repeat          1     87    (0) 1788  
  889   11.8  0.8  0.0  Sniffles2.INS.68S58       1   170    (1) C ALR/Alpha      Satellite/centr     (28)    171      1 1789  
  350   12.2  0.0 13.4  Sniffles2.INS.68S8        2    77    (0) C BSR/Beta       Satellite           (31)    105     39 1790  
   43   17.1  0.0  0.0  Sniffles2.INS.696S33      1    74    (8) + (T)n           Simple_repeat          1     74    (0) 1791  
  113   20.1  1.6  0.0  Sniffles2.INS.698S0       2   243    (0) + (TATATA)n      Simple_repeat          1    246    (0) 1792  
   12   13.1  0.0 10.8  Sniffles2.INS.69AS17     55    95   (12) + A-rich         Low_complexity         1     37    (0) 1793  
   30   27.5  0.0  0.0  Sniffles2.INS.69BS17     10    79    (1) + (TA)n          Simple_repeat          1     70    (0) 1794  
   19   25.5  0.0  0.0  Sniffles2.INS.69CS33      1    50    (0) + GA-rich        Low_complexity         1     50    (0) 1795  
   18   34.7  0.0  0.0  Sniffles2.INS.69DS17      3    54    (0) + (TA)n          Simple_repeat          1     52    (0) 1796  
   12   29.9  2.0  0.0  Sniffles2.INS.69ES17     35    83   (45) + (TAT)n         Simple_repeat          1     50    (0) 1797  
   30   14.2  1.8  1.8  Sniffles2.INS.69FS33      2    57    (0) + (TA)n          Simple_repeat          1     56    (0) 1798  
 1124   12.5  0.3  0.3  Sniffles2.INS.69S25       2   342    (0) + ALR/Alpha      Satellite/centr        1    340    (0) 1799  
 1075    8.0  0.7  0.7  Sniffles2.INS.69S2B       1   155   (28) + AluY           SINE/Alu              12    166    (0) 1800  
 1006   12.3  1.1  0.0  Sniffles2.INS.69S58       2   201    (2) C ALR/Alpha      Satellite/centr     (10)    202      1 1801  
   58    0.0  1.5  3.1  Sniffles2.INS.6A5S33      1    65    (0) + (TTTC)n        Simple_repeat          1     64    (0) 1802  
   80    0.0  1.4  0.0  Sniffles2.INS.6A6S39      1    74    (0) + (AAGA)n        Simple_repeat          1     75    (0) 1803  
   32    9.8  5.5  0.0  Sniffles2.INS.6A7S39      1    55    (2) + (TA)n          Simple_repeat          1     58    (0) 1804  
  532   11.5  0.0  0.0  Sniffles2.INS.6AAS22     14    91    (0) C LTR66          LTR/ERVL           (374)    236    159 1805  
  289   17.9  3.6  0.0  Sniffles2.INS.6ABS22      1    56    (3) + MER1B          DNA/hAT-Charlie      147    204  (135) 1806  
   14   20.3  2.4  2.4  Sniffles2.INS.6ADS38   1344  1385 (1648) + (TCAC)n        Simple_repeat          1     42    (0) 1807  
   12    3.3 12.1  2.8  Sniffles2.INS.6ADS38   2276  2308  (725) + (TCAC)n        Simple_repeat          1     36    (0) 1808  
   37    0.0  5.6  3.6  Sniffles2.INS.6AS17       1    54    (0) + (TCTT)n        Simple_repeat          1     55    (0) 1809  
  985   14.9  0.5  2.2  Sniffles2.INS.6AS25       1   679    (1) + ALR/Alpha      Satellite/centr        1    666    (0) 1810  
  259   21.3  0.0  0.0  Sniffles2.INS.6AS2B       1    47   (16) + AluJo          SINE/Alu             230    276   (36) 1811  
   72   21.9  0.0  0.0  Sniffles2.INS.6ASBF       1   141    (0) + (T)n           Simple_repeat          1    141    (0) 1812  
  292   18.5  0.0  0.0  Sniffles2.INS.6B2S22     33    86   (11) + MER3           DNA/hAT-Charlie      148    201    (8) 1813  
  294    7.0  0.0  0.0  Sniffles2.INS.6B3S0       5    47   (26) C L1M1           LINE/L1           (4208)   3357   3315 1814  
   36   23.0  0.0  0.0  Sniffles2.INS.6B4S33      2    75    (4) + A-rich         Low_complexity         1     74    (0) 1815  
   22   13.2  6.0  0.0  Sniffles2.INS.6B9S17      1    50    (1) + (ATATAT)n      Simple_repeat          1     53    (0) 1816  
  137    8.4  0.0  0.0  Sniffles2.INS.6B9S22      1   189    (3) + (AGGA)n        Simple_repeat          1    189    (0) 1817  
 1000   14.8  0.0  0.0  Sniffles2.INS.6BS25       4   172    (0) + ALR/Alpha      Satellite/centr        1    169    (2) 1818  
   86   14.2  2.8  2.8  Sniffles2.INS.6BS37       1   179    (0) + (CCCT)n        Simple_repeat          1    179    (0) 1819  
   49    3.8  0.0  0.0  Sniffles2.INS.6C1S0       1    54    (1) + (TGGAA)n       Simple_repeat          1     54    (0) 1820  
  151   12.1  0.0  0.0  Sniffles2.INS.6C2S0       1   226    (0) + (A)n           Simple_repeat          1    226    (0) 1821  
   57    3.0  3.0  0.0  Sniffles2.INS.6C3S39      2    68    (1) + (TTTC)n        Simple_repeat          1     69    (0) 1822  
   60    0.0  0.0  0.0  Sniffles2.INS.6C7S0       1    51    (1) + (CA)n          Simple_repeat          1     51    (0) 1823  
   27   17.4  6.2  0.0  Sniffles2.INS.6C9S39      2    66    (0) + (TA)n          Simple_repeat          1     69    (0) 1824  
  608    5.4  1.4  0.0  Sniffles2.INS.6CAS33      1    74   (15) + AluSg4         SINE/Alu             119    193  (117) 1825  
 1023   15.9  0.1  0.6  Sniffles2.INS.6CS25       1   682    (2) + ALR/Alpha      Satellite/centr        1    678    (0) 1826  
  298   21.1  0.0  0.0  Sniffles2.INS.6CS2B      12    63   (14) + Alu            SINE/Alu              89    140   (26) 1827  
  255    0.0  0.5  0.0  Sniffles2.INS.6D0S17      1   222    (0) + (TCCTT)n       Simple_repeat          1    223    (0) 1828  
   31   13.3  9.5  0.0  Sniffles2.INS.6D2S22      1    74    (0) + (AT)n          Simple_repeat          1     81    (0) 1829  
  141   20.2  0.3  1.1  Sniffles2.INS.6D5S39      3   291    (3) + (CAC)n         Simple_repeat          1    287    (0) 1830  
   12   21.5  5.9  1.9  Sniffles2.INS.6DBS17     14    64   (13) + (ACCATC)n      Simple_repeat          1     53    (0) 1831  
   41   16.5  3.7  3.7  Sniffles2.INS.6DCS17      3   109    (4) + (TTCC)n        Simple_repeat          1    107    (0) 1832  
 3592    8.3  0.4  0.6  Sniffles2.INS.6DS25      23   519   (72) C L1PA3          LINE/L1              (1)   6154   5659 1833  
  499    9.7  0.0  0.0  Sniffles2.INS.6DS25     520   591    (0) + ALR/Alpha      Satellite/centr       42    113   (58) 1834  
  127   20.3  0.8  0.0  Sniffles2.INS.6DS2B       1   262    (0) + (ATTCC)n       Simple_repeat          1    264    (0) 1835  
   65    6.8  0.0  6.8  Sniffles2.INS.6DS31       3   128    (0) + (ATATACGT)n    Simple_repeat          1    118    (0) 1836  
  441   13.2  0.0  0.0  Sniffles2.INS.6DS8        1    68    (0) C BSR/Beta       Satellite           (38)     98     31 1837  
   14    0.0  0.0  8.7  Sniffles2.INS.6E2S0       2    26   (30) + (TTC)n         Simple_repeat          1     23    (0) 1838  
   51    3.8  0.0  0.0  Sniffles2.INS.6E4S0       1    55    (0) + (T)n           Simple_repeat          1     55    (0) 1839  
   17   12.5  0.0  0.0  Sniffles2.INS.6E6S33    140   165   (97) + (A)n           Simple_repeat          1     26    (0) 1840  
   23   18.8  1.8  1.8  Sniffles2.INS.6EAS0       1    56    (1) + GA-rich        Low_complexity         1     56    (0) 1841  
   14   22.9  5.8  0.0  Sniffles2.INS.6EAS22      1    52    (0) + (ATATAT)n      Simple_repeat          1     55    (0) 1842  
   66   19.2  0.6  3.3  Sniffles2.INS.6EBS0       1   157   (66) + GA-rich        Low_complexity         1    153    (0) 1843  
   30    8.9  0.0  2.0  Sniffles2.INS.6EBS17      4    53    (0) + (TATAT)n       Simple_repeat          1     49    (0) 1844  
 1884   10.9  0.0  2.2  Sniffles2.INS.6EBS33     49   321    (7) + AluSx          SINE/Alu              36    302    (0) 1845  
   55   10.4  1.2  0.0  Sniffles2.INS.6EDS39      1    85    (1) + (GAG)n         Simple_repeat          1     86    (0) 1846  
  818   16.5  1.5  0.8  Sniffles2.INS.6ES23       1   133    (0) + AluJo          SINE/Alu              35    168  (144) 1847  
  945   13.8  1.2  0.6  Sniffles2.INS.6ES25       4   164    (4) + ALR/Alpha      Satellite/centr        3    164    (7) 1848  
  270   18.9  1.9  0.0  Sniffles2.INS.6ES8        1    53   (13) C BSR/Beta       Satellite           (64)     72     19 1849  
   25    4.8  6.8  0.0  Sniffles2.INS.6F1S0       4    47    (8) + (AGGAAA)n      Simple_repeat          1     47    (0) 1850  
   22   15.9  6.1  0.0  Sniffles2.INS.6F1S33      1    49    (1) + (AT)n          Simple_repeat          1     52    (0) 1851  
   30   19.0  0.0  0.0  Sniffles2.INS.6F3S33      1    56    (4) + (TA)n          Simple_repeat          1     56    (0) 1852  
   50    2.0  0.0  0.0  Sniffles2.INS.6FAS17      1    50    (0) + (TTCT)n        Simple_repeat          1     50    (0) 1853  
   33    8.7  2.0  0.0  Sniffles2.INS.6FAS39      1    50    (3) + (TA)n          Simple_repeat          1     51    (0) 1854  
   24   30.0  0.0  0.0  Sniffles2.INS.6FCS17      1    62    (2) + (AT)n          Simple_repeat          1     62    (0) 1855  
   28   11.7  4.2  0.0  Sniffles2.INS.6FFS39      3    50    (1) + (TA)n          Simple_repeat          1     50    (0) 1856  
  249   22.8  0.0  0.2  Sniffles2.INS.6FS2B       2   538    (5) + (TGGAG)n       Simple_repeat          1    536    (0) 1857  
 2063   12.7  1.0  0.6  Sniffles2.INS.6FS58      14   323   (38) + AluSx          SINE/Alu               2    312    (0) 1858  
  660   14.0  3.5  0.8  Sniffles2.INS.6FS8        4   118   (10) C BSR/Beta       Satellite            (0)    136     19 1859  
  543   14.3  0.5  0.5  Sniffles2.INS.6S14       10   231   (33) + CER            Satellite              1    222    (0) 1860  
   62   12.2  0.0  0.0  Sniffles2.INS.6S28       13   119  (546) + (CT)n          Simple_repeat          1    107    (0) 1861  
   24    0.0  0.0  0.0  Sniffles2.INS.6S28      120   149  (516) + (CCTC)n        Simple_repeat          1     30    (0) 1862  
   42    0.0  0.0  6.1  Sniffles2.INS.6S28      612   663    (2) + (TTTC)n        Simple_repeat          1     49    (0) 1863  
  272   19.6  0.0  0.0  Sniffles2.INS.6S2B        8    60    (0) + AluY           SINE/Alu             224    277   (25) 1864  
   50    2.0  0.0  0.0  Sniffles2.INS.6S2C        1    50    (0) + (CATTC)n       Simple_repeat          1     50    (0) 1865  
  904   14.9  1.7  0.0  Sniffles2.INS.6S2F        1   338    (0) + ALR/Alpha      Satellite/centr        1    343    (0) 1866  
 1087   15.2  1.6  0.4  Sniffles2.INS.6S30        1   643  (100) + ALR/Alpha      Satellite/centr        1    650    (0) 1867  
  365    7.7  0.0  0.0  Sniffles2.INS.6S30      692   743    (0) + ALR/Alpha      Satellite/centr       71    122   (49) 1867  
   12   19.9  0.0  0.0  Sniffles2.INS.6S34        6    34  (898) + (TTTAT)n       Simple_repeat          1     29    (0) 1868  
 6480    1.1  0.0  0.3  Sniffles2.INS.6S34       35   756  (176) C L1HS           LINE/L1              (0)   6155   5436 1869  
   18   19.6  0.0  0.0  Sniffles2.INS.6S34      757   791  (141) + A-rich         Low_complexity         1     35    (0) 1870  
   38   22.6  1.1  0.0  Sniffles2.INS.6S5D       10   102    (3) + (TGGAG)n       Simple_repeat          1     94    (0) 1871  
   29   28.0  1.1  0.0  Sniffles2.INS.6SA7        3    92    (1) + (TCTC)n        Simple_repeat          1     91    (0) 1872  
   33   19.5  0.0  0.0  Sniffles2.INS.6SBD        1    70    (0) + (ATTCC)n       Simple_repeat          1     70    (0) 1873  
   63    0.0  0.0  0.0  Sniffles2.INS.700S33      1    56    (0) + (TTC)n         Simple_repeat          1     56    (0) 1874  
   36    9.9  8.3  5.4  Sniffles2.INS.700S39      1   109    (0) + (TATATAG)n     Simple_repeat          1    112    (0) 1875  
   17   12.3  0.0 12.0  Sniffles2.INS.702S22      3    58    (0) + (TATACG)n      Simple_repeat          1     50    (0) 1876  
   57    0.0  0.0  0.0  Sniffles2.INS.707S33      1    51    (0) + (GAAG)n        Simple_repeat          1     51    (0) 1877  
  858   11.6  3.3  0.0  Sniffles2.INS.70S25       1   160    (7) + ALR/Alpha      Satellite/centr        1    165    (0) 1878  
  309   15.4  0.0  0.0  Sniffles2.INS.70S8        8    59    (0) C BSR/Beta       Satellite           (44)     92     41 1879  
  252   19.6  2.2  0.0  Sniffles2.INS.713S22      1    46   (20) + L1MCb          LINE/L1              377    423 (5622) 1880  
   32   10.2  3.8  0.0  Sniffles2.INS.715S33      1    53    (1) + (TA)n          Simple_repeat          1     55    (0) 1881  
  854    1.6  0.0  1.6  Sniffles2.INS.71DS22      1   126    (1) C SVA_F          Retroposon/SVA     (527)    848    725 1882  
  894   14.3  0.0  1.5  Sniffles2.INS.71ES0     153   287  (564) C FLAM_C         SINE/Alu             (0)    133      1 1883  
   21    6.3  0.0  2.9  Sniffles2.INS.71ES0     803   837   (14) + (ATTTTT)n      Simple_repeat          1     34    (0) 1884  
   17   15.3  0.0  8.5  Sniffles2.INS.71ES33      2    52    (2) + (ATAG)n        Simple_repeat          1     47    (0) 1885  
  218   23.3 12.1  4.0  Sniffles2.INS.71S1       25   140   (17) + MIR            SINE/MIR               8    132  (130) 1886  
   47   13.9  4.2  4.2  Sniffles2.INS.71S5        6   125    (0) + (ATATATT)n     Simple_repeat          1    120    (0) 1887  
  393   13.6  0.0  1.5  Sniffles2.INS.71S8        2    68    (1) C BSR/Beta       Satellite            (4)    132     67 1888  
  827    7.8  2.3  3.5  Sniffles2.INS.725S33      3   174    (1) + SVA_A          Retroposon/SVA       600    769  (618) 1889  
  135   15.3  0.8  0.4  Sniffles2.INS.729S17      2   239    (0) + (TGG)n         Simple_repeat          1    239    (0) 1890  
 1730    1.8  8.0  0.8  Sniffles2.INS.72AS33      1   224    (3) C L1P1           LINE/L1           (1221)   4925   4686 1891  
 1115   13.3  0.4  0.0  Sniffles2.INS.72S25       1   340    (1) + ALR/Alpha      Satellite/centr        1    341    (0) 1892  
  233    8.8  2.0 10.6  Sniffles2.INS.72S31       9    59    (2) + L1P4           LINE/L1             5138   5184  (962) 1893  
  399   12.5  1.5  1.5  Sniffles2.INS.72S8        5    69    (0) C BSR/Beta       Satellite           (40)     96     32 1894  
  129    0.0 11.3  0.0  Sniffles2.INS.72SC0       4   189    (4) + (TACATATGTA)n  Simple_repeat          1    207    (0) 1895  
   83   29.8  2.6  0.6  Sniffles2.INS.731S17      4   312    (0) + (CACCAA)n      Simple_repeat          1    315    (0) 1896  
   32   22.3  1.3  0.0  Sniffles2.INS.732S17      1    76    (1) + (TGATGG)n      Simple_repeat          1     77    (0) 1897  
   31    7.3  8.3  1.6  Sniffles2.INS.733S22      3    62    (0) + (AT)n          Simple_repeat          1     64    (0) 1898  
  392    3.0  3.9  2.7  Sniffles2.INS.739S17      1   543    (2) + (CCTC)n        Simple_repeat          1    549    (0) 1899  
  928   15.6  0.6  0.0  Sniffles2.INS.73S25       1   167    (3) + ALR/Alpha      Satellite/centr        4    171    (0) 1900  
  906    4.8  0.0  0.0  Sniffles2.INS.73S2B       1   104   (65) + AluYa5         SINE/Alu              37    140  (171) 1901  
  604    2.9  1.4  0.0  Sniffles2.INS.73S2B      99   168    (1) + AluYa5         SINE/Alu             227    297   (14) 1902 *
   31   23.5  0.0  0.0  Sniffles2.INS.73S3A       1    64    (0) + (TA)n          Simple_repeat          1     64    (0) 1903  
 2147   11.7  1.0  0.3  Sniffles2.INS.73S6        2   301   (15) C AluSx          SINE/Alu            (10)    302      1 1904  
  632   15.4  0.5  1.0  Sniffles2.INS.73S8        1   135    (1) C BSR/Beta       Satellite           (26)    134      1 1905  
   11   15.4  6.9  6.9  Sniffles2.INS.740S17     12    69    (6) + (ACCTGTG)n     Simple_repeat          1     58    (0) 1906  
  696    4.8  0.0  0.0  Sniffles2.INS.749S33      1    84    (1) C L1P1           LINE/L1           (1164)   4982   4899 1907  
  124   20.2  0.0  0.0  Sniffles2.INS.74S2B      11   256    (1) + (ATTCC)n       Simple_repeat          1    246    (0) 1908  
  273   21.1  0.0  0.0  Sniffles2.INS.74S8       10    66    (0) C BSR/Beta       Satellite           (49)     87     31 1909  
   30    2.7  0.0  5.0  Sniffles2.INS.75FS0       3    44    (9) + (GGAGGGAT)n    Simple_repeat          1     40    (0) 1910  
   24   10.2  9.1  1.7  Sniffles2.INS.75S11       8    62    (9) + (CT)n          Simple_repeat          1     59    (0) 1911  
  265   15.1  1.9  0.0  Sniffles2.INS.764S22     19    71    (1) C Alu            SINE/Alu             (2)    299    246 1912  
   27   23.9  2.9  0.0  Sniffles2.INS.769S39     17    86    (0) + (GT)n          Simple_repeat          1     72    (0) 1913  
  227   14.6  0.0  0.0  Sniffles2.INS.76AS33     97   137   (59) + Alu            SINE/Alu             261    301    (0) 1914  
  282   21.3  1.6  0.0  Sniffles2.INS.76S2B       1    61    (0) + Alu            SINE/Alu             105    166    (0) 1915  
  568    6.5  2.6 13.6  Sniffles2.INS.76S4        2   196    (1) + SVA_E          Retroposon/SVA       604    779  (603) 1916  
   54    3.3  3.2  0.0  Sniffles2.INS.76SBF       2    63    (1) + (AT)n          Simple_repeat          1     64    (0) 1917  
  261    8.9  6.7  0.0  Sniffles2.INS.77AS33      2    46    (6) C L1MC3          LINE/L1           (1533)   6252   6205 1918  
   46    4.1  0.0  0.0  Sniffles2.INS.77ES22      1    51    (2) + (CCTT)n        Simple_repeat          1     51    (0) 1919  
  341   16.7  1.7  0.0  Sniffles2.INS.77S2B      17    76    (1) + Alu            SINE/Alu              89    149   (17) 1920  
   47    2.2  0.0  0.0  Sniffles2.INS.785S33      1    47    (4) + (CCTT)n        Simple_repeat          1     47    (0) 1921  
   20   32.0  0.0  0.0  Sniffles2.INS.786S33      1    60  (122) + (GT)n          Simple_repeat          1     60    (0) 1922  
   15   21.1  0.0  0.0  Sniffles2.INS.786S33     71    99   (83) + (AC)n          Simple_repeat          1     29    (0) 1923  
   24   11.0  3.9  1.9  Sniffles2.INS.78FS33      2    52    (0) + (ATATAA)n      Simple_repeat          1     52    (0) 1924  
  270   17.8  0.0  0.0  Sniffles2.INS.78S2B       8    52    (3) + AluYk2         SINE/Alu             228    272   (39) 1925  
  312   19.6 12.4  0.0  Sniffles2.INS.78S3A      12   108   (56) C BLACKJACK      DNA/hAT-Blackjack  (232)   2737   2629 1926  
   34   23.1  0.0  3.4  Sniffles2.INS.792S33      7    97    (0) + GA-rich        Low_complexity         1     88    (0) 1927  
   36   24.7  0.0  3.1  Sniffles2.INS.798S39      1   100   (18) + (GGT)n         Simple_repeat          1     97    (0) 1928  
   65   29.0  0.0  2.6  Sniffles2.INS.799S39      1   196    (0) + (GGT)n         Simple_repeat          1    191    (0) 1929  
   30    0.0  6.8  0.0  Sniffles2.INS.79CS33      1    44    (2) + (GAAA)n        Simple_repeat          1     47    (0) 1930  
  990    6.0  0.0  0.0  Sniffles2.INS.79S11       1   117    (0) + AluSc8         SINE/Alu             167    283   (28) 1931  
 2660    3.7  0.0  0.0  Sniffles2.INS.79S2B      19   315   (33) + AluYa5         SINE/Alu               1    297   (14) 1932  
  244   12.5  0.0  0.0  Sniffles2.INS.79S2B     317   348    (0) + Alu            SINE/Alu              98    129   (37) 1933  
   26    6.5  8.2  0.0  Sniffles2.INS.79SC0       2    50    (0) + (AGAA)n        Simple_repeat          1     53    (0) 1934  
  388   18.8  5.3 12.0  Sniffles2.INS.7A1S33      1   133   (58) + FRAM           SINE/Alu              40    164    (2) 1935  
  244   12.4  1.3  0.0  Sniffles2.INS.7A4S33      1   387    (0) + (TA)n          Simple_repeat          1    392    (0) 1936  
  990    6.0  0.0  0.0  Sniffles2.INS.7AS11       1   117  (879) + AluSc8         SINE/Alu             167    283   (28) 1937  
  302   19.4  0.0  7.7  Sniffles2.INS.7AS11     131   214  (782) + L1MC4a         LINE/L1             7428   7505  (377) 1938  
  647   17.2  2.4  0.8  Sniffles2.INS.7AS11     272   394  (602) + FLAM_C         SINE/Alu               1    125    (8) 1939  
 1900   13.8  1.4  0.6  Sniffles2.INS.7AS11     398   696  (300) + AluSx          SINE/Alu               2    282   (20) 1940  
 2440    6.1  0.0  0.7  Sniffles2.INS.7AS11     699   992    (4) + AluY           SINE/Alu               1    292   (19) 1941  
  295   15.7  3.9  0.0  Sniffles2.INS.7AS2B       1    51    (0) + FRAM           SINE/Alu             104    156   (20) 1942  
  363    9.8  0.0  0.0  Sniffles2.INS.7AS58       1    51    (5) + 5S             rRNA                  48     98   (23) 1943  
   41    0.0  5.5  0.0  Sniffles2.INS.7ASC0       1    55    (0) + (AAAG)n        Simple_repeat          1     58    (0) 1944  
  474   19.8  0.0  0.0  Sniffles2.INS.7BS25       1    96    (0) + ALR/Alpha      Satellite/centr       47    142   (30) 1945  
  339   20.0  0.0  0.0  Sniffles2.INS.7BS2B       8    62   (10) + Alu            SINE/Alu              89    143   (23) 1946  
   25   17.3  0.0  0.0  Sniffles2.INS.7BSBF       1    52    (0) + (ATATAAT)n     Simple_repeat          1     52    (0) 1947  
  644   15.2  0.0  0.0  Sniffles2.INS.7C3S33      1    92    (0) C AluSg          SINE/Alu           (153)    157     66 1948  
  298   12.5  0.0  2.1  Sniffles2.INS.7CDS17      6    54   (14) C L1M4b          LINE/L1           (3729)   3138   3091 1949  
  471   18.9  1.1  0.0  Sniffles2.INS.7CS25       1    95    (1) + ALR/Alpha      Satellite/centr       41    136   (36) 1950  
  276   23.1  0.0  0.0  Sniffles2.INS.7CS2B      12    63    (0) + AluJo          SINE/Alu             225    276   (36) 1951  
 2574    6.0  0.0  0.3  Sniffles2.INS.7CS6        3   304    (7) + AluY           SINE/Alu               1    301   (10) 1952  
   33    4.3  6.2  0.0  Sniffles2.INS.7CSBF       3    50    (2) + (TA)n          Simple_repeat          1     51    (0) 1953  
   36   13.1  6.9  3.9  Sniffles2.INS.7D2S33      1   101    (1) + (CAT)n         Simple_repeat          1    104    (0) 1954  
  157   12.0  0.8  0.0  Sniffles2.INS.7D5S33      1   244    (0) + (CATCAT)n      Simple_repeat          1    246    (0) 1955  
  268    8.2  5.8  2.6  Sniffles2.INS.7DBS33      2    76   (14) C L1PA3          LINE/L1              (3)   6152   6074 1956  
   19   17.3  1.6  6.8  Sniffles2.INS.7DS0        1    62    (0) + (CCTCTCC)n     Simple_repeat          1     59    (0) 1957  
 1232   13.5  0.2  0.0  Sniffles2.INS.7DS25       1  1356    (0) + ALR/Alpha      Satellite/centr        1   1359    (0) 1958  
  292   19.1  0.0  0.0  Sniffles2.INS.7DS58       1    47   (28) + Tigger1        DNA/TcMar-Tigger    2372   2418    (0) 1959  
  594   10.8  0.0  0.0  Sniffles2.INS.7EES33     16    98    (1) C Alu            SINE/Alu             (0)    301    219 1960  
 1042   16.4  0.0  0.0  Sniffles2.INS.7ES25       4   265    (1) + ALR/Alpha      Satellite/centr        1    262    (1) 1961  
   24   13.1  0.0  0.0  Sniffles2.INS.7ES2B       6    47    (3) + (TGGAG)n       Simple_repeat          1     42    (0) 1962  
   40   18.8  4.8  4.0  Sniffles2.INS.7ES58       9   132    (0) + (CA)n          Simple_repeat          1    125    (0) 1963  
   53    2.0  0.0  0.0  Sniffles2.INS.7ESC0       1    50    (0) + (AT)n          Simple_repeat          1     50    (0) 1964  
   55    1.9  0.0  0.0  Sniffles2.INS.7F2S22      1    54    (0) + (TCCCT)n       Simple_repeat          1     54    (0) 1965  
  933    9.5  0.0  0.0  Sniffles2.INS.7F4S33     18   133    (0) C AluSc5         SINE/Alu            (21)    288    173 1966  
 1041   15.6  0.5  0.3  Sniffles2.INS.7FS25       1   683    (0) + ALR/Alpha      Satellite/centr        1    684    (0) 1967  
   26   18.5  0.0  0.0  Sniffles2.INS.7FS2B       1    55    (0) + (TGGAG)n       Simple_repeat          1     55    (0) 1968  
  135   22.0  6.0  3.0  Sniffles2.INS.7FS58       1   484    (5) + (AC)n          Simple_repeat          1    498    (0) 1969  
 2458    1.1  0.4  0.4  Sniffles2.INS.7S1C       12   282    (0) C AluYg6         SINE/Alu            (14)    297     27 1970  
   56    0.0  2.0  0.0  Sniffles2.INS.7S28        1    51    (0) + (TC)n          Simple_repeat          1     52    (0) 1971  
   59   25.8  0.6  0.6  Sniffles2.INS.7S2A        1   159 (1304) + (TCCAT)n       Simple_repeat          1    159    (0) 1972  
  326   19.4  4.5  0.0  Sniffles2.INS.7S2A      160   226 (1237) C AluJb          SINE/Alu             (8)    294    225 1973  
   33   24.5  0.0  0.0  Sniffles2.INS.7S2A      233   312 (1151) + (CCACT)n       Simple_repeat          1     80    (0) 1974  
  227   19.1 11.3  3.1  Sniffles2.INS.7S2A      313   463 (1000) + HSATII         Satellite              1    163    (7) 1975  
  355   18.5  0.0  0.1  Sniffles2.INS.7S2A      464  1120  (343) + (CACTC)n       Simple_repeat          1    656    (0) 1976  
  364   14.3  4.8  0.0  Sniffles2.INS.7S2A     1121  1183  (280) C Alu            SINE/Alu            (12)    154     89 1977  
  267   14.9 10.3  2.2  Sniffles2.INS.7S2A     1183  1287  (176) + HSATII         Satellite              1    113    (4) 1978 *
   87   20.0  0.0  0.0  Sniffles2.INS.7S2A     1290  1462    (1) + (CCATT)n       Simple_repeat          1    173    (0) 1979  
  296   19.1  0.0  0.0  Sniffles2.INS.7S2B        1    47   (11) + AluJo          SINE/Alu             230    276   (36) 1980  
 1197   14.8  0.8  0.0  Sniffles2.INS.7S30        1   675    (2) + ALR/Alpha      Satellite/centr        1    680    (0) 1981  
  118   15.5  0.0  0.0  Sniffles2.INS.7S5D        6   207    (3) + (GAGTG)n       Simple_repeat          1    202    (0) 1982  
  782    9.8  0.0  1.0  Sniffles2.INS.7S8         1   137    (0) + BSR/Beta       Satellite              1    135    (0) 1983  
 1054    8.1  0.5  0.1  Sniffles2.INS.7SA8        1   430    (9) C ACRO1          Satellite/acro       (9)    431      1 1984  
   19   26.4  0.0  0.0  Sniffles2.INS.7SBD        1    54    (0) + (TCCAT)n       Simple_repeat          1     54    (0) 1985  
   22   17.5  0.0  0.0  Sniffles2.INS.80S2B       5    49    (1) + (GAGTG)n       Simple_repeat          1     45    (0) 1986  
   53    2.0  0.0  0.0  Sniffles2.INS.80SC0       1    50    (0) + (AT)n          Simple_repeat          1     50    (0) 1987  
   23   12.1  6.7  0.0  Sniffles2.INS.818S22      6    50    (0) + (GT)n          Simple_repeat          1     48    (0) 1988  
  363    6.7  0.0  0.0  Sniffles2.INS.81FS22      1    45   (71) C Alu            SINE/Alu            (88)     45      1 1989  
  273   12.8  4.3  0.0  Sniffles2.INS.81FS22     70   116    (0) + L1M4           LINE/L1             4937   4985 (1161) 1990  
  214   24.0  1.3  0.6  Sniffles2.INS.81S24       8   538 (7468) + (TCCAC)n       Simple_repeat          1    535    (0) 1991  
  383   18.1  4.3 12.1  Sniffles2.INS.81S24     555   810 (7196) + HSATII         Satellite              1    235    (4) 1992  
  158   25.7  1.2  0.9  Sniffles2.INS.81S24     815  1240 (6766) + (CATTC)n       Satellite              1    427    (0) 1993  
  253   22.5  7.0  3.7  Sniffles2.INS.81S24    1249  1405 (6601) + HSATII         Satellite              2    163    (7) 1994  
  133   21.8  0.3  0.0  Sniffles2.INS.81S24    1411  1693 (6313) + (CACTC)n       Simple_repeat          1    284    (0) 1995  
  327   22.4  4.5  7.2  Sniffles2.INS.81S24    1695  1927 (6079) + HSATII         Satellite              1    226    (8) 1996  
  191   26.0  0.4  0.6  Sniffles2.INS.81S24    1932  2420 (5586) + (CCATT)n       Simple_repeat          1    488    (0) 1997  
  403   20.1  7.6  7.2  Sniffles2.INS.81S24    2424  2704 (5302) + HSATII         Satellite              1    282    (7) 1998  
   19   12.4  0.0  0.0  Sniffles2.INS.81S24    2705  2739 (5267) + (CACTC)n       Simple_repeat          1     35    (0) 1999  
  286   21.7  5.6  7.1  Sniffles2.INS.81S24    2746  3527 (4479) + HSATII         Satellite              1    770    (7) 2000  
  762   25.7  0.4  0.0  Sniffles2.INS.81S24    3541  5384 (2622) + (TCCAT)n       Simple_repeat          1   1852    (0) 2001  
   32    8.7  0.0  0.0  Sniffles2.INS.81S24    5397  5445 (2561) + (TTCCATTTGA)n  Simple_repeat          1     49    (0) 2002  
  240   15.8 18.6  2.8  Sniffles2.INS.81S24    5465  5588 (2418) + HSATII         Satellite             21    163    (7) 2003  
   85   21.9  1.8  0.4  Sniffles2.INS.81S24    5602  5880 (2126) + (TCCAC)n       Simple_repeat          1    283    (0) 2004  
  253   22.6  4.0 11.0  Sniffles2.INS.81S24    5883  6056 (1950) + HSATII         Satellite              1    163    (7) 2005  
   46   21.7  0.0  0.0  Sniffles2.INS.81S24    6063  6163 (1843) + (ATTCC)n       Simple_repeat          1    101    (0) 2006  
  378   19.6 12.1  0.6  Sniffles2.INS.81S24    6176  6324 (1682) + HSATII         Satellite              1    166    (4) 2007  
   29   11.8  0.0  0.0  Sniffles2.INS.81S24    6341  6395 (1611) + (GATTCCATTT)n  Simple_repeat          1     55    (0) 2008  
  461   19.1  7.1  8.2  Sniffles2.INS.81S24    6398  6729 (1277) + HSATII         Satellite              1    328    (4) 2009  
  369   25.1  0.5  0.3  Sniffles2.INS.81S24    6740  7626  (380) + (CATTC)n       Satellite              1    888    (0) 2010  
  247   17.0  6.0  8.0  Sniffles2.INS.81S24    7633  7798  (208) + HSATII         Satellite              1    163    (7) 2011  
   82   23.0  0.0  0.0  Sniffles2.INS.81S24    7807  7989   (17) + (TCCAC)n       Simple_repeat          1    183    (0) 2012  
   34   19.2  3.9  0.0  Sniffles2.INS.82S1        1    77    (0) + (AT)n          Simple_repeat          1     80    (0) 2013  
 1067   14.8  0.7  0.0  Sniffles2.INS.82S25       1   338    (1) + ALR/Alpha      Satellite/centr        1    340    (0) 2014  
  362   16.4  0.0  0.0  Sniffles2.INS.82S2B      13    67    (0) + AluYk2         SINE/Alu             225    279   (32) 2015  
   34    6.4  2.0  0.0  Sniffles2.INS.82S33       1    49   (10) + (ATACATAT)n    Simple_repeat          1     50    (0) 2016  
   29    8.7  4.0  0.0  Sniffles2.INS.82S6        1    50    (0) + (TTCT)n        Simple_repeat          1     52    (0) 2017  
  447   13.2  0.0  0.0  Sniffles2.INS.834S33     22    89    (0) C L1MC           LINE/L1           (1790)   4356   4289 2018  
  264    7.3  1.9  0.0  Sniffles2.INS.83S11       1   361    (3) + (TA)n          Simple_repeat          1    368    (0) 2019  
 1149   13.9  1.1  0.7  Sniffles2.INS.83S25       1  1871    (0) + ALR/Alpha      Satellite/centr        1   1877    (0) 2020  
  274   19.6  3.9  0.0  Sniffles2.INS.83S2B       2    52    (0) + FRAM           SINE/Alu             102    154   (12) 2021  
   47    0.0  0.0  0.0  Sniffles2.INS.83S6       15    54    (0) + (GA)n          Simple_repeat          1     40    (0) 2022  
   54   14.0  0.0  2.1  Sniffles2.INS.843S33      3   101    (6) + GA-rich        Low_complexity         1     97    (0) 2023  
   74   15.8  1.3  3.2  Sniffles2.INS.844S33      2   160    (2) + GA-rich        Low_complexity         1    156    (0) 2024  
   59    1.2  8.3  1.1  Sniffles2.INS.84S33       4    87    (4) + (TA)n          Simple_repeat          1     90    (0) 2025  
  221   18.6  0.0  2.4  Sniffles2.INS.85S2B      11    53    (2) + AluSc          SINE/Alu             236    277   (32) 2026  
  455   20.0  1.1  0.0  Sniffles2.INS.86S25       6   100    (0) + ALR/Alpha      Satellite/centr       32    127   (44) 2027  
  335   20.3  0.0  0.0  Sniffles2.INS.86S2B       6    64    (0) + AluYa5         SINE/Alu             232    290   (21) 2028  
   80    5.1  7.7  0.7  Sniffles2.INS.86S3A      30   172    (6) + (TA)n          Simple_repeat          1    153    (0) 2029  
   28    6.2  5.4  5.4  Sniffles2.INS.875S22      1    56    (4) + (CA)n          Simple_repeat          1     56    (0) 2030  
  434   17.6  0.8  0.0  Sniffles2.INS.87S25       1    93    (6) + ALR/Alpha      Satellite/centr        1     93    (1) 2031  
  518   18.4  0.5  0.0  Sniffles2.INS.87S8        1   122    (0) C BSR/Beta       Satellite           (54)    122      1 2032  
  869   17.1  4.0  4.0  Sniffles2.INS.88S11      19   195   (93) + AluJb          SINE/Alu             118    294    (8) 2033  
  389   19.0  1.2  1.2  Sniffles2.INS.88S25       2    86   (15) + ALR/Alpha      Satellite/centr       47    131   (40) 2034  
  324   22.4  0.0  0.0  Sniffles2.INS.88S8        1    67    (1) C BSR/Beta       Satellite           (56)     80     14 2035  
  927   12.2  0.8  0.4  Sniffles2.INS.88SC0       1   171    (0) + ALR/Alpha      Satellite/centr        1    171    (0) 2036  
   13   24.1  0.0  5.9  Sniffles2.INS.895S22     12    65    (9) + (CCCAG)n       Simple_repeat          1     51    (0) 2037  
 1852    5.0  0.0  0.0  Sniffles2.INS.89S25       1   222    (0) C L1PA3          LINE/L1             (72)   6083   5862 2038  
  366   20.3  3.1  0.0  Sniffles2.INS.89S2B       5    68    (0) + Alu            SINE/Alu             225    290   (12) 2039  
  278   19.4  1.5  0.0  Sniffles2.INS.89S35      22    88   (32) C L1MEc          LINE/L1           (4829)   1571   1504 2040  
  927   12.2  0.8  0.4  Sniffles2.INS.89SC0       1   171    (0) + ALR/Alpha      Satellite/centr        1    171    (0) 2041  
 3122    3.8  0.0  0.0  Sniffles2.INS.8AS25       3   368   (34) C L1PA3          LINE/L1              (5)   6150   5785 2042  
  294   17.0  0.0  0.0  Sniffles2.INS.8AS2B       1    47   (13) + Alu            SINE/Alu             224    270   (31) 2043  
  910   10.1  0.0  0.0  Sniffles2.INS.8AS8        3   133    (0) C BSR/Beta       Satellite           (14)    131      1 2044  
 2857    1.9  0.0  0.0  Sniffles2.INS.8BS25       3   312    (8) + AluYe5         SINE/Alu               1    310    (0) 2045  
  791   12.9  0.3  7.9  Sniffles2.INS.8BS8        1   270    (1) C BSR/Beta       Satellite           (56)    249      1 2046  
  896   12.9  3.5  4.1  Sniffles2.INS.8CS8        5   586    (2) C BSR/Beta       Satellite           (28)    578      1 2047  
   26    4.8  6.8  0.0  Sniffles2.INS.8DS6        1    44    (5) + (AGG)n         Simple_repeat          1     47    (0) 2048  
  304   16.4  1.6  0.0  Sniffles2.INS.8DS8        1    61    (6) C BSR/Beta       Satellite           (27)    109     48 2049  
  330   15.2  0.0  0.0  Sniffles2.INS.8ES2B       5    50    (0) + FRAM           SINE/Alu              98    143   (33) 2050  
  101    4.0 10.1  1.5  Sniffles2.INS.8ES6        1   188    (3) + GA-rich        Low_complexity         1    204    (0) 2051  
  634   14.7  0.0  0.5  Sniffles2.INS.8ES8        5   141    (0) C BSR/Beta       Satellite           (21)    136      1 2052  
   31    5.1  0.0  2.4  Sniffles2.INS.8FSBF       9    51    (5) + (CATATAGAT)n   Simple_repeat          1     42    (0) 2053  
  259   20.2  8.7  5.5  Sniffles2.INS.8S16        2   160    (2) C HSATII         Satellite           (53)    164      1 2054  
 2328    4.4  0.0  3.7  Sniffles2.INS.8S1C        5   311    (0) C AluY           SINE/Alu            (15)    296      1 2055  
  259   21.3  0.0  0.0  Sniffles2.INS.8S2B        1    47   (21) + AluJo          SINE/Alu             230    276   (36) 2056  
 1052   13.4  1.7  0.0  Sniffles2.INS.8S30        9   336    (1) + ALR/Alpha      Satellite/centr        1    333    (0) 2057  
  246   20.4  0.0  0.0  Sniffles2.INS.8S5D       13    56   (41) + Alu            SINE/Alu              89    132   (34) 2058  
  105   23.5  0.8  0.4  Sniffles2.INS.8S77        1   244    (0) + (TCCAT)n       Simple_repeat          1    245    (0) 2059  
 1053    9.1  0.0  0.4  Sniffles2.INS.8S8         1   204    (1) + BSR/Beta       Satellite              1    203    (0) 2060  
  290   23.9  0.9  0.3  Sniffles2.INS.8SA7        2   693    (9) + (CTCT)n        Simple_repeat          1    696    (0) 2061  
 1054    7.3  0.6  0.0  Sniffles2.INS.8SA8        1   581    (1) C ACRO1          Satellite/acro      (50)    584      1 2062  
 1074    7.9  1.1  0.2  Sniffles2.INS.8SAD        3   435    (0) C ACRO1          Satellite/acro       (0)    436      1 2063  
   33    2.1  4.0  2.0  Sniffles2.INS.90S37       1    50    (0) + (AAGA)n        Simple_repeat          1     51    (0) 2064  
  331   19.6  0.0  0.0  Sniffles2.INS.91S2B       2    57    (0) + AluYk2         SINE/Alu             224    279   (32) 2065  
   43    0.0  1.9  3.9  Sniffles2.INS.91S31       1    52    (0) + (TTTC)n        Simple_repeat          1     51    (0) 2066  
  348    7.8  0.0  2.0  Sniffles2.INS.91SBF       2    53    (0) C L1PB           LINE/L1            (852)   5294   5244 2067  
   38    2.1  3.9  1.9  Sniffles2.INS.92S18       1    51    (0) + (TTC)n         Simple_repeat          1     52    (0) 2068  
  259   17.0  4.3  0.0  Sniffles2.INS.92S2B       1    47    (3) + FRAM           SINE/Alu             106    154   (22) 2069  
  405    4.1  0.0  0.0  Sniffles2.INS.92S31       1    49    (1) C LTR12C         LTR/ERV1           (577)   1002    954 2070  
  350   16.1  0.0  3.6  Sniffles2.INS.93S2B      15    72    (5) + Alu            SINE/Alu              85    140   (26) 2071  
 1148    3.7  0.0  0.8  Sniffles2.INS.94S6        2   135    (0) C AluYk2         SINE/Alu           (140)    171     39 2072  
   43    0.0  0.0  0.0  Sniffles2.INS.95S11       1    39   (53) + (T)n           Simple_repeat          1     39    (0) 2073  
   43    4.5  0.0  0.0  Sniffles2.INS.95S23       4    49    (1) + (TA)n          Simple_repeat          1     46    (0) 2074  
  279   20.4  0.0  0.0  Sniffles2.INS.95S2B      12    60    (3) + AluYk2         SINE/Alu             224    272   (39) 2075  
  306   18.8  0.0  0.0  Sniffles2.INS.96S2B      17    64    (0) + AluJo          SINE/Alu             229    276   (36) 2076  
  356   18.3  0.0  3.5  Sniffles2.INS.96S37       2    61   (20) C AluSg          SINE/Alu           (125)    185    128 2077  
   41    4.5  0.0  0.0  Sniffles2.INS.97S8        8    54    (1) + (GAATG)n       Simple_repeat          1     47    (0) 2078  
  269    0.0 13.9  0.0  Sniffles2.INS.9AS38       3    45    (5) + Alu            SINE/Alu             134    182  (119) 2079  
  138    0.0  1.9  4.4  Sniffles2.INS.9AS6        8   169    (0) + (CTTT)n        Simple_repeat          1    158    (0) 2080  
   17   13.1  0.0  0.0  Sniffles2.INS.9BS18     788   813  (184) + (AC)n          Simple_repeat          1     26    (0) 2081  
 1098   10.7  0.0  0.0  Sniffles2.INS.9BS25       3   161    (9) + ALR/Alpha      Satellite/centr       13    171    (0) 2082  
   41   11.7  0.0  0.0  Sniffles2.INS.9BS8        1    74   (41) + (TGGAA)n       Simple_repeat          1     74    (0) 2083  
   15   15.5  0.0  0.0  Sniffles2.INS.9BS8       85   114    (1) + (ATGGA)n       Simple_repeat          1     30    (0) 2084  
  132   16.0  2.8  2.1  Sniffles2.INS.9CS33       4   286    (0) + (TCCC)n        Simple_repeat          1    285    (0) 2085  
  301   15.1 11.4  7.2  Sniffles2.INS.9CS8       11   289    (5) C HSATII         Satellite            (4)    290      1 2086  
 1012    4.3  0.0  0.0  Sniffles2.INS.9DS2B       1   115    (0) + AluYa5         SINE/Alu              16    130  (181) 2087  
  607   18.6  5.2  7.7  Sniffles2.INS.9DS8        3  1425   (15) C HSATII         Satellite            (7)   1387      1 2088  
  422    7.7  2.1  4.3  Sniffles2.INS.9ES13       1    95    (0) C SVA_F          Retroposon/SVA     (626)    749    657 2089  
 1540    5.9 24.8  0.0  Sniffles2.INS.9ES2B      27   264   (27) + AluY           SINE/Alu               1    297    (4) 2090  
  327   21.4  0.0  0.0  Sniffles2.INS.9FS2B      17    72    (5) + AluYi6         SINE/Alu             224    279   (32) 2091  
  588   17.0  3.5  9.1  Sniffles2.INS.9S16        3   903   (16) C HSATII         Satellite            (4)    851      1 2092  
 1228   13.6  1.2  0.4  Sniffles2.INS.9S30        3  1015    (3) + ALR/Alpha      Satellite/centr        1   1020    (1) 2093  
   36   33.7  0.7  0.0  Sniffles2.INS.9S5D        1   135  (266) + (GGAGT)n       Simple_repeat          1    136    (0) 2094  
   76    8.8  0.0  0.0  Sniffles2.INS.9S5D      144   251  (150) + (TGGAA)n       Simple_repeat          1    108    (0) 2095  
  246   20.4  0.0  0.0  Sniffles2.INS.9S5D      263   306   (95) + Alu            SINE/Alu              89    132   (34) 2096  
   41   16.3  0.0  0.0  Sniffles2.INS.9S5D      324   399    (2) + (AATGG)n       Simple_repeat          1     76    (0) 2097  
  686   14.8  0.0  1.0  Sniffles2.INS.9S8         1   136  (258) + BSR/Beta       Satellite              1    134    (0) 2098  
  812   22.7  5.8  1.3  Sniffles2.INS.9SA8        9   231 (2024) + MER21B         LTR/ERVL             500    732  (136) 2099  
   16   13.3  0.0  2.9  Sniffles2.INS.9SA8      380   414 (1841) + (TTTTGC)n      Simple_repeat          1     34    (0) 2100  
 1667   12.0  7.4  0.3  Sniffles2.INS.9SA8      417   701 (1554) C L1PA10         LINE/L1              (1)   6167   5863 2101  
  365   23.2  0.0  0.0  Sniffles2.INS.9SA8     1092  1160 (1095) + MER47C         DNA/TcMar-Tigger       1     69   (28) 2102  
  188   19.2  5.8  0.0  Sniffles2.INS.9SA8     1723  1774  (481) + MER5A          DNA/hAT-Charlie      129    183    (6) 2103  
  838   17.0  9.1  0.0  Sniffles2.INS.9SA8     2027  2191   (64) + MER21B         LTR/ERVL             200    379  (489) 2104  
 1093    8.3  0.5  0.0  Sniffles2.INS.9SAD        1   724    (5) C ACRO1          Satellite/acro       (5)    727      1 2105  
   33   12.2  0.0  0.0  Sniffles2.INS.A0S22       1    54    (0) + (AGAG)n        Simple_repeat          1     54    (0) 2106  
 1047    0.9  0.0  0.0  Sniffles2.INS.A0S2B      47   158    (0) + AluYa5         SINE/Alu             182    293   (18) 2107  
   25   28.6  3.1  2.0  Sniffles2.INS.A0S33       1    97    (0) + (TC)n          Simple_repeat          1     98    (0) 2108  
  124   20.2  0.0  0.0  Sniffles2.INS.A1S2B       8   253   (11) + (ATTCC)n       Simple_repeat          1    246    (0) 2109  
  704    2.7  1.8  0.9  Sniffles2.INS.A2S6       12   124    (0) C SVA_F          Retroposon/SVA     (520)    855    742 2110  
   68    0.0  0.0  0.0  Sniffles2.INS.A2SBF       1    74    (0) + (A)n           Simple_repeat          1     74    (0) 2111  
   24   35.9  0.0  0.0  Sniffles2.INS.A3S11       5    86    (2) + GA-rich        Low_complexity         1     82    (0) 2112  
  305   21.5  3.8  0.0  Sniffles2.INS.A5S31       8    86   (13) C L1MC5a         LINE/L1           (2098)   5932   5851 2113  
   35    0.0  4.0  2.0  Sniffles2.INS.A5S37       1    50    (0) + (AAAG)n        Simple_repeat          1     51    (0) 2114  
 1935    4.5  1.5  1.9  Sniffles2.INS.A5S4        1   270  (308) + HERVH-int      LTR/ERV1            7445   7713    (0) 2115  
 2031    6.2 13.0  0.3  Sniffles2.INS.A5S4      271   578    (0) + LTR7           LTR/ERV1               1    347  (103) 2115  
  354   19.6  0.0  0.0  Sniffles2.INS.A6S2B      14    69    (3) + AluYk3         SINE/Alu             224    279   (32) 2116  
  252    2.1  0.0  2.1  Sniffles2.INS.A6S37       1    48    (0) + SVA_F          Retroposon/SVA       718    764  (611) 2117  
  656    6.4  0.0  0.0  Sniffles2.INS.A7S2B       1    78    (0) + AluYa5         SINE/Alu              53    130  (181) 2118  
 1286   12.0  1.1  0.6  Sniffles2.INS.A9S24       1  1188    (0) C ALR/Alpha      Satellite/centr     (65)   1193      1 2119  
  318   15.2  0.0  0.0  Sniffles2.INS.A9S2B       1    46    (6) + AluJb          SINE/Alu             233    278   (34) 2120  
   42    6.4  6.1  0.0  Sniffles2.INS.A9S33       1    71    (0) + (TA)n          Simple_repeat          1     75    (0) 2121  
  415   13.6  1.5  0.0  Sniffles2.INS.A9S39       1    66    (1) C L1M2           LINE/L1           (1199)   4944   4878 2122  
  111   13.6  1.4  2.8  Sniffles2.INS.ABS11       6   220    (0) + (AGTG)n        Simple_repeat          1    212    (0) 2123  
 1255   12.2  1.1  0.2  Sniffles2.INS.ABS24       1  1182    (1) C ALR/Alpha      Satellite/centr     (41)   1192      1 2124  
  352   20.0  0.0  0.0  Sniffles2.INS.ABS2B      20    74   (10) + Alu            SINE/Alu              90    144   (22) 2125  
  242   16.1  5.4  0.0  Sniffles2.INS.ACS11       2    57 (1584) C MER5B          DNA/hAT-Charlie    (115)     63      5 2126  
  423   25.7  7.1  1.7  Sniffles2.INS.ACS11      99   268 (1373) + MER5A          DNA/hAT-Charlie       11    189    (0) 2127  
  952    9.2  0.0 11.2  Sniffles2.INS.ACS11    1483  1641    (0) C AluY           SINE/Alu            (12)    289    147 2128  
  358    2.1  0.6  0.0  Sniffles2.INS.ACS22       4    48   (41) C L1P1           LINE/L1           (2475)   3671   3625 2129  
  283    8.9  2.2  0.0  Sniffles2.INS.ACS22      43    87    (2) C L1P1           LINE/L1           (2406)   3740   3695 2130 *
   19   14.9  0.0  0.0  Sniffles2.INS.AES2B      17    53   (15) + (AATGG)n       Simple_repeat          1     37    (0) 2131  
  369    8.7  0.0  0.0  Sniffles2.INS.AES6       32    77    (0) + Alu            SINE/Alu             229    274   (27) 2132  
   14   24.2  2.3  0.0  Sniffles2.INS.AFS31      32    75   (35) + (TTCTT)n       Simple_repeat          1     45    (0) 2133  
   20   17.5  0.0  2.2  Sniffles2.INS.AS11        9    55    (2) + G-rich         Low_complexity         1     46    (0) 2134  
  647   15.9  6.5  5.4  Sniffles2.INS.AS2A        2   433  (947) + HSATII         Satellite              1    436    (3) 2135  
  333   22.9  8.2  1.9  Sniffles2.INS.AS2A      431   528  (852) C AluY           SINE/Alu            (10)    291    188 2136 *
  380   20.8  1.4  0.0  Sniffles2.INS.AS2A      920   991  (389) C Alu            SINE/Alu             (5)    297    225 2137  
  249   21.7  3.2  3.2  Sniffles2.INS.AS2A      952  1013  (367) + SVA_A          Retroposon/SVA       340    401  (986) 2138 *
  231   27.4  1.6  0.0  Sniffles2.INS.AS2A     1319  1380    (0) C AluYk2         SINE/Alu            (24)    287    225 2139  
  332   16.3  0.0  0.0  Sniffles2.INS.AS2B       14    62   (15) + Alu            SINE/Alu              89    137   (29) 2140  
 1228   14.8  1.2  0.4  Sniffles2.INS.AS30        1  1694    (1) + ALR/Alpha      Satellite/centr        1   1708    (0) 2141  
   25   14.5  0.0  0.0  Sniffles2.INS.AS5D        1    46    (1) + (AGTGG)n       Simple_repeat          1     46    (0) 2142  
  903   14.7  2.0  5.3  Sniffles2.INS.AS8         1   609    (3) + BSR/Beta       Satellite              1    589    (0) 2143  
   48    3.9  0.0  0.0  Sniffles2.INS.ASA8        5    57    (6) + (AGGA)n        Simple_repeat          1     53    (0) 2144  
  892    9.1  0.0  4.9  Sniffles2.INS.ASBB        4   292    (0) C ACRO1          Satellite/acro      (44)    274      1 2145  
  152    6.9  8.7  1.0  Sniffles2.INS.B0S33       1   286    (0) + (TTCT)n        Simple_repeat          1    308    (0) 2146  
   22   13.5  8.2  0.0  Sniffles2.INS.B0S6        1    49    (2) + (AT)n          Simple_repeat          1     53    (0) 2147  
   27   29.5  1.3  1.3  Sniffles2.INS.B1S33       2    79    (1) + (TA)n          Simple_repeat          1     78    (0) 2148  
   13    8.2  3.9  0.0  Sniffles2.INS.B1S38       1    26   (83) + (AACCA)n       Simple_repeat          1     27    (0) 2149  
   57    0.0  1.9  0.0  Sniffles2.INS.B2S5        2    53    (0) + (AT)n          Simple_repeat          1     53    (0) 2150  
 1266   13.5  0.6  0.1  Sniffles2.INS.B2SF        1  2556    (0) + ALR/Alpha      Satellite/centr        1   2570    (0) 2151  
   35    8.5  3.1  1.5  Sniffles2.INS.B3S24       1    64    (5) + (CT)n          Simple_repeat          1     65    (0) 2152  
  106   17.7  0.0  0.0  Sniffles2.INS.B4S24     306   313  (395) + (TCTC)n        Simple_repeat          1     13  (230) 2153  
   28   30.9  0.9  0.9  Sniffles2.INS.B4S24     314   418  (290) + (TTTTTG)n      Simple_repeat          1    105    (0) 2154  
  106   17.7  0.0  0.0  Sniffles2.INS.B4S24     419   548  (160) + (TCTC)n        Simple_repeat         14    243    (0) 2153  
   50    0.0  0.0  0.0  Sniffles2.INS.B4S24     556   600  (108) + (CTCC)n        Simple_repeat          1     45    (0) 2155  
   16   25.0  0.0  0.0  Sniffles2.INS.B5S2B       1    44    (1) + (GAATG)n       Simple_repeat          1     44    (0) 2156  
   29    6.7  4.2  0.0  Sniffles2.INS.B5S5        4    51    (0) + (GGGGAGG)n     Simple_repeat          1     50    (0) 2157  
   31    5.3  2.6  0.0  Sniffles2.INS.B5SBF      18    56    (0) + (TA)n          Simple_repeat          1     40    (0) 2158  
  130   13.1  0.5  0.0  Sniffles2.INS.B6S24       2   210  (459) + (TCTC)n        Simple_repeat          1    210    (0) 2159  
  325   23.2  0.0  0.0  Sniffles2.INS.B6S2B      13    81   (14) + Alu            SINE/Alu              88    156   (10) 2160  
   55    0.0  0.0  0.0  Sniffles2.INS.B7S24       1    50    (0) + (GGTGG)n       Simple_repeat          1     50    (0) 2161  
   27   21.5  1.1  8.0  Sniffles2.INS.B7S35       1    94    (0) + (TA)n          Simple_repeat          1     88    (0) 2162  
  124    5.4  7.6  0.0  Sniffles2.INS.B7S3A       3   213    (2) + (TA)n          Simple_repeat          1    227    (0) 2163  
   30    9.3  2.2  0.0  Sniffles2.INS.B8S24       2    47    (4) + (TC)n          Simple_repeat          1     47    (0) 2164  
  310   24.6  0.0  0.0  Sniffles2.INS.B8S2B       1    69    (0) + FRAM           SINE/Alu              90    158    (8) 2165  
   52   22.3  2.3  0.0  Sniffles2.INS.B9S24       1   130    (0) + (CTCTCT)n      Simple_repeat          1    133    (0) 2166  
  334   22.1  0.0  0.0  Sniffles2.INS.B9S2B      14    81    (4) + Alu            SINE/Alu              89    156   (10) 2167  
   25   15.3  5.2  0.0  Sniffles2.INS.BAS24       5    62    (7) + (TGTC)n        Simple_repeat          1     61    (0) 2168  
  103   23.1  0.0  0.9  Sniffles2.INS.BAS2B       1   232    (0) + (TGGAA)n       Simple_repeat          1    230    (0) 2169  
   25   19.8  0.0  0.0  Sniffles2.INS.BBS13       6    53    (0) + (AT)n          Simple_repeat          1     48    (0) 2170  
   44   17.3  0.0  0.0  Sniffles2.INS.BBS24       1    84    (4) + (TCTC)n        Simple_repeat          1     84    (0) 2171  
  263   23.9  0.7  0.2  Sniffles2.INS.BDS24       1   614    (1) + (TCTC)n        Simple_repeat          1    617    (0) 2172  
  124   20.2  0.0  0.0  Sniffles2.INS.BDS2B       8   253    (6) + (ATTCC)n       Simple_repeat          1    246    (0) 2173  
   15    4.5  0.0  4.2  Sniffles2.INS.BDS5       47    71    (1) + (ATT)n         Simple_repeat          1     24    (0) 2174  
   50    0.0  0.0  0.0  Sniffles2.INS.BES1        4    48    (3) + (TTTC)n        Simple_repeat          1     45    (0) 2175  
  408   21.9  0.9  0.2  Sniffles2.INS.BES24       1   895  (219) + (TCTCTC)n      Simple_repeat          1    901    (0) 2176  
  275   23.0  1.9  0.9  Sniffles2.INS.BES24     900  1114    (0) C HERVIP10FH-int LTR/ERV1          (4105)    997    781 2177  
   29   13.4  0.0  0.0  Sniffles2.INS.BES2B       1    50    (0) + (TGGAG)n       Simple_repeat          1     50    (0) 2178  
   15    5.6  0.0  0.0  Sniffles2.INS.BES33       4    22   (58) + (T)n           Simple_repeat          1     19    (0) 2179  
  127   20.2  0.8  0.4  Sniffles2.INS.BFS2B       2   266    (9) + (ATTCC)n       Simple_repeat          1    266    (0) 2180  
   71    1.3  2.4  2.4  Sniffles2.INS.BS25        1    84    (6) + (TTCCA)n       Simple_repeat          1     84    (0) 2181  
   44   14.7 11.7  0.7  Sniffles2.INS.BS29        1    14  (139) + (TA)n          Simple_repeat          1     71   (81) 2182  
   33   17.9  4.5  4.5  Sniffles2.INS.BS29       15   124   (29) + (ATATA)n       Simple_repeat          1    110    (0) 2183  
   44   14.7 11.7  0.7  Sniffles2.INS.BS29      125   137   (16) + (TA)n          Simple_repeat         72    152    (0) 2182  
 1115   13.8  0.0  0.2  Sniffles2.INS.BS2F        2   337    (5) + ALR/Alpha      Satellite/centr        1    335    (0) 2184  
 2018   13.2  0.0  0.0  Sniffles2.INS.BS34        1   280   (68) + AluSq2         SINE/Alu              21    300   (13) 2185  
  263    8.7  8.7  0.0  Sniffles2.INS.BS34      282   327   (21) C MER57-int      LTR/ERV1          (2585)   4952   4903 2186  
  843    5.2  1.4  0.0  Sniffles2.INS.BSA8        2   144    (0) C ACRO1          Satellite/acro      (49)    145      1 2187  
 1126    8.9  0.0  0.0  Sniffles2.INS.BSBB        1   735    (0) C ACRO1          Satellite/acro      (26)    735      1 2188  
   14   21.3  2.2  2.2  Sniffles2.INS.BSBD        2    46    (4) + (TCCAT)n       Simple_repeat          1     45    (0) 2189  
  228   21.2  0.0  0.0  Sniffles2.INS.C1S2B       7   469    (1) + (TGGAA)n       Simple_repeat          1    463    (0) 2190  
  311   21.2  4.5  0.0  Sniffles2.INS.C2S2B      19    84  (110) + FRAM           SINE/Alu              89    157    (9) 2191  
  310   19.2  0.0  0.0  Sniffles2.INS.C2S2B      99   150   (44) + Alu            SINE/Alu              89    140   (26) 2192  
   17   15.9  0.0  0.0  Sniffles2.INS.C2S2B     160   194    (0) + (AATGG)n       Simple_repeat          1     35    (0) 2193  
   13   23.4  2.1  2.1  Sniffles2.INS.C3S5       16    62  (310) + (TAAGATT)n     Simple_repeat          1     47    (0) 2194  
   17    7.2  3.0  6.2  Sniffles2.INS.C3S5       91   123  (249) + (TA)n          Simple_repeat          1     32    (0) 2195  
  225    9.8  2.4  0.0  Sniffles2.INS.C3S5      127   167  (205) C L1PA7          LINE/L1             (15)   6139   6098 2196  
  242   21.3  4.9  0.0  Sniffles2.INS.C3S5      271   331   (41) C L1MC5a         LINE/L1           (1389)   6641   6578 2197 *
  273    4.5  6.8  0.0  Sniffles2.INS.C3S5      329   372    (0) C L1P3           LINE/L1            (291)   5863   5817 2198  
   33   25.0  1.7  4.3  Sniffles2.INS.C4S1        1   119    (6) + (GTGG)n        Simple_repeat          1    116    (0) 2199  
   22    2.6  4.7  4.7  Sniffles2.INS.C4S6       66   108    (0) + (GAAAGAA)n     Simple_repeat          1     43    (0) 2200  
   86    6.4  8.2  1.0  Sniffles2.INS.C6S11       1   184    (1) + (AT)n          Simple_repeat          1    197    (0) 2201  
  313   17.7  6.5  0.0  Sniffles2.INS.C6S2B      14    75    (0) + FRAM           SINE/Alu              89    154   (22) 2202  
   85   14.6  3.4  4.9  Sniffles2.INS.C6S3A       2   209    (0) + (GT)n          Simple_repeat          1    205    (0) 2203  
  230   16.4  6.2  2.4  Sniffles2.INS.C6S4        6    86    (7) C L1M4c          LINE/L1           (5267)   1117   1034 2204  
  470   16.5  1.4  0.3  Sniffles2.INS.C6S5        3    92  (288) C AluSx          SINE/Alu           (231)     71      1 2205  
  943   10.8  0.0  0.0  Sniffles2.INS.C6S5      261   380    (0) + AluSp          SINE/Alu               1    120  (193) 2206  
   50    6.6  5.0  2.9  Sniffles2.INS.C7S11       1   101    (1) + (TA)n          Simple_repeat          1    103    (0) 2207  
   35   18.0  5.6  0.0  Sniffles2.INS.C8S38       1    89    (2) + (ATAT)n        Simple_repeat          1     94    (0) 2208  
   80    6.2  6.6  0.0  Sniffles2.INS.C9S18       1   136    (0) + (AT)n          Simple_repeat          1    145    (0) 2209  
   44   17.3  0.0  0.0  Sniffles2.INS.C9S24       1    84    (4) + (TCTC)n        Simple_repeat          1     84    (0) 2210  
 1123    5.4  0.0  0.0  Sniffles2.INS.C9S35       6   135    (4) C AluSc8         SINE/Alu           (179)    132      3 2211  
   18    7.0 10.6  2.0  Sniffles2.INS.CAS1       11    57    (6) + (CCTGCAG)n     Simple_repeat          1     51    (0) 2212  
  101   21.3  5.3  1.3  Sniffles2.INS.CAS24       5   308    (0) + (TCTG)n        Simple_repeat          1    316    (0) 2213  
   50   10.7  2.0  4.1  Sniffles2.INS.CCS1        4   102    (1) + A-rich         Low_complexity         1     97    (0) 2214  
   31   28.9  0.0  4.3  Sniffles2.INS.CCS38       1    98    (0) + (AT)n          Simple_repeat          1     94    (0) 2215  
   51    0.0  3.5  1.7  Sniffles2.INS.CDS4        1    58    (0) + (TTCT)n        Simple_repeat          1     59    (0) 2216  
  583    0.0  1.7  0.0  Sniffles2.INS.CES33       1   525    (0) + (AT)n          Simple_repeat          1    534    (0) 2217  
  274   12.5  1.8  0.0  Sniffles2.INS.CES3A       9    64    (0) C L1PREC2        LINE/L1           (1446)   4700   4644 2218  
  119    6.6  8.3  1.6  Sniffles2.INS.CES4        1   230    (0) + (ATATATA)n     Simple_repeat          1    245    (0) 2219  
  218   25.3  0.2  2.3  Sniffles2.INS.CFS2B       1   586    (1) + (AATGG)n       Simple_repeat          1    574    (0) 2220  
   60    0.0  0.0  0.0  Sniffles2.INS.CFSBF       1    54    (1) + (TAAAA)n       Simple_repeat          1     54    (0) 2221  
  137    8.9  1.9  1.9  Sniffles2.INS.CS25        1   267    (3) + (TCCAT)n       Simple_repeat          1    267    (0) 2222  
  118   21.2  0.8  0.0  Sniffles2.INS.CS28        2   255    (4) + (TCTC)n        Simple_repeat          1    256    (0) 2223  
   24   11.8  6.5  0.0  Sniffles2.INS.CS29        8    53    (0) + (TA)n          Simple_repeat          1     49    (0) 2224  
  297   19.7  3.0  0.0  Sniffles2.INS.CS34       44   109   (76) C L1M4           LINE/L1           (3095)   3051   2984 2225  
  279   19.0  1.7  0.0  Sniffles2.INS.CS34      104   161   (24) C L1M4           LINE/L1           (3094)   3052   2994 2225 *
 1246   14.3  0.5  0.1  Sniffles2.INS.CS65        1  5258    (4) + ALR/Alpha      Satellite/centr        1   5274    (0) 2226  
   41   19.3  0.0  0.0  Sniffles2.INS.D0S2B       2    84    (1) + (GAATG)n       Simple_repeat          1     83    (0) 2227  
  312   19.7  0.0  3.3  Sniffles2.INS.D0S38       1    63    (0) + MER88          LTR/ERVL             133    193  (271) 2228  
  380   14.3  1.6  0.0  Sniffles2.INS.D1S23      40   102   (46) + AluYg6         SINE/Alu             240    303    (8) 2229  
   23   21.3  0.0  0.0  Sniffles2.INS.D1S2B       1    54    (1) + (AATGG)n       Simple_repeat          1     54    (0) 2230  
   26    6.3  0.0  0.0  Sniffles2.INS.D2S1       17    50    (0) + (CCTT)n        Simple_repeat          1     34    (0) 2231  
   42   22.2  0.0  0.0  Sniffles2.INS.D2S2B       1    94    (0) + (GAATG)n       Simple_repeat          1     94    (0) 2232  
   28   16.4  0.0  2.0  Sniffles2.INS.D2S37       6    57    (0) + (TA)n          Simple_repeat          1     51    (0) 2233  
 2018    8.8  0.7  0.0  Sniffles2.INS.D2S38       1   272    (0) C L1P3           LINE/L1            (446)   5708   5435 2234  
  551   20.6  4.0  0.2  Sniffles2.INS.D3S4        1   128    (0) + AluJb          SINE/Alu               2    233   (69) 2235  
   43   13.6  0.0  0.0  Sniffles2.INS.D4S2B       1    73    (0) + (GGAAT)n       Simple_repeat          1     73    (0) 2236  
  385    7.5  1.9  0.0  Sniffles2.INS.D5S2        1    53   (13) C Alu            SINE/Alu           (206)     95     42 2237  
   44   22.5  0.0  0.0  Sniffles2.INS.D5S2B       2   100  (178) + (TGGAG)n       Simple_repeat          1     99    (0) 2238  
  137    6.2  0.0  1.2  Sniffles2.INS.D5S2B     104   276    (2) + (GAATG)n       Simple_repeat          1    171    (0) 2239  
   51   14.1  4.0  0.0  Sniffles2.INS.D5S4        1   101    (1) + (TATA)n        Simple_repeat          1    105    (0) 2240  
   27   10.4  5.7  0.0  Sniffles2.INS.D6S11       1    53    (0) + (CCAC)n        Simple_repeat          1     56    (0) 2241  
   23   13.6  0.0  7.4  Sniffles2.INS.D6S2        1    58    (3) + (CCTT)n        Simple_repeat          1     54    (0) 2242  
   17   21.9  3.2  3.2  Sniffles2.INS.D6S2B      18    79    (1) + (GAGTG)n       Simple_repeat          1     62    (0) 2243  
   13    9.7  5.4  5.4  Sniffles2.INS.D7S6       11    47    (3) + (TTTA)n        Simple_repeat          1     37    (0) 2244  
   28   18.8  0.0  0.0  Sniffles2.INS.D9S11       3    53    (1) + (AT)n          Simple_repeat          1     51    (0) 2245  
   32   11.1  1.4  1.4  Sniffles2.INS.D9S2B      20    89  (200) + (TGGAATGCAA)n  Simple_repeat          1     70    (0) 2246  
  106   17.6  0.5  0.0  Sniffles2.INS.D9S2B      90   288    (1) + (AATGG)n       Simple_repeat          1    200    (0) 2247  
   26    2.8  5.4  0.0  Sniffles2.INS.D9S38       1    37   (15) + (TTTTG)n       Simple_repeat          1     39    (0) 2248  
   75   15.8  0.0  0.7  Sniffles2.INS.D9SC0       3   138    (2) + (CTCCA)n       Simple_repeat          1    135    (0) 2249  
  349   16.1  2.3  0.3  Sniffles2.INS.DCS13       3   655    (0) + (TCC)n         Simple_repeat          1    666    (0) 2250  
   18   36.5  4.2  4.7  Sniffles2.INS.DCS39       2   215   (34) + GA-rich        Low_complexity         1    213    (0) 2251  
   30    0.0  0.0  0.0  Sniffles2.INS.DCS39     221   248    (1) + (AGAA)n        Simple_repeat          1     28    (0) 2252  
  345   14.0  0.0  0.0  Sniffles2.INS.DFS25       1    50  (206) C AluSp          SINE/Alu            (70)    243    194 2253  
  383   11.9  0.0  0.0  Sniffles2.INS.DFS25     198   256    (0) C Alu            SINE/Alu             (0)    301    243 2254  
  458    2.3  0.0  4.5  Sniffles2.INS.DFS31       8    99    (1) + SVA_F          Retroposon/SVA       680    767  (608) 2255  
  305   15.8 13.7  0.0  Sniffles2.INS.DS25        1    95    (9) + HSATII         Satellite              9    116   (54) 2256  
  382   22.5  0.7  0.2  Sniffles2.INS.DS28        1   852    (0) + (TCTC)n        Simple_repeat          1    856    (0) 2257  
   45   18.4  8.0  5.6  Sniffles2.INS.DS29        6   231    (5) + (ATAATT)n      Simple_repeat          1    231    (0) 2258  
 1182   13.9  0.8  0.1  Sniffles2.INS.DS30        9  1004  (689) + ALR/Alpha      Satellite/centr        1   1002    (0) 2259  
 1134   14.4  1.1  0.5  Sniffles2.INS.DS30     1018  1692    (1) + ALR/Alpha      Satellite/centr        1    679    (0) 2259  
  301   17.6  5.2  5.2  Sniffles2.INS.DS34        1    96    (5) C L1MCa          LINE/L1           (4414)   2094   1999 2260  
   26   14.0  0.0  0.0  Sniffles2.INS.DS5D        1    47    (3) + (GGAAT)n       Simple_repeat          1     47    (0) 2261  
 1238   13.2  0.1  0.0  Sniffles2.INS.DS6F        4   928    (4) + ALR/Alpha      Satellite/centr        1    925    (0) 2262  
 1019    8.4  0.5  0.3  Sniffles2.INS.DSA8        1   430    (9) C ACRO1          Satellite/acro       (9)    430      1 2263  
  939   10.0  0.8  3.7  Sniffles2.INS.DSAD        1   431    (1) C ACRO1          Satellite/acro      (19)    418      1 2264  
  970   10.4  0.0  0.0  Sniffles2.INS.DSBB        1   144    (3) C ACRO1          Satellite/acro       (3)    144      1 2265  
   34    8.5  0.0  0.0  Sniffles2.INS.DSBD       10    59    (0) + (ATTCC)n       Simple_repeat          1     50    (0) 2266  
  749   10.7  0.0  0.0  Sniffles2.INS.E0S25      47   149  (109) C AluSc8         SINE/Alu            (11)    300    198 2267  
 1512   11.1  4.8  1.1  Sniffles2.INS.E1S24       2  1222    (1) C GSATII         Satellite/centr      (0)   1267      1 2268  
  434   15.6  1.9  1.0  Sniffles2.INS.E1S25       1   110  (143) + L1P4           LINE/L1             5281   5390  (793) 2269  
  738   14.6  1.6  1.6  Sniffles2.INS.E1S25     111   235   (18) + FLAM_C         SINE/Alu               9    133    (0) 2270  
   80    0.0  0.0  0.0  Sniffles2.INS.E1S31       1    71    (0) + (G)n           Simple_repeat          1     71    (0) 2271  
  252   15.4  5.8  0.0  Sniffles2.INS.E1S6        1    52    (8) + AluYa8         SINE/Alu              75    129  (181) 2272  
  536   14.8  1.1  1.1  Sniffles2.INS.E3S2        3    91    (0) + AluSx          SINE/Alu             183    271   (31) 2273  
  690   15.2  9.8  0.0  Sniffles2.INS.E3S38      41   172   (12) C AluY           SINE/Alu           (156)    145      1 2274  
   22    7.5  0.0  8.7  Sniffles2.INS.E5S6        1    55    (1) + (ATATACT)n     Simple_repeat          1     50    (0) 2275  
  964   15.5  1.0  0.0  Sniffles2.INS.E6S25       1   337    (1) C ALR/Alpha      Satellite/centr     (13)    340      1 2276  
  195    1.1  1.6  0.0  Sniffles2.INS.E6S38       1   185   (17) + (AT)n          Simple_repeat          1    188    (0) 2277  
   90   11.0  1.4  9.2  Sniffles2.INS.E6S6        1   223    (0) + (TATATAC)n     Simple_repeat          1    207    (0) 2278  
 1182   16.4  0.8  0.2  Sniffles2.INS.E7S23       1  5605    (2) C ALR/Alpha      Satellite/centr    (102)   5636      1 2279  
  957   15.1  0.0  0.3  Sniffles2.INS.E7S25       3   340    (2) C ALR/Alpha      Satellite/centr     (73)    336      1 2280  
   59   17.7  1.8  0.0  Sniffles2.INS.E7S35       2   115    (0) + (AT)n          Simple_repeat          1    116    (0) 2281  
  105   10.3  0.6  3.4  Sniffles2.INS.E7S5        3   183    (1) + (GGAA)n        Simple_repeat          1    176    (0) 2282  
  516    7.7  1.5  0.0  Sniffles2.INS.E8S11       1    65    (1) + AluSg          SINE/Alu             120    185  (125) 2283  
  778   15.8  0.4  0.0  Sniffles2.INS.E8S25       1   169    (1) C ALR/Alpha      Satellite/centr     (22)    169      1 2284  
   16   21.9  1.9  3.9  Sniffles2.INS.E8S38       1    52    (0) + (TAA)n         Simple_repeat          1     51    (0) 2285  
  915   16.5  0.0  0.0  Sniffles2.INS.E9S25       5   168    (3) C ALR/Alpha      Satellite/centr      (0)    171      8 2286  
  303    8.1  0.0  0.0  Sniffles2.INS.EBS18       2    38 (1009) + AluYh7         SINE/Alu              94    130  (181) 2287  
 1462   17.4  1.2 13.4  Sniffles2.INS.EBS18      42   385  (662) + AluJb          SINE/Alu               2    308    (4) 2288  
  974   15.0  0.0  0.0  Sniffles2.INS.ECS25       1   167    (4) + ALR/Alpha      Satellite/centr        5    171    (0) 2289  
   52   23.8  1.1  6.1  Sniffles2.INS.EDS1      145   333    (7) + G-rich         Low_complexity         1    180    (0) 2290  
  307   13.6  0.0  0.0  Sniffles2.INS.EFS18      46    89    (1) C Alu            SINE/Alu            (99)    203    160 2291  
   48    1.5  7.6  0.0  Sniffles2.INS.EFS2        1    66   (13) + (TATATATC)n    Simple_repeat          1     71    (0) 2292  
  378   17.5  6.5  4.5  Sniffles2.INS.EFS37      27   134   (54) + LTR16B         LTR/ERVL             354    463    (0) 2293  
 1112   14.5  1.0  0.2  Sniffles2.INS.ES30        3   670    (9) + ALR/Alpha      Satellite/centr        1    673    (0) 2294  
   36   14.7  0.0  4.3  Sniffles2.INS.ES31        1    73    (5) + (AT)n          Simple_repeat          1     70    (0) 2295  
  615    9.0  0.0  0.0  Sniffles2.INS.ES34        1    96    (0) C CER            Satellite           (40)     96      1 2296  
   46   10.3  0.0  0.0  Sniffles2.INS.ES5D        8    81    (4) + (TGGAG)n       Simple_repeat          1     74    (0) 2297  
 1054    7.3  0.6  0.0  Sniffles2.INS.ESA8        1   581    (1) C ACRO1          Satellite/acro      (50)    584      1 2298  
 1086    6.3  0.7  0.2  Sniffles2.INS.ESBB        1   293    (0) C ACRO1          Satellite/acro      (22)    294      1 2299  
   46   33.8  1.4  3.7  Sniffles2.INS.F1S11       4   224    (2) + (GGAT)n        Simple_repeat          1    216    (0) 2300  
   37    4.8  0.0  0.0  Sniffles2.INS.F1S2        1    43   (13) + (ATAG)n        Simple_repeat          1     43    (0) 2301  
   47    0.0  6.2  0.0  Sniffles2.INS.F2S37       1    65    (0) + (AAAG)n        Simple_repeat          1     69    (0) 2302  
   61    0.0  0.0  0.0  Sniffles2.INS.F2SBF       1    54    (0) + (TCT)n         Simple_repeat          1     54    (0) 2303  
  424   13.9  8.0  2.1  Sniffles2.INS.F3S1        1    88    (4) + MER30          DNA/hAT-Charlie       24    116  (114) 2304  
  364    9.4  0.0  0.0  Sniffles2.INS.F3S25       1    53    (0) C ALR/Alpha      Satellite/centr    (108)     64     12 2305  
  274    0.4  0.4  0.8  Sniffles2.INS.F5S38       1   252    (0) + (TTTC)n        Simple_repeat          1    251    (0) 2306  
   23   22.6  1.4  5.6  Sniffles2.INS.F5S4        3    76    (1) + (AT)n          Simple_repeat          1     71    (0) 2307  
   31    8.8  1.4  7.6  Sniffles2.INS.F6S11       2    71    (0) + (TATATA)n      Simple_repeat          1     66    (0) 2308  
  107   11.0  1.8  6.1  Sniffles2.INS.F7S11       5   226    (8) + (AT)n          Simple_repeat          1    213    (0) 2309  
 2158   13.3  0.3  0.0  Sniffles2.INS.F8S31      35   334  (312) + AluSz6         SINE/Alu               1    301   (11) 2310  
  534   12.6  0.0  0.0  Sniffles2.INS.F8S31     335   415  (231) C FLAM_C         SINE/Alu            (21)    112     31 2311  
   22    0.0  0.0  0.0  Sniffles2.INS.F8S31     623   646    (0) + (T)n           Simple_repeat          1     24    (0) 2312  
  392    5.6  0.0  0.0  Sniffles2.INS.F8S6        1    54   (19) + L1P1           LINE/L1             3028   3081 (3065) 2313  
  563   23.7  1.1 12.7  Sniffles2.INS.F9S6        1   184    (1) + AluJb          SINE/Alu              87    251   (51) 2314  
  286    9.4  1.8  3.7  Sniffles2.INS.F9SBF       2    56    (0) + MER61-int      LTR/ERV1            2982   3035 (2182) 2315  
   29   14.7  1.8  0.0  Sniffles2.INS.FAS22       3    57    (1) + GA-rich        Low_complexity         1     56    (0) 2316  
 3027    0.3  0.0  0.0  Sniffles2.INS.FAS3A      16   333   (10) + AluYb8         SINE/Alu               1    318    (0) 2317  
   73    0.0  0.0  0.0  Sniffles2.INS.FAS4        1    79    (0) + (A)n           Simple_repeat          1     79    (0) 2318  
   65    0.6 17.7  0.0  Sniffles2.INS.FAS6        3   160    (0) + (TA)n          Simple_repeat          1    186    (0) 2319  
  314   13.2  5.0  0.0  Sniffles2.INS.FBS22       1   586    (0) + GA-rich        Low_complexity         1    615    (0) 2320  
  599   23.5  3.8  0.4  Sniffles2.INS.FCS22       6  1547    (1) + G-rich         Low_complexity         1   1594    (0) 2321  
   28   16.6  0.0  0.0  Sniffles2.INS.FCS25       1    54    (1) + (TGGAA)n       Simple_repeat          1     54    (0) 2322  
   38    0.0 10.0  0.0  Sniffles2.INS.FDS1        5    54    (3) + (AT)n          Simple_repeat          1     55    (0) 2323  
   14   21.8  0.0  7.7  Sniffles2.INS.FES13       1    56    (4) + (ATAATGT)n     Simple_repeat          1     52    (0) 2324  
 1329   10.2  0.2  0.0  Sniffles2.INS.FES3A       2  1363    (1) + ALR/Alpha      Satellite/centr        1   1364    (2) 2325  
  356   26.5  2.0  3.0  Sniffles2.INS.FFSBF     120   220  (708) + L1M5           LINE/L1             3578   3677 (2469) 2326  
 1921   19.9  0.8  0.3  Sniffles2.INS.FFSBF     226   588  (340) + MER47A         DNA/TcMar-Tigger       1    365    (1) 2327  
  835   24.1  6.7  2.3  Sniffles2.INS.FFSBF     595   925    (3) + L1M5           LINE/L1             3687   4031 (2115) 2326  
  344   15.5  5.2  0.0  Sniffles2.INS.FS16        1    58    (0) + AluJb          SINE/Alu             226    286   (26) 2328  
   56    3.5  0.0  0.0  Sniffles2.INS.FS28        1    59    (0) + (TCT)n         Simple_repeat          1     59    (0) 2329  
 1049   13.8  0.4  0.0  Sniffles2.INS.FS30        7   340    (0) + ALR/Alpha      Satellite/centr        1    335    (0) 2330  
  529   13.1  3.4  0.0  Sniffles2.INS.FS34        1   131    (5) C CER            Satellite           (33)    135      1 2331  
   88   14.0  0.0  0.0  Sniffles2.INS.FS5D        1   144    (1) + (TGGAA)n       Simple_repeat          1    144    (0) 2332  
  280   19.3  1.8  0.0  Sniffles2.INS.FS7         4    60    (2) + L1M4           LINE/L1             2994   3051 (3095) 2333  
   44    0.0  0.0  0.0  Sniffles2.INS.FSA8        1    40   (13) + (GGAA)n        Simple_repeat          1     40    (0) 2334  
