   SW   perc perc perc  query                 position in query    matching       repeat              position in repeat
score   div. del. ins.  sequence              begin end   (left)   repeat         class/family      begin  end    (left)   ID

 1492   11.6  8.6  1.0  Sniffles2.INS.0S3D        6  1213    (1) + GSATII         Satellite/centr        1   1299    (0)    1  
   76    2.7  0.0  0.0  Sniffles2.INS.0SA8        1    76    (0) + (GGAA)n        Simple_repeat          1     76    (0)    2  
   16    0.0  0.0  0.0  Sniffles2.INS.100S18     96   113   (36) + (T)n           Simple_repeat          1     18    (0)    3  
  702   13.7  0.0  0.0  Sniffles2.INS.101S11     20   114    (0) + AluSp          SINE/Alu               1     95  (218)    4  
   27   17.1  4.6  4.6  Sniffles2.INS.102S13      1    91    (0) + A-rich         Low_complexity         1     91    (0)    5  
   17    9.4  8.8  0.0  Sniffles2.INS.103S1      27    60   (86) + (TC)n          Simple_repeat          1     37    (0)    6  
 1072   14.6  0.2  0.0  Sniffles2.INS.103S23      1   332    (9) + ALR/Alpha      Satellite/centr        1    332    (0)    7  
 1286   11.8  1.4  2.9  Sniffles2.INS.106S25      1   854    (1) C HSATII         Satellite          (113)    841      1    8  
   54    0.0  0.0  9.8  Sniffles2.INS.107S1       5    94    (0) + (AAGGG)n       Simple_repeat          1     82    (0)    9  
  142    1.3  0.0  0.0  Sniffles2.INS.107S11      1   159    (0) + (A)n           Simple_repeat          1    159    (0)   10  
  529   11.0  3.3  0.0  Sniffles2.INS.107S25      3    93    (4) C HSATII         Satellite           (60)    110     17   11  
   38    0.0  7.3  0.0  Sniffles2.INS.10BS37      1    55    (3) + (AAAG)n        Simple_repeat          1     59    (0)   12  
  197   12.4  8.3  0.7  Sniffles2.INS.10BS5      10   441    (0) + GA-rich        Low_complexity         1    465    (0)   13  
 1143   15.1  0.6  0.0  Sniffles2.INS.10CS23     10  1360    (0) + ALR/Alpha      Satellite/centr        1   1359    (0)   14  
   72    0.0  0.0  0.0  Sniffles2.INS.10CS25      4    64    (0) + (AT)n          Simple_repeat          1     61    (0)   15  
   28    4.9  4.8  0.0  Sniffles2.INS.10CS37      1    42    (9) + (CCA)n         Simple_repeat          1     44    (0)   16  
   45    9.6  1.4  0.0  Sniffles2.INS.10CSBF     10    78   (15) + (TA)n          Simple_repeat          1     70    (0)   17  
  516    6.1  0.0  0.0  Sniffles2.INS.10ES24      1    66    (0) + MER9a1         LTR/ERVK             229    294  (219)   18  
 1964    4.0  2.2  1.4  Sniffles2.INS.10FS33      2   279    (0) + L1P1           LINE/L1             3666   3945 (2201)   19  
   30    6.5  2.0  2.0  Sniffles2.INS.10S15       2    51   (49) + (GGAAT)n       Simple_repeat          1     50    (0)   20  
  265   23.7  2.6  1.3  Sniffles2.INS.10S23      48   124  (128) C L1M4           LINE/L1           (3086)   3060   2983   21 *
  300   22.4  2.6  1.3  Sniffles2.INS.10S23     111   187   (65) C L1M4           LINE/L1           (3086)   3060   2983   21 *
  304   23.1  2.5  1.2  Sniffles2.INS.10S23     174   252    (0) C L1M4           LINE/L1           (3086)   3060   2981   21  
  262   17.1  4.2  7.6  Sniffles2.INS.10S25       9   103    (2) + HSATII         Satellite             49    140   (30)   22  
 1026   16.2  0.0  0.0  Sniffles2.INS.10S2F       8   340    (2) + ALR/Alpha      Satellite/centr        1    333    (0)   23  
  984   16.9  0.2  0.0  Sniffles2.INS.10S30       4   340    (1) + ALR/Alpha      Satellite/centr        1    337    (0)   24  
  529   13.1  3.4  0.0  Sniffles2.INS.10S34       1   131    (5) C CER            Satellite           (33)    135      1   25  
 2837    1.0  0.0  0.0  Sniffles2.INS.10S36      18   319    (0) + AluYa5         SINE/Alu               1    302    (9)   26  
  620   15.0  0.0  0.0  Sniffles2.INS.10SAD       1   146    (1) C ACRO1          Satellite/acro      (47)    146      1   27  
 1014   17.3  0.4  0.2  Sniffles2.INS.10SB0       5   339    (1) + ALR/Alpha      Satellite/centr        1    335    (0)   28  
  858    9.0  0.5  0.9  Sniffles2.INS.10SBB       1   152  (582) C ACRO1          Satellite/acro      (59)    151      1   29  
  628   20.5  0.0  0.0  Sniffles2.INS.10SBB     479   732    (2) C ACRO1          Satellite/acro      (31)    254      1   30  
 2754    0.3  0.0  0.0  Sniffles2.INS.110S24     17   305    (0) + AluYd8         SINE/Alu               2    290    (9)   31  
  276    0.0  0.0  0.0  Sniffles2.INS.110S33      1    39  (181) + Alu            SINE/Alu             262    300    (1)   32  
   58   13.6  2.0  0.0  Sniffles2.INS.111S5       1   101    (0) + GA-rich        Low_complexity         1    103    (0)   33  
   25    6.5  6.0  1.9  Sniffles2.INS.112S22      1    50    (4) + (CCCCCTC)n     Simple_repeat          1     52    (0)   34  
 2997    0.3  0.0  0.3  Sniffles2.INS.112S24     13   331    (6) + AluYb9         SINE/Alu               1    318    (0)   35  
   15   27.4  1.7  1.7  Sniffles2.INS.113S0       1    59   (10) + (CCCTCCA)n     Simple_repeat          1     59    (0)   36  
   60    0.0  0.0  0.0  Sniffles2.INS.113S5       1    54    (0) + (TCTT)n        Simple_repeat          1     54    (0)   37  
  225    0.5  0.0  0.0  Sniffles2.INS.114S2       1   198    (0) + (T)n           Simple_repeat          1    198    (0)   38  
 1085    6.2  0.8  0.0  Sniffles2.INS.116S11      1   128    (1) + AluSg          SINE/Alu             130    258   (52)   39  
 1584    2.8  0.8  0.0  Sniffles2.INS.116S25      1   238    (0) + L1HS           LINE/L1              840   1152 (4880)   40  
   77    0.0  1.4  0.0  Sniffles2.INS.117S18      3    71    (0) + (AG)n          Simple_repeat          1     70    (0)   41  
  250    7.0  2.2  4.5  Sniffles2.INS.118S5       1    45    (8) + LTR12E         LTR/ERV1             898    941  (381)   42  
  486    7.0  1.4  2.7  Sniffles2.INS.119S11     29   102   (11) + L1MB3          LINE/L1             6061   6133   (50)   43  
   37    0.0  0.0  4.9  Sniffles2.INS.119S33      1    43   (11) + (TCTT)n        Simple_repeat          1     41    (0)   44  
 2198   13.3  0.0  0.0  Sniffles2.INS.11AS31     35   335  (312) + AluSz6         SINE/Alu               1    301   (11)   45  
  534   12.6  0.0  0.0  Sniffles2.INS.11AS31    336   416  (231) C FLAM_C         SINE/Alu            (21)    112     31   46  
   22    0.0  0.0  0.0  Sniffles2.INS.11AS31    624   647    (0) + (T)n           Simple_repeat          1     24    (0)   47  
   25    8.4  3.6  5.5  Sniffles2.INS.11CS1       1    56    (1) + (CCGCC)n       Simple_repeat          1     55    (0)   48  
  793   12.8  0.7  2.7  Sniffles2.INS.11DS2       1   136   (19) C AluY           SINE/Alu            (82)    220      1   49  
   36   17.3  5.7  7.1  Sniffles2.INS.11DS39     62   218   (22) + (TTTGATT)n     Simple_repeat          1    155    (0)   50  
   37    7.7  0.0  0.0  Sniffles2.INS.11FS13      3    57    (5) + (TATATAT)n     Simple_repeat          1     55    (0)   51  
  265   19.5  9.0  6.1  Sniffles2.INS.11S15       5   222  (108) C HSATII         Satellite            (4)    224      1   52  
   58   13.4  0.0  1.0  Sniffles2.INS.11S15     230   329    (1) + (TGGAA)n       Simple_repeat          1     99    (0)   53  
  698    5.9  0.0  0.0  Sniffles2.INS.11S1B       2   141    (3) C CER            Satellite           (33)    140      1   54  
 1140   11.6  0.4  0.6  Sniffles2.INS.11S24       2   514    (0) + ALR/Alpha      Satellite/centr        1    511    (0)   55  
  423   18.0  4.4  5.4  Sniffles2.INS.11S25       1   222    (0) + HSATII         Satellite              1    219    (4)   56  
  974   15.5  0.0  0.0  Sniffles2.INS.11S2F       1   337    (5) + ALR/Alpha      Satellite/centr        1    337    (0)   57  
  931   13.4  0.0  0.8  Sniffles2.INS.11S30       1   170    (1) + ALR/Alpha      Satellite/centr        1    168    (0)   58  
  386   16.8  0.0  0.0  Sniffles2.INS.11S34       1    83    (2) C CER            Satellite           (31)     83      1   59  
 1194   12.8  0.8  0.2  Sniffles2.INS.11S36       1   847    (1) C ALR/Alpha      Satellite/centr     (25)    852      1   60  
   13   31.6  1.2  5.1  Sniffles2.INS.11S3A     584   643   (33) + (TTTC)n        Simple_repeat          1     79    (0)   61  
   16   10.0  0.0  0.0  Sniffles2.INS.11S3A     644   665   (11) + (T)n           Simple_repeat          1     22    (0)   62  
  778   11.6  0.1  0.0  Sniffles2.INS.11SA8       1   667    (0) C CER            Satellite            (7)    668      1   63  
  721   15.1  6.5  0.3  Sniffles2.INS.11SAD       1   294    (1) C ACRO1          Satellite/acro      (30)    312      1   64  
  959   12.8  0.0  0.0  Sniffles2.INS.11SB0       5   168    (0) + ALR/Alpha      Satellite/centr        1    164    (0)   65  
  238   18.6  0.0 16.0  Sniffles2.INS.11SB9       6   114   (10) + HSATII         Satellite             70    163    (7)   66  
   21    9.5  0.0  0.0  Sniffles2.INS.11SBD       9    42   (28) + (ATTCC)n       Simple_repeat          1     34    (0)   67  
 2708    3.2  0.0  0.6  Sniffles2.INS.120S11     12   329    (0) C L1PA3          LINE/L1              (0)   6155   5840   68  
  101    2.9 10.0  3.3  Sniffles2.INS.120S2       2   230    (1) + (TA)n          Simple_repeat          1    244    (0)   69  
  226   22.2  0.0  0.0  Sniffles2.INS.121S11     42    86   (50) C MIR            SINE/MIR            (10)    252    208   70  
   37   14.5  4.3  3.2  Sniffles2.INS.121S35      3    94   (11) + G-rich         Low_complexity         1     93    (0)   71  
   30   24.9  1.3  0.0  Sniffles2.INS.121S6       4    79    (0) + (AT)n          Simple_repeat          1     77    (0)   72  
   44    6.5  7.0  2.2  Sniffles2.INS.122S1       1    86    (0) + (TTTC)n        Simple_repeat          1     90    (0)   73  
  106    0.0  0.0  0.0  Sniffles2.INS.122S22      1    93    (1) + (G)n           Simple_repeat          1     93    (0)   74  
  685   11.0  0.0  0.0  Sniffles2.INS.123S1       1    91    (1) + AluSz6         SINE/Alu              75    165  (147)   75  
  230   15.6  6.7  0.0  Sniffles2.INS.123S35     12    56    (4) + FLAM_C         SINE/Alu               1     48   (85)   76  
  475   28.1  7.4  0.0  Sniffles2.INS.124S38      1   203    (3) C L2             LINE/L2            (751)   2668   2451   77  
   37    4.1  3.9  0.0  Sniffles2.INS.124S6       1    51    (1) + (AG)n          Simple_repeat          1     53    (0)   78  
  401    2.9  0.0  1.5  Sniffles2.INS.125S37      1    69    (0) C SVA_F          Retroposon/SVA     (604)    771    704   79  
  108    4.1  8.5  0.0  Sniffles2.INS.125S6       1   176    (0) + (AT)n          Simple_repeat          1    191    (0)   80  
   56   22.4  2.2  0.0  Sniffles2.INS.127S13      2   138    (0) + (GGTGGA)n      Simple_repeat          1    140    (0)   81  
 2991    0.3  0.0  0.0  Sniffles2.INS.127S24     16   329    (0) + AluYb8         SINE/Alu               1    314    (4)   82  
  811   16.2  3.5  0.7  Sniffles2.INS.128S22     65   207    (7) C AluY           SINE/Alu           (148)    153      7   83  
  945    9.0  9.0  0.0  Sniffles2.INS.128S6       2   134    (0) + AluSx          SINE/Alu              23    167  (135)   84  
   28   29.3  1.2  0.0  Sniffles2.INS.12AS0       1    83    (0) + (ATC)n         Simple_repeat          1     84    (0)   85  
   31    4.3  4.0  2.0  Sniffles2.INS.12AS18      1    50    (5) + (GAGT)n        Simple_repeat          1     51    (0)   86  
 1147    7.0  0.0  0.0  Sniffles2.INS.12AS33      2   157    (1) + L1P3           LINE/L1             4990   5145 (1001)   87  
  307   26.3  4.0  0.5  Sniffles2.INS.12AS37    579   730  (465) + MIR3           SINE/MIR               9    161  (107)   88  
  498    8.6  0.0  0.0  Sniffles2.INS.12BS33      1    70    (0) + L1PA8A         LINE/L1             5421   5490  (641)   89  
   33    8.7  0.0  0.0  Sniffles2.INS.12ES13     10    59    (0) + (GTATATATAC)n  Simple_repeat          1     50    (0)   90  
   44    4.4 10.5  1.0  Sniffles2.INS.12ES5       1    95    (0) + (TA)n          Simple_repeat          1    104    (0)   91  
   47    2.0  2.0  0.0  Sniffles2.INS.12FS2       1    51    (0) + (ATAG)n        Simple_repeat          1     52    (0)   92  
  230   15.3  4.0  2.3  Sniffles2.INS.12FS22      1   520   (10) + (ATATTAT)n     Simple_repeat          1    529    (0)   93  
  395   16.4  4.5  0.0  Sniffles2.INS.12S16      20    86   (51) + Alu            SINE/Alu             224    293    (8)   94  
   21   18.8  0.0  2.0  Sniffles2.INS.12S16      87   136    (1) + (TGGAA)n       Simple_repeat          1     49    (0)   95  
   31   10.3  0.0  0.0  Sniffles2.INS.12S25       1    52    (3) + (TCCAT)n       Simple_repeat          1     52    (0)   96  
 1138   13.9  0.7  0.0  Sniffles2.INS.12S2F       8   337    (0) + ALR/Alpha      Satellite/centr        1    332    (0)   97  
  991   15.2  0.0  0.0  Sniffles2.INS.12S30       1   338    (3) + ALR/Alpha      Satellite/centr        1    338    (0)   98  
  682   16.1  0.0  0.0  Sniffles2.INS.12S34       1   286    (2) C CER            Satellite            (2)    286      1   99  
 1233   10.4  0.3  0.1  Sniffles2.INS.12S36       2   850    (0) C ALR/Alpha      Satellite/centr     (53)    851      1  100  
   39   25.8  0.9  0.0  Sniffles2.INS.12S5D       3   108    (1) + (AATGG)n       Simple_repeat          1    107    (0)  101  
  847    0.0  0.0  0.0  Sniffles2.INS.12S65       1    89    (1) + AluYb8         SINE/Alu             220    308   (10)  102  
  384   12.7  1.6  0.0  Sniffles2.INS.12S8        1    63    (0) + BSR/Beta       Satellite             59    122   (14)  103  
 1020    9.3  0.7  0.4  Sniffles2.INS.12SAD      11   438    (0) C ACRO1          Satellite/acro       (0)    429      1  104  
 1113   14.8  1.1  0.1  Sniffles2.INS.12SB0       5   678    (1) + ALR/Alpha      Satellite/centr        1    681    (0)  105  
  446   18.3  7.3  3.8  Sniffles2.INS.12SB9       9   309   (65) + HSATII         Satellite              1    311    (7)  106  
   19   24.9  0.0  0.0  Sniffles2.INS.12SB9     312   363   (11) + (TTCCA)n       Simple_repeat          1     52    (0)  107  
  884   11.3  0.0  0.0  Sniffles2.INS.12SBA       1   168    (3) + ALR/Alpha      Satellite/centr        1    168    (5)  108  
  858   10.6  2.1  0.0  Sniffles2.INS.12SBB       7   148   (12) C ACRO1          Satellite/acro       (0)    147      3  109  
   23   27.8  0.0  0.0  Sniffles2.INS.12SBD       1    69    (0) + (TTCCA)n       Simple_repeat          1     69    (0)  110  
  618    3.4  0.0 20.3  Sniffles2.INS.130S11      1   148    (0) C SVA_F          Retroposon/SVA     (567)    808    686  111  
   25   15.9  5.3  3.9  Sniffles2.INS.131S18      2    77    (3) + (GAGT)n        Simple_repeat          1     77    (0)  112  
  361    7.7  1.9  0.0  Sniffles2.INS.132S1       2    53   (17) C LTR43B         LTR/ERV1           (380)    192    140  113  
   18   13.7  4.5  7.8  Sniffles2.INS.132S38      1    66    (1) + GA-rich        Low_complexity         1     64    (0)  114  
  460    5.4  0.0  0.0  Sniffles2.INS.132S5       4    59    (0) + Alu            SINE/Alu              26     81  (220)  115  
  946   15.4  0.0  0.0  Sniffles2.INS.133S23      1   340    (2) + ALR/Alpha      Satellite/centr        1    340    (0)  116  
  248   16.4 19.7  0.0  Sniffles2.INS.135S13      2   101   (23) C MER34          LTR/ERV1            (56)    495    359  117  
  229   15.4 12.3  0.0  Sniffles2.INS.135S2     173   237   (31) C MIR3           SINE/MIR            (13)    195    123  118  
   42    6.0  0.0  0.0  Sniffles2.INS.136S0       4    55    (1) + (CACAGCC)n     Simple_repeat          1     52    (0)  119  
 2652    1.1  0.0  0.0  Sniffles2.INS.137S23     14   328    (0) C AluYk2         SINE/Alu             (0)    311      1  120  
  207   10.8  0.9  1.2  Sniffles2.INS.138S0       1   330    (0) + (CACAGCA)n     Simple_repeat          1    329    (0)  121  
 1857   13.5  2.1  0.0  Sniffles2.INS.138S31      1   281    (8) C AluSx          SINE/Alu            (15)    287      1  122  
  353    0.0  0.9  0.3  Sniffles2.INS.138S38      1   317    (0) + (AAGGA)n       Simple_repeat          1    319    (0)  123  
  257   14.6  3.6  3.6  Sniffles2.INS.138SBF      1    55    (1) C AluSc5         SINE/Alu           (190)    119     65  124  
  163    1.1  0.0  0.0  Sniffles2.INS.139S38      1   182    (0) + (A)n           Simple_repeat          1    182    (0)  125  
   34    2.6  2.5  0.0  Sniffles2.INS.13AS11      7    46    (0) + (TCTT)n        Simple_repeat          1     41    (0)  126  
  120   14.1  4.0  6.2  Sniffles2.INS.13BS1       1   329   (26) + A-rich         Low_complexity         1    322    (0)  127  
  241   15.1  3.0  9.7  Sniffles2.INS.13BS31     40   105  (114) C Tigger4b       DNA/TcMar-Tigger   (299)     62      1  128  
  275   22.6 15.0  2.7  Sniffles2.INS.13BS31    108   207   (12) + L1MDa          LINE/L1              113    224 (6409)  129  
   36    8.3  0.0  0.0  Sniffles2.INS.13BS38      3    54    (0) + (GTGTGCGT)n    Simple_repeat          1     52    (0)  130  
   24   13.4  2.0  2.0  Sniffles2.INS.13BS6       3    53    (0) + (AATCAGA)n     Simple_repeat          1     51    (0)  131  
  105   31.9  2.3  3.0  Sniffles2.INS.13DS2       1   512    (0) + (AT)n          Simple_repeat          1    509    (0)  132  
  185   11.4  3.5  3.2  Sniffles2.INS.13DS25      2   373    (4) + (TATAATA)n     Simple_repeat          1    373    (0)  133  
  243   30.0  1.2  1.2  Sniffles2.INS.13DS3A   1226  1306  (521) C MER102c        DNA/hAT-Charlie     (28)    303    223  134  
   19   14.2  2.6  0.0  Sniffles2.INS.13DS3A   1454  1492  (335) + (AACA)n        Simple_repeat          1     40    (0)  135  
  194   28.2  8.7  4.9  Sniffles2.INS.13DS3A   1664  1801   (26) + MIR            SINE/MIR             120    262    (0)  136  
  251   25.8  0.0  0.0  Sniffles2.INS.13ES2      10    71  (686) + MIR1_Amn       SINE/MIR              87    148   (82)  137  
  167   24.9  4.6  0.2  Sniffles2.INS.13ES2      83   599  (158) + (AT)n          Simple_repeat          1    540    (0)  138  
  251   25.8  0.0  0.0  Sniffles2.INS.13ES2     611   672   (85) C MIR1_Amn       SINE/MIR            (82)    148     87  139  
  157   13.8  1.4  1.4  Sniffles2.INS.13FS0       1   286    (3) + G-rich         Low_complexity         1    286    (0)  140  
 2652    1.1  0.0  0.0  Sniffles2.INS.13FS23     14   328    (0) C AluYk2         SINE/Alu             (0)    311      1  141  
  437   18.4  4.5  7.0  Sniffles2.INS.13S15       2   300    (0) C HSATII         Satellite            (7)    291      1  142  
  526   15.7  3.5 11.0  Sniffles2.INS.13S25       7   259    (1) + HSATII         Satellite              1    234    (7)  143  
 1096   14.7  0.5  0.0  Sniffles2.INS.13S2F       3   679    (1) + ALR/Alpha      Satellite/centr        1    680    (0)  144  
 1101   13.7  1.1  0.0  Sniffles2.INS.13S30       1   677    (2) + ALR/Alpha      Satellite/centr        1    684    (0)  145  
  793   11.3  0.3  5.5  Sniffles2.INS.13S34       1   618    (2) C CER            Satellite            (0)    585      1  146  
 1185   14.0  0.9  0.6  Sniffles2.INS.13S36       6   488 (1915) C ALR/Alpha      Satellite/centr     (63)    484      1  147  
 9852    1.6  0.3  0.1  Sniffles2.INS.13S36     499  2403    (0) C L1HS           LINE/L1              (0)   6155   4246  148  
   38   28.4  0.0  0.0  Sniffles2.INS.13S5D       5   114    (1) + (GAATG)n       Simple_repeat          1    110    (0)  149  
 2938    0.6  0.0  0.0  Sniffles2.INS.13S65       9   319    (0) + AluYb8         SINE/Alu               1    311    (7)  150  
  918   12.9  0.0  0.0  Sniffles2.INS.13S6F       1   170    (0) C ALR/Alpha      Satellite/centr     (51)    170      1  151  
  423   11.9  0.0  1.5  Sniffles2.INS.13S8        1    68    (0) + BSR/Beta       Satellite              2     68   (68)  152  
 1229   13.1  0.5  0.1  Sniffles2.INS.13SB0       1   679    (1) + ALR/Alpha      Satellite/centr        1    681    (0)  153  
   25   17.7  1.7  1.7  Sniffles2.INS.13SBD       1    59    (0) + (TCCAT)n       Simple_repeat          1     59    (0)  154  
   43    8.4  5.3  0.0  Sniffles2.INS.140S11      1    76    (0) + (ATAATAT)n     Simple_repeat          1     80    (0)  155  
 1168   12.5  0.7  0.3  Sniffles2.INS.140S23      5   678    (1) + ALR/Alpha      Satellite/centr        1    676    (0)  156  
   51    8.8  2.2  2.2  Sniffles2.INS.140S25      1    90    (1) + (ATATATA)n     Simple_repeat          1     90    (0)  157  
   91    0.7 12.8  0.6  Sniffles2.INS.141S25     19   174    (2) + (TA)n          Simple_repeat          1    175    (0)  158  
   16   14.6  9.1  1.7  Sniffles2.INS.142S0       1    55    (2) + (TTTTA)n       Simple_repeat          1     59    (0)  159  
  654   15.9  3.4  0.0  Sniffles2.INS.142S23      3   163    (4) + ALR/Alpha      Satellite/centr        1    166    (0)  160  
 1088   14.1  0.0  0.0  Sniffles2.INS.143S23      6   342    (0) + ALR/Alpha      Satellite/centr        1    337    (0)  161  
 1088   15.0  0.0  0.0  Sniffles2.INS.144S23      1   683    (0) + ALR/Alpha      Satellite/centr        1    683    (0)  162  
   56   11.3  5.9  1.6  Sniffles2.INS.144S33      1   119    (2) + GA-rich        Low_complexity         1    124    (0)  163  
   31    5.6  8.8  0.0  Sniffles2.INS.145S11      1    57    (0) + (AAAG)n        Simple_repeat          1     62    (0)  164  
 2652    1.1  0.0  0.0  Sniffles2.INS.146S23      1   312   (12) C AluYk2         SINE/Alu             (0)    311      1  165  
   35    9.8  0.0  0.0  Sniffles2.INS.146S24      1    55    (0) + (TCCAT)n       Simple_repeat          1     55    (0)  166  
   22   24.2  1.5  3.1  Sniffles2.INS.146S37      1    66    (2) + GA-rich        Low_complexity         1     65    (0)  167  
   19    7.2  0.0  0.0  Sniffles2.INS.148S31      1    30   (64) + (AAAAG)n       Simple_repeat          1     30    (0)  168  
   27    0.0  0.0  0.0  Sniffles2.INS.148S31     69    94    (0) + (GAAAA)n       Simple_repeat          1     26    (0)  169  
  654   15.9  3.4  0.0  Sniffles2.INS.149S23      3   163    (4) + ALR/Alpha      Satellite/centr        1    166    (0)  170  
 1543   20.9  1.4  0.0  Sniffles2.INS.149S25      8   303  (515) + AluJb          SINE/Alu               1    300   (12)  171  
 1019   17.7  1.2  0.0  Sniffles2.INS.149S25    305   468  (350) + FRAM           SINE/Alu               1    166   (10)  172  
 1781   16.2  0.0  6.2  Sniffles2.INS.149S25    482   804   (14) C AluJb          SINE/Alu             (8)    304      1  173  
   41    2.4  2.3  0.0  Sniffles2.INS.149S31      8    50    (0) + (AT)n          Simple_repeat          1     44    (0)  174  
   76    7.4  0.0  0.0  Sniffles2.INS.14AS13      1   100    (0) + (A)n           Simple_repeat          1    100    (0)  175  
 2652    1.1  0.0  0.0  Sniffles2.INS.14AS23     14   328    (0) C AluYk2         SINE/Alu             (0)    311      1  176  
  489   21.6 15.1  1.8  Sniffles2.INS.14BS1     232   377  (287) C MER5A1         DNA/hAT-Charlie      (0)    166      2  177  
   17   31.3  0.0  0.0  Sniffles2.INS.14DS11     10    63   (17) + G-rich         Low_complexity         1     54    (0)  178  
   13   26.0  0.0  5.7  Sniffles2.INS.14FS38      1    56    (0) + (CTGCC)n       Simple_repeat          1     53    (0)  179  
  195    5.3  4.0  0.3  Sniffles2.INS.14S12       1   274    (4) + (TGGCTGGCT)n   Simple_repeat          1    284    (0)  180  
   19   17.3  0.0  0.0  Sniffles2.INS.14S16       1    39   (70) + (TGGAG)n       Simple_repeat          1     39    (0)  181  
   37    6.6  0.0  0.0  Sniffles2.INS.14S16      47    94   (15) + (GGAAT)n       Simple_repeat          1     48    (0)  182  
   46    0.0  0.0  4.1  Sniffles2.INS.14S17       7    57    (0) + (CTTT)n        Simple_repeat          1     49    (0)  183  
  302   14.8  8.4  1.6  Sniffles2.INS.14S1F       5   814    (4) + (TCATT)n       Simple_repeat          1    864    (0)  184  
  323   17.4  0.0  0.0  Sniffles2.INS.14S2B       1    46    (4) + Alu            SINE/Alu              90    135   (31)  185  
  828   17.3  2.0  0.0  Sniffles2.INS.14S2F       1   337    (0) + ALR/Alpha      Satellite/centr        1    343    (0)  186  
  895   13.9  0.0  0.8  Sniffles2.INS.14S30       1   169    (2) + ALR/Alpha      Satellite/centr        1    167    (0)  187  
 1207   14.2  0.6  0.2  Sniffles2.INS.14S65       1  3219    (1) + ALR/Alpha      Satellite/centr        1   3229    (0)  188  
 1155   15.1  0.6  0.3  Sniffles2.INS.14S6F       2  1700   (10) C ALR/Alpha      Satellite/centr     (62)   1703      1  189  
  291   20.7  3.3  5.0  Sniffles2.INS.14SB9      16   137    (7) + HSATII         Satellite             47    166    (4)  190  
  348   19.6  4.0  9.0  Sniffles2.INS.14SBD       7   180   (14) + HSATII         Satellite              1    166    (4)  191  
   88    7.4  7.0  0.0  Sniffles2.INS.150S37      8   178    (2) + (CA)n          Simple_repeat          1    183    (0)  192  
 1027   14.2  0.7  0.0  Sniffles2.INS.151S25      3   157   (15) + AluY           SINE/Alu              13    168  (133)  193  
   31    6.4  4.0  0.0  Sniffles2.INS.151S6       4    53    (0) + (CCCTCC)n      Simple_repeat          1     52    (0)  194  
  847   23.4  2.5  5.8  Sniffles2.INS.153S22      2   287  (182) + L1M4           LINE/L1             4887   5163  (983)  195  
   31    0.0  0.0  0.0  Sniffles2.INS.153S38     17    45    (9) + (T)n           Simple_repeat          1     29    (0)  196  
  349   24.6  2.9  1.4  Sniffles2.INS.154S2      33   168  (164) + L1ME2z         LINE/L1             6304   6441    (3)  197  
   30    3.5 10.0  1.5  Sniffles2.INS.155S1       2    61    (3) + (AT)n          Simple_repeat          1     65    (0)  198  
  922   12.6  0.7  0.7  Sniffles2.INS.157S25      1   135    (0) + AluSz          SINE/Alu              53    187  (125)  199  
   36    0.0 12.1  0.0  Sniffles2.INS.158S31      5    62    (1) + (TCTT)n        Simple_repeat          1     65    (0)  200  
  257    0.0  0.0  4.3  Sniffles2.INS.159S31      1    49    (1) C SVA_F          Retroposon/SVA     (620)    755    709  201  
   22   19.1  0.0  0.0  Sniffles2.INS.15AS1       8    55    (0) + (ATGGA)n       Simple_repeat          1     48    (0)  202  
 7137    5.8  0.0  0.3  Sniffles2.INS.15AS18      1  1139 (5332) + L1PA4          LINE/L1             5014   6149    (6)  203  
  956   19.5  1.2  0.0  Sniffles2.INS.15AS18   1143  1311 (5160) + AluY           SINE/Alu             121    291   (10)  204  
  303   18.9 11.4  6.0  Sniffles2.INS.15AS18   1432  1589 (4882) + L1M4c          LINE/L1             2103   2268 (4116)  205  
24214    4.0  0.2  0.1  Sniffles2.INS.15AS18   1590  6471    (0) + L1HS           LINE/L1              125   5013 (1133)  206  
  688   21.4  1.5  0.0  Sniffles2.INS.15BS33      1   131    (3) C FLAM_A         SINE/Alu             (9)    133      1  207  
   27   18.0  5.3  6.2  Sniffles2.INS.15ES2      12   124   (14) + (AGGCGC)n      Simple_repeat          1    112    (0)  208  
   39    0.0  0.0  0.0  Sniffles2.INS.15FS18      9    50    (3) + (A)n           Simple_repeat          1     42    (0)  209  
   19   16.5  2.0  4.0  Sniffles2.INS.15FS35      2    52    (1) + (TATAT)n       Simple_repeat          1     50    (0)  210  
  230   22.5  4.4  2.1  Sniffles2.INS.15S16       1    91    (4) C HSATII         Satellite           (32)    138     46  211  
  960   13.8  2.0  0.0  Sniffles2.INS.15S2F       1   337    (0) + ALR/Alpha      Satellite/centr        1    343    (0)  212  
  673   13.8  4.2  0.0  Sniffles2.INS.15S30       5   163    (0) + ALR/Alpha      Satellite/centr        1    165    (0)  213  
  258   12.8  0.0  0.0  Sniffles2.INS.15S34     526   572  (243) + L1P4           LINE/L1             4976   5022 (1124)  214  
 1266   14.0  0.7  0.4  Sniffles2.INS.15S65       5  4322 (1096) + ALR/Alpha      Satellite/centr        1   4329    (0)  215  
 2926    0.6  0.0  0.3  Sniffles2.INS.15S65    4323  4636  (782) + AluYb8         SINE/Alu               1    313    (5)  216  
 1256   11.9  1.0  0.8  Sniffles2.INS.15S65    4637  5418    (0) + ALR/Alpha      Satellite/centr        1    783    (0)  217  
  380   16.6 16.6  0.0  Sniffles2.INS.15S8        1   131    (3) + BSR/Beta       Satellite              1    152   (30)  218  
 1158   11.7  0.4  0.4  Sniffles2.INS.15SBA       8   277    (0) + ALR/Alpha      Satellite/centr        1    270    (0)  219  
   12    9.3  5.0  7.7  Sniffles2.INS.160S0       1    40   (54) + (ATGAATA)n     Simple_repeat          1     39    (0)  220  
   33    0.0  0.0  0.0  Sniffles2.INS.160S38      1    31   (23) + (TATC)n        Simple_repeat          1     31    (0)  221  
   51   18.3  4.4  0.0  Sniffles2.INS.161S33      1   113    (5) + (GT)n          Simple_repeat          1    118    (0)  222  
   14   22.6  0.0  2.4  Sniffles2.INS.162S33     16    58    (0) + (GTGTGG)n      Simple_repeat          1     42    (0)  223  
   51    4.6  8.9  0.0  Sniffles2.INS.163S2       2    91    (1) + (AT)n          Simple_repeat          1     98    (0)  224  
   59    0.0  0.0  0.0  Sniffles2.INS.164S35      1    50    (0) + (TA)n          Simple_repeat          1     50    (0)  225  
   53    6.8  3.9  0.0  Sniffles2.INS.165S0       1    78    (2) + (CA)n          Simple_repeat          1     81    (0)  226  
  133    6.4  5.5  0.4  Sniffles2.INS.166S0       3   220    (0) + (AC)n          Simple_repeat          1    229    (0)  227  
   35   15.7  1.5  0.0  Sniffles2.INS.168S0       1    66    (1) + (TGGA)n        Simple_repeat          1     67    (0)  228  
  324   19.6  0.0  0.0  Sniffles2.INS.168S35      5    60    (3) + AluSx          SINE/Alu             122    177  (125)  229  
   21   17.9  0.0  0.0  Sniffles2.INS.16ES1       1    44 (1823) + (TCCAT)n       Simple_repeat          1     44    (0)  230  
  579   18.2  4.0  8.2  Sniffles2.INS.16ES1      48  1837   (30) + HSATII         Satellite              1   1715    (8)  231  
   80    4.7  8.2  0.0  Sniffles2.INS.16ES35      1   134    (0) + (TA)n          Simple_repeat          1    145    (0)  232  
  531   18.4  5.3  5.5  Sniffles2.INS.16S15      10   567   (84) C HSATII         Satellite            (4)    557      1  233  
   23   23.7  0.0  0.0  Sniffles2.INS.16S15     584   642    (9) + (GAATG)n       Satellite              1     59    (0)  234  
  449   15.0 13.3  6.6  Sniffles2.INS.16S16       5   147    (1) C HSATII         Satellite           (12)    158      7  235  
  863   16.0  1.6  0.0  Sniffles2.INS.16S2F       3   165    (2) + ALR/Alpha      Satellite/centr        1    165    (0)  236  
  987   13.9  1.8  0.3  Sniffles2.INS.16S30       1   335    (3) + ALR/Alpha      Satellite/centr        1    340    (0)  237  
  227   15.8  1.4 10.8  Sniffles2.INS.16S5D      12    82    (7) C HSATII         Satellite           (10)    160     96  238  
 1201   15.3  0.0  0.1  Sniffles2.INS.16S6F       1  1067    (0) C ALR/Alpha      Satellite/centr     (37)   1065      1  239  
  915   13.3  2.6  0.5  Sniffles2.INS.16S8        1   272    (1) + BSR/Beta       Satellite              1    277    (0)  240  
   13   11.2  3.2  3.2  Sniffles2.INS.16SB9      19    49    (2) + (TCTAT)n       Simple_repeat          1     31    (0)  241  
 1004   10.3  0.0  0.0  Sniffles2.INS.16SBB       1   291    (3) C ACRO1          Satellite/acro       (3)    291      1  242  
   19   19.7  8.6  0.0  Sniffles2.INS.16SBD       1    70    (3) + (TTGCA)n       Simple_repeat          1     76    (0)  243  
  256    0.0  0.0  4.3  Sniffles2.INS.170S0       1    49    (0) + SVA_F          Retroposon/SVA       699    745  (630)  244  
   55    1.6  4.8  0.0  Sniffles2.INS.170S2       1    62    (0) + (TA)n          Simple_repeat          1     65    (0)  245  
  296    0.0  0.0  2.0  Sniffles2.INS.171S0       1    50    (0) + SVA_F          Retroposon/SVA       714    762  (613)  246  
   38   19.1  2.2  3.3  Sniffles2.INS.173S37      1    92    (4) + (TA)n          Simple_repeat          1     91    (0)  247  
   34    8.7  0.0  0.0  Sniffles2.INS.173S6       1    50    (0) + (T)n           Simple_repeat          1     50    (0)  248  
   38    3.6  7.0  0.0  Sniffles2.INS.174S0       1    57    (1) + (TA)n          Simple_repeat          1     61    (0)  249  
   54   22.5  2.0  3.4  Sniffles2.INS.174S37      1   149    (5) + (TA)n          Simple_repeat          1    147    (0)  250  
 1138   14.9  0.4  0.1  Sniffles2.INS.176S23      1   679    (0) + ALR/Alpha      Satellite/centr        1    681    (0)  251  
 1191   14.8  0.6  0.1  Sniffles2.INS.179S17      3  2722    (0) + ALR/Alpha      Satellite/centr        1   2732    (0)  252  
   30   13.9  3.6  0.0  Sniffles2.INS.179S33      1    55    (3) + (AT)n          Simple_repeat          1     57    (0)  253  
   31    8.9  0.0  0.0  Sniffles2.INS.17AS1      33    80 (2457) + (AATGGAATCG)n  Simple_repeat          1     48    (0)  254  
  582   16.9  5.6  8.6  Sniffles2.INS.17AS1     115  2528    (9) C HSATII         Satellite            (5)   2343      1  255  
   45    0.0  3.9  1.9  Sniffles2.INS.17BS6       1    52    (0) + (TCT)n         Simple_repeat          1     53    (0)  256  
  301    2.0  0.0  2.0  Sniffles2.INS.17CS31      1    51    (0) + SVA_F          Retroposon/SVA       687    736  (639)  257  
 1088   14.8  0.0  0.0  Sniffles2.INS.17ES23      4   339    (3) + ALR/Alpha      Satellite/centr        1    336    (0)  258  
 1168   13.8  0.6  0.3  Sniffles2.INS.17FS23     15   672    (7) + ALR/Alpha      Satellite/centr        1    659    (0)  259  
  872   12.7 12.2  0.7  Sniffles2.INS.17FS31      1   148 (3351) C AluSx          SINE/Alu           (109)    193      1  260  
 7846   12.0  0.9  2.7  Sniffles2.INS.17FS31    149  1410 (2089) C L1PA15-16      LINE/L1           (1514)   5335   4096  261  
 2175   13.3  7.3  1.4  Sniffles2.INS.17FS31   1411  1754 (1745) + THE1B          LTR/ERVL-MaLR          1    364    (0)  262  
 7674   13.6  3.7  0.3  Sniffles2.INS.17FS31   1755  3499    (0) C L1PA15-16      LINE/L1           (2749)   4100   2297  261  
   62   20.6  0.0  0.0  Sniffles2.INS.17S16       1   129    (1) + (AATGG)n       Simple_repeat          1    129    (0)  263  
  968   14.2  1.7  0.3  Sniffles2.INS.17S2F       1   339    (0) + ALR/Alpha      Satellite/centr        1    343    (0)  264  
 1005   14.9  0.0  0.0  Sniffles2.INS.17S30       3   170    (1) + ALR/Alpha      Satellite/centr        1    168    (3)  265  
 1136   13.9  0.6  0.1  Sniffles2.INS.17S65       4  2037    (4) + ALR/Alpha      Satellite/centr        1   2043    (0)  266  
  836   16.2  3.3  8.5  Sniffles2.INS.17S8        1   677    (1) + BSR/Beta       Satellite              1    642    (0)  267  
  803   11.5  0.0  0.0  Sniffles2.INS.17SAD       1   147    (0) C ACRO1          Satellite/acro      (26)    147      1  268  
  904   12.9  0.4  0.4  Sniffles2.INS.17SB0       5   168    (0) + ALR/Alpha      Satellite/centr        1    164    (1)  269  
  755    9.6  2.0  0.0  Sniffles2.INS.180S0       1   119   (43) C AluSx          SINE/Alu            (82)    220      1  270  
   12    9.6  2.4 10.5  Sniffles2.INS.180S31    204   244   (22) + (TCTTC)n       Simple_repeat          1     38    (0)  271  
   85   12.0  2.5  2.5  Sniffles2.INS.181S0       1   163    (1) + (ATTATAT)n     Simple_repeat          1    163    (0)  272  
   82    0.0  1.3  0.0  Sniffles2.INS.184S0       1    76    (0) + (CTTT)n        Simple_repeat          1     77    (0)  273  
   50   12.6  7.6  0.0  Sniffles2.INS.184SBF      1   105    (0) + (AT)n          Simple_repeat          1    113    (0)  274  
   36    0.0  2.7  0.0  Sniffles2.INS.185S6       1    37   (14) + (TCTT)n        Simple_repeat          1     38    (0)  275  
 1021    1.7  0.0  0.0  Sniffles2.INS.187SBF      1   117  (143) C L1P1           LINE/L1           (3493)   2653   2537  276 *
 1224    2.7  0.7  0.0  Sniffles2.INS.187SBF    115   260    (0) + L1P1           LINE/L1             4603   4749 (1397)  277  
   14   23.8  2.0  4.0  Sniffles2.INS.18AS38      2    52    (1) + GA-rich        Low_complexity         1     50    (0)  278  
   36    3.9  5.5  1.8  Sniffles2.INS.18CS25      1    55  (759) + (TA)n          Simple_repeat          1     57    (0)  279  
 5032    1.4  0.2  0.0  Sniffles2.INS.18CS25     56   622  (192) + HSATI          Satellite              1    568    (0)  280  
 1044   12.9  0.6  0.6  Sniffles2.INS.18CS25    622   777   (37) + AluY           SINE/Alu              13    168  (133)  281 *
  100    5.1  9.1  1.3  Sniffles2.INS.18DS25      3   212    (3) + (TA)n          Simple_repeat          1    226    (0)  282  
  501   19.3  0.9  4.5  Sniffles2.INS.18DS33     17   130    (1) C FRAM           SINE/Alu             (0)    166     57  283  
 1142   14.8  0.4  0.5  Sniffles2.INS.18ES1       8  3088    (1) C ALR/Alpha      Satellite/centr     (57)   3079      1  284  
   80    2.7  7.0  0.8  Sniffles2.INS.18ES25     43   156  (714) + (TA)n          Simple_repeat          1    121    (0)  285  
 4977    1.1  0.5  0.0  Sniffles2.INS.18ES25    157   721  (149) + HSATI          Satellite              1    568    (0)  286  
 1022   12.9  0.0  0.0  Sniffles2.INS.18ES25    721   860   (10) + AluYm1         SINE/Alu              13    152  (159)  287 *
   15   25.6  3.9  0.0  Sniffles2.INS.18FS33      9    14   (61) + (TTG)n         Simple_repeat          1     51    (0)  288  
   13   18.7  7.0  0.0  Sniffles2.INS.18FS33     15    57   (18) + (GTGTT)n       Simple_repeat          1     46    (0)  289  
  895   14.1  3.2  0.0  Sniffles2.INS.18S2F       1   167    (0) + ALR/Alpha      Satellite/centr        1    172    (0)  290  
  552   19.3  6.9  3.3  Sniffles2.INS.18S34       1   145   (15) C MST-int        LTR/ERVL-MaLR      (115)   1536   1387  291  
  466    6.5  0.0  1.6  Sniffles2.INS.18S8        6    68    (1) + BSR/Beta       Satellite             10     71   (65)  292  
 1054    7.2  0.6  0.0  Sniffles2.INS.18SAD       1   281   (10) C ACRO1          Satellite/acro      (10)    282      1  293  
   23   18.4  0.0  0.0  Sniffles2.INS.18SBD       1    49   (10) + (TTCCA)n       Simple_repeat          1     49    (0)  294  
 1235   14.0  0.6  0.2  Sniffles2.INS.191S18     11  3253    (0) + ALR/Alpha      Satellite/centr        1   3253    (1)  295  
   29    0.0  0.0  0.0  Sniffles2.INS.191S2       1    25   (31) + (AC)n          Simple_repeat          1     25    (0)  296  
   13   13.7  0.0  0.0  Sniffles2.INS.191S2      26    50    (6) + (TATA)n        Simple_repeat          1     25    (0)  297  
 1389   12.9  0.4  0.5  Sniffles2.INS.191S4       6  2713    (3) + ALR/Alpha      Satellite/centr        1   2706    (1)  298  
  870   15.1  1.9  0.0  Sniffles2.INS.192S1       1   159    (9) C ALR/Alpha      Satellite/centr      (9)    162      1  299  
  551    0.0  0.6  0.0  Sniffles2.INS.192S6       1   477    (0) + (TA)n          Simple_repeat          1    480    (0)  300  
   42   15.8  0.0  0.0  Sniffles2.INS.193S5       2    75    (1) + GA-rich        Low_complexity         1     74    (0)  301  
 1063   14.0  0.0  0.0  Sniffles2.INS.194S23      1   343    (0) + ALR/Alpha      Satellite/centr        1    343    (0)  302  
   54    6.3  4.8  0.0  Sniffles2.INS.194S33      2    84    (3) + (AT)n          Simple_repeat          1     87    (0)  303  
   42    4.1  3.4  8.2  Sniffles2.INS.196S39      4    92    (0) + GA-rich        Low_complexity         1     85    (0)  304  
   29   19.0  1.8  0.0  Sniffles2.INS.197S35     11    67    (0) + (TA)n          Simple_repeat          1     58    (0)  305  
   18   30.7  1.6  1.6  Sniffles2.INS.197S6       1    63   (24) + (AT)n          Simple_repeat          1     63    (0)  306  
 1088   15.1  0.0  0.0  Sniffles2.INS.198S23      1   341    (1) + ALR/Alpha      Satellite/centr        1    341    (0)  307  
  872    7.4 12.1  0.0  Sniffles2.INS.199S35      3   151   (17) C HERVK9-int     LTR/ERVK          (5618)    403    237  308  
   40   10.0  0.0  4.3  Sniffles2.INS.199S39      1    72    (4) + (GAAG)n        Simple_repeat          1     69    (0)  309  
   16   14.4 10.4  0.0  Sniffles2.INS.19DS6       3    50    (0) + (TCTC)n        Simple_repeat          1     53    (0)  310  
   22   20.0  6.2  1.5  Sniffles2.INS.19ES37     27    91    (0) + (TA)n          Simple_repeat          1     68    (0)  311  
   28   19.2  0.0  0.0  Sniffles2.INS.19ES38      3    55    (1) + (AT)n          Simple_repeat          1     53    (0)  312  
  744    9.2  3.5  2.9  Sniffles2.INS.19FS25      1   169    (1) + SVA_A          Retroposon/SVA       626    795  (592)  313  
 1147    6.7  0.0  0.0  Sniffles2.INS.19FS35      1   134    (0) C AluYe5         SINE/Alu           (141)    169     36  314  
   93   16.9  0.0  0.0  Sniffles2.INS.19S16       1   167  (438) + (GGAGT)n       Simple_repeat          1    167    (0)  315  
   28    5.8  0.0  0.0  Sniffles2.INS.19S16     190   225  (380) + (AGTGG)n       Simple_repeat          1     36    (0)  316  
  523   19.2  6.8  8.9  Sniffles2.INS.19S16     238   605    (0) C HSATII         Satellite            (4)    360      1  317  
 1054   15.7  0.2  0.3  Sniffles2.INS.19S2F       1   339    (2) + ALR/Alpha      Satellite/centr        1    338    (0)  318  
  776   15.0  1.2  0.0  Sniffles2.INS.19S30       2   167    (0) + ALR/Alpha      Satellite/centr        1    168    (0)  319  
  999   10.6  0.0  0.4  Sniffles2.INS.19S8        1   203    (0) + BSR/Beta       Satellite              1    202    (0)  320  
   21   19.4  0.0  0.0  Sniffles2.INS.19SBD       1    47    (3) + (CATTC)n       Simple_repeat          1     47    (0)  321  
  239   21.7  4.3  2.1  Sniffles2.INS.1A0S25     19   112   (17) + L1M5           LINE/L1             5768   5863  (260)  322  
   85    4.9  2.9  0.0  Sniffles2.INS.1A1S0       3   107    (3) + (AT)n          Simple_repeat          1    108    (0)  323  
   53    0.0  3.3  3.3  Sniffles2.INS.1A1S5       8    68    (9) + (TA)n          Simple_repeat          1     61    (0)  324  
   44    2.2  0.0  2.1  Sniffles2.INS.1A2S22      2    50    (0) + (TTTC)n        Simple_repeat          1     48    (0)  325  
 1168   14.7  0.8  0.1  Sniffles2.INS.1A3S23      2   679    (0) + ALR/Alpha      Satellite/centr        1    682    (0)  326  
   13   10.1  5.9  2.9  Sniffles2.INS.1A6S38      7    40   (14) + A-rich         Low_complexity         1     35    (0)  327  
 2478    8.2  0.0  0.0  Sniffles2.INS.1A8S25     17   321    (1) C AluSp          SINE/Alu             (4)    309      5  328  
  401   28.7  1.6  0.0  Sniffles2.INS.1ACS39     10   131  (220) C MIR            SINE/MIR           (124)    138     15  329  
   36    0.0  0.0  0.0  Sniffles2.INS.1ADS0     165   195 (1365) + (AC)n          Simple_repeat          1     31    (0)  330  
  376   15.1  0.0  0.0  Sniffles2.INS.1AFS25      1    53    (3) + AluSg          SINE/Alu             106    158  (152)  331  
   55    3.5  0.0  0.0  Sniffles2.INS.1AS16       1    59  (824) + (ATGGA)n       Simple_repeat          1     59    (0)  332  
  369   19.4  2.8  0.0  Sniffles2.INS.1AS16      71   142  (741) + Alu            SINE/Alu             224    297    (4)  333  
  188   18.0  0.0  0.6  Sniffles2.INS.1AS16     143   491  (392) + (TGGAG)n       Simple_repeat          1    347    (0)  334  
  664   15.8  5.5  6.7  Sniffles2.INS.1AS16     492   807   (76) C HSATII         Satellite            (7)    312      1  335  
   32   21.5  0.0  0.0  Sniffles2.INS.1AS16     810   880    (3) + (TGGAA)n       Simple_repeat          1     71    (0)  336  
 1041   15.1  0.6  0.2  Sniffles2.INS.1AS2F       1   505    (3) + ALR/Alpha      Satellite/centr        1    506    (0)  337  
 1102   12.9  1.7  0.0  Sniffles2.INS.1AS30       2   336    (1) + ALR/Alpha      Satellite/centr        1    340    (0)  338  
   19   15.2  2.2  2.2  Sniffles2.INS.1AS58       5    50    (0) + (TGGAA)n       Simple_repeat          1     46    (0)  339  
 1263   12.8  0.2  0.1  Sniffles2.INS.1AS65       1  1537    (0) + ALR/Alpha      Satellite/centr        1   1538    (0)  340  
  430   14.1  0.0  0.0  Sniffles2.INS.1AS8        2    65    (2) + BSR/Beta       Satellite             49    112   (24)  341  
  499   21.0  0.2  2.1  Sniffles2.INS.1ASAD     332   588    (0) C ACRO1          Satellite/acro      (31)    252      1  342  
 1130   15.1  0.6  0.2  Sniffles2.INS.1ASB0      14   511    (1) + ALR/Alpha      Satellite/centr        1    500    (0)  343  
 1111   15.5  0.6  0.1  Sniffles2.INS.1B0S2       5  2547    (3) + ALR/Alpha      Satellite/centr        1   2557    (0)  344  
  642   12.6  8.7  0.0  Sniffles2.INS.1B3SBF     29   155   (11) + L1MA8          LINE/L1             6148   6285    (6)  345  
   45    2.0  0.0  3.8  Sniffles2.INS.1B6S25      4    58   (36) + (AAAT)n        Simple_repeat          1     53    (0)  346  
   43    0.0  3.9  1.9  Sniffles2.INS.1B7S35      1    51    (0) + (TTTC)n        Simple_repeat          1     52    (0)  347  
 1102   13.9  0.8  0.0  Sniffles2.INS.1B8S24      1   508    (0) C ALR/Alpha      Satellite/centr     (53)    512      1  348  
  602   10.6 11.5  7.1  Sniffles2.INS.1B8S6       1   122   (24) C AluSx          SINE/Alu            (66)    236    110  349  
   17   18.5  0.0  0.0  Sniffles2.INS.1B9SBF      1    31   (23) + (AT)n          Simple_repeat          1     31    (0)  350  
   23   22.6  5.3  3.1  Sniffles2.INS.1BAS6       9   102    (3) + (TTTAT)n       Simple_repeat          1     96    (0)  351  
   16    6.5  2.8  5.7  Sniffles2.INS.1BCS0      13    48   (10) + (TAATA)n       Simple_repeat          1     35    (0)  352  
  463   28.1  8.3  0.7  Sniffles2.INS.1BCS6      47   390  (279) C L1M5           LINE/L1            (680)   5563   5188  353  
  698    9.4  0.2  0.4  Sniffles2.INS.1BCS6     405   519  (150) C AluJb          SINE/Alu             (0)    302    189  354  
  279   21.6  3.3 16.5  Sniffles2.INS.1BCS6     520   669    (0) C L1M5           LINE/L1            (959)   5187   5055  353  
  978    6.9  0.8  1.6  Sniffles2.INS.1BDS22      1   130    (6) + AluSz          SINE/Alu              20    148  (164)  355  
  308   24.2  0.6  0.3  Sniffles2.INS.1BS16       1   720  (524) + (GAATG)n       Satellite              1    722    (0)  356  
  227   21.8  2.2 11.4  Sniffles2.INS.1BS16     721   901  (343) C HSATII         Satellite            (4)    166      1  357 *
  340   16.5  5.3  0.0  Sniffles2.INS.1BS16     896   971  (273) + AluJb          SINE/Alu             192    278   (24)  358  
  240   25.0  1.5  3.1  Sniffles2.INS.1BS16     919   984  (260) C SVA_A          Retroposon/SVA    (1277)    110     46  359 *
  115   22.2  0.4  0.0  Sniffles2.INS.1BS16     989  1236    (8) + (TGGAA)n       Simple_repeat          1    249    (0)  360  
  332   17.2  3.5  0.0  Sniffles2.INS.1BS2B       7    64   (10) + FRAM           SINE/Alu              98    157   (19)  361  
  708   20.2  0.0  0.0  Sniffles2.INS.1BS30       1   172    (0) + ALR/Alpha      Satellite/centr        1    172    (0)  362  
  646   15.8  0.0  1.0  Sniffles2.INS.1BS8        1   136    (1) + BSR/Beta       Satellite              1    134    (0)  363  
  499    2.9  0.0  1.4  Sniffles2.INS.1C0S25      1    71    (0) C SVA_F          Retroposon/SVA     (532)    843    774  364  
  849    5.7  0.0  0.8  Sniffles2.INS.1C1S25      1   125    (0) C SVA_F          Retroposon/SVA     (544)    831    708  365  
 2712    1.9  0.3  1.0  Sniffles2.INS.1C2S24      9   317    (1) + AluY           SINE/Alu               1    307    (4)  366  
 2527    6.7  0.0  0.0  Sniffles2.INS.1C4S38      1   298  (280) C AluYk4         SINE/Alu            (13)    298      1  367  
  501   20.1 15.8  0.0  Sniffles2.INS.1C4S38    299   482   (96) + L1M5           LINE/L1             4119   4331 (1815)  368  
   19   21.9  0.0  7.4  Sniffles2.INS.1C8S22      7    64    (0) + (AT)n          Simple_repeat          1     54    (0)  369  
   17   23.6  0.0  7.8  Sniffles2.INS.1C9S22      1    55    (7) + (AT)n          Simple_repeat          1     51    (0)  370  
   38    6.0  0.0  1.9  Sniffles2.INS.1CBS25      1    55    (0) + (GAA)n         Simple_repeat          1     54    (0)  371  
   55    9.8  3.1  0.0  Sniffles2.INS.1CBS31      1    98    (0) + (TA)n          Simple_repeat          1    101    (0)  372  
   23   21.0  0.0  0.0  Sniffles2.INS.1CBS6       1    50    (1) + (TGG)n         Simple_repeat          1     50    (0)  373  
   20   16.8  0.0  6.0  Sniffles2.INS.1CCS5       2    54    (0) + GA-rich        Low_complexity         1     50    (0)  374  
   26   16.5  6.6  0.0  Sniffles2.INS.1CCSBF     14    74    (0) + (TA)n          Simple_repeat          1     65    (0)  375  
   22    9.8  2.0  6.2  Sniffles2.INS.1CES31      2    51    (0) + GA-rich        Low_complexity         1     48    (0)  376  
   40   24.1  2.3  3.9  Sniffles2.INS.1CES5       1   129    (0) + G-rich         Low_complexity         1    127    (0)  377  
   59    0.0 12.4  0.0  Sniffles2.INS.1CESBF      1    89    (0) + (AT)n          Simple_repeat          1    100    (0)  378  
  358   19.7  3.0  0.0  Sniffles2.INS.1CS16      19    84   (16) + Alu            SINE/Alu             225    292    (9)  379  
   38    2.3  0.0  4.3  Sniffles2.INS.1CS17       4    52    (0) + (ATATATATGA)n  Simple_repeat          1     47    (0)  380  
   29   14.7  0.0  0.0  Sniffles2.INS.1CS23       1    47    (3) + (TA)n          Simple_repeat          1     47    (0)  381  
  960   13.8  2.0  0.0  Sniffles2.INS.1CS2F       1   337    (0) + ALR/Alpha      Satellite/centr        1    343    (0)  382  
  980   10.9  0.0  0.5  Sniffles2.INS.1CS8        3   204    (0) + BSR/Beta       Satellite              1    200    (0)  383  
  850   11.4  5.1  0.0  Sniffles2.INS.1CSB0       5   160    (2) + ALR/Alpha      Satellite/centr        1    163    (0)  384  
   23   20.5  0.0  0.0  Sniffles2.INS.1D0S24     30    74    (7) + (T)n           Simple_repeat          1     45    (0)  385  
 1394   10.9  1.1  0.0  Sniffles2.INS.1D1S25      1   184 (1612) + AluSz          SINE/Alu              32    217   (95)  386  
  449   25.5  5.7  2.1  Sniffles2.INS.1D1S25    185   324 (1472) + L1ME1          LINE/L1             5939   6083   (96)  387  
 2221   12.3  0.0  0.0  Sniffles2.INS.1D1S25    326   626 (1170) C AluSx1         SINE/Alu            (10)    302      2  388  
  230   15.8  8.5  3.2  Sniffles2.INS.1D1S25    749   807  (989) + MIR            SINE/MIR             201    262    (0)  389  
  191   22.2  1.8  1.8  Sniffles2.INS.1D1S25   1373  1427  (369) C L2b            LINE/L2             (50)   3325   3271  390  
  229   21.1 23.2  0.0  Sniffles2.INS.1D1S25   1687  1781   (15) C MamSINE1       SINE/tRNA-RTE       (57)    233    117  391  
  715   16.8  9.6  0.0  Sniffles2.INS.1D2S25      1   125 (2259) + MLT1A          LTR/ERVL-MaLR        238    374    (0)  392  
  313   18.4  1.3  1.3  Sniffles2.INS.1D2S25    126   198 (2186) + Tigger15a      DNA/TcMar-Tigger     337    409  (306)  393  
  349   19.6 17.1  6.7  Sniffles2.INS.1D2S25    210   373 (2011) + Tigger10       DNA/TcMar-Tigger    1879   2058   (39)  394  
 2398    6.5  0.9  0.9  Sniffles2.INS.1D2S25    529   852 (1532) + L1PB1          LINE/L1             5828   6151    (0)  395  
  373   29.3  7.4  7.3  Sniffles2.INS.1D2S25    919  1441  (943) C L2b            LINE/L2              (5)   3370   2838  396  
  197   25.2 18.8  0.7  Sniffles2.INS.1D2S25   1454  1581  (803) + L2c            LINE/L2             2921   3071  (316)  397  
  327   33.3  2.1  1.6  Sniffles2.INS.1D2S25   1588  1773  (611) C L2b            LINE/L2            (615)   2804   2618  396  
   49    3.3 11.7  0.0  Sniffles2.INS.1D5S25      1    94    (0) + (AT)n          Simple_repeat          1    105    (0)  398  
   67    2.3 10.6  2.6  Sniffles2.INS.1D6S24      1   141    (4) + (TA)n          Simple_repeat          1    152    (0)  399  
   38    1.9  5.5  0.0  Sniffles2.INS.1D7S31      1    55    (1) + (AGAA)n        Simple_repeat          1     58    (0)  400  
   19   23.6  0.0  0.0  Sniffles2.INS.1DAS6       9    54    (7) + (GTG)n         Simple_repeat          1     46    (0)  401  
  285   11.1  0.0  2.6  Sniffles2.INS.1DASBF      7    64    (0) C L1PA4          LINE/L1             (72)   6083   6028  402  
 1457   12.2  0.7  0.4  Sniffles2.INS.1DCS1       4  3040    (0) + ALR/Alpha      Satellite/centr        1   3046    (2)  403  
  309    0.0  0.0  2.0  Sniffles2.INS.1DCS25      1    50    (0) C SVA_F          Retroposon/SVA     (599)    776    728  404  
 1367    6.8  2.0  0.3  Sniffles2.INS.1DDS24     22   226   (44) + AluY           SINE/Alu              17    316    (4)  405  
   30    2.2  8.5  0.0  Sniffles2.INS.1DDS6       4    50    (0) + (ATCT)n        Simple_repeat          1     51    (0)  406  
   39   14.7  7.8  0.0  Sniffles2.INS.1DES6       1    90    (2) + (AT)n          Simple_repeat          1     97    (0)  407  
   99   14.9  7.2  0.0  Sniffles2.INS.1DFS6       3   225    (0) + (TA)n          Simple_repeat          1    239    (0)  408  
 2527    5.0  1.0  0.0  Sniffles2.INS.1DS25      12   313    (1) + AluYg6         SINE/Alu               1    305    (6)  409  
  344   20.4  0.0  0.0  Sniffles2.INS.1DS2B       1    54    (5) + Alu            SINE/Alu             225    278   (23)  410  
 1144   13.7  1.0  0.0  Sniffles2.INS.1DS2F       1   337    (0) + ALR/Alpha      Satellite/centr        1    340    (0)  411  
  906   17.4  1.4  2.4  Sniffles2.INS.1DS30       1   506    (1) + ALR/Alpha      Satellite/centr        1    500    (0)  412  
 1258   16.2  1.2  0.8  Sniffles2.INS.1DS6F       1  1707    (2) C ALR/Alpha      Satellite/centr     (63)   1712      1  413  
 1033   16.2  0.5  0.2  Sniffles2.INS.1DSB0       1   511    (0) + ALR/Alpha      Satellite/centr        1    512    (0)  414  
  343   19.7  7.4  3.1  Sniffles2.INS.1DSBD      12   282  (119) C HSATII         Satellite            (7)    282      1  415  
   61   16.2  0.0  0.0  Sniffles2.INS.1DSBD     292   401    (0) + (TGGAA)n       Simple_repeat          1    110    (0)  416  
  284    4.9  8.1  4.5  Sniffles2.INS.1E4S22      1    86  (189) C L1P1           LINE/L1           (3012)   3134   3046  417  
   26   24.3  2.3  2.3  Sniffles2.INS.1E4S22    117   203   (72) + A-rich         Low_complexity         1     87    (0)  418  
  495    4.4  1.5  0.0  Sniffles2.INS.1E4S22    208   275    (0) C L1P1           LINE/L1           (2941)   3205   3137  419  
   23   14.1  4.2  0.0  Sniffles2.INS.1E5S25      9    56  (119) + (TCCC)n        Simple_repeat          1     50    (0)  420  
   57    3.1  7.5  2.7  Sniffles2.INS.1E5S25     62   167    (8) + (TTCC)n        Simple_repeat          1    111    (0)  421  
   44    8.1  2.8  8.7  Sniffles2.INS.1E5S6      22   130    (0) + (CCACACA)n     Simple_repeat          1    103    (0)  422  
  317    7.1  0.0  0.0  Sniffles2.INS.1E7S0      14    55    (1) + LTR1A2         LTR/ERV1               7     48  (789)  423  
   60    3.8  4.9  0.0  Sniffles2.INS.1E7S24      1    82    (0) + (TATGTCTATA)n  Simple_repeat          1     86    (0)  424  
   19    0.0  0.0  0.0  Sniffles2.INS.1E8S6       1    21   (43) + (GT)n          Simple_repeat          1     21    (0)  425  
   25   13.1  6.0  0.0  Sniffles2.INS.1E9S22      1    50    (0) + (AT)n          Simple_repeat          1     53    (0)  426  
  493    5.0  0.0  0.4  Sniffles2.INS.1EAS6       1   545    (0) + (GGT)n         Simple_repeat          1    543    (0)  427  
 1239   12.8  0.6  0.0  Sniffles2.INS.1ECS11      1   674    (3) + ALR/Alpha      Satellite/centr        1    678    (2)  428  
  445   17.9  4.3  7.9  Sniffles2.INS.1ES15      16  1046   (16) C HSATII         Satellite            (8)    993      1  429  
  369   14.6  0.0  0.0  Sniffles2.INS.1ES2B       5    59    (5) + Alu            SINE/Alu             225    279   (23)  430  
 2476   17.3  1.0  0.4  Sniffles2.INS.1ES8      594  1087  (106) C LSAU           Satellite            (0)    498      2  431  
  458   22.6  0.0  1.0  Sniffles2.INS.1ES8     1089  1191    (2) + BSR/Beta       Satellite             28    129    (7)  432  
 1130   13.0  0.9  0.3  Sniffles2.INS.1ESB0       1   671    (7) + ALR/Alpha      Satellite/centr        1    675    (0)  433  
 1402   10.8  0.5  0.0  Sniffles2.INS.1F4S11      1   339    (1) + ALR/Alpha      Satellite/centr        1    340    (1)  434  
   36   28.6  1.0  0.0  Sniffles2.INS.1F5S25      3   102    (1) + (CCAT)n        Simple_repeat          1    101    (0)  435  
   31   11.1  6.7  3.9  Sniffles2.INS.1F6S22      1    75    (1) + (TA)n          Simple_repeat          1     77    (0)  436  
   18    8.7  0.0  0.0  Sniffles2.INS.1F6S5      11    35   (21) + (T)n           Simple_repeat          1     25    (0)  437  
  292    5.9  6.5  1.5  Sniffles2.INS.1F9S25      1   495    (0) + (GGA)n         Simple_repeat          1    519    (0)  438  
   15   18.2  2.1  4.3  Sniffles2.INS.1FBS25      5    51    (0) + (TTATT)n       Simple_repeat          1     46    (0)  439  
   30   21.2  6.1  2.5  Sniffles2.INS.1FCS24    112   225    (2) + (TATC)n        Simple_repeat          1    118    (0)  440  
   15   27.7  0.0  1.9  Sniffles2.INS.1FCS31      1    54    (0) + (TATTATA)n     Simple_repeat          1     53    (0)  441  
 1273   12.1  0.6  0.2  Sniffles2.INS.1FDS11      1   334    (4) + ALR/Alpha      Satellite/centr        1    335    (0)  442  
  213    0.0  0.0  0.0  Sniffles2.INS.1FDS25      1   183    (0) + (G)n           Simple_repeat          1    183    (0)  443  
 2598    0.4  0.0  0.0  Sniffles2.INS.1FES11     10   317    (0) C AluYa5         SINE/Alu             (0)    311     10  444  
 1281    9.2  0.3  0.2  Sniffles2.INS.1FES38      9  1024    (0) + ALR/Alpha      Satellite/centr        1   1016    (0)  445  
   23   23.2  0.0  0.0  Sniffles2.INS.1FS16       4    59    (2) + (GGAGT)n       Simple_repeat          1     56    (0)  446  
   16    0.0  0.0  0.0  Sniffles2.INS.1FS2F       1    17  (748) + (T)n           Simple_repeat          1     17    (0)  447  
 5978    1.1  0.0  0.1  Sniffles2.INS.1FS2F     103   765    (0) C L1HS           LINE/L1              (0)   6155   5494  448  
  310   21.2  0.0  1.5  Sniffles2.INS.1FS8        2    68    (1) + BSR/Beta       Satellite             38    103   (33)  449  
  842   14.9  0.0  0.0  Sniffles2.INS.1FSB0       5   168    (0) + ALR/Alpha      Satellite/centr        1    164    (0)  450  
  934   17.3  0.9  0.0  Sniffles2.INS.1FSBA       1   338    (0) + ALR/Alpha      Satellite/centr        1    340    (0)  451  
 1392    1.9  0.0  0.0  Sniffles2.INS.1S18        1   154 (2904) C L1P1           LINE/L1            (520)   5634   5481  452  
 1517    4.6  0.0  0.0  Sniffles2.INS.1S18      155   327 (2731) C AluYc          SINE/Alu            (10)    289    117  453  
18111    6.1  1.0  0.1  Sniffles2.INS.1S18      328  2774  (284) C L1P1           LINE/L1            (664)   5490   3021  452  
  854   11.2  0.0  0.0  Sniffles2.INS.1S18     2951  3057    (1) C AluJr          SINE/Alu           (204)    108      2  454  
   55   11.4 11.1  0.6  Sniffles2.INS.1S2A        3   146    (1) + (TCATT)n       Simple_repeat          1    159    (0)  455  
  289   19.1  3.5  1.0  Sniffles2.INS.1S2B        1   676    (2) + (TGGAA)n       Simple_repeat          1    693    (0)  456  
  878   16.6  0.0  0.3  Sniffles2.INS.1S2F        1   332    (0) + ALR/Alpha      Satellite/centr        1    330    (0)  457  
 1112   14.7  0.4  0.0  Sniffles2.INS.1S30        1   339    (2) + ALR/Alpha      Satellite/centr        1    340    (0)  458  
   66    1.6  0.0  0.0  Sniffles2.INS.1S33        1    63    (0) + (GAA)n         Simple_repeat          1     63    (0)  459  
  922   14.8  0.6  0.0  Sniffles2.INS.1S5D        5   166    (4) + ALR/Alpha      Satellite/centr        1    163    (8)  460  
   30    0.0  3.1  0.0  Sniffles2.INS.1SA5       11    42  (288) + (TTTGTTTT)n    Simple_repeat          1     33    (0)  461  
 2675    1.7  0.0  0.0  Sniffles2.INS.1SA5       43   330    (0) C AluYb8         SINE/Alu            (30)    288      1  462  
  843    5.2  1.4  0.0  Sniffles2.INS.1SA8        1   143    (0) C ACRO1          Satellite/acro      (49)    145      1  463  
 2520    2.9  0.3  7.8  Sniffles2.INS.1SAF       14   345    (0) + AluY           SINE/Alu               1    309    (2)  464  
  306   16.1  0.0  0.0  Sniffles2.INS.1SB1        1    58   (19) C L1PA10         LINE/L1            (171)   6003   5946  465  
 1190   15.1  0.6  0.3  Sniffles2.INS.200S18      1  4098    (1) C ALR/Alpha      Satellite/centr     (31)   4109      1  466  
   56    1.3 10.0  0.0  Sniffles2.INS.204S22      1    80    (1) + (AT)n          Simple_repeat          1     88    (0)  467  
   29   19.6  0.0  0.0  Sniffles2.INS.206S22      1    60    (0) + G-rich         Low_complexity         1     60    (0)  468  
  463    4.3  1.1  1.1  Sniffles2.INS.207S0       4    96    (0) + SVA_F          Retroposon/SVA       680    772  (603)  469  
 1273   13.2  0.4  0.0  Sniffles2.INS.207S11      2  1016    (1) + ALR/Alpha      Satellite/centr        1   1019    (0)  470  
   19   21.8  3.7  0.0  Sniffles2.INS.207S5       2    55    (3) + (CCTGC)n       Simple_repeat          1     56    (0)  471  
 1120   11.8  0.3  0.0  Sniffles2.INS.208S11      1   339    (1) + ALR/Alpha      Satellite/centr        1    339    (0)  472  
 1065    9.7  0.0  0.0  Sniffles2.INS.208S6       1   134    (0) C AluYk2         SINE/Alu           (130)    181     48  473  
  147   11.7  8.7  2.1  Sniffles2.INS.209S0       1   358    (8) + (AC)n          Simple_repeat          1    381    (0)  474  
 1402   12.3  0.2  0.0  Sniffles2.INS.20AS11      1   679    (1) + ALR/Alpha      Satellite/centr        1    680    (2)  475  
   33    8.3  1.9  0.0  Sniffles2.INS.20AS6       4    55    (1) + (GGGGA)n       Simple_repeat          1     53    (0)  476  
   33    0.0  0.0  0.0  Sniffles2.INS.20BS5       4    34   (52) + (AAAT)n        Simple_repeat          1     31    (0)  477  
   94   12.5  1.2  1.8  Sniffles2.INS.20DS22      4   168    (1) + (TGG)n         Simple_repeat          1    164    (0)  478  
   36    7.8  5.6  2.7  Sniffles2.INS.20DS5       1    72    (0) + G-rich         Low_complexity         1     74    (0)  479  
 1273   10.5  1.1  0.0  Sniffles2.INS.20FS11      1   330    (7) + ALR/Alpha      Satellite/centr        1    333    (1)  480  
   43    9.7  1.3  1.3  Sniffles2.INS.20S16      14    92  (135) + (AATGG)n       Simple_repeat          1     79    (0)  481  
   24   14.3  0.0  2.1  Sniffles2.INS.20S16     176   223    (4) + (GAATG)n       Simple_repeat          1     47    (0)  482  
  937   13.8  3.2  0.0  Sniffles2.INS.20S2F       1   166    (1) + ALR/Alpha      Satellite/centr        1    171    (0)  483  
  754   18.4  0.0  0.0  Sniffles2.INS.20S30       1   171    (0) + ALR/Alpha      Satellite/centr        1    171    (0)  484  
  978   15.2  0.2  0.0  Sniffles2.INS.20S6F       5   681    (1) C ALR/Alpha      Satellite/centr     (30)    678      1  485  
 3948    2.7  0.0  0.0  Sniffles2.INS.20SBA       1   451  (503) C L1PA2          LINE/L1              (1)   6154   5704  486  
 1262    9.4  0.0  1.2  Sniffles2.INS.20SBA     452   623  (331) + 7SK            snRNA                 87    256   (75)  487  
 1096   14.9  0.8  0.0  Sniffles2.INS.20SBA     615   953    (1) + ALR/Alpha      Satellite/centr        1    341    (0)  488 *
 1120   11.8  0.3  0.0  Sniffles2.INS.210S11      1   339    (1) + ALR/Alpha      Satellite/centr        1    339    (0)  489  
   29    9.3  5.6  4.0  Sniffles2.INS.210S5       2    65    (3) + GA-rich        Low_complexity         1     65    (0)  490  
   29   13.1  1.6  3.3  Sniffles2.INS.210S6       8    69    (2) + (TCCC)n        Simple_repeat          1     61    (0)  491  
 1329   12.5  0.9  0.2  Sniffles2.INS.213S11      1  1006    (9) + ALR/Alpha      Satellite/centr        1   1013    (0)  492  
 1023   14.5  0.5  0.0  Sniffles2.INS.214S11      1   336    (3) + ALR/Alpha      Satellite/centr        1    337    (0)  493  
   12    5.6  0.0  0.0  Sniffles2.INS.217S25      3    21  (156) + (AAC)n         Simple_repeat          1     19    (0)  494  
  714   14.5  0.9  4.0  Sniffles2.INS.217S25     22   175    (2) + L1M            LINE/L1             5270   5419 (2366)  495  
   23    8.3  0.0  4.9  Sniffles2.INS.219S5       3    45    (1) + (CTTT)n        Simple_repeat          1     41    (0)  496  
 1218   12.7  0.2  0.4  Sniffles2.INS.21BS11      1   339    (3) + ALR/Alpha      Satellite/centr        1    338    (0)  497  
 1208   13.7  1.3  0.0  Sniffles2.INS.21DS11      7   673    (3) + ALR/Alpha      Satellite/centr        1    675    (2)  498  
   16   21.7  0.0  0.0  Sniffles2.INS.21DSBF      1    32   (57) + (T)n           Simple_repeat          1     32    (0)  499  
   13    5.7  4.3 11.6  Sniffles2.INS.21DSBF     29    74   (15) + A-rich         Low_complexity         1     43    (0)  500 *
 1372   10.6  0.2  0.5  Sniffles2.INS.21FS11      1   341    (1) + ALR/Alpha      Satellite/centr        1    340    (1)  501  
  344   21.6  5.2  0.0  Sniffles2.INS.21S16       8   106  (180) + AluJb          SINE/Alu             192    299    (3)  502 *
  547   13.4  7.7  5.2  Sniffles2.INS.21S16      99   277    (9) C HSATII         Satellite            (7)    183      1  503  
   26    9.1  2.1  0.0  Sniffles2.INS.21S25      16    62   (96) + (CATCTATC)n    Simple_repeat          1     48    (0)  504  
   34   22.1  3.1  1.0  Sniffles2.INS.21S25      63   158    (0) + (TATC)n        Simple_repeat          1     98    (0)  505  
  211   14.3  0.0  0.0  Sniffles2.INS.21S2B      16    43    (7) + AluJb          SINE/Alu             225    252   (60)  506  
 1102   14.0  1.7  0.0  Sniffles2.INS.21S2F       4   338    (0) + ALR/Alpha      Satellite/centr        1    340    (0)  507  
  979   17.9  0.1  0.2  Sniffles2.INS.21S30       1   340    (1) + ALR/Alpha      Satellite/centr        1    339    (0)  508  
 1109   12.2  5.7  0.0  Sniffles2.INS.21SB0       2   496    (2) + ALR/Alpha      Satellite/centr        1    523    (0)  509  
  380   22.2  0.0  0.0  Sniffles2.INS.21SBA       1    81    (0) + ALR/Alpha      Satellite/centr       28    108   (63)  510  
   19   30.6  0.0  0.0  Sniffles2.INS.21SBD       5    68    (3) + (ATTCC)n       Simple_repeat          1     64    (0)  511  
 1163   15.6  1.0  0.0  Sniffles2.INS.220S11     10   337    (1) + ALR/Alpha      Satellite/centr        1    331    (2)  512  
  984    8.7  0.0  0.8  Sniffles2.INS.222S25      1   127    (0) + AluSp          SINE/Alu               3    128  (185)  513  
   57    0.0  0.0  0.0  Sniffles2.INS.222S5       1    51    (0) + (T)n           Simple_repeat          1     51    (0)  514  
  855   12.6  8.9  0.0  Sniffles2.INS.223S25      2   136   (61) + L1MD           LINE/L1             5446   5592  (767)  515  
  521    4.9  0.0  0.0  Sniffles2.INS.223S25    137   197    (0) C AluYi6         SINE/Alu            (10)    301    241  516  
 1188   15.7  0.7  0.0  Sniffles2.INS.227S11      9   338    (1) + ALR/Alpha      Satellite/centr        1    332    (2)  517  
  570    2.3  1.4  6.1  Sniffles2.INS.22FS25      4   141    (5) C SVA_F          Retroposon/SVA     (590)    785    654  518  
   16   19.6  0.0  4.7  Sniffles2.INS.22FS5       3    47    (4) + (TGGC)n        Simple_repeat          1     43    (0)  519  
   13   24.9  1.9  3.9  Sniffles2.INS.22FSBF      5    56    (0) + A-rich         Low_complexity         1     51    (0)  520  
   16   21.3  4.1  0.0  Sniffles2.INS.22S17       2    50    (1) + (ATTATT)n      Simple_repeat          1     51    (0)  521  
 1198   14.3  0.5  0.0  Sniffles2.INS.22S2F       1   677    (2) + ALR/Alpha      Satellite/centr        1    680    (0)  522  
 1055   15.4  0.0  0.0  Sniffles2.INS.22S30       1   170    (0) + ALR/Alpha      Satellite/centr        1    170    (1)  523  
 1283   14.0  0.3  0.1  Sniffles2.INS.22S6F       1  1194    (1) C ALR/Alpha      Satellite/centr     (27)   1197      1  524  
  430   14.1  0.0  0.0  Sniffles2.INS.22S8        2    65    (2) + BSR/Beta       Satellite             49    112   (24)  525  
  343   19.9  6.4  3.5  Sniffles2.INS.22SBD       4   237  (119) C HSATII         Satellite            (4)    240      1  526  
   61   16.2  0.0  0.0  Sniffles2.INS.22SBD     247   356    (0) + (TGGAA)n       Simple_repeat          1    110    (0)  527  
   51    0.0  0.0  0.0  Sniffles2.INS.230S18      1    44    (7) + (AT)n          Simple_repeat          1     44    (0)  528  
 1342   13.4  0.5  0.2  Sniffles2.INS.232S11      1   679    (1) + ALR/Alpha      Satellite/centr        1    680    (2)  529  
 1274    9.0  0.0  0.0  Sniffles2.INS.238S11      5   339    (0) + ALR/Alpha      Satellite/centr        1    335    (0)  530  
   27   11.2  4.0  0.0  Sniffles2.INS.238S24      1    50    (0) + GA-rich        Low_complexity         1     52    (0)  531  
 1329   13.2  0.9  0.0  Sniffles2.INS.239S11      7  1012    (1) + ALR/Alpha      Satellite/centr        1   1014    (2)  532  
   29    6.7  6.4  0.0  Sniffles2.INS.239S24      1    47    (4) + (AT)n          Simple_repeat          1     50    (0)  533  
 1402   12.2  0.2  0.1  Sniffles2.INS.23CS11      1   679    (2) + ALR/Alpha      Satellite/centr        1    680    (2)  534  
  435   18.3  6.5  8.2  Sniffles2.INS.23CSC0      8   619    (0) C HSATII         Satellite            (4)    601      1  535  
 1315   13.2  0.7  0.0  Sniffles2.INS.23DS11      7  1013    (1) + ALR/Alpha      Satellite/centr        1   1014    (2)  536  
  565   18.1  6.2  8.4  Sniffles2.INS.23FSC0      3   621   (13) C HSATII         Satellite            (4)    605      1  537  
  973   14.6  1.0  0.0  Sniffles2.INS.23S15       6   290    (0) + HSATII         Satellite              1    287    (0)  538  
   24   25.4  0.0  0.0  Sniffles2.INS.23S2B       1    62    (3) + (AATGG)n       Simple_repeat          1     62    (0)  539  
  937   13.8  3.2  0.0  Sniffles2.INS.23S2F       1   166    (1) + ALR/Alpha      Satellite/centr        1    171    (0)  540  
  754   18.4  0.0  0.0  Sniffles2.INS.23S30       1   171    (0) + ALR/Alpha      Satellite/centr        1    171    (0)  541  
  107    4.8  8.6  0.0  Sniffles2.INS.23S31       1   174    (1) + (AT)n          Simple_repeat          1    189    (0)  542  
   21   23.0  0.0  8.5  Sniffles2.INS.23S3A      16   104   (11) + (TATATTG)n     Simple_repeat          1     82    (0)  543  
  712   15.3  0.0  0.0  Sniffles2.INS.23S8        3   137    (0) + BSR/Beta       Satellite              1    135    (0)  544  
 1018   15.2  0.3  0.0  Sniffles2.INS.23SB0       4   511    (0) + ALR/Alpha      Satellite/centr        1    509    (0)  545  
  214    7.4  2.1  3.2  Sniffles2.INS.241S25      1   378    (4) + (TGG)n         Simple_repeat          1    374    (0)  546  
 1383   12.3  0.4  0.0  Sniffles2.INS.242S11      3   337    (3) + ALR/Alpha      Satellite/centr        1    336    (2)  547  
 1273   10.4  0.4  0.0  Sniffles2.INS.243S11      1   332    (7) + ALR/Alpha      Satellite/centr        1    333    (1)  548  
  471   16.9  7.0 11.1  Sniffles2.INS.243SC0     10   639   (11) C HSATII         Satellite            (8)    604      1  549  
 1205   12.8  0.3  0.2  Sniffles2.INS.244S11      1  1017    (3) + ALR/Alpha      Satellite/centr        1   1018    (0)  550  
  252   15.5 19.1  0.0  Sniffles2.INS.247S18    152   235  (129) + AluSx          SINE/Alu              39    138  (164)  551  
  102    4.5  7.5  0.0  Sniffles2.INS.247SBF      2   161    (0) + (TA)n          Simple_repeat          1    172    (0)  552  
 1270   13.5  0.8  0.0  Sniffles2.INS.248S11      7   677    (3) + ALR/Alpha      Satellite/centr        1    676    (4)  553  
 1061   12.3  0.4  0.2  Sniffles2.INS.249S11      5   336    (3) + ALR/Alpha      Satellite/centr        1    332    (0)  554  
   23    6.4  7.5  3.6  Sniffles2.INS.249S24      4    56    (5) + (TATTTA)n      Simple_repeat          1     55    (0)  555  
  262   13.5  0.0  0.0  Sniffles2.INS.24BS0       7    43    (8) C AluSg4         SINE/Alu           (163)    147    111  556  
  426   18.0  6.5  8.0  Sniffles2.INS.24BSC0      8   669    (0) C HSATII         Satellite            (4)    651      1  557  
   29    8.3  7.7  0.0  Sniffles2.INS.24CS0       3    54    (0) + (AT)n          Simple_repeat          1     56    (0)  558  
   43   19.1  3.4  5.6  Sniffles2.INS.24CS25      2   148    (7) + (TGGTGA)n      Simple_repeat          1    143    (0)  559  
 1263    9.4  0.0  0.0  Sniffles2.INS.24FS11      3   338    (1) + ALR/Alpha      Satellite/centr        1    336    (0)  560  
   32   10.3  0.0  0.0  Sniffles2.INS.24FS25      1    52    (0) + (TGG)n         Simple_repeat          1     52    (0)  561  
   17   15.9  5.9  1.9  Sniffles2.INS.24FS37      1    51   (15) + A-rich         Low_complexity         1     53    (0)  562  
  362   15.2  4.5  0.0  Sniffles2.INS.24S15       2    67    (2) + HSATII         Satellite             22     90   (80)  563  
  612   14.3  0.0  0.0  Sniffles2.INS.24S25       1    84  (489) C AluSp          SINE/Alu           (229)     84      1  564  
  450   16.9  1.4  0.0  Sniffles2.INS.24S25     285   355  (218) + AluJo          SINE/Alu              50    121  (191)  565  
 1688   10.1  0.0  0.0  Sniffles2.INS.24S25     356   573    (0) C AluY           SINE/Alu            (11)    300     83  566  
  937   13.8  3.2  0.0  Sniffles2.INS.24S2F       1   166    (1) + ALR/Alpha      Satellite/centr        1    171    (0)  567  
  754   18.4  0.0  0.0  Sniffles2.INS.24S30       1   171    (0) + ALR/Alpha      Satellite/centr        1    171    (0)  568  
  974   10.4  0.0  0.4  Sniffles2.INS.24S8        1   204    (0) + BSR/Beta       Satellite              1    203    (4)  569  
 1115   14.3  0.8  0.0  Sniffles2.INS.24SB0       2  1181    (2) + ALR/Alpha      Satellite/centr        1   1189    (0)  570  
   24   17.2  1.9  0.0  Sniffles2.INS.24SBD       1    52    (3) + (CATTC)n       Simple_repeat          1     53    (0)  571  
   68    8.6  4.8  0.0  Sniffles2.INS.250S5       1   124    (3) + (AT)n          Simple_repeat          1    130    (0)  572  
 1378   11.4  0.1  0.0  Sniffles2.INS.251S11      2  1017    (1) + ALR/Alpha      Satellite/centr        1   1017    (0)  573  
 2598    0.4  0.0  0.0  Sniffles2.INS.255S11     10   318    (0) C AluYa5         SINE/Alu             (0)    311     10  574  
   53    9.6  6.7  0.9  Sniffles2.INS.257S6       1   105    (6) + (TTCT)n        Simple_repeat          1    111    (0)  575  
   41    3.9  1.8  1.8  Sniffles2.INS.258S24      2    56    (0) + (TAGC)n        Simple_repeat          1     55    (0)  576  
  235   19.6  7.1  0.0  Sniffles2.INS.259S0      32    87   (16) + L1MC5a         LINE/L1             5738   5797 (2233)  577  
  985   12.3  1.2  0.0  Sniffles2.INS.25AS11      5   332    (3) + ALR/Alpha      Satellite/centr        1    332    (0)  578  
 1291   13.9  0.7  0.0  Sniffles2.INS.25BS11      2  1011    (1) + ALR/Alpha      Satellite/centr        1   1016    (2)  579  
 1335   10.3  0.2  1.3  Sniffles2.INS.25BS2       1   413    (0) C ALR/Alpha      Satellite/centr     (36)    408      1  580  
 1215   13.3  0.7  0.4  Sniffles2.INS.25CS11      9   678    (0) + ALR/Alpha      Satellite/centr        1    672    (2)  581  
   64    5.3  0.0  0.0  Sniffles2.INS.25DS24      1    79    (0) + (A)n           Simple_repeat          1     79    (0)  582  
 1060   14.4  0.0  0.0  Sniffles2.INS.25S2F       6   332    (8) + ALR/Alpha      Satellite/centr        1    327    (0)  583  
  983   13.6  2.7  0.4  Sniffles2.INS.25S30       1   335    (0) + ALR/Alpha      Satellite/centr        1    342    (0)  584  
  388    0.0  2.0  0.0  Sniffles2.INS.25S31       4   356    (0) + (AT)n          Simple_repeat          1    360    (0)  585  
  549   17.2  4.2 10.3  Sniffles2.INS.25S5D       5  1688    (4) C HSATII         Satellite            (4)   1580      1  586  
  305    9.5  0.0  0.0  Sniffles2.INS.25S65       2    43   (15) + ALR/Alpha      Satellite/centr      126    167    (4)  587  
 1043   10.3  0.0  0.5  Sniffles2.INS.25S8        3   409    (1) + BSR/Beta       Satellite              1    405    (0)  588  
  295   20.8  8.1  3.1  Sniffles2.INS.25SBD       6   144    (3) + HSATII         Satellite              1    145    (4)  589  
  186    3.6 10.6  2.2  Sniffles2.INS.260SBF      1   423    (1) + (AT)n          Simple_repeat          1    458    (0)  590  
 1069   14.9  0.2  0.0  Sniffles2.INS.261S33      1   681    (1) + ALR/Alpha      Satellite/centr        1    682    (0)  591  
   43    4.8  1.4  4.3  Sniffles2.INS.262S2       1    74    (3) + (AAAGAAG)n     Simple_repeat          1     71    (0)  592  
 1330   13.3  0.9  0.4  Sniffles2.INS.263S11      1   337    (0) + ALR/Alpha      Satellite/centr        1    338    (2)  593  
 1164   13.0  0.4  0.2  Sniffles2.INS.263S33      1   682    (1) + ALR/Alpha      Satellite/centr        1    683    (0)  594  
  582   18.3  3.6  0.9  Sniffles2.INS.264S0      63   172   (69) C FRAM           SINE/Alu             (7)    159     47  595  
  383   13.5  2.2  8.3  Sniffles2.INS.264S0      97   185   (56) + AluJb          SINE/Alu             213    296    (6)  596 *
 1402   10.8  0.3  0.1  Sniffles2.INS.264S11      1   678    (3) + ALR/Alpha      Satellite/centr        1    679    (2)  597  
   15   16.2  0.0  3.5  Sniffles2.INS.265S0      10    39   (13) + (AT)n          Simple_repeat          1     29    (0)  598  
  617    4.7  2.3  2.3  Sniffles2.INS.265S24      2    89   (15) + MER4A1         LTR/ERV1             108    195  (277)  599  
  242    0.7  7.0  0.0  Sniffles2.INS.266S18      1   284    (0) + (TA)n          Simple_repeat          1    304    (0)  600  
 1114   13.9  1.1  0.1  Sniffles2.INS.266S33      1   675    (1) + ALR/Alpha      Satellite/centr        1    681    (0)  601  
   31    0.0  5.5  5.5  Sniffles2.INS.267SBF      1    55    (0) + (AAGA)n        Simple_repeat          1     55    (0)  602  
 1391   11.4  2.6  0.0  Sniffles2.INS.26BS11      1   677    (0) + ALR/Alpha      Satellite/centr        1    694    (1)  603  
   40    0.0  0.0  5.6  Sniffles2.INS.26BS18      1    57    (0) + (GAA)n         Simple_repeat          1     54    (0)  604  
 1050   10.9  0.3  0.0  Sniffles2.INS.26CS11      1   339    (1) + ALR/Alpha      Satellite/centr        1    339    (2)  605  
   57    0.0  3.5  0.0  Sniffles2.INS.26CS22      4    61    (0) + (AAGA)n        Simple_repeat          1     60    (0)  606  
   18    3.9  3.7  0.0  Sniffles2.INS.26ES18     65    91   (11) + (CCT)n         Simple_repeat          1     28    (0)  607  
  124    0.0  0.0  0.0  Sniffles2.INS.26ES37      1   108    (0) + (G)n           Simple_repeat          1    108    (0)  608  
  342   16.1  0.0  0.0  Sniffles2.INS.26S2B      21    76    (1) + Alu            SINE/Alu             225    280   (22)  609  
  892   14.8  2.4  0.0  Sniffles2.INS.26S2F       1   168    (0) + ALR/Alpha      Satellite/centr        1    172    (0)  610  
  815   17.2  0.0  0.0  Sniffles2.INS.26S30       2   171    (0) + ALR/Alpha      Satellite/centr        1    170    (0)  611  
   21   18.1  0.0  0.0  Sniffles2.INS.26S58       1    44    (6) + (GGAAT)n       Simple_repeat          1     44    (0)  612  
 1176   15.0  0.7  0.1  Sniffles2.INS.26S6F       1  1019    (2) C ALR/Alpha      Satellite/centr     (45)   1025      1  613  
  519   10.3  0.0  0.0  Sniffles2.INS.26S8        2    69    (1) + BSR/Beta       Satellite             30     97   (39)  614  
 2904    0.6  0.0  0.0  Sniffles2.INS.270S4       1   317 (2332) C L1HS           LINE/L1            (483)   5672   5356  615  
 4376    0.2  0.0  0.2  Sniffles2.INS.270S4     318   797 (1852) + L1HS           LINE/L1             5676   6154    (1)  615  
   52    7.6  0.0  0.0  Sniffles2.INS.270S4     800   868 (1781) + (A)n           Simple_repeat          1     69    (0)  616  
 1327   13.3  0.8  0.4  Sniffles2.INS.270S4     869  2649    (0) + ALR/Alpha      Satellite/centr        1   1788    (0)  617  
   43    0.0  2.1  2.1  Sniffles2.INS.271S24      3    50    (0) + (ATATATATAA)n  Simple_repeat          1     48    (0)  618  
 1164   13.2  0.4  0.4  Sniffles2.INS.274S33      1   680    (1) + ALR/Alpha      Satellite/centr        1    680    (0)  619  
 1253   13.7  0.7  0.1  Sniffles2.INS.275S31      5  3818  (831) C ALR/Alpha      Satellite/centr     (41)   3836      1  620  
 7130    2.2  0.0  0.0  Sniffles2.INS.275S31   3836  4643    (6) C L1PA2          LINE/L1              (6)   6149   5342  621  
  256   17.9  0.0  3.0  Sniffles2.INS.276S22      3    71    (2) C L1M1           LINE/L1           (2708)   3438   3372  622  
   37    0.0  3.9  1.9  Sniffles2.INS.277S18      1    52    (0) + (AAAG)n        Simple_repeat          1     53    (0)  623  
 1073   17.4  0.6  0.2  Sniffles2.INS.278S23      1  2900    (6) + ALR/Alpha      Satellite/centr        1   2908    (0)  624  
 1347   12.7  0.2  0.0  Sniffles2.INS.279S11      1   679    (1) + ALR/Alpha      Satellite/centr        1    680    (2)  625  
   12   12.5  8.5  4.1  Sniffles2.INS.279S18      3    49   (18) + (ATGGAGA)n     Simple_repeat          1     49    (0)  626 *
   13   12.8  5.6  2.7  Sniffles2.INS.279S18     31    66    (1) + (GAT)n         Simple_repeat          1     37    (0)  627  
 1073   17.4  0.8  0.5  Sniffles2.INS.279S23      5  4101    (6) + ALR/Alpha      Satellite/centr        1   4107    (0)  628  
 1170   10.7  0.5  4.5  Sniffles2.INS.27AS2       1   206    (0) + LOR1-int       LTR/ERV1            1913   2110 (6010)  629  
   64   24.1  0.0  0.7  Sniffles2.INS.27AS25      3   140    (3) + (AT)n          Simple_repeat          1    137    (0)  630  
 2810    0.0  0.3  0.0  Sniffles2.INS.27ASF      15   310    (0) + AluYa5         SINE/Alu               1    297   (14)  631  
 1164   13.0  0.3  0.3  Sniffles2.INS.27BS33      1   679    (2) + ALR/Alpha      Satellite/centr        1    678    (0)  632  
   58    6.1  4.7  0.0  Sniffles2.INS.27CS18      1    86    (0) + (AT)n          Simple_repeat          1     90    (0)  633  
   61   24.8  2.7  1.6  Sniffles2.INS.27ES0       4   191    (2) + (CTCCTC)n      Simple_repeat          1    190    (0)  634  
  832   16.3  0.0  0.0  Sniffles2.INS.27S2F       2   165    (2) + ALR/Alpha      Satellite/centr        1    164    (0)  635  
   15   19.6  0.0  0.0  Sniffles2.INS.27S58       1    35  (516) + (GGAAT)n       Simple_repeat          1     35    (0)  636  
  515   17.3  9.6  7.9  Sniffles2.INS.27S58      57   446  (105) C HSATII         Satellite            (7)    396      1  637  
   36   24.6  0.9  1.9  Sniffles2.INS.27S58     447   551    (0) + (GAATG)n       Satellite              1    104    (0)  638  
  656   12.2  0.5  1.1  Sniffles2.INS.27S8        2   123   (13) + BSR/Beta       Satellite              1    121    (0)  639  
   24   18.1  0.0  0.0  Sniffles2.INS.27SBD       1    50    (0) + (TCCAT)n       Simple_repeat          1     50    (0)  640  
   64   10.7  7.1  0.8  Sniffles2.INS.283S2       1   126    (6) + (CT)n          Simple_repeat          1    134    (0)  641  
  264   24.1  5.7  1.1  Sniffles2.INS.284S18     30   117   (88) + L1M4           LINE/L1             5798   5889  (285)  642  
 2404    5.2  3.0  7.3  Sniffles2.INS.284SC0      1  2242    (4) C LTR12B         LTR/ERV1             (0)    667    335  643  
 1407   11.8  0.8  0.0  Sniffles2.INS.286S11      2  1016    (0) + ALR/Alpha      Satellite/centr        1   1023    (1)  644  
   16   27.0  3.6  1.8  Sniffles2.INS.286SBF      1    56    (1) + (TA)n          Simple_repeat          1     57    (0)  645  
 2520    5.3  2.7  6.6  Sniffles2.INS.286SC0      5  2239    (0) C LTR12B         LTR/ERV1             (0)    667    335  646  
 2598    0.4  0.0  0.0  Sniffles2.INS.287S11     10   311    (0) C AluYa5         SINE/Alu             (0)    311     10  647  
 1727    5.0  3.9  0.4  Sniffles2.INS.288SC0      3   247    (0) C LTR12B         LTR/ERV1             (0)    667    416  648  
   19   23.8  3.9  0.0  Sniffles2.INS.28BS0       2    52    (4) + (TA)n          Simple_repeat          1     53    (0)  649  
 1177   15.7  0.7  0.0  Sniffles2.INS.28BS11      9   338    (1) + ALR/Alpha      Satellite/centr        1    332    (2)  650  
   35   22.7  0.0  0.0  Sniffles2.INS.28BSBF     13    85    (0) + A-rich         Low_complexity         1     73    (0)  651  
 2279    7.2  2.2 10.2  Sniffles2.INS.28CSC0      1   986    (3) C LTR12B         LTR/ERV1            (12)   1242    335  652  
 1196   15.0  1.0  0.8  Sniffles2.INS.28DS11     10   338    (1) + ALR/Alpha      Satellite/centr        1    329    (0)  653  
  837    6.6  6.6  0.0  Sniffles2.INS.28DSC0      4   124  (372) C LTR12B         LTR/ERV1           (105)    562    434  654  
 1854    7.0  4.1  7.7  Sniffles2.INS.28DSC0    125   495    (1) C LTR12B         LTR/ERV1             (0)    667    335  655  
 1213   12.7  1.2  0.0  Sniffles2.INS.28ES11      1   337    (0) + ALR/Alpha      Satellite/centr        1    341    (2)  656  
  460   11.4  0.0  0.0  Sniffles2.INS.28S15       3    72    (0) + HSATII         Satellite             10     79   (91)  657  
   24   13.1  0.0  0.0  Sniffles2.INS.28S16       2    43   (11) + (TGGAG)n       Simple_repeat          1     42    (0)  658  
   18   27.8  0.0  0.0  Sniffles2.INS.28S16      44    54    (0) + (TGGAA)n       Simple_repeat          1     53    (0)  659  
 1049   12.0  1.5  0.0  Sniffles2.INS.28S30       2   335    (1) + ALR/Alpha      Satellite/centr        1    338    (0)  660  
  413   21.1  3.4  3.4  Sniffles2.INS.293S18    280   397  (201) + MIRb           SINE/MIR              86    203   (65)  661  
 1575    6.0  2.0  0.0  Sniffles2.INS.293S18    398   598    (0) + AluSz          SINE/Alu               1    205  (107)  662  
 1352   12.4  0.2  0.2  Sniffles2.INS.294S11      1   679    (1) + ALR/Alpha      Satellite/centr        1    679    (2)  663  
 1314    6.5  1.8  0.0  Sniffles2.INS.294S18      1   168  (428) + AluSz          SINE/Alu              49    219   (93)  664  
  413   21.1  3.4  3.4  Sniffles2.INS.294S18    434   551   (45) + MIRb           SINE/MIR              86    203   (65)  665  
  328    7.3  0.0  0.0  Sniffles2.INS.294S18    556   596    (0) + AluYk11        SINE/Alu               6     46  (265)  666  
 2157    7.9  2.7  6.2  Sniffles2.INS.294SC0      1   373  (127) C LTR12B         LTR/ERV1             (0)    667    335  667  
  831    8.9  6.5  0.0  Sniffles2.INS.294SC0    376   499    (1) C LTR12B         LTR/ERV1            (71)    596    465  668  
  844   21.3  2.5  0.5  Sniffles2.INS.295S37    177   379  (249) C L1MC           LINE/L1           (1121)   5025   4819  669  
  847    7.4  6.6  0.0  Sniffles2.INS.295SC0      1   122    (0) C LTR12B         LTR/ERV1            (74)    593    464  670  
 1273   10.4  0.4  0.0  Sniffles2.INS.296S11      1   332    (7) + ALR/Alpha      Satellite/centr        1    333    (1)  671  
  806    8.1  6.5  0.0  Sniffles2.INS.296SC0      1   124  (124) C LTR12B         LTR/ERV1            (67)    600    469  672  
  688   13.8  0.0  1.7  Sniffles2.INS.296SC0    119   236   (12) C LTR12B         LTR/ERV1             (4)    663    548  673 *
 2392    6.6  2.5  6.6  Sniffles2.INS.297SC0      1   876    (0) C LTR12B         LTR/ERV1             (0)    667    335  674  
 2306    6.8  3.0  6.2  Sniffles2.INS.298SC0      1   878    (0) C LTR12B         LTR/ERV1             (0)    688    335  675  
  898   14.9  0.4  0.0  Sniffles2.INS.299S33      1   169    (1) + ALR/Alpha      Satellite/centr        1    169    (0)  676  
 1407   12.7  0.4  0.0  Sniffles2.INS.29BS11      1   339    (1) + ALR/Alpha      Satellite/centr        1    340    (2)  677  
 1100   13.5  0.3  0.0  Sniffles2.INS.29DS23      1   337    (4) C ALR/Alpha      Satellite/centr     (45)    338      1  678  
   99   19.1  4.0  1.2  Sniffles2.INS.29DS24      6   255    (2) + (CACACCA)n     Simple_repeat          1    257    (0)  679  
   37   13.0  4.4  0.0  Sniffles2.INS.29FS0       1    68    (0) + (TA)n          Simple_repeat          1     71    (0)  680  
 1240   13.8  0.3  0.6  Sniffles2.INS.29FS11      1   678    (3) + ALR/Alpha      Satellite/centr        1    676    (4)  681  
 1199   14.0  0.7  0.4  Sniffles2.INS.29S2F       1   678    (0) + ALR/Alpha      Satellite/centr        1    680    (0)  682  
 1145   12.5  0.7  0.0  Sniffles2.INS.29S30       1   331    (7) + ALR/Alpha      Satellite/centr        1    333    (0)  683  
  364   13.0  0.0  0.0  Sniffles2.INS.29S8       15    68    (0) + BSR/Beta       Satellite             37     90   (46)  684  
   26   17.3  0.0  0.0  Sniffles2.INS.29SBD       3    54    (6) + (TTCCA)n       Simple_repeat          1     52    (0)  685  
  183   25.5  0.4  4.1  Sniffles2.INS.2A5S25      1   530    (1) + (CCAC)n        Simple_repeat          1    511    (0)  686  
   31   11.4  1.8  0.0  Sniffles2.INS.2A5S37      6    62    (1) + (TA)n          Simple_repeat          1     58    (0)  687  
 2639    1.1  0.0  0.0  Sniffles2.INS.2A9SF      11   316    (0) C AluYa5         SINE/Alu             (0)    311      2  688  
 2455    5.5  2.7  6.7  Sniffles2.INS.2ABSC0      1  1616    (1) C LTR12B         LTR/ERV1             (0)    667    335  689  
 1042    4.8  0.6  1.8  Sniffles2.INS.2AES24      1   170    (5) + SVA_F          Retroposon/SVA       688    855  (520)  690  
 3027    0.3  0.0  0.0  Sniffles2.INS.2AS0       16   333    (1) + AluYb8         SINE/Alu               1    318    (0)  691  
  502    9.6  1.4  0.0  Sniffles2.INS.2AS15       1    73    (1) + HSATII         Satellite             35    108   (62)  692  
   66   16.3  0.0  0.0  Sniffles2.INS.2AS16       2   119    (1) + (GTGGA)n       Simple_repeat          1    118    (0)  693  
  337   19.6  0.0  0.0  Sniffles2.INS.2AS2B       1    56    (8) + Alu            SINE/Alu              89    144   (22)  694  
 1150   14.8  1.1  0.2  Sniffles2.INS.2AS2F       1  1357    (2) + ALR/Alpha      Satellite/centr        1   1369    (0)  695  
  979   14.6  1.7  0.2  Sniffles2.INS.2AS30       1   338    (0) + ALR/Alpha      Satellite/centr        1    342    (0)  696  
 1190   13.2  1.5  0.3  Sniffles2.INS.2ASB0       1   676    (1) + ALR/Alpha      Satellite/centr        1    684    (0)  697  
  769   13.8  0.0  0.0  Sniffles2.INS.2ASBA       1   169    (0) C ALR/Alpha      Satellite/centr     (37)    169      1  698  
   45    5.2  1.6  1.6  Sniffles2.INS.2ASBD       1    63    (1) + (CCATT)n       Simple_repeat          1     63    (0)  699  
  372    5.9  6.2  0.0  Sniffles2.INS.2B1S25      1   593   (10) + (TA)n          Simple_repeat          1    630    (0)  700  
 1383   10.8  0.2  0.0  Sniffles2.INS.2B2S11      3   680    (0) + ALR/Alpha      Satellite/centr        1    679    (0)  701  
   24   13.7  0.0  2.4  Sniffles2.INS.2B6S2      11    52    (0) + (GT)n          Simple_repeat          1     41    (0)  702  
   47    0.0  2.3  0.0  Sniffles2.INS.2B8S37      1    44    (1) + (TC)n          Simple_repeat          1     45    (0)  703  
   24   19.1  0.0  3.9  Sniffles2.INS.2B9S37      1    54    (0) + (TA)n          Simple_repeat          1     52    (0)  704  
   27    6.1  0.0  0.0  Sniffles2.INS.2BAS2       4    38   (14) + (CCAC)n        Simple_repeat          1     35    (0)  705  
   76    4.1  2.9  5.9  Sniffles2.INS.2BAS25     32   171   (23) + (TTCC)n        Simple_repeat          1    136    (0)  706  
  906   14.1  3.8  3.8  Sniffles2.INS.2BS15       1   312    (2) + HSATII         Satellite              1    311    (0)  707  
 1027   15.7  0.0  0.3  Sniffles2.INS.2BS2F       1   341    (1) + ALR/Alpha      Satellite/centr        1    340    (0)  708  
  972   13.2  0.3  0.0  Sniffles2.INS.2BS30       4   339    (2) + ALR/Alpha      Satellite/centr        1    337    (0)  709  
  593    5.5  0.0  1.7  Sniffles2.INS.2BS65      15   100   (60) + L1PA3          LINE/L1             6078   6168    (0)  710  
   53    1.7  0.0  0.0  Sniffles2.INS.2BS65     101   160    (0) + (A)n           Simple_repeat          1     60    (0)  711  
  975   11.4  0.4  0.5  Sniffles2.INS.2BS8        1   407    (1) C BSR/Beta       Satellite           (49)    406      1  712  
  942   13.2  0.0  0.0  Sniffles2.INS.2BSB0       5   168    (0) + ALR/Alpha      Satellite/centr        1    164    (0)  713  
  229    8.8 15.8  0.0  Sniffles2.INS.2BSBD       4    60   (15) + HSATII         Satellite             23     88   (82)  714  
 1326    9.7  0.2  0.0  Sniffles2.INS.2C0S11      7   342    (0) + ALR/Alpha      Satellite/centr        1    336    (1)  715  
 1407   10.9  0.2  0.0  Sniffles2.INS.2C1S11      3   680    (0) + ALR/Alpha      Satellite/centr        1    679    (0)  716  
  689   13.5  0.0  0.0  Sniffles2.INS.2C2S18      3    98    (2) + LTR12D         LTR/ERV1            1027   1122  (132)  717  
 1407   12.8  0.4  0.0  Sniffles2.INS.2C5S11      9   678    (1) + ALR/Alpha      Satellite/centr        1    672    (2)  718  
 1270   13.8  0.8  0.0  Sniffles2.INS.2C6S11      7   677    (3) + ALR/Alpha      Satellite/centr        1    676    (2)  719  
 1407   12.6  0.5  0.0  Sniffles2.INS.2CAS11      1  1010   (10) + ALR/Alpha      Satellite/centr        1   1014    (2)  720  
   17   21.8  2.0  2.0  Sniffles2.INS.2CDS5       1    51    (0) + (CCTCCTC)n     Simple_repeat          1     51    (0)  721  
   15   15.7  0.0  5.3  Sniffles2.INS.2CFS37      3    42  (160) + (ATAAC)n       Simple_repeat          1     38    (0)  722  
   51    3.2  6.7  4.7  Sniffles2.INS.2CFS37     48   151   (51) + (TA)n          Simple_repeat          1    106    (0)  723  
   11   21.3  4.4  2.2  Sniffles2.INS.2CFS37    157   201    (1) + (AATATA)n      Simple_repeat          1     46    (0)  724  
  752   11.2  2.6  0.0  Sniffles2.INS.2CS15       1   116    (2) + HSATII         Satellite              3    121   (49)  725  
   64    9.9  0.9  0.9  Sniffles2.INS.2CS16      32   141    (3) + (TGGAA)n       Simple_repeat          1    110    (0)  726  
  348    8.3  4.2  0.0  Sniffles2.INS.2CS25       7    54   (47) + MLT1D          LTR/ERVL-MaLR          1     50  (455)  727  
  239    9.5  4.4  6.8  Sniffles2.INS.2CS25      56   100    (1) + MLT1D          LTR/ERVL-MaLR          1     44  (461)  727  
  987   13.5  2.0  0.0  Sniffles2.INS.2CS30       1   337    (0) + ALR/Alpha      Satellite/centr        1    343    (0)  728  
  990   19.4  0.8  0.7  Sniffles2.INS.2CS65       3   513    (0) + ALR/Alpha      Satellite/centr        1    511    (2)  729  
  922   13.5  3.8  1.0  Sniffles2.INS.2CS8        2   811    (1) C BSR/Beta       Satellite           (37)    832      1  730  
  675   18.8  0.0  0.4  Sniffles2.INS.2CSB0       1   173    (0) + ALR/Alpha      Satellite/centr        1    172    (0)  731  
   12   20.3  0.0  7.1  Sniffles2.INS.2D0S37     25    69   (10) + (ATAAC)n       Simple_repeat          1     42    (0)  732  
  241   20.9  0.0  0.0  Sniffles2.INS.2D0SF      11    53   (13) C MLT-int        LTR/ERVL-MaLR      (766)    969    927  733  
   25   12.5  0.0  2.2  Sniffles2.INS.2D4SF       2    48    (3) + (TATACA)n      Simple_repeat          1     46    (0)  734  
 1131   13.5  0.5  0.0  Sniffles2.INS.2D6S33      1   678    (3) + ALR/Alpha      Satellite/centr        1    681    (0)  735  
   42    0.0  0.0  0.0  Sniffles2.INS.2D9S18     13    48    (6) + (TA)n          Simple_repeat          1     36    (0)  736  
  270   25.3  0.0  1.3  Sniffles2.INS.2D9S5     110   185    (5) C MER101         LTR/ERV1           (235)    239    165  737  
  118   19.0  3.5  2.9  Sniffles2.INS.2DBS0       2   311    (0) + (AT)n          Simple_repeat          1    312    (0)  738  
   16   21.0  0.0  9.8  Sniffles2.INS.2DCS2       8    74    (6) + (TGCAGG)n      Simple_repeat          1     61    (0)  739  
   60    0.0  1.8  0.0  Sniffles2.INS.2DFS2       4    60    (0) + (AAAG)n        Simple_repeat          1     58    (0)  740  
   27    4.8  2.0  8.3  Sniffles2.INS.2DFS37      1    51    (0) + (TA)n          Simple_repeat          1     48    (0)  741  
   30   17.2  0.0  0.0  Sniffles2.INS.2DS16       1    59    (1) + (AATGG)n       Simple_repeat          1     59    (0)  742  
  359    6.4  6.4  0.0  Sniffles2.INS.2DS25      27    73  (264) + MLT1D          LTR/ERVL-MaLR          1     50  (455)  743  
  272   10.4  3.9  6.0  Sniffles2.INS.2DS25      75   125  (212) + MLT1D          LTR/ERVL-MaLR          1     50  (455)  743  
  333   10.4  4.2  0.0  Sniffles2.INS.2DS25     127   174  (163) + MLT1D          LTR/ERVL-MaLR          1     50  (455)  743  
  373    6.2  4.2  0.0  Sniffles2.INS.2DS25     176   223  (114) + MLT1D          LTR/ERVL-MaLR          1     50  (455)  743  
  301    9.3  0.0  4.7  Sniffles2.INS.2DS25     228   272   (65) + MLT1D          LTR/ERVL-MaLR          8     50  (455)  743  
  271   21.1  0.0  0.0  Sniffles2.INS.2DS2B       1    52    (8) + Alu            SINE/Alu             229    280   (22)  744  
  856   15.3  0.4  0.8  Sniffles2.INS.2DS2F       1   171    (0) + ALR/Alpha      Satellite/centr        1    170    (0)  745  
  987   15.9  2.1  0.1  Sniffles2.INS.2DS30       1   679    (1) + ALR/Alpha      Satellite/centr        1    692    (0)  746  
   68   32.5  0.0  0.5  Sniffles2.INS.2DS31       8   200    (1) + (TA)n          Simple_repeat          1    192    (0)  747  
 1022   19.0  0.7  0.5  Sniffles2.INS.2DS65       6   687    (0) + ALR/Alpha      Satellite/centr        1    683    (0)  748  
  316   21.0  0.0  0.0  Sniffles2.INS.2DS8        5    66    (0) C BSR/Beta       Satellite           (18)    118     57  749  
   39    7.0  1.6  1.6  Sniffles2.INS.2DSBD      12    73    (7) + (TCCAT)n       Simple_repeat          1     62    (0)  750  
  499    9.4  0.0  0.0  Sniffles2.INS.2E1S11      9    72    (0) + AluJr          SINE/Alu             119    182  (130)  751  
   17    0.0  0.0  0.0  Sniffles2.INS.2E3S11     65    83  (379) + (A)n           Simple_repeat          1     19    (0)  752  
  346   13.9 10.0  1.1  Sniffles2.INS.2E3S37      2    81    (0) + AluSx          SINE/Alu              51    137  (165)  753  
 1054   15.6  0.0  0.3  Sniffles2.INS.2ES2F       1   341    (1) + ALR/Alpha      Satellite/centr        1    340    (0)  754  
 1083   13.6  0.8  0.0  Sniffles2.INS.2ES30       1   338    (0) + ALR/Alpha      Satellite/centr        1    340    (0)  755  
  257   19.6  0.0  0.0  Sniffles2.INS.2ES4       21    76   (17) C Arthur1B       DNA/hAT-Tip100     (128)   1097   1042  756  
  433   11.3  0.0  0.0  Sniffles2.INS.2ES8        1    62    (1) C BSR/Beta       Satellite           (13)    123     62  757  
 1229   14.2  1.2  0.1  Sniffles2.INS.2ESB0       1  1186    (2) + ALR/Alpha      Satellite/centr        1   1198    (0)  758  
  382   20.9  4.5  9.2  Sniffles2.INS.2ESBD       2   303    (2) + HSATII         Satellite              1    287    (7)  759  
   23   41.5  0.0  0.0  Sniffles2.INS.2F0S0       3   125   (10) + G-rich         Low_complexity         1    123    (0)  760  
 2913    0.3  0.0  0.0  Sniffles2.INS.2F0SC0     16   321    (0) + AluYa5         SINE/Alu               1    306    (5)  761  
   26   20.9  0.0  0.0  Sniffles2.INS.2F1SF       2    52    (3) + (AT)n          Simple_repeat          1     51    (0)  762  
  739    7.8  1.1  0.0  Sniffles2.INS.2F3S18      2   330    (0) C MSR1           Satellite           (15)    332      1  763  
   37   11.5  1.3  5.6  Sniffles2.INS.2F3S37      1    75    (1) + (AT)n          Simple_repeat          1     72    (0)  764  
 2648    0.4  0.4  0.0  Sniffles2.INS.2F3SC0     13   320    (0) C AluYa5         SINE/Alu             (0)    311      1  765  
   33   10.2  0.0  0.0  Sniffles2.INS.2F6S2       1    54   (12) + (ACACGTGT)n    Simple_repeat          1     54    (0)  766  
   26   15.9  5.4  0.0  Sniffles2.INS.2F6SF       1    56    (4) + (AT)n          Simple_repeat          1     59    (0)  767  
  961    5.6  0.0  0.0  Sniffles2.INS.2F9SC0      1   125    (0) + L1P3           LINE/L1             4978   5102 (1044)  768  
   41    5.1  8.1  3.3  Sniffles2.INS.2FASC0      1    87    (0) + (TATATTA)n     Simple_repeat          1     91    (0)  769  
  462    7.3  0.5  0.0  Sniffles2.INS.2FBS18      1    68    (4) C AluSx          SINE/Alu            (93)    209    154  770  
   31    3.6 10.5  0.0  Sniffles2.INS.2FDS11      1    57    (4) + (AT)n          Simple_repeat          1     63    (0)  771  
 2975    0.0  0.0  0.0  Sniffles2.INS.2FDS37     17   327  (108) + AluYa5         SINE/Alu               1    311    (0)  772  
  100    0.0  0.0  0.0  Sniffles2.INS.2FDS37    328   435    (0) + (A)n           Simple_repeat          1    108    (0)  773  
   25   19.2  0.0  0.0  Sniffles2.INS.2FS16       1    53    (2) + (GTGGA)n       Simple_repeat          1     53    (0)  774  
  910   16.1  2.6  0.0  Sniffles2.INS.2FS2F       1   336    (0) + ALR/Alpha      Satellite/centr        1    344    (0)  775  
 1043   14.0  4.3  0.1  Sniffles2.INS.2FS30       1   677    (4) + ALR/Alpha      Satellite/centr        1    705    (0)  776  
  828   14.7  0.4  0.8  Sniffles2.INS.2FS65       2   168    (4) C ALR/Alpha      Satellite/centr     (69)    166      1  777  
  460    9.0  0.0  3.0  Sniffles2.INS.2FS8        1    69    (1) C BSR/Beta       Satellite            (3)    133     67  778  
  382   20.3  5.2  7.3  Sniffles2.INS.2FSBD       2   418   (15) + HSATII         Satellite              1    408    (7)  779  
  104   10.1  1.1  1.1  Sniffles2.INS.2S16        6   189    (0) + (GAATG)n       Satellite              1    184    (0)  780  
  437    4.3  1.4  1.4  Sniffles2.INS.2S28        2    71    (0) C SVA_D          Retroposon/SVA     (527)    859    790  781  
 2966    0.9  0.0  0.0  Sniffles2.INS.2S2A        3   317    (6) C AluYb8         SINE/Alu             (3)    315      1  782  
  916   15.2  0.0  0.0  Sniffles2.INS.2S2F        1   171    (0) + ALR/Alpha      Satellite/centr        1    171    (0)  783  
  995   10.6  0.0  0.0  Sniffles2.INS.2S36        1   171    (0) C ALR/Alpha      Satellite/centr     (51)    171      1  784  
   56   16.8  0.0  1.0  Sniffles2.INS.2S3E        1   105    (1) + (TTCC)n        Simple_repeat          1    104    (0)  785  
  953   13.3  0.0  0.0  Sniffles2.INS.2S5D        1   170    (1) + ALR/Alpha      Satellite/centr        1    170    (0)  786  
 1116   12.0  4.9  0.0  Sniffles2.INS.2S77       10   256    (7) C ALR/Alpha      Satellite/centr      (0)    259      1  787  
   54    0.0  0.0  0.0  Sniffles2.INS.2SA5       10    57    (0) + (TCT)n         Simple_repeat          1     48    (0)  788  
  768   11.0  0.0  0.0  Sniffles2.INS.2SBE        3   384    (0) + CER            Satellite              1    382    (0)  789  
   25   18.2  4.8  0.0  Sniffles2.INS.300S0       3    65    (0) + (ATAG)n        Simple_repeat          1     66    (0)  790  
   53    0.0  0.0  2.0  Sniffles2.INS.300S11      1    52    (0) + (TTCT)n        Simple_repeat          1     51    (0)  791  
   38   12.0  0.0  0.0  Sniffles2.INS.303S5       1    72    (8) + (GGGGACTGAT)n  Simple_repeat          1     72    (0)  792  
   14   23.8  3.5  3.5  Sniffles2.INS.303SF       6    63    (0) + (CTC)n         Simple_repeat          1     58    (0)  793  
  854    4.7  0.0  4.7  Sniffles2.INS.306S11      1   177    (0) C SVA_F          Retroposon/SVA     (624)    751    583  794  
   40   11.3  5.4  4.3  Sniffles2.INS.30ASF       1    93    (3) + (AC)n          Simple_repeat          1     94    (0)  795  
   40    0.0  2.2  2.2  Sniffles2.INS.30BS0       5    49    (2) + (AAAG)n        Simple_repeat          1     45    (0)  796  
  517    9.0  2.6  0.0  Sniffles2.INS.30FS18      1    78   (88) C MSTA           LTR/ERVL-MaLR      (321)    107     28  797  
  578    8.4  1.2  0.0  Sniffles2.INS.30FS18     79   161    (5) C MSTA           LTR/ERVL-MaLR      (317)    111     28  797  
  495   14.0 10.1  1.6  Sniffles2.INS.30S24       2   143    (1) + AluSx          SINE/Alu              85    301    (1)  798  
  291   16.7  0.0  0.0  Sniffles2.INS.30S2B      13    54    (3) + AluYe5         SINE/Alu             225    266   (44)  799  
 1060   14.8  0.0  0.0  Sniffles2.INS.30S2F       2   340    (0) + ALR/Alpha      Satellite/centr        1    339    (0)  800  
  980   15.8  0.0  0.0  Sniffles2.INS.30S30       4   340    (2) + ALR/Alpha      Satellite/centr        1    337    (0)  801  
20629    3.2  0.5  0.1  Sniffles2.INS.30S3A       1  3253  (834) + L1PA4          LINE/L1             2890   6152    (3)  802  
 6018    5.9  1.1  0.2  Sniffles2.INS.30S3A    3227  4087    (0) + L1P1           LINE/L1             2727   3591 (3257)  803 *
  806   16.7  1.2  1.8  Sniffles2.INS.30S65       9   173    (0) C ALR/Alpha      Satellite/centr      (0)    172      9  804  
  524   18.9  3.7  6.5  Sniffles2.INS.30SBD       2   767   (18) + HSATII         Satellite              1    744    (7)  805  
   62    0.0  0.0  0.0  Sniffles2.INS.312S37      1    53    (1) + (AT)n          Simple_repeat          1     53    (0)  806  
 1322    8.4  0.5  0.6  Sniffles2.INS.314S37      1   203    (0) + L1ME4b         LINE/L1             5218   5420  (725)  807  
   35    0.0  3.6  7.5  Sniffles2.INS.319S11      1    55    (6) + (TA)n          Simple_repeat          1     53    (0)  808  
   78    9.4  0.0  7.5  Sniffles2.INS.31AS0       1   157    (1) + (TATTATA)n     Simple_repeat          1    146    (0)  809  
   62    0.0  0.0  0.0  Sniffles2.INS.31AS11      1    67    (0) + (A)n           Simple_repeat          1     67    (0)  810  
   23   11.4  2.6  0.0  Sniffles2.INS.31ASF       5    42    (3) + (CT)n          Simple_repeat          1     39    (0)  811  
  334   11.9  4.5  0.0  Sniffles2.INS.31ES0       1    67    (9) C Tigger4b       DNA/TcMar-Tigger   (143)    218    149  812  
   73    2.3  1.0  4.3  Sniffles2.INS.31ES18      3    98    (0) + (CATATATATA)n  Simple_repeat          1     93    (0)  813  
  440   10.9  0.0  0.0  Sniffles2.INS.31FSF       5    59    (1) C AluY           SINE/Alu            (47)    264    210  814  
  226   20.0  0.0  0.0  Sniffles2.INS.31S2B      15    54   (61) + Alu            SINE/Alu             228    267   (34)  815 *
  246   24.6  1.8  0.0  Sniffles2.INS.31S2B      33   112    (3) + AluJb          SINE/Alu             197    280   (22)  816  
 1047   12.3  3.2  0.3  Sniffles2.INS.31S2F       1   333    (1) + ALR/Alpha      Satellite/centr        1    342    (0)  817  
  815   17.2  0.0  0.0  Sniffles2.INS.31S30       2   171    (0) + ALR/Alpha      Satellite/centr        1    170    (0)  818  
   44   12.0  0.0  0.0  Sniffles2.INS.31S58       1    81    (4) + (GGAAT)n       Simple_repeat          1     81    (0)  819  
  756   10.2  0.0  6.5  Sniffles2.INS.31S6F       1   176    (3) C ALR/Alpha      Satellite/centr     (56)    164      1  820  
  912   12.3  1.8  0.5  Sniffles2.INS.31S8        3   638  (502) + BSR/Beta       Satellite              1    644    (0)  821  
 2884    1.6  0.0  0.0  Sniffles2.INS.31S8      639   948  (192) + AluYb8         SINE/Alu               1    310    (8)  822  
  848   13.9  0.0  1.2  Sniffles2.INS.31S8      949  1139    (1) + BSR/Beta       Satellite              1    188    (0)  823  
 1220    9.7  0.8  0.0  Sniffles2.INS.31SBA       1   339    (0) C ALR/Alpha      Satellite/centr     (51)    341      1  824  
  243   20.3  2.2  5.8  Sniffles2.INS.31SBD       1    89    (1) + HSATII         Satellite             48    133   (37)  825  
   45   30.2  0.0  0.0  Sniffles2.INS.320S2       1   125    (1) + (ATAT)n        Simple_repeat          1    125    (0)  826  
   57   28.9  0.0  5.1  Sniffles2.INS.321S2       5   209    (1) + (ATAC)n        Simple_repeat          1    195    (0)  827  
 1150   11.7  1.7  2.9  Sniffles2.INS.326S22      1  1087 (2988) C HSATII         Satellite            (7)   3981   2844  828  
   29    3.3  5.8  5.8  Sniffles2.INS.326S22   1088  1156 (2919) + (AATGGAATCG)n  Simple_repeat          1     69    (0)  829  
 1150   11.7  1.7  2.9  Sniffles2.INS.326S22   1157  1605 (2470) C HSATII         Satellite         (1145)   2843   2374  828  
   34    0.0  0.0  0.0  Sniffles2.INS.326S22   1606  1637 (2438) + (GAATG)n       Satellite              1     32    (0)  830  
 1150   11.7  1.7  2.9  Sniffles2.INS.326S22   1638  3052 (1023) C HSATII         Satellite         (1615)   2373    893  828  
   28    4.0  0.0 10.5  Sniffles2.INS.326S22   3053  3115  (960) + (TGGAATCGAA)n  Simple_repeat          1     57    (0)  831  
 1150   11.7  1.7  2.9  Sniffles2.INS.326S22   3116  3516  (559) C HSATII         Satellite         (3096)    892    474  828  
   29    3.3  5.8  5.8  Sniffles2.INS.326S22   3517  3585  (490) + (AATGGAATCG)n  Simple_repeat          1     69    (0)  832  
 1150   11.7  1.7  2.9  Sniffles2.INS.326S22   3586  4031   (44) C HSATII         Satellite            (7)    473      1  828  
   29    0.0  0.0  0.0  Sniffles2.INS.326S22   4035  4062   (13) + (GAATG)n       Satellite              1     28    (0)  833  
   32    8.1  1.7  5.4  Sniffles2.INS.327S0       1    58    (1) + (TA)n          Simple_repeat          1     56    (0)  834  
   38    6.9  1.5  4.5  Sniffles2.INS.327S24      1    68    (0) + (TCTT)n        Simple_repeat          1     66    (0)  835  
  353   13.8  2.7  8.6  Sniffles2.INS.32BS0      71   181    (1) C L1MA7          LINE/L1              (1)   6290   6186  836  
   22   24.1  4.1  1.3  Sniffles2.INS.32BS5       3    75    (3) + (CCAT)n        Simple_repeat          1     75    (0)  837  
  322    0.0  0.0  0.0  Sniffles2.INS.32CS24      1    57    (0) + TAR1           Satellite/subtelo   1050   1106 (1004)  838  
   23   20.3  0.0  0.0  Sniffles2.INS.32ES11      9    53    (0) + (T)n           Simple_repeat          1     45    (0)  839  
 2232    5.4  0.0  0.8  Sniffles2.INS.32FS24      6   545    (5) + TAR1           Satellite/subtelo   1026   1561  (549)  840  
  255    0.0  0.0  0.0  Sniffles2.INS.32FS24    504   550    (0) + SUBTEL_sat     Satellite              1     47  (127)  841 *
   33    0.0  0.0  0.0  Sniffles2.INS.32S23       5    32   (27) + (TA)n          Simple_repeat          1     28    (0)  842  
  326   24.6  0.0  0.0  Sniffles2.INS.32S2B       5    69    (0) + AluYk2         SINE/Alu             224    288   (23)  843  
  892   16.1  0.0  0.0  Sniffles2.INS.32S30       4   340    (2) + ALR/Alpha      Satellite/centr        1    337    (0)  844  
 1195   12.5  0.1  0.0  Sniffles2.INS.32S6F       1   337    (4) C ALR/Alpha      Satellite/centr     (21)    337      1  845  
 1060   15.4  0.5  0.5  Sniffles2.INS.32SB0       1   492   (21) + ALR/Alpha      Satellite/centr        1    492    (0)  846  
 1100   13.9  2.2  0.8  Sniffles2.INS.32SBA       2  2682    (2) C ALR/Alpha      Satellite/centr     (67)   2718      1  847  
 1072   12.7  0.0  0.0  Sniffles2.INS.330S23      1   166    (5) + ALR/Alpha      Satellite/centr        6    171    (0)  848  
   38   23.9  0.0  0.0  Sniffles2.INS.334SC0      7    99   (10) + (AATGG)n       Simple_repeat          1     93    (0)  849  
   19   30.9  0.0  0.0  Sniffles2.INS.335SC0      9    72    (3) + (AATGG)n       Simple_repeat          1     64    (0)  850  
   16    4.5  0.0  0.0  Sniffles2.INS.337S0       5    27  (112) + (TTTA)n        Simple_repeat          1     23    (0)  851  
  279   10.8  0.0  0.0  Sniffles2.INS.337S11      1    37  (173) C Alu            SINE/Alu           (264)     37      1  852  
  388   18.5  4.9  0.0  Sniffles2.INS.337S11     38   118   (92) C L1MB1          LINE/L1            (259)   5909   5825  853  
  788    3.4  0.0  0.0  Sniffles2.INS.337S11    123   210    (0) C AluY           SINE/Alu            (18)    293    206  854  
   55    0.0  0.0  1.9  Sniffles2.INS.338S37      4    57    (0) + (TTTC)n        Simple_repeat          1     53    (0)  855  
  665   17.6  5.5  1.5  Sniffles2.INS.33AS11      1   127    (1) + AluSx          SINE/Alu              23    154  (148)  856  
  481   18.9  5.0 10.6  Sniffles2.INS.33BSC0     13  1441    (0) C HSATII         Satellite            (4)   1349      1  857  
  325   19.2  3.7 10.5  Sniffles2.INS.33FSC0      2   199  (331) C HSATII         Satellite            (4)    184      1  858  
   45   24.6  0.0  0.0  Sniffles2.INS.33FSC0    210   319  (211) + (GAATG)n       Satellite              1    110    (0)  859  
  322   16.8  8.4 13.4  Sniffles2.INS.33FSC0    328   526    (4) C HSATII         Satellite            (5)    189      1  860  
  519   11.2  0.0  0.7  Sniffles2.INS.33S14       1    96    (0) C CER            Satellite           (39)     95      1  861  
  262   23.7  3.4  0.0  Sniffles2.INS.33S2B       3    61    (2) + AluJb          SINE/Alu             229    289   (13)  862  
  797   17.6  0.0  0.0  Sniffles2.INS.33S30       2   171    (0) + ALR/Alpha      Satellite/centr        1    170    (0)  863  
 1201   15.0  0.8  0.0  Sniffles2.INS.33S65       1   341    (0) C ALR/Alpha      Satellite/centr     (41)    343      1  864  
 1052   14.7  1.2  1.1  Sniffles2.INS.33S6F       6   681    (1) C ALR/Alpha      Satellite/centr      (0)    676      1  865  
   18   21.4  0.0  0.0  Sniffles2.INS.33SBD       1    43   (56) + (TTCCA)n       Simple_repeat          1     43    (0)  866  
   26   11.2  0.0  0.0  Sniffles2.INS.33SBD      47    94    (5) + (TCCAT)n       Simple_repeat          1     48    (0)  867  
   31   12.0  0.0  0.0  Sniffles2.INS.341S35      1    47    (5) + (TA)n          Simple_repeat          1     47    (0)  868  
   39    0.0  0.0  0.0  Sniffles2.INS.343S2       1    36   (84) + (T)n           Simple_repeat          1     36    (0)  869  
  228   15.6  4.4  0.0  Sniffles2.INS.346S37     16    60    (9) C MSTB1          LTR/ERVL-MaLR      (302)    130     84  870  
   18    8.7  0.0  0.0  Sniffles2.INS.348S0      11    35   (71) + (CA)n          Simple_repeat          1     25    (0)  871  
   52    6.4  0.0  0.0  Sniffles2.INS.349SC0      1    65    (0) + (AATGG)n       Simple_repeat          1     65    (0)  872  
 2789    0.7  0.0  0.7  Sniffles2.INS.34AS2      14   313    (0) + AluYk11        SINE/Alu               1    298   (13)  873  
   40    0.0  0.0  2.5  Sniffles2.INS.34AS4       1    41    (4) + (TCT)n         Simple_repeat          1     40    (0)  874  
  477   18.8  3.9 10.7  Sniffles2.INS.34ASC0      2  1461    (1) C HSATII         Satellite            (4)   1360      1  875  
  430   18.0  7.3  8.7  Sniffles2.INS.34BSC0     26   939    (7) C HSATII         Satellite            (5)    901      1  876  
 1114   13.9  0.6  0.0  Sniffles2.INS.34CS33      1   679    (1) + ALR/Alpha      Satellite/centr        1    682    (0)  877  
  325   19.2  3.7 10.5  Sniffles2.INS.34DSC0      2   199  (331) C HSATII         Satellite            (4)    184      1  878  
   45   24.6  0.0  0.0  Sniffles2.INS.34DSC0    210   319  (211) + (GAATG)n       Satellite              1    110    (0)  879  
  322   16.8  8.4 13.4  Sniffles2.INS.34DSC0    328   526    (4) C HSATII         Satellite            (5)    189      1  880  
 2050   12.3  1.0  1.3  Sniffles2.INS.34S25       2   313   (48) + AluSx          SINE/Alu               2    312    (0)  881  
  321   15.9  0.0  0.0  Sniffles2.INS.34S2B      18    61    (1) + AluJb          SINE/Alu             225    268   (44)  882  
 1075   13.0  1.7  0.0  Sniffles2.INS.34S30       1   335    (3) + ALR/Alpha      Satellite/centr        1    340    (0)  883  
 1068   15.0  1.1  1.0  Sniffles2.INS.34S6F       6  1363    (1) C ALR/Alpha      Satellite/centr      (0)   1359      1  884  
 1012   15.3  0.0  0.0  Sniffles2.INS.34SB0       1   341    (1) + ALR/Alpha      Satellite/centr        1    341    (0)  885  
   27   22.0  0.0  0.0  Sniffles2.INS.34SBD       1    63    (2) + (ATTCC)n       Simple_repeat          1     63    (0)  886  
   57    0.0  0.0  0.0  Sniffles2.INS.350S2       1    51    (0) + (GAAG)n        Simple_repeat          1     51    (0)  887  
  325   19.2  3.7 10.5  Sniffles2.INS.351SC0      2   199  (331) C HSATII         Satellite            (4)    184      1  888  
   45   24.6  0.0  0.0  Sniffles2.INS.351SC0    210   319  (211) + (GAATG)n       Satellite              1    110    (0)  889  
  322   16.8  8.4 13.4  Sniffles2.INS.351SC0    328   526    (4) C HSATII         Satellite            (5)    189      1  890  
  473   19.0  5.9  8.4  Sniffles2.INS.352SC0      5   886    (1) C HSATII         Satellite            (7)    859      1  891  
  477   19.1  5.3  9.9  Sniffles2.INS.353SC0      5  1356   (87) C HSATII         Satellite           (30)   1290      1  892  
   27    9.8  0.0  0.0  Sniffles2.INS.353SC0   1361  1404   (39) + (AATGG)n       Simple_repeat          1     44    (0)  893  
  698   11.5  1.0  0.0  Sniffles2.INS.354S11     54   149    (0) + AluJb          SINE/Alu              35    131  (181)  894  
   49    5.4  0.0  0.0  Sniffles2.INS.354SC0      4    61    (0) + (ATGGA)n       Simple_repeat          1     58    (0)  895  
   34    2.5  2.5  0.0  Sniffles2.INS.355S11      2    41   (16) + (TATATAT)n     Simple_repeat          1     41    (0)  896  
  325   19.2  3.7 10.5  Sniffles2.INS.355SC0      2   199  (331) C HSATII         Satellite            (4)    184      1  897  
   45   24.6  0.0  0.0  Sniffles2.INS.355SC0    210   319  (211) + (GAATG)n       Satellite              1    110    (0)  898  
  322   16.8  8.4 13.4  Sniffles2.INS.355SC0    328   526    (4) C HSATII         Satellite            (5)    189      1  899  
   46    1.8  6.9  0.0  Sniffles2.INS.356S0       4    61    (6) + (AT)n          Simple_repeat          1     62    (0)  900  
   36    6.3  3.9  0.0  Sniffles2.INS.356S2       9    59    (1) + (AT)n          Simple_repeat          1     53    (0)  901  
  487   19.2  4.5  9.0  Sniffles2.INS.356SC0     14  1996    (3) C HSATII         Satellite           (35)   1894      1  902  
   72    0.0  0.0  0.0  Sniffles2.INS.35AS11      1    64    (0) + (AGGA)n        Simple_repeat          1     64    (0)  903  
   24   24.3  0.0  0.0  Sniffles2.INS.35AS37      1    54    (1) + (TA)n          Simple_repeat          1     54    (0)  904  
  480   16.7  3.8 12.7  Sniffles2.INS.35BSC0      1   725    (9) C HSATII         Satellite           (12)    660      1  905  
  325   19.2  3.7 10.5  Sniffles2.INS.35DSC0      2   199  (331) C HSATII         Satellite            (4)    184      1  906  
   45   24.6  0.0  0.0  Sniffles2.INS.35DSC0    210   319  (211) + (GAATG)n       Satellite              1    110    (0)  907  
  322   16.8  8.4 13.4  Sniffles2.INS.35DSC0    328   526    (4) C HSATII         Satellite            (5)    189      1  908  
  553    7.6 13.1  0.7  Sniffles2.INS.35ES13      8   164    (5) + SVA_F          Retroposon/SVA       563    852  (523)  909  
  444   18.1  4.6 12.2  Sniffles2.INS.35ESC0      1  1398   (17) C HSATII         Satellite           (10)   1290      1  910  
  226   21.8  1.8  0.0  Sniffles2.INS.35FS35     12    66    (9) C MER99          DNA/hAT            (607)    224    169  911  
  983   13.4  3.5  0.4  Sniffles2.INS.35S2F       1   331    (1) + ALR/Alpha      Satellite/centr        1    341    (0)  912  
 1120   16.1  1.4  0.2  Sniffles2.INS.35S30       3   679    (0) + ALR/Alpha      Satellite/centr        1    684    (0)  913  
   45    6.7  3.5  4.7  Sniffles2.INS.35S38       1    87    (1) + (GAGGAAG)n     Simple_repeat          1     86    (0)  914  
   73    0.0  0.0  0.0  Sniffles2.INS.360S11     10    74    (0) + (G)n           Simple_repeat          1     65    (0)  915  
  607   14.3  4.3  3.4  Sniffles2.INS.360S2       7   122    (2) C L1M2           LINE/L1           (1183)   4960   4844  916  
  402   20.2  5.5  7.0  Sniffles2.INS.360SC0     20   971    (0) C HSATII         Satellite            (4)    936      1  917  
  460   16.7  5.5 11.2  Sniffles2.INS.361SC0     63  1326    (6) C HSATII         Satellite           (15)   1191      1  918  
   17   31.6  0.0  0.0  Sniffles2.INS.362S0      15    71    (9) + (ATATAT)n      Simple_repeat          1     57    (0)  919  
  333   17.5  8.7  7.4  Sniffles2.INS.362SC0      1   142   (15) C HSATII         Satellite           (39)    143      1  920  
  670    6.8  4.2  0.8  Sniffles2.INS.363S0       1   118    (4) C L1P1           LINE/L1           (3020)   3126   3005  921  
  474    8.3  0.0  3.1  Sniffles2.INS.363S13      1   100    (0) + SVA_F          Retroposon/SVA       664    760  (615)  922  
   98   10.7  4.5  2.9  Sniffles2.INS.365S0       1   202    (0) + (ATAATAT)n     Simple_repeat          1    205    (0)  923  
  477   16.6  3.1 15.2  Sniffles2.INS.366SC0      3   343    (9) C HSATII         Satellite            (4)    299      1  924  
   22    6.4 12.0  0.0  Sniffles2.INS.36BS11      3    52    (1) + (CCCT)n        Simple_repeat          1     56    (0)  925  
  288    2.9  0.0  0.0  Sniffles2.INS.36BS13     14    48  (149) + Alu            SINE/Alu               2     36   (97)  926  
  383   18.1  5.4  9.0  Sniffles2.INS.36CSC0      5   390  (752) C HSATII         Satellite            (5)    372      1  927  
  444   17.3  5.3  8.3  Sniffles2.INS.36CSC0    404  1121   (21) C HSATII         Satellite            (9)    696      1  927  
  332   18.3  4.0 14.2  Sniffles2.INS.36DSC0      1   379   (16) C HSATII         Satellite           (14)    340      1  928  
  454   17.2  5.5  9.9  Sniffles2.INS.36ESC0      1  1133    (7) C HSATII         Satellite           (41)   1083      1  929  
  480   19.1  5.2  9.9  Sniffles2.INS.36FSC0      2  1434    (7) C HSATII         Satellite            (7)   1365      1  930  
 1111   13.7  0.6  0.0  Sniffles2.INS.36S2F       1  1021    (1) + ALR/Alpha      Satellite/centr        1   1027    (0)  931  
 1022   15.9  0.0  0.3  Sniffles2.INS.36S30       1   341    (1) + ALR/Alpha      Satellite/centr        1    340    (0)  932  
 1349    0.0  0.0  0.0  Sniffles2.INS.36S6F      14   177    (0) + AluY           SINE/Alu             161    311    (0)  933  
  871   12.7  0.8  0.0  Sniffles2.INS.36SB0       1   168    (1) + ALR/Alpha      Satellite/centr        1    169    (0)  934  
  420   17.6  7.1 10.4  Sniffles2.INS.36SBD       5   441   (50) + HSATII         Satellite              1    422    (7)  935  
   13   26.0  0.0  0.0  Sniffles2.INS.36SBD     450   490    (1) + (TCCAT)n       Simple_repeat          1     41    (0)  936  
   17   34.8  0.0  0.0  Sniffles2.INS.370S4       7    60    (2) + (TA)n          Simple_repeat          1     54    (0)  937  
   42    6.0  0.0  0.0  Sniffles2.INS.370SC0      1    52    (3) + (ATGGA)n       Simple_repeat          1     52    (0)  938  
   30   25.5  0.0  0.0  Sniffles2.INS.371S11      1    65    (7) + (AC)n          Simple_repeat          1     65    (0)  939  
   51    1.8  1.8  0.0  Sniffles2.INS.371S35      3    57    (0) + (ATATATAAT)n   Simple_repeat          1     56    (0)  940  
   18   21.4  0.0  0.0  Sniffles2.INS.372SC0      6    48    (2) + (AATGG)n       Simple_repeat          1     43    (0)  941  
   30   33.5  0.0  0.0  Sniffles2.INS.373S11      3    88    (0) + (AT)n          Simple_repeat          1     86    (0)  942  
   30   14.7  3.6  4.9  Sniffles2.INS.374S13      7    89   (22) + A-rich         Low_complexity         1     82    (0)  943  
   21   11.7  6.0  3.9  Sniffles2.INS.375S2       9    58    (1) + (TA)n          Simple_repeat          1     51    (0)  944  
   73    2.6  7.4  6.2  Sniffles2.INS.375SF       1   175    (2) + (AT)n          Simple_repeat          1    177    (0)  945  
  480   18.4  2.5 12.4  Sniffles2.INS.376SC0      1   843    (9) C HSATII         Satellite           (10)    759      1  946  
  353   20.4  4.7  8.6  Sniffles2.INS.377SC0      3   287   (72) C HSATII         Satellite            (4)    273      1  947  
   24   25.5  0.0  0.0  Sniffles2.INS.377SC0    295   359    (0) + (GAATG)n       Satellite              1     65    (0)  948  
   41   11.2  3.6  3.6  Sniffles2.INS.378S35      3    85    (1) + (AT)n          Simple_repeat          1     83    (0)  949  
  341   18.4  4.7 10.7  Sniffles2.INS.378SC0      2   244  (286) C HSATII         Satellite           (53)    228      1  950  
   28   24.4  0.0  0.0  Sniffles2.INS.378SC0    247   318  (212) + (TGGAA)n       Simple_repeat          1     72    (0)  951  
  290   18.3  1.5 26.1  Sniffles2.INS.378SC0    327   526    (4) C HSATII         Satellite            (5)    165      5  952  
  316   20.3  0.0  0.0  Sniffles2.INS.379S0       1    64    (0) C L1M1           LINE/L1            (600)   5704   5641  953  
   49    5.7  0.0  0.0  Sniffles2.INS.379S2       1    55    (0) + (AT)n          Simple_repeat          1     55    (0)  954  
  423   18.3  3.5 10.3  Sniffles2.INS.379SC0     27  1122   (15) C HSATII         Satellite            (4)   1021      1  955  
  443   15.2  7.0  7.8  Sniffles2.INS.37CSC0      9   240    (0) C HSATII         Satellite            (7)    230      1  956  
 1131   13.8  1.0  0.1  Sniffles2.INS.37DS33      1   679    (0) + ALR/Alpha      Satellite/centr        1    685    (0)  957  
  477   16.6  3.1 15.2  Sniffles2.INS.37DSC0      3   343    (9) C HSATII         Satellite            (4)    299      1  958  
 1328   12.6  0.6  0.3  Sniffles2.INS.37ES1       3  1358    (1) + ALR/Alpha      Satellite/centr        1   1359    (3)  959  
  325   19.2  3.7 10.5  Sniffles2.INS.37ESC0      2   199  (331) C HSATII         Satellite            (4)    184      1  960  
   45   24.6  0.0  0.0  Sniffles2.INS.37ESC0    210   319  (211) + (GAATG)n       Satellite              1    110    (0)  961  
  322   16.8  8.4 13.4  Sniffles2.INS.37ESC0    328   526    (4) C HSATII         Satellite            (5)    189      1  962  
  418   17.6  0.0  0.0  Sniffles2.INS.37S15       1    74    (0) + HSATII         Satellite             45    118   (52)  963  
  759   16.5  0.0  0.0  Sniffles2.INS.37S2F       5   171    (0) + ALR/Alpha      Satellite/centr        1    167    (0)  964  
 1196   14.0  0.5  0.0  Sniffles2.INS.37S30       5   679    (1) + ALR/Alpha      Satellite/centr        1    678    (0)  965  
  990   10.6  0.0  0.5  Sniffles2.INS.37S8        1   343    (0) + BSR/Beta       Satellite              1    341    (0)  966  
   28   14.5  0.0  1.9  Sniffles2.INS.37SBD       1    55    (1) + (TCCAT)n       Simple_repeat          1     54    (0)  967  
   57    0.0  0.0  0.0  Sniffles2.INS.381S0       1    51    (0) + (AGGA)n        Simple_repeat          1     51    (0)  968  
   91    0.0  3.3  0.0  Sniffles2.INS.381S35      5    95    (0) + (AGGGG)n       Simple_repeat          1     94    (0)  969  
  472   11.4  2.0  5.7  Sniffles2.INS.382S11      1   131    (8) + AluSx          SINE/Alu              77    197  (105)  970  
  474   19.5  3.7  8.5  Sniffles2.INS.382SC0      1   724    (9) C HSATII         Satellite           (12)    689      1  971  
  325   19.2  3.7 10.5  Sniffles2.INS.386SC0      2   199  (331) C HSATII         Satellite            (4)    184      1  972  
   45   24.6  0.0  0.0  Sniffles2.INS.386SC0    210   319  (211) + (GAATG)n       Satellite              1    110    (0)  973  
  322   16.8  8.4 13.4  Sniffles2.INS.386SC0    328   526    (4) C HSATII         Satellite            (5)    189      1  974  
 2943    0.6  0.0  0.0  Sniffles2.INS.389S13      1   313    (4) C AluYb8         SINE/Alu             (5)    313      1  975  
  345   21.7  0.0  3.0  Sniffles2.INS.38AS2       1    69    (9) + AluSx3         SINE/Alu             121    187  (124)  976  
  459   19.1  4.8  9.6  Sniffles2.INS.38ASC0     11  1537    (9) C HSATII         Satellite            (5)   1453      1  977  
  652    8.9  0.0  1.1  Sniffles2.INS.38CS2       3    93   (10) C L1M1           LINE/L1           (6289)   1276   1187  978  
  247   18.8  1.0 23.6  Sniffles2.INS.38ESC0     23   224  (560) C HSATII         Satellite            (4)    166      2  979  
  367   18.0  6.6 12.6  Sniffles2.INS.38ESC0    282   588  (196) C HSATII         Satellite           (15)    288      1  979  
   38   12.2  0.0  0.0  Sniffles2.INS.38ESC0    602   672  (112) + (AATGG)n       Simple_repeat          1     71    (0)  980  
   20   36.2  0.0  1.9  Sniffles2.INS.38ESC0    676   783    (1) + (GAATG)n       Simple_repeat          1    106    (0)  981  
 2050   12.3  1.0  1.3  Sniffles2.INS.38S25      41   352    (9) C AluSx          SINE/Alu             (0)    312      2  982  
  336   17.6  0.0  0.0  Sniffles2.INS.38S2B       1    51    (4) + Alu            SINE/Alu              90    140   (26)  983  
  870   15.8  0.0  0.8  Sniffles2.INS.38S2F       1   170    (1) + ALR/Alpha      Satellite/centr        1    168    (0)  984  
  852   15.1  0.0  0.0  Sniffles2.INS.38S30       1   171    (0) + ALR/Alpha      Satellite/centr        1    171    (0)  985  
   27   24.1  0.0  0.0  Sniffles2.INS.38SBD       6    73    (7) + (TCCAT)n       Simple_repeat          1     68    (0)  986  
   32   13.7  0.0  0.0  Sniffles2.INS.390S13      3    52    (0) + (TA)n          Simple_repeat          1     50    (0)  987  
   23    7.7  4.5  2.2  Sniffles2.INS.390S37      1    44    (2) + (TCTT)n        Simple_repeat          1     45    (0)  988  
   81   25.7  0.0  0.0  Sniffles2.INS.391SC0      7   208   (72) + (ATGGA)n       Simple_repeat          1    202    (0)  989  
   27    9.7  1.8  1.8  Sniffles2.INS.391SC0    219   275    (5) + (GGAAT)n       Simple_repeat          1     57    (0)  990  
   29    9.6  6.9  1.6  Sniffles2.INS.392S37      2    59    (5) + (TA)n          Simple_repeat          1     61    (0)  991  
   22   18.5  0.0  5.2  Sniffles2.INS.392SF       1    61    (1) + (TTTTC)n       Simple_repeat          1     58    (0)  992  
   19   22.3  4.0  7.1  Sniffles2.INS.393SC0      3   103    (7) + (GAATG)n       Simple_repeat          1     98    (0)  993  
   26   27.8  0.0  0.0  Sniffles2.INS.394S35     26    99    (3) + (TTT)n         Simple_repeat          1     74    (0)  994  
   19    5.3  7.3  2.3  Sniffles2.INS.394SC0      1    41  (320) + (GAATG)n       Simple_repeat          1     43    (0)  995  
   38   12.2  0.0  0.0  Sniffles2.INS.394SC0     54   124  (237) + (AATGG)n       Simple_repeat          1     71    (0)  996  
  378   17.4  3.2 17.6  Sniffles2.INS.394SC0    128   348   (13) C HSATII         Satellite           (33)    189      1  997  
  233   32.5  9.1  0.0  Sniffles2.INS.395S13     19   172   (28) + L2d            LINE/L2             3078   3245  (180)  998  
  162   12.5  2.2  0.4  Sniffles2.INS.397S11      2   276    (1) + (CCCT)n        Simple_repeat          1    280    (0)  999  
   30   19.3  1.5  1.5  Sniffles2.INS.398S0       1    67    (0) + (TA)n          Simple_repeat          1     67    (0) 1000  
   95   22.4  4.4  2.7  Sniffles2.INS.398S11     71   364    (0) + (CCTT)n        Simple_repeat          1    299    (0) 1001  
   18   21.0  0.0  0.0  Sniffles2.INS.399S2       1    35  (398) + (TA)n          Simple_repeat          1     35    (0) 1002  
  240   22.4  0.0  1.3  Sniffles2.INS.399S2      36   112  (321) C L1MD3          LINE/L1           (1327)   6668   6593 1003  
  461   18.5  4.3 10.1  Sniffles2.INS.399SC0     18  1810  (251) C HSATII         Satellite            (4)   1689      1 1004  
   13   29.6  0.0  0.0  Sniffles2.INS.399SC0   1814  1858  (203) + (ATGGA)n       Simple_repeat          1     45    (0) 1005  
  300   18.3 13.5  3.3  Sniffles2.INS.399SC0   1859  2049   (12) C HSATII         Satellite            (4)    210      1 1006  
   28   25.5  0.0  0.0  Sniffles2.INS.39ASF      10    69    (1) + G-rich         Low_complexity         1     60    (0) 1007  
   26   11.9  5.5  0.0  Sniffles2.INS.39DSF       3    57    (0) + GA-rich        Low_complexity         1     58    (0) 1008  
 2900    0.7  0.0  0.0  Sniffles2.INS.39S14       9   315    (0) + AluY           SINE/Alu               1    307    (4) 1009  
  464    9.7  0.0  4.2  Sniffles2.INS.39S15       1    75    (0) + HSATII         Satellite             17     88   (82) 1010  
  676   10.9 10.3  5.5  Sniffles2.INS.39S16       6   183    (1) C HSATII         Satellite            (7)    186      1 1011  
   35   23.4  0.0  0.0  Sniffles2.INS.39S25       1    73    (1) + (AT)n          Simple_repeat          1     73    (0) 1012  
 1128   13.8  0.7  0.0  Sniffles2.INS.39S2F       1   336    (2) + ALR/Alpha      Satellite/centr        1    338    (0) 1013  
 1024   14.3  0.0  0.0  Sniffles2.INS.39S30       4   340    (2) + ALR/Alpha      Satellite/centr        1    337    (0) 1014  
 1150   13.1  1.1  0.1  Sniffles2.INS.39SB0       5   678    (0) + ALR/Alpha      Satellite/centr        1    680    (0) 1015  
  421   17.0  2.3  7.4  Sniffles2.INS.39SBD      11   181   (14) + HSATII         Satellite              1    163    (7) 1016  
   54    7.5  0.0  4.5  Sniffles2.INS.3A0S37      1    92    (5) + (TATATTA)n     Simple_repeat          1     88    (0) 1017  
   28    4.0  7.1  3.5  Sniffles2.INS.3A1S2       1    56    (2) + (ATAAT)n       Simple_repeat          1     58    (0) 1018  
   28    4.5  8.7  0.0  Sniffles2.INS.3A1S37      1    46    (6) + (TA)n          Simple_repeat          1     50    (0) 1019  
   36    4.2  2.0  0.0  Sniffles2.INS.3A2S13      1    50    (0) + (AAGA)n        Simple_repeat          1     51    (0) 1020  
   54    1.8  0.0  3.5  Sniffles2.INS.3A2S35      1    60   (36) + (TC)n          Simple_repeat          1     58    (0) 1021  
  194    6.3  8.7  1.1  Sniffles2.INS.3A5S0       4   440    (1) + (AT)n          Simple_repeat          1    470    (0) 1022  
  480   13.3  3.8 12.1  Sniffles2.INS.3A7SC0      1   223    (3) + HSATII         Satellite              1    204    (4) 1023  
   43   13.7  8.2  0.0  Sniffles2.INS.3A8S13      1    97    (2) + (AT)n          Simple_repeat          1    105    (0) 1024  
   45    1.5  7.5  0.0  Sniffles2.INS.3ABS37      1    67    (1) + (AGAA)n        Simple_repeat          1     72    (0) 1025  
 1131   12.5  1.8  1.9  Sniffles2.INS.3ADS23     10  2728    (3) + (AATGG)n       Simple_repeat          1   2717    (0) 1026  
  508    9.7  6.4  1.0  Sniffles2.INS.3ADS37      1    94    (4) C L1PA8          LINE/L1            (215)   5957   5859 1027  
  416   11.5  0.0  0.0  Sniffles2.INS.3AS15       1    61    (0) + HSATII         Satellite             32     92   (78) 1028  
  422   19.9  9.0  9.0  Sniffles2.INS.3AS16      13   167  (333) C HSATII         Satellite            (8)    162      8 1029  
  340   17.2  1.7  0.0  Sniffles2.INS.3AS16     177   234  (266) + AluJr4         SINE/Alu             234    292   (20) 1030  
   17   17.8  0.0  6.4  Sniffles2.INS.3AS16     236   285  (215) + (GGAAT)n       Simple_repeat          1     47    (0) 1031  
  709   12.8 12.5  2.8  Sniffles2.INS.3AS16     290   499    (1) C HSATII         Satellite            (7)    230      1 1032  
 1061   14.3  1.0  0.0  Sniffles2.INS.3AS30       1   675    (2) + ALR/Alpha      Satellite/centr        1    681    (0) 1033  
  884   14.4  0.0  0.7  Sniffles2.INS.3AS8        1   329    (0) + BSR/Beta       Satellite              1    326    (0) 1034  
  880   14.4  0.0  0.0  Sniffles2.INS.3ASB0       5   168    (0) + ALR/Alpha      Satellite/centr        1    164    (0) 1035  
   27   17.0  0.0  0.0  Sniffles2.INS.3B0S13      1    53    (1) + GA-rich        Low_complexity         1     53    (0) 1036  
 1165   14.4  0.7  0.2  Sniffles2.INS.3B0S33      6  1187    (1) + ALR/Alpha      Satellite/centr        1   1187    (0) 1037  
 2822    0.3  0.0  0.3  Sniffles2.INS.3B1S0      12   311    (0) + AluYa5         SINE/Alu               1    299   (12) 1038  
   24   20.6  6.0  0.0  Sniffles2.INS.3B3S2       2    68    (1) + (TA)n          Simple_repeat          1     71    (0) 1039  
   41   13.9  2.8  0.0  Sniffles2.INS.3B3S37      1    72    (0) + (TA)n          Simple_repeat          1     74    (0) 1040  
   29   14.6  0.0  0.0  Sniffles2.INS.3B4S13      1    53   (11) + (AGAGAC)n      Simple_repeat          1     53    (0) 1041  
   31   10.5  0.0  5.6  Sniffles2.INS.3B4S4       3    59    (0) + (AT)n          Simple_repeat          1     54    (0) 1042  
  251   19.4  2.3  0.0  Sniffles2.INS.3B5S13      5   179   (29) + HERVIP10FH-int LTR/ERV1             820    998 (4104) 1043  
   22    7.2  0.0  0.0  Sniffles2.INS.3B5S13    180   208    (0) + (GA)n          Simple_repeat          1     29    (0) 1044  
   18   19.2  5.6  0.0  Sniffles2.INS.3B6S11      4    58    (0) + (TCACCA)n      Simple_repeat          1     58    (0) 1045  
   29   14.6  0.0  0.0  Sniffles2.INS.3B6S13      1    53   (11) + (AGAGAC)n      Simple_repeat          1     53    (0) 1046  
   37   10.0  6.2  5.2  Sniffles2.INS.3BDS37      3    98    (2) + (TCCC)n        Simple_repeat          1     97    (0) 1047  
  894    9.3  0.0  0.5  Sniffles2.INS.3BESC0      1   137    (0) C BSR/Beta       Satellite           (13)    136      1 1048  
  670   10.4  0.0  0.0  Sniffles2.INS.3BFS35      1    96    (0) C THE1B          LTR/ERVL-MaLR      (104)    260    165 1049  
   29   14.6  0.0  0.0  Sniffles2.INS.3BS16       1    53   (16) + (GGAGT)n       Simple_repeat          1     53    (0) 1050  
  706   11.6  0.0  0.0  Sniffles2.INS.3BS25       4   144    (0) C CER            Satellite            (0)    141      1 1051  
  288   22.9  0.0  0.0  Sniffles2.INS.3BS2B       1    48    (2) + Alu            SINE/Alu             228    275   (26) 1052  
 1113   15.3  0.5  0.0  Sniffles2.INS.3BSB0       4   510    (0) + ALR/Alpha      Satellite/centr        1    509    (0) 1053  
   23    4.8 11.6  0.0  Sniffles2.INS.3C1S0       2    52    (9) + (AT)n          Simple_repeat          1     56    (0) 1054  
   15   12.6  0.0  0.0  Sniffles2.INS.3C4S35      3    29   (37) + (CTTT)n        Simple_repeat          1     27    (0) 1055  
  326    4.6  0.0 24.8  Sniffles2.INS.3C5SF       1    98    (0) + SVA_F          Retroposon/SVA       680    774  (601) 1056  
  192   10.7  0.0  0.0  Sniffles2.INS.3C6S2      27    54    (0) C MIRc           SINE/MIR            (75)    193    166 1057  
  125    7.1  2.6  4.9  Sniffles2.INS.3C6S23      3   230    (7) + (AGGGG)n       Simple_repeat          1    223    (0) 1058  
   19   26.6  1.9  0.0  Sniffles2.INS.3C8S37      3    56   (12) + (TA)n          Simple_repeat          1     55    (0) 1059  
  871   13.4  1.2  1.6  Sniffles2.INS.3C9S33      1   170    (1) + ALR/Alpha      Satellite/centr        1    169    (0) 1060  
   44    7.5  0.0  0.0  Sniffles2.INS.3C9SC0      1    56    (0) + (TA)n          Simple_repeat          1     56    (0) 1061  
   25   17.6  7.7  0.0  Sniffles2.INS.3CAS37      2    66    (1) + (AT)n          Simple_repeat          1     70    (0) 1062  
   49   16.8  0.0  0.0  Sniffles2.INS.3CBSC0      4    87  (142) + (AT)n          Simple_repeat          1     84    (0) 1063  
  987   12.0  0.0  0.0  Sniffles2.INS.3CBSC0     97   229    (0) C AluSc          SINE/Alu           (120)    189     57 1064  
  712   10.5  2.6  0.8  Sniffles2.INS.3CCS35      1   115    (0) C L1MC           LINE/L1           (2100)   4046   3930 1065  
  169    0.0  1.3  0.0  Sniffles2.INS.3CCSC0      8   157    (0) + (AT)n          Simple_repeat          1    152    (0) 1066  
   17   17.0  4.2  2.0  Sniffles2.INS.3CDSF       3    50    (1) + (ATAAT)n       Simple_repeat          1     49    (0) 1067  
   50    3.8  0.0  0.0  Sniffles2.INS.3CES4       1    55    (0) + (GGAGAGGAGG)n  Simple_repeat          1     55    (0) 1068  
  143    9.6  9.2  2.0  Sniffles2.INS.3CFS2       1   325    (0) + (AT)n          Simple_repeat          1    348    (0) 1069  
  418   16.5 12.5  2.0  Sniffles2.INS.3CFS23      5   140    (0) C AluSx          SINE/Alu            (22)    280    131 1070  
 1991    6.9  1.9  8.4  Sniffles2.INS.3CFS35      1   847  (210) + SVA_F          Retroposon/SVA       422    872  (515) 1071  
 1917    5.8  1.9 11.4  Sniffles2.INS.3CFS35    513  1057    (0) + SVA_E          Retroposon/SVA       429    864  (518) 1071 *
  268   14.6  4.2  0.0  Sniffles2.INS.3CS16       1    48    (1) + AluYk2         SINE/Alu             240    289   (22) 1072  
 1054    7.6  0.6  0.0  Sniffles2.INS.3CS25       1   290    (1) + ACRO1          Satellite/acro         1    291    (0) 1073  
  353   15.4  0.0  0.0  Sniffles2.INS.3CS2B       3    54    (5) + Alu            SINE/Alu              89    140   (26) 1074  
 1085   12.3  1.3  0.0  Sniffles2.INS.3CS2F       3   337    (1) + ALR/Alpha      Satellite/centr        1    339    (0) 1075  
 1127   13.4  1.7  0.3  Sniffles2.INS.3CS30       1   335    (0) + ALR/Alpha      Satellite/centr        1    339   (11) 1076  
   31   27.2  0.0  0.0  Sniffles2.INS.3CSBD       3    90  (121) + (TCCAT)n       Simple_repeat          1     88    (0) 1077  
   56   10.0  0.0  2.0  Sniffles2.INS.3CSBD      96   195   (16) + (ATTCC)n       Simple_repeat          1     98    (0) 1078  
  520    6.1  6.1  1.2  Sniffles2.INS.3D4S0       3    84    (0) + AluSz          SINE/Alu              44    129  (183) 1079  
   95    0.0  1.2  0.0  Sniffles2.INS.3D4S23      1    84    (0) + (AT)n          Simple_repeat          1     85    (0) 1080  
   28   27.1  1.4  0.0  Sniffles2.INS.3D5S11      2    74    (1) + (GT)n          Simple_repeat          1     74    (0) 1081  
   28    8.1  0.0  0.0  Sniffles2.INS.3D9SF     125   164  (774) + (TTCA)n        Simple_repeat          1     40    (0) 1082  
  408    6.7  0.0  7.8  Sniffles2.INS.3DAS13      1    97    (0) + SVA_F          Retroposon/SVA       655    744  (631) 1083  
  382   18.4 12.5  0.9  Sniffles2.INS.3DAS37      1   104    (1) + L1P3           LINE/L1              583    698 (5763) 1084  
   92    3.3 10.2  0.0  Sniffles2.INS.3DFS13      1   157    (1) + (AT)n          Simple_repeat          1    173    (0) 1085  
 1101   13.4  2.5  0.0  Sniffles2.INS.3DS2F       1   501    (7) + ALR/Alpha      Satellite/centr        1    513    (0) 1086  
  871   16.6  0.0  0.0  Sniffles2.INS.3DS30       1   331   (10) + ALR/Alpha      Satellite/centr        1    331    (0) 1087  
  354   15.2  0.0  3.0  Sniffles2.INS.3DS8        1    68    (2) + BSR/Beta       Satellite             54    119   (17) 1088  
  868   13.1  1.6  0.0  Sniffles2.INS.3DSB0       5   164    (0) + ALR/Alpha      Satellite/centr        1    162    (2) 1089  
   34    4.4  2.0  2.0  Sniffles2.INS.3DSBD       1    49    (1) + (TTCCA)n       Simple_repeat          1     49    (0) 1090  
 2965    2.9  0.0  0.0  Sniffles2.INS.3E5S35     14   412    (0) C L1P1           LINE/L1            (558)   5597   5199 1091  
  367    6.1  2.0  0.0  Sniffles2.INS.3EAS13     27    75    (4) + Alu            SINE/Alu               6     55   (78) 1092  
 1110    3.7  0.0  0.6  Sniffles2.INS.3EBS2      14   153    (0) C AluY           SINE/Alu           (169)    132      2 1093  
  461   12.5  2.8  2.8  Sniffles2.INS.3EFSF       1    72    (0) C AluSz6         SINE/Alu            (99)    213    142 1094  
  376   13.2  0.0  0.0  Sniffles2.INS.3ES16       1    53  (290) + Alu            SINE/Alu             228    280   (22) 1095  
  352   15.0  0.7  0.0  Sniffles2.INS.3ES16      71   134  (209) + AluY           SINE/Alu             223    289   (13) 1096  
   19   22.2  0.0  0.0  Sniffles2.INS.3ES16     142   188  (155) + (GGAGT)n       Simple_repeat          1     47    (0) 1097  
  329   19.7  3.3  0.0  Sniffles2.INS.3ES16     191   251   (92) + AluYk3         SINE/Alu             227    289   (22) 1098  
   37   21.8  2.2  0.0  Sniffles2.INS.3ES16     253   343    (0) + (GAATG)n       Simple_repeat          1     93    (0) 1099  
  320   16.7  0.0  0.0  Sniffles2.INS.3ES2B       1    48    (7) + Alu            SINE/Alu              90    137   (29) 1100  
 1088   14.3  0.5  0.0  Sniffles2.INS.3ESB0       1   679    (1) + ALR/Alpha      Satellite/centr        1    682    (1) 1101  
   19    4.5  0.0  0.0  Sniffles2.INS.3F1S37    157   179  (279) + (T)n           Simple_repeat          1     23    (0) 1102  
   16    5.3  0.0  0.0  Sniffles2.INS.3F1S37    226   245  (213) + (T)n           Simple_repeat          1     20    (0) 1102  
   16    5.3  0.0  0.0  Sniffles2.INS.3F1S37    305   324  (134) + (T)n           Simple_repeat          1     20    (0) 1102  
   22    7.3  0.0  0.0  Sniffles2.INS.3F2S35     21    49    (7) + (T)n           Simple_repeat          1     29    (0) 1103  
  417   12.1 15.7  0.0  Sniffles2.INS.3F2SF       5    87    (4) C L1PA14         LINE/L1             (95)   6066   5971 1104  
   17    5.0  0.0  0.0  Sniffles2.INS.3F4S37    139   159  (284) + (T)n           Simple_repeat          1     21    (0) 1105  
   17    5.0  0.0  0.0  Sniffles2.INS.3F4S37    344   364   (79) + (T)n           Simple_repeat          1     21    (0) 1106  
   33    0.0  0.0  0.0  Sniffles2.INS.3F6S2       1    28  (144) + (GT)n          Simple_repeat          1     28    (0) 1107  
  248   17.0 12.8  0.0  Sniffles2.INS.3F6S2      38    84   (88) C MLT1B          LTR/ERVL-MaLR      (195)    195    143 1108  
   25    9.2  0.0  0.0  Sniffles2.INS.3F6S2      85   119   (53) + (TG)n          Simple_repeat          1     35    (0) 1109  
  246   17.0 12.8  0.0  Sniffles2.INS.3F6S2     125   171    (1) C MLT1B          LTR/ERVL-MaLR      (195)    195    143 1110  
   71   15.7  5.3  1.7  Sniffles2.INS.3F6S23      1   169    (1) + (CCTT)n        Simple_repeat          1    175    (0) 1111  
  238   15.9 13.6  0.0  Sniffles2.INS.3F7S2      20    63  (186) C MLT1B          LTR/ERVL-MaLR      (195)    195    146 1112  
   42    0.0  0.0  0.0  Sniffles2.INS.3F7S2      64    99  (150) + (GT)n          Simple_repeat          1     36    (0) 1113  
   30    0.0  0.0  0.0  Sniffles2.INS.3F7S2     153   178   (71) + (GT)n          Simple_repeat          1     26    (0) 1113  
  250   17.0 12.8  0.0  Sniffles2.INS.3F7S2     188   234   (15) C MLT1B          LTR/ERVL-MaLR      (195)    195    143 1112  
   26    0.0  4.0  8.3  Sniffles2.INS.3F8S13     79   128   (36) + (CTCC)n        Simple_repeat          1     48    (0) 1114  
   47    0.0  0.0  0.0  Sniffles2.INS.3F8SF       3    42   (14) + (CA)n          Simple_repeat          1     40    (0) 1115  
   64   12.2  5.8  1.4  Sniffles2.INS.3FAS4       1   138    (0) + (ATTATAT)n     Simple_repeat          1    144    (0) 1116  
   11   26.8  3.6  1.8  Sniffles2.INS.3FBS2      11    65    (1) + (GAATGCT)n     Simple_repeat          1     56    (0) 1117  
  715   13.8  3.8  3.2  Sniffles2.INS.3FBS31      2   158    (0) C ALR/Alpha      Satellite/centr     (11)    160      3 1118  
   26   24.1  0.0  1.6  Sniffles2.INS.3FES13      1    65    (0) + (TA)n          Simple_repeat          1     64    (0) 1119  
  833   10.7  0.0  0.0  Sniffles2.INS.3FS25       3   146    (0) C ACRO1          Satellite/acro      (24)    144      1 1120  
  273   21.3  0.0  0.0  Sniffles2.INS.3FS2B       3    49   (19) + FRAM           SINE/Alu              98    144   (32) 1121  
 1180   14.0  0.9  0.0  Sniffles2.INS.3FS2F       7  1188    (1) + ALR/Alpha      Satellite/centr        1   1192    (1) 1122  
  937   13.8  3.2  0.0  Sniffles2.INS.3FS30       1   166    (1) + ALR/Alpha      Satellite/centr        1    171    (0) 1123  
   50    0.0  3.9  0.0  Sniffles2.INS.3S0         1    52    (1) + (TTCT)n        Simple_repeat          1     54    (0) 1124  
  942    6.5  0.6  2.9  Sniffles2.INS.3S28        1   175    (0) C SVA_A          Retroposon/SVA     (594)    793    623 1125  
   44    5.9  0.0  0.0  Sniffles2.INS.3S2D        1    54    (1) + (AATGG)n       Simple_repeat          1     54    (0) 1126  
  940   15.4  1.0  0.0  Sniffles2.INS.3S2F        1   509    (0) + ALR/Alpha      Satellite/centr        1    513    (0) 1127  
  754   18.4  0.0  0.0  Sniffles2.INS.3S30        1   171    (0) + ALR/Alpha      Satellite/centr        1    171    (0) 1128  
 1272   13.0  2.2  3.3  Sniffles2.INS.3S36        1  1152    (0) C ALR/Alpha      Satellite/centr     (41)   1138      1 1129  
  729   16.1  0.0  0.0  Sniffles2.INS.3S5D        1   170    (0) + ALR/Alpha      Satellite/centr        1    170    (0) 1130  
  432    6.5  3.2  0.0  Sniffles2.INS.3S8         3    64    (1) + BSR/Beta       Satellite             18     81   (55) 1131  
   25   19.0  0.0  0.0  Sniffles2.INS.3SA7        2    49    (1) + (TC)n          Simple_repeat          1     48    (0) 1132  
 1054    7.7  0.9  0.0  Sniffles2.INS.3SA8        2   434    (1) C ACRO1          Satellite/acro       (0)    436      1 1133  
   61    5.2  2.6  6.3  Sniffles2.INS.401S13      1   115    (1) + (GGGAG)n       Simple_repeat          1    111    (0) 1134  
  547    6.3  0.0  0.0  Sniffles2.INS.401S23      1    63    (1) C AluSq          SINE/Alu           (106)    207    145 1135  
  335   10.7  3.6  0.0  Sniffles2.INS.402S31      3    58    (2) + L1MA6          LINE/L1             6238   6295    (5) 1136  
   25   12.3  2.2  0.0  Sniffles2.INS.403S23      1    46    (1) + (GAAA)n        Simple_repeat          1     47    (0) 1137  
   33    0.0 11.8  0.0  Sniffles2.INS.404S4       1    51    (0) + (TA)n          Simple_repeat          1     57    (0) 1138  
   80   24.0  5.1  0.8  Sniffles2.INS.40CS23      3   257    (7) + (CTCT)n        Simple_repeat          1    266    (0) 1139  
 1004    9.0  0.8  0.0  Sniffles2.INS.40S25       1   284    (6) C ACRO1          Satellite/acro       (6)    286      1 1140  
  217   27.4  0.0  0.0  Sniffles2.INS.40S2B      13    63    (7) + AluJb          SINE/Alu             226    276   (36) 1141  
 1101   13.1  0.5  0.1  Sniffles2.INS.40S30       6   338    (1) + ALR/Alpha      Satellite/centr        1    334    (0) 1142  
 1138   13.8  0.2  0.0  Sniffles2.INS.40SB0       1   510    (1) + ALR/Alpha      Satellite/centr        1    510    (0) 1143  
 1495    8.3  1.5  9.3  Sniffles2.INS.410S38      1   443    (4) C SVA_E          Retroposon/SVA     (517)    870    421 1144  
  547    7.8  0.0  0.0  Sniffles2.INS.411S13      2    65   (65) C AluJo          SINE/Alu           (248)     64      1 1145  
   29   10.1  5.5  1.8  Sniffles2.INS.413S23      1    55    (1) + (GT)n          Simple_repeat          1     57    (0) 1146  
  674   11.1 19.4  0.0  Sniffles2.INS.415S13      1   108    (1) C AluSx          SINE/Alu           (100)    202     74 1147  
   51    2.0  0.0  0.0  Sniffles2.INS.41BS2       1    51    (1) + (AGGG)n        Simple_repeat          1     51    (0) 1148  
  463   10.1  1.4  0.0  Sniffles2.INS.41CS13      1    69   (21) C L1PB           LINE/L1           (1943)   4203   4134 1149  
 1563    7.4  1.4 11.9  Sniffles2.INS.41DS31      1   671    (4) C SVA_E          Retroposon/SVA     (516)    867    422 1150  
  275   12.7 18.2  0.0  Sniffles2.INS.41ES13      1    55    (6) + MER6A          DNA/TcMar-Tigger     206    270  (335) 1151  
   17   18.4  8.2  0.0  Sniffles2.INS.41ES4       2    50   (10) + (TA)n          Simple_repeat          1     53    (0) 1152  
 1473    2.9 49.2  0.0  Sniffles2.INS.41S2B      10   210   (57) + AluY           SINE/Alu               2    301    (0) 1153  
 1171   12.3  0.7  0.0  Sniffles2.INS.41S2F       2   334    (3) + ALR/Alpha      Satellite/centr        1    335    (0) 1154  
  861   14.4  0.0  0.4  Sniffles2.INS.41SB0       5   169    (0) + ALR/Alpha      Satellite/centr        1    164    (0) 1155  
  267   26.5  0.3  1.1  Sniffles2.INS.422S37      2   711    (0) + (CAC)n         Simple_repeat          1    704    (0) 1156  
   23   12.8  0.0  4.3  Sniffles2.INS.425S35      9    56    (2) + (ATAC)n        Simple_repeat          1     46    (0) 1157  
   24   15.9  0.0  9.7  Sniffles2.INS.425S4       1    68   (11) + (AT)n          Simple_repeat          1     62    (0) 1158  
  980   18.8 25.4  3.2  Sniffles2.INS.425SF       1   228  (696) C AluJb          SINE/Alu            (22)    280      2 1159  
  284   28.2  0.0  1.3  Sniffles2.INS.425SF     165   243  (681) + SVA_A          Retroposon/SVA       135    212 (1175) 1160 *
  249   26.7  4.1  7.5  Sniffles2.INS.425SF     230   326  (598) C LTR33B         LTR/ERVL            (35)    468    375 1161 *
  484   27.5  0.7  0.0  Sniffles2.INS.425SF     529   666  (258) C LTR67B         LTR/ERVL           (474)    146      8 1162  
   65    0.0  7.4  1.0  Sniffles2.INS.427S35      1    95    (0) + (GAAA)n        Simple_repeat          1    101    (0) 1163  
  551   13.2  0.0  0.0  Sniffles2.INS.428S23      1    76  (147) C AluSz          SINE/Alu           (231)     81      6 1164  
  245   27.8  1.4  1.4  Sniffles2.INS.428S23     13    85  (138) + SVA_A          Retroposon/SVA       131    203 (1184) 1165 *
  275   25.0  0.0  0.0  Sniffles2.INS.42CS13      4    51    (2) C 7SLRNA         srpRNA             (269)     51      4 1166  
   53   12.1  1.9  3.8  Sniffles2.INS.42FS2       1   108    (2) + GA-rich        Low_complexity         1    106    (0) 1167  
  583   17.8  3.0 10.6  Sniffles2.INS.42S15       8   900   (24) C HSATII         Satellite            (4)    824      1 1168  
 1136   13.5  1.7  0.1  Sniffles2.INS.42S2F       1   676    (0) + ALR/Alpha      Satellite/centr        1    686    (0) 1169  
 1093   15.3  0.3  0.1  Sniffles2.INS.42SB0       1   491   (21) + ALR/Alpha      Satellite/centr        1    492    (0) 1170  
  291   23.1  1.5  0.0  Sniffles2.INS.42SBD       3    67    (1) + BSR/Beta       Satellite             23     88   (48) 1171  
   24   18.1  7.3  3.5  Sniffles2.INS.431S4      11    92    (3) + (AT)n          Simple_repeat          1     85    (0) 1172  
   73    5.1  4.4  5.2  Sniffles2.INS.437S11      1   137    (0) + (CCCTT)n       Simple_repeat          1    136    (0) 1173  
   18   21.5  5.8  2.8  Sniffles2.INS.438SF       1    69   (17) + (TCT)n         Simple_repeat          1     71    (0) 1174  
   40   10.1  4.2  5.3  Sniffles2.INS.439S38      1    95    (1) + (ATATT)n       Simple_repeat          1     94    (0) 1175  
   84   26.3  0.0  0.0  Sniffles2.INS.43DSF      21   224    (1) + (TGG)n         Simple_repeat          1    204    (0) 1176  
   81   26.9  0.0  0.5  Sniffles2.INS.43FSF       4   215    (1) + (TGG)n         Simple_repeat          1    211    (0) 1177  
   54   16.2  6.8  0.7  Sniffles2.INS.43S22       1   133   (93) + (TG)n          Simple_repeat          1    141    (0) 1178  
  373   16.1  0.0  0.0  Sniffles2.INS.43S2B       1    56    (8) + Alu            SINE/Alu              89    144   (22) 1179  
  869   14.4  0.0  0.0  Sniffles2.INS.43SB0       5   168    (0) + ALR/Alpha      Satellite/centr        1    164    (0) 1180  
 2058    0.9  0.0  0.5  Sniffles2.INS.43SBD       1   224    (5) + AluYa5         SINE/Alu              79    301   (10) 1181  
   23    8.9  8.3  0.0  Sniffles2.INS.440S35      1    48    (2) + (CTTC)n        Simple_repeat          1     52    (0) 1182  
  283   20.2  9.4  1.1  Sniffles2.INS.440S38     10    94  (147) + AluSx          SINE/Alu             134    225   (77) 1183  
  744   10.0  2.0  0.0  Sniffles2.INS.440S38    142   241    (0) + AluSq          SINE/Alu               1    102  (211) 1184  
   54    0.0  1.9  0.0  Sniffles2.INS.441S31      1    52    (0) + (AAAG)n        Simple_repeat          1     53    (0) 1185  
   12   28.3  1.4  5.9  Sniffles2.INS.441S37      4    74    (4) + GA-rich        Low_complexity         1     68    (0) 1186  
   39   16.9  0.0  0.0  Sniffles2.INS.442S35      1    68    (0) + (TA)n          Simple_repeat          1     68    (0) 1187  
   47    5.0  1.5  3.1  Sniffles2.INS.443S4       2    67   (14) + (AT)n          Simple_repeat          1     65    (0) 1188  
   32    7.5  5.4  0.0  Sniffles2.INS.443SF       1    56    (1) + (AT)n          Simple_repeat          1     59    (0) 1189  
   43    5.5  3.5  0.0  Sniffles2.INS.444SF       3    59    (3) + (AT)n          Simple_repeat          1     59    (0) 1190  
  333   14.0  0.0  0.0  Sniffles2.INS.445S11      1    50   (13) + MSTB           LTR/ERVL-MaLR         95    144  (282) 1191  
  751   27.0  2.9  3.3  Sniffles2.INS.445S2      35   275  (336) + MIR            SINE/MIR              13    252   (10) 1192  
  235   26.1  0.0  0.0  Sniffles2.INS.445S2     352   416  (195) + MIR            SINE/MIR             198    262    (0) 1193  
   21   11.7  0.0  2.6  Sniffles2.INS.445S2     453   491  (120) + (TAT)n         Simple_repeat          1     38    (0) 1194  
  592   18.2  3.0 10.3  Sniffles2.INS.445S33      5   139    (0) C AluJb          SINE/Alu           (118)    184     59 1195  
   15   10.7  6.7  8.5  Sniffles2.INS.445S38      1    60    (2) + (CACAT)n       Simple_repeat          1     59    (0) 1196  
  381   24.2  2.9 12.6  Sniffles2.INS.446S11      7   222    (5) C L1MC3          LINE/L1           (1204)   6678   6455 1197  
   30    4.5  4.3  0.0  Sniffles2.INS.447SF       1    47    (8) + (TATATAT)n     Simple_repeat          1     49    (0) 1198  
   23   14.1  0.0  6.0  Sniffles2.INS.449S37      1    53    (0) + (CCT)n         Simple_repeat          1     50    (0) 1199  
   62    2.7 11.6  0.0  Sniffles2.INS.449SF       1   112    (2) + (TA)n          Simple_repeat          1    125    (0) 1200  
   40    7.8  7.2  0.0  Sniffles2.INS.44BS4       2    70    (0) + GA-rich        Low_complexity         1     74    (0) 1201  
   73   14.2  6.5  0.0  Sniffles2.INS.44CS37      1   155    (3) + (TA)n          Simple_repeat          1    165    (0) 1202  
   52    4.8  4.3  4.3  Sniffles2.INS.44DS13      2    95    (1) + (CCCCT)n       Simple_repeat          1     94    (0) 1203  
   64    0.0  0.0  0.0  Sniffles2.INS.44FS2       3    59    (0) + (AAG)n         Simple_repeat          1     57    (0) 1204  
   38    8.3  0.0  0.0  Sniffles2.INS.44FS4       1    51    (3) + (AT)n          Simple_repeat          1     51    (0) 1205  
   39    5.6  1.7  1.7  Sniffles2.INS.44S22      17    74  (258) + (GTGTATATG)n   Simple_repeat          1     58    (0) 1206  
   76   14.6  8.9  0.5  Sniffles2.INS.44S22      76   266   (66) + (GT)n          Simple_repeat          1    207    (0) 1207  
  112    0.0  1.0  0.0  Sniffles2.INS.44S25       1    99   (10) + (TA)n          Simple_repeat          1    100    (0) 1208  
   16   23.9  0.0  0.0  Sniffles2.INS.44S2B      12    55    (0) + (GGAGT)n       Simple_repeat          1     44    (0) 1209  
 1027   17.0  0.0  0.3  Sniffles2.INS.44S2F       1   341    (1) + ALR/Alpha      Satellite/centr        1    340    (0) 1210  
  780   17.0  0.0  0.0  Sniffles2.INS.44SB0       1   170    (1) + ALR/Alpha      Satellite/centr        1    170    (0) 1211  
 1092   10.9  0.1  0.6  Sniffles2.INS.44SBD       1   881    (7) + BSR/Beta       Satellite              1    876    (0) 1212  
  103   20.8  0.0  1.4  Sniffles2.INS.459S13      1   215    (6) + (TC)n          Simple_repeat          1    212    (0) 1213  
   25   17.1  9.8  3.4  Sniffles2.INS.45AS33      1    12  (106) + (CAGT)n        Simple_repeat          1    119    (0) 1214  
   27   13.5  7.0  5.9  Sniffles2.INS.45AS33     13   112    (6) + (CAGTCAG)n     Simple_repeat          1    101    (0) 1215  
   37    0.0  8.2  0.0  Sniffles2.INS.45AS38      1    49    (1) + (ATATACATAT)n  Simple_repeat          1     53    (0) 1216  
   56    7.7  0.0  0.0  Sniffles2.INS.45BS38      2    71    (5) + (AT)n          Simple_repeat          1     70    (0) 1217  
   35    3.6  6.7  1.6  Sniffles2.INS.45CS38      1    60    (0) + (CCCCCT)n      Simple_repeat          1     63    (0) 1218  
   25   16.7  0.0  5.1  Sniffles2.INS.45DS35      3    64    (2) + (ATATAC)n      Simple_repeat          1     59    (0) 1219  
  100   22.1  0.4  3.7  Sniffles2.INS.45ES35      6   258  (667) + (TA)n          Simple_repeat          1    245    (0) 1220  
   13   27.3  0.0  0.0  Sniffles2.INS.45ES35    232   269  (656) + (TGTGTA)n      Simple_repeat          1     38    (0) 1221 *
   62   19.0  0.7  4.3  Sniffles2.INS.45ES35    766   922    (3) + (AT)n          Simple_repeat          1    151    (0) 1222  
 1090   13.5  0.8  0.4  Sniffles2.INS.45S2F       1   510    (0) + ALR/Alpha      Satellite/centr        1    512    (0) 1223  
  449   12.3  0.0  0.0  Sniffles2.INS.45S58       1    73    (0) + ALR/Alpha      Satellite/centr       58    130   (41) 1224  
 1243   11.0  0.2  0.2  Sniffles2.INS.45SB0       1   340    (2) + ALR/Alpha      Satellite/centr        1    340    (0) 1225  
  510   19.8  0.0  0.0  Sniffles2.INS.45SBD      16   134    (2) + BSR/Beta       Satellite              1    119    (0) 1226  
  538   15.6  0.0  0.0  Sniffles2.INS.461S38      5    81   (70) + AluJb          SINE/Alu             198    274   (38) 1227  
  196   31.2  0.0  0.0  Sniffles2.INS.462S2       2    65   (55) + L2b            LINE/L2             3099   3162  (213) 1228 *
  202   25.7  5.7  0.0  Sniffles2.INS.462S2      50   119    (1) + L2b            LINE/L2             3083   3156  (219) 1229  
   58    0.0  1.8  0.0  Sniffles2.INS.465SF       1    56    (2) + (AGAA)n        Simple_repeat          1     57    (0) 1230  
 1177    1.5  0.0  0.0  Sniffles2.INS.467S23      4   135   (67) C L1P1           LINE/L1           (1193)   4953   4822 1231  
  547    0.0  1.5  0.0  Sniffles2.INS.467S23    135   202    (0) + L1P1           LINE/L1             5376   5444  (711) 1232 *
  261   19.0  2.1  7.6  Sniffles2.INS.467SF     101   197  (280) C L1PA10         LINE/L1              (0)   6168   6077 1233  
   55    0.0  0.0  0.0  Sniffles2.INS.469S31      1    50    (0) + (AGAAC)n       Simple_repeat          1     50    (0) 1234  
  539   26.0 12.8  1.6  Sniffles2.INS.46S25      44   262  (758) C MER20B         DNA/hAT-Charlie    (422)    361    119 1235  
 2090   15.8  0.3  0.0  Sniffles2.INS.46S25     538   848  (172) C AluSz6         SINE/Alu             (0)    312      1 1236  
  312   26.5  0.0  0.0  Sniffles2.INS.46S25     953  1020    (0) C Tigger5b       DNA/TcMar-Tigger     (0)    472    405 1237  
 1085   13.8  0.9  1.7  Sniffles2.INS.46S2F       1  1183    (5) + ALR/Alpha      Satellite/centr        1   1173    (0) 1238  
  694   16.0  0.8  0.0  Sniffles2.INS.46SB0       2   152   (17) + ALR/Alpha      Satellite/centr        1    152    (0) 1239  
 1952    0.9  0.0  0.5  Sniffles2.INS.46SBD       1   213    (5) + AluYa5         SINE/Alu              90    301   (10) 1240  
   78   39.9  0.0  0.7  Sniffles2.INS.470S33      4   290    (1) + (AT)n          Simple_repeat          1    285    (0) 1241  
  196    0.6  0.0  0.0  Sniffles2.INS.471S4       1   173    (0) + (G)n           Simple_repeat          1    173    (0) 1242  
   18   22.2  0.0  6.4  Sniffles2.INS.472S31      1    50    (0) + (TA)n          Simple_repeat          1     47    (0) 1243  
   97    0.0  0.0  0.0  Sniffles2.INS.475S35      1    85    (0) + (G)n           Simple_repeat          1     85    (0) 1244  
   38    0.0  0.0  0.0  Sniffles2.INS.479S1       1    35   (18) + (CTTC)n        Simple_repeat          1     35    (0) 1245  
  352   17.2  0.0  1.8  Sniffles2.INS.47AS13      2    59    (1) C AluYh3         SINE/Alu           (254)     57      1 1246  
  657    0.0  0.5  0.0  Sniffles2.INS.47S17       1   566    (0) + (AT)n          Simple_repeat          1    569    (0) 1247  
  419   24.8  0.2  0.0  Sniffles2.INS.47S2B       1   955    (3) + (GAATG)n       Satellite              1    957    (0) 1248  
 1198   13.9  0.8  0.2  Sniffles2.INS.47S2F       1  1866    (0) + ALR/Alpha      Satellite/centr        1   1878    (0) 1249  
  529    9.8  8.6  2.7  Sniffles2.INS.47S3A       1   105  (243) C HERVK22-int    LTR/ERVK          (2167)   4670   4560 1250 *
 1261    6.0  6.2  3.3  Sniffles2.INS.47S3A      88   295   (53) + HERVK22-int    LTR/ERVK            4532   4745 (2092) 1251  
  589    7.6  0.0  0.0  Sniffles2.INS.47S3A     270   348    (0) C HERVK22-int    LTR/ERVK          (2087)   4750   4672 1252 *
  863   13.2  0.0  0.0  Sniffles2.INS.47S58       1   172    (0) + ALR/Alpha      Satellite/centr        1    172    (0) 1253  
  302   15.0  1.6  1.6  Sniffles2.INS.47S8        1    61    (0) C BSR/Beta       Satellite           (18)    118     58 1254  
  291   23.1  0.0  0.0  Sniffles2.INS.47SBD       3    67    (0) + BSR/Beta       Satellite             57    121   (15) 1255  
   35    0.0 10.0  0.0  Sniffles2.INS.480S31      1    50    (0) + (TTTC)n        Simple_repeat          1     55    (0) 1256  
   31   18.1  0.0  0.0  Sniffles2.INS.485S4      11    66    (1) + (T)n           Simple_repeat          1     56    (0) 1257  
 1925    9.3  0.3  4.6  Sniffles2.INS.488S1       2   305    (0) C AluY           SINE/Alu             (6)    295      2 1258  
   29    3.7 10.9  0.0  Sniffles2.INS.488S33      2    56    (0) + (TA)n          Simple_repeat          1     61    (0) 1259  
   41   27.1  3.2  3.2  Sniffles2.INS.489S3A      5   159    (5) + (TG)n          Simple_repeat          1    155    (0) 1260  
  379   12.6  3.6  2.3  Sniffles2.INS.48AS31      4    99  (102) C L1MD           LINE/L1            (869)   5277   5189 1261  
  272   19.8  5.9  5.9  Sniffles2.INS.48AS31     70   187   (14) C L1M5           LINE/L1            (736)   5443   5326 1262 *
  608    3.5 10.0  0.0  Sniffles2.INS.48AS35      3  1034    (7) + (AT)n          Simple_repeat          1   1135    (0) 1263  
 2890    0.3  0.3  0.3  Sniffles2.INS.48BS1      12   322    (3) + AluYa5         SINE/Alu               1    311    (0) 1264  
   42   11.9  4.0  0.0  Sniffles2.INS.48DS23      1    74    (2) + (TA)n          Simple_repeat          1     77    (0) 1265  
  188   18.9  0.0  0.0  Sniffles2.INS.48DS35      7   342    (0) + A-rich         Low_complexity         1    336    (0) 1266  
   67    0.0  0.0  0.0  Sniffles2.INS.48ES1       1    60   (27) + (CCTCT)n       Simple_repeat          1     60    (0) 1267  
   19    0.0  3.7  0.0  Sniffles2.INS.48ES1      61    87    (0) + (TCTCT)n       Simple_repeat          1     28    (0) 1268  
  268   10.3  0.0  0.0  Sniffles2.INS.48S25       1    58    (0) C TAR1           Satellite/subtelo  (774)   1336   1279 1269  
  995   13.8  1.7  0.0  Sniffles2.INS.48S2F       1   338    (0) + ALR/Alpha      Satellite/centr        1    343    (0) 1270  
 1106   11.5  0.0  0.0  Sniffles2.INS.48S58       1   170    (1) + ALR/Alpha      Satellite/centr        1    170    (0) 1271  
 1056   18.4  0.6  0.1  Sniffles2.INS.48SB0       5   343    (0) + ALR/Alpha      Satellite/centr        1    340    (0) 1272  
  715   15.7  0.8  0.0  Sniffles2.INS.48SBD      10   130    (3) + BSR/Beta       Satellite              2    123   (13) 1273  
   30    4.7  2.1  2.1  Sniffles2.INS.492S1       1    47    (0) + (AAGA)n        Simple_repeat          1     47    (0) 1274  
   29    5.0 10.6  2.8  Sniffles2.INS.493S33      1    66    (1) + (TATA)n        Simple_repeat          1     71    (0) 1275  
 2434   14.2  7.2  3.1  Sniffles2.INS.493S3A      1   471 (2143) C MLT2B3         LTR/ERVL            (61)    493      4 1276  
   11   16.9  2.9  2.9  Sniffles2.INS.493S3A    931   965 (1649) + (AATGAT)n      Simple_repeat          1     35    (0) 1277  
  497   21.4 19.5  0.0  Sniffles2.INS.493S3A    984  1137 (1477) C MIR            SINE/MIR            (43)    219     36 1278  
  304   26.7  6.0  2.1  Sniffles2.INS.493S3A   2045  2193  (421) C MIRb           SINE/MIR            (70)    198     39 1279  
  132   16.9  7.3  1.8  Sniffles2.INS.495S1       3   372   (11) + (AC)n          Simple_repeat          1    390    (0) 1280  
  127   12.1  4.8  1.2  Sniffles2.INS.495S33      2   250    (2) + (ATATT)n       Simple_repeat          1    258    (0) 1281  
   37    6.6  0.0  0.0  Sniffles2.INS.497S35    132   179   (13) + (A)n           Simple_repeat          1     48    (0) 1282  
   20   22.5  3.1  1.5  Sniffles2.INS.499S23      3    66    (0) + (CTAT)n        Simple_repeat          1     65    (0) 1283  
  600   12.9  0.0  4.0  Sniffles2.INS.49BS1       1   105    (0) + L1P5           LINE/L1             5431   5531  (620) 1284  
  367   15.4  0.0  0.0  Sniffles2.INS.49S2B       1    52    (3) + AluSz6         SINE/Alu             226    277   (35) 1285  
 1151   14.5  1.0  0.0  Sniffles2.INS.49S2F      11   336    (1) + ALR/Alpha      Satellite/centr        1    329    (0) 1286  
 1143   10.2  0.3  0.0  Sniffles2.INS.49S58       1   340    (0) + ALR/Alpha      Satellite/centr        1    341    (0) 1287  
  734   19.1  0.0  0.0  Sniffles2.INS.49S8        1   131    (5) C BSR/Beta       Satellite            (4)    132      2 1288  
 1167   15.0  0.6  0.0  Sniffles2.INS.49SB0       5  1020    (2) + ALR/Alpha      Satellite/centr        1   1021    (0) 1289  
  403   12.1  1.5  0.0  Sniffles2.INS.49SBD       4    69    (0) + BSR/Beta       Satellite             29     95   (41) 1290  
   18   11.3  4.4  6.8  Sniffles2.INS.4A0S38      1    45    (5) + (AT)n          Simple_repeat          1     44    (0) 1291  
   36   10.7  5.6  5.6  Sniffles2.INS.4A2S33      9    98    (0) + (TA)n          Simple_repeat          1     90    (0) 1292  
   22   16.5  0.0  9.3  Sniffles2.INS.4A2S38      2    60    (3) + (AT)n          Simple_repeat          1     54    (0) 1293  
   38   15.4  6.1  0.0  Sniffles2.INS.4A2S3A      1    82    (0) + (AT)n          Simple_repeat          1     87    (0) 1294  
   46   23.1  0.7  6.6  Sniffles2.INS.4A3S38      1   144    (5) + (AT)n          Simple_repeat          1    136    (0) 1295  
   38    0.0  6.5  0.0  Sniffles2.INS.4A4S23      2    47   (10) + (ATGG)n        Simple_repeat          1     49    (0) 1296  
   32    0.0  5.1  2.5  Sniffles2.INS.4ADS23     33    71   (12) + (GT)n          Simple_repeat          1     40    (0) 1297  
 1054    8.6  0.6  0.0  Sniffles2.INS.4AS25       8   290    (0) C ACRO1          Satellite/acro       (0)    284      1 1298  
 1129   14.4  1.7  0.0  Sniffles2.INS.4AS2F       1   330    (8) + ALR/Alpha      Satellite/centr        1    335    (0) 1299  
 1200    9.4  0.6  0.5  Sniffles2.INS.4AS58       1   679    (3) + ALR/Alpha      Satellite/centr        1    679    (0) 1300  
   57   17.0  0.0  0.0  Sniffles2.INS.4AS6        4   100    (0) + (AT)n          Simple_repeat          1     97    (0) 1301  
 1074   13.1  1.5  0.0  Sniffles2.INS.4ASB0       8   337    (0) + ALR/Alpha      Satellite/centr        1    334    (0) 1302  
  457   16.0  0.0 23.6  Sniffles2.INS.4ASBD       4   134    (2) + BSR/Beta       Satellite             27    132    (4) 1303  
  269    5.1  7.7  0.0  Sniffles2.INS.4B0S38      8    46   (16) + AluSg          SINE/Alu             143    184  (126) 1304  
   15   29.9  0.0  0.0  Sniffles2.INS.4B7S1      12    61    (3) + (TATG)n        Simple_repeat          1     50    (0) 1305  
   54    4.5  4.0  4.0  Sniffles2.INS.4B7S23      1    99    (5) + (TCCA)n        Simple_repeat          1     99    (0) 1306  
  283    7.3  0.0  0.0  Sniffles2.INS.4B9S3A      2    56    (1) + TAR1           Satellite/subtelo   1207   1261  (849) 1307  
  951    6.4  0.0  2.9  Sniffles2.INS.4BAS35      1   176    (0) C SVA_A          Retroposon/SVA     (594)    793    623 1308  
   42    6.4  4.5  0.0  Sniffles2.INS.4BAS4       3    69    (0) + (AAGA)n        Simple_repeat          1     70    (0) 1309  
  831    6.2  0.0  4.3  Sniffles2.INS.4BCS35      1   168    (6) C SVA_F          Retroposon/SVA     (636)    739    579 1310  
  523    6.1  0.0  0.0  Sniffles2.INS.4BS25       1    66    (0) C MER9a1         LTR/ERVK           (214)    299    234 1311  
 1135   13.1  1.0  0.0  Sniffles2.INS.4BS2F       1   329    (1) + ALR/Alpha      Satellite/centr        1    332    (0) 1312  
 1225    7.8  0.0  5.7  Sniffles2.INS.4BS58       2   369    (1) + ALR/Alpha      Satellite/centr        1    346    (1) 1313  
 1087   15.5  0.0  0.0  Sniffles2.INS.4BSB0       1   342    (0) + ALR/Alpha      Satellite/centr        1    342    (0) 1314  
  785   15.0  1.1  1.0  Sniffles2.INS.4BSBD      10   335    (5) + BSR/Beta       Satellite              1    326    (0) 1315  
   22   15.5  5.1  1.6  Sniffles2.INS.4C2S1       1    59    (2) + (TATATAT)n     Simple_repeat          1     61    (0) 1316  
   17   24.7  2.4  0.0  Sniffles2.INS.4C2S31     15    55  (812) + (TA)n          Simple_repeat          1     42    (0) 1317  
  467   11.2  1.2  0.0  Sniffles2.INS.4C2S31     69   867    (0) + (AT)n          Simple_repeat          1    809    (0) 1318  
  338    7.8  2.0  0.0  Sniffles2.INS.4C2S3A      1    51    (1) C HSAT5          Satellite           (21)     65     14 1319  
   44    0.0  2.3  0.0  Sniffles2.INS.4C4S35      1    44    (6) + (TTTC)n        Simple_repeat          1     45    (0) 1320  
   25   12.1  4.4  0.0  Sniffles2.INS.4C6S1       1    45    (4) + (TA)n          Simple_repeat          1     47    (0) 1321  
   67    0.0  0.0  0.0  Sniffles2.INS.4C7S35      1    73    (0) + (A)n           Simple_repeat          1     73    (0) 1322  
  648   12.3  9.6  1.6  Sniffles2.INS.4C7S3A      1  1647    (0) + (ATGAA)n       Simple_repeat          1   1776    (0) 1323  
   32   12.2  2.9  4.5  Sniffles2.INS.4C9S1       1    68    (1) + (AT)n          Simple_repeat          1     67    (0) 1324  
   18   21.7  1.5  7.8  Sniffles2.INS.4CAS4       1    68    (0) + (AT)n          Simple_repeat          1     64    (0) 1325  
   22   22.4  3.5  0.0  Sniffles2.INS.4CCS35      6    62   (10) + (TA)n          Simple_repeat          1     59    (0) 1326  
   19   20.0  2.8  5.8  Sniffles2.INS.4CCS35     63    72    (0) + (ATATTAC)n     Simple_repeat          5     69    (0) 1327  
   30    9.4  3.1  6.5  Sniffles2.INS.4CCS4       1    64    (7) + (AT)n          Simple_repeat          1     62    (0) 1328  
  120   24.6  0.0  8.1  Sniffles2.INS.4CDS1      15   457   (16) + (TA)n          Simple_repeat          1    410    (0) 1329  
  984   18.6  0.0  0.3  Sniffles2.INS.4CS2F       1   341    (1) + ALR/Alpha      Satellite/centr        1    340    (0) 1330  
  495   18.6 17.8  0.0  Sniffles2.INS.4CS31       2   119  (584) C MIR            SINE/MIR            (87)    175     37 1331  
   19   28.1  3.4  2.2  Sniffles2.INS.4CS4        6    94    (2) + (ACACCG)n      Simple_repeat          1     90    (0) 1332  
  816   11.9  4.5  0.0  Sniffles2.INS.4CS58       1   159    (1) + ALR/Alpha      Satellite/centr        1    166    (1) 1333  
  362   15.6  1.6  0.0  Sniffles2.INS.4CS8        3    66    (0) C BSR/Beta       Satellite            (4)    132     68 1334  
  849   15.0  0.8  3.3  Sniffles2.INS.4CSBD       1   681    (1) + BSR/Beta       Satellite              1    663    (4) 1335  
   20   14.0  0.0  7.1  Sniffles2.INS.4D3S1       1    45    (5) + (AT)n          Simple_repeat          1     42    (0) 1336  
   15   35.6  0.0  0.0  Sniffles2.INS.4D4S31     23    79   (36) + GA-rich        Low_complexity         1     57    (0) 1337  
   42    0.0  0.0  2.4  Sniffles2.INS.4D4S39      1    43    (3) + (AAGA)n        Simple_repeat          1     42    (0) 1338  
   76    0.0  1.3  1.3  Sniffles2.INS.4D8S1       1    75    (5) + (AGAA)n        Simple_repeat          1     75    (0) 1339  
   33    0.0  9.6  0.0  Sniffles2.INS.4D8S33      1    52    (1) + (TTTCT)n       Simple_repeat          1     57    (0) 1340  
   16   21.9  4.1  0.0  Sniffles2.INS.4D8S4      10    58    (0) + G-rich         Low_complexity         1     51    (0) 1341  
  622    9.6  1.2  0.0  Sniffles2.INS.4DAS33      1    83  (268) C L1P3           LINE/L1           (6367)     94     11 1342  
   23   11.5  6.2  6.2  Sniffles2.INS.4DDS31      1    64    (0) + (AT)n          Simple_repeat          1     64    (0) 1343  
  295   23.6  0.0  0.0  Sniffles2.INS.4DS2B       1    55    (9) + Alu            SINE/Alu             225    279   (22) 1344  
  991   14.2  1.7  0.0  Sniffles2.INS.4DS2F       1   339    (0) + ALR/Alpha      Satellite/centr        1    344    (0) 1345  
  975    7.6  0.0  0.8  Sniffles2.INS.4DS58       7   170    (0) + ALR/Alpha      Satellite/centr        1    162    (0) 1346  
 1067   15.5  0.3  0.1  Sniffles2.INS.4DSB0       1   494   (18) + ALR/Alpha      Satellite/centr        1    495    (0) 1347  
   30    6.8  4.3  0.0  Sniffles2.INS.4E2S33      1    46   (10) + (TA)n          Simple_repeat          1     48    (0) 1348  
  345    9.4  5.7  0.0  Sniffles2.INS.4E8S39      1    53   (18) C AluSz6         SINE/Alu            (23)    289    234 1349  
   25   13.6  5.6  5.6  Sniffles2.INS.4ECS33      1    72    (6) + (AT)n          Simple_repeat          1     72    (0) 1350  
 1852    5.0  0.0  0.0  Sniffles2.INS.4ES25       1   222    (0) + L1PA3          LINE/L1             5862   6083   (72) 1351  
  294   14.3  4.1  0.0  Sniffles2.INS.4ES2B       1    49    (2) + FRAM           SINE/Alu             104    154   (22) 1352  
 1105   15.8  1.0  0.0  Sniffles2.INS.4ES2F       1   337    (0) + ALR/Alpha      Satellite/centr        1    340    (0) 1353  
  495   18.6 17.8  0.0  Sniffles2.INS.4ES31      50   167  (539) C MIR            SINE/MIR            (87)    175     37 1354  
  708   13.6  7.9 10.7  Sniffles2.INS.4ES8        5   275    (2) C BSR/Beta       Satellite           (17)    263      1 1355  
  850   11.4  5.1  0.0  Sniffles2.INS.4ESB0       5   160    (2) + ALR/Alpha      Satellite/centr        1    163    (0) 1356  
   46   10.9  3.1  5.2  Sniffles2.INS.4F2S39      1    98    (3) + (TA)n          Simple_repeat          1     96    (0) 1357  
  551    5.3  0.0  0.0  Sniffles2.INS.4F3S39      1    75    (0) + SVA_F          Retroposon/SVA       748    822  (553) 1358  
   80    9.4 10.4  0.5  Sniffles2.INS.4F7S35      1   173    (0) + (TA)n          Simple_repeat          1    190    (0) 1359  
   60    0.0  0.0  0.0  Sniffles2.INS.4FCS31      1    51    (7) + (AT)n          Simple_repeat          1     51    (0) 1360  
  461   15.3  1.4  0.0  Sniffles2.INS.4FES3A      2    73    (1) + AluSp          SINE/Alu              79    151  (162) 1361  
  768   16.2  0.0  0.0  Sniffles2.INS.4S2F        2   168    (2) + ALR/Alpha      Satellite/centr        1    167    (0) 1362  
 1298   12.5  0.1  0.0  Sniffles2.INS.4S36        2  1023    (0) C ALR/Alpha      Satellite/centr     (40)   1023      1 1363  
  677   11.0  0.7 12.4  Sniffles2.INS.4S8         1   135    (3) + BSR/Beta       Satellite             16    136    (0) 1364  
  158   19.2  0.6  0.3  Sniffles2.INS.4SA7      233   584  (196) + (TCTC)n        Simple_repeat          1    353    (0) 1365  
  293   14.7  5.2  2.5  Sniffles2.INS.4SB9        1    77    (3) + HSATII         Satellite             49    127   (43) 1366  
   22   23.3  0.0  0.0  Sniffles2.INS.4SBD        1    55    (2) + (ATTCC)n       Simple_repeat          1     55    (0) 1367  
  282    1.9  0.0  3.8  Sniffles2.INS.502S1       5    59    (0) C SVA_F          Retroposon/SVA     (634)    741    689 1368  
   31    5.8  7.3  0.0  Sniffles2.INS.502S33      1    55    (1) + (CCTCC)n       Simple_repeat          1     59    (0) 1369  
  253   12.8  2.6  0.0  Sniffles2.INS.503S33     23    61    (9) C MER34          LTR/ERV1           (403)    139    100 1370  
   31   22.0  3.8  0.0  Sniffles2.INS.503S39      1    79    (0) + (TA)n          Simple_repeat          1     82    (0) 1371  
   52    9.3  4.3  5.2  Sniffles2.INS.505S35      1   116    (2) + (TTTC)n        Simple_repeat          1    115    (0) 1372  
 1525   23.5  2.0  0.0  Sniffles2.INS.507S31    319   620    (0) C MER52A         LTR/ERV1             (0)   1755   1448 1373  
   37    1.9  3.6  1.8  Sniffles2.INS.507S3A      1    55    (2) + (AAAG)n        Simple_repeat          1     56    (0) 1374  
   27   21.2  0.0  0.0  Sniffles2.INS.508S22      1    52    (0) + A-rich         Low_complexity         1     52    (0) 1375  
   36    9.5  0.0  0.0  Sniffles2.INS.508S23      2    92    (7) + (TGGG)n        Simple_repeat          1     91    (0) 1376  
   26   10.4  9.3  0.9  Sniffles2.INS.50AS33      1    62    (6) + GA-rich        Low_complexity         1     67    (0) 1377  
   43    2.2  0.0  2.1  Sniffles2.INS.50CS22      5    53    (0) + (GGAAA)n       Simple_repeat          1     48    (0) 1378  
   26   10.9  7.8  0.0  Sniffles2.INS.50CS33      5    55    (0) + (AT)n          Simple_repeat          1     55    (0) 1379  
   96   12.9  6.8  0.0  Sniffles2.INS.50DS33      2   193    (5) + (AT)n          Simple_repeat          1    205    (0) 1380  
  411   19.1  1.2  0.0  Sniffles2.INS.50S25      17   100    (1) C ALR/Alpha      Satellite/centr     (40)    131     47 1381  
   28   18.4  0.0  0.0  Sniffles2.INS.50S3A       1    50    (2) + (T)n           Simple_repeat          1     50    (0) 1382  
  331   15.1  0.0  0.0  Sniffles2.INS.50S4        1    53  (116) C MER3           DNA/hAT-Charlie     (13)    196    144 1383  
   41    2.2  0.0  6.0  Sniffles2.INS.510S39      1    53    (1) + (AT)n          Simple_repeat          1     50    (0) 1384  
   30   22.8  0.0  0.0  Sniffles2.INS.514S3A      1    60    (0) + (TA)n          Simple_repeat          1     60    (0) 1385  
   27    4.0  6.9  5.1  Sniffles2.INS.515S22      2    59    (0) + GA-rich        Low_complexity         1     59    (0) 1386  
   46   30.6  0.0  0.0  Sniffles2.INS.515S3A      4   121    (3) + (TA)n          Simple_repeat          1    118    (0) 1387  
 1195    7.6  0.0  0.0  Sniffles2.INS.516S39      1   144    (1) + AluSg          SINE/Alu               7    150  (160) 1388  
   24   51.6  0.4  0.8  Sniffles2.INS.51CS35     25   263   (17) + (AT)n          Simple_repeat          1    238    (0) 1389  
   39    6.4  0.0  0.0  Sniffles2.INS.51DS33      1    50    (0) + (GAATG)n       Simple_repeat          1     50    (0) 1390  
  434   17.9  1.2  0.0  Sniffles2.INS.51S25      16    99    (0) C ALR/Alpha      Satellite/centr     (40)    131     47 1391  
   23   13.6  0.0  2.3  Sniffles2.INS.51S4        1    44    (1) + (TCCT)n        Simple_repeat          1     43    (0) 1392  
 1099   10.6  0.6  0.0  Sniffles2.INS.51S58       1   161    (9) + ALR/Alpha      Satellite/centr       10    171    (0) 1393  
   36   14.1  3.1  0.0  Sniffles2.INS.51S6        1    65    (1) + (TA)n          Simple_repeat          1     67    (0) 1394  
  247    6.7  0.0  0.0  Sniffles2.INS.520S39     23    52    (0) C Alu            SINE/Alu            (20)    281    252 1395  
   43    3.9  0.0  3.6  Sniffles2.INS.522S35      1    57    (0) + (TTCT)n        Simple_repeat          1     55    (0) 1396  
 1163   11.6  2.3  4.4  Sniffles2.INS.525S0       1  1577 (4318) C HSATII         Satellite           (35)   5756   4191 1397  
   28    2.6  0.0  7.1  Sniffles2.INS.525S0    1578  1622 (4273) + (ATCGAATGGA)n  Simple_repeat          1     42    (0) 1398  
 1163   11.6  2.3  4.4  Sniffles2.INS.525S0    1623  5144  (751) C HSATII         Satellite         (1601)   4190    692 1397  
   28    2.6  0.0  7.1  Sniffles2.INS.525S0    5145  5189  (706) + (ATCGAATGGA)n  Simple_repeat          1     42    (0) 1399  
 1163   11.6  2.3  4.4  Sniffles2.INS.525S0    5190  5881   (14) C HSATII         Satellite           (35)    691      1 1397  
   30    3.9  1.5 10.0  Sniffles2.INS.529S33      1    65    (2) + (TA)n          Simple_repeat          1     60    (0) 1400  
  657   19.5  9.8  0.0  Sniffles2.INS.52BS33      1   174    (0) C L1MD           LINE/L1           (1570)   4576   4386 1401  
  358    3.9  7.1  0.0  Sniffles2.INS.52CS31      1   523    (3) + (TA)n          Simple_repeat          1    560    (0) 1402  
   27   12.3  4.4  4.4  Sniffles2.INS.52CS3A      1     9   (59) + (TAT)n         Simple_repeat          1     19   (49) 1403  
   12   16.5  0.0  8.1  Sniffles2.INS.52CS3A     10    49   (19) + A-rich         Low_complexity         1     37    (0) 1404  
   27   12.3  4.4  4.4  Sniffles2.INS.52CS3A     50    68    (0) + (TAT)n         Simple_repeat         20     68    (0) 1403  
   80   20.5  3.7  0.0  Sniffles2.INS.52FS38      3   192    (1) + (AT)n          Simple_repeat          1    197    (0) 1405  
  411   19.1  1.2  0.0  Sniffles2.INS.52S25      16    99    (0) C ALR/Alpha      Satellite/centr     (40)    131     47 1406  
  601   13.4  8.2  0.8  Sniffles2.INS.530S35      1   110    (6) + AluY           SINE/Alu               1    182  (120) 1407  
  130    1.5  3.6  0.0  Sniffles2.INS.533S33      4   140    (0) + (AT)n          Simple_repeat          1    142    (0) 1408  
  332   22.0  0.7 24.1  Sniffles2.INS.53BS39      1   138    (0) C SVA_C          Retroposon/SVA     (992)    392    281 1409  
  152    6.5  0.0  0.0  Sniffles2.INS.53DS35      1   195    (0) + (A)n           Simple_repeat          1    195    (0) 1410  
   49   30.3  0.7  0.7  Sniffles2.INS.53DS4       2   154   (13) + (TAACAC)n      Simple_repeat          1    153    (0) 1411  
   34    4.2  0.0  3.9  Sniffles2.INS.53S23       3    55    (5) + (ATAATAT)n     Simple_repeat          1     51    (0) 1412  
  422   14.3  0.0  0.0  Sniffles2.INS.53S25       1    70    (0) C ALR/Alpha      Satellite/centr     (56)    115     46 1413  
 1085   11.4  1.4  0.4  Sniffles2.INS.53SBD       9  1408 (2397) + BSR/Beta       Satellite              1   1414    (0) 1414  
   15   16.2  4.7  2.3  Sniffles2.INS.53SBD    1914  1956 (1849) + (CCA)n         Simple_repeat          1     44    (0) 1415  
  805    8.8  0.7  2.2  Sniffles2.INS.53SBD    2078  2217 (1588) C LSAU           Satellite          (359)    139      2 1416  
  991   11.7  0.9  1.1  Sniffles2.INS.53SBD    2732  3805    (0) + BSR/Beta       Satellite              1   1072    (0) 1417  
   32    6.7  5.2  9.8  Sniffles2.INS.542S38      1    96    (0) + (AATTATT)n     Simple_repeat          1     92    (0) 1418  
   13   15.1  6.0  6.0  Sniffles2.INS.543S31      4    53   (47) + (TTC)n         Simple_repeat          1     50    (0) 1419  
   30    3.1  0.0  0.0  Sniffles2.INS.545S38      1    33   (21) + (TTTATATA)n    Simple_repeat          1     33    (0) 1420  
   18   14.4  3.1  0.0  Sniffles2.INS.546S1       6    37   (35) + (CT)n          Simple_repeat          1     33    (0) 1421  
   67    6.5  4.1  0.0  Sniffles2.INS.546S23      1    98    (0) + (AT)n          Simple_repeat          1    102    (0) 1422  
   41    0.0  2.2  2.2  Sniffles2.INS.546S39     10    55    (0) + (TTCT)n        Simple_repeat          1     46    (0) 1423  
   25   12.0  0.0  2.2  Sniffles2.INS.548S31     10    56    (1) + (TCTCCC)n      Simple_repeat          1     46    (0) 1424  
  226    5.8  0.0  2.9  Sniffles2.INS.54AS31      1    71   (22) + SVA_E          Retroposon/SVA         2     70 (1312) 1425  
   48    0.0  2.1  0.0  Sniffles2.INS.54BS31      1    47   (11) + (AGA)n         Simple_repeat          1     48    (0) 1426  
   53    0.0  2.0  0.0  Sniffles2.INS.54CS33      1    51    (2) + (ATCT)n        Simple_repeat          1     52    (0) 1427  
  335   10.2  1.2 15.5  Sniffles2.INS.54DS22     14    94    (3) C L1PREC2        LINE/L1           (4056)   4099   4029 1428  
   34    1.9  7.3  1.7  Sniffles2.INS.54ES38     18    72    (0) + (TTCT)n        Simple_repeat          1     58    (0) 1429  
   32    3.9  5.5  1.8  Sniffles2.INS.54S23       1    55    (3) + (TATATAA)n     Simple_repeat          1     57    (0) 1430  
 1149   14.2  2.3  0.1  Sniffles2.INS.54S25       8  1350   (11) C ALR/Alpha      Satellite/centr      (0)   1371      1 1431  
  233   11.5 17.3  0.0  Sniffles2.INS.54S2B       1    52    (2) C HSATII         Satellite           (91)     79     19 1432  
 1286   10.3  0.3  0.0  Sniffles2.INS.54S58       1  1875    (0) + ALR/Alpha      Satellite/centr        1   1881    (0) 1433  
  349   16.4  0.0  1.5  Sniffles2.INS.54S8        1    68    (0) C BSR/Beta       Satellite           (18)    118     52 1434  
   29   27.6  0.0  2.6  Sniffles2.INS.550S33      1    79    (9) + (TA)n          Simple_repeat          1     77    (0) 1435  
   21    0.0  0.0  0.0  Sniffles2.INS.551S33     31    53    (0) + (A)n           Simple_repeat          1     23    (0) 1436  
  367    4.5 13.4  0.0  Sniffles2.INS.552S1       5    71  (112) C MER4A1         LTR/ERV1           (382)     90     15 1437  
   49    0.0  2.2  0.0  Sniffles2.INS.552S1      93   137   (46) + (TA)n          Simple_repeat          1     46    (0) 1438  
   21   17.4  2.1  2.1  Sniffles2.INS.555S33      6    52    (1) + (AT)n          Simple_repeat          1     47    (0) 1439  
  183    1.2  0.0  0.0  Sniffles2.INS.556S33      1   167    (0) + (G)n           Simple_repeat          1    167    (0) 1440  
  182    0.6  2.3  0.0  Sniffles2.INS.557S33     10   182    (0) + (AT)n          Simple_repeat          1    177    (0) 1441  
  951    0.3  1.4  0.0  Sniffles2.INS.558S39      1   860    (0) + (TA)n          Simple_repeat          1    872    (0) 1442  
   15   17.8  2.6  0.0  Sniffles2.INS.55CS1      38    75    (0) + (CATGATC)n     Simple_repeat          1     39    (0) 1443  
 1101   14.2  0.0  0.0  Sniffles2.INS.55S25       4   341    (1) C ALR/Alpha      Satellite/centr      (0)    338      1 1444  
  290   19.2  0.0  0.0  Sniffles2.INS.55S2B       5    56    (7) + Alu            SINE/Alu             228    279   (22) 1445  
   51    3.9  0.0  0.0  Sniffles2.INS.55S3A       3    55    (0) + (AT)n          Simple_repeat          1     53    (0) 1446  
 1316   10.5  0.3  0.0  Sniffles2.INS.55S58       7  3922    (2) + ALR/Alpha      Satellite/centr        1   3924    (1) 1447  
  750   14.0  0.0  0.5  Sniffles2.INS.55S8        1   133    (2) C BSR/Beta       Satellite           (12)    132      1 1448  
  963    9.2  0.0  0.9  Sniffles2.INS.55SBD       1   274    (0) + BSR/Beta       Satellite              1    271    (0) 1449  
   63   13.0  5.0  0.0  Sniffles2.INS.560S35      1   119    (2) + (TA)n          Simple_repeat          1    125    (0) 1450  
   84   11.4  7.1  0.6  Sniffles2.INS.561S38      1   168    (0) + (AT)n          Simple_repeat          1    179    (0) 1451  
  718    7.3  0.0  3.2  Sniffles2.INS.561S3A      1   127    (0) C SVA_A          Retroposon/SVA     (642)    745    623 1452  
  471   13.2 40.3  0.0  Sniffles2.INS.563S33      8   131    (9) C ERVL-B4-int    LTR/ERVL          (1082)   4632   4459 1453  
   18   21.1  3.3  5.1  Sniffles2.INS.564S39      1    60    (0) + (TA)n          Simple_repeat          1     59    (0) 1454  
  253   10.4  0.0  2.1  Sniffles2.INS.566S3A      1    49    (0) + SVA_F          Retroposon/SVA       698    745  (630) 1455  
   17   22.8  0.0  0.0  Sniffles2.INS.567S31      1    42   (10) + (ATAT)n        Simple_repeat          1     42    (0) 1456  
  999    3.1  2.8  3.8  Sniffles2.INS.567S3A      2   229    (6) + SVA_F          Retroposon/SVA       627    861  (521) 1457  
   35    3.8  5.3  1.7  Sniffles2.INS.568S33      3    59    (0) + (TTTC)n        Simple_repeat          1     59    (0) 1458  
   34    4.2  3.9  1.9  Sniffles2.INS.568S38      1    52    (0) + (AGAT)n        Simple_repeat          1     53    (0) 1459  
  382    5.8  3.9  1.9  Sniffles2.INS.569S39      2    53    (0) + AluSc          SINE/Alu             148    200  (109) 1460  
  540   15.1  1.2  0.0  Sniffles2.INS.56AS31      2    87    (0) C MER1A          DNA/hAT-Charlie    (380)    149     63 1461  
   33    1.9  9.3  0.0  Sniffles2.INS.56BS0       1    54    (0) + (AAGA)n        Simple_repeat          1     59    (0) 1462  
  357   24.0  0.0  0.0  Sniffles2.INS.56DS33      6    80  (116) + L1MC4a         LINE/L1             6692   6766 (1116) 1463  
  256   19.7  5.0  6.8  Sniffles2.INS.56DS33     75   194    (2) + L1MC5a         LINE/L1             6458   6575 (1455) 1464 *
  231    2.0  0.0  4.1  Sniffles2.INS.56FS1       1    51    (0) C SVA_F          Retroposon/SVA     (645)    730    682 1465  
   90   11.9  5.5  0.0  Sniffles2.INS.56FS39      1   165    (0) + (TA)n          Simple_repeat          1    174    (0) 1466  
 1075   13.7  0.5  0.2  Sniffles2.INS.56S25       1   502    (9) C ALR/Alpha      Satellite/centr     (50)    503      1 1467  
  332   17.3  0.0  0.0  Sniffles2.INS.56S2B       4    55   (12) + Alu            SINE/Alu              89    140   (26) 1468  
   13   16.2  5.6  5.6  Sniffles2.INS.56S3A       1    54    (1) + (ATAAT)n       Simple_repeat          1     54    (0) 1469  
  303   22.7  0.0  0.0  Sniffles2.INS.56S8        2    67    (1) C BSR/Beta       Satellite            (5)    131     66 1470  
  422    0.5  1.8  0.0  Sniffles2.INS.570S1      17   407    (0) + (TA)n          Simple_repeat          1    398    (0) 1471  
   15   19.0  2.1  4.3  Sniffles2.INS.574S1       1    48    (2) + G-rich         Low_complexity         1     47    (0) 1472  
   34    0.0  2.5  2.5  Sniffles2.INS.575S1       1    40   (10) + (TTCT)n        Simple_repeat          1     40    (0) 1473  
   17   18.4  5.7  3.7  Sniffles2.INS.578S39      2    54   (10) + (TG)n          Simple_repeat          1     54    (0) 1474  
   14   12.1  4.9  4.9  Sniffles2.INS.579S23     11    51    (5) + (CCCTC)n       Simple_repeat          1     41    (0) 1475  
   35    3.8  5.6  0.0  Sniffles2.INS.57AS0       1    55    (2) + (AAAAAC)n      Simple_repeat          1     58    (0) 1476  
   17   18.7  2.3  0.0  Sniffles2.INS.57ES31      5    47    (1) + (ATATAAG)n     Simple_repeat          1     44    (0) 1477  
  252   21.8  3.6  0.0  Sniffles2.INS.57S2B       1    55    (1) + Alu            SINE/Alu              94    150   (16) 1478  
  607   12.4  0.0  0.8  Sniffles2.INS.581S38      1   122  (171) C L1M3           LINE/L1           (2914)   3226   3106 1479  
  239   18.7  7.0  1.7  Sniffles2.INS.581S38    172   285    (8) C L1M5           LINE/L1            (808)   5338   5219 1480  
   43    4.3  0.0  0.0  Sniffles2.INS.587S33      3    51    (1) + (ATATATACAC)n  Simple_repeat          1     49    (0) 1481  
  724   16.4 10.9  0.6  Sniffles2.INS.588S1       4   150    (1) + AluJb          SINE/Alu              97    258   (44) 1482  
   14   19.2  7.3  1.7  Sniffles2.INS.589S0    1311  1365   (45) + (GCCAGA)n      Simple_repeat          1     58    (0) 1483  
   43    5.2  3.3  0.0  Sniffles2.INS.58AS22      1    60    (1) + (CATGAGA)n     Simple_repeat          1     62    (0) 1484  
   25   25.6  4.3  4.3  Sniffles2.INS.58BS31      1   115   (11) + (AT)n          Simple_repeat          1    115    (0) 1485  
  237   17.9  0.0  0.0  Sniffles2.INS.58BS3A     20    58    (2) C 5S             rRNA                (45)     76     38 1486  
   16   20.9  0.0  0.0  Sniffles2.INS.58DS22      7    39   (12) + (C)n           Simple_repeat          1     33    (0) 1487  
 1036   13.4  0.6  0.0  Sniffles2.INS.58S58       3   166    (5) C ALR/Alpha      Satellite/centr      (6)    165      1 1488  
  431   11.9  0.0  0.0  Sniffles2.INS.58SBD       4    62    (5) C BSR/Beta       Satellite           (17)    119     61 1489  
   26   31.2  0.0  0.0  Sniffles2.INS.590S33      1    69    (0) + (AT)n          Simple_repeat          1     69    (0) 1490  
   23   21.5  4.5  0.0  Sniffles2.INS.590S38      3    68    (1) + (CACCAT)n      Simple_repeat          1     69    (0) 1491  
  134   19.2  0.0  1.1  Sniffles2.INS.592S0       7   275    (1) + (GTG)n         Simple_repeat          1    266    (0) 1492  
   27    0.0  0.0  0.0  Sniffles2.INS.594S38     15    40   (22) + (AGAA)n        Simple_repeat          1     26    (0) 1493  
  775   13.2  1.9  1.9  Sniffles2.INS.598S0       1   155  (286) C MER21C         LTR/ERVL           (679)    259      9 1494  
  256   22.6 17.1  1.1  Sniffles2.INS.598S0     362   437    (4) C MLT1K          LTR/ERVL-MaLR      (343)    252    165 1495  
  384    9.1  7.2  2.1  Sniffles2.INS.599S0       2   777    (0) + (GT)n          Simple_repeat          1    815    (0) 1496  
  124    9.1  6.3  0.0  Sniffles2.INS.59AS31      1   221    (1) + (TATATAA)n     Simple_repeat          1    235    (0) 1497  
   37    8.5  0.0  0.0  Sniffles2.INS.59DS39      1    50    (0) + (G)n           Simple_repeat          1     50    (0) 1498  
  423   12.3  0.0  0.0  Sniffles2.INS.59S25       1    65    (1) C ALR/Alpha      Satellite/centr      (3)    168    104 1499  
 1379    7.7  0.5  0.0  Sniffles2.INS.59S58       1   510    (1) C ALR/Alpha      Satellite/centr     (14)    512      1 1500  
  544   17.1  7.4  1.1  Sniffles2.INS.59SBD       4   134    (1) C BSR/Beta       Satellite           (17)    139      1 1501  
  291    0.0  2.1  0.0  Sniffles2.INS.5A3S0       1    48    (0) + SVA_F          Retroposon/SVA       714    762  (613) 1502  
   34   11.2  0.0  0.0  Sniffles2.INS.5A4S22      1    50    (0) + (T)n           Simple_repeat          1     50    (0) 1503  
  323   26.2  5.2  3.8  Sniffles2.INS.5ABS33      1   231   (66) + L1MC           LINE/L1             4550   4787 (1359) 1504  
 4258    6.3  4.7  2.0  Sniffles2.INS.5ABS39      1   723   (83) + L1P1           LINE/L1             3536   4277 (1869) 1505  
  497    6.8  7.7  1.5  Sniffles2.INS.5ABS39    712   799    (7) + L1P1           LINE/L1             3439   3529 (2617) 1506 *
 1026   11.5  0.0  0.8  Sniffles2.INS.5AS58       1   170    (2) C ALR/Alpha      Satellite/centr     (65)    168      1 1507  
   23   12.2  0.0  6.1  Sniffles2.INS.5B0S1       2    53    (2) + (CCCTC)n       Simple_repeat          1     49    (0) 1508  
  518    1.4  9.9  0.0  Sniffles2.INS.5B1S39      7    77    (1) C L1P1           LINE/L1           (1421)   4725   4648 1509  
  458    9.4 13.1  0.8  Sniffles2.INS.5B3S0       6   112    (0) C L1MB2          LINE/L1             (42)   6129   6010 1510  
  316   12.1  6.0  1.4  Sniffles2.INS.5B3S1       1    67    (0) C L1PREC2        LINE/L1            (975)   5171   5102 1511  
   17   11.6  3.5  0.0  Sniffles2.INS.5B3S33     29    57    (2) + (TC)n          Simple_repeat          1     30    (0) 1512  
  513   26.7  0.9  0.0  Sniffles2.INS.5B5S0       1   116    (0) + AluJb          SINE/Alu              94    210  (102) 1513  
   26   14.9  8.6  1.3  Sniffles2.INS.5B7S1       1    70   (16) + GA-rich        Low_complexity         1     75    (0) 1514  
   44    0.0  0.0  0.0  Sniffles2.INS.5B8S1       1    40   (15) + (TTCT)n        Simple_repeat          1     40    (0) 1515  
   18    6.3  0.0  8.3  Sniffles2.INS.5B9S0       4    42   (15) + (AACAAAA)n     Simple_repeat          1     36    (0) 1516  
   21   22.8  2.9  1.4  Sniffles2.INS.5B9S3A     85   152  (316) + (ATATAA)n      Simple_repeat          1     69    (0) 1517  
   30    4.2 10.0  0.0  Sniffles2.INS.5BBS38      1    50    (1) + (AT)n          Simple_repeat          1     55    (0) 1518  
   13   16.7  6.8  5.0  Sniffles2.INS.5BDS4       1    59    (1) + (CCACA)n       Simple_repeat          1     60    (0) 1519  
   14   26.9  0.0  2.3  Sniffles2.INS.5BS23       7    51    (0) + G-rich         Low_complexity         1     44    (0) 1520  
 1081   12.6  0.0  0.0  Sniffles2.INS.5BS25       1   167    (4) C ALR/Alpha      Satellite/centr      (4)    167      1 1521  
   45    1.8  5.4  0.0  Sniffles2.INS.5BS3A       2    57    (0) + (CCCCT)n       Simple_repeat          1     59    (0) 1522  
  959   13.9  1.7  4.2  Sniffles2.INS.5BS8        1  1350    (0) C BSR/Beta       Satellite           (39)   1316      1 1523  
   33   15.8  0.0  0.0  Sniffles2.INS.5C2S1       1    59    (1) + GA-rich        Low_complexity         1     59    (0) 1524  
   14   15.5 12.3  0.0  Sniffles2.INS.5C2S22    138   194   (59) + (TCTCTGC)n     Simple_repeat          1     64    (0) 1525  
  479   20.1  1.5  0.4  Sniffles2.INS.5C5S4       5  1005    (0) + GA-rich        Low_complexity         1   1012    (0) 1526  
  225   20.0  0.0  0.0  Sniffles2.INS.5C6S39     27    71  (273) + L1M5           LINE/L1             5760   5804  (375) 1527  
  368   17.0  0.0 17.4  Sniffles2.INS.5C6S39     77   218  (126) C MLT2B5         LTR/ERVL             (0)    555    435 1528  
  335   16.7  6.0  1.4  Sniffles2.INS.5C6S39    219   312   (32) + L1M5           LINE/L1             3821   3916 (2230) 1529  
   37   20.6  2.0  3.1  Sniffles2.INS.5C7S39      2   100    (2) + (CCTT)n        Simple_repeat          1     98    (0) 1530  
   23   25.8  0.0  8.4  Sniffles2.INS.5C8S3A      1    90   (12) + (TA)n          Simple_repeat          1     83    (0) 1531  
   20   15.5  4.3  2.1  Sniffles2.INS.5CAS33     12    57    (0) + GA-rich        Low_complexity         1     47    (0) 1532  
   12   13.2  0.0 10.8  Sniffles2.INS.5CDS0      68   108  (435) + (CCCCCG)n      Simple_repeat          1     37    (0) 1533  
   11   24.9  0.0  2.6  Sniffles2.INS.5CDS0     169   208  (335) + (GGAGCCC)n     Simple_repeat          1     39    (0) 1534  
   20   18.4  0.0  0.0  Sniffles2.INS.5CS11       8    50    (2) + (GACAGA)n      Simple_repeat          1     43    (0) 1535  
  905    9.4  0.0  0.0  Sniffles2.INS.5CS24       1   169    (2) + ALR/Alpha      Satellite/centr        1    169    (0) 1536  
  987   14.7  0.2  0.0  Sniffles2.INS.5CS25       1   340    (1) C ALR/Alpha      Satellite/centr     (40)    340      1 1537  
 1161    9.5  0.6  1.2  Sniffles2.INS.5CS58       1   170    (1) C ALR/Alpha      Satellite/centr      (2)    169      1 1538  
  273   21.1  0.0  0.0  Sniffles2.INS.5CS8       10    66    (0) C BSR/Beta       Satellite           (49)     87     31 1539  
  614   17.0  0.0  1.0  Sniffles2.INS.5CSBD       5   137    (0) C BSR/Beta       Satellite           (52)    131      1 1540  
  273    6.2  6.2  0.0  Sniffles2.INS.5D2S31     11    58    (0) + L1P1           LINE/L1              632    682 (5473) 1541  
   29    6.0  3.3  6.8  Sniffles2.INS.5D3S31      1    61    (0) + (TTCT)n        Simple_repeat          1     59    (0) 1542  
   65    3.1  9.0  0.0  Sniffles2.INS.5D6S0       4   103    (1) + (TA)n          Simple_repeat          1    109    (0) 1543  
   38    0.0  2.3  2.3  Sniffles2.INS.5D6S39     11    53    (0) + (TTTC)n        Simple_repeat          1     43    (0) 1544  
   30   18.5  0.0  0.0  Sniffles2.INS.5D7S33      3    57    (0) + (TA)n          Simple_repeat          1     55    (0) 1545  
   44   14.9  4.2  2.1  Sniffles2.INS.5D8S38      9   103    (1) + (TA)n          Simple_repeat          1     97    (0) 1546  
  435   15.3  0.0  0.0  Sniffles2.INS.5DBS1       1    72    (1) C MSTB           LTR/ERVL-MaLR      (303)    123     52 1547  
   12   19.9  2.9  0.0  Sniffles2.INS.5DCS3A     20    54    (3) + GA-rich        Low_complexity         1     36    (0) 1548  
  317   16.1  0.0  0.0  Sniffles2.INS.5DDS1       1    56   (15) C MSTB           LTR/ERVL-MaLR      (320)    106     51 1549  
  319   15.5  0.0  0.0  Sniffles2.INS.5DES1       1    62   (83) C MSTB           LTR/ERVL-MaLR      (326)    106     45 1550 *
  443   16.0  0.0  0.0  Sniffles2.INS.5DES1      54   128   (17) C MSTB           LTR/ERVL-MaLR      (300)    126     52 1551  
  118   20.6  0.0  0.4  Sniffles2.INS.5DS2B       8   250    (0) + (ATTCC)n       Simple_repeat          1    242    (0) 1552  
  708   15.9  0.8  2.0  Sniffles2.INS.5DS58       1   170    (2) C ALR/Alpha      Satellite/centr     (32)    167      1 1553  
  692    0.0  0.0  0.0  Sniffles2.INS.5E2S33      3   590    (0) + (G)n           Simple_repeat          1    588    (0) 1554  
   20   11.6  0.0  0.0  Sniffles2.INS.5E8S17      1    60    (0) + (A)n           Simple_repeat          1     60    (0) 1555  
  177    0.0  0.0  0.0  Sniffles2.INS.5E9S17      5   157    (0) + (G)n           Simple_repeat          1    153    (0) 1556  
  963    6.0  0.0  0.9  Sniffles2.INS.5EBS3A      9   124    (0) + AluSp          SINE/Alu               2    116  (197) 1557  
   46   15.1  6.8  0.0  Sniffles2.INS.5ECS31      1   103    (2) + (CA)n          Simple_repeat          1    110    (0) 1558  
   45   13.0  5.2  2.0  Sniffles2.INS.5EES17      1    96    (0) + (TA)n          Simple_repeat          1     99    (0) 1559  
 1120   13.0  0.0  0.1  Sniffles2.INS.5ES24       2   854    (1) + ALR/Alpha      Satellite/centr        1    852    (8) 1560  
  826    4.0  0.0  0.0  Sniffles2.INS.5ES25       3   101    (2) + L1PA2          LINE/L1             6056   6154    (1) 1561  
  480    1.9  0.0  0.0  Sniffles2.INS.5ES2B       1    52    (0) + AluYb8         SINE/Alu             103    154  (164) 1562  
  884   16.7  1.2  0.0  Sniffles2.INS.5ES58       6   167    (2) C ALR/Alpha      Satellite/centr      (0)    171      8 1563  
  334   22.7  0.0  0.0  Sniffles2.INS.5ESBD       2    67    (0) C BSR/Beta       Satellite           (30)    106     41 1564  
  164    5.8  2.6  3.7  Sniffles2.INS.5F0S31     41   312    (6) + (AT)n          Simple_repeat          1    269    (0) 1565  
  131    5.2  8.3  0.4  Sniffles2.INS.5F3S33     20   259    (0) + (TA)n          Simple_repeat          1    259    (0) 1566  
  384   13.0  0.0  0.0  Sniffles2.INS.5F3S38      1    54    (1) C AluSg4         SINE/Alu           (146)    164    111 1567  
   92   13.2  2.8  2.2  Sniffles2.INS.5F5S33      1   179    (1) + (CCA)n         Simple_repeat          1    180    (0) 1568  
  160   14.5  1.1  0.0  Sniffles2.INS.5F6S33      1   270    (0) + (CCACCA)n      Simple_repeat          1    273    (0) 1569  
   20   14.2  8.5  0.0  Sniffles2.INS.5F7S38      1    47    (4) + (CA)n          Simple_repeat          1     51    (0) 1570  
   53    6.3  5.7  1.8  Sniffles2.INS.5F8S3A     25   129    (8) + (ATCC)n        Simple_repeat          1    109    (0) 1571  
   84    1.2  2.3  0.0  Sniffles2.INS.5FAS1       1    86    (0) + (TATAAATATA)n  Simple_repeat          1     88    (0) 1572  
  576    1.3  0.0  0.0  Sniffles2.INS.5FBS0       2    77    (0) + SVA_F          Retroposon/SVA       752    827  (548) 1573  
 1216   13.0  0.9  0.0  Sniffles2.INS.5FS25       2   335    (1) C ALR/Alpha      Satellite/centr     (28)    337      1 1574  
   39   16.8  1.4  0.0  Sniffles2.INS.5FS6       11    80    (1) + (TA)n          Simple_repeat          1     71    (0) 1575  
  423   12.1  1.5  0.0  Sniffles2.INS.5FSBD       1    66    (0) C BSR/Beta       Satellite           (43)     93     27 1576  
   34    5.0  0.0  0.0  Sniffles2.INS.5S12        1    41   (63) + (TCATTTCA)n    Simple_repeat          1     41    (0) 1577  
   29    8.5  9.5  0.0  Sniffles2.INS.5S12       42   104    (0) + (TTCAT)n       Simple_repeat          1     69    (0) 1578  
  464   17.8  4.2  6.5  Sniffles2.INS.5S15       18  1119   (16) + HSATII         Satellite              1   1076    (0) 1579  
 2411    1.0  0.0  1.3  Sniffles2.INS.5S28       35   339    (0) + LSU-rRNA_Hsa   rRNA                4551   4851  (184) 1580  
  756   16.0  0.0  0.0  Sniffles2.INS.5S2F        1   170    (0) + ALR/Alpha      Satellite/centr        1    170    (0) 1581  
  773   15.4  0.0  0.0  Sniffles2.INS.5S30        5   170    (1) + ALR/Alpha      Satellite/centr        1    166    (0) 1582  
  771   13.4  4.6  5.0  Sniffles2.INS.5S8         3   468    (3) + BSR/Beta       Satellite              1    463    (4) 1583  
  129   20.9  5.5  3.1  Sniffles2.INS.5SA6       19   452   (13) + (AC)n          Simple_repeat          1    444    (0) 1584  
   96   13.9  0.0  0.0  Sniffles2.INS.5SA7        1   158    (0) + (TCTCTC)n      Simple_repeat          1    158    (0) 1585  
   34   10.1  0.0  0.0  Sniffles2.INS.5SA8        1    53    (2) + (GAAG)n        Simple_repeat          1     53    (0) 1586  
   25   12.4  0.0  0.0  Sniffles2.INS.5SB9        1    44    (1) + (CATTC)n       Simple_repeat          1     44    (0) 1587  
   32    0.0  0.0  0.0  Sniffles2.INS.5SBD        8    37   (48) + (CATTC)n       Simple_repeat          1     30    (0) 1588  
   16   16.9  0.0  0.0  Sniffles2.INS.5SBD       51    84    (1) + (TCCAT)n       Simple_repeat          1     34    (0) 1589  
 1926    8.3  2.6  8.8  Sniffles2.INS.5SC1        1   379    (0) C LTR12B         LTR/ERV1             (0)    667    335 1590  
   50    0.0  0.0  2.0  Sniffles2.INS.600S39     17    66    (7) + (TTTC)n        Simple_repeat          1     49    (0) 1591  
   22   19.8  0.0  0.0  Sniffles2.INS.601S1      39    79    (0) + (T)n           Simple_repeat          1     41    (0) 1592  
  181   31.3  1.5  0.0  Sniffles2.INS.602S1      91   157   (20) + MIRc           SINE/MIR             108    175   (93) 1593  
   76    5.3 13.7  0.6  Sniffles2.INS.602S17      1   161    (1) + (TA)n          Simple_repeat          1    182    (0) 1594  
   30   15.8  0.0  0.0  Sniffles2.INS.602S22      1    50    (2) + (AT)n          Simple_repeat          1     50    (0) 1595  
  184   31.3  1.5  0.0  Sniffles2.INS.603S1      31    97  (258) + MIRc           SINE/MIR             108    175   (93) 1596  
  184   31.3  1.5  0.0  Sniffles2.INS.603S1     162   228  (127) + MIRc           SINE/MIR             108    175   (93) 1597 *
  196   29.9  1.5  0.0  Sniffles2.INS.603S1     221   287   (68) + MIRc           SINE/MIR             108    175   (93) 1598  
   23   17.6  0.0  3.7  Sniffles2.INS.603S17      7    62   (13) + (CATCAC)n      Simple_repeat          1     54    (0) 1599  
   22   27.6  1.5  0.0  Sniffles2.INS.603S17     63    71    (4) + (CACCAC)n      Simple_repeat          5     70    (0) 1600  
   25   13.4  3.9  0.0  Sniffles2.INS.603S3A      3    53    (0) + GA-rich        Low_complexity         1     53    (0) 1601  
   17   13.4  2.2  4.5  Sniffles2.INS.604S22    151   195    (0) + A-rich         Low_complexity         1     44    (0) 1602  
  184   31.3  1.5  0.0  Sniffles2.INS.605S1      87   153   (23) + MIRc           SINE/MIR             108    175   (93) 1603  
  184   31.3  1.5  0.0  Sniffles2.INS.606S1      91   157   (79) + MIRc           SINE/MIR             108    175   (93) 1604 *
  194   29.9  1.5  0.0  Sniffles2.INS.606S1     150   216   (20) + MIRc           SINE/MIR             108    175   (93) 1605  
   42   14.2  2.5  1.2  Sniffles2.INS.60BS22      1    79    (3) + (AT)n          Simple_repeat          1     80    (0) 1606  
   27   15.5  0.0  3.4  Sniffles2.INS.60ES17      2    62    (0) + (TATATAA)n     Simple_repeat          1     59    (0) 1607  
   17   11.1  4.9  2.4  Sniffles2.INS.60S2        1    41   (12) + (CTGGTGG)n     Simple_repeat          1     42    (0) 1608  
  292    2.0  0.0  6.1  Sniffles2.INS.60S25     114   165    (0) C L1PA2          LINE/L1              (0)   6155   6107 1609  
  297   23.2  0.0  0.0  Sniffles2.INS.60S2B      13    68    (5) + FRAM           SINE/Alu              89    144   (32) 1610  
  228    6.5  0.0  0.0  Sniffles2.INS.60S38       1    31   (61) C Alu            SINE/Alu            (46)    120     90 1611 *
  265   19.2  8.1  3.3  Sniffles2.INS.60S38       5    36   (56) + SVA_A          Retroposon/SVA       304    362 (1025) 1612  
  297    7.7  0.0  0.0  Sniffles2.INS.60S38      37    75   (17) C Alu            SINE/Alu            (36)    265    227 1613  
  265   19.2  8.1  3.3  Sniffles2.INS.60S38      76    90    (2) + SVA_A          Retroposon/SVA       363    393  (994) 1612  
 1055    6.9  0.0  0.0  Sniffles2.INS.60SBD       6   135    (1) C BSR/Beta       Satellite            (0)    136      7 1614  
   67    0.0  3.0  0.0  Sniffles2.INS.610S39      1    67    (0) + (TCCCT)n       Simple_repeat          1     69    (0) 1615  
   60    0.0  3.5  0.0  Sniffles2.INS.614S17      1    58    (0) + (AC)n          Simple_repeat          1     60    (0) 1616  
   19    6.2  0.0  8.1  Sniffles2.INS.614S38      1    40   (13) + (TGGTGA)n      Simple_repeat          1     37    (0) 1617  
   45    0.0  0.0  4.2  Sniffles2.INS.615S17      1    50    (0) + (TTCCT)n       Simple_repeat          1     48    (0) 1618  
  202   13.5  5.4  0.0  Sniffles2.INS.618S3A     12    48    (3) + AluYe5         SINE/Alu             113    151  (159) 1619  
   17   23.5  8.1  1.1  Sniffles2.INS.61BS0      41   126   (82) + (AATAT)n       Simple_repeat          1     92    (0) 1620  
  302   11.5  5.3  2.0  Sniffles2.INS.61BS0     142   208    (0) + FLAM_C         SINE/Alu               1     42   (91) 1621  
   13   14.4  3.2  0.0  Sniffles2.INS.61FS1       7    37   (17) + G-rich         Low_complexity         1     32    (0) 1622  
  260   19.7  6.1  0.0  Sniffles2.INS.61S38       3    68   (24) C AluSx          SINE/Alu            (36)    266    197 1623 *
  330    9.8  0.0  0.0  Sniffles2.INS.61S38      49    89    (3) C AluYk3         SINE/Alu            (46)    265    225 1624  
  376   15.4  0.0  0.0  Sniffles2.INS.61S8        2    66    (2) + BSR/Beta       Satellite             66    130    (6) 1625  
  786   14.3  0.4  0.5  Sniffles2.INS.61SBD       4   271    (1) C BSR/Beta       Satellite           (56)    267      1 1626  
   96   17.2  7.0  0.0  Sniffles2.INS.620S1       9   251    (5) + G-rich         Low_complexity         1    260    (0) 1627  
   33   12.5  1.5  3.1  Sniffles2.INS.625S1       8    73    (2) + (GGAT)n        Simple_repeat          1     65    (0) 1628  
  580    7.2 30.9  0.5  Sniffles2.INS.625S22      1   168   (18) + L1P3           LINE/L1             4621   4839 (1307) 1629  
  243   20.0  0.0  0.0  Sniffles2.INS.625S31     41    80 (5165) + L1MC1          LINE/L1             6034   6073  (260) 1630  
  240   17.9  0.0  0.0  Sniffles2.INS.625S31     80   118 (5127) + L1MC1          LINE/L1             6035   6073  (260) 1630 *
  238   18.4  0.0  0.0  Sniffles2.INS.625S31    821   858 (4387) + L1MC1          LINE/L1             6034   6071  (262) 1631  
  231   17.9  0.0  0.0  Sniffles2.INS.625S31    936   974 (4271) + L1MC1          LINE/L1             6035   6073  (260) 1632  
  240   17.9  0.0  0.0  Sniffles2.INS.625S31   1164  1202 (4043) + L1MC1          LINE/L1             6035   6073  (260) 1633  
  240   17.9  0.0  0.0  Sniffles2.INS.625S31   1202  1240 (4005) + L1MC1          LINE/L1             6035   6073  (260) 1633  
  240   17.9  0.0  0.0  Sniffles2.INS.625S31   1240  1278 (3967) + L1MC1          LINE/L1             6035   6073  (260) 1633 *
  243   17.9  0.0  0.0  Sniffles2.INS.625S31   1278  1316 (3929) + L1MC1          LINE/L1             6035   6073  (260) 1633  
  232   20.0  0.0  0.0  Sniffles2.INS.625S31   1315  1354 (3891) + L1MC1          LINE/L1             6034   6073  (260) 1633 *
  247   17.9  0.0  0.0  Sniffles2.INS.625S31   1609  1647 (3598) + L1MC1          LINE/L1             6035   6073  (260) 1634  
  239   20.0  0.0  0.0  Sniffles2.INS.625S31   2178  2217 (3028) + L1MC1          LINE/L1             6034   6073  (260) 1635  
  243   17.9  0.0  0.0  Sniffles2.INS.625S31   2255  2293 (2952) + L1MC1          LINE/L1             6035   6073  (260) 1636  
  254   17.5  0.0  0.0  Sniffles2.INS.625S31   2406  2445 (2800) + L1MC1          LINE/L1             6034   6073  (260) 1637  
  254   17.5  0.0  0.0  Sniffles2.INS.625S31   2444  2483 (2762) + L1MC1          LINE/L1             6034   6073  (260) 1637  
  254   17.5  0.0  0.0  Sniffles2.INS.625S31   2558  2597 (2648) + L1MC1          LINE/L1             6034   6073  (260) 1638  
  254   17.5  0.0  0.0  Sniffles2.INS.625S31   2596  2635 (2610) + L1MC1          LINE/L1             6034   6073  (260) 1638  
  230   20.0  0.0  0.0  Sniffles2.INS.625S31   2710  2749 (2496) + L1MC1          LINE/L1             6034   6073  (260) 1639  
  231   17.9  0.0  0.0  Sniffles2.INS.625S31   2825  2863 (2382) + L1MC1          LINE/L1             6035   6073  (260) 1640  
  238   18.4  0.0  0.0  Sniffles2.INS.625S31   3090  3127 (2118) + L1MC1          LINE/L1             6034   6071  (262) 1641  
  233   20.5  0.0  0.0  Sniffles2.INS.625S31   3395  3433 (1812) + L1MC1          LINE/L1             6035   6073  (260) 1642  
  227   20.5  0.0  0.0  Sniffles2.INS.625S31   3433  3471 (1774) + L1MC1          LINE/L1             6035   6073  (260) 1642 *
  254   17.5  0.0  0.0  Sniffles2.INS.625S31   3508  3547 (1698) + L1MC1          LINE/L1             6034   6073  (260) 1643  
  254   17.5  0.0  0.0  Sniffles2.INS.625S31   3736  3775 (1470) + L1MC1          LINE/L1             6034   6073  (260) 1644  
  254   17.5  0.0  0.0  Sniffles2.INS.625S31   3774  3813 (1432) + L1MC1          LINE/L1             6034   6073  (260) 1644  
  243   17.9  0.0  0.0  Sniffles2.INS.625S31   3889  3927 (1318) + L1MC1          LINE/L1             6035   6073  (260) 1645 *
  254   17.5  0.0  0.0  Sniffles2.INS.625S31   3926  3965 (1280) + L1MC1          LINE/L1             6034   6073  (260) 1645  
  240   17.9  0.0  0.0  Sniffles2.INS.625S31   4041  4079 (1166) + L1MC1          LINE/L1             6035   6073  (260) 1646  
  239   20.0  0.0  0.0  Sniffles2.INS.625S31   4116  4155 (1090) + L1MC1          LINE/L1             6034   6073  (260) 1647  
  238   18.4  0.0  0.0  Sniffles2.INS.625S31   4306  4343  (902) + L1MC1          LINE/L1             6034   6071  (262) 1648  
  233   20.5  0.0  0.0  Sniffles2.INS.625S31   4611  4649  (596) + L1MC1          LINE/L1             6035   6073  (260) 1649  
  227   20.5  0.0  0.0  Sniffles2.INS.625S31   4649  4687  (558) + L1MC1          LINE/L1             6035   6073  (260) 1649 *
  239   20.0  0.0  0.0  Sniffles2.INS.625S31   4762  4801  (444) + L1MC1          LINE/L1             6034   6073  (260) 1650  
  229   20.5  0.0  0.0  Sniffles2.INS.625S31   4980  5018  (227) + L1MC1          LINE/L1             6035   6073  (260) 1651 *
  232   20.5  0.0  0.0  Sniffles2.INS.625S31   5018  5056  (189) + L1MC1          LINE/L1             6035   6073  (260) 1651 *
  239   20.0  0.0  0.0  Sniffles2.INS.625S31   5055  5094  (151) + L1MC1          LINE/L1             6034   6073  (260) 1651  
   27    8.9  2.0  2.0  Sniffles2.INS.62AS22      1    51    (0) + (CCCCCCT)n     Simple_repeat          1     51    (0) 1652  
  442    3.4  0.0  5.1  Sniffles2.INS.62CS0       1    62    (2) + HERVH-int      LTR/ERV1             547    605 (7108) 1653  
  343   22.9  0.0  0.0  Sniffles2.INS.62S2B       1    70    (1) + Alu            SINE/Alu              92    161    (5) 1654  
  475   18.5  1.0  0.0  Sniffles2.INS.62S8        3   130    (4) + BSR/Beta       Satellite              1    129    (1) 1655  
  989   13.4  0.5  2.2  Sniffles2.INS.62SBD       3  1092    (1) C BSR/Beta       Satellite            (4)   1071      1 1656  
   46    6.2  4.4  0.0  Sniffles2.INS.633S0       2    69    (0) + (AT)n          Simple_repeat          1     71    (0) 1657  
  461   20.1  4.5  1.4  Sniffles2.INS.633S31     11  1038 (2162) C D20S16         Satellite            (1)   3271   2167 1658  
  305   24.2  7.5  3.6  Sniffles2.INS.633S31   1039  1171 (2029) C MLT2B4         LTR/ERVL           (134)    422    285 1659  
  461   20.1  4.5  1.4  Sniffles2.INS.633S31   1172  3183   (17) C D20S16         Satellite            (1)   2166      1 1658  
   46    1.1 14.4  0.9  Sniffles2.INS.633S33      1    97   (54) + (TA)n          Simple_repeat          1    110    (0) 1660  
  377    9.5 10.8  0.0  Sniffles2.INS.635S17     12    85    (1) C L1P3           LINE/L1           (3684)   2462   2381 1661  
   75    0.0  0.0  0.0  Sniffles2.INS.637S17      1    81    (0) + (A)n           Simple_repeat          1     81    (0) 1662  
   35    0.0  5.7  3.7  Sniffles2.INS.639S22     11    63    (4) + (ATATATTAC)n   Simple_repeat          1     54    (0) 1663  
   36    8.6 10.7  0.0  Sniffles2.INS.63AS17      4    78    (0) + (AT)n          Simple_repeat          1     83    (0) 1664  
 2848    1.3  0.0  0.0  Sniffles2.INS.63BS0      12   316    (0) + AluYa5         SINE/Alu               1    305    (6) 1665  
   22   22.3  1.9  0.0  Sniffles2.INS.63BS33      3    54    (1) + (AT)n          Simple_repeat          1     53    (0) 1666  
  508    3.5  1.6  0.0  Sniffles2.INS.63CS17      1    67    (0) C L1P2           LINE/L1            (573)   5582   5512 1667  
   45    0.0  0.0  0.0  Sniffles2.INS.63FS17      1    49    (8) + (A)n           Simple_repeat          1     49    (0) 1668  
  235   14.3  7.7  0.0  Sniffles2.INS.63FS38    132   209  (144) C L1M5           LINE/L1            (749)   5493   5410 1669  
   39    2.4  0.0  2.3  Sniffles2.INS.63FS39      1    45    (5) + (AAGGA)n       Simple_repeat          1     44    (0) 1670  
   13   14.9  0.0  9.8  Sniffles2.INS.63S1        4    48    (7) + (ACACCC)n      Simple_repeat          1     41    (0) 1671  
   70   19.7  0.7  0.0  Sniffles2.INS.63S2B       1   145    (0) + (GAATG)n       Simple_repeat          1    146    (0) 1672  
  862   14.6  0.5  0.4  Sniffles2.INS.63S8        6   539    (0) + BSR/Beta       Satellite              1    534    (0) 1673  
   44   14.7  0.0  0.0  Sniffles2.INS.642S33      1    76    (0) + (TTAA)n        Simple_repeat          1     76    (0) 1674  
   29    5.3  2.5  0.0  Sniffles2.INS.643S17      1    40   (11) + (CTTC)n        Simple_repeat          1     41    (0) 1675  
  436   17.2  5.2  3.1  Sniffles2.INS.644S0       1    96  (283) + LTR47A2        LTR/ERVL             165    262  (170) 1676  
  674   20.2  2.5  2.5  Sniffles2.INS.644S0     217   378    (1) + LTR47A2        LTR/ERVL               1    162  (270) 1677  
   43    5.6  2.2  9.5  Sniffles2.INS.649S17      7    96    (6) + (AT)n          Simple_repeat          1     84    (0) 1678  
   89   11.6  8.1  0.5  Sniffles2.INS.64AS38     18   202    (2) + GA-rich        Low_complexity         1    199    (0) 1679  
   35    6.1  5.1  6.5  Sniffles2.INS.64S23       1    78    (1) + GA-rich        Low_complexity         1     77    (0) 1680  
 1090   12.6  0.0  1.8  Sniffles2.INS.64S25       2   347    (0) + ALR/Alpha      Satellite/centr        1    339    (0) 1681  
   24   27.3  0.0  0.0  Sniffles2.INS.650S0       1    57    (1) + (TA)n          Simple_repeat          1     57    (0) 1682  
  555    1.3  0.0  1.3  Sniffles2.INS.654S0       1    77    (1) + SVA_F          Retroposon/SVA       774    849  (526) 1683  
   25   20.6  0.0  0.0  Sniffles2.INS.655S33      3    52    (0) + (AT)n          Simple_repeat          1     50    (0) 1684  
   55   11.0  1.1  0.0  Sniffles2.INS.656S0       2    90    (0) + (TATATTA)n     Simple_repeat          1     90    (0) 1685  
   34   10.0  3.6  0.0  Sniffles2.INS.656S38      1    55    (0) + (AG)n          Simple_repeat          1     57    (0) 1686  
  371   11.9  3.4  0.0  Sniffles2.INS.658S17      1    59   (12) C AluSc          SINE/Alu            (45)    264    204 1687  
   86    4.4  0.0  0.0  Sniffles2.INS.65CS0       1    94    (2) + (TATATAAA)n    Simple_repeat          1     94    (0) 1688  
  275   14.3  2.4  0.0  Sniffles2.INS.65DS3A     28    69    (0) C FRAM           SINE/Alu            (35)    141     99 1689  
  415   11.8  0.0  0.0  Sniffles2.INS.65S25       1    68    (2) + ALR/Alpha      Satellite/centr       45    112   (59) 1690  
  199   29.1  0.4  0.9  Sniffles2.INS.65S2B       7   456  (298) + (AGTGG)n       Simple_repeat          2    451    (0) 1691  
   30    3.1  0.0  0.0  Sniffles2.INS.65S2B     459   491  (263) + (GGAAT)n       Simple_repeat          1     33    (0) 1692  
  199   29.1  0.4  0.9  Sniffles2.INS.65S2B     501   754    (0) + (AGTGG)n       Simple_repeat          1    250    (0) 1693  
 1218   13.1  0.2  0.2  Sniffles2.INS.65S58       1   975    (9) + ALR/Alpha      Satellite/centr        1    974    (0) 1694  
  434   11.9  0.0  1.5  Sniffles2.INS.65S8        1    68    (1) + BSR/Beta       Satellite             16     82   (54) 1695  
 1076   23.6  9.5  0.0  Sniffles2.INS.662S22      1   296  (260) + MER90a         LTR/ERV1             270    593   (21) 1696  
  493   22.8 14.3  5.3  Sniffles2.INS.662S22    309   553    (3) + HAL1ME         LINE/L1             1804   2069  (396) 1697  
   35   46.1  2.5  0.0  Sniffles2.INS.662S3A      3   239    (0) + (TCTC)n        Simple_repeat          1    243    (0) 1698  
   75    0.0  1.4  0.0  Sniffles2.INS.663S0       1    70    (0) + (TTCT)n        Simple_repeat          1     71    (0) 1699  
   89   15.4  7.6  3.3  Sniffles2.INS.663S17     43   305    (8) + (CT)n          Simple_repeat          1    274    (0) 1700  
   19   19.6  0.0  2.3  Sniffles2.INS.665S22      1    45    (0) + GA-rich        Low_complexity         1     44    (0) 1701  
   44    0.0  0.0  2.3  Sniffles2.INS.666S0       1    45    (0) + (TCTT)n        Simple_repeat          1     44    (0) 1702  
   23    0.0  0.0  0.0  Sniffles2.INS.66AS33      1    29   (81) + (TTCT)n        Simple_repeat          1     29    (0) 1703  
   49    2.2  0.0  0.0  Sniffles2.INS.66AS33     31    76   (34) + (CT)n          Simple_repeat          1     46    (0) 1704  
   18    9.7  3.0  0.0  Sniffles2.INS.66AS33     77   109    (1) + (TTTC)n        Simple_repeat          1     34    (0) 1705  
   31   20.3  0.0  0.0  Sniffles2.INS.66AS3A      2    60    (1) + (AT)n          Simple_repeat          1     59    (0) 1706  
   34    0.0  0.0  0.0  Sniffles2.INS.66BS1       7    35   (25) + (TA)n          Simple_repeat          1     29    (0) 1707  
   23    0.0  0.0  0.0  Sniffles2.INS.66BS1      36    60    (0) + (T)n           Simple_repeat          1     25    (0) 1708  
   18   15.8  2.1  4.3  Sniffles2.INS.66CS0       1    48    (3) + (TTTC)n        Simple_repeat          1     47    (0) 1709  
   98    0.0  0.0  0.0  Sniffles2.INS.66DS0       1    86    (4) + (T)n           Simple_repeat          1     86    (0) 1710  
  415   14.6  1.5  0.0  Sniffles2.INS.66S25       1   138    (2) + ALR/Alpha      Satellite/centr        1    140   (33) 1711  
  244   24.6  1.5  0.0  Sniffles2.INS.66S2B       5    69    (0) + AluJb          SINE/Alu             225    290   (12) 1712  
 1245   13.1  0.2  0.5  Sniffles2.INS.66S58       2  3871    (2) C ALR/Alpha      Satellite/centr     (16)   3858      1 1713  
  623   14.7  0.0  1.0  Sniffles2.INS.66S8        1   136    (1) + BSR/Beta       Satellite              1    134    (6) 1714  
   51    0.0  0.0  2.0  Sniffles2.INS.674S17      1    51    (0) + (TCTCT)n       Simple_repeat          1     50    (0) 1715  
  270   20.0  0.0  0.0  Sniffles2.INS.675S17      4    48    (8) + L1MB5          LINE/L1             5998   6042  (132) 1716  
   73    5.9  9.9  0.7  Sniffles2.INS.677S3A      1   142    (5) + (CCCTCT)n      Simple_repeat          1    155    (0) 1717  
   32   29.6  1.2  0.0  Sniffles2.INS.679S17      1    85    (1) + (AT)n          Simple_repeat          1     86    (0) 1718  
  356   18.8  3.1  0.0  Sniffles2.INS.67AS39    505   568 (1440) + MLT1K          LTR/ERVL-MaLR        524    589    (6) 1719  
   31   30.4  0.0  0.0  Sniffles2.INS.67ES33      5    83    (0) + (AT)n          Simple_repeat          1     79    (0) 1720  
   61    0.0  4.3  1.4  Sniffles2.INS.67S5       10    79    (0) + (TTTC)n        Simple_repeat          1     72    (0) 1721  
   26   19.0  3.6  0.0  Sniffles2.INS.67S6        8    63    (4) + (GT)n          Simple_repeat          1     58    (0) 1722  
   18   13.3  5.5  5.5  Sniffles2.INS.683S3A     74   128  (196) + GA-rich        Low_complexity         1     55    (0) 1723  
   32   16.6  6.9  3.8  Sniffles2.INS.683S3A    219   320    (4) + GA-rich        Low_complexity         1    105    (0) 1724  
   25    1.9  8.3  6.6  Sniffles2.INS.684S3A      1    60    (0) + (CCAT)n        Simple_repeat          1     61    (0) 1725  
   33   17.5  1.6  0.0  Sniffles2.INS.686S17      3    63    (0) + (TA)n          Simple_repeat          1     62    (0) 1726  
   16   23.8  0.0  8.7  Sniffles2.INS.688S31     10    84    (4) + (ACTCA)n       Simple_repeat          1     69    (0) 1727  
   63   30.6  2.0  0.0  Sniffles2.INS.689S38      1   199    (0) + (ATC)n         Simple_repeat          1    203    (0) 1728  
   51    9.9  7.9  3.0  Sniffles2.INS.68FS0       5   130    (0) + (CCACCT)n      Simple_repeat          1    132    (0) 1729  
   30    2.2  1.9  7.8  Sniffles2.INS.68S3A       1    54    (8) + (ATA)n         Simple_repeat          1     51    (0) 1730  
 1245   13.2  0.2  0.3  Sniffles2.INS.68S58       2  3866    (2) C ALR/Alpha      Satellite/centr     (16)   3858      1 1731  
   35   13.9  0.0  0.0  Sniffles2.INS.68S6        2    57    (5) + (TA)n          Simple_repeat          1     56    (0) 1732  
  657   11.2  0.0  0.0  Sniffles2.INS.691S0      54   142    (0) C AluSp          SINE/Alu            (11)    302    214 1733  
   44    0.0  3.9  1.9  Sniffles2.INS.692S17      1    52    (0) + (CTTT)n        Simple_repeat          1     53    (0) 1734  
   53    7.1  0.0  0.0  Sniffles2.INS.692S22      1    74    (2) + (AAGG)n        Simple_repeat          1     74    (0) 1735  
   91    8.3  0.0  0.0  Sniffles2.INS.693S22      1   127    (0) + (AGGA)n        Simple_repeat          1    127    (0) 1736  
  134   16.1  4.9  1.6  Sniffles2.INS.696S0      23   328    (0) + (AC)n          Simple_repeat          1    316    (0) 1737  
  629    4.9  2.9  2.9  Sniffles2.INS.699S0       3   107    (0) C L1P1           LINE/L1           (1318)   4828   4724 1738  
   17   19.4  4.9  0.0  Sniffles2.INS.69AS22      1    41   (36) + (GT)n          Simple_repeat          1     43    (0) 1739  
  255   16.3  8.1  1.3  Sniffles2.INS.69S18       5   707    (5) + (CTTCC)n       Simple_repeat          1    750    (0) 1740  
   47    0.0  0.0  4.0  Sniffles2.INS.69S23       1    52    (0) + (AAGAG)n       Simple_repeat          1     50    (0) 1741  
   36    1.9  7.4  1.8  Sniffles2.INS.69S5        1    54    (0) + (AT)n          Simple_repeat          1     57    (0) 1742  
 1244   13.4  0.3  0.1  Sniffles2.INS.69S58       1  3870    (0) + ALR/Alpha      Satellite/centr        1   3877    (0) 1743  
  380   15.6  0.0  0.0  Sniffles2.INS.69SBD       3    66    (0) + BSR/Beta       Satellite             35     98   (38) 1744  
   22   17.1  2.1  2.1  Sniffles2.INS.6A2S0       2    49    (1) + (TG)n          Simple_repeat          1     48    (0) 1745  
  480   22.4 15.3  2.9  Sniffles2.INS.6A5S22     55   270   (12) + L1MCc          LINE/L1              847   1088 (5335) 1746  
  185    5.8 10.1  3.2  Sniffles2.INS.6A6S22      1   405    (1) + (TA)n          Simple_repeat          1    432    (0) 1747  
   52    0.0  2.0  0.0  Sniffles2.INS.6ABS17      3    53    (0) + (TTTCC)n       Simple_repeat          1     52    (0) 1748  
   52   11.0  6.8  0.9  Sniffles2.INS.6ACS22      1   103    (1) + (AT)n          Simple_repeat          1    109    (0) 1749  
  864   10.6  0.1  0.1  Sniffles2.INS.6B0S22     13  1316    (9) + (CCTC)n        Simple_repeat          1   1303    (0) 1750  
   40    3.0 10.3  0.0  Sniffles2.INS.6B1S22      4    71    (5) + (AT)n          Simple_repeat          1     75    (0) 1751  
   13   17.4  6.4  2.0  Sniffles2.INS.6B1S3A      2    48  (115) + A-rich         Low_complexity         1     49    (0) 1752  
   16   26.2  5.3  1.3  Sniffles2.INS.6B1S3A     89   163    (0) + GA-rich        Low_complexity         1     78    (0) 1753  
  103   11.9  3.6  1.5  Sniffles2.INS.6B2S17      1   193    (3) + A-rich         Low_complexity         1    197    (0) 1754  
   36    0.0  0.0  6.0  Sniffles2.INS.6B7S17      1    53    (0) + (AGAA)n        Simple_repeat          1     50    (0) 1755  
   56    4.6  6.7  0.0  Sniffles2.INS.6B7S33      1    90    (0) + (CATCACCAT)n   Simple_repeat          1     96    (0) 1756  
   18   24.4  0.0  2.2  Sniffles2.INS.6B8S0       7    52    (0) + (AT)n          Simple_repeat          1     45    (0) 1757  
   78   17.5  1.9  0.6  Sniffles2.INS.6B8S33      1   156    (1) + (CAT)n         Simple_repeat          1    158    (0) 1758  
   26   14.5  8.9  3.2  Sniffles2.INS.6B9S17      1    91    (5) + (TCCTCT)n      Simple_repeat          1     96    (0) 1759  
  105    0.0  2.1  0.0  Sniffles2.INS.6BFS22      1    96    (0) + (AT)n          Simple_repeat          1     98    (0) 1760  
   55    4.9  0.0  0.0  Sniffles2.INS.6BS23       1    64    (4) + (ATATTTATAT)n  Simple_repeat          1     64    (0) 1761  
  253   21.6  0.0  0.0  Sniffles2.INS.6BS2B       1    51    (1) + Alu            SINE/Alu             240    290   (11) 1762  
 1102   15.1  0.6  0.6  Sniffles2.INS.6BS58       1   276    (1) + ALR/Alpha      Satellite/centr        1    276    (0) 1763  
  200    9.8  6.2  0.0  Sniffles2.INS.6C2S17      1   352    (1) + (AT)n          Simple_repeat          1    374    (0) 1764  
   33    3.7  6.7  3.2  Sniffles2.INS.6C3S0       2    61    (7) + (TA)n          Simple_repeat          1     62    (0) 1765  
   30    6.2  5.9  0.0  Sniffles2.INS.6C4S17      4    54    (0) + (TATAT)n       Simple_repeat          1     54    (0) 1766  
 1003   21.8 19.3  0.6  Sniffles2.INS.6C6S1     181   604  (298) C L1MEc          LINE/L1           (3467)   2854   2352 1767  
  798   25.6  5.5  1.2  Sniffles2.INS.6C6S1     592   900    (2) C L1MEc          LINE/L1           (3959)   2441   2120 1767 *
 1032   12.2  4.6  2.0  Sniffles2.INS.6CAS22      1   249    (4) + L1M2           LINE/L1             2192   2436 (3704) 1768  
   56    0.0  1.7  1.7  Sniffles2.INS.6CCS0       1    58    (0) + (AAAG)n        Simple_repeat          1     58    (0) 1769  
  220   21.6  7.8  0.0  Sniffles2.INS.6CES22     43    93    (0) C MIRb           SINE/MIR           (154)    114     60 1770  
   32    6.3  6.0  0.0  Sniffles2.INS.6CFS17      4    53    (1) + (TA)n          Simple_repeat          1     53    (0) 1771  
  310   19.4  3.2  0.0  Sniffles2.INS.6CS2B      12    73    (3) + Alu            SINE/Alu             229    292   (10) 1772  
 1298   13.1  0.4  0.5  Sniffles2.INS.6CS58       1  6521    (4) + ALR/Alpha      Satellite/centr        1   6514    (0) 1773  
  963    9.3  0.0  0.9  Sniffles2.INS.6CS8        2   273    (1) C BSR/Beta       Satellite           (38)    269      1 1774  
   46   13.3  1.2  0.0  Sniffles2.INS.6D8S38      1    82    (1) + (AGGGGCG)n     Simple_repeat          1     83    (0) 1775  
   19    9.7  0.0 12.0  Sniffles2.INS.6DBS22      3    58    (0) + (TATACG)n      Simple_repeat          1     50    (0) 1776  
   29    0.0  3.2  0.0  Sniffles2.INS.6DES0      18    48    (0) + (TCTT)n        Simple_repeat          1     32    (0) 1777  
   43   23.8  2.6  0.0  Sniffles2.INS.6E2S1       1   115    (2) + (TGGA)n        Simple_repeat          1    118    (0) 1778  
   33   12.4  2.2  8.1  Sniffles2.INS.6E3S1       2    93    (1) + G-rich         Low_complexity         1     87    (0) 1779  
   54    0.0  1.6  3.3  Sniffles2.INS.6E8S17      1    61    (0) + (CTTT)n        Simple_repeat          1     60    (0) 1780  
  296    2.0  0.0  6.0  Sniffles2.INS.6ES25       1    53  (619) + L1PA2          LINE/L1             6106   6155    (0) 1781  
 1078   14.3  0.3  0.3  Sniffles2.INS.6ES25     141   672    (0) + ALR/Alpha      Satellite/centr        1    532    (0) 1782  
  788    1.8  0.0  0.9  Sniffles2.INS.6F5S22     13   126    (0) C SVA_F          Retroposon/SVA     (520)    855    743 1783  
   19   17.6  9.6  1.3  Sniffles2.INS.6F8S17     14    86    (1) + (AGGTGG)n      Simple_repeat          1     79    (0) 1784  
   33    3.2 14.1  0.0  Sniffles2.INS.6FAS22      1    64    (2) + (TA)n          Simple_repeat          1     73    (0) 1785  
   19   21.5  0.0  2.3  Sniffles2.INS.6FAS38      1    45    (7) + (TA)n          Simple_repeat          1     44    (0) 1786  
  235   14.0  5.3  0.0  Sniffles2.INS.6FCS33     53   109   (65) + LTR1A1         LTR/ERV1             374    433  (366) 1787 *
  247   13.1  1.6  0.0  Sniffles2.INS.6FCS33    109   169    (5) + LTR1A1         LTR/ERV1             372    433  (366) 1787  
   28    3.7  0.0 12.5  Sniffles2.INS.6FFS0      24    95   (15) + (TACACATATG)n  Simple_repeat          1     64    (0) 1788  
  375    3.5  6.5  6.5  Sniffles2.INS.6FFS22      4    95    (1) C SVA_C          Retroposon/SVA     (588)    796    705 1789  
  261   25.0  0.0  0.0  Sniffles2.INS.6FS2B       3    50    (9) + AluJb          SINE/Alu             228    275   (37) 1790  
   11   21.2  0.0  2.9  Sniffles2.INS.6S1        14    48   (12) + A-rich         Low_complexity         1     34    (0) 1791  
   13    9.9 13.9  0.0  Sniffles2.INS.6S12        3    45    (6) + (TCATT)n       Simple_repeat          1     49    (0) 1792  
   20    6.8  0.0  0.0  Sniffles2.INS.6S15       16    46    (4) + (ATTCC)n       Simple_repeat          1     31    (0) 1793  
   51   21.2  0.0  0.0  Sniffles2.INS.6S2A        1   109 (1373) + (TCCAT)n       Simple_repeat          1    109    (0) 1794  
  232   18.3  0.0 11.7  Sniffles2.INS.6S2A      114   218 (1264) + HSATII         Satellite             21    114   (56) 1795 *
  326   19.4  4.5  0.0  Sniffles2.INS.6S2A      216   282 (1200) C AluJb          SINE/Alu             (8)    294    225 1796  
   57   15.3  0.0  1.9  Sniffles2.INS.6S2A      283   390 (1092) + (ATTCC)n       Simple_repeat          1    106    (0) 1797  
  227   19.1 11.3  3.1  Sniffles2.INS.6S2A      398   548  (934) + HSATII         Satellite              1    163    (7) 1798  
  353   18.5  0.0  0.1  Sniffles2.INS.6S2A      549  1200  (282) + (CACTC)n       Simple_repeat          1    651    (0) 1799  
  351   15.9  4.8  0.0  Sniffles2.INS.6S2A     1201  1263  (219) C Alu            SINE/Alu            (12)    154     89 1800  
  259   17.0  5.5  0.0  Sniffles2.INS.6S2A     1263  1357  (125) + HSATII         Satellite             61    160   (10) 1801 *
   62   16.1  0.0  0.0  Sniffles2.INS.6S2A     1360  1470   (12) + (CCACT)n       Simple_repeat          1    111    (0) 1802  
  101   20.1  0.0  0.0  Sniffles2.INS.6S2B        2   202    (7) + (TGGAA)n       Simple_repeat          1    201    (0) 1803  
  976   14.5  0.0  0.0  Sniffles2.INS.6S2F        3   161    (9) + ALR/Alpha      Satellite/centr       13    171    (0) 1804  
 1024   15.6  0.0  0.0  Sniffles2.INS.6S30        1   340    (2) + ALR/Alpha      Satellite/centr        1    340    (0) 1805  
  813    1.1  0.0  0.0  Sniffles2.INS.6S34       24   112   (41) + L1PA2          LINE/L1             6056   6144   (11) 1806  
   42    0.0  0.0  0.0  Sniffles2.INS.6S34      115   153    (0) + (AAAAT)n       Simple_repeat          1     39    (0) 1807  
  773   14.3  1.4  1.4  Sniffles2.INS.6S77        1   191  (293) C ALR/Alpha      Satellite/centr     (23)    191      1 1808 *
 1124    1.6  0.0  0.0  Sniffles2.INS.6S77      190   310  (174) + AluYg6         SINE/Alu             181    301   (10) 1809  
  329   29.6  1.4  4.5  Sniffles2.INS.6S77      311   327  (157) C SVA_A          Retroposon/SVA    (1234)    153     20 1810 *
  794   13.2  0.4  0.0  Sniffles2.INS.6S77      318   482    (2) C ALR/Alpha      Satellite/centr     (26)    165      1 1811  
  874    9.8  0.0  0.9  Sniffles2.INS.6SA8        1   147    (2) C ACRO1          Satellite/acro       (9)    145      1 1812  
 2565    0.4  0.0  0.0  Sniffles2.INS.6SBC       12   305    (0) C AluYd8         SINE/Alu             (0)    299      2 1813  
   27   12.3  0.0  0.0  Sniffles2.INS.6SBD       31    83    (2) + (ATTCC)n       Simple_repeat          1     53    (0) 1814  
   43    0.0  6.0  0.0  Sniffles2.INS.701S17      1    50    (0) + (CTTT)n        Simple_repeat          1     53    (0) 1815  
  677    9.4 14.6  5.2  Sniffles2.INS.70ES0       1   123    (0) + AluY           SINE/Alu              22    155  (146) 1816  
   81   27.1  0.0  0.0  Sniffles2.INS.70S2B       1   209    (1) + (TGGAG)n       Simple_repeat          1    209    (0) 1817  
  254   10.5  2.6  0.0  Sniffles2.INS.70S5       26    63    (1) + AluSg          SINE/Alu             146    184  (126) 1818  
   30    7.4  8.5  1.6  Sniffles2.INS.711S22      1    59    (1) + (TA)n          Simple_repeat          1     63    (0) 1819  
   83    9.6  3.9  3.2  Sniffles2.INS.712S22      3   157    (0) + (AT)n          Simple_repeat          1    156    (0) 1820  
   48    6.1  9.7  0.0  Sniffles2.INS.714S22      1   103    (4) + (TA)n          Simple_repeat          1    113    (0) 1821  
  266   20.7  3.5  0.0  Sniffles2.INS.718S1      31    88    (5) + MLT2B3         LTR/ERVL               3     62  (492) 1822  
   29    5.1  4.9  0.0  Sniffles2.INS.719S17      1    41   (17) + (AT)n          Simple_repeat          1     43    (0) 1823  
  747   23.6  7.5  0.0  Sniffles2.INS.71ES3A    220   467 (1680) C Charlie1a      DNA/hAT-Charlie   (1158)    297     23 1824  
  282   22.9  1.9  0.0  Sniffles2.INS.71ES3A    776   839 (1308) + L2d2           LINE/L2             3274   3371   (93) 1825  
   16    0.0  0.0  0.0  Sniffles2.INS.71ES3A    842   858 (1289) + (A)n           Simple_repeat          1     17    (0) 1826  
 1865   13.8  0.3  1.4  Sniffles2.INS.71ES3A    876  1165  (982) + AluSc5         SINE/Alu               3    289   (20) 1827  
   41    0.0  6.2  0.0  Sniffles2.INS.71S17       4    51    (0) + (TCTT)n        Simple_repeat          1     51    (0) 1828  
  362   14.3  0.0  0.0  Sniffles2.INS.71S2B      16    64    (2) + Alu            SINE/Alu             224    272   (29) 1829  
  352   13.2  0.0  0.0  Sniffles2.INS.71S8        2    54    (0) C BSR/Beta       Satellite           (49)     87     35 1830  
   59    0.0  0.0  0.0  Sniffles2.INS.72BS22      1    53    (0) + (T)n           Simple_repeat          1     53    (0) 1831  
  711   17.0  0.8  0.0  Sniffles2.INS.72S58       1   150    (0) C ALR/Alpha      Satellite/centr     (73)    151      1 1832  
   22   22.1  5.1  0.0  Sniffles2.INS.731S0      16    74   (13) + (TG)n          Simple_repeat          1     62    (0) 1833  
  882   14.3  5.4  2.1  Sniffles2.INS.732S22      1   185   (45) C L1M1           LINE/L1            (718)   5587   5397 1834  
  266    2.6  7.9  0.0  Sniffles2.INS.732S22    192   229    (1) C L1M1           LINE/L1            (874)   5431   5391 1835  
   23   14.4  4.2  0.0  Sniffles2.INS.733S0       1    48    (2) + G-rich         Low_complexity         1     50    (0) 1836  
   78    8.6  6.3  2.4  Sniffles2.INS.735S0       2   159    (5) + (CCCCTC)n      Simple_repeat          1    164    (0) 1837  
 3585    8.5  1.7  0.6  Sniffles2.INS.739S22      1   744  (397) + L1PB           LINE/L1             5029   5780  (371) 1838  
   15    0.0  0.0  0.0  Sniffles2.INS.739S22    745   761  (380) + (TG)n          Simple_repeat          1     17    (0) 1839  
 2515    8.3  0.6  0.8  Sniffles2.INS.739S22    774  1139    (2) + L1PB           LINE/L1             4673   5037 (1109) 1840  
 1005    8.7  0.0  0.0  Sniffles2.INS.73CS3A     18   143    (0) C AluSc8         SINE/Alu            (14)    297    172 1841  
   28    7.3  0.0  4.3  Sniffles2.INS.73S17       2    49    (3) + (TTCC)n        Simple_repeat          1     46    (0) 1842  
  910   10.1  0.0  0.0  Sniffles2.INS.73S8        3   133    (0) C BSR/Beta       Satellite           (14)    131      1 1843  
   22   16.0  3.2  4.8  Sniffles2.INS.741S17      5    67    (5) + (GATG)n        Simple_repeat          1     62    (0) 1844  
  123    0.0  0.0  0.0  Sniffles2.INS.742S22      1   107    (0) + (C)n           Simple_repeat          1    107    (0) 1845  
  935   13.9  1.6  0.8  Sniffles2.INS.74S25       1   169    (0) + ALR/Alpha      Satellite/centr        1    170    (0) 1846  
   77    3.5  2.2  0.0  Sniffles2.INS.75BS22      9    97    (1) + (ATGG)n        Simple_repeat          1     91    (0) 1847  
  182    2.7  1.1  0.5  Sniffles2.INS.75CS22      1   191    (0) + (GGAT)n        Simple_repeat          1    192    (0) 1848  
   29    8.7  4.0  0.0  Sniffles2.INS.75S3A       1    50    (0) + (AGAA)n        Simple_repeat          1     52    (0) 1849  
  916   13.3  1.1  0.0  Sniffles2.INS.75S58       3   334    (1) C ALR/Alpha      Satellite/centr     (64)    335      1 1850  
  896   13.3  3.5  4.4  Sniffles2.INS.75S8        1   653    (2) C BSR/Beta       Satellite           (56)    646      1 1851  
   56    0.0  1.9  0.0  Sniffles2.INS.764S22      1    54    (0) + (TTCT)n        Simple_repeat          1     55    (0) 1852  
   29   13.4  5.8  1.4  Sniffles2.INS.76DS22      1    69    (2) + (CTTT)n        Simple_repeat          1     72    (0) 1853  
  474   19.8  0.0  0.0  Sniffles2.INS.76S25       1    96    (0) + ALR/Alpha      Satellite/centr       47    142   (30) 1854  
  586    3.1  0.0  0.0  Sniffles2.INS.76S2B       1    65    (2) + AluYa5         SINE/Alu             233    297   (14) 1855  
 1081   12.2  0.0  0.0  Sniffles2.INS.76S58       2   203    (2) C ALR/Alpha      Satellite/centr     (10)    202      1 1856  
  511    4.5  0.0  0.7  Sniffles2.INS.770S0       1   561   (36) + (AAAG)n        Simple_repeat          1    557    (0) 1857  
   23    8.9  0.0  0.0  Sniffles2.INS.770S0     562   597    (0) + (GAGAGA)n      Simple_repeat          1     36    (0) 1858  
   50    7.4  4.3  3.2  Sniffles2.INS.775S33      1    93    (0) + (AAAG)n        Simple_repeat          1     94    (0) 1859  
  496   12.8  0.8  0.0  Sniffles2.INS.77S25       6    92    (0) + ALR/Alpha      Satellite/centr        1     87    (0) 1860  
  183    8.8  0.0  0.0  Sniffles2.INS.77S31       5   252    (0) + (CCTC)n        Simple_repeat          1    248    (0) 1861  
  154   17.9  5.3  3.5  Sniffles2.INS.77S37       1   451   (11) + (GT)n          Simple_repeat          1    459    (0) 1862  
  388   15.1  5.0  0.1  Sniffles2.INS.77S3A       1   782    (0) + (AT)n          Simple_repeat          1    820    (0) 1863  
   26   20.3  1.9  0.0  Sniffles2.INS.781S22      1    54    (5) + (TA)n          Simple_repeat          1     55    (0) 1864  
   30    2.7  0.0  5.0  Sniffles2.INS.783S0       3    44    (9) + (GGAGGGAT)n    Simple_repeat          1     40    (0) 1865  
  322   22.4  3.0  0.0  Sniffles2.INS.785S33     16    82   (11) + MLT2B5         LTR/ERVL               3     71  (646) 1866  
  340   20.4  3.2  2.1  Sniffles2.INS.786S33     31   124   (62) + MLT2B5         LTR/ERVL               3     97  (620) 1867  
  281   22.9  3.3  0.0  Sniffles2.INS.786S33    125   185    (1) + MLT2B5         LTR/ERVL               3     65  (652) 1868  
   37    6.1  7.1  1.4  Sniffles2.INS.787S22      1    70    (0) + (TATATTA)n     Simple_repeat          1     74    (0) 1869  
 1232   13.4  0.4  0.1  Sniffles2.INS.78S25       1  1356    (0) + ALR/Alpha      Satellite/centr        1   1359    (0) 1870  
   53    0.0  0.0  0.0  Sniffles2.INS.78S58       8    55    (0) + (AAAG)n        Simple_repeat          1     48    (0) 1871  
   17   27.4  4.0  1.3  Sniffles2.INS.792S17     15    90    (3) + G-rich         Low_complexity         1     78    (0) 1872  
   23    8.2  5.3  5.3  Sniffles2.INS.794S17      2    58    (0) + G-rich         Low_complexity         1     57    (0) 1873  
   28    4.8  0.0  4.4  Sniffles2.INS.79CS17      1    47    (5) + (GGGTGAG)n     Simple_repeat          1     45    (0) 1874  
  163    2.9  7.7  4.7  Sniffles2.INS.79S17       1   313    (2) + (TATATAA)n     Simple_repeat          1    322    (0) 1875  
  453   20.2  0.0  0.0  Sniffles2.INS.79S25       1    94    (0) + ALR/Alpha      Satellite/centr       49    142   (30) 1876  
   55    0.0  0.0  0.0  Sniffles2.INS.79S58       1    50    (0) + (AAGAA)n       Simple_repeat          1     50    (0) 1877  
 1042   16.4  0.0  0.0  Sniffles2.INS.7AS25       4   265    (1) + ALR/Alpha      Satellite/centr        1    262    (1) 1878  
  261    4.8  0.0  0.0  Sniffles2.INS.7B0S0       9    50   (11) C MER48          LTR/ERV1           (234)    173    132 1879  
 1041   15.4  0.5  0.1  Sniffles2.INS.7BS25       1   682    (0) + ALR/Alpha      Satellite/centr        1    684    (0) 1880  
  297   18.8  0.0  0.0  Sniffles2.INS.7BS2B       6    53    (5) + FRAM           SINE/Alu              97    144   (32) 1881  
   59    6.1  0.0  0.0  Sniffles2.INS.7BS58       9    76    (0) + (TA)n          Simple_repeat          1     68    (0) 1882  
   24   23.1  2.8  1.4  Sniffles2.INS.7CS2        3    73    (2) + (CATC)n        Simple_repeat          1     72    (0) 1883  
  315   19.6  1.8  0.0  Sniffles2.INS.7CS2B       2    57    (0) + Alu            SINE/Alu             232    288   (13) 1884  
   35    2.1  2.0  2.0  Sniffles2.INS.7DFS22      1    50    (0) + (AGAA)n        Simple_repeat          1     50    (0) 1885  
  620   17.7  1.2  0.0  Sniffles2.INS.7DS25       3   166    (3) + ALR/Alpha      Satellite/centr        1    165    (0) 1886  
   40    4.8  6.2  0.0  Sniffles2.INS.7DS31       1    65    (4) + (TATATAA)n     Simple_repeat          1     69    (0) 1887  
 2063   12.7  1.0  0.6  Sniffles2.INS.7DS58      14   323   (37) + AluSx          SINE/Alu               2    312    (0) 1888  
   33    0.0  8.3  3.2  Sniffles2.INS.7E5S22      1    60    (1) + (ATATATAT)n    Simple_repeat          1     63    (0) 1889  
   25   11.3  4.7  4.7  Sniffles2.INS.7E8S22      1    64    (0) + (CCTCTC)n      Simple_repeat          1     64    (0) 1890  
  390   16.3  4.3  2.1  Sniffles2.INS.7EES0      50   142  (137) + MLT2B5         LTR/ERVL               3     97  (620) 1891  
  350   18.5  4.3  2.1  Sniffles2.INS.7EES0     143   235   (44) + MLT2B5         LTR/ERVL               3     97  (620) 1891  
  231   20.9  0.0  0.0  Sniffles2.INS.7EES0     236   278    (1) + MLT2B5         LTR/ERVL               3     45  (672) 1892  
 1097   14.6  0.8  1.6  Sniffles2.INS.7ES25       4  1032    (0) + ALR/Alpha      Satellite/centr        1   1020    (0) 1893  
   40    4.5  0.0  0.0  Sniffles2.INS.7ES8        1    46    (3) + (ATGGA)n       Simple_repeat          1     46    (0) 1894  
 1246   13.1  0.9  0.1  Sniffles2.INS.7ESC0       3   847    (0) + ALR/Alpha      Satellite/centr        1    851    (0) 1895  
 1149   13.8  1.1  0.7  Sniffles2.INS.7FS25       1  1871    (1) + ALR/Alpha      Satellite/centr        1   1877    (0) 1896  
  982   12.1  1.2  0.6  Sniffles2.INS.7FSC0       4   169    (1) + ALR/Alpha      Satellite/centr        1    167    (4) 1897  
   49   10.1 10.5  2.1  Sniffles2.INS.7S12        1   133    (3) + (TCATT)n       Simple_repeat          1    144    (0) 1898  
   32   20.1  0.0  0.0  Sniffles2.INS.7S28        2    69    (1) + (TCTC)n        Simple_repeat          1     68    (0) 1899  
 1056   15.2  1.7  0.0  Sniffles2.INS.7S30        4   337    (1) + ALR/Alpha      Satellite/centr        1    339    (0) 1900  
 1484   18.2  5.7  0.0  Sniffles2.INS.7S31       53   316 (1154) C AluJb          SINE/Alu             (0)    302     24 1901  
 1090   13.2  0.7  0.0  Sniffles2.INS.7S31      378   529  (941) + AluSz          SINE/Alu               2    154  (158) 1902  
  244   17.5  0.0  0.0  Sniffles2.INS.7S31      530   569  (901) C MER126         DNA                (409)     40      1 1903  
   17   29.9  7.4  0.0  Sniffles2.INS.7S31      959  1053  (417) + GA-rich        Low_complexity         1    102    (0) 1904  
  890   13.7  2.4  0.7  Sniffles2.INS.7S36        1   331    (2) C ALR/Alpha      Satellite/centr     (64)    336      1 1905  
  376   14.1  0.0  1.6  Sniffles2.INS.7S8         2    66    (1) + BSR/Beta       Satellite             48    111   (25) 1906  
   28   13.4  0.0  0.0  Sniffles2.INS.7SBD       16    64   (15) + (ATTCC)n       Simple_repeat          1     49    (0) 1907  
 1276   15.8  0.3  0.3  Sniffles2.INS.7SF         3  3707    (0) + ALR/Alpha      Satellite/centr        1   3705    (0) 1908  
  227   22.9  0.0  0.0  Sniffles2.INS.809S22      1    48    (2) C L1MC3          LINE/L1            (210)   7575   7528 1909  
  301   15.1 11.4  7.2  Sniffles2.INS.80S8       11   289    (5) C HSATII         Satellite            (4)    290      1 1910  
   40    1.8  3.5  1.7  Sniffles2.INS.81S1        1    58    (0) + (GAAA)n        Simple_repeat          1     59    (0) 1911  
  607   18.4  5.3  8.6  Sniffles2.INS.81S8        3  1425   (15) C HSATII         Satellite            (7)   1376      1 1912  
  121    8.4  0.0  0.0  Sniffles2.INS.826S22      7   170    (8) + (TGCCC)n       Simple_repeat          1    164    (0) 1913  
  649   13.8  6.5  0.0  Sniffles2.INS.82S18      15   137 (1759) C AluJb          SINE/Alu           (171)    131      1 1914  
   26    8.9  0.0  0.0  Sniffles2.INS.82S18    1008  1043  (853) + (CA)n          Simple_repeat          1     36    (0) 1915  
  874   14.9  0.0  0.0  Sniffles2.INS.82S18    1048  1188  (708) C AluJb          SINE/Alu            (13)    289    149 1916  
  463   20.4  2.1  0.0  Sniffles2.INS.82S18    1475  1567  (329) + MER58B         DNA/hAT-Charlie        9    103  (238) 1917  
 2202    9.7  0.7  0.0  Sniffles2.INS.82S18    1569  1847   (49) + AluSx          SINE/Alu               1    281   (31) 1918  
  495   18.8 10.4 12.4  Sniffles2.INS.82S18    1707  1870   (26) C SVA_B          Retroposon/SVA     (931)    452    292 1919 *
  822   18.5  0.0  2.4  Sniffles2.INS.82S25       1   172    (4) + ALR/Alpha      Satellite/centr        3    170    (1) 1920  
  338   20.0  0.0  0.0  Sniffles2.INS.82S2B      10    74    (0) + FRAM           SINE/Alu              89    153   (23) 1921  
  916    9.3  2.6  3.2  Sniffles2.INS.83S13       1   156    (0) + SVA_B          Retroposon/SVA       454    608  (775) 1922  
  455   20.0  1.1  0.0  Sniffles2.INS.83S25       6   100    (0) + ALR/Alpha      Satellite/centr       32    127   (44) 1923  
  276   18.6  0.0  0.0  Sniffles2.INS.83S2B       3    45   (12) + Alu            SINE/Alu              98    140   (26) 1924  
   12   32.7  2.0  0.0  Sniffles2.INS.83S3A       4    52   (17) + (ACAT)n        Simple_repeat          1     50    (0) 1925  
  411   19.1  1.2  0.0  Sniffles2.INS.84S25       2    85   (16) + ALR/Alpha      Satellite/centr       47    131   (40) 1926  
  767   12.2  0.8  1.6  Sniffles2.INS.84SC0       1   174    (0) C ALR/Alpha      Satellite/centr     (39)    172      1 1927  
  244   21.7  3.3  0.0  Sniffles2.INS.85S2B       4    63    (0) + AluYk2         SINE/Alu             232    293   (18) 1928  
   28    0.0  5.9  0.0  Sniffles2.INS.86S2       11    44   (59) + (CTCC)n        Simple_repeat          1     36    (0) 1929  
   18   17.5  2.1  2.1  Sniffles2.INS.86S2       46   103    (0) + (TTCC)n        Simple_repeat          1     58    (0) 1930  
 1164    4.9  0.0  0.0  Sniffles2.INS.86S25       1   144    (2) C L1PA3          LINE/L1             (72)   6083   5940 1931  
  277   23.6  0.0  0.0  Sniffles2.INS.86S2B       6    60    (3) + FRAM           SINE/Alu              98    152   (24) 1932  
   40   11.4  0.0  0.0  Sniffles2.INS.86S5        2    67    (8) + (AT)n          Simple_repeat          1     66    (0) 1933  
 1823    5.4  0.0  0.0  Sniffles2.INS.87S25       1   222    (0) C L1PA3          LINE/L1             (72)   6083   5862 1934  
  363    9.8  0.0  0.0  Sniffles2.INS.87S58       1    51    (5) + 5S             rRNA                  48     98   (23) 1935  
 2995    4.1  0.3  0.6  Sniffles2.INS.88S25       3   369   (33) C L1PA3          LINE/L1              (5)   6150   5785 1936  
  277   23.6  0.0  0.0  Sniffles2.INS.88S2B       1    55    (7) + FRAM           SINE/Alu              98    152   (24) 1937  
 2812    4.3  0.0  0.0  Sniffles2.INS.89S25      11   361  (813) C L1PA2          LINE/L1            (789)   5357   5007 1938 *
 6887    3.0  0.1  0.0  Sniffles2.INS.89S25     359  1159   (15) + L1PA2          LINE/L1             5354   6155    (0) 1938  
  295   15.7  3.9  0.0  Sniffles2.INS.89S2B       1    51    (0) + FRAM           SINE/Alu             104    156   (20) 1939  
  802    7.1  0.0  0.0  Sniffles2.INS.8AS1        4   101  (219) + AluSc5         SINE/Alu              25    122  (187) 1940  
   40    2.5  0.0  0.0  Sniffles2.INS.8AS1      106   146  (174) + (AAC)n         Simple_repeat          1     41    (0) 1941  
 1211   12.2  0.0  0.0  Sniffles2.INS.8AS1      148   311    (9) + AluSc          SINE/Alu             133    296   (13) 1942  
 2818    1.9  0.3  0.0  Sniffles2.INS.8AS25       3   311    (3) + AluYe5         SINE/Alu               1    310    (0) 1943  
  252    7.9  0.0  0.0  Sniffles2.INS.8AS31       2    39   (32) C L1MCc          LINE/L1           (4943)   1480   1443 1944  
  292   19.1  0.0  0.0  Sniffles2.INS.8AS58       1    47   (28) + Tigger1        DNA/TcMar-Tigger    2372   2418    (0) 1945  
 2907    0.6  0.0  0.3  Sniffles2.INS.8BS1       16   326    (2) + AluY           SINE/Alu               2    311    (0) 1946  
   38    3.6  5.1  1.6  Sniffles2.INS.8BS37       1    59    (2) + (TTCT)n        Simple_repeat          1     61    (0) 1947  
 3765    0.7  0.0  0.0  Sniffles2.INS.8CS25       1   444    (0) + L1HS           LINE/L1             5741   6155    (0) 1948  
  292   12.8  0.0  0.0  Sniffles2.INS.8CS2B      13    51    (2) + AluJb          SINE/Alu             225    263   (49) 1949  
   38    5.4  3.3  1.6  Sniffles2.INS.8CS37       1    61    (0) + (AAGA)n        Simple_repeat          1     62    (0) 1950  
   18   15.8  4.5  2.2  Sniffles2.INS.8CS58       9    52    (4) + (CA)n          Simple_repeat          1     45    (0) 1951  
   12   26.2  0.0  2.4  Sniffles2.INS.8DS31      20    62    (0) + (ATAGT)n       Simple_repeat          1     42    (0) 1952  
   38   19.9  4.8  4.0  Sniffles2.INS.8DS58       9   132    (0) + (CA)n          Simple_repeat          1    125    (0) 1953  
 1092   15.6  0.2  0.1  Sniffles2.INS.8ES17       3   683    (1) + ALR/Alpha      Satellite/centr        1    681    (0) 1954  
  130   23.3  6.0  2.6  Sniffles2.INS.8ES58       1   484    (5) + (AC)n          Simple_repeat          1    500    (0) 1955  
   32   15.7  4.2  6.4  Sniffles2.INS.8ES6        3    98   (18) + (GT)n          Simple_repeat          1     94    (0) 1956  
   30   18.2  2.8  6.9  Sniffles2.INS.8ES6       99   106   (10) + (TGTTGTG)n     Simple_repeat          3    102    (0) 1957  
   32   18.4  1.4  0.0  Sniffles2.INS.8FS2B       1    69    (0) + (TGGAG)n       Simple_repeat          1     70    (0) 1958  
  313   20.4  0.0  0.0  Sniffles2.INS.8S2B       12    60    (3) + AluYa5         SINE/Alu             224    272   (39) 1959  
 1180   13.5  0.2  0.0  Sniffles2.INS.8S30        1   679    (0) + ALR/Alpha      Satellite/centr        1    680    (0) 1960  
  136   22.8  0.3  1.0  Sniffles2.INS.8S77        2   313    (0) + (TCCAC)n       Simple_repeat          1    310    (0) 1961  
  842   11.7  0.0  0.0  Sniffles2.INS.8S8         2   129    (5) + BSR/Beta       Satellite              1    128    (8) 1962  
 1054    8.0  0.6  0.0  Sniffles2.INS.8SA8        1   428    (9) C ACRO1          Satellite/acro       (9)    430      1 1963  
   16   25.7  0.0  0.0  Sniffles2.INS.8SBD        3    48    (2) + (ATTCC)n       Simple_repeat          1     46    (0) 1964  
   40    0.0  2.0  4.2  Sniffles2.INS.90S6        1    49    (2) + (TCTT)n        Simple_repeat          1     48    (0) 1965  
   14   28.1  0.0  0.0  Sniffles2.INS.91S2B       1    44    (6) + (GGAAT)n       Simple_repeat          1     44    (0) 1966  
  153   22.1  1.2  2.8  Sniffles2.INS.91SC0       1   206  (378) + (TCCAT)n       Simple_repeat          1    206    (0) 1967  
  247   20.5  0.0  0.0  Sniffles2.INS.91SC0     216   254  (330) C FRAM           SINE/Alu            (32)    144    106 1968  
  153   22.1  1.2  2.8  Sniffles2.INS.91SC0     271   413  (171) + (TCCAT)n       Simple_repeat          3    147    (0) 1969  
   39    2.0  0.0  3.8  Sniffles2.INS.92S1        1    55    (0) + (GAAA)n        Simple_repeat          1     53    (0) 1970  
  451   11.7  0.0  0.0  Sniffles2.INS.93S13       1    60   (72) C AluJo          SINE/Alu           (240)     72     13 1971 *
  472   13.8  1.8  0.0  Sniffles2.INS.93S13      35   126    (6) C AluJb          SINE/Alu            (57)    109     12 1972  
  262    8.8  8.7  0.0  Sniffles2.INS.93S18       1   494    (0) + (AT)n          Simple_repeat          1    537    (0) 1973  
   25   16.2  0.0  0.0  Sniffles2.INS.93S2B       1    49    (1) + (GAACG)n       Simple_repeat          1     49    (0) 1974  
   33   11.2  0.0  2.9  Sniffles2.INS.93S35       9    80   (20) + (TATATACG)n    Simple_repeat          1     70    (0) 1975  
   23   20.5  3.2  0.0  Sniffles2.INS.93SBF       1    62    (1) + (ATTATAT)n     Simple_repeat          1     64    (0) 1976  
  304   19.1  0.0  0.0  Sniffles2.INS.94S2B       5    51    (3) + AluYk3         SINE/Alu             233    279   (32) 1977  
 1051   13.2  0.7  0.0  Sniffles2.INS.96S11       1   144  (267) + AluSg4         SINE/Alu             131    275   (35) 1978  
 2879    1.8  0.0  2.1  Sniffles2.INS.97S25       1   338  (177) + L1PA2          LINE/L1             5814   6144   (11) 1979  
  918   13.5  0.0  0.0  Sniffles2.INS.97S25     341   514    (1) + ALR/Alpha      Satellite/centr        1    174    (0) 1980  
   16   34.9  0.0  0.0  Sniffles2.INS.97S2B       3    68    (1) + (AATGG)n       Simple_repeat          1     66    (0) 1981  
  282   18.4  0.0  0.0  Sniffles2.INS.99S2B      17    65   (12) + AluYj4         SINE/Alu             224    272   (39) 1982  
  295    6.8  0.0  0.0  Sniffles2.INS.9AS11       1    42  (188) C AluSx          SINE/Alu           (265)     37      1 1983  
 1423    8.6  1.6  0.5  Sniffles2.INS.9AS11      44   230    (0) C AluSg          SINE/Alu            (85)    225     37 1984  
   34    0.0  0.0  5.1  Sniffles2.INS.9AS31       1    41    (9) + (ACGTATAT)n    Simple_repeat          1     39    (0) 1985  
   12    8.9 10.5  2.4  Sniffles2.INS.9AS33      36    73    (4) + (ACCACT)n      Simple_repeat          1     41    (0) 1986  
   31    0.0  0.0  8.5  Sniffles2.INS.9BS1        1    51    (0) + (AAAG)n        Simple_repeat          1     47    (0) 1987  
 1649    5.5 19.8  0.0  Sniffles2.INS.9BS2B      20   276   (45) + AluY           SINE/Alu               2    309    (2) 1988  
  640   17.5  0.8  3.3  Sniffles2.INS.9CS18      14   137  (458) C FLAM_C         SINE/Alu            (12)    121      1 1989  
  836   12.7  0.0  0.8  Sniffles2.INS.9CS18     450   576   (19) + AluSx          SINE/Alu               1    126  (176) 1990  
  382   17.9  0.0  0.0  Sniffles2.INS.9CS2B       5    60    (4) + Alu            SINE/Alu             225    280   (22) 1991  
  175    5.6  0.5  0.9  Sniffles2.INS.9CS33       2   214    (0) + (CAC)n         Simple_repeat          1    212    (0) 1992  
   73    1.4  1.3  1.3  Sniffles2.INS.9CS37       1    77    (0) + (TTTC)n        Simple_repeat          1     77    (0) 1993  
   15   14.4  6.0  3.9  Sniffles2.INS.9CS5        5    54    (1) + (GGCAGGA)n     Simple_repeat          1     51    (0) 1994  
  330   15.2  0.0  0.0  Sniffles2.INS.9DS2B       5    50    (0) + FRAM           SINE/Alu              98    143   (33) 1995  
   23   13.7  0.0  9.4  Sniffles2.INS.9DS37       6    63    (0) + (AT)n          Simple_repeat          1     53    (0) 1996  
  271   23.4  3.1  0.0  Sniffles2.INS.9ES2B       4    67    (2) + FRAM           SINE/Alu              89    154   (12) 1997  
   46    7.3  3.2  3.2  Sniffles2.INS.9FS23      21   113   (43) + (ATATATGC)n    Simple_repeat          1     93    (0) 1998  
  391   17.2  3.1  0.0  Sniffles2.INS.9FS2B       5    68    (0) + Alu            SINE/Alu             224    289   (12) 1999  
   17    4.9  0.0  0.0  Sniffles2.INS.9FS3A       8    28   (40) + (G)n           Simple_repeat          1     21    (0) 2000  
   92   14.9  0.0  0.0  Sniffles2.INS.9S28        1   156    (0) + (TCTCTC)n      Simple_repeat          1    156    (0) 2001  
 1052   15.8  0.0  0.0  Sniffles2.INS.9S2F        1   341    (1) + ALR/Alpha      Satellite/centr        1    341    (0) 2002  
 1150   11.7  2.0  0.5  Sniffles2.INS.9S30        8   334    (1) + ALR/Alpha      Satellite/centr        1    332    (0) 2003  
 1233   10.5  0.5  0.0  Sniffles2.INS.9S36        3   852    (0) C ALR/Alpha      Satellite/centr      (0)    854      1 2004  
 1238   13.2  0.1  0.0  Sniffles2.INS.9S6F        4   928    (4) + ALR/Alpha      Satellite/centr        1    925    (0) 2005  
  351   16.7  1.5  0.0  Sniffles2.INS.9S8         1    66    (0) + BSR/Beta       Satellite             60    126   (10) 2006  
 1054    8.1  0.3  0.0  Sniffles2.INS.9SA8        1   574    (8) C ACRO1          Satellite/acro       (5)    575      1 2007  
   15   26.4  0.0  0.0  Sniffles2.INS.9SB9        1    45   (40) + (CATTC)n       Simple_repeat          1     45    (0) 2008  
   28    5.8  0.0  0.0  Sniffles2.INS.9SB9       49    84    (1) + (TCCAT)n       Simple_repeat          1     36    (0) 2009  
  269   16.7  0.0  0.0  Sniffles2.INS.A0S35       2    49   (71) C L1MCa          LINE/L1           (4967)   1541   1494 2010 *
  278   19.4  1.5  0.0  Sniffles2.INS.A0S35      43   109   (11) C L1MEc          LINE/L1           (4829)   1571   1504 2011  
 1033    5.0  0.0  0.0  Sniffles2.INS.A1S2B      23   142    (0) + AluYa5         SINE/Alu               1    120  (191) 2012  
   42   10.1  5.2  1.2  Sniffles2.INS.A2S23       4    80    (1) + (TA)n          Simple_repeat          1     80    (0) 2013  
  350   16.1  0.0  3.6  Sniffles2.INS.A2S2B      15    72    (5) + Alu            SINE/Alu              85    140   (26) 2014  
   37    7.4  1.8  0.0  Sniffles2.INS.A4S1        1    62    (0) + (ATATTAT)n     Simple_repeat          1     63    (0) 2015  
  234   24.5  0.0  0.0  Sniffles2.INS.A5S2B       5    53    (0) + AluJo          SINE/Alu             225    273   (39) 2016  
   24   18.4  0.0  0.0  Sniffles2.INS.A5S39       3    52    (0) + (CCCGCCC)n     Simple_repeat          1     50    (0) 2017  
   35    0.0  2.2  4.4  Sniffles2.INS.ABS1        1    46    (0) + (ATATATATC)n   Simple_repeat          1     45    (0) 2018  
 1037   13.5  2.5  0.0  Sniffles2.INS.ABS24       1   332    (1) C ALR/Alpha      Satellite/centr     (42)    340      1 2019  
  927   17.8  0.0  3.9  Sniffles2.INS.ABS25       2   511    (0) + ALR/Alpha      Satellite/centr        1    490    (0) 2020  
  277   20.8  0.0  0.0  Sniffles2.INS.ABS2B       4    51    (9) + AluYk3         SINE/Alu             232    279   (32) 2021  
   92    0.0  0.0  0.0  Sniffles2.INS.ABS5        1    81    (0) + (T)n           Simple_repeat          1     81    (0) 2022  
   40    9.4  5.0  0.0  Sniffles2.INS.ACS23       3    82    (1) + (TA)n          Simple_repeat          1     84    (0) 2023  
 1079   12.6  1.7  0.0  Sniffles2.INS.ACS24       1   332    (1) C ALR/Alpha      Satellite/centr     (39)    337      1 2024  
 1197   15.6  0.6  0.0  Sniffles2.INS.ACS25       1   840   (10) + ALR/Alpha      Satellite/centr        1    844    (0) 2025  
  650    8.4  6.7  4.4  Sniffles2.INS.ADS23       1   136    (0) + L1P1           LINE/L1             1883   1994 (4161) 2026  
  293   21.3  0.0  0.0  Sniffles2.INS.ADS2B       4    50   (10) + FRAM           SINE/Alu              98    144   (32) 2027  
  142   20.2  0.0  0.0  Sniffles2.INS.ADSC0      11   290  (351) + (CCATT)n       Simple_repeat          1    280    (0) 2028  
  288   23.2  0.0  0.0  Sniffles2.INS.ADSC0     301   356  (285) C Alu            SINE/Alu            (22)    279    224 2029  
   42   21.8  2.0  0.0  Sniffles2.INS.ADSC0     357   458  (183) + (ATTCC)n       Simple_repeat          1    104    (0) 2030  
  259   23.8  0.4  0.0  Sniffles2.INS.ADSC0     460   523  (118) C AluY           SINE/Alu            (13)    289    224 2031  
   87    3.4  0.0  0.0  Sniffles2.INS.ADSC0     540   629   (12) + (CCATT)n       Simple_repeat          1     90    (0) 2032  
 1068   12.9  1.6  0.0  Sniffles2.INS.AES24       1   332    (0) C ALR/Alpha      Satellite/centr     (40)    337      1 2033  
  338   20.0  0.0  0.0  Sniffles2.INS.AES2B      13    77    (0) + FRAM           SINE/Alu              89    153   (23) 2034  
   39    2.0  1.9  1.9  Sniffles2.INS.AES5        1    54    (0) + (AAAG)n        Simple_repeat          1     54    (0) 2035  
 1068   12.9  1.6  0.0  Sniffles2.INS.AFS24       1   332    (0) C ALR/Alpha      Satellite/centr     (40)    337      1 2036  
   52    0.0  0.0  0.0  Sniffles2.INS.AFS4        8    54    (0) + (C)n           Simple_repeat          1     47    (0) 2037  
   35    9.9  0.0  0.0  Sniffles2.INS.AFS6        6    60    (0) + (T)n           Simple_repeat          1     55    (0) 2038  
  314    8.4 14.8  0.9  Sniffles2.INS.AS12        1   863    (5) + (TCATT)n       Simple_repeat          1    982    (0) 2039  
  543   14.3  0.5  0.5  Sniffles2.INS.AS14       10   231   (33) + CER            Satellite              1    222    (0) 2040  
   29   17.4  0.0  0.0  Sniffles2.INS.AS16        1    58    (2) + (GAATG)n       Simple_repeat          1     58    (0) 2041  
   31   20.5  0.0  0.0  Sniffles2.INS.AS28        1    62    (0) + (CT)n          Simple_repeat          1     62    (0) 2042  
   31    3.0  0.0  0.0  Sniffles2.INS.AS2B        3    36  (141) + (AATGG)n       Simple_repeat          1     34    (0) 2043  
  282   18.4  0.0  0.0  Sniffles2.INS.AS2B       49    97   (80) + AluYj4         SINE/Alu             224    272   (39) 2044  
   18   20.3  0.0  0.0  Sniffles2.INS.AS2B      111   151   (26) + (AACAG)n       Simple_repeat          1     41    (0) 2045  
   14   18.1  0.0  0.0  Sniffles2.INS.AS2B      140   171    (6) + (GAGTG)n       Simple_repeat          1     32    (0) 2046 *
 1128   13.9  0.7  0.0  Sniffles2.INS.AS30        1   336    (2) + ALR/Alpha      Satellite/centr        1    338    (0) 2047  
   26   14.0  0.0  0.0  Sniffles2.INS.AS5D        1    47    (3) + (GGAAT)n       Simple_repeat          1     47    (0) 2048  
 1241   14.6  0.4  0.1  Sniffles2.INS.AS65        2  1357    (6) C ALR/Alpha      Satellite/centr      (7)   1359      1 2049  
  396   15.7  0.0  0.0  Sniffles2.INS.AS8         1    70    (0) + BSR/Beta       Satellite             14     83   (53) 2050  
   41    5.6  0.0  0.0  Sniffles2.INS.ASA8        1    56    (0) + (GAAG)n        Simple_repeat          1     56    (0) 2051  
  343   19.7  7.4  3.1  Sniffles2.INS.ASBD       12   282  (134) C HSATII         Satellite            (7)    282      1 2052  
   63   19.0  0.0  0.0  Sniffles2.INS.ASBD      292   416    (0) + (TGGAA)n       Simple_repeat          1    125    (0) 2053  
 1012    4.3  0.0  0.0  Sniffles2.INS.B0S2B       1   115    (0) + AluYa5         SINE/Alu              16    130  (181) 2054  
  449   16.2  0.0  1.4  Sniffles2.INS.B1S18       1    75  (117) C U3             snRNA              (143)     74      1 2055  
  329   17.3  0.0  0.0  Sniffles2.INS.B1S2B       5    56    (8) + Alu            SINE/Alu              89    140   (26) 2056  
 1056    0.9  0.0  0.0  Sniffles2.INS.B2S2B      47   159    (0) + AluYa5         SINE/Alu             182    294   (17) 2057  
   41    0.0  6.2  0.0  Sniffles2.INS.B3SBF       1    48    (3) + (CCCTTCT)n     Simple_repeat          1     51    (0) 2058  
   17   24.9  1.9  0.0  Sniffles2.INS.B4S2B      52   103    (1) + (GGAGT)n       Simple_repeat          1     53    (0) 2059  
  124   20.2  0.0  0.0  Sniffles2.INS.B5S2B       5   250    (4) + (ATTCC)n       Simple_repeat          1    246    (0) 2060  
  370   16.7  0.0  0.0  Sniffles2.INS.B6S2B      32    91    (1) + Alu            SINE/Alu              89    148   (18) 2061  
   24   28.4  0.0  0.0  Sniffles2.INS.B7S38       1    59    (1) + (AT)n          Simple_repeat          1     59    (0) 2062  
  707   20.9  0.0  0.0  Sniffles2.INS.B9S25       1   170    (1) + ALR/Alpha      Satellite/centr        1    170    (0) 2063  
   42    0.0  7.7  2.9  Sniffles2.INS.B9S31       1    65    (0) + (TCTT)n        Simple_repeat          1     68    (0) 2064  
   38    0.0  2.4  2.4  Sniffles2.INS.BAS33       1    41   (10) + (CT)n          Simple_repeat          1     41    (0) 2065  
   30    4.4  3.9  3.9  Sniffles2.INS.BASBF       1    51    (3) + (AT)n          Simple_repeat          1     51    (0) 2066  
  292   21.1  0.0  0.0  Sniffles2.INS.BDS2B       1    52   (10) + AluSz6         SINE/Alu             229    280   (32) 2067  
   14   25.5  3.1  7.6  Sniffles2.INS.BDS35    2276  2371 (2211) + (CCTCCA)n      Simple_repeat          1     92    (0) 2068  
   70   19.2  0.0  0.0  Sniffles2.INS.BDS37       1   131    (3) + (AT)n          Simple_repeat          1    131    (0) 2069  
  355   17.5  3.2  0.0  Sniffles2.INS.BES2B      15    77    (0) + AluYk2         SINE/Alu             225    289   (22) 2070  
   76   24.8  2.6  1.7  Sniffles2.INS.BFS18      37   265  (111) + (CAT)n         Simple_repeat          1    231    (0) 2071  
   53    8.4  3.3  0.0  Sniffles2.INS.BFS18     269   358   (18) + (CATCAC)n      Simple_repeat          1     93    (0) 2072  
  282   21.6  0.0  0.0  Sniffles2.INS.BFS2B       1    51    (5) + FRAM           SINE/Alu              94    144   (32) 2073  
  588   16.8  4.5  8.1  Sniffles2.INS.BS16       21   918    (0) C HSATII         Satellite            (4)    865      1 2074  
  332   20.2  5.7  5.4  Sniffles2.INS.BS25       10   244   (15) + HSATII         Satellite              1    235    (5) 2075  
   18   27.1  0.0  3.1  Sniffles2.INS.BS28        3    68    (8) + (TCTCTT)n      Simple_repeat          1     64    (0) 2076  
 1011    9.0  0.6  4.6  Sniffles2.INS.BS2B       15   198   (32) + AluY           SINE/Alu               1    166    (0) 2077  
 1061   15.0  1.7  0.0  Sniffles2.INS.BS2F        7   337    (0) + ALR/Alpha      Satellite/centr        1    336    (0) 2078  
  937   13.8  3.2  0.0  Sniffles2.INS.BS30        1   166    (1) + ALR/Alpha      Satellite/centr        1    171    (0) 2079  
 1177   12.6  0.6  0.0  Sniffles2.INS.BS36        1   337    (3) C ALR/Alpha      Satellite/centr     (35)    338      1 2080  
   88   14.0  0.0  0.0  Sniffles2.INS.BS5D        1   144    (1) + (TGGAA)n       Simple_repeat          1    144    (0) 2081  
  746   12.2  0.0  1.0  Sniffles2.INS.BS8         1   137    (0) + BSR/Beta       Satellite              1    135    (0) 2082  
  821    6.2  1.4  0.0  Sniffles2.INS.BSA8        3   143    (1) C ACRO1          Satellite/acro      (28)    143      1 2083  
  292   21.1  0.0  0.0  Sniffles2.INS.C0S2B       1    52    (1) + Alu            SINE/Alu             228    279   (22) 2084  
  173   12.1  5.3  6.4  Sniffles2.INS.C0S31       4   476    (1) + GA-rich        Low_complexity         1    468    (0) 2085  
   56    0.0  1.9  0.0  Sniffles2.INS.C0S33       1    54    (0) + (TTCT)n        Simple_repeat          1     55    (0) 2086  
   56    0.0  0.0  3.5  Sniffles2.INS.C0S37       1    59    (2) + (CTT)n         Simple_repeat          1     57    (0) 2087  
   12   28.4  0.0  0.0  Sniffles2.INS.C1S2B      65   103    (1) + (AATGG)n       Simple_repeat          1     39    (0) 2088  
   30    9.8  5.3  1.7  Sniffles2.INS.C1S5        1    57    (2) + (TA)n          Simple_repeat          1     59    (0) 2089  
   16   23.9  4.4  0.0  Sniffles2.INS.C2S1        2    46   (23) + (TA)n          Simple_repeat          1     47    (0) 2090  
   28   24.8  0.0  0.0  Sniffles2.INS.C2S2B       1    72    (3) + (GAATG)n       Simple_repeat          1     72    (0) 2091  
   20   20.2  0.0  3.8  Sniffles2.INS.C4S38       3    57    (1) + (TATA)n        Simple_repeat          1     53    (0) 2092  
  335   16.7  0.0  0.0  Sniffles2.INS.C5S2B      16    63    (0) + AluJo          SINE/Alu             229    276   (36) 2093  
  354    0.0  0.0  0.0  Sniffles2.INS.C6S2B       6    43   (23) + AluYk11        SINE/Alu             264    301   (10) 2094  
  131   19.8  3.9  1.2  Sniffles2.INS.C6S38       1   332    (0) + (TATA)n        Simple_repeat          1    341    (0) 2095  
  612    5.3  0.0  0.0  Sniffles2.INS.C6S4        2    76    (0) + L1P2           LINE/L1             1798   1872 (4312) 2096  
   37    2.4  2.4  0.0  Sniffles2.INS.C7S11       3    44    (1) + (CCTC)n        Simple_repeat          1     43    (0) 2097  
   19   15.2  0.0  6.4  Sniffles2.INS.C7S2       12    61    (0) + A-rich         Low_complexity         1     47    (0) 2098  
  354   18.2  3.7 18.1  Sniffles2.INS.C7S6        3   109   (93) C AluJb          SINE/Alu            (88)    214    121 2099  
  590   14.9  0.0  0.0  Sniffles2.INS.C7S6      116   202    (0) C AluSc          SINE/Alu            (12)    297    211 2100  
 1013   13.8  1.6  4.1  Sniffles2.INS.C8S2B       1   235   (56) + AluY           SINE/Alu              46    268   (34) 2101  
  253   15.0  5.0  0.0  Sniffles2.INS.C8S2B     201   240   (51) C SVA_A          Retroposon/SVA    (1016)    371    330 2102 *
  286   20.1  3.8  0.2  Sniffles2.INS.C8S2B     227   291    (0) + FRAM           SINE/Alu              99    155   (11) 2103  
  278   10.8  0.0  0.0  Sniffles2.INS.C9S2B      17    53    (0) C SVA_A          Retroposon/SVA    (1010)    377    341 2104  
  107   22.5  0.0  0.8  Sniffles2.INS.CAS2B       1   237    (0) + (TGGAA)n       Simple_repeat          1    235    (0) 2105  
   36    2.0  3.7  3.7  Sniffles2.INS.CAS3A       1    54    (0) + (TTCT)n        Simple_repeat          1     54    (0) 2106  
  773   16.3  0.0  0.0  Sniffles2.INS.CBS25       1   169    (2) C ALR/Alpha      Satellite/centr     (42)    169      1 2107  
 2650    1.2  0.0  1.2  Sniffles2.INS.CCS24       1   338    (0) + LSU-rRNA_Hsa   rRNA                4551   4884  (151) 2108  
  287   21.1  0.0  0.0  Sniffles2.INS.CCS2B      19    70    (7) + Alu            SINE/Alu              89    140   (26) 2109  
 2595    1.2  0.3  1.2  Sniffles2.INS.CDS24       3   336    (0) + LSU-rRNA_Hsa   rRNA                4551   4881  (154) 2110  
  129   19.2  0.0  0.0  Sniffles2.INS.CES2B      15   260    (9) + (ATTCC)n       Simple_repeat          1    246    (0) 2111  
   90   12.3  0.0  0.0  Sniffles2.INS.CFS24       1   141    (1) + (TCTC)n        Simple_repeat          1    141    (0) 2112  
  348    0.0  0.0  0.0  Sniffles2.INS.CFS37       1   297    (0) + (TTTC)n        Simple_repeat          1    297    (0) 2113  
   42   10.4  8.4  0.0  Sniffles2.INS.CFS4        3    85    (0) + (AT)n          Simple_repeat          1     90    (0) 2114  
   12   30.4  0.0  0.0  Sniffles2.INS.CS16        6    49    (1) + (GAATG)n       Simple_repeat          1     44    (0) 2115  
   71    1.3  2.4  2.4  Sniffles2.INS.CS25        1    84    (6) + (TTCCA)n       Simple_repeat          1     84    (0) 2116  
  118   21.2  0.8  0.0  Sniffles2.INS.CS28        2   255    (4) + (TCTC)n        Simple_repeat          1    256    (0) 2117  
 2793    2.6  0.0  0.0  Sniffles2.INS.CS2B       14   320   (45) + AluYk11        SINE/Alu               2    308    (3) 2118  
 1019   15.0  0.0  0.0  Sniffles2.INS.CS30        7   341    (1) + ALR/Alpha      Satellite/centr        1    335    (0) 2119  
  296   19.4  3.0  0.0  Sniffles2.INS.CS34       52   118   (68) C L1M4           LINE/L1           (3095)   3051   2983 2120  
  278   20.0  1.7  0.0  Sniffles2.INS.CS34      111   170   (16) C L1M4           LINE/L1           (3092)   3054   2994 2120 *
 1179   12.7  0.3  0.2  Sniffles2.INS.CS36        3   850    (1) C ALR/Alpha      Satellite/centr     (80)    848      1 2121  
   22   23.3  0.0  0.0  Sniffles2.INS.CS5D        5    59    (0) + (TGGAA)n       Simple_repeat          1     55    (0) 2122  
   74   23.6  1.1  0.6  Sniffles2.INS.CS77        1   180    (0) + (TTCCA)n       Simple_repeat          1    181    (0) 2123  
  591   22.1  0.9  0.3  Sniffles2.INS.CSA7        1  1310    (0) + (TCTC)n        Simple_repeat          1   1318    (0) 2124  
  894   10.6  0.0  0.7  Sniffles2.INS.CSAD        1   142    (0) C ACRO1          Satellite/acro       (0)    147      7 2125  
  535   19.2  1.4  1.5  Sniffles2.INS.CSBB      183   448  (145) C ACRO1          Satellite/acro      (31)    265      1 2126  
   28   24.2  0.0  2.5  Sniffles2.INS.CSBD        1    81    (1) + (CATTC)n       Simple_repeat          1     79    (0) 2127  
  133   13.3  0.5  0.0  Sniffles2.INS.D0S24       2   216  (477) + (TCTC)n        Simple_repeat          1    216    (0) 2128  
   12   14.1  3.0  3.0  Sniffles2.INS.D0S24     644   676   (17) + (TTTTGC)n      Simple_repeat          1     33    (0) 2129  
   19   15.4  3.7  3.7  Sniffles2.INS.D0S24     677   693    (0) + (TCTT)n        Simple_repeat          5     54    (0) 2130  
   32   10.8  6.7  0.0  Sniffles2.INS.D1S22       1    60    (0) + (TA)n          Simple_repeat          1     64    (0) 2131  
  253   26.9  0.0  0.0  Sniffles2.INS.D2S2B      11    77    (0) + FRAM           SINE/Alu              89    155   (21) 2132  
   25   15.3  5.2  0.0  Sniffles2.INS.D3S24       5    62    (7) + (TGTC)n        Simple_repeat          1     61    (0) 2133  
   55    0.0  0.0  0.0  Sniffles2.INS.D3S33       1    47    (3) + (AT)n          Simple_repeat          1     47    (0) 2134  
  289   14.3  0.0  0.0  Sniffles2.INS.D4S18       7    48 (1000) C AluSg4         SINE/Alu           (161)    149    108 2135  
  330   35.9  1.3  0.7  Sniffles2.INS.D4S18     168   321  (727) + MIR            SINE/MIR               6    160  (102) 2136  
 1972   12.7  0.3  6.3  Sniffles2.INS.D4S18     325   644  (404) + AluJb          SINE/Alu               1    302   (10) 2137  
 2709    4.8  0.0  0.0  Sniffles2.INS.D4S18     708  1016   (32) + AluYk2         SINE/Alu               1    309    (2) 2138  
  223    9.7  0.0  0.0  Sniffles2.INS.D4S18    1018  1048    (0) + MIR            SINE/MIR             218    248   (14) 2139  
   24   14.0  2.0  2.0  Sniffles2.INS.D4S22       1    51    (1) + (CCTT)n        Simple_repeat          1     51    (0) 2140  
   89   18.2  0.0  0.0  Sniffles2.INS.D4S24       3   169    (1) + (CTCT)n        Simple_repeat          1    167    (0) 2141  
  247   16.2  0.0  0.0  Sniffles2.INS.D4S2B       4    40   (12) + AluJb          SINE/Alu             240    276   (36) 2142  
   52   23.7  0.0  0.8  Sniffles2.INS.D5S24       3   122    (2) + (TC)n          Simple_repeat          1    119    (0) 2143  
   68   15.1  0.0  0.0  Sniffles2.INS.D6S24       1   117  (569) + (TCTC)n        Simple_repeat          1    117    (0) 2144  
  272   23.2  1.8  0.9  Sniffles2.INS.D6S24     122   338  (348) C HERVIP10FH-int LTR/ERV1          (4105)    997    779 2145  
  145   24.2  0.6  0.0  Sniffles2.INS.D6S24     339   681    (5) + (TCTC)n        Simple_repeat          1    345    (0) 2146  
   31    4.5  0.0  8.0  Sniffles2.INS.D6S4        1    54   (15) + (AT)n          Simple_repeat          1     50    (0) 2147  
   62   16.0  0.0  0.0  Sniffles2.INS.D7S24       1   111 (1001) + (TCTCTC)n      Simple_repeat          1    111    (0) 2148  
  272   23.2  1.8  0.9  Sniffles2.INS.D7S24     116   332  (780) C HERVIP10FH-int LTR/ERV1          (4105)    997    779 2149  
  341   22.6  1.0  0.3  Sniffles2.INS.D7S24     333  1109    (3) + (TCTC)n        Simple_repeat          1    783    (0) 2150  
  251    9.4  0.0  0.0  Sniffles2.INS.D7S37       4    35   (28) + Alu            SINE/Alu              16     47   (86) 2151  
 2938    0.6  0.0  0.0  Sniffles2.INS.D7S3A      16   326    (4) + AluY           SINE/Alu               1    311    (0) 2152  
  319   18.2 12.6  0.8  Sniffles2.INS.D7S6        1   111   (11) C L1P4           LINE/L1           (2304)   3842   3719 2153  
   47    3.1  2.8  2.8  Sniffles2.INS.D8S37       2    72    (2) + (AAAG)n        Simple_repeat          1     71    (0) 2154  
   94    0.0  0.0  0.0  Sniffles2.INS.D8S6        1    80    (0) + (TA)n          Simple_repeat          1     80    (0) 2155  
  475   22.5  0.4  0.0  Sniffles2.INS.D9S24       1  1025    (1) + (TCTC)n        Simple_repeat          1   1029    (0) 2156  
  670   10.2  0.0  0.0  Sniffles2.INS.D9S25       1    88  (166) C AluSc8         SINE/Alu            (31)    280    193 2157  
   18   22.9  0.0  0.0  Sniffles2.INS.D9SBF       1    46    (3) + (TGTATA)n      Simple_repeat          1     46    (0) 2158  
   42    6.8  1.1 10.3  Sniffles2.INS.DAS4        7   101    (6) + (CAG)n         Simple_repeat          1     87    (0) 2159  
   58    0.0  5.0  1.2  Sniffles2.INS.DBS1        4    83    (0) + (AAGA)n        Simple_repeat          1     83    (0) 2160  
  434   15.6  1.9  1.0  Sniffles2.INS.DBS25       1   110  (143) + L1P4           LINE/L1             5281   5390  (793) 2161  
  738   14.6  1.6  1.6  Sniffles2.INS.DBS25     111   235   (18) + FLAM_C         SINE/Alu               9    133    (0) 2162  
   31    3.8  7.1  1.7  Sniffles2.INS.DBS5        1    56    (0) + (AAAG)n        Simple_repeat          1     59    (0) 2163  
   36   12.8  0.0  0.0  Sniffles2.INS.DCS25      13    74    (6) + (TA)n          Simple_repeat          1     62    (0) 2164  
   42   22.2  0.0  0.0  Sniffles2.INS.DDS2B       1    94    (0) + (GAATG)n       Simple_repeat          1     94    (0) 2165  
   37    2.6  0.0  0.0  Sniffles2.INS.DES2        3    41   (34) + (T)n           Simple_repeat          1     39    (0) 2166  
   29   10.8  0.0  0.0  Sniffles2.INS.DES2B       2    51    (3) + (TGGAG)n       Simple_repeat          1     50    (0) 2167  
   26    7.3  9.8  3.1  Sniffles2.INS.DFS18       2    64    (0) + (TA)n          Simple_repeat          1     67    (0) 2168  
  273   23.5  0.0  1.5  Sniffles2.INS.DFS25      58   126  (110) C L1P3           LINE/L1           (1131)   5015   4948 2169  
  132    9.1  1.2  2.9  Sniffles2.INS.DFS2B      27   273    (2) + (TGGAA)n       Simple_repeat          1    243    (0) 2170  
   20   11.4  2.6  0.0  Sniffles2.INS.DS16        4    41    (8) + (GAATA)n       Simple_repeat          1     39    (0) 2171  
  137    8.6  1.9  1.9  Sniffles2.INS.DS25        1   262    (3) + (TCCAT)n       Simple_repeat          1    262    (0) 2172  
  259   18.0  4.0  0.0  Sniffles2.INS.DS2B        1    50    (1) + FRAM           SINE/Alu             105    156   (20) 2173  
 1153   13.3  1.1  0.2  Sniffles2.INS.DS30        1  1009    (1) + ALR/Alpha      Satellite/centr        1   1018    (0) 2174  
  279   23.4  1.1  7.7  Sniffles2.INS.DS34       10   193   (54) C L1M4           LINE/L1           (3040)   3106   2983 2175  
 2837    1.0  0.0  0.0  Sniffles2.INS.DS36       18   319    (0) + AluYa5         SINE/Alu               1    302    (9) 2176  
   24   16.6  0.0  0.0  Sniffles2.INS.DS5C        8    54   (11) + (GAGTG)n       Simple_repeat          1     47    (0) 2177  
  438   13.0  0.0  0.0  Sniffles2.INS.DS65        3    71    (0) + ALR/Alpha      Satellite/centr       49    117   (54) 2178  
  201   18.8  0.0  0.0  Sniffles2.INS.DS77        1   374    (1) + (TCCAT)n       Simple_repeat          1    374    (0) 2179  
  637   15.0  0.0  1.0  Sniffles2.INS.DS8         2   135    (0) + BSR/Beta       Satellite              1    132    (0) 2180  
 1046    7.7  0.6  0.0  Sniffles2.INS.DSA8        1   581    (1) C ACRO1          Satellite/acro      (50)    584      1 2181  
  905    9.3  1.1  0.0  Sniffles2.INS.DSAD        4   287    (0) C ACRO1          Satellite/acro      (48)    287      1 2182  
  364   20.4  2.1  5.0  Sniffles2.INS.DSB9        2   173    (2) + HSATII         Satellite              1    167    (4) 2183  
   66    1.6  1.6  0.0  Sniffles2.INS.E0S31       1    64    (0) + (AT)n          Simple_repeat          1     65    (0) 2184  
   61    0.0  3.2  0.0  Sniffles2.INS.E0S33       1    62    (0) + (ATACATATAT)n  Simple_repeat          1     64    (0) 2185  
   37   18.3  0.0  0.0  Sniffles2.INS.E1S33       1    74    (0) + (TATATA)n      Simple_repeat          1     74    (0) 2186  
   32   11.1  1.4  1.4  Sniffles2.INS.E2S2B      20    89  (200) + (TGGAATGCAA)n  Simple_repeat          1     70    (0) 2187  
  109   17.0  0.5  0.0  Sniffles2.INS.E2S2B      90   288    (1) + (AATGG)n       Simple_repeat          1    200    (0) 2188  
   20   14.0  0.0  2.5  Sniffles2.INS.E2S33      28    68    (3) + GA-rich        Low_complexity         1     40    (0) 2189  
   48   17.3  4.3  6.9  Sniffles2.INS.E2S4        1   164    (4) + (TA)n          Simple_repeat          1    160    (0) 2190  
 1020   14.0  5.7  0.0  Sniffles2.INS.E3S25       1   328    (1) C ALR/Alpha      Satellite/centr     (44)    346      1 2191  
   18   26.8  3.9  0.0  Sniffles2.INS.E3S31       3    54    (0) + (TA)n          Simple_repeat          1     54    (0) 2192  
   47   14.5  2.1  1.1  Sniffles2.INS.E4S24       3    95    (0) + (CTTT)n        Simple_repeat          1     94    (0) 2193  
 1092   14.7  0.8  0.0  Sniffles2.INS.E4S25       1   671    (9) C ALR/Alpha      Satellite/centr      (8)    676      1 2194  
  945   16.3  0.0  0.2  Sniffles2.INS.E5S25       1   342    (1) C ALR/Alpha      Satellite/centr     (24)    341      1 2195  
   92    4.8 11.6  0.4  Sniffles2.INS.E5S31       1   215    (2) + (AT)n          Simple_repeat          1    239    (0) 2196  
   12   26.8  4.1  0.0  Sniffles2.INS.E5S37      27    75    (0) + A-rich         Low_complexity         1     51    (0) 2197  
  341   20.9  2.3  0.0  Sniffles2.INS.E6S2        1    86    (0) + L1M4           LINE/L1             5627   5714  (470) 2198  
  956   17.2  1.4  0.1  Sniffles2.INS.E6S25       1   671    (1) C ALR/Alpha      Satellite/centr     (40)    679      1 2199  
   40    4.2  2.0  0.0  Sniffles2.INS.E6S35       1    50   (11) + (ATATATAGAT)n  Simple_repeat          1     51    (0) 2200  
  964   15.5  1.0  0.0  Sniffles2.INS.E7S25       1   337    (1) C ALR/Alpha      Satellite/centr     (13)    340      1 2201  
  252   12.8  6.4  0.0  Sniffles2.INS.E7S3A       1    47    (6) C HSAT5          Satellite            (4)     82     33 2202  
   27   15.3  0.0  0.0  Sniffles2.INS.E8S13       3    53    (3) + (CCTCCAC)n     Simple_repeat          1     51    (0) 2203  
 1024   13.4  0.0  0.0  Sniffles2.INS.E8S25       3   337    (5) C ALR/Alpha      Satellite/centr     (20)    335      1 2204  
  912   16.5  0.0  0.0  Sniffles2.INS.EAS25       5   168    (3) C ALR/Alpha      Satellite/centr      (0)    171      8 2205  
  103    6.3  1.5  0.0  Sniffles2.INS.EBS2B       7   139  (131) + (AATGG)n       Simple_repeat          1    135    (0) 2206  
   37   31.9  1.6  0.8  Sniffles2.INS.EBS2B     140   267    (3) + (GATGG)n       Simple_repeat          1    129    (0) 2207  
  674   14.1  0.0  0.0  Sniffles2.INS.EDS24       4   186    (1) C CER            Satellite           (29)    183      1 2208  
  915   13.5  0.0  0.0  Sniffles2.INS.EDS25       2   146    (1) + ALR/Alpha      Satellite/centr        1    145    (0) 2209  
  983   16.6  0.8  1.2  Sniffles2.INS.EES25       1   173    (0) + ALR/Alpha      Satellite/centr        1    172    (0) 2210  
  236   19.2  0.0  4.3  Sniffles2.INS.EES4       58   106  (113) + LTR35B         LTR/ERV1             206    252  (353) 2211  
  327   13.1  4.9  0.0  Sniffles2.INS.EES4      158   218    (1) + LTR35B         LTR/ERV1             526    589   (16) 2211  
  580   16.6  0.0  0.5  Sniffles2.INS.EFS24       1   139    (5) C CER            Satellite            (6)    138      1 2212  
  796   14.9  0.0  0.0  Sniffles2.INS.EFS25       1   170    (1) + ALR/Alpha      Satellite/centr        1    170    (0) 2213  
  227   17.2  0.0 12.3  Sniffles2.INS.ES16        1    73   (72) C HSATII         Satellite           (89)     81     17 2214  
   30    7.5  0.0  0.0  Sniffles2.INS.ES16       74   115   (30) + (GAATG)n       Satellite              1     42    (0) 2215  
  501   19.0  4.5  7.2  Sniffles2.INS.ES25        2   414    (1) + HSATII         Satellite              1    401    (5) 2216  
  288   23.6  0.0  0.0  Sniffles2.INS.ES2B        1    55    (1) + FRAM           SINE/Alu              94    148   (28) 2217  
 1104   13.4  1.7  0.4  Sniffles2.INS.ES2F        1   335    (1) + ALR/Alpha      Satellite/centr        1    339    (0) 2218  
 1001   13.9  0.4  0.2  Sniffles2.INS.ES30        1   329    (5) + ALR/Alpha      Satellite/centr        1    329    (0) 2219  
  280   16.5  5.2  6.2  Sniffles2.INS.ES34        1    97    (5) C L1MCa          LINE/L1           (4414)   2094   1999 2220  
  804   12.0  0.0  0.0  Sniffles2.INS.ES6F        1   125    (2) C ALR/Alpha      Satellite/centr      (2)    169     45 2221  
 1028    9.5  0.0  0.4  Sniffles2.INS.ES8         1   204    (1) + BSR/Beta       Satellite              1    203    (0) 2222  
 1055    9.7  1.0  0.0  Sniffles2.INS.ESAD        1   432    (0) C ACRO1          Satellite/acro      (52)    436      1 2223  
  973   16.3  0.1  0.0  Sniffles2.INS.ESB0        1   506    (0) + ALR/Alpha      Satellite/centr        1    506    (0) 2224  
  121   14.2  7.4  3.1  Sniffles2.INS.F0S3A       1   336    (3) + (GATGA)n       Simple_repeat          1    350    (0) 2225  
   21   19.0  0.0  4.3  Sniffles2.INS.F1S1        1    48    (7) + (TA)n          Simple_repeat          1     46    (0) 2226  
   82    0.0  0.0  0.0  Sniffles2.INS.F1S11       1    72   (43) + (CTTT)n        Simple_repeat          1     72    (0) 2227  
   37    0.0  0.0  0.0  Sniffles2.INS.F1S11      82   115    (0) + (TCCC)n        Simple_repeat          1     34    (0) 2228  
 1268   12.4  0.4  0.1  Sniffles2.INS.F1S25       1   674    (8) C ALR/Alpha      Satellite/centr     (35)    676      1 2229  
 1193   16.6  7.2  2.1  Sniffles2.INS.F1S3A       1  3284    (7) + (TGAGA)n       Simple_repeat          1   3448    (0) 2230  
  236    2.2  6.5  7.8  Sniffles2.INS.F1SBF       3   587    (1) + (TA)n          Simple_repeat          1    578    (0) 2231  
  998   15.1  0.0  0.0  Sniffles2.INS.F2S23       1   341    (0) + ALR/Alpha      Satellite/centr        1    341    (0) 2232  
  339   12.4  9.2  1.8  Sniffles2.INS.F2S3A       1   861    (6) + A-rich         Low_complexity         1    923    (0) 2233  
  469    5.0  0.0  0.0  Sniffles2.INS.F4S22       1    60    (0) C HERVH-int      LTR/ERV1          (7180)    533    474 2234  
  104    0.0  0.0  0.0  Sniffles2.INS.F4S5        1    91    (0) + (T)n           Simple_repeat          1     91    (0) 2235  
 1087   15.0  0.0  0.1  Sniffles2.INS.F5S23       1   337    (7) + ALR/Alpha      Satellite/centr        1    336    (0) 2236  
  268   10.3  0.0  0.0  Sniffles2.INS.F6S24       1    58    (2) + TAR1           Satellite/subtelo   1274   1331  (779) 2237  
   20   35.5  0.0  0.0  Sniffles2.INS.F6S35       1    85    (5) + (CCC)n         Simple_repeat          1     85    (0) 2238  
   30    8.9  0.0  3.9  Sniffles2.INS.F6S38       1    53    (5) + (GAAG)n        Simple_repeat          1     51    (0) 2239  
  951   14.2  0.0  0.0  Sniffles2.INS.F8S25       1   162    (9) C ALR/Alpha      Satellite/centr     (73)    162      1 2240  
  762   18.4  1.0  0.1  Sniffles2.INS.F9S11      34   181   (41) + FRAM           SINE/Alu              33    291   (11) 2241  
  361   11.3  0.0  0.0  Sniffles2.INS.F9S25       1    53    (0) C ALR/Alpha      Satellite/centr    (107)     64     12 2242  
   64    6.9  7.2  5.2  Sniffles2.INS.F9S6        4   155    (1) + (TACTATA)n     Simple_repeat          1    155    (0) 2243  
   31   12.3  1.8  0.0  Sniffles2.INS.FAS18       2    56    (0) + (TCCT)n        Simple_repeat          1     56    (0) 2244  
   51    0.0  2.0  0.0  Sniffles2.INS.FAS5        1    50    (0) + (GAAG)n        Simple_repeat          1     51    (0) 2245  
   77   12.2  4.2  3.5  Sniffles2.INS.FBS18       1   168    (2) + (CCTC)n        Simple_repeat          1    169    (0) 2246  
   26    6.4  0.0  0.0  Sniffles2.INS.FBS6       19    51    (0) + (A)n           Simple_repeat          1     33    (0) 2247  
  580   11.0  5.5  0.0  Sniffles2.INS.FCSBF       1    91   (18) + HSMAR1         DNA/TcMar-Mariner    945   1040  (247) 2248  
 1506   11.0  5.2  1.3  Sniffles2.INS.FDS24       2  1221    (1) C GSATII         Satellite/centr      (0)   1266      1 2249  
   25   23.7  3.6  2.4  Sniffles2.INS.FDS6        5    87    (2) + (TTCCT)n       Simple_repeat          1     84    (0) 2250  
   12   24.8  3.6  3.6  Sniffles2.INS.FES35       7    62    (1) + (CTC)n         Simple_repeat          1     56    (0) 2251  
   31   22.5  0.0  1.5  Sniffles2.INS.FFSBF       1    68    (4) + (AT)n          Simple_repeat          1     67    (0) 2252  
   42    7.4  0.0  0.0  Sniffles2.INS.FS15        1    57   (13) + (GAATG)n       Simple_repeat          1     57    (0) 2253  
   34   14.4  0.0  0.0  Sniffles2.INS.FS16        4    64    (0) + (GAATG)n       Simple_repeat          1     61    (0) 2254  
   82    7.8  0.6  5.7  Sniffles2.INS.FS1F        1   166    (2) + (GCTG)n        Simple_repeat          1    158    (0) 2255  
  305   15.8 13.7  0.0  Sniffles2.INS.FS25        1    95    (9) + HSATII         Satellite              9    116   (54) 2256  
  308   19.1  0.0  0.0  Sniffles2.INS.FS2B        5    51    (7) + FRAM           SINE/Alu              98    144   (32) 2257  
 1023   15.5  0.2  0.6  Sniffles2.INS.FS2F        1   341    (1) + ALR/Alpha      Satellite/centr        1    339    (0) 2258  
 1070   11.5  1.5  0.0  Sniffles2.INS.FS30        1   331    (3) + ALR/Alpha      Satellite/centr        1    335    (0) 2259  
  540   10.1  0.0  0.0  Sniffles2.INS.FS34        5    95    (0) C CER            Satellite           (31)     91      1 2260  
 1233   10.5  0.4  0.2  Sniffles2.INS.FS36        2   848    (0) C ALR/Alpha      Satellite/centr      (0)    848      1 2261  
  628   16.2  4.0  0.8  Sniffles2.INS.FS6F        1   282    (0) C ALR/Alpha      Satellite/centr     (26)    290      1 2262  
  973   16.3  0.1  0.0  Sniffles2.INS.FSB0        1   506    (0) + ALR/Alpha      Satellite/centr        1    506    (0) 2263  
  970   11.0  1.9  0.0  Sniffles2.INS.FSBB        1   294    (0) C ACRO1          Satellite/acro       (3)    299      1 2264  
   56    1.9  0.0  0.0  Sniffles2.INS.FSBD        2    56    (9) + (TTCCA)n       Simple_repeat          1     55    (0) 2265  
