   SW   perc perc perc  query                 position in query     matching       repeat              position in repeat
score   div. del. ins.  sequence              begin end    (left)   repeat         class/family      begin  end    (left)   ID

  817   18.9  0.6  0.0  Sniffles2.INS.0S30        6   169     (1) + ALR/Alpha      Satellite/centr        1    165    (6)    1  
 1146   14.5  0.3  1.2  Sniffles2.INS.0S6F        2  1019     (1) + ALR/Alpha      Satellite/centr        1   1008    (0)    2  
   40    0.0  4.2  2.0  Sniffles2.INS.0SA7      249   296   (465) + (TTTC)n        Simple_repeat          1     49    (0)    3  
   12   13.9  0.0  0.0  Sniffles2.INS.0SA7      301   324   (437) + (CTCG)n        Simple_repeat          1     24    (0)    4  
  104   11.3  1.0  1.0  Sniffles2.INS.0SA7      328   521   (240) + (TC)n          Simple_repeat          1    194    (0)    5  
   41    2.0  0.0  0.0  Sniffles2.INS.0SA7      522   572   (189) + (CCTC)n        Simple_repeat          1     51    (0)    6  
   43    7.7  0.0  0.0  Sniffles2.INS.0SA8      364   418  (2384) + (GT)n          Simple_repeat          1     55    (0)    7  
   28    0.0  0.0  0.0  Sniffles2.INS.0SA8      472   498  (2304) + (AGAC)n        Simple_repeat          1     27    (0)    8  
  201   23.4  3.1  1.5  Sniffles2.INS.0SA8      927   991  (1811) + MER5A          DNA/hAT-Charlie      118    183    (6)    9  
 1523   21.8 16.2  0.8  Sniffles2.INS.0SA8     1244  1705  (1097) + MER21B         LTR/ERVL             200    732  (136)   10  
   14   13.8  0.0  5.9  Sniffles2.INS.0SA8     1854  1889   (913) + (TTTTGC)n      Simple_repeat          1     34    (0)   11  
 1761   11.8  6.6  0.0  Sniffles2.INS.0SA8     1892  2178   (624) C L1PA10         LINE/L1              (0)   6168   5863   12  
  365   23.2  0.0  0.0  Sniffles2.INS.0SA8     2568  2636   (166) + MER47C         DNA/TcMar-Tigger       1     69   (28)   13  
  244   15.6  0.0  0.0  Sniffles2.INS.0SB3       47    91     (0) + L1M2           LINE/L1             5244   5288  (855)   14  
 2962    0.6  0.0  0.0  Sniffles2.INS.0SB7       12   325     (0) C AluYb8         SINE/Alu             (3)    315      2   15  
 2824    1.0  0.7  0.0  Sniffles2.INS.100S11      2   308     (0) C AluYg6         SINE/Alu             (1)    310      2   16  
  668   13.5  0.0  0.0  Sniffles2.INS.100S6       1    89     (1) + AluJo          SINE/Alu             142    230   (82)   17  
   29    2.1  3.5  9.3  Sniffles2.INS.101S35      1    57     (1) + (AT)n          Simple_repeat          1     54    (0)   18  
   26   20.7  2.6  2.6  Sniffles2.INS.102S24      4    80     (3) + G-rich         Low_complexity         1     77    (0)   19  
  167   14.5  8.0  1.1  Sniffles2.INS.102S39      7   420    (46) + (TA)n          Simple_repeat          1    442    (0)   20  
   16   25.3  0.0  3.9  Sniffles2.INS.103S11     18    70   (167) + G-rich         Low_complexity         1     51    (0)   21  
   30   10.7  4.0  0.0  Sniffles2.INS.103S18      2    51     (7) + (AT)n          Simple_repeat          1     52    (0)   22  
   21   23.9  1.8  0.0  Sniffles2.INS.106S0       6    61     (1) + (ATG)n         Simple_repeat          1     57    (0)   23  
  421   27.5  4.7  0.0  Sniffles2.INS.106S18    398   546   (261) + MIRb           SINE/MIR              49    204   (64)   24  
 1684   14.8  0.0  3.2  Sniffles2.INS.106S18    549   807     (0) + AluJb          SINE/Alu               1    251   (51)   25  
  417   27.0  7.9  5.0  Sniffles2.INS.107SBF    312   603   (325) C Charlie15b     DNA/hAT-Charlie      (6)   1055    756   26  
  648   27.5  7.1  1.9  Sniffles2.INS.107SBF    632   928     (0) + L1MD           LINE/L1             2234   2545 (3601)   27  
  227   29.2  4.3  2.5  Sniffles2.INS.108S13     89   204     (2) C L2d2           LINE/L2            (226)   3238   3121   28  
  372   16.7  0.0  0.0  Sniffles2.INS.108SBF    375   446   (826) C L1MA7          LINE/L1              (4)   6287   6216   29  
 1414   16.8  0.0  0.5  Sniffles2.INS.108SBF    701   915   (357) C MER66C         LTR/ERV1           (341)    214      1   30  
 2251   11.4  0.3  0.0  Sniffles2.INS.108SBF    938  1245    (27) + AluSc          SINE/Alu               1    309    (0)   31  
   15    4.3  4.2  0.0  Sniffles2.INS.108SBF   1246  1269     (3) + (ACA)n         Simple_repeat          1     25    (0)   32  
 2766    3.2  0.0  0.0  Sniffles2.INS.109S11     17   327    (18) + AluYk11        SINE/Alu               1    311    (0)   33  
  226    5.9  9.4  0.0  Sniffles2.INS.109S35      1   459     (2) + (AT)n          Simple_repeat          1    502    (0)   34  
   83   16.8  0.0  0.0  Sniffles2.INS.109SC0      1   149     (1) + (TCCAT)n       Simple_repeat          1    149    (0)   35  
  432    6.0  0.0  0.0  Sniffles2.INS.10AS37      1    50   (142) C AluYb8         SINE/Alu           (133)    185    136   36 *
  538   26.2  0.0  6.5  Sniffles2.INS.10AS37     44    69   (123) + SVA_A          Retroposon/SVA       147    284 (1103)   37  
  724   17.4  0.0  0.8  Sniffles2.INS.10AS37     70   190     (2) C AluJr4         SINE/Alu           (142)    170     51   38  
  400    5.9  0.0  0.0  Sniffles2.INS.10BS37      1    68     (0) C SVA_F          Retroposon/SVA     (604)    771    704   39  
 1487    5.8  0.0  0.0  Sniffles2.INS.10CS25      1   173     (8) C AluYc          SINE/Alu            (10)    289    117   40  
 2136    2.9  2.7  5.2  Sniffles2.INS.10CSBF      1  3229     (1) + (TATATATATT)n  Simple_repeat          1   3153    (0)   41  
   30    4.1 10.0  0.0  Sniffles2.INS.10FS18      1    50     (0) + (TA)n          Simple_repeat          1     55    (0)   42  
 2739    6.2  0.3  0.0  Sniffles2.INS.10FSBF      2   358     (0) C L1P1           LINE/L1           (4836)   1319    962   43  
  248   14.8  0.0  0.0  Sniffles2.INS.10S0       30    76     (1) + L1PA8A         LINE/L1             5946   5992  (176)   44  
   60    1.7  1.6  0.0  Sniffles2.INS.10S28       1    61     (0) + (TCT)n         Simple_repeat          1     62    (0)   45  
  450    0.0  0.0  0.0  Sniffles2.INS.10S2B       1    48    (59) + AluYk11        SINE/Alu             254    301   (10)   46  
 1043   16.1  2.2  0.0  Sniffles2.INS.10S2F       1   678     (1) + ALR/Alpha      Satellite/centr        1    692    (0)   47  
 1055   15.2  1.7  0.0  Sniffles2.INS.10S30       5   337     (1) + ALR/Alpha      Satellite/centr        1    338    (0)   48  
  259    5.6  0.0  0.0  Sniffles2.INS.10S34      64    99     (2) C L1MCa          LINE/L1           (4408)   2100   2065   49  
   28   12.2  0.0  0.0  Sniffles2.INS.10S5D       3    56    (88) + (GGAAT)n       Simple_repeat          1     54    (0)   50  
 1165    8.0  0.7  0.0  Sniffles2.INS.10SAD       4  1449     (1) C ACRO1          Satellite/acro      (28)   1456      1   51  
  955   16.2  0.2  0.0  Sniffles2.INS.10SB0       1   505     (0) + ALR/Alpha      Satellite/centr        1    506    (0)   52  
   16   11.1  0.0  0.0  Sniffles2.INS.10SBD       5    33    (12) + (ATTCC)n       Simple_repeat          1     29    (0)   53  
  302   16.9 37.1  0.0  Sniffles2.INS.110S5      15   103     (4) C FRAM           SINE/Alu            (25)    141     20   54  
   78    2.3  0.0  0.0  Sniffles2.INS.112S2       1    90     (7) + (A)n           Simple_repeat          1     90    (0)   55  
   36    3.8  7.4  0.0  Sniffles2.INS.112SBF     12    65    (12) + (TA)n          Simple_repeat          1     58    (0)   56  
   59    0.0  0.0  3.3  Sniffles2.INS.114S2       1    62     (0) + (TTTC)n        Simple_repeat          1     60    (0)   57  
   32    2.0  7.5  1.8  Sniffles2.INS.115S1       5    57     (0) + (TCC)n         Simple_repeat          1     56    (0)   58  
 1234   13.2  0.0  0.0  Sniffles2.INS.115S13      1   167     (0) C AluSx3         SINE/Alu            (56)    255     89   59  
  816    7.9  0.0  0.0  Sniffles2.INS.115S33     45   145     (0) C AluY           SINE/Alu            (12)    299    199   60  
  774    7.9  3.1  1.5  Sniffles2.INS.115SBF      7   135     (0) + L1P3           LINE/L1             4675   4805 (1341)   61  
  918   14.8  1.2  0.0  Sniffles2.INS.116S23      1   336     (0) + ALR/Alpha      Satellite/centr        1    340    (0)   62  
   96    1.1  0.0  0.0  Sniffles2.INS.116S39      9    97   (288) + (T)n           Simple_repeat          1     89    (0)   63  
 2772    0.0  0.0  0.0  Sniffles2.INS.116S39     98   385     (0) C AluYb8         SINE/Alu            (30)    288      1   64  
  482   17.4 14.8  0.5  Sniffles2.INS.117S6       5   200     (1) C HAL1M8         LINE/L1           (1680)   1311   1088   65  
 1093   13.4  0.3  0.2  Sniffles2.INS.118S23      1   684     (0) + ALR/Alpha      Satellite/centr        1    684    (0)   66  
   30    7.9  5.6  0.0  Sniffles2.INS.118S6       1    54     (0) + (TA)n          Simple_repeat          1     57    (0)   67  
  154   10.2  6.7  0.6  Sniffles2.INS.118SBF      1   298     (0) + (TATAATA)n     Simple_repeat          1    316    (0)   68  
 6402    5.4  0.9  0.1  Sniffles2.INS.119S22      1   847     (1) C L1P1           LINE/L1            (722)   5432   4583   69  
  443   17.2  4.3  1.0  Sniffles2.INS.11BS25      4    97     (0) C MLT2B1         LTR/ERVL           (156)    411    315   70  
 1059   15.8  0.6  0.0  Sniffles2.INS.11CS23      1   339     (0) + ALR/Alpha      Satellite/centr        1    340    (0)   71  
 1596   13.9  3.4  0.0  Sniffles2.INS.11CS31      5   288     (0) C AluSx          SINE/Alu             (6)    296      4   72  
   31   13.1  0.0  3.3  Sniffles2.INS.11ES22      4    66     (0) + (ATATATC)n     Simple_repeat          1     61    (0)   73  
  355   19.2  0.0  1.5  Sniffles2.INS.11FS6     172   257     (9) + L1M5           LINE/L1             5712   5791 (2091)   74  
  355   18.5  6.2  0.0  Sniffles2.INS.11S0       30   110    (44) + L1PA10         LINE/L1             5946   6031  (137)   75  
  248   14.8  0.0  0.0  Sniffles2.INS.11S0      107   153     (1) + L1PA8A         LINE/L1             5946   5992  (176)   76 *
   44   12.7  1.2  1.2  Sniffles2.INS.11S28       1    80     (3) + (TTTC)n        Simple_repeat          1     80    (0)   77  
  978   19.1  0.0  0.2  Sniffles2.INS.11S30       1   342     (1) + ALR/Alpha      Satellite/centr        1    341    (0)   78  
  540   10.1  0.0  0.0  Sniffles2.INS.11S34       5    95     (0) C CER            Satellite           (31)     91      1   79  
  227   15.8  1.4 10.8  Sniffles2.INS.11S5D      12    82     (7) C HSATII         Satellite           (10)    160     96   80  
  366   13.6  1.7  0.0  Sniffles2.INS.11S8        1    59     (6) + BSR/Beta       Satellite             31     90   (46)   81  
  960   11.1  0.0  0.0  Sniffles2.INS.11SBB       1   144     (3) C ACRO1          Satellite/acro       (3)    144      1   82  
 2641    3.2  0.3  0.9  Sniffles2.INS.120S11     13   330     (0) C L1PA3          LINE/L1              (0)   6155   5840   83  
  226   22.2  0.0  0.0  Sniffles2.INS.121S11     43    87    (50) C MIR            SINE/MIR            (10)    252    208   84  
 1023   14.7  0.0  0.0  Sniffles2.INS.121S23      1   344     (0) + ALR/Alpha      Satellite/centr        1    344    (0)   85  
   98    0.0  0.0  0.0  Sniffles2.INS.121S6      12    97   (281) + (T)n           Simple_repeat          1     86    (0)   86  
 2705    0.0  0.0  0.0  Sniffles2.INS.121S6      98   378     (0) C AluYa5         SINE/Alu            (30)    281      1   87  
 2427    0.4  0.0  0.0  Sniffles2.INS.123S3A     21   287     (2) + L1HS           LINE/L1             5889   6155    (0)   88  
   49    5.8  4.0  1.3  Sniffles2.INS.123S5       6    80     (1) + (AT)n          Simple_repeat          1     77    (0)   89  
   12   13.1  2.7  5.6  Sniffles2.INS.124S25     11    47     (4) + (AATATA)n      Simple_repeat          1     36    (0)   90  
   30    3.0  2.9  0.0  Sniffles2.INS.124S31     12    45    (16) + (AC)n          Simple_repeat          1     35    (0)   91  
  793    5.3  2.6  0.0  Sniffles2.INS.124S38      1   113     (1) C SVA_A          Retroposon/SVA     (747)    640    525   92  
   20   16.9  0.0  4.8  Sniffles2.INS.125S13     14    57     (6) + (TA)n          Simple_repeat          1     42    (0)   93  
   20   16.4  3.5  3.5  Sniffles2.INS.125S25      6    63     (5) + (ATATATG)n     Simple_repeat          1     58    (0)   94  
   26   17.8  5.5  2.7  Sniffles2.INS.126S13      1    73     (4) + (TA)n          Simple_repeat          1     75    (0)   95  
  713   14.6  0.0  0.0  Sniffles2.INS.126S33    113   215     (0) C AluSc          SINE/Alu            (39)    270    168   96  
   89    1.2  0.0  0.0  Sniffles2.INS.126S38      1    83     (1) + (G)n           Simple_repeat          1     83    (0)   97  
 2747    0.3  0.0  0.0  Sniffles2.INS.126S3A     12   329     (0) C AluYb9         SINE/Alu             (0)    318      2   98  
 2809    0.3  0.0  0.0  Sniffles2.INS.127S11     16   309     (0) + AluY           SINE/Alu               1    294   (17)   99  
   24   11.4  7.9  6.5  Sniffles2.INS.127S25      1    76     (0) + (AT)n          Simple_repeat          1     77    (0)  100  
   37    6.6  8.9  0.0  Sniffles2.INS.127S6      10    88     (0) + (AT)n          Simple_repeat          1     86    (0)  101  
 2630    1.1  0.0  0.0  Sniffles2.INS.128S11     10   316     (0) C AluYa5         SINE/Alu             (0)    311      2  102  
 2189    0.4  0.0  1.6  Sniffles2.INS.128S25      1   256     (0) + AluY           SINE/Alu              41    292    (9)  103  
   70   13.7  3.0  4.3  Sniffles2.INS.129S25      1   165     (2) + (TATATTA)n     Simple_repeat          1    163    (0)  104  
   80    2.7 11.9  2.7  Sniffles2.INS.12AS25     19   220     (2) + (TA)n          Simple_repeat          1    220    (0)  105  
  245   24.6  3.5  3.4  Sniffles2.INS.12BS25     20   911     (1) + (ATTATAT)n     Simple_repeat          1    892    (0)  106  
   60    0.0  0.0  0.0  Sniffles2.INS.12FS11      1    54     (0) + (TCTT)n        Simple_repeat          1     54    (0)  107  
   29   10.8  0.0  0.0  Sniffles2.INS.12FS24      1    50     (0) + (TCCAT)n       Simple_repeat          1     50    (0)  108  
   22   19.3  0.0  0.0  Sniffles2.INS.12FS33      5    51     (0) + (TATA)n        Simple_repeat          1     47    (0)  109  
  332   17.0  0.0  0.0  Sniffles2.INS.12S2B       3    55     (7) + AluYk2         SINE/Alu             227    279   (32)  110  
  766   18.2  0.0  1.2  Sniffles2.INS.12S30       2   175     (0) + ALR/Alpha      Satellite/centr        1    171    (0)  111  
   31   25.6  0.0  0.0  Sniffles2.INS.12S5D       2    84     (4) + (GAATG)n       Simple_repeat          1     83    (0)  112  
  504   10.1  0.0  0.0  Sniffles2.INS.12S8        1    69     (0) + BSR/Beta       Satellite              1     69   (67)  113  
   23   18.4  0.0  0.0  Sniffles2.INS.12SBD       1    49    (10) + (TTCCA)n       Simple_repeat          1     49    (0)  114  
   43   15.6  0.0  3.4  Sniffles2.INS.130S25      1    92     (2) + (ATATAAT)n     Simple_repeat          1     89    (0)  115  
  486   15.6  1.7  0.0  Sniffles2.INS.130S37      3   878     (0) + (CACACA)n      Simple_repeat          1    891    (0)  116  
   31    0.0  0.0  9.3  Sniffles2.INS.132S13     10    56     (1) + (GGCTGAG)n     Simple_repeat          1     43    (0)  117  
   26   41.7  0.0  0.0  Sniffles2.INS.133S5      14   112     (0) + (AT)n          Simple_repeat          1     99    (0)  118  
   18    0.0  0.0  0.0  Sniffles2.INS.134S11      1    23    (28) + (CTTT)n        Simple_repeat          1     23    (0)  119  
   30    0.0  0.0  0.0  Sniffles2.INS.134S11     24    51     (0) + (CTTC)n        Simple_repeat          1     28    (0)  120  
  235    2.1  0.0  4.2  Sniffles2.INS.134S2       1    50     (0) + SVA_F          Retroposon/SVA       704    751  (624)  121  
  145    5.5  0.7  8.7  Sniffles2.INS.135S11      1   273     (2) + (CCCTT)n       Simple_repeat          1    253    (0)  122  
   19   21.7  3.1  4.8  Sniffles2.INS.135S13      6    69    (87) + (TA)n          Simple_repeat          1     63    (0)  123  
  737   15.7  0.0  0.0  Sniffles2.INS.135S18      2   109   (147) + AluSc8         SINE/Alu             196    303    (8)  124  
   23   22.1  3.5  0.0  Sniffles2.INS.135S35      8    65     (2) + (AT)n          Simple_repeat          1     60    (0)  125  
   37   17.2  4.4  1.1  Sniffles2.INS.135S6       3    92     (3) + (TGTA)n        Simple_repeat          1     93    (0)  126  
   66    7.7  4.2  2.5  Sniffles2.INS.136S1       5   122     (2) + (TCTT)n        Simple_repeat          1    120    (0)  127  
  614    2.5  0.0  0.0  Sniffles2.INS.136S13     15    93     (0) + Alu            SINE/Alu               1     79  (222)  128  
   27    8.5  8.0  0.0  Sniffles2.INS.137S25      2    51     (2) + (TA)n          Simple_repeat          1     54    (0)  129  
   26   17.1  4.3  1.4  Sniffles2.INS.13BS25      1    69     (0) + (TATTATA)n     Simple_repeat          1     71    (0)  130  
   17   25.9  4.2  1.4  Sniffles2.INS.13BS35     38   108     (2) + (AACAA)n       Simple_repeat          1     73    (0)  131  
   53    5.7  1.3  2.6  Sniffles2.INS.13BS37      1    78     (2) + (TTCT)n        Simple_repeat          1     77    (0)  132  
   37    6.3  5.6  2.7  Sniffles2.INS.13CS11      1    71     (0) + (GGAG)n        Simple_repeat          1     73    (0)  133  
  164   10.9  3.9  3.5  Sniffles2.INS.13CS25      2   338     (4) + (TATAATA)n     Simple_repeat          1    338    (0)  134  
   29   22.7  0.0  1.6  Sniffles2.INS.13CS38      3    67     (0) + (TA)n          Simple_repeat          1     64    (0)  135  
   35    9.2  5.6  1.4  Sniffles2.INS.13DS25      1    72     (1) + (ATATATA)n     Simple_repeat          1     75    (0)  136  
  101   14.0  3.8  4.3  Sniffles2.INS.13DS39      1   227     (0) + G-rich         Low_complexity         1    225    (0)  137  
 1273   10.9  0.0  0.0  Sniffles2.INS.13DS6       1   165   (419) + AluSg4         SINE/Alu             132    296   (14)  138  
 1022   29.0  3.8  0.7  Sniffles2.INS.13DS6     174   461   (123) C L1MEb          LINE/L1           (5768)    302      6  139  
   24   17.5  4.5  1.5  Sniffles2.INS.13DS6     515   580     (4) + (TACATT)n      Simple_repeat          1     68    (0)  140  
   31    4.6 14.9  0.0  Sniffles2.INS.13FS25      2    68     (0) + (AT)n          Simple_repeat          1     77    (0)  141  
   26   18.4  0.0  0.0  Sniffles2.INS.13S1        8    56     (1) + (CA)n          Simple_repeat          1     49    (0)  142  
   59    1.4  2.7  2.7  Sniffles2.INS.13S25       1    74     (6) + (TTCCA)n       Simple_repeat          1     74    (0)  143  
  940   15.5  0.4  0.0  Sniffles2.INS.13S30       1   341     (0) + ALR/Alpha      Satellite/centr        1    342    (0)  144  
  529   13.1  3.4  0.0  Sniffles2.INS.13S34       1   131     (5) C CER            Satellite           (33)    135      1  145  
  427   14.5  0.0  0.0  Sniffles2.INS.13S8        2    70     (0) + BSR/Beta       Satellite             28     96   (40)  146  
  868   13.1  1.6  0.0  Sniffles2.INS.13SB0       5   164     (0) + ALR/Alpha      Satellite/centr        1    162    (2)  147  
   18   19.2  2.0  2.0  Sniffles2.INS.13SBD       1    49     (1) + (ATTCC)n       Simple_repeat          1     49    (0)  148  
   66   13.9  5.2  0.0  Sniffles2.INS.140S25      1   137     (0) + (TATAT)n       Simple_repeat          1    144    (0)  149  
  141   19.0  0.7  1.1  Sniffles2.INS.143S0       1   281     (0) + (ATC)n         Simple_repeat          1    280    (0)  150  
   82   23.4  1.5  0.5  Sniffles2.INS.144S33      1   195     (6) + (GT)n          Simple_repeat          1    197    (0)  151  
 1405    9.1  0.3  0.1  Sniffles2.INS.144S3A      1  3343     (0) + ALR/Alpha      Satellite/centr        1   3350    (0)  152  
 1534   21.0  1.4  0.0  Sniffles2.INS.145S25      8   302   (517) + AluJb          SINE/Alu               1    299   (13)  153  
 1037   17.5  1.2  0.0  Sniffles2.INS.145S25    304   469   (350) + FRAM           SINE/Alu               1    168    (8)  154  
 1763   16.5  0.0  6.6  Sniffles2.INS.145S25    482   805    (14) C AluJb          SINE/Alu             (8)    304      1  155  
   47    0.0  4.0  0.0  Sniffles2.INS.145S33      3    52     (0) + (ATAAA)n       Simple_repeat          1     52    (0)  156  
  101    2.6  2.5  1.6  Sniffles2.INS.146S11      3   123     (0) + (TGG)n         Simple_repeat          1    122    (0)  157  
  115    8.0 11.2  0.4  Sniffles2.INS.146S22      7   247     (0) + (AT)n          Simple_repeat          1    267    (0)  158  
   30    7.1  4.8  3.1  Sniffles2.INS.147S35      1    63     (6) + (AT)n          Simple_repeat          1     64    (0)  159  
   30    9.7  8.6  1.3  Sniffles2.INS.14AS0       2    73     (0) + (GGTGGA)n      Simple_repeat          1     77    (0)  160  
  733    2.8  0.0  0.9  Sniffles2.INS.14CS1       3   110     (0) + SVA_F          Retroposon/SVA       743    849  (526)  161  
   35   13.8  0.0  4.3  Sniffles2.INS.14CS11      1    72     (2) + A-rich         Low_complexity         1     69    (0)  162  
  270    5.0 22.5  0.0  Sniffles2.INS.14DS39     10    49     (2) + AluY           SINE/Alu             124    172  (129)  163  
   28   17.8  3.1  7.5  Sniffles2.INS.14ES0       3   100     (7) + (CAC)n         Simple_repeat          1     94    (0)  164  
  279   19.4  0.0  3.2  Sniffles2.INS.14ES22      1    64    (33) C MER52D         LTR/ERV1          (1401)    722    661  165  
   46   13.9  6.3  0.0  Sniffles2.INS.14ES38      1    99     (5) + (TA)n          Simple_repeat          1    105    (0)  166  
   47    1.9  3.7  0.0  Sniffles2.INS.14FS2       1    54     (0) + (ATAG)n        Simple_repeat          1     56    (0)  167  
 1302   12.6  0.5  0.8  Sniffles2.INS.14S24       1   514     (0) + ALR/Alpha      Satellite/centr        1    512    (0)  168  
  132    8.7  2.3  1.9  Sniffles2.INS.14S25       1   261     (3) + (TCCAT)n       Simple_repeat          1    262    (0)  169  
  256   13.9  0.0  0.0  Sniffles2.INS.14S2B      10    45     (0) + Alu            SINE/Alu              93    128   (38)  170  
  993   15.0  0.6  0.4  Sniffles2.INS.14S30       3  1020     (0) + ALR/Alpha      Satellite/centr        1   1020    (0)  171  
  294   20.9  0.0  0.0  Sniffles2.INS.14S8        1    67     (1) + BSR/Beta       Satellite              3     69   (67)  172  
  137    8.9  1.4  0.9  Sniffles2.INS.150S2       4   222     (1) + (ATGG)n        Simple_repeat          1    220    (0)  173  
   25   10.0  4.7  0.0  Sniffles2.INS.150S37      4    46     (0) + (TA)n          Simple_repeat          1     45    (0)  174  
   32    4.7  2.2  0.0  Sniffles2.INS.151S1       3    47     (0) + (GAA)n         Simple_repeat          1     46    (0)  175  
  306    9.2  1.1  0.2  Sniffles2.INS.151S2       1   464     (0) + (ATGG)n        Simple_repeat          1    468    (0)  176  
  603   10.3  0.0  0.0  Sniffles2.INS.152S33      3    80     (1) + AluSc8         SINE/Alu             183    260   (51)  177  
  734   13.4  0.9  0.0  Sniffles2.INS.153S25      1   131     (1) + AluSx          SINE/Alu               2    220   (82)  178  
   25   20.8  0.0  0.0  Sniffles2.INS.153S37      3    49    (66) + (C)n           Simple_repeat          1     47    (0)  179  
   32    0.0  0.0  0.0  Sniffles2.INS.153S37     86   115     (0) + (CTCTCC)n      Simple_repeat          1     30    (0)  180  
   51   17.4  3.7  0.0  Sniffles2.INS.153S6       1   109     (0) + (CTCT)n        Simple_repeat          1    113    (0)  181  
 1146   14.8  0.9  0.7  Sniffles2.INS.154SBF      1  4079     (0) C ALR/Alpha      Satellite/centr     (13)   4085      1  182  
  246   18.2  0.0  0.0  Sniffles2.INS.155S5      25    66   (146) C Zaphod         DNA/hAT-Tip100    (1470)   2609   2568  183  
  736   15.3  6.0  1.4  Sniffles2.INS.155S5      67   199    (13) + AluJb          SINE/Alu               3    141  (161)  184  
  689   17.7  2.3  2.0  Sniffles2.INS.156S0       1   242     (0) C MLT2B4         LTR/ERVL           (151)    566    385  185  
   53   15.9  3.8  0.0  Sniffles2.INS.156S11      1   105     (3) + (TA)n          Simple_repeat          1    109    (0)  186  
   65    6.3  5.4  4.6  Sniffles2.INS.156S37      1   130     (1) + GA-rich        Low_complexity         1    131    (0)  187  
   47    0.0  0.0  0.0  Sniffles2.INS.157S1       1    51     (1) + (A)n           Simple_repeat          1     51    (0)  188  
   24   18.6  0.0  2.2  Sniffles2.INS.157S33      7    53     (0) + (TA)n          Simple_repeat          1     46    (0)  189  
   36    6.2  3.9  0.0  Sniffles2.INS.158S22      3    53     (0) + (AT)n          Simple_repeat          1     53    (0)  190  
   95   10.6  8.1  0.9  Sniffles2.INS.158S25      1   198     (6) + (TA)n          Simple_repeat          1    212    (0)  191  
  346    0.0  2.3  0.0  Sniffles2.INS.159S2       3    45    (11) + L1P1           LINE/L1             4628   4671 (1475)  192  
   16    8.5  2.2  9.5  Sniffles2.INS.159S25      9    53     (0) + (ATATT)n       Simple_repeat          1     42    (0)  193  
   18   23.0  4.9  0.0  Sniffles2.INS.15BS25      1    61     (5) + (TTATATA)n     Simple_repeat          1     64    (0)  194  
   35   16.9  7.8  3.7  Sniffles2.INS.15CS25      1   129     (0) + (TATAAT)n      Simple_repeat          1    134    (0)  195  
   56   19.6  6.9  2.5  Sniffles2.INS.15DS25      7   195     (7) + (AT)n          Simple_repeat          1    197    (0)  196  
   53    0.0  0.0  0.0  Sniffles2.INS.15ES35      1    48     (3) + (AGACAT)n      Simple_repeat          1     48    (0)  197  
   14   16.6  0.0  5.4  Sniffles2.INS.15FS2       2    40     (5) + (TGTGTA)n      Simple_repeat          1     37    (0)  198  
  304   13.7  4.2  7.6  Sniffles2.INS.15S25       1    95     (9) + HSATII         Satellite             48    139   (31)  199  
  930   14.9  2.1  0.0  Sniffles2.INS.15S2F       1   337     (0) + ALR/Alpha      Satellite/centr        1    344    (0)  200  
  978   16.6  0.6  0.0  Sniffles2.INS.15S30       8   340     (0) + ALR/Alpha      Satellite/centr        1    334    (0)  201  
  429   21.6  4.5  0.0  Sniffles2.INS.15S3A       4    91    (25) + LTR69          LTR/ERVL             445    536   (52)  202  
  996   16.2  0.6  0.0  Sniffles2.INS.15SB0       4   512     (0) + ALR/Alpha      Satellite/centr        1    511    (0)  203  
  333   14.6  0.0  3.8  Sniffles2.INS.15SBD       9    63     (0) C AluSz6         SINE/Alu            (35)    277    225  204  
   34    2.0  7.7  1.8  Sniffles2.INS.161S38      2    53     (1) + (TA)n          Simple_repeat          1     55    (0)  205  
   41    0.0  4.4  0.0  Sniffles2.INS.164S1       1    45     (7) + (CTTT)n        Simple_repeat          1     47    (0)  206  
  462    2.2  7.4  4.1  Sniffles2.INS.165S0       1    95     (1) + SVA_C          Retroposon/SVA       699    796  (588)  207  
   56    4.6  0.0  0.0  Sniffles2.INS.165S31      1    68     (0) + (A)n           Simple_repeat          1     68    (0)  208  
   19   18.7  6.1  0.0  Sniffles2.INS.165S5       3    51     (2) + (TA)n          Simple_repeat          1     52    (0)  209  
   58    0.0  1.9  0.0  Sniffles2.INS.166S1       1    53     (0) + (AT)n          Simple_repeat          1     54    (0)  210  
   66    5.4  3.0  2.0  Sniffles2.INS.166SBF      1   101     (6) + (ATATATGT)n    Simple_repeat          1    102    (0)  211  
   36   14.1  0.0  0.0  Sniffles2.INS.168S31      3    59     (1) + (AT)n          Simple_repeat          1     57    (0)  212  
   50    1.9 14.4  0.0  Sniffles2.INS.169S0       1   104    (10) + (TA)n          Simple_repeat          1    119    (0)  213  
 1192   15.3  1.1  0.0  Sniffles2.INS.16AS23      3  1013     (0) + ALR/Alpha      Satellite/centr        1   1021    (0)  214  
   33   20.9  0.0  0.0  Sniffles2.INS.16AS33      3    68     (1) + (TA)n          Simple_repeat          1     66    (0)  215  
   75    3.0 13.7  0.5  Sniffles2.INS.16ASBF      8   182    (12) + (AT)n          Simple_repeat          1    198    (0)  216  
  666   14.9  4.1  0.8  Sniffles2.INS.16BS23      1   165     (1) + ALR/Alpha      Satellite/centr        1    170    (0)  217  
  118    0.9  0.0  0.0  Sniffles2.INS.16CS38      1   107     (0) + (T)n           Simple_repeat          1    107    (0)  218  
   47    0.0 12.5  0.0  Sniffles2.INS.16CS39     10    81     (0) + (AT)n          Simple_repeat          1     81    (0)  219  
 1168   13.1  1.5  0.1  Sniffles2.INS.16ES23      6  1010     (2) + ALR/Alpha      Satellite/centr        1   1018    (0)  220  
  119    7.3  2.2  1.6  Sniffles2.INS.16ES31      3   185     (0) + (TCCC)n        Simple_repeat          1    184    (0)  221  
  291   12.8  0.0  0.0  Sniffles2.INS.16ES37      4    50     (6) C L1M1           LINE/L1           (1370)   4776   4730  222  
  999    9.4  0.0  0.0  Sniffles2.INS.16S0        1   127    (15) + AluSc8         SINE/Alu             170    296   (15)  223  
   73    2.8  0.0  0.0  Sniffles2.INS.16S15       1    74     (1) + (AATGG)n       Simple_repeat          1     74    (0)  224  
  388    3.9  3.9  0.0  Sniffles2.INS.16S1C       1    51     (1) + L1PA10         LINE/L1             1987   2039 (4314)  225  
   24   16.8  0.0  0.0  Sniffles2.INS.16S23       1    42     (5) + (AT)n          Simple_repeat          1     42    (0)  226  
  244   22.0  0.0  0.0  Sniffles2.INS.16S2B       4    53     (0) + AluYh7         SINE/Alu             228    277   (34)  227  
 1000   17.4  0.0  0.3  Sniffles2.INS.16S2F       1   341     (1) + ALR/Alpha      Satellite/centr        1    340    (0)  228  
 1126   12.0  1.3  0.0  Sniffles2.INS.16S30       2   336     (1) + ALR/Alpha      Satellite/centr        1    339    (0)  229  
  466    6.5  0.0  1.6  Sniffles2.INS.16S8        6    68     (1) + BSR/Beta       Satellite             10     71   (65)  230  
  912   18.0  1.2  0.2  Sniffles2.INS.16SBA       3   337     (0) + ALR/Alpha      Satellite/centr        1    338    (0)  231  
  866    8.2  0.0  0.0  Sniffles2.INS.16SBB       1   146     (1) C ACRO1          Satellite/acro      (47)    146      1  232  
   99    5.0  9.1  0.0  Sniffles2.INS.170S22      1   165     (2) + (AT)n          Simple_repeat          1    180    (0)  233  
  656    5.3  0.7  7.5  Sniffles2.INS.171S2       5   147     (0) + SVA_E          Retroposon/SVA       646    779  (603)  234  
   44    7.2  0.0  6.4  Sniffles2.INS.172S31      1    83     (2) + (TA)n          Simple_repeat          1     78    (0)  235  
  127    0.0  0.9  0.0  Sniffles2.INS.174S33      1   111     (0) + (AT)n          Simple_repeat          1    112    (0)  236  
   63    4.6  0.0  0.0  Sniffles2.INS.174S6       1    67     (1) + (AG)n          Simple_repeat          1     67    (0)  237  
 1031   15.9  0.2  0.0  Sniffles2.INS.175S23      3   340     (0) + ALR/Alpha      Satellite/centr        1    338    (0)  238  
  368    4.3  2.2  0.0  Sniffles2.INS.175S25     91   136     (0) C AluYd8         SINE/Alu            (10)    289    243  239  
 2652    1.1  0.0  0.0  Sniffles2.INS.177S23     14   330     (0) C AluYk2         SINE/Alu             (0)    311      1  240  
  403    8.2  0.0  0.0  Sniffles2.INS.177S5       1    49     (1) + AluSp          SINE/Alu              32     80  (233)  241  
  112    0.0  5.2  0.0  Sniffles2.INS.178S33      1   116     (0) + (AT)n          Simple_repeat          1    122    (0)  242  
   52   11.5  0.0  0.0  Sniffles2.INS.178S6       1    76     (0) + (A)n           Simple_repeat          1     76    (0)  243  
   48   16.2  4.8  2.4  Sniffles2.INS.179S6       1   124     (1) + (ATTT)n        Simple_repeat          1    127    (0)  244  
   43    0.0  3.6  3.6  Sniffles2.INS.179SBF      1    55     (0) + (TTCT)n        Simple_repeat          1     55    (0)  245  
 1020   17.0  0.7  0.7  Sniffles2.INS.17BS11      3   682     (2) + ALR/Alpha      Satellite/centr        1    680    (4)  246  
 1270   11.9  2.0  0.6  Sniffles2.INS.17CS11      2  1363     (0) + ALR/Alpha      Satellite/centr        1   1380    (0)  247  
   37   15.2  0.0  0.0  Sniffles2.INS.17CS35      1    61     (3) + (TA)n          Simple_repeat          1     61    (0)  248  
   20   25.5  1.7  1.7  Sniffles2.INS.17CS5      16    73     (5) + (TA)n          Simple_repeat          1     58    (0)  249  
  880   13.6  0.0  0.8  Sniffles2.INS.17DS25      2   133  (3584) + AluSc8         SINE/Alu             158    288   (23)  250  
 1162   15.8  4.0  2.9  Sniffles2.INS.17DS25    134  2868   (849) + (TTATA)n       Simple_repeat          1   2765    (0)  251  
   34    3.5 10.2  0.0  Sniffles2.INS.17DS25   2893  2951   (766) + (TA)n          Simple_repeat          1     65    (0)  252  
 4933    1.8  0.3  0.0  Sniffles2.INS.17DS25   2952  3517   (200) + HSATI          Satellite              1    568    (0)  253  
 1074   12.9  0.7  0.0  Sniffles2.INS.17DS25   3517  3671    (46) + AluY           SINE/Alu              13    168  (133)  254 *
  313   25.0  1.4  0.0  Sniffles2.INS.17FSC0     13    84   (959) C Alu            SINE/Alu             (5)    296    224  255  
  423   23.1  0.5  0.2  Sniffles2.INS.17FSC0     97  1040     (3) + (CATTC)n       Satellite              1    947    (0)  256  
   17   17.9  0.0 11.1  Sniffles2.INS.17S1        1    70     (9) + (CGCACCC)n     Simple_repeat          1     63    (0)  257  
   16   24.0  0.0  0.0  Sniffles2.INS.17S15       1    44     (6) + (AATGG)n       Simple_repeat          1     44    (0)  258  
   17   18.4  0.0  0.0  Sniffles2.INS.17S16       1    37    (83) + (GAGTG)n       Simple_repeat          1     37    (0)  259  
   37    6.6  0.0  0.0  Sniffles2.INS.17S16      45    92    (28) + (GGAAT)n       Simple_repeat          1     48    (0)  260  
 1024   17.1  0.2  0.5  Sniffles2.INS.17S2F       1   341     (1) + ALR/Alpha      Satellite/centr        1    340    (0)  261  
 1072   14.5  2.5  0.3  Sniffles2.INS.17S30       1   673     (0) + ALR/Alpha      Satellite/centr        1    687    (0)  262  
  259   17.4  0.0  0.0  Sniffles2.INS.17S35      12    57     (0) + L1M1           LINE/L1             5498   5543  (762)  263  
  905    8.0  0.0  0.5  Sniffles2.INS.17S8        2   134     (1) + BSR/Beta       Satellite              1    132    (0)  264  
 3905    2.7  0.2  0.0  Sniffles2.INS.17SBA       1   450   (161) C L1PA2          LINE/L1              (1)   6154   5704  265  
 1160    7.9  1.3  0.0  Sniffles2.INS.17SBA     451   602     (9) + 7SK            snRNA                 87    240   (91)  266  
  810   17.8  3.1  0.0  Sniffles2.INS.180S23      3   165     (1) + ALR/Alpha      Satellite/centr        1    168    (3)  267  
  375   21.8  5.5  0.0  Sniffles2.INS.182S0       8   117    (26) C MER33          DNA/hAT-Charlie    (124)    200     85  268  
   29    7.9  9.3  0.0  Sniffles2.INS.182S25      2    55     (0) + (AT)n          Simple_repeat          1     59    (0)  269  
   30   16.1  0.0  0.0  Sniffles2.INS.182S35      2    52     (0) + (TA)n          Simple_repeat          1     51    (0)  270  
  406   23.7  4.9  1.4  Sniffles2.INS.183S18      6  1287     (1) + (CCT)n         Simple_repeat          1   1326    (0)  271  
   64    0.0  1.7  0.0  Sniffles2.INS.184S35      2    59     (0) + (AG)n          Simple_repeat          1     59    (0)  272  
   21   20.9  0.0  0.0  Sniffles2.INS.186S25      1    40    (10) + A-rich         Low_complexity         1     40    (0)  273  
   76    0.0  4.0  0.0  Sniffles2.INS.187S35      1    75     (0) + (AT)n          Simple_repeat          1     78    (0)  274  
 2320    9.0  0.0  0.0  Sniffles2.INS.187S39     20   308     (1) + AluSg          SINE/Alu               5    293   (17)  275  
   31   19.8  2.9  0.0  Sniffles2.INS.189S35      6    74     (0) + (TA)n          Simple_repeat          1     71    (0)  276  
 2652    1.1  0.0  0.0  Sniffles2.INS.18CS23     14   332     (0) C AluYk2         SINE/Alu             (0)    311      1  277  
 1168   13.8  0.6  0.0  Sniffles2.INS.18ES23      1  1357     (1) + ALR/Alpha      Satellite/centr        1   1364    (0)  278  
   55    7.3  6.8  0.9  Sniffles2.INS.18FS2       1   104     (0) + (ATATATT)n     Simple_repeat          1    110    (0)  279  
  467   15.0  9.2  3.8  Sniffles2.INS.18S15      11   208     (2) C HSATII         Satellite            (4)    208      1  280  
  103    2.1  0.0  0.0  Sniffles2.INS.18S25       1    99     (1) + (TCCAT)n       Simple_repeat          1     99    (0)  281  
  259   21.3  0.0  0.0  Sniffles2.INS.18S2B       1    47    (21) + AluJo          SINE/Alu             230    276   (36)  282  
 1222   13.3  0.5  0.1  Sniffles2.INS.18S2F       3  1021     (0) + ALR/Alpha      Satellite/centr        1   1023    (0)  283  
  739   14.9  0.4  1.9  Sniffles2.INS.18S30       1   172     (0) + ALR/Alpha      Satellite/centr        1    169    (0)  284  
  668   13.8  0.0  0.0  Sniffles2.INS.18S34       1   190     (2) C CER            Satellite            (2)    190      1  285  
  254   12.2  0.0  0.0  Sniffles2.INS.18S35       1    41    (15) + L1M1           LINE/L1             5507   5547  (758)  286  
 3948    2.7  0.0  0.0  Sniffles2.INS.18SBA       1   451   (501) C L1PA2          LINE/L1              (1)   6154   5704  287  
 1224    9.5  0.6  1.2  Sniffles2.INS.18SBA     452   622   (330) + 7SK            snRNA                 87    256   (75)  288  
 1096   14.7  1.1  0.0  Sniffles2.INS.18SBA     614   951     (1) + ALR/Alpha      Satellite/centr        1    341    (0)  289 *
 1114    9.0  0.2  0.3  Sniffles2.INS.18SBB       1   439     (0) C ACRO1          Satellite/acro      (55)    438      1  290  
   36    5.9  1.8  1.8  Sniffles2.INS.18SBD       5    59     (1) + (ATTCC)n       Simple_repeat          1     55    (0)  291  
 2652    1.1  0.0  0.0  Sniffles2.INS.190S23     13   328     (0) C AluYk2         SINE/Alu             (0)    311      1  292  
  826   17.1  0.6  0.0  Sniffles2.INS.191S1       1   158    (11) C ALR/Alpha      Satellite/centr     (12)    159      1  293  
   66    3.3  5.3  0.0  Sniffles2.INS.191S38      1    95     (0) + (AAGA)n        Simple_repeat          1    100    (0)  294  
  276   11.6  0.0  0.0  Sniffles2.INS.192S25      1    43   (277) + Alu            SINE/Alu             257    299    (3)  295  
 1721   13.7  0.8  0.0  Sniffles2.INS.192S25     54   319     (1) + AluSx          SINE/Alu               1    255   (47)  296  
  695   18.1  3.9  0.0  Sniffles2.INS.193S23      1   155     (9) + ALR/Alpha      Satellite/centr       11    171    (0)  297  
 1783   13.3  0.3  8.9  Sniffles2.INS.193S25      4   334     (1) C AluSx          SINE/Alu             (0)    302      1  298  
 2177   11.8  0.7  0.0  Sniffles2.INS.194S25     16   312     (1) + AluSq2         SINE/Alu               1    299   (14)  299  
   80    3.3  3.2  0.0  Sniffles2.INS.194S38      9   103     (0) + (ATTATATGA)n   Simple_repeat          1     98    (0)  300  
  820   17.8  3.1  0.0  Sniffles2.INS.195S23      3   165     (1) + ALR/Alpha      Satellite/centr        1    168    (3)  301  
 2227    8.2  0.0  1.4  Sniffles2.INS.195S25     15   306    (18) + AluSc          SINE/Alu               2    289   (20)  302  
 2652    1.1  0.0  0.0  Sniffles2.INS.196S23     14   329     (0) C AluYk2         SINE/Alu             (0)    311      1  303  
  848   17.7  2.4  0.0  Sniffles2.INS.197S23      3   166     (1) + ALR/Alpha      Satellite/centr        1    168    (3)  304  
 2439    8.2  0.0  0.3  Sniffles2.INS.197S25     12   316     (6) + AluSp          SINE/Alu               5    308    (5)  305  
   54    0.0  3.6  0.0  Sniffles2.INS.197S39      1    56     (0) + (AAAAG)n       Simple_repeat          1     58    (0)  306  
   76    0.0  0.0  0.0  Sniffles2.INS.198S22      1    65     (0) + (TA)n          Simple_repeat          1     65    (0)  307  
 2439    8.2  0.0  0.3  Sniffles2.INS.198S25     17   321     (1) C AluSp          SINE/Alu             (5)    308      5  308  
   17    3.1  9.1  0.0  Sniffles2.INS.199S38     14    46     (6) + (AAACAA)n      Simple_repeat          1     36    (0)  309  
   17   32.0  0.0  0.0  Sniffles2.INS.19BS5       2    55    (15) + (ATAC)n        Simple_repeat          1     54    (0)  310  
   51    0.0  2.0  0.0  Sniffles2.INS.19BS6       1    50     (0) + (AAGA)n        Simple_repeat          1     51    (0)  311  
   26   38.6  0.0  0.0  Sniffles2.INS.19CS5       1    91    (25) + (AT)n          Simple_repeat          1     91    (0)  312  
   43    1.9  3.6  1.8  Sniffles2.INS.19ES38      1    55     (0) + (CTTT)n        Simple_repeat          1     56    (0)  313  
   34   11.0  0.0  0.0  Sniffles2.INS.19FS25      2    50     (0) + (A)n           Simple_repeat          1     49    (0)  314  
  445   17.5  5.5  7.5  Sniffles2.INS.19S15      15  1064     (0) C HSATII         Satellite            (8)   1029      1  315  
   60   21.1  0.0  0.0  Sniffles2.INS.19S16       1   124     (0) + (GTGGA)n       Simple_repeat          1    124    (0)  316  
  223   26.9  0.0  0.0  Sniffles2.INS.19S2B      69   120    (22) + AluJb          SINE/Alu             229    280   (32)  317  
  682   16.1  0.0  0.0  Sniffles2.INS.19S34       1   286     (2) C CER            Satellite            (2)    286      1  318  
  310   21.2  0.0  1.5  Sniffles2.INS.19S8        2    68     (1) + BSR/Beta       Satellite             38    103   (33)  319  
  380   22.2  0.0  0.0  Sniffles2.INS.19SBA       1    81     (0) + ALR/Alpha      Satellite/centr       28    108   (63)  320  
 1054    8.8  0.6  0.0  Sniffles2.INS.19SBB       1   575     (6) C ACRO1          Satellite/acro       (6)    578      1  321  
  364   18.5  8.4  2.0  Sniffles2.INS.19SBD       2   179     (0) + HSATII         Satellite              1    189    (6)  322  
  167   15.9  2.4  1.8  Sniffles2.INS.1A0S5       2   341     (1) + GA-rich        Low_complexity         1    342    (0)  323  
   67    1.5  0.0  2.8  Sniffles2.INS.1A2S35      1    73    (30) + (CCCT)n        Simple_repeat          1     71    (0)  324  
   17    4.3  0.0  0.0  Sniffles2.INS.1A2S35     74    97     (6) + (CCTT)n        Simple_repeat          1     24    (0)  325  
   23   22.3  2.0  0.0  Sniffles2.INS.1A4S31      1    50     (0) + (TA)n          Simple_repeat          1     51    (0)  326  
   50   13.8  3.6  3.6  Sniffles2.INS.1A5S35      1   111     (2) + (TA)n          Simple_repeat          1    111    (0)  327  
  538    4.9 13.6  0.0  Sniffles2.INS.1A6S6       1    81     (0) C AluY           SINE/Alu             (5)    296    205  328  
   29    0.0  0.0  0.0  Sniffles2.INS.1A7S0     219   243  (1307) + (AC)n          Simple_repeat          1     25    (0)  329  
 2921    1.0  0.0  0.0  Sniffles2.INS.1A9S0       1   311     (0) C AluYb8         SINE/Alu             (7)    311      1  330  
   31    0.0  0.0  3.0  Sniffles2.INS.1A9S25      9    42    (20) + (AGAA)n        Simple_repeat          1     33    (0)  331  
  808   14.3  5.7  0.0  Sniffles2.INS.1A9S33      1   140     (4) + SATR1          Satellite            232    379   (44)  332  
   29    4.2  5.9  1.9  Sniffles2.INS.1A9S6       1    51     (0) + (AAAG)n        Simple_repeat          1     53    (0)  333  
  243   15.4 25.0  0.0  Sniffles2.INS.1AAS33      2    53     (0) + SATR1          Satellite             34     98  (325)  334  
   15   44.4  0.0  1.4  Sniffles2.INS.1ADS22      6    78     (3) + (AC)n          Simple_repeat          1     72    (0)  335  
 2695    0.0  0.0  0.0  Sniffles2.INS.1ADS39     10   346     (0) C AluYa5         SINE/Alu             (0)    311      1  336  
  403    8.2  6.1  9.6  Sniffles2.INS.1AES5       1  1201     (1) + (TA)n          Simple_repeat          1   1162    (0)  337  
   31   12.6  0.0  0.0  Sniffles2.INS.1AFS38      8    61     (1) + (AT)n          Simple_repeat          1     54    (0)  338  
 2879    1.0  0.3  0.0  Sniffles2.INS.1AS1F      16   325     (8) + AluYa5         SINE/Alu               1    311    (0)  339  
  277   23.6  0.0  0.0  Sniffles2.INS.1AS2B       4    58    (15) + FRAM           SINE/Alu              98    152   (24)  340  
 1198   14.9  0.7  0.1  Sniffles2.INS.1AS2F       1  2038     (0) + ALR/Alpha      Satellite/centr        1   2048    (0)  341  
 1014   17.1  0.6  2.4  Sniffles2.INS.1AS30       1   678     (1) + ALR/Alpha      Satellite/centr        1    665    (0)  342  
   33   13.5  0.0  0.0  Sniffles2.INS.1ASBD       1    57  (2486) + (TTCCA)n       Simple_repeat          1     57    (0)  343  
  497   18.3  5.0  8.4  Sniffles2.INS.1ASBD      59  2465    (78) + HSATII         Satellite              1   2324    (4)  344  
   22   27.4  1.3  1.3  Sniffles2.INS.1ASBD    2468  2543     (0) + (ATTCC)n       Simple_repeat          1     76    (0)  345  
  706   11.1  0.0  0.0  Sniffles2.INS.1B1S25      1    90    (15) C AluSp          SINE/Alu           (185)    128     39  346  
 1102   13.9  0.8  0.0  Sniffles2.INS.1B2S24      1   508     (0) C ALR/Alpha      Satellite/centr     (53)    512      1  347  
 1042    7.6 11.6  0.5  Sniffles2.INS.1B2S31      1   172     (0) + Tigger1        DNA/TcMar-Tigger    1567   1757  (661)  348  
 1093    7.1  0.7  0.0  Sniffles2.INS.1B4S33      1   290     (1) C ACRO1          Satellite/acro      (29)    291      1  349  
  336    9.6  1.9  0.0  Sniffles2.INS.1B5S31      7    58     (1) C MSTA           LTR/ERVL-MaLR      (375)     53      1  350  
 9563    9.5  1.6  0.4  Sniffles2.INS.1B6SBF     25  1319   (332) C L1P3           LINE/L1           (5150)   1311      1  351  
   47    1.6  8.1  0.0  Sniffles2.INS.1B7S22      1    62     (2) + (TA)n          Simple_repeat          1     67    (0)  352  
 1349   13.0  0.7  0.1  Sniffles2.INS.1BDS11      2  1688     (8) + ALR/Alpha      Satellite/centr        1   1695    (0)  353  
 2626    2.4  0.0  0.3  Sniffles2.INS.1BES24      7   295     (0) C AluYd8         SINE/Alu            (11)    288      1  354  
  199    0.0  6.1  0.0  Sniffles2.INS.1BES6       1   214     (0) + (TA)n          Simple_repeat          1    227    (0)  355  
   50    6.6  1.6  0.0  Sniffles2.INS.1BFSBF      1    64     (1) + (AT)n          Simple_repeat          1     65    (0)  356  
  309   17.8  0.0  0.0  Sniffles2.INS.1BS11       1    45    (17) C 7SLRNA         srpRNA             (274)     46      2  357  
   91    4.2  0.0  0.0  Sniffles2.INS.1BS16       2    99     (0) + (TGGAA)n       Simple_repeat          1     98    (0)  358  
  651   13.7  8.6  2.1  Sniffles2.INS.1BS1F       4  1723     (5) + (TCATT)n       Simple_repeat          1   1829    (0)  359  
  907   15.3  2.1  0.3  Sniffles2.INS.1BS2F       1   337     (1) + ALR/Alpha      Satellite/centr        1    343    (0)  360  
 1222   13.4  1.7  0.0  Sniffles2.INS.1BS30       1  1350     (1) + ALR/Alpha      Satellite/centr        1   1372    (0)  361  
  236   15.6  0.0  0.0  Sniffles2.INS.1BS34     127   171     (5) + L1P3           LINE/L1             4972   5016 (1130)  362  
   14   20.1  0.0  0.0  Sniffles2.INS.1BS58       3    36   (235) + (GGAAT)n       Simple_repeat          1     34    (0)  363  
  366   18.6  6.6  5.7  Sniffles2.INS.1BS58      39   262     (9) C HSATII         Satellite            (7)    226      1  364  
  345   19.6  0.5  0.0  Sniffles2.INS.1BS8        1   199     (2) + BSR/Beta       Satellite              1    200   (44)  365  
  328   16.8  2.4  1.3  Sniffles2.INS.1C1S33      7   109     (0) C L1M4           LINE/L1           (2376)   3770   3672  366  
  141   21.9  0.3  0.3  Sniffles2.INS.1C3SC0      1   305     (0) + (TCCAC)n       Simple_repeat          1    305    (0)  367  
   13   37.7  1.2  2.5  Sniffles2.INS.1C6S6       1    82    (18) + (TGG)n         Simple_repeat          1     81    (0)  368  
   27   20.6  1.6  1.6  Sniffles2.INS.1C7S5       3    63     (2) + (AT)n          Simple_repeat          1     61    (0)  369  
   35    0.0  2.8  0.0  Sniffles2.INS.1C9S6      10    45     (1) + (TCTA)n        Simple_repeat          1     37    (0)  370  
   34   16.4  0.0  5.6  Sniffles2.INS.1CCSBF      1    76     (3) + (AT)n          Simple_repeat          1     72    (0)  371  
   61    0.0  0.0  1.7  Sniffles2.INS.1CDS31      1    59     (0) + (AAAG)n        Simple_repeat          1     58    (0)  372  
  377   14.2  6.7  0.0  Sniffles2.INS.1CDS6       3   798     (0) + (TA)n          Simple_repeat          1    849    (0)  373  
   38   10.4  0.0  0.0  Sniffles2.INS.1CS25       1    62     (2) + (TCCAT)n       Simple_repeat          1     62    (0)  374  
 2746    0.3  0.0  0.0  Sniffles2.INS.1CS30       1   330    (13) C AluYb8         SINE/Alu             (0)    318      1  375  
  746   17.7  4.9  5.9  Sniffles2.INS.1CS8        1   330     (5) + BSR/Beta       Satellite              1    326    (2)  376  
  970   10.4  0.0  0.0  Sniffles2.INS.1CSBB       1   144     (3) C ACRO1          Satellite/acro       (3)    144      1  377  
  378   16.3  3.4  2.2  Sniffles2.INS.1D2S24      2    89     (2) C LTR7B          LTR/ERV1           (207)    257    169  378  
   22   26.4  2.7  2.7  Sniffles2.INS.1D2S6       1    74     (4) + (CA)n          Simple_repeat          1     74    (0)  379  
   33    6.2  5.9  0.0  Sniffles2.INS.1D8S25      1    51     (0) + (AT)n          Simple_repeat          1     54    (0)  380  
   18   20.7  1.9  1.9  Sniffles2.INS.1D9S25      1    52     (2) + (CCATC)n       Simple_repeat          1     52    (0)  381  
   33    7.7  5.3  1.7  Sniffles2.INS.1D9S31      4    60     (0) + (AT)n          Simple_repeat          1     59    (0)  382  
 2366   10.2  1.1  1.1  Sniffles2.INS.1DCS6       1   376     (0) C L1P4           LINE/L1            (749)   5397   5022  383  
   16    9.3  0.0  0.0  Sniffles2.INS.1DDS25      7    29    (49) + (G)n           Simple_repeat          1     23    (0)  384  
  514   18.8  4.1  9.7  Sniffles2.INS.1DS58       1  1194    (84) C HSATII         Satellite            (7)   1127      1  385  
   39   20.0  0.0  0.0  Sniffles2.INS.1DS58    1198  1278     (0) + (GTGGA)n       Simple_repeat          1     81    (0)  386  
   14   20.2  0.0  0.0  Sniffles2.INS.1DS5D       1    34    (45) + (GAATG)n       Simple_repeat          1     34    (0)  387  
   33    0.0  0.0  0.0  Sniffles2.INS.1DS5D      39    69    (10) + (TGGAA)n       Simple_repeat          1     31    (0)  388  
  774   12.8  0.0  0.0  Sniffles2.INS.1DS6F       1   125     (2) C ALR/Alpha      Satellite/centr      (2)    169     45  389  
  826   14.5  1.1  5.1  Sniffles2.INS.1DS8        5   544     (0) + BSR/Beta       Satellite              1    517    (0)  390  
  336   20.2  5.9  3.8  Sniffles2.INS.1DSBD       7   260    (88) C HSATII         Satellite            (7)    259      1  391  
   52   11.7  0.0  0.0  Sniffles2.INS.1DSBD     261   343     (5) + (AATGG)n       Simple_repeat          1     83    (0)  392  
  119    3.4  4.1  4.1  Sniffles2.INS.1E2S24      5   199     (5) + (TATATGTCTA)n  Simple_repeat          1    195    (0)  393  
   84    4.6  5.8  1.4  Sniffles2.INS.1E4S6       3   140     (1) + (TGG)n         Simple_repeat          1    144    (0)  394  
  304   19.0  3.1  1.5  Sniffles2.INS.1E5S0     399   462   (228) C MIR3           SINE/MIR            (63)    145     81  395  
   35    3.7  5.2  1.7  Sniffles2.INS.1E8S24      1    58     (0) + (AGAA)n        Simple_repeat          1     60    (0)  396  
   28   34.6  0.8  0.8  Sniffles2.INS.1E9S0       4   131    (97) + (TGGTGA)n      Simple_repeat          1    128    (0)  397  
 2942    0.3  0.3  0.0  Sniffles2.INS.1EAS18      6   317     (0) + AluYb8         SINE/Alu               1    313    (5)  398  
   43    2.3  2.2  0.0  Sniffles2.INS.1EAS25      1    45    (37) + (TA)n          Simple_repeat          1     46    (0)  399  
   35    0.0  5.1  5.1  Sniffles2.INS.1ECS6       1    59     (0) + (CTC)n         Simple_repeat          1     59    (0)  400  
   51    0.0  0.0  0.0  Sniffles2.INS.1EDS24      1    44    (16) + (TA)n          Simple_repeat          1     44    (0)  401  
  107    8.8  3.7  2.1  Sniffles2.INS.1EES6       1   188     (0) + (CTC)n         Simple_repeat          1    191    (0)  402  
  888   16.6  2.0  0.0  Sniffles2.INS.1EFS23      6   338     (0) + ALR/Alpha      Satellite/centr        1    339    (0)  403  
  570    0.0  0.0  0.0  Sniffles2.INS.1EFSBF      4    62     (1) + AluY           SINE/Alu             188    246   (65)  404  
  100    4.7  0.0  0.0  Sniffles2.INS.1ES16       1   110     (0) + (TGGAA)n       Simple_repeat          1    110    (0)  405  
  248   21.3  0.0  0.0  Sniffles2.INS.1ES2B      14    60     (4) + AluJb          SINE/Alu             234    280   (32)  406  
 1010   17.1  0.3  0.2  Sniffles2.INS.1ES30       1   340     (0) + ALR/Alpha      Satellite/centr        1    340    (0)  407  
  425   13.8  0.0  0.0  Sniffles2.INS.1ES8        3    67     (1) + BSR/Beta       Satellite             66    130    (6)  408  
  724   20.0  0.0  0.0  Sniffles2.INS.1ESB0       1   174     (0) + ALR/Alpha      Satellite/centr        1    174    (0)  409  
  769   13.8  0.0  0.0  Sniffles2.INS.1ESBA       1   169     (0) C ALR/Alpha      Satellite/centr     (37)    169      1  410  
 1085    7.7  0.7  0.2  Sniffles2.INS.1ESBB       3   432     (3) C ACRO1          Satellite/acro       (6)    432      1  411  
 1187   14.8  0.8  0.5  Sniffles2.INS.1F1S18      2  4092     (1) C ALR/Alpha      Satellite/centr     (32)   4106      1  412  
 1131   14.1  0.4  0.0  Sniffles2.INS.1F1S23      1  1362     (1) + ALR/Alpha      Satellite/centr        1   1367    (0)  413  
   96    1.9  4.6  0.0  Sniffles2.INS.1F3S37      1   108     (0) + (TA)n          Simple_repeat          1    113    (0)  414  
   39   15.3  0.0  7.1  Sniffles2.INS.1F3S6       4    94     (6) + (TA)n          Simple_repeat          1     85    (0)  415  
 1161   12.3  0.6  0.1  Sniffles2.INS.1F5S31      1   675     (4) C ALR/Alpha      Satellite/centr     (62)    678      1  416  
   21    0.0  5.6  2.7  Sniffles2.INS.1F9SBF      3    38    (16) + (GGAAGGA)n     Simple_repeat          1     37    (0)  417  
   13   25.8  0.0  5.9  Sniffles2.INS.1F9SBF     39    54     (0) + G-rich         Low_complexity         3     51    (0)  418  
   29   18.9  0.0  0.0  Sniffles2.INS.1FS16       1    60     (0) + (GGAGT)n       Simple_repeat          1     60    (0)  419  
  129   19.2  0.0  0.0  Sniffles2.INS.1FS2B      13   258    (12) + (ATTCC)n       Simple_repeat          1    246    (0)  420  
 1033   15.4  1.4  0.1  Sniffles2.INS.1FS30       2   678     (1) + ALR/Alpha      Satellite/centr        1    685    (0)  421  
 3074   22.5  5.4  3.1  Sniffles2.INS.1FS34       1   784  (2278) C MST-int        LTR/ERVL-MaLR      (823)    828     28  422  
  465   27.5  2.8  0.7  Sniffles2.INS.1FS34     780   922  (2140) + MST-int        LTR/ERVL-MaLR        505    650  (981)  423 *
  924   25.6  5.2  0.7  Sniffles2.INS.1FS34     951  1218  (1844) C MSTA           LTR/ERVL-MaLR       (52)    376     97  424  
  633   22.7 19.3  1.5  Sniffles2.INS.1FS34    1241  1468  (1594) + MST-int        LTR/ERVL-MaLR        976   1243  (408)  423  
  299   17.9  1.8  0.0  Sniffles2.INS.1FS34    1467  1522  (1540) C MST-int        LTR/ERVL-MaLR      (616)   1035    979  425 *
  242   23.3  5.0  0.0  Sniffles2.INS.1FS34    1639  1698  (1364) C MSTA           LTR/ERVL-MaLR      (363)     65      3  426  
 1286   22.5  3.3  3.9  Sniffles2.INS.1FS34    1701  2037  (1025) C MSTA           LTR/ERVL-MaLR        (0)   1651   1317  426  
  298   21.8  6.5  5.4  Sniffles2.INS.1FS34    2040  2131   (931) C MSTA           LTR/ERVL-MaLR      (261)    167     75  427  
  450   20.6  2.1  0.0  Sniffles2.INS.1FS34    2187  2283   (779) C MSTA           LTR/ERVL-MaLR      (329)     99      1  427  
 2282   25.8  8.9  3.9  Sniffles2.INS.1FS34    2284  3062     (0) C MSTA           LTR/ERVL-MaLR        (0)   1580    765  427  
 1201   15.0  0.8  0.0  Sniffles2.INS.1FS65       1   341     (0) C ALR/Alpha      Satellite/centr     (41)    343      1  428  
  910    7.8  2.9  0.0  Sniffles2.INS.1FS6F       4   164     (3) C ALR/Alpha      Satellite/centr     (59)    165      1  429  
  946   15.7  0.6  0.0  Sniffles2.INS.1FSB0       5   170     (0) + ALR/Alpha      Satellite/centr        1    167    (4)  430  
  812   15.4  3.2  0.0  Sniffles2.INS.1S2F        1   166     (2) + ALR/Alpha      Satellite/centr        1    171    (0)  431  
 1228   11.6  0.7  0.0  Sniffles2.INS.1S30        1   336     (2) + ALR/Alpha      Satellite/centr        1    338    (0)  432  
 1223   14.7  0.0  0.0  Sniffles2.INS.1S36        1   341     (1) C ALR/Alpha      Satellite/centr     (13)    341      1  433  
  922   14.8  0.6  0.0  Sniffles2.INS.1S5D        5   166     (4) + ALR/Alpha      Satellite/centr        1    163    (8)  434  
 1083   13.9  0.0  0.2  Sniffles2.INS.1S77        1   342     (1) + ALR/Alpha      Satellite/centr        1    341    (0)  435  
  702   22.6  0.8  0.0  Sniffles2.INS.1SA7        4  1552  (1078) + (TCTC)n        Simple_repeat          1   1561    (0)  436  
  261   22.0  1.8  4.5  Sniffles2.INS.1SA7     1553  1780   (850) C HERVIP10FH-int LTR/ERV1          (4099)   1003    782  437  
  404   22.0  0.1  7.0  Sniffles2.INS.1SA7     1813  1956   (674) + MER39B         LTR/ERV1             298    454  (253)  438  
 1087   14.3  0.0  3.5  Sniffles2.INS.1SA7     2092  2301   (329) + AluSx          SINE/Alu              88    290   (12)  439  
   60    5.2  0.0  0.0  Sniffles2.INS.1SA8        1    79     (1) + (GGAA)n        Simple_repeat          1     79    (0)  440  
 2560    2.9  0.0  7.8  Sniffles2.INS.1SAF       14   346     (0) + AluY           SINE/Alu               1    309    (2)  441  
 2843    0.7  0.0  1.0  Sniffles2.INS.1SB3       17   326     (0) + AluYi6         SINE/Alu               1    307    (4)  442  
 1033   17.2  5.2  5.9  Sniffles2.INS.1SB7       91   399    (22) C SST1           Satellite/centr    (592)    971    665  443  
   47    4.0  0.0  0.0  Sniffles2.INS.200S18      6    57     (5) + (AAAG)n        Simple_repeat          1     52    (0)  444  
  304    9.1  7.3  0.0  Sniffles2.INS.200S23      1    55     (0) + ALR/Alpha      Satellite/centr       74    132   (39)  445  
  336   13.0  0.0  0.0  Sniffles2.INS.200S6       6    51    (77) C Alu            SINE/Alu            (87)     46      1  446  
   46    0.0 14.1  0.0  Sniffles2.INS.201S0       2    79     (0) + (AT)n          Simple_repeat          1     89    (0)  447  
   49   20.8  0.8  2.5  Sniffles2.INS.202S0       1   122     (0) + (TAATA)n       Simple_repeat          1    120    (0)  448  
  807   18.3  2.4  0.0  Sniffles2.INS.202S23      3   166     (1) + ALR/Alpha      Satellite/centr        1    168    (3)  449  
  255    0.0  0.0  6.2  Sniffles2.INS.207S25      1    51     (1) + SVA_F          Retroposon/SVA       701    748  (627)  450  
  412    5.4  1.8  1.8  Sniffles2.INS.208S0      19    74    (39) C AluSg          SINE/Alu           (197)    113     58  451  
   32    0.0  0.0  7.3  Sniffles2.INS.209SBF      1    44     (2) + (TCTATATA)n    Simple_repeat          1     41    (0)  452  
  501   10.1  0.0  0.0  Sniffles2.INS.20AS5       1    69     (0) C L1P3           LINE/L1           (1665)   4481   4413  453  
  147   11.8  8.4  2.1  Sniffles2.INS.20CS0       1   355     (8) + (AC)n          Simple_repeat          1    377    (0)  454  
   37    9.6  4.3  0.0  Sniffles2.INS.20CS24      1    69     (0) + (TA)n          Simple_repeat          1     72    (0)  455  
  232   11.8  8.3  2.0  Sniffles2.INS.20DS0       5   560    (10) + (CA)n          Simple_repeat          1    591    (0)  456  
 1078   11.9  0.2  0.0  Sniffles2.INS.20ES11      1   334     (5) + ALR/Alpha      Satellite/centr        1    334    (0)  457  
 1036   12.3  0.3  1.7  Sniffles2.INS.20FS11      1   344     (1) + ALR/Alpha      Satellite/centr        1    339    (0)  458  
  243   23.4  0.0  0.0  Sniffles2.INS.20S2B       1    47     (1) + AluYg6         SINE/Alu             233    279   (32)  459  
 1050   15.2  2.3  0.0  Sniffles2.INS.20S30       2  1018     (1) + ALR/Alpha      Satellite/centr        1   1040    (0)  460  
  508   17.3  0.0  0.0  Sniffles2.INS.20S8       30   135     (2) + BSR/Beta       Satellite              1    106    (0)  461  
   27    7.9  0.0  0.0  Sniffles2.INS.20SBD       1    40    (20) + (CATTC)n       Simple_repeat          1     40    (0)  462  
 1426    6.0  0.0  0.0  Sniffles2.INS.210S0       1   167   (491) + AluYk3         SINE/Alu             131    297   (14)  463  
 2299   10.5  0.7  0.0  Sniffles2.INS.210S0     176   471   (187) + AluSx1         SINE/Alu               1    298   (14)  464  
  392   30.4 10.4  0.0  Sniffles2.INS.210S0     472   606    (52) + ERVL-E-int     LTR/ERVL            3234   3382 (2285)  465  
  978   10.9  0.9  0.7  Sniffles2.INS.210S11      1   339     (1) + ALR/Alpha      Satellite/centr        1    339    (2)  466  
 1270   12.7  0.4  0.0  Sniffles2.INS.211S11      1   676     (3) + ALR/Alpha      Satellite/centr        1    678    (4)  467  
 1270   13.6  0.8  0.0  Sniffles2.INS.214S11      7   677     (3) + ALR/Alpha      Satellite/centr        1    676    (2)  468  
   67   16.1  3.2  3.2  Sniffles2.INS.215S18     10   165     (0) + (TA)n          Simple_repeat          1    156    (0)  469  
 1234   15.2  0.9  0.2  Sniffles2.INS.215S23      1  1014     (0) + ALR/Alpha      Satellite/centr        1   1022    (0)  470  
   52    4.4  9.6  0.0  Sniffles2.INS.215SBF      1    94     (0) + (AT)n          Simple_repeat          1    103    (0)  471  
 1296   11.2  1.8  0.0  Sniffles2.INS.218S11      1   668     (3) + ALR/Alpha      Satellite/centr        1    679    (2)  472  
 1188   15.7  0.7  0.0  Sniffles2.INS.219S11      9   338     (1) + ALR/Alpha      Satellite/centr        1    332    (2)  473  
  517    0.0  0.0  0.0  Sniffles2.INS.219S37      1    56     (0) C L1PA4          LINE/L1             (77)   6078   6023  474  
 1402   10.7  0.5  0.0  Sniffles2.INS.21AS11      1   339     (1) + ALR/Alpha      Satellite/centr        1    340    (1)  475  
  450   16.7  3.6  0.0  Sniffles2.INS.21DS25      2    85     (0) C L1MB8          LINE/L1            (213)   5965   5879  476  
   81    4.5  7.6  2.0  Sniffles2.INS.21ES24      2   145     (0) + (TTTC)n        Simple_repeat          1    152    (0)  477  
  823   15.6  3.0  1.4  Sniffles2.INS.21S15       1   191     (2) + HSATII         Satellite              1    194    (0)  478  
  690    4.8  1.2  0.0  Sniffles2.INS.21S2B      48   131     (0) + AluYa5         SINE/Alu             209    293   (18)  479  
  978   15.5  1.7  0.0  Sniffles2.INS.21S2F       1   338     (0) + ALR/Alpha      Satellite/centr        1    343    (0)  480  
 1191   14.0  1.7  0.0  Sniffles2.INS.21S30       2  1686     (1) + ALR/Alpha      Satellite/centr        1   1713    (0)  481  
  778    7.8  0.7  0.8  Sniffles2.INS.21S8        7   205     (0) + BSR/Beta       Satellite              1    198   (44)  482  
 1204   11.0  0.0  0.0  Sniffles2.INS.21SBA       1   342     (0) C ALR/Alpha      Satellite/centr     (51)    342      1  483  
  382   20.9  1.5  8.1  Sniffles2.INS.21SBD       4   180     (5) + HSATII         Satellite              1    165    (5)  484  
 2598    0.4  0.0  0.0  Sniffles2.INS.221S11     10   319     (0) C AluYa5         SINE/Alu             (0)    311     10  485  
  115   20.3  1.2  0.8  Sniffles2.INS.222S0       1   247     (1) + (CAC)n         Simple_repeat          1    248    (0)  486  
 1038   14.1  0.8  0.2  Sniffles2.INS.222S11      5   336     (2) + ALR/Alpha      Satellite/centr        1    333    (0)  487  
  134    1.5  0.8  0.8  Sniffles2.INS.222S18      1   133     (0) + (GGGAGA)n      Simple_repeat          1    133    (0)  488  
 1080   11.5  0.7  0.0  Sniffles2.INS.223S11      1   337     (0) + ALR/Alpha      Satellite/centr        1    339    (0)  489  
 2598    0.4  0.0  0.0  Sniffles2.INS.224S11     10   318     (0) C AluYa5         SINE/Alu             (0)    311     10  490  
   22   21.1  3.1  3.1  Sniffles2.INS.225S0      11    74     (8) + (AT)n          Simple_repeat          1     64    (0)  491  
 1052   13.8  0.4  0.0  Sniffles2.INS.225S11      5   338     (0) + ALR/Alpha      Satellite/centr        1    335    (0)  492  
  629   24.2  0.0  0.0  Sniffles2.INS.225S6      14   133     (0) + AluJr          SINE/Alu              38    157  (155)  493  
 2598    0.4  0.0  0.0  Sniffles2.INS.226S11     10   319     (0) C AluYa5         SINE/Alu             (0)    311     10  494  
   54    0.0  0.0  0.0  Sniffles2.INS.228S24      1    49     (2) + (CTTC)n        Simple_repeat          1     49    (0)  495  
 1391   13.0  0.9  0.2  Sniffles2.INS.22AS11      4  4485     (5) + ALR/Alpha      Satellite/centr        1   4512    (2)  496  
 1273   13.0  0.4  0.0  Sniffles2.INS.22ES11      1  1017     (1) + ALR/Alpha      Satellite/centr        1   1021    (0)  497  
 1102   12.2  0.3  0.0  Sniffles2.INS.22FS11      2   336     (0) + ALR/Alpha      Satellite/centr        1    335    (0)  498  
 1048   13.6  2.2  1.4  Sniffles2.INS.22S15       1   289     (1) + HSATII         Satellite              1    291    (0)  499  
   33   18.6  0.0  0.0  Sniffles2.INS.22S16       2    68     (5) + (TGGAG)n       Simple_repeat          1     67    (0)  500  
 2473    5.3  1.0  0.0  Sniffles2.INS.22S25      17   316     (1) + AluSx3         SINE/Alu               1    303    (8)  501  
 1222   14.2  0.8  0.0  Sniffles2.INS.22S30       1  1016     (0) + ALR/Alpha      Satellite/centr        1   1023    (0)  502  
  660   17.8  1.2  0.0  Sniffles2.INS.22S6F       5   167     (2) C ALR/Alpha      Satellite/centr     (61)    164      1  503  
  395   13.3  0.0  0.0  Sniffles2.INS.22S8        1    60     (7) + BSR/Beta       Satellite             47    106   (30)  504  
 1402   12.2  0.2  0.0  Sniffles2.INS.230S11      1   679     (1) + ALR/Alpha      Satellite/centr        1    680    (2)  505  
 1273   12.7  1.5  0.1  Sniffles2.INS.232S11      7  1004     (1) + ALR/Alpha      Satellite/centr        1   1012    (2)  506  
  459   12.3  2.7  1.4  Sniffles2.INS.232S18      3    75     (0) C AluYa8         SINE/Alu           (134)    176    103  507  
  260    0.0  0.9  0.0  Sniffles2.INS.232S5       1   227     (0) + (TA)n          Simple_repeat          1    229    (0)  508  
 1269   12.9  0.4  0.0  Sniffles2.INS.233S11      1   674     (4) + ALR/Alpha      Satellite/centr        1    676    (4)  509  
  666    0.0  0.0  0.0  Sniffles2.INS.233S5       1   721     (0) + (A)n           Simple_repeat          1    721    (0)  510  
   95   17.5  0.0  0.0  Sniffles2.INS.235S25      1   173     (4) + (GGT)n         Simple_repeat          1    173    (0)  511  
 1116   11.6  2.5  0.4  Sniffles2.INS.238S11      1   333     (1) + ALR/Alpha      Satellite/centr        1    339    (1)  512  
 1102   14.3  0.3  0.0  Sniffles2.INS.239S11      4   339     (5) + ALR/Alpha      Satellite/centr        1    337    (0)  513  
 1402   12.3  0.2  0.0  Sniffles2.INS.23AS11      1   679     (1) + ALR/Alpha      Satellite/centr        1    680    (2)  514  
  677   17.4 10.4  3.8  Sniffles2.INS.23AS18     30   250     (5) C L1M5           LINE/L1           (2439)   3707   3473  515  
  472   14.6  1.5  0.1  Sniffles2.INS.23AS25      1   813     (1) + (TGG)n         Simple_repeat          1    824    (0)  516  
 1264   13.6  0.8  0.1  Sniffles2.INS.23AS31      5  3812   (824) C ALR/Alpha      Satellite/centr     (41)   3834      1  517  
 7122    2.1  0.2  0.0  Sniffles2.INS.23AS31   3829  4636     (0) C L1PA2          LINE/L1              (4)   6151   5342  518  
  312   13.0 11.1  0.0  Sniffles2.INS.23BS18      1    54     (7) C AluSx          SINE/Alu           (128)    174    115  519  
 1018   12.2  0.4  0.8  Sniffles2.INS.23ES11      3   338     (2) + ALR/Alpha      Satellite/centr        1    334    (0)  520  
  246   10.0  0.0  0.0  Sniffles2.INS.23ES18     50    79     (1) + AluYh9         SINE/Alu             160    189  (122)  521  
 1163   15.6  1.0  0.9  Sniffles2.INS.23FS11      9   339     (1) + ALR/Alpha      Satellite/centr        1    331    (2)  522  
 1170   10.8  0.5  0.0  Sniffles2.INS.23S2F       4   338     (0) + ALR/Alpha      Satellite/centr        1    336    (0)  523  
 1122   13.7  0.7  0.0  Sniffles2.INS.23S30       6   337     (1) + ALR/Alpha      Satellite/centr        1    334    (0)  524  
  480   17.5  4.0 12.9  Sniffles2.INS.23S58       2   924     (8) C HSATII         Satellite           (12)    840      1  525  
 1163   14.4  0.4  0.3  Sniffles2.INS.23S6F       1  1879     (0) C ALR/Alpha      Satellite/centr     (69)   1881      1  526  
  808   14.4  0.3  0.3  Sniffles2.INS.23S8        1   268     (0) + BSR/Beta       Satellite              1    268    (1)  527  
   73   11.2  1.5  2.3  Sniffles2.INS.240S0       1   132     (0) + (ATTATAT)n     Simple_repeat          1    131    (0)  528  
 1236   12.7  0.8  0.0  Sniffles2.INS.240S11      4   676     (2) + ALR/Alpha      Satellite/centr        1    678    (4)  529  
 1087   14.6  0.0  0.0  Sniffles2.INS.240S23      1   339     (2) + ALR/Alpha      Satellite/centr        1    339    (0)  530  
   18   11.4  3.6  7.5  Sniffles2.INS.241S18      3    57     (2) + (TATATAG)n     Simple_repeat          1     53    (0)  531  
  110    3.1  9.8  1.4  Sniffles2.INS.241S5       6   209     (1) + (TA)n          Simple_repeat          1    221    (0)  532  
  276   29.3 11.1  0.0  Sniffles2.INS.242S25    174   272    (17) C MIR3           SINE/MIR            (54)    154     45  533  
   32    6.4  0.0  5.7  Sniffles2.INS.243S37      1    56     (4) + (AAAG)n        Simple_repeat          1     53    (0)  534  
   36    3.8  7.7  5.4  Sniffles2.INS.243S5       1    91    (32) + (TA)n          Simple_repeat          1     93    (0)  535  
 1260   12.8  0.4  0.1  Sniffles2.INS.244S11      7   677     (3) + ALR/Alpha      Satellite/centr        1    672    (2)  536  
 1407   11.6  0.3  0.0  Sniffles2.INS.246S11      2   678     (0) + ALR/Alpha      Satellite/centr        1    679    (0)  537  
 1188   15.7  0.7  0.0  Sniffles2.INS.247S11      9   338     (1) + ALR/Alpha      Satellite/centr        1    332    (2)  538  
 2840    0.0  0.0  0.0  Sniffles2.INS.248SF      15   310     (0) + AluYa5         SINE/Alu               1    296   (15)  539  
   40    5.8  0.0  3.5  Sniffles2.INS.24AS37      5    63     (1) + (TTTC)n        Simple_repeat          1     57    (0)  540  
   23   23.0  7.0  0.0  Sniffles2.INS.24AS5       9    94     (5) + (TACATA)n      Simple_repeat          1     92    (0)  541  
  492   12.2  1.6  1.2  Sniffles2.INS.24ES24    363   454     (2) + L1P            LINE/L1             5326   5419  (749)  542  
  303   22.0  0.0  1.7  Sniffles2.INS.24FS37     20    79     (5) + MLT1C2         LTR/ERVL-MaLR        213    271  (190)  543  
 3009    0.3  0.0  0.0  Sniffles2.INS.24S0       19   334     (0) + AluYb8         SINE/Alu               1    316    (2)  544  
   12   24.9  1.6  6.6  Sniffles2.INS.24S1       12    75     (4) + (CCCCGG)n      Simple_repeat          1     61    (0)  545  
  779   18.4  0.0  0.0  Sniffles2.INS.24S2F       2   171     (0) + ALR/Alpha      Satellite/centr        1    170    (0)  546  
 1176   13.7  0.6  0.0  Sniffles2.INS.24S30       1   677     (1) + ALR/Alpha      Satellite/centr        1    681    (0)  547  
  898   14.9  0.4  0.0  Sniffles2.INS.251S33      1   169     (1) + ALR/Alpha      Satellite/centr        1    169    (0)  548  
   81   14.8  3.9  0.0  Sniffles2.INS.252S24      2   157     (1) + GA-rich        Low_complexity         1    162    (0)  549  
  179   13.9  0.3  0.3  Sniffles2.INS.253S24      1   291     (1) + (AGGG)n        Simple_repeat          1    291    (0)  550  
   36    0.0  0.0  0.0  Sniffles2.INS.253S25     51    81   (323) + (TG)n          Simple_repeat          1     31    (0)  551  
 1097   15.3  0.5  0.0  Sniffles2.INS.253S33      1   679     (1) + ALR/Alpha      Satellite/centr        1    682    (0)  552  
   31    7.5  3.2  4.8  Sniffles2.INS.255S24      3    65     (0) + G-rich         Low_complexity         1     62    (0)  553  
   15   16.2  0.0  3.5  Sniffles2.INS.256S0      26    55     (5) + (TA)n          Simple_repeat          1     29    (0)  554  
 1009   14.7  1.1  0.2  Sniffles2.INS.256S33      1   497     (0) + ALR/Alpha      Satellite/centr        1    501    (0)  555  
   44   13.3  1.2  2.4  Sniffles2.INS.257S0       5    90     (1) + G-rich         Low_complexity         1     85    (0)  556  
   48    0.0  1.9  1.9  Sniffles2.INS.257S37      1    52     (1) + (TTTAT)n       Simple_repeat          1     52    (0)  557  
  327   13.0  0.0  0.0  Sniffles2.INS.258SBF      4    49    (13) C Alu            SINE/Alu            (12)    289    244  558  
  875   15.8  0.0  0.0  Sniffles2.INS.259S33      1   167     (3) + ALR/Alpha      Satellite/centr        1    167    (0)  559  
   14   16.4  2.1  6.7  Sniffles2.INS.25AS18     14    60    (17) + (ACCCC)n       Simple_repeat          1     45    (0)  560  
  362    8.7  0.0  0.0  Sniffles2.INS.25AS25     43    88     (0) C Alu            SINE/Alu            (52)    250    205  561  
  899   15.6  1.5  0.5  Sniffles2.INS.25AS33      1   496     (0) + ALR/Alpha      Satellite/centr        1    501    (0)  562  
 1131   13.6  1.0  0.1  Sniffles2.INS.25BS33      1   679     (0) + ALR/Alpha      Satellite/centr        1    685    (0)  563  
  823   17.6  0.0  0.8  Sniffles2.INS.25ES33      1   176     (0) + ALR/Alpha      Satellite/centr        1    174    (0)  564  
 1135   13.8  0.7  0.7  Sniffles2.INS.25FS33      1   512     (1) + ALR/Alpha      Satellite/centr        1    511    (0)  565  
   84   28.5  2.2  1.1  Sniffles2.INS.25FS5       1   268     (1) + G-rich         Low_complexity         1    271    (0)  566  
   26    9.1  2.1  0.0  Sniffles2.INS.25S25      16    62    (96) + (CATCTATC)n    Simple_repeat          1     48    (0)  567  
   34   22.1  3.1  1.0  Sniffles2.INS.25S25      63   158     (0) + (TATC)n        Simple_repeat          1     98    (0)  568  
  643   12.1  3.0  5.5  Sniffles2.INS.25S2B       2   132     (0) + FLAM_C         SINE/Alu               1    128    (5)  569  
 1005   17.6  0.0  0.3  Sniffles2.INS.25S2F       1   341     (1) + ALR/Alpha      Satellite/centr        1    340    (0)  570  
 1159   13.6  1.4  0.0  Sniffles2.INS.25S30       1   336     (1) + ALR/Alpha      Satellite/centr        1    340    (0)  571  
   34    5.0  0.0  0.0  Sniffles2.INS.25S5D      41    81    (29) + (GAATG)n       Simple_repeat          1     41    (0)  572  
  917   13.0  1.6  0.0  Sniffles2.INS.260S11      1   335     (0) + ALR/Alpha      Satellite/centr        1    340    (2)  573  
  456    5.2  0.0  1.8  Sniffles2.INS.260S25      2    59     (0) + AluSc5         SINE/Alu              66    122  (187)  574  
 1273   13.0  0.4  0.0  Sniffles2.INS.262S11      1  1017     (1) + ALR/Alpha      Satellite/centr        1   1021    (0)  575  
  275   17.2  0.0  0.0  Sniffles2.INS.263S0      21    78    (54) C MER89          LTR/ERV1           (100)    459    402  576  
 1402   12.0  0.2  0.4  Sniffles2.INS.263S11      1   681     (3) + ALR/Alpha      Satellite/centr        1    679    (2)  577  
   15   10.9  0.0 13.3  Sniffles2.INS.264SF       1    51     (3) + GA-rich        Low_complexity         1     45    (0)  578  
 1131   13.5  0.5  0.0  Sniffles2.INS.265S33      1   678     (3) + ALR/Alpha      Satellite/centr        1    681    (0)  579  
   20   11.9  4.0  4.0  Sniffles2.INS.265S5       1    50     (0) + (CCTCC)n       Simple_repeat          1     50    (0)  580  
 1256   12.4  0.5  0.2  Sniffles2.INS.266S11      1   335     (5) + ALR/Alpha      Satellite/centr        1    336    (2)  581  
 1363   12.9  0.4  0.0  Sniffles2.INS.267S11      2   678     (0) + ALR/Alpha      Satellite/centr        1    679    (0)  582  
 1213   12.6  0.6  0.1  Sniffles2.INS.269S11      1  1016     (3) + ALR/Alpha      Satellite/centr        1   1020    (0)  583  
   17    9.0  7.5  5.6  Sniffles2.INS.269S18      2    54     (0) + (GTAGTTA)n     Simple_repeat          1     54    (0)  584  
 1407   12.0  0.4  0.0  Sniffles2.INS.26AS11      3   337     (3) + ALR/Alpha      Satellite/centr        1    336    (2)  585  
  291    0.0  0.0  2.1  Sniffles2.INS.26BS0       1    49     (0) C SVA_F          Retroposon/SVA     (621)    754    707  586  
  468   17.2  6.4 11.8  Sniffles2.INS.26CSC0     10   659     (4) C HSATII         Satellite            (4)    615      1  587  
   26   18.8  0.0  2.0  Sniffles2.INS.26DS0       8    59     (9) + (AT)n          Simple_repeat          1     51    (0)  588  
 1407   11.3  0.6  0.0  Sniffles2.INS.26DS11      1  1016     (1) + ALR/Alpha      Satellite/centr        1   1021    (0)  589  
 1046   12.2  0.3  0.0  Sniffles2.INS.26ES11      2   339     (1) + ALR/Alpha      Satellite/centr        1    338    (0)  590  
 1601    7.1  5.5  2.2  Sniffles2.INS.26ESF       1  3258    (19) + (GCTTGGCTG)n   Simple_repeat          1   3363    (0)  591  
  915   15.1  1.7  0.0  Sniffles2.INS.26S2F       1   338     (0) + ALR/Alpha      Satellite/centr        1    343    (0)  592  
 1191   14.0  0.3  0.0  Sniffles2.INS.26S30       1   680     (0) + ALR/Alpha      Satellite/centr        1    681    (0)  593  
  871   12.5  0.0  1.2  Sniffles2.INS.26S8        1   205     (0) + BSR/Beta       Satellite              1    202    (1)  594  
 1240   11.6  0.8  0.8  Sniffles2.INS.270S11      1   340     (1) + ALR/Alpha      Satellite/centr        1    340    (1)  595  
  175    7.5  3.7  0.0  Sniffles2.INS.271S24      1   269     (0) + (AT)n          Simple_repeat          1    279    (0)  596  
   82    1.9  7.5  0.0  Sniffles2.INS.272S18      1   107     (0) + (AT)n          Simple_repeat          1    115    (0)  597  
  511   17.6  6.9  7.6  Sniffles2.INS.273SC0     12   593     (1) C HSATII         Satellite            (5)    577      1  598  
 1150   15.8  0.7  0.0  Sniffles2.INS.274S11     10   338     (1) + ALR/Alpha      Satellite/centr        1    331    (0)  599  
 1285   13.8  0.4  0.0  Sniffles2.INS.275S11     10   339     (1) + ALR/Alpha      Satellite/centr        1    331    (0)  600  
 1239   12.5  0.7  0.1  Sniffles2.INS.276S11      7   676     (2) + ALR/Alpha      Satellite/centr        1    673    (2)  601  
 1407   12.7  0.4  0.0  Sniffles2.INS.277S11      1  1018     (0) + ALR/Alpha      Satellite/centr        1   1022    (2)  602  
  907   10.5  0.8  1.5  Sniffles2.INS.277S37      3   135     (1) C AluSx          SINE/Alu           (115)    197     66  603  
 1263    9.4  0.0  0.0  Sniffles2.INS.27BS11      3   338     (1) + ALR/Alpha      Satellite/centr        1    336    (0)  604  
   45    4.2  0.0  0.0  Sniffles2.INS.27DS18      1    50     (0) + (CTTTC)n       Simple_repeat          1     50    (0)  605  
   45   11.7  2.6  0.0  Sniffles2.INS.27FS18      1    77     (0) + (AAGA)n        Simple_repeat          1     79    (0)  606  
  460   11.4  0.0  0.0  Sniffles2.INS.27S15       3    72     (0) + HSATII         Satellite             10     79   (91)  607  
   36    6.7  0.0  0.0  Sniffles2.INS.27S16       1    47     (2) + (GTGGA)n       Simple_repeat          1     47    (0)  608  
 1019   12.5  1.5  0.4  Sniffles2.INS.27S2F       3   337     (1) + ALR/Alpha      Satellite/centr        1    338    (0)  609  
  930   15.5  1.9  0.0  Sniffles2.INS.27S30       1   337     (0) + ALR/Alpha      Satellite/centr        1    343    (0)  610  
  374    8.3  0.0  0.0  Sniffles2.INS.27S4        3    50     (0) C Alu            SINE/Alu            (89)    213    166  611  
 1021   16.1  0.5  1.0  Sniffles2.INS.27S6F       6  1351     (8) C ALR/Alpha      Satellite/centr     (27)   1338      1  612  
  256   24.6  0.0  0.0  Sniffles2.INS.27S8        1    65     (2) + BSR/Beta       Satellite             58    122   (14)  613  
 2559    0.4  0.4  0.0  Sniffles2.INS.281S11     10   318     (0) C AluYa5         SINE/Alu             (0)    311     10  614  
 1037   14.9  0.0  0.1  Sniffles2.INS.285S23      1   344     (0) + ALR/Alpha      Satellite/centr        1    343    (0)  615  
  434   18.2  6.9  7.5  Sniffles2.INS.286SC0      3   631    (13) C HSATII         Satellite            (4)    625      1  616  
 1326   11.1  1.2  0.1  Sniffles2.INS.288S11      1  1013     (0) + ALR/Alpha      Satellite/centr        1   1024    (1)  617  
   54    0.0  0.0  0.0  Sniffles2.INS.289S18      1    49     (3) + (TTTC)n        Simple_repeat          1     49    (0)  618  
 1066   11.6  0.3  0.0  Sniffles2.INS.28AS11      1   336     (4) + ALR/Alpha      Satellite/centr        1    336    (0)  619  
 1050   11.4  0.3  0.0  Sniffles2.INS.28BS11      1   339     (1) + ALR/Alpha      Satellite/centr        1    339    (2)  620  
   37    1.8  5.3  1.7  Sniffles2.INS.28S25       3    59     (0) + (GAAA)n        Simple_repeat          1     59    (0)  621  
  312   21.8  0.0  0.0  Sniffles2.INS.28S2B      15    69     (1) + Alu            SINE/Alu             226    280   (22)  622  
  656   12.2  0.5  1.1  Sniffles2.INS.28S8        2   123    (13) + BSR/Beta       Satellite              1    121    (0)  623  
  446   18.2  5.8  8.5  Sniffles2.INS.290SC0      2   641     (3) C HSATII         Satellite            (7)    623      1  624  
 1353   10.8  0.6  0.1  Sniffles2.INS.292S11      1   676     (3) + ALR/Alpha      Satellite/centr        1    679    (2)  625  
 1052   13.8  0.4  0.0  Sniffles2.INS.293S11      5   338     (0) + ALR/Alpha      Satellite/centr        1    335    (0)  626  
   29   14.5  6.5  0.0  Sniffles2.INS.293S22      1    62     (5) + (TA)n          Simple_repeat          1     66    (0)  627  
   91   13.2  5.4  4.0  Sniffles2.INS.293S24      1   223     (3) + (CA)n          Simple_repeat          1    226    (0)  628  
 1402   10.8  0.3  0.0  Sniffles2.INS.294S11      1   677     (3) + ALR/Alpha      Satellite/centr        1    679    (2)  629  
 1077   15.7  1.6  0.0  Sniffles2.INS.294S23     10   992    (15) + ALR/Alpha      Satellite/centr        1    997    (0)  630  
  694    4.9  2.8  0.7  Sniffles2.INS.295S18      1   143     (1) C MSR1           Satellite           (28)    145      1  631  
  646    6.2  3.9  0.0  Sniffles2.INS.296S18      1   201     (0) C MSR1           Satellite            (9)    208      1  632  
 1176   15.7  0.7  0.0  Sniffles2.INS.297S11     10   338     (1) + ALR/Alpha      Satellite/centr        1    331    (2)  633  
  511   17.8  6.2  8.0  Sniffles2.INS.297SC0      1   659     (0) C HSATII         Satellite            (6)    647      1  634  
 1259   13.4  0.6  0.1  Sniffles2.INS.298S11      1   674     (4) + ALR/Alpha      Satellite/centr        1    677    (0)  635  
 2301    9.0  0.0  0.0  Sniffles2.INS.299S0       1   290   (469) C AluSg          SINE/Alu            (19)    291      2  636  
  724   22.1 10.7  0.8  Sniffles2.INS.299S0     291   505   (254) + L1MC4          LINE/L1             6494   6729 (1313)  637  
  738   10.8  1.9  1.7  Sniffles2.INS.299S0     515   645   (114) + MER66A         LTR/ERV1              27    144  (334)  638  
 2598    0.4  0.0  0.0  Sniffles2.INS.29AS11     10   317     (0) C AluYa5         SINE/Alu             (0)    311     10  639  
 1066   11.6  0.3  0.0  Sniffles2.INS.29BS11      1   336     (4) + ALR/Alpha      Satellite/centr        1    336    (0)  640  
 2922    0.6  0.0  0.0  Sniffles2.INS.29BS37     15   325    (50) + AluYa5         SINE/Alu               1    311    (0)  641  
   46    0.0  0.0  0.0  Sniffles2.INS.29BS37    326   375     (0) + (A)n           Simple_repeat          1     50    (0)  642  
  511   17.8  6.2  8.0  Sniffles2.INS.29BSC0      1   659     (0) C HSATII         Satellite            (6)    647      1  643  
 1259   13.8  0.6  0.0  Sniffles2.INS.29CS11      1   676     (1) + ALR/Alpha      Satellite/centr        1    680    (2)  644  
 1058   14.8  0.5  0.7  Sniffles2.INS.29CS23      1   680     (2) + ALR/Alpha      Satellite/centr        1    679    (0)  645  
  600   21.4  0.0  3.8  Sniffles2.INS.29DS0       1   147     (0) + FLAM_C         SINE/Alu               1    218   (84)  646  
   67    9.1  1.6  1.6  Sniffles2.INS.29FS22      1   121     (4) + (ATTCC)n       Simple_repeat          1    121    (0)  647  
  294    8.9  0.0  2.1  Sniffles2.INS.29S18      39    97     (0) + FLAM_C         SINE/Alu               1     37   (96)  648  
 1145   12.8  1.0  0.0  Sniffles2.INS.29S2F       5   336     (1) + ALR/Alpha      Satellite/centr        1    335    (0)  649  
  830   16.2  0.0  0.8  Sniffles2.INS.29S30       4   171     (1) + ALR/Alpha      Satellite/centr        1    166    (0)  650  
  364   13.0  0.0  0.0  Sniffles2.INS.29S8       14    67     (0) + BSR/Beta       Satellite             37     90   (46)  651  
 1154   11.9  1.2  0.1  Sniffles2.INS.29SB0       1   675     (1) + ALR/Alpha      Satellite/centr        1    682    (0)  652  
   39    7.0  1.6  1.6  Sniffles2.INS.29SBD      12    73     (7) + (TCCAT)n       Simple_repeat          1     62    (0)  653  
  130    5.3  2.8  3.8  Sniffles2.INS.2A0S37      2   214     (0) + (ATATATA)n     Simple_repeat          1    211    (0)  654  
   60    0.0  0.0  0.0  Sniffles2.INS.2A0SF       1    51     (0) + (TA)n          Simple_repeat          1     51    (0)  655  
 1001   12.3  9.2  0.5  Sniffles2.INS.2A1S37      1   196   (116) + MER95          LTR/ERV1              84    296  (135)  656  
  442   11.5  2.5  1.2  Sniffles2.INS.2A1S37    233   311     (1) + MER95          LTR/ERV1               1     80  (351)  657  
  977   15.0  1.3  0.2  Sniffles2.INS.2A4S33      1   494     (0) + ALR/Alpha      Satellite/centr        1    499    (0)  658  
 1270   13.5  0.8  0.0  Sniffles2.INS.2A5S11      7   677     (3) + ALR/Alpha      Satellite/centr        1    676    (4)  659  
 1009   14.7  1.1  0.2  Sniffles2.INS.2A7S33      1   497     (0) + ALR/Alpha      Satellite/centr        1    501    (0)  660  
 1243   13.6  1.1  0.0  Sniffles2.INS.2ACS11      1  1001     (8) + ALR/Alpha      Satellite/centr        1   1011    (0)  661  
   54    0.0  0.0  0.0  Sniffles2.INS.2AES0       1    59    (37) + (A)n           Simple_repeat          1     59    (0)  662  
   58   14.3  2.0  0.0  Sniffles2.INS.2AESBF      2   102     (5) + (AT)n          Simple_repeat          1    103    (0)  663  
  812   12.8  0.0  2.8  Sniffles2.INS.2AFS33      3   171     (0) + ALR/Alpha      Satellite/centr        1    164    (0)  664  
   14   22.3  7.0  0.0  Sniffles2.INS.2AFSF      36    92    (12) + (TTATA)n       Simple_repeat          1     61    (0)  665  
  377   19.4  4.2  0.0  Sniffles2.INS.2AS16      26    97   (165) + AluYk2         SINE/Alu             224    298   (13)  666 *
  632   13.5  5.0  3.7  Sniffles2.INS.2AS16      90   250    (12) C HSATII         Satellite            (7)    163      1  667  
  255   23.4  0.0  0.0  Sniffles2.INS.2AS2B       3    49    (15) + AluYj4         SINE/Alu             224    270   (41)  668  
  932   15.5  3.0  0.4  Sniffles2.INS.2AS2F       7   334     (0) + ALR/Alpha      Satellite/centr        1    336    (0)  669  
 1007   16.0  1.0  0.0  Sniffles2.INS.2AS30      10   336     (2) + ALR/Alpha      Satellite/centr        1    330    (0)  670  
   62    5.0  3.5  1.1  Sniffles2.INS.2AS31       1    86     (5) + (AC)n          Simple_repeat          1     88    (0)  671  
  801   14.7  5.0  0.4  Sniffles2.INS.2AS8        4   334     (2) + BSR/Beta       Satellite              1    346    (4)  672  
  416   14.4 11.6  1.0  Sniffles2.INS.2ASBD       7   160     (0) + HSATII         Satellite              1    170    (7)  673  
  926   15.1  3.1  0.5  Sniffles2.INS.2B2S0      25   209     (4) C L1P3           LINE/L1           (1897)   4249   4067  674  
  882   14.6  4.9  5.8  Sniffles2.INS.2B2S22      1   297     (0) C SATR1          Satellite          (343)    294      1  675  
   29   13.1  5.0  0.0  Sniffles2.INS.2B2SF       1    60     (1) + GA-rich        Low_complexity         1     63    (0)  676  
 1050   11.4  0.3  0.0  Sniffles2.INS.2B3S11      1   339     (1) + ALR/Alpha      Satellite/centr        1    339    (2)  677  
   42    4.9 13.1  0.0  Sniffles2.INS.2B5SBF      1    84     (0) + (TA)n          Simple_repeat          1     95    (0)  678  
   51    4.9  3.1  0.0  Sniffles2.INS.2B7S2       1    64     (0) + (AT)n          Simple_repeat          1     66    (0)  679  
 1293   12.9  0.8  0.2  Sniffles2.INS.2B9S11      2   338     (1) + ALR/Alpha      Satellite/centr        1    339    (2)  680  
   71   13.4  2.1  3.5  Sniffles2.INS.2B9SF       1   145     (1) + (TTCC)n        Simple_repeat          1    143    (0)  681  
 1229   11.4  0.5  0.4  Sniffles2.INS.2BCS11      1   679     (0) + ALR/Alpha      Satellite/centr        1    680    (0)  682  
 1402   12.3  0.2  0.0  Sniffles2.INS.2BDS11      1   679     (1) + ALR/Alpha      Satellite/centr        1    680    (2)  683  
   51   17.2  4.4  0.8  Sniffles2.INS.2BDS18      3   116     (5) + (CT)n          Simple_repeat          1    118    (0)  684  
  281    6.5  0.2  5.2  Sniffles2.INS.2BFS22      1   465     (1) + (CCAG)n        Simple_repeat          1    443    (0)  685  
   25   11.3  1.8  7.4  Sniffles2.INS.2BFSBF      1    57     (2) + (AT)n          Simple_repeat          1     54    (0)  686  
  936   13.8  3.1  3.4  Sniffles2.INS.2BS15       1   312     (2) + HSATII         Satellite              1    310    (0)  687  
  870   15.8  0.0  0.8  Sniffles2.INS.2BS2F       1   170     (1) + ALR/Alpha      Satellite/centr        1    168    (0)  688  
  382   20.5  6.0  8.1  Sniffles2.INS.2BSBD       2   298     (2) + HSATII         Satellite              1    291    (7)  689  
 1251   12.5  0.5  0.0  Sniffles2.INS.2C0S11      7   675     (3) + ALR/Alpha      Satellite/centr        1    672    (2)  690  
 2418    7.8  0.0  0.0  Sniffles2.INS.2C0S22     22   317  (3761) + AluYc          SINE/Alu               2    297    (2)  691  
 2131    8.5  1.0  2.0  Sniffles2.INS.2C0S22    607   905  (3173) C AluSx          SINE/Alu            (16)    296      1  692  
 1889   12.8  4.5  0.0  Sniffles2.INS.2C0S22    906  1193  (2885) C AluSx          SINE/Alu            (11)    301      1  693  
  551   26.9 11.6  1.6  Sniffles2.INS.2C0S22   1565  1873  (2205) C L1ME4b         LINE/L1            (396)   5781   5430  694  
  629   20.5  2.9  5.2  Sniffles2.INS.2C0S22   1878  2016  (2062) C AluSx          SINE/Alu           (166)    136      1  695  
   13    8.5  4.0  0.0  Sniffles2.INS.2C0S22   2024  2048  (2030) + (CCAC)n        Simple_repeat          1     26    (0)  696  
   28    0.0  0.0  0.0  Sniffles2.INS.2C0S22   2051  2077  (2001) + (T)n           Simple_repeat          1     27    (0)  697  
 1701   18.6  0.0  0.4  Sniffles2.INS.2C0S22   2080  2359  (1719) C AluJr4         SINE/Alu            (33)    279      1  698  
 2145   10.3  1.7  0.0  Sniffles2.INS.2C0S22   3775  4066    (12) C AluSx          SINE/Alu            (14)    298      2  699  
   31   14.9  2.8  2.8  Sniffles2.INS.2C1S18      1    72     (0) + (CCTC)n        Simple_repeat          1     72    (0)  700  
 1114   15.9  1.1  0.4  Sniffles2.INS.2C4S11      9   338     (1) + ALR/Alpha      Satellite/centr        1    332    (2)  701  
  318   15.2  0.0  0.0  Sniffles2.INS.2C5S0       8    53    (65) + AluJb          SINE/Alu              78    123  (189)  702  
  279   15.6  2.2  0.0  Sniffles2.INS.2C5S0      47    91    (27) + AluJb          SINE/Alu              78    123  (189)  703 *
  265   11.8  0.0  0.0  Sniffles2.INS.2C5S0      85   118     (0) + AluJb          SINE/Alu              78    111  (201)  704 *
 1402   11.6  0.8  0.3  Sniffles2.INS.2C8S11      1  1017     (0) + ALR/Alpha      Satellite/centr        1   1022    (2)  705  
   39    2.0  1.9  1.9  Sniffles2.INS.2C8S25      6    59     (6) + (AAGA)n        Simple_repeat          1     54    (0)  706  
 1236   15.3  0.7  0.0  Sniffles2.INS.2C9S11      9   338     (1) + ALR/Alpha      Satellite/centr        1    332    (2)  707  
 1239   12.6  0.5  0.0  Sniffles2.INS.2CAS11      7   338     (2) + ALR/Alpha      Satellite/centr        1    333    (2)  708  
   41    3.5  5.0  0.0  Sniffles2.INS.2CAS2       1    60     (0) + (GAAA)n        Simple_repeat          1     63    (0)  709  
 1050   12.1  0.3  0.0  Sniffles2.INS.2CES11      2   338     (0) + ALR/Alpha      Satellite/centr        1    337    (0)  710  
 1046   12.2  0.3  0.0  Sniffles2.INS.2CFS11      2   339     (1) + ALR/Alpha      Satellite/centr        1    338    (0)  711  
  694    8.8  6.2  0.0  Sniffles2.INS.2CS15       3   115     (1) + HSATII         Satellite             34    153   (17)  712  
  869   16.1  3.1  0.1  Sniffles2.INS.2CS2F       1   332     (0) + ALR/Alpha      Satellite/centr        1    341    (0)  713  
  890   14.9  2.1  0.0  Sniffles2.INS.2CS30       1   336     (1) + ALR/Alpha      Satellite/centr        1    343    (0)  714  
 1060    7.5  0.8  0.0  Sniffles2.INS.2CS37       1   134     (0) + AluSp          SINE/Alu              12    146  (167)  715  
  380   15.4  0.0  0.0  Sniffles2.INS.2CS8        1    65     (3) C BSR/Beta       Satellite           (28)    108     44  716  
  431   17.7  4.5  6.8  Sniffles2.INS.2CSBD       2   762    (18) + HSATII         Satellite              1    743    (7)  717  
 1229   15.5  0.7  0.0  Sniffles2.INS.2D3S11      9   338     (1) + ALR/Alpha      Satellite/centr        1    332    (2)  718  
   65   27.9  0.5  3.2  Sniffles2.INS.2D4SBF      2   225     (9) + (TATTTA)n      Simple_repeat          1    218    (0)  719  
 1036   12.7  0.4  0.0  Sniffles2.INS.2D7S11      3   336     (2) + ALR/Alpha      Satellite/centr        1    335    (0)  720  
   91    0.0  0.0  0.0  Sniffles2.INS.2D9S2       1    80     (1) + (C)n           Simple_repeat          1     80    (0)  721  
   59   51.4  0.0  0.0  Sniffles2.INS.2DAS37      1   392     (0) + (TATA)n        Simple_repeat          1    392    (0)  722  
   46    0.0  0.0  0.0  Sniffles2.INS.2DASF       1    42     (6) + (TTTC)n        Simple_repeat          1     42    (0)  723  
  765   16.9  4.2  5.6  Sniffles2.INS.2DBS25      1   249   (601) + AluJb          SINE/Alu              85    302    (0)  724  
  396   18.2  4.5  9.5  Sniffles2.INS.2DBS25    250   425   (425) C L1M4a1         LINE/L1           (4042)   2520   2353  725  
   16    0.0  0.0  0.0  Sniffles2.INS.2DBS25    589   605   (245) + (A)n           Simple_repeat          1     17    (0)  726  
 2431    5.5  2.7  6.7  Sniffles2.INS.2DBSC0      1  1616     (1) C LTR12B         LTR/ERV1             (0)    667    335  727  
   12    7.5  6.7  3.2  Sniffles2.INS.2DCS25   1236  1265    (78) + (CAGG)n        Simple_repeat          1     31    (0)  728  
 1392   10.9  0.3  0.0  Sniffles2.INS.2DDS11      1   676     (3) + ALR/Alpha      Satellite/centr        1    677    (0)  729  
 1238   12.6  0.7  0.0  Sniffles2.INS.2DES11      7   674     (3) + ALR/Alpha      Satellite/centr        1    672    (4)  730  
  253   27.8  0.0  0.0  Sniffles2.INS.2DS2B       1    54     (2) + AluYh7         SINE/Alu             226    279   (32)  731  
  851   18.4  0.0  0.0  Sniffles2.INS.2DS2F       1   163     (7) + ALR/Alpha      Satellite/centr        9    171    (0)  732  
 1102   13.4  1.2  0.0  Sniffles2.INS.2DS30       1   334     (2) + ALR/Alpha      Satellite/centr        1    337    (0)  733  
  408   14.7  0.0  1.5  Sniffles2.INS.2DS8        1    69     (0) C BSR/Beta       Satellite           (28)    108     41  734  
  942   13.2  0.0  0.0  Sniffles2.INS.2DSB0       5   168     (0) + ALR/Alpha      Satellite/centr        1    164    (0)  735  
 1270   13.2  0.4  0.3  Sniffles2.INS.2E0S11      1   678     (3) + ALR/Alpha      Satellite/centr        1    678    (4)  736  
 1176   15.7  0.7  0.0  Sniffles2.INS.2E4S11     10   338     (1) + ALR/Alpha      Satellite/centr        1    331    (2)  737  
  345    2.6  0.0  0.0  Sniffles2.INS.2E6S25      1    39   (627) C LTR8           LTR/ERV1           (368)    323    285  738  
  345    2.6  0.0  0.0  Sniffles2.INS.2E6S25     40    78   (588) C LTR8           LTR/ERV1           (368)    323    285  738  
  266    5.3  0.0 10.5  Sniffles2.INS.2E6S25     79   120   (546) C LTR8           LTR/ERV1           (368)    323    286  738  
  280    7.7  2.6  0.0  Sniffles2.INS.2E6S25    121   159   (507) C LTR8           LTR/ERV1           (367)    324    285  738  
  260    7.8  0.0 10.3  Sniffles2.INS.2E6S25    160   202   (464) C LTR8           LTR/ERV1           (368)    323    285  738  
  297    2.6  0.0 10.3  Sniffles2.INS.2E6S25    203   245   (421) C LTR8           LTR/ERV1           (368)    323    285  738  
  345    2.6  0.0  0.0  Sniffles2.INS.2E6S25    246   284   (382) C LTR8           LTR/ERV1           (368)    323    285  738  
  315    5.1  0.0  0.0  Sniffles2.INS.2E6S25    285   323   (343) C LTR8           LTR/ERV1           (368)    323    285  738  
  334    5.1  0.0  0.0  Sniffles2.INS.2E6S25    324   362   (304) C LTR8           LTR/ERV1           (368)    323    285  738  
  293    7.7  0.0  0.0  Sniffles2.INS.2E6S25    363   401   (265) C LTR8           LTR/ERV1           (368)    323    285  738  
  237    9.7  0.0  0.0  Sniffles2.INS.2E6S25    415   445   (221) C LTR8           LTR/ERV1           (376)    315    285  738  
  260    7.8  0.0 10.3  Sniffles2.INS.2E6S25    446   488   (178) C LTR8           LTR/ERV1           (368)    323    285  738  
  242   10.3  0.0  7.7  Sniffles2.INS.2E6S25    489   530   (136) C LTR8           LTR/ERV1           (368)    323    285  738  
  264    7.8  0.0 10.3  Sniffles2.INS.2E6S25    531   573    (93) C LTR8           LTR/ERV1           (368)    323    285  738  
  318    7.7  0.0  0.0  Sniffles2.INS.2E6S25    574   612    (54) C LTR8           LTR/ERV1           (368)    323    285  738  
  245    7.8  0.0 10.3  Sniffles2.INS.2E6S25    613   655    (11) C LTR8           LTR/ERV1           (368)    323    285  738  
  908   12.8  0.0  0.0  Sniffles2.INS.2E6S33      3   167     (0) + ALR/Alpha      Satellite/centr        1    165    (0)  739  
 1177   14.3  1.2  0.0  Sniffles2.INS.2E8S33      1   676     (0) + ALR/Alpha      Satellite/centr        1    683    (0)  740  
 1102   14.0  0.4  0.0  Sniffles2.INS.2EAS11      7   333     (6) + ALR/Alpha      Satellite/centr        1    328    (0)  741  
 1234   14.1  0.7  0.2  Sniffles2.INS.2ECS11      1   676     (0) + ALR/Alpha      Satellite/centr        1    679    (0)  742  
 1230   13.6  0.8  0.1  Sniffles2.INS.2EDS11      1   677     (1) + ALR/Alpha      Satellite/centr        1    682    (2)  743  
  226    3.3  6.7  0.0  Sniffles2.INS.2ES25      19    48     (1) + MLT1D          LTR/ERVL-MaLR          1     32  (473)  744  
  366   20.3  3.1  0.0  Sniffles2.INS.2ES2B       5    68     (1) + Alu            SINE/Alu             225    290   (12)  745  
  808   18.5  0.6  0.0  Sniffles2.INS.2ES30       1   162     (7) + ALR/Alpha      Satellite/centr        9    171    (0)  746  
   28   13.4  0.0  0.0  Sniffles2.INS.2ES58       1    49    (11) + (GAATG)n       Simple_repeat          1     49    (0)  747  
  794   14.6  1.0  0.5  Sniffles2.INS.2ES8        1   338     (1) C BSR/Beta       Satellite           (28)    339      1  748  
   27   22.0  0.0  0.0  Sniffles2.INS.2ESBD       1    63     (2) + (ATTCC)n       Simple_repeat          1     63    (0)  749  
 1139   13.3  1.1  0.4  Sniffles2.INS.2F0S33      1   678     (0) + ALR/Alpha      Satellite/centr        1    682    (0)  750  
   61    0.0  0.0  0.0  Sniffles2.INS.2F4SF       1    55     (1) + (CTTC)n        Simple_repeat          1     55    (0)  751  
 1270   13.7  0.8  0.0  Sniffles2.INS.2F7S11      7   677     (3) + ALR/Alpha      Satellite/centr        1    676    (2)  752  
   34    2.0  8.0  0.0  Sniffles2.INS.2FAS0       1    50     (0) + (TTTC)n        Simple_repeat          1     54    (0)  753  
 1407   11.1  0.2  0.0  Sniffles2.INS.2FBS11      3   680     (0) + ALR/Alpha      Satellite/centr        1    679    (0)  754  
  419   11.6  0.3  7.8  Sniffles2.INS.2FBS22      1   906    (10) + (TGGC)n        Simple_repeat          1    843    (0)  755  
  328    0.0  0.0  2.5  Sniffles2.INS.2FDS37     12    52     (1) + L1P3           LINE/L1             4016   4055 (2091)  756  
 1343   12.8  0.7  0.1  Sniffles2.INS.2FFS11     10   676     (1) + ALR/Alpha      Satellite/centr        1    670    (0)  757  
  576    1.3  0.0  0.0  Sniffles2.INS.2FFS2       1    76     (0) + SVA_F          Retroposon/SVA       752    827  (548)  758  
  373    6.2  4.2  0.0  Sniffles2.INS.2FS25      31    78   (263) + MLT1D          LTR/ERVL-MaLR          1     50  (455)  759  
  272   10.4  3.9  6.0  Sniffles2.INS.2FS25      80   130   (211) + MLT1D          LTR/ERVL-MaLR          1     50  (455)  759  
  333   10.4  4.2  0.0  Sniffles2.INS.2FS25     132   179   (162) + MLT1D          LTR/ERVL-MaLR          1     50  (455)  759  
  373    6.2  4.2  0.0  Sniffles2.INS.2FS25     181   228   (113) + MLT1D          LTR/ERVL-MaLR          1     50  (455)  759  
  274    9.1  4.4  2.2  Sniffles2.INS.2FS25     244   288    (53) + MLT1D          LTR/ERVL-MaLR          5     50  (455)  759  
  329   21.7  0.0  0.0  Sniffles2.INS.2FS2B      12    71     (1) + Alu            SINE/Alu              89    148   (18)  760  
 1054   15.3  0.0  0.2  Sniffles2.INS.2FS30       1   342     (1) + ALR/Alpha      Satellite/centr        1    341    (0)  761  
   25   20.5  5.0  1.2  Sniffles2.INS.2FS37      14    93     (7) + (ATATAAC)n     Simple_repeat          1     83    (0)  762  
  338   18.0  0.0  0.0  Sniffles2.INS.2FS8        5    65     (2) C BSR/Beta       Satellite           (18)    118     58  763  
   49    0.0  3.9  0.0  Sniffles2.INS.2S24        1    52     (0) + (TTCCT)n       Simple_repeat          1     54    (0)  764  
   44    5.9  0.0  0.0  Sniffles2.INS.2S2D        1    54     (1) + (AATGG)n       Simple_repeat          1     54    (0)  765  
 1012   13.6  1.6  0.0  Sniffles2.INS.2S2F        1   336     (0) + ALR/Alpha      Satellite/centr        1    341    (0)  766  
  279   19.3  1.8  0.0  Sniffles2.INS.2S32        4    60     (2) + L1M4           LINE/L1             2994   3051 (3095)  767  
   55    1.9  0.0  0.0  Sniffles2.INS.2S33        1    54     (0) + (GAA)n         Simple_repeat          1     54    (0)  768  
 1029   10.2  0.0  0.0  Sniffles2.INS.2S36        1   170     (1) C ALR/Alpha      Satellite/centr     (19)    170      1  769  
  953   13.3  0.0  0.0  Sniffles2.INS.2S5D        1   170     (1) + ALR/Alpha      Satellite/centr        1    170    (0)  770  
  842   10.8  0.0 10.4  Sniffles2.INS.2S8         1   198     (5) + BSR/Beta       Satellite              1    177    (0)  771  
 1008    7.8  2.1  0.0  Sniffles2.INS.2SA8        2   143     (1) C ACRO1          Satellite/acro       (0)    147      3  772  
 2230    0.4  0.0  0.0  Sniffles2.INS.2SB3       16   250     (6) + AluYb8         SINE/Alu              74    308   (10)  773  
 2953    0.6  0.0  0.0  Sniffles2.INS.2SB7       12   324     (0) C AluYb8         SINE/Alu             (4)    314      2  774  
   14   17.7  0.0  0.0  Sniffles2.INS.2SBD       18    49     (1) + (ATTCC)n       Simple_repeat          1     32    (0)  775  
 1214   13.3  0.5  0.0  Sniffles2.INS.301S11      7   675     (3) + ALR/Alpha      Satellite/centr        1    672    (2)  776  
   76    0.0  0.0  0.0  Sniffles2.INS.307SF       1    67     (0) + (C)n           Simple_repeat          1     67    (0)  777  
   27    3.1  0.0  2.9  Sniffles2.INS.308S35     11    45     (5) + (TATATAA)n     Simple_repeat          1     34    (0)  778  
   73    8.8  2.9  2.1  Sniffles2.INS.30AS35      6   144     (1) + (TA)n          Simple_repeat          1    140    (0)  779  
 1363   13.2  0.2  0.4  Sniffles2.INS.30BS11      1   343     (0) + ALR/Alpha      Satellite/centr        1    342    (2)  780  
  134    1.3  5.2  0.0  Sniffles2.INS.30BS18      1   154     (0) + (ACATACATAT)n  Simple_repeat          1    162    (0)  781  
 1206   13.0  0.5  0.3  Sniffles2.INS.30ES11      1   340     (1) + ALR/Alpha      Satellite/centr        1    340    (1)  782  
  514   13.0 23.7  0.9  Sniffles2.INS.30ES37     25   210     (0) + L1P3           LINE/L1             4185   4412 (1734)  783  
   25   12.9  0.0  0.0  Sniffles2.INS.30S16       1    43    (72) + (GGAGT)n       Simple_repeat          1     43    (0)  784  
   33    0.0  0.0  0.0  Sniffles2.INS.30S16      46    76    (39) + (GTAAT)n       Simple_repeat          1     31    (0)  785  
   20    5.8  5.6  0.0  Sniffles2.INS.30S16      79   114     (1) + (GAGTG)n       Simple_repeat          1     38    (0)  786  
  332   12.8  0.0  0.0  Sniffles2.INS.30S2B       5    51     (5) + AluYk2         SINE/Alu             224    270   (41)  787  
  824   12.1  0.4  0.4  Sniffles2.INS.30S30       8   169     (1) + ALR/Alpha      Satellite/centr        1    162    (0)  788  
  704   12.7  0.5  1.0  Sniffles2.INS.30S8        2   131     (4) C BSR/Beta       Satellite           (17)    129      1  789  
   27   22.9  0.0  0.0  Sniffles2.INS.30SBD       1    66     (3) + (TTCCA)n       Simple_repeat          1     66    (0)  790  
  908   12.8  0.0  0.0  Sniffles2.INS.311S33      3   167     (0) + ALR/Alpha      Satellite/centr        1    165    (0)  791  
 1133   12.0  1.2  0.9  Sniffles2.INS.312S11      1   339     (1) + ALR/Alpha      Satellite/centr        1    340    (1)  792  
   39    5.8  3.7  0.0  Sniffles2.INS.313SF       3    56     (1) + (TA)n          Simple_repeat          1     56    (0)  793  
   36    7.9  1.8  0.0  Sniffles2.INS.314S0       1    56     (0) + (AAAG)n        Simple_repeat          1     57    (0)  794  
   67   17.7  6.0  2.1  Sniffles2.INS.316SC0      1   182     (9) + (TA)n          Simple_repeat          1    189    (0)  795  
   60    0.0  0.0  0.0  Sniffles2.INS.317S24      1    54     (0) + (CCCGCCCCT)n   Simple_repeat          1     54    (0)  796  
 1042    6.3  0.0  0.0  Sniffles2.INS.31BS11      1   127     (0) C L1P1           LINE/L1           (5254)    901    775  797  
   22   24.1  4.1  1.3  Sniffles2.INS.31CS5       1    73     (4) + (CCAT)n        Simple_repeat          1     75    (0)  798  
  366   32.1  6.4  0.0  Sniffles2.INS.31CSC0     57   196   (324) + MIR3           SINE/MIR              11    159   (49)  799  
  340   29.0 21.5  0.0  Sniffles2.INS.31CSC0    282   481    (39) C MamRep605      LTR                 (43)    806    564  800  
   41    5.1  8.1  3.3  Sniffles2.INS.31FSC0      1    87     (0) + (TATATTA)n     Simple_repeat          1     91    (0)  801  
  352   20.0  0.0  0.0  Sniffles2.INS.31S2B      12    66     (6) + Alu            SINE/Alu             224    278   (23)  802  
  799   13.0  0.0  0.7  Sniffles2.INS.31S2F       1   169     (2) + ALR/Alpha      Satellite/centr        1    167    (0)  803  
 1060   14.6  0.1  0.0  Sniffles2.INS.31S30       1   341     (0) + ALR/Alpha      Satellite/centr        1    341    (0)  804  
   31   16.2  3.1  0.0  Sniffles2.INS.31S37       1    64     (0) + (TGG)n         Simple_repeat          1     66    (0)  805  
 1264   12.9  0.0  0.3  Sniffles2.INS.31S6        1   506     (9) C ALR/Alpha      Satellite/centr      (8)    504      1  806  
  815   14.2  0.5  1.2  Sniffles2.INS.31S8        2   478     (1) C BSR/Beta       Satellite           (43)    473      1  807  
  446   18.5  5.8  5.8  Sniffles2.INS.31SBD       4   667    (17) + HSATII         Satellite              1    664    (4)  808  
  362   12.9 46.0  1.6  Sniffles2.INS.322SF      16   181    (91) C AluSx          SINE/Alu            (63)    239      1  809  
   27    0.0  0.0  0.0  Sniffles2.INS.322SF     240   265     (7) + (T)n           Simple_repeat          1     26    (0)  810  
   29    8.5  4.0  0.0  Sniffles2.INS.323S35      1    50     (3) + (GGGGCG)n      Simple_repeat          1     52    (0)  811  
   64   14.6  0.9  0.0  Sniffles2.INS.323S37      3   109     (0) + (TA)n          Simple_repeat          1    108    (0)  812  
 1097   12.5  1.7  0.3  Sniffles2.INS.325S33      1   672     (3) + ALR/Alpha      Satellite/centr        1    681    (0)  813  
 1818    4.8  2.2  0.0  Sniffles2.INS.32BS11      8   234     (5) + L1PA5          LINE/L1             5910   6141   (13)  814  
   18   18.8  2.3  2.3  Sniffles2.INS.32CS11      7    50     (0) + (AT)n          Simple_repeat          1     44    (0)  815  
  423    5.8  1.9  0.0  Sniffles2.INS.32DS11      4    55     (1) C AluSg          SINE/Alu           (105)    205    153  816  
  297    0.0 14.9  0.0  Sniffles2.INS.32ES24      1    67     (0) + SUBTEL_sat     Satellite              5     81   (93)  817  
 1027   13.5  0.5  0.0  Sniffles2.INS.32S2F       1   334     (5) + ALR/Alpha      Satellite/centr        1    335    (0)  818  
  881   15.8  1.7  0.0  Sniffles2.INS.32S30       1   338     (0) + ALR/Alpha      Satellite/centr        1    343    (0)  819  
 1262   11.6  0.3  0.3  Sniffles2.INS.32S6        1  1023     (2) C ALR/Alpha      Satellite/centr     (35)   1022      1  820  
  403   12.7  1.6  0.0  Sniffles2.INS.32S8        2    64     (0) C BSR/Beta       Satellite           (37)     99     36  821  
   26    9.1  2.1  0.0  Sniffles2.INS.32SBD       1    47    (26) + (TTCCA)n       Simple_repeat          1     48    (0)  822  
   30   14.1  0.0  0.0  Sniffles2.INS.330S11      6    53     (1) + (T)n           Simple_repeat          1     48    (0)  823  
 1963    9.8  4.4  2.3  Sniffles2.INS.333S11     66   358     (0) + AluY           SINE/Alu               1    299   (12)  824  
   21    5.0  9.5  0.0  Sniffles2.INS.334S11      1    50     (0) + (GGGGA)n       Simple_repeat          1     54    (0)  825  
   33    3.7  9.1  0.0  Sniffles2.INS.334SF       1    55     (0) + (TA)n          Simple_repeat          1     60    (0)  826  
  467    6.7  1.1  1.1  Sniffles2.INS.337S11      8    97     (0) C SVA_F          Retroposon/SVA     (592)    783    694  827  
  549    1.1  0.0  1.1  Sniffles2.INS.338SF      10    98     (0) + SVA_C          Retroposon/SVA       691    778  (606)  828  
   80    0.9 10.1  0.8  Sniffles2.INS.33FS11      8   126     (4) + (TA)n          Simple_repeat          1    130    (0)  829  
  496   14.2  0.0  0.8  Sniffles2.INS.33S14       5    93     (4) C CER            Satellite           (37)     88      1  830  
   29    0.0  0.0  0.0  Sniffles2.INS.33S18      22    48  (2541) + (CCAGCC)n      Simple_repeat          1     27    (0)  831  
   38    0.0  0.0  0.0  Sniffles2.INS.33S18    1615  1649   (940) + (GCCCCG)n      Simple_repeat          1     35    (0)  832  
   29    0.0  0.0  0.0  Sniffles2.INS.33S18    1803  1829   (760) + (CCAGCC)n      Simple_repeat          1     27    (0)  833  
   20   27.2  2.1  4.3  Sniffles2.INS.33S18    1871  1965   (624) + (CCAGCC)n      Simple_repeat          1     93    (0)  833  
   29    0.0  0.0  0.0  Sniffles2.INS.33S18    2061  2087   (502) + (CCAGCC)n      Simple_repeat          1     27    (0)  834  
  932   14.9  1.7  0.0  Sniffles2.INS.33S2F       1   335     (3) + ALR/Alpha      Satellite/centr        1    340    (0)  835  
 1101   13.3  1.1  0.0  Sniffles2.INS.33S30       1   675     (4) + ALR/Alpha      Satellite/centr        1    682    (0)  836  
  234   18.4  0.0  0.0  Sniffles2.INS.33S4       26    63    (40) C L1M2           LINE/L1            (829)   5483   5446  837  
  849   14.4  0.3  0.1  Sniffles2.INS.33S8        3   473     (4) C BSR/Beta       Satellite           (38)    471      1  838  
  454   15.9  4.9 10.3  Sniffles2.INS.33SBD       7   300    (14) + HSATII         Satellite              1    278    (4)  839  
  416   11.9  2.5  5.1  Sniffles2.INS.341SF       2    81     (1) C L1P3           LINE/L1           (5895)    566    489  840  
 1063   13.6  1.2  0.3  Sniffles2.INS.344S33      1   674     (3) + ALR/Alpha      Satellite/centr        1    680    (0)  841  
 1094   13.8  1.2  0.2  Sniffles2.INS.345S33      1   677     (1) + ALR/Alpha      Satellite/centr        1    683    (0)  842  
   33    3.9  1.6  6.9  Sniffles2.INS.346S11      1    61     (3) + (TTCT)n        Simple_repeat          1     58    (0)  843  
 1102   12.3  0.0  0.4  Sniffles2.INS.347S17      3   343     (0) + ALR/Alpha      Satellite/centr        1    339    (0)  844  
   33    4.7  0.0  4.3  Sniffles2.INS.34BS35     17    65     (0) + (ATACATGT)n    Simple_repeat          1     47    (0)  845  
   56    1.8  1.8  0.0  Sniffles2.INS.34DS11      1    56     (0) + (AG)n          Simple_repeat          1     57    (0)  846  
  479    1.7  0.0  0.0  Sniffles2.INS.34ES0       1    58     (1) + L1P2           LINE/L1             5411   5468  (686)  847  
  487   14.4  0.0  0.0  Sniffles2.INS.34S14       1    91   (390) C CER            Satellite           (40)     91      1  848  
  664   15.2  0.0  0.1  Sniffles2.INS.34S14     106   480     (1) C CER            Satellite           (22)    374      1  848  
   23   18.7  0.0  0.0  Sniffles2.INS.34S16       1    66     (3) + (GGAAT)n       Simple_repeat          1     66    (0)  849  
  266   22.2  0.0  0.0  Sniffles2.INS.34S2B       1    54     (0) + Alu            SINE/Alu             234    287   (14)  850  
 1155   13.7  1.0  0.0  Sniffles2.INS.34S2F       1   674     (0) + ALR/Alpha      Satellite/centr        1    680    (0)  851  
  877   16.1  0.0  0.0  Sniffles2.INS.34S30       1   170     (1) + ALR/Alpha      Satellite/centr        1    170    (0)  852  
  234   18.4  0.0  0.0  Sniffles2.INS.34S4       26    63   (143) C L1M2           LINE/L1            (829)   5483   5446  853  
  234   18.4  0.0  0.0  Sniffles2.INS.34S4      129   166    (40) C L1M2           LINE/L1            (829)   5483   5446  853  
  276   17.7  4.8  0.0  Sniffles2.INS.34S8        1    62     (0) C BSR/Beta       Satellite           (25)    111     47  854  
   27   24.1  0.0  0.0  Sniffles2.INS.34SBD       6    73     (7) + (TCCAT)n       Simple_repeat          1     68    (0)  855  
  101    0.0  0.0  0.0  Sniffles2.INS.350SF       1    88     (0) + (C)n           Simple_repeat          1     88    (0)  856  
   74    0.0  0.0  0.0  Sniffles2.INS.351S35      1    63     (0) + (AT)n          Simple_repeat          1     63    (0)  857  
  285   13.8 13.8  0.0  Sniffles2.INS.355S0       5    62    (33) + L1P2           LINE/L1             5611   5676  (478)  858 *
  300    2.9  0.0  0.0  Sniffles2.INS.355S0      55    89     (6) + L1P2           LINE/L1             5628   5662  (492)  859  
 1034    9.1  0.8  0.0  Sniffles2.INS.35AS0       2   133     (0) C AluSc8         SINE/Alu           (143)    168     36  860  
 2231    8.4  3.0  0.0  Sniffles2.INS.35AS11     30   326   (412) + AluSx          SINE/Alu               1    306    (6)  861  
  996   18.8  0.6  0.0  Sniffles2.INS.35AS11    334   498   (240) + AluJr4         SINE/Alu             137    302   (10)  862  
  444    8.3  0.0  4.1  Sniffles2.INS.35AS13      1   101     (0) + SVA_F          Retroposon/SVA       664    760  (615)  863  
  459   18.8  4.1  8.3  Sniffles2.INS.35CSC0      1   725     (9) C HSATII         Satellite           (12)    694      1  864  
   19   11.8 12.3  1.6  Sniffles2.INS.35ESF       1    57     (4) + (TA)n          Simple_repeat          1     63    (0)  865  
 1049   13.1  0.9  0.3  Sniffles2.INS.35S2F       6   337     (1) + ALR/Alpha      Satellite/centr        1    333    (0)  866  
  747   18.5  1.2  0.6  Sniffles2.INS.35S30       7   169     (1) + ALR/Alpha      Satellite/centr        1    164    (7)  867  
  234   18.4  0.0  0.0  Sniffles2.INS.35S4        1    38    (65) C L1M2           LINE/L1            (829)   5483   5446  868  
  433   13.8  0.0  0.0  Sniffles2.INS.35S8        1    65     (3) C BSR/Beta       Satellite           (10)    126     62  869  
  421   17.0  2.3  7.4  Sniffles2.INS.35SBD       9   179    (17) + HSATII         Satellite              1    163    (7)  870  
  476   17.0  4.5 12.2  Sniffles2.INS.363SC0      2   941    (15) C HSATII         Satellite            (4)    867      1  871  
   47    2.2  0.0  0.0  Sniffles2.INS.367S11      1    47     (0) + (TTCT)n        Simple_repeat          1     47    (0)  872  
  338   17.2  2.7 13.7  Sniffles2.INS.369SC0     20   199   (331) C HSATII         Satellite            (7)    163      2  873  
   43   25.8  0.0  0.0  Sniffles2.INS.369SC0    210   319   (211) + (GAATG)n       Satellite              1    110    (0)  874  
  322   16.8  8.4 13.4  Sniffles2.INS.369SC0    328   526     (4) C HSATII         Satellite            (5)    189      1  875  
   27    6.8  4.1  2.0  Sniffles2.INS.36BS38      1    49     (3) + (AAGA)n        Simple_repeat          1     50    (0)  876  
  359   10.2  0.0  0.0  Sniffles2.INS.36ES11      1    49   (195) C Alu            SINE/Alu            (84)     49      1  877  
  789   25.6  4.6  0.0  Sniffles2.INS.36ES11     50   244     (0) C MLT1F1         LTR/ERVL-MaLR      (204)    365    162  878  
   67    0.0  0.0  0.0  Sniffles2.INS.36FSC0      1    60     (0) + (AATGG)n       Simple_repeat          1     60    (0)  879  
   34   24.6  0.0  0.0  Sniffles2.INS.36S16       4    89     (1) + (GGAGT)n       Simple_repeat          1     86    (0)  880  
  910   15.3  2.1  0.0  Sniffles2.INS.36S2F       2   336     (0) + ALR/Alpha      Satellite/centr        1    342    (0)  881  
 1055   13.1  1.7  0.0  Sniffles2.INS.36S30       1   335     (3) + ALR/Alpha      Satellite/centr        1    340    (0)  882  
  234   18.4  0.0  0.0  Sniffles2.INS.36S4        1    38   (168) C L1M2           LINE/L1            (829)   5483   5446  883  
  234   18.4  0.0  0.0  Sniffles2.INS.36S4      104   141    (65) C L1M2           LINE/L1            (829)   5483   5446  883  
  453   19.2  4.3  8.4  Sniffles2.INS.36S58       1  1682     (3) C HSATII         Satellite           (33)   1614      1  884  
  358   11.3  0.0  3.2  Sniffles2.INS.36S8        1    64     (0) C BSR/Beta       Satellite           (10)    126     65  885  
  285   19.4  0.0  0.0  Sniffles2.INS.36SBD       1    55     (0) C AluY           SINE/Alu            (22)    280    225  886  
   59    0.0  0.0  0.0  Sniffles2.INS.370S35      1    53     (0) + (TTCTT)n       Simple_repeat          1     53    (0)  887  
  477   18.7  2.9 10.3  Sniffles2.INS.371SC0     10   865     (2) C HSATII         Satellite            (7)    792      1  888  
   38   15.7  9.1  0.0  Sniffles2.INS.372S0       1    99     (1) + (TA)n          Simple_repeat          1    108    (0)  889  
   43    0.0  3.3  5.1  Sniffles2.INS.374S11      1    60     (0) + (TTCT)n        Simple_repeat          1     59    (0)  890  
  338   17.2  2.7 13.7  Sniffles2.INS.374SC0     20   199   (331) C HSATII         Satellite            (7)    163      2  891  
   43   25.8  0.0  0.0  Sniffles2.INS.374SC0    210   319   (211) + (GAATG)n       Satellite              1    110    (0)  892  
  322   16.8  8.4 13.4  Sniffles2.INS.374SC0    328   526     (4) C HSATII         Satellite            (5)    189      1  893  
  477   16.6  3.1 15.2  Sniffles2.INS.375SC0      3   343     (9) C HSATII         Satellite            (4)    299      1  894  
  482   17.4  4.8  7.5  Sniffles2.INS.376S1       8  1285     (4) C HSATII         Satellite            (4)   1243      1  895  
   53   31.4  0.6  1.2  Sniffles2.INS.377S37      5   169     (5) + (TA)n          Simple_repeat          1    164    (0)  896  
  493    8.0  0.0  4.0  Sniffles2.INS.379S0       1    78     (1) C SVA_B          Retroposon/SVA     (708)    675    601  897  
   13    4.8  4.5  0.0  Sniffles2.INS.37AS2      18    39    (17) + (TTC)n         Simple_repeat          1     23    (0)  898  
  505   17.0  4.6 11.5  Sniffles2.INS.37ASC0     35  1395     (3) C HSATII         Satellite            (5)   1266      1  899  
  763    7.8  4.9  0.0  Sniffles2.INS.37BS37      2   143     (3) + SVA_A          Retroposon/SVA       516    664  (723)  900  
  320    4.6  0.0 25.1  Sniffles2.INS.37BSF       1    97     (0) + SVA_F          Retroposon/SVA       680    774  (601)  901  
   38    6.4  0.0  0.0  Sniffles2.INS.37CSC0      1    49     (1) + (ATGGA)n       Simple_repeat          1     49    (0)  902  
  470   17.3  6.4  9.8  Sniffles2.INS.37DSC0      3   536   (457) C HSATII         Satellite           (33)    515      1  903  
  377   20.6  5.5  5.1  Sniffles2.INS.37DSC0    583   976    (17) C HSATII         Satellite            (4)    395      1  903  
   41    0.0  2.6  0.0  Sniffles2.INS.37S25      11    49     (0) + (TA)n          Simple_repeat          1     40    (0)  904  
 1022   15.3  2.1  0.0  Sniffles2.INS.37S2F       2   678     (1) + ALR/Alpha      Satellite/centr        1    691    (0)  905  
 1004   13.0  3.2  0.0  Sniffles2.INS.37S30       1   165     (2) + ALR/Alpha      Satellite/centr        1    170    (0)  906  
   67    0.0  1.6  0.0  Sniffles2.INS.37S3A       1    63     (0) + (CTTTC)n       Simple_repeat          1     64    (0)  907  
   28   12.1  0.0  0.0  Sniffles2.INS.37SBD      73   126    (14) + (ATTCC)n       Simple_repeat          1     54    (0)  908  
 2859    1.6  0.3  0.0  Sniffles2.INS.381S13     18   333     (0) C AluYb8         SINE/Alu             (1)    317      1  909  
   67    0.0  0.0  0.0  Sniffles2.INS.382SC0      1    60     (0) + (AATGG)n       Simple_repeat          1     60    (0)  910  
  402   20.2  5.5  7.0  Sniffles2.INS.383SC0     20   971     (0) C HSATII         Satellite            (4)    936      1  911  
   90    1.2  0.0  0.0  Sniffles2.INS.383SF       9    92     (0) + (TCTT)n        Simple_repeat          1     84    (0)  912  
   26   16.7  3.7  0.0  Sniffles2.INS.384S2       1    54     (5) + (TA)n          Simple_repeat          1     56    (0)  913  
 1049   18.1  0.9  1.4  Sniffles2.INS.387S23      2   438     (5) + ALR/Alpha      Satellite/centr        1    434    (8)  914  
  444   18.5  6.3  7.9  Sniffles2.INS.387SC0      3  1128    (13) C HSATII         Satellite            (4)   1107      1  915  
   28    6.7  2.0  4.0  Sniffles2.INS.389S2       1    51     (0) + (ATATAA)n      Simple_repeat          1     50    (0)  916  
  525   19.3  3.9  9.8  Sniffles2.INS.389SC0      7   866    (11) C HSATII         Satellite            (8)    809      1  917  
   38   25.9  0.0  0.0  Sniffles2.INS.38BS11     11    94     (0) + (AC)n          Simple_repeat          1     84    (0)  918  
   12   25.8  0.0  0.0  Sniffles2.INS.38CSC0      1    37  (1363) + (GGAAT)n       Simple_repeat          1     37    (0)  919  
  460   17.7  4.7 10.6  Sniffles2.INS.38CSC0     40  1400     (0) C HSATII         Satellite            (5)   1281      1  920  
  444   17.9  4.9  9.4  Sniffles2.INS.38ESC0      2  1147    (10) C HSATII         Satellite            (7)   1094      1  921  
  359   16.2  0.0  4.0  Sniffles2.INS.38S15       1    77     (1) + HSATII         Satellite             84    157   (13)  922  
  193    4.8  1.4  4.0  Sniffles2.INS.38S25      33   316     (1) + (ATATATAC)n    Simple_repeat          1    277    (0)  923  
  878   14.4  2.5  0.0  Sniffles2.INS.38S2F       1   335     (0) + ALR/Alpha      Satellite/centr        1    343    (0)  924  
 1156   13.8  0.7  0.0  Sniffles2.INS.38S30       1   506     (1) + ALR/Alpha      Satellite/centr        1    509    (0)  925  
  449   12.3  0.0  0.0  Sniffles2.INS.38S58       1    73     (0) + ALR/Alpha      Satellite/centr       58    130   (41)  926  
  756   10.2  0.0  6.5  Sniffles2.INS.38S6F       1   176     (3) C ALR/Alpha      Satellite/centr     (56)    164      1  927  
 1773   15.8  0.3  0.3  Sniffles2.INS.38S8       16   327     (0) + LSAU           Satellite              2    313  (185)  928  
  932   13.7  0.0  0.0  Sniffles2.INS.38SB0       5   168     (0) + ALR/Alpha      Satellite/centr        1    164    (0)  929  
  481   18.0  4.3 10.3  Sniffles2.INS.391SC0      3  1005     (9) C HSATII         Satellite            (4)    943      1  930  
   49    3.8  0.0  0.0  Sniffles2.INS.392SC0      1    54     (1) + (TGGAA)n       Simple_repeat          1     54    (0)  931  
   19    6.0  0.0 10.3  Sniffles2.INS.393S0       9    51     (0) + (CGCCC)n       Simple_repeat          1     39    (0)  932  
   28   10.9  3.9  1.9  Sniffles2.INS.393S35      1    52     (0) + (AT)n          Simple_repeat          1     53    (0)  933  
   53   22.4  2.9  0.0  Sniffles2.INS.394S2       4   139     (5) + (TATA)n        Simple_repeat          1    140    (0)  934  
  444   19.7  4.5  8.3  Sniffles2.INS.394SC0      2   968     (7) C HSATII         Satellite            (4)    930      1  935  
   46    6.1  4.4  0.0  Sniffles2.INS.396S13     11    78     (0) + (AT)n          Simple_repeat          1     71    (0)  936  
   22   13.3  0.0  0.0  Sniffles2.INS.397S13      3    43     (8) + (ATATATT)n     Simple_repeat          1     41    (0)  937  
  440   18.0  7.3  8.7  Sniffles2.INS.39CSC0     26   939     (7) C HSATII         Satellite            (5)    901      1  938  
   14   16.9  0.0  2.9  Sniffles2.INS.39DS35      1    35    (13) + (TAGA)n        Simple_repeat          1     34    (0)  939  
   18   27.1  0.0  0.0  Sniffles2.INS.39FS35      2    55     (4) + (ATACAT)n      Simple_repeat          1     54    (0)  940  
  527    8.4  0.0  0.0  Sniffles2.INS.39S15       2    72     (3) + HSATII         Satellite             18     88   (82)  941  
  344   20.0  0.0  0.0  Sniffles2.INS.39S2B       1    55     (8) + AluYh7         SINE/Alu             225    279   (32)  942  
  982   15.4  3.2  0.1  Sniffles2.INS.39S2F       1   673     (0) + ALR/Alpha      Satellite/centr        1    694    (0)  943  
  857   15.7  0.0  0.0  Sniffles2.INS.39S30       1   170     (0) + ALR/Alpha      Satellite/centr        1    170    (0)  944  
 1196   12.8  0.1  0.0  Sniffles2.INS.39S6F       1   337     (4) C ALR/Alpha      Satellite/centr     (21)    337      1  945  
 1728   17.7  0.9  0.3  Sniffles2.INS.39S8       13   347     (3) + LSAU           Satellite              1    337  (161)  946  
  278   17.7  0.0  3.9  Sniffles2.INS.39SBD      13    65     (7) C Alu            SINE/Alu            (31)    270    220  947  
   63   13.5  5.5  2.7  Sniffles2.INS.3A1S13      2   146     (1) + (GT)n          Simple_repeat          1    149    (0)  948  
   30    6.7  6.0  2.9  Sniffles2.INS.3A3S13      3    69     (1) + (TG)n          Simple_repeat          1     69    (0)  949  
  332   17.2  2.7 14.4  Sniffles2.INS.3A3SC0     20   200   (330) C HSATII         Satellite            (7)    163      2  950  
   43   25.8  0.0  0.0  Sniffles2.INS.3A3SC0    211   320   (210) + (GAATG)n       Satellite              1    110    (0)  951  
  324   16.2  3.6 23.9  Sniffles2.INS.3A3SC0    329   523     (7) C HSATII         Satellite            (5)    165      3  952  
  222    2.0  4.6  0.7  Sniffles2.INS.3A4S13      2   263     (1) + (TG)n          Simple_repeat          1    272    (0)  953  
  474   17.2  4.2 12.7  Sniffles2.INS.3A5SC0      1  1395    (13) C HSATII         Satellite           (12)   1276      1  954  
 2664    0.7  0.0  0.0  Sniffles2.INS.3A7S11     12   317     (0) C AluYa5         SINE/Alu             (0)    311      1  955  
   54    0.0  1.9  0.0  Sniffles2.INS.3A7S38      1    52     (5) + (TTTC)n        Simple_repeat          1     53    (0)  956  
  507   17.6  4.1  9.0  Sniffles2.INS.3A7SC0      1   865    (12) C HSATII         Satellite           (56)    823      1  957  
   23    0.0  0.0  0.0  Sniffles2.INS.3A8S13      1    25   (749) + (A)n           Simple_repeat          1     25    (0)  958  
 2227   10.4  0.0  1.4  Sniffles2.INS.3A8S13    324   621   (153) C AluSz          SINE/Alu            (16)    296      3  959  
 1100   13.5  0.3  0.0  Sniffles2.INS.3A8S23      1   337     (4) C ALR/Alpha      Satellite/centr     (45)    338      1  960  
   63    6.8  0.0  5.1  Sniffles2.INS.3ABS0       1   103     (1) + (AT)n          Simple_repeat          1     98    (0)  961  
   43   13.7  8.2  0.0  Sniffles2.INS.3ABS13      1    97     (2) + (AT)n          Simple_repeat          1    105    (0)  962  
  338   17.2  2.7 13.7  Sniffles2.INS.3ABSC0     20   199   (331) C HSATII         Satellite            (7)    163      2  963  
   43   25.8  0.0  0.0  Sniffles2.INS.3ABSC0    210   319   (211) + (GAATG)n       Satellite              1    110    (0)  964  
  322   16.8  8.4 13.4  Sniffles2.INS.3ABSC0    328   526     (4) C HSATII         Satellite            (5)    189      1  965  
  102   13.3  4.3  1.4  Sniffles2.INS.3ADS11      6   212     (0) + (CTCC)n        Simple_repeat          1    213    (0)  966  
  291    6.0  2.8  0.0  Sniffles2.INS.3ADS35      2    46     (6) C AluSx          SINE/Alu           (105)    197    150  967  
   30   10.3  3.7  1.8  Sniffles2.INS.3AFS0       2    55     (0) + (TA)n          Simple_repeat          1     55    (0)  968  
  275    8.2 10.2  0.0  Sniffles2.INS.3AFS13      1    49     (2) C AluSx          SINE/Alu           (213)     89     36  969  
  993    0.1  0.6  0.0  Sniffles2.INS.3AFS2       1   862     (0) + (AT)n          Simple_repeat          1    867    (0)  970  
 2048   13.0  1.0  0.6  Sniffles2.INS.3AS25      14   323    (37) + AluSx          SINE/Alu               2    312    (0)  971  
   17   20.1  0.0  0.0  Sniffles2.INS.3AS2B       1    40     (5) + (TGGAG)n       Simple_repeat          1     40    (0)  972  
  763   15.5  0.0  0.8  Sniffles2.INS.3AS2F       2   169     (2) + ALR/Alpha      Satellite/centr        1    166    (0)  973  
 1083   13.9  1.1  0.0  Sniffles2.INS.3AS30       1   335     (2) + ALR/Alpha      Satellite/centr        1    338    (0)  974  
  780    6.6  0.0  0.0  Sniffles2.INS.3AS58       1   111     (1) + ALR/Alpha      Satellite/centr        1    111    (0)  975  
 1114   15.1  0.5  0.6  Sniffles2.INS.3AS6F       1   681     (1) C ALR/Alpha      Satellite/centr     (23)    680      1  976  
 1029   14.7  1.2  2.2  Sniffles2.INS.3ASB0       5   665    (12) + ALR/Alpha      Satellite/centr        1    654    (1)  977  
   31   27.2  0.0  0.0  Sniffles2.INS.3ASBD       3    90   (121) + (TCCAT)n       Simple_repeat          1     88    (0)  978  
   56   10.0  0.0  2.0  Sniffles2.INS.3ASBD      96   195    (16) + (ATTCC)n       Simple_repeat          1     98    (0)  979  
  476   17.0  4.5 12.2  Sniffles2.INS.3B0SC0      2   941    (15) C HSATII         Satellite            (4)    867      1  980  
  487   19.1  4.6  9.0  Sniffles2.INS.3B1SC0      1  1991     (8) C HSATII         Satellite            (4)   1902      1  981  
   63    1.8  0.0  0.0  Sniffles2.INS.3B2S13      1    58     (0) + (AG)n          Simple_repeat          1     58    (0)  982  
  448   19.3  5.7 10.7  Sniffles2.INS.3B2SC0      7   617     (0) C HSATII         Satellite            (7)    580      1  983  
 1131   13.5  0.5  0.0  Sniffles2.INS.3B3S33      1   678     (3) + ALR/Alpha      Satellite/centr        1    681    (0)  984  
   29   14.6  0.0  0.0  Sniffles2.INS.3B5S13      3    55    (11) + (AGAGAC)n      Simple_repeat          1     53    (0)  985  
  460   18.0  4.4 10.6  Sniffles2.INS.3B5SC0      2  1413     (2) C HSATII         Satellite           (30)   1324      1  986  
   20   13.3  4.7  2.3  Sniffles2.INS.3B6S0      10    52     (6) + (TA)n          Simple_repeat          1     44    (0)  987  
   37    1.7  7.9  3.0  Sniffles2.INS.3B7S38      1    63     (6) + (AT)n          Simple_repeat          1     66    (0)  988  
   29    7.3 11.9  0.0  Sniffles2.INS.3B8S35      1    59     (0) + (AT)n          Simple_repeat          1     66    (0)  989  
  468   18.2  3.9 10.9  Sniffles2.INS.3B9SC0     12  2052     (8) C HSATII         Satellite            (4)   1898      1  990  
   60    0.0  3.1  1.5  Sniffles2.INS.3BAS0       1    65     (0) + (AAAG)n        Simple_repeat          1     66    (0)  991  
   43    0.0  3.9  1.9  Sniffles2.INS.3BCS1       1    51     (0) + (TTTC)n        Simple_repeat          1     52    (0)  992  
   31    4.5  6.5  0.0  Sniffles2.INS.3BCS37      3    48     (6) + (AT)n          Simple_repeat          1     49    (0)  993  
 1162   14.2  0.7  0.4  Sniffles2.INS.3BFS33      6  1188     (1) + ALR/Alpha      Satellite/centr        1   1186    (0)  994  
  307   11.7 25.5  0.0  Sniffles2.INS.3BS23       6    99     (0) C L1PREC2        LINE/L1            (309)   5851   5734  995  
   19   20.9  0.0  0.0  Sniffles2.INS.3BS2B       1    44     (6) + (AGTGG)n       Simple_repeat          1     44    (0)  996  
  917   17.5  0.0  0.0  Sniffles2.INS.3BS30       7   172     (0) + ALR/Alpha      Satellite/centr        1    166    (5)  997  
 2602    1.4  0.0  0.7  Sniffles2.INS.3BS6       10   331     (1) C AluY           SINE/Alu             (0)    311      1  998  
 1245   15.7  1.6  1.2  Sniffles2.INS.3BS6F       3  1196     (0) C ALR/Alpha      Satellite/centr     (68)   1198      1  999  
   18   17.5  2.1  2.1  Sniffles2.INS.3BSBD       1    47     (2) + (TTCCA)n       Simple_repeat          1     47    (0) 1000  
   63    1.5  0.0  2.9  Sniffles2.INS.3C0S38     12    81     (0) + (AGGG)n        Simple_repeat          1     68    (0) 1001  
   57    0.0  0.0  0.0  Sniffles2.INS.3C2S0       1    51     (0) + (CTTCTC)n      Simple_repeat          1     51    (0) 1002  
   69    1.4  2.7  0.0  Sniffles2.INS.3C5S1       1    73     (1) + (AGAA)n        Simple_repeat          1     75    (0) 1003  
  498    9.1  6.4  1.2  Sniffles2.INS.3CCS38      1    78    (40) C AluSx          SINE/Alu           (115)    187    106 1004  
  803   10.0  0.0  1.5  Sniffles2.INS.3CFSC0      2   136     (2) C BSR/Beta       Satellite           (56)    132      1 1005  
 1031   13.5  1.1  0.0  Sniffles2.INS.3CS2F       2   679     (0) + ALR/Alpha      Satellite/centr        1    685    (0) 1006  
 1048   14.3  0.0  0.0  Sniffles2.INS.3CS30       1   161     (9) + ALR/Alpha      Satellite/centr       11    171    (0) 1007  
 1034   14.9  1.2  1.1  Sniffles2.INS.3CS6F       6   681     (1) C ALR/Alpha      Satellite/centr      (0)    676      1 1008  
   85   11.9  6.3  0.5  Sniffles2.INS.3D1SF       1   175     (0) + (TATATAA)n     Simple_repeat          1    185    (0) 1009  
   62   19.9  0.0  0.0  Sniffles2.INS.3D4S0       1   121     (1) + (ATATAT)n      Simple_repeat          1    121    (0) 1010  
   77   14.5  4.1  2.3  Sniffles2.INS.3D5S38      1   171     (1) + GA-rich        Low_complexity         1    174    (0) 1011  
   56   27.3  0.0  0.0  Sniffles2.INS.3D6S11      2   138     (3) + (TGGTGA)n      Simple_repeat          1    137    (0) 1012  
   54    6.6  0.0  0.0  Sniffles2.INS.3D8SF       2    65     (8) + (AT)n          Simple_repeat          1     64    (0) 1013  
  875   15.8  0.0  0.0  Sniffles2.INS.3DAS33      1   167     (3) + ALR/Alpha      Satellite/centr        1    167    (0) 1014  
  847   10.3  0.0  0.5  Sniffles2.INS.3DASC0      1   136     (0) C BSR/Beta       Satellite           (16)    135      1 1015  
 1009   14.7  1.1  0.2  Sniffles2.INS.3DBS33      1   497     (0) + ALR/Alpha      Satellite/centr        1    501    (0) 1016  
  897   11.5  0.0  1.0  Sniffles2.INS.3DBSC0      1   274     (0) C BSR/Beta       Satellite           (13)    271      1 1017  
   80    4.2  3.8  3.8  Sniffles2.INS.3DCS31      1   133     (1) + (CCCCTC)n      Simple_repeat          1    133    (0) 1018  
 1164   14.3  0.4  0.4  Sniffles2.INS.3DCS33      1   681     (0) + ALR/Alpha      Satellite/centr        1    681    (0) 1019  
   37    0.0  8.2  0.0  Sniffles2.INS.3DCS38      1    49     (1) + (TATATGTATA)n  Simple_repeat          1     53    (0) 1020  
 1129   13.6  0.6  0.2  Sniffles2.INS.3DDS33      4  1189     (1) + ALR/Alpha      Satellite/centr        1   1190    (0) 1021  
 1169   14.5  0.8  0.1  Sniffles2.INS.3DES33     19  1188     (0) + ALR/Alpha      Satellite/centr        1   1178    (0) 1022  
   44    0.0  0.0  0.0  Sniffles2.INS.3DFS0       1    40   (544) + (T)n           Simple_repeat          1     40    (0) 1023  
 4855    1.3  1.5  0.0  Sniffles2.INS.3DFS0      43   582     (2) C SVA_F          Retroposon/SVA       (3)   1372    825 1024  
  582   10.4  4.0  3.0  Sniffles2.INS.3DS15       1    99     (0) + HSATII         Satellite             19    118   (52) 1025  
  710   17.4  0.4  0.0  Sniffles2.INS.3DS25       1   169     (1) + ALR/Alpha      Satellite/centr        1    169    (1) 1026  
 1325    0.7  0.0  0.0  Sniffles2.INS.3DS6F      14   176     (0) + AluY           SINE/Alu             161    311    (0) 1027  
   30   26.7  1.3  0.0  Sniffles2.INS.3E0S11      1    78     (5) + (TG)n          Simple_repeat          1     79    (0) 1028  
   30    8.6  6.5  0.0  Sniffles2.INS.3E0S37      2    63    (36) + (TA)n          Simple_repeat          1     66    (0) 1029  
   40    6.1  0.0  0.0  Sniffles2.INS.3E2S35      2    52     (0) + (ATCTATAT)n    Simple_repeat          1     51    (0) 1030  
   59    6.0  4.6  0.0  Sniffles2.INS.3E7S35      1    87     (0) + (TA)n          Simple_repeat          1     91    (0) 1031  
   52   13.1  1.9  2.9  Sniffles2.INS.3E7S37      2   107     (0) + (TATATAT)n     Simple_repeat          1    105    (0) 1032  
   86    0.0  0.0  0.0  Sniffles2.INS.3E9S35      1    73     (1) + (TA)n          Simple_repeat          1     73    (0) 1033  
 1101   13.4  1.2  0.3  Sniffles2.INS.3ECS33     11   508     (0) + ALR/Alpha      Satellite/centr        1    502    (0) 1034  
 1309   13.8  0.7  0.2  Sniffles2.INS.3EES4       1  7694     (1) + ALR/Alpha      Satellite/centr        1   7728    (1) 1035  
   31    6.4  4.0  0.0  Sniffles2.INS.3EFSF       1    50    (13) + (TATTACA)n     Simple_repeat          1     52    (0) 1036  
   30    0.0  8.0  1.9  Sniffles2.INS.3ES14       1    50     (0) + (GAAA)n        Simple_repeat          1     53    (0) 1037  
   27   10.0  0.0  0.0  Sniffles2.INS.3ES16      11    54     (1) + (TGGAA)n       Simple_repeat          1     44    (0) 1038  
  848   13.6  0.4  0.0  Sniffles2.INS.3ES25       4   161     (9) + ALR/Alpha      Satellite/centr        1    158    (1) 1039  
  294   22.6  0.0  0.0  Sniffles2.INS.3ES2B       5    57     (0) + Alu            SINE/Alu              91    143   (23) 1040  
 1063   13.4  0.9  0.0  Sniffles2.INS.3ES30       6   336     (1) + ALR/Alpha      Satellite/centr        1    333    (0) 1041  
   31    0.0  2.7  2.7  Sniffles2.INS.3F2S1       4    40     (7) + (TTCC)n        Simple_repeat          1     37    (0) 1042  
   39    6.2  5.7  1.4  Sniffles2.INS.3F6S1       2    71     (0) + (TA)n          Simple_repeat          1     73    (0) 1043  
   35    8.3  0.0  0.0  Sniffles2.INS.3F7S13      1    51    (13) + (T)n           Simple_repeat          1     51    (0) 1044  
   17   29.4  3.7  0.0  Sniffles2.INS.3F8S13      6    59     (2) + (TA)n          Simple_repeat          1     56    (0) 1045  
   23    9.4  2.0  4.2  Sniffles2.INS.3F8S35      4    52     (3) + (ATATATT)n     Simple_repeat          1     48    (0) 1046  
 1084    4.4  0.0  9.1  Sniffles2.INS.3FBS31      1   227     (0) C SVA_F          Retroposon/SVA     (567)    808    601 1047  
 1126   12.7  0.0  5.9  Sniffles2.INS.3FDS33      2   402     (0) + ALR/Alpha      Satellite/centr        1    377    (0) 1048  
   18   21.6  1.7  3.5  Sniffles2.INS.3FFSF       1    58     (5) + A-rich         Low_complexity         1     57    (0) 1049  
  193   20.0  0.0  0.0  Sniffles2.INS.3FS13      97   141   (224) + L2c            LINE/L2             3035   3079  (296) 1050  
  215   27.4  1.6  0.0  Sniffles2.INS.3FS13     304   365     (0) + L2c            LINE/L2             3283   3345   (42) 1050  
   55    0.0  0.0  1.9  Sniffles2.INS.3FS14       1    54     (0) + (TTC)n         Simple_repeat          1     53    (0) 1051  
  931   13.4  0.0  0.8  Sniffles2.INS.3FS30       1   170     (1) + ALR/Alpha      Satellite/centr        1    168    (0) 1052  
 1304    9.4  0.3  0.1  Sniffles2.INS.3FS58       1   854     (0) + ALR/Alpha      Satellite/centr        1    855    (0) 1053  
  258    8.5  6.4  0.0  Sniffles2.INS.3FS8        9    55     (7) + BSR/Beta       Satellite             66    115   (21) 1054  
  313   16.7  3.3  0.0  Sniffles2.INS.3FSBD       3    62     (3) + BSR/Beta       Satellite              1     62   (74) 1055  
   30   14.3  4.1  2.7  Sniffles2.INS.3S16        1    73     (1) + (GAATG)n       Simple_repeat          1     74    (0) 1056  
   66    3.8  1.2  2.4  Sniffles2.INS.3S2         1    85     (0) + (CTAACC)n      Simple_repeat          1     84    (0) 1057  
 1272   13.0  2.1  2.6  Sniffles2.INS.3S36        2  1152     (0) C ALR/Alpha      Satellite/centr     (19)   1145      1 1058  
  729   16.1  0.0  0.0  Sniffles2.INS.3S5D        1   170     (0) + ALR/Alpha      Satellite/centr        1    170    (0) 1059  
  875   16.0  6.3  6.0  Sniffles2.INS.3S8         1   328   (140) + BSR/Beta       Satellite              1    328    (0) 1060  
  529   15.8  9.8  0.0  Sniffles2.INS.3S8       340   467     (1) + BSR/Beta       Satellite              1    140    (2) 1060  
 1127   17.8  5.5  3.0  Sniffles2.INS.3SB7       60   389    (39) C SST1           Satellite/centr    (562)   1001    664 1061  
   29   17.5  0.0  0.0  Sniffles2.INS.3SBD        7    64     (1) + (ATTCC)n       Simple_repeat          1     58    (0) 1062  
   11   25.1  0.0  4.5  Sniffles2.INS.400S11      6    51     (0) + G-rich         Low_complexity         1     44    (0) 1063  
   46    2.1  0.0  2.0  Sniffles2.INS.403S37      1    51     (0) + (AAAG)n        Simple_repeat          1     50    (0) 1064  
  940    2.5  0.0  0.0  Sniffles2.INS.404S31      2   120     (1) C L1P            LINE/L1            (765)   5389   5271 1065  
   55    0.0  1.9  0.0  Sniffles2.INS.408S4       1    53     (5) + (TTCT)n        Simple_repeat          1     54    (0) 1066  
   56    0.0  0.0  1.9  Sniffles2.INS.40AS37      1    55     (0) + (TCTT)n        Simple_repeat          1     54    (0) 1067  
  189   24.7 12.8  0.9  Sniffles2.INS.40BS1     188   289   (371) + L2d2           LINE/L2             3335   3448   (16) 1068  
   28   18.1  0.0  0.0  Sniffles2.INS.40CS1      61   110  (1231) + A-rich         Low_complexity         1     50    (0) 1069  
 1257   10.2  3.9  0.5  Sniffles2.INS.40CS1     123   329  (1012) + L1MB4          LINE/L1             5966   6179    (1) 1070  
 2498    6.4  0.0  0.3  Sniffles2.INS.40CS1     724  1021   (320) C AluSp          SINE/Alu            (16)    297      1 1071  
   17    6.6  2.8  5.7  Sniffles2.INS.40CS2       1    36    (28) + (CTTT)n        Simple_repeat          1     35    (0) 1072  
   31    7.2  6.9  0.0  Sniffles2.INS.40CS38      1    58     (1) + (TAATATA)n     Simple_repeat          1     62    (0) 1073  
   17   27.1  3.1  5.3  Sniffles2.INS.40ES31     26    65    (69) + (TTTA)n        Simple_repeat          1     51   (44) 1074  
   16   13.1  0.0  0.0  Sniffles2.INS.40ES31     66    90    (44) + (T)n           Simple_repeat          1     25    (0) 1075  
   17   27.1  3.1  5.3  Sniffles2.INS.40ES31     91   122    (12) + (TTTA)n        Simple_repeat         52     95    (0) 1074  
  676   10.9 10.3  5.5  Sniffles2.INS.40S16       6   183     (1) C HSATII         Satellite            (7)    186      1 1076  
  383   14.6  0.0  0.0  Sniffles2.INS.40S2B      10    64     (0) + Alu            SINE/Alu             226    280   (22) 1077  
  931   13.4  0.0  0.8  Sniffles2.INS.40S30       1   170     (1) + ALR/Alpha      Satellite/centr        1    168    (0) 1078  
  880   14.4  0.0  0.0  Sniffles2.INS.40SB0       5   168     (0) + ALR/Alpha      Satellite/centr        1    164    (0) 1079  
   29    6.7  6.4  0.0  Sniffles2.INS.410S2       5    51     (2) + (TA)n          Simple_repeat          1     50    (0) 1080  
   16   33.9  0.0  0.0  Sniffles2.INS.411S31      6    60     (0) + (AT)n          Simple_repeat          1     55    (0) 1081  
   12   18.1  0.0  3.1  Sniffles2.INS.413S1       1    33    (33) + (TTTCTA)n      Simple_repeat          1     32    (0) 1082  
   20   26.1  0.0  6.0  Sniffles2.INS.414S1       8    78     (1) + (AT)n          Simple_repeat          1     67    (0) 1083  
  598   10.4  0.0  0.0  Sniffles2.INS.414SF       1    77     (0) C AluSz6         SINE/Alu           (164)    148     72 1084  
   24   11.2  1.9  3.9  Sniffles2.INS.415S2       1    52     (4) + (TATAA)n       Simple_repeat          1     51    (0) 1085  
  345   15.3 13.9  0.0  Sniffles2.INS.416S13      1    72    (47) + AluJb          SINE/Alu             197    278   (24) 1086  
   22   13.3  2.4  0.0  Sniffles2.INS.416S13     73   114     (5) + GA-rich        Low_complexity         1     43    (0) 1087  
   38   17.0  0.0  7.6  Sniffles2.INS.418S1       5   103     (0) + (AT)n          Simple_repeat          1     92    (0) 1088  
 1177   14.4  1.1  0.3  Sniffles2.INS.418S33      2  1187     (1) + ALR/Alpha      Satellite/centr        1   1195    (0) 1089  
   39   12.8  4.3  0.0  Sniffles2.INS.41AS38      3    72     (1) + (TA)n          Simple_repeat          1     73    (0) 1090  
   31   19.9  0.0  0.0  Sniffles2.INS.41CS4       1    59     (3) + (AT)n          Simple_repeat          1     59    (0) 1091  
  434    3.1  1.0  5.2  Sniffles2.INS.41FS31      1   101     (0) C SVA_F          Retroposon/SVA     (597)    778    682 1092  
  525    5.0  0.0  0.0  Sniffles2.INS.41FS35      1    60     (0) + AluSz6         SINE/Alu              84    143  (169) 1093  
  393   12.9 15.1  0.0  Sniffles2.INS.41S15       1    93     (0) + HSATII         Satellite             19    125   (45) 1094  
  373   15.6  1.6  0.0  Sniffles2.INS.41S2B      14    77     (0) + Alu            SINE/Alu              89    153   (13) 1095  
  360   21.9  0.0 20.9  Sniffles2.INS.41S8        1   133     (4) + BSR/Beta       Satellite             27    136    (0) 1096  
  216   27.0  1.6  1.6  Sniffles2.INS.420S1      48   111    (46) + L2a            LINE/L2             3361   3424    (2) 1097  
   91   23.9  4.0  6.4  Sniffles2.INS.420S11      8   437     (4) + (CCCTCC)n      Simple_repeat          1    420    (0) 1098  
   16   20.1  2.2  4.5  Sniffles2.INS.420S38      1    45     (5) + (AT)n          Simple_repeat          1     44    (0) 1099  
   48   21.3  0.7  7.3  Sniffles2.INS.421S38      7   151     (2) + (AT)n          Simple_repeat          1    136    (0) 1100  
   22   17.2  4.0  2.0  Sniffles2.INS.424S35      3    52     (0) + (TA)n          Simple_repeat          1     51    (0) 1101  
   43    3.7  0.0  6.7  Sniffles2.INS.427S4       1    64    (13) + (TA)n          Simple_repeat          1     60    (0) 1102  
   65    0.0  1.7  0.0  Sniffles2.INS.428S31      1    59     (0) + (AT)n          Simple_repeat          1     60    (0) 1103  
  286   21.9  8.5  0.0  Sniffles2.INS.42CS1       1    82    (20) C L1ME4b         LINE/L1            (562)   5583   5495 1104  
   32    0.0  0.0  0.0  Sniffles2.INS.42FS1       1    30    (19) + (TTTC)n        Simple_repeat          1     30    (0) 1105  
 1317   13.2  0.7  0.3  Sniffles2.INS.42FS23      1  6771     (8) + ALR/Alpha      Satellite/centr        1   6799    (1) 1106  
 2844    2.6  0.0  0.0  Sniffles2.INS.42S24       6   315  (2389) + AluYa5         SINE/Alu               1    310    (1) 1107  
 1215   13.9  0.3  0.0  Sniffles2.INS.42S24     324  2701     (3) + ALR/Alpha      Satellite/centr        1   2385    (0) 1108  
 1197   13.8  1.1  1.9  Sniffles2.INS.42S25       1  1866     (2) + ALR/Alpha      Satellite/centr        1   1849    (0) 1109  
  754   18.4  0.0  0.0  Sniffles2.INS.42S30       1   171     (0) + ALR/Alpha      Satellite/centr        1    171    (0) 1110  
  529    8.7  0.0  0.0  Sniffles2.INS.42S8        1    69   (317) + BSR/Beta       Satellite             30     98   (38) 1111  
 2745    2.6  0.3  0.0  Sniffles2.INS.42S8       85   386     (0) + AluYb8         SINE/Alu               1    303   (15) 1112  
  410   11.5  1.6  0.0  Sniffles2.INS.42SBD       1    61     (2) + BSR/Beta       Satellite             38     99   (37) 1113  
   48    0.0  2.1  0.0  Sniffles2.INS.431S13      4    50     (0) + (TTTC)n        Simple_repeat          1     48    (0) 1114  
   46   13.0  0.0  0.0  Sniffles2.INS.433S4       3    72     (0) + (A)n           Simple_repeat          1     70    (0) 1115  
   61   12.8  2.5  2.5  Sniffles2.INS.434S35      1   120     (0) + (CCCTC)n       Simple_repeat          1    120    (0) 1116  
   30    4.0  9.6  0.0  Sniffles2.INS.435S13      2    53     (0) + (TA)n          Simple_repeat          1     57    (0) 1117  
   28    0.0  9.3  5.4  Sniffles2.INS.439S1       1    54     (0) + (TA)n          Simple_repeat          1     56    (0) 1118  
   27   16.9  3.3  0.0  Sniffles2.INS.43BS35      1    61     (1) + (ATGTAT)n      Simple_repeat          1     63    (0) 1119  
   38    0.0  0.0  0.0  Sniffles2.INS.43DS13     17    49     (2) + (AT)n          Simple_repeat          1     33    (0) 1120  
  347   17.9  0.0  0.0  Sniffles2.INS.43S2B      10    65     (7) + Alu            SINE/Alu              89    144   (22) 1121  
 1048   14.3  0.0  0.0  Sniffles2.INS.43S30       1   161     (9) + ALR/Alpha      Satellite/centr       11    171    (0) 1122  
  880   14.1  0.8  0.0  Sniffles2.INS.43SB0       5   167     (0) + ALR/Alpha      Satellite/centr        1    164    (0) 1123  
 2084    0.5  0.0  0.5  Sniffles2.INS.43SBD       1   224     (4) + AluYa5         SINE/Alu              79    301   (10) 1124  
  609   10.2 13.3  0.0  Sniffles2.INS.445S35     39   136     (9) C L1PB4          LINE/L1             (24)   6132   6022 1125  
  350    0.0  1.9  5.9  Sniffles2.INS.447S11      3    55     (1) C Alu            SINE/Alu           (241)     60     10 1126  
  699    0.9  1.7  1.7  Sniffles2.INS.448S1      11   127     (0) C SVA_F          Retroposon/SVA     (520)    855    739 1127  
   75    2.2 11.3  1.3  Sniffles2.INS.44AS31     31   172     (2) + (AC)n          Simple_repeat          1    156    (0) 1128  
   21   10.8  0.0  4.8  Sniffles2.INS.44AS35      6    49     (0) + (ATATATC)n     Simple_repeat          1     42    (0) 1129  
 2931    1.0  0.0  0.0  Sniffles2.INS.44CS13     16   326    (54) + AluYh3         SINE/Alu               1    311    (0) 1130  
   50    0.0  0.0  0.0  Sniffles2.INS.44CS13    327   380     (0) + (A)n           Simple_repeat          1     54    (0) 1131  
  260   15.0  0.0  0.0  Sniffles2.INS.44ES35     10    49     (1) C L1PA17         LINE/L1            (245)   5921   5882 1132  
   21   16.9  6.7  0.0  Sniffles2.INS.44S0        7    66    (10) + (CCCAGCC)n     Simple_repeat          1     64    (0) 1133  
   72    8.8  1.6  1.6  Sniffles2.INS.44S2B       1   125     (0) + (TGGAA)n       Simple_repeat          1    125    (0) 1134  
  754   18.4  0.0  0.0  Sniffles2.INS.44S30       1   171     (0) + ALR/Alpha      Satellite/centr        1    171    (0) 1135  
 1299   10.6  0.3  0.0  Sniffles2.INS.44S58       1  1875     (0) + ALR/Alpha      Satellite/centr        1   1881    (0) 1136  
 1099   16.1  0.3  0.1  Sniffles2.INS.44SB0       1   510     (1) + ALR/Alpha      Satellite/centr        1    511    (0) 1137  
 1092   10.9  0.1  0.6  Sniffles2.INS.44SBD       1   881     (7) + BSR/Beta       Satellite              1    876    (0) 1138  
  736    0.5  1.6  0.0  Sniffles2.INS.454S31      1   675     (0) + (AT)n          Simple_repeat          1    686    (0) 1139  
   64    1.4  2.7  1.4  Sniffles2.INS.455S1       1    73     (0) + (TCTT)n        Simple_repeat          1     74    (0) 1140  
  203    6.5 11.6  0.2  Sniffles2.INS.456S31      1   404     (0) + (TA)n          Simple_repeat          1    450    (0) 1141  
   45    0.0  0.0  0.0  Sniffles2.INS.456S4       1    41     (9) + (AAGA)n        Simple_repeat          1     41    (0) 1142  
 2943    0.6  0.0  0.0  Sniffles2.INS.457S1      15   345     (0) + AluYa5         SINE/Alu               1    311    (0) 1143  
   74    0.0  0.0  0.0  Sniffles2.INS.458S1       1    80     (0) + (A)n           Simple_repeat          1     80    (0) 1144  
   51    0.0  3.8  0.0  Sniffles2.INS.459S33      1    53     (4) + (AAAG)n        Simple_repeat          1     55    (0) 1145  
 2086   12.3  1.0  0.6  Sniffles2.INS.45S25      44   353     (9) C AluSx          SINE/Alu             (0)    312      2 1146  
  754   18.4  0.0  0.0  Sniffles2.INS.45S30       1   171     (0) + ALR/Alpha      Satellite/centr        1    171    (0) 1147  
  344   19.4  0.0  0.0  Sniffles2.INS.45SBD       1    67     (1) + BSR/Beta       Satellite             60    126   (10) 1148  
   20   18.4  4.4  4.4  Sniffles2.INS.462S1       5    72    (21) + (TAA)n         Simple_repeat          1     68    (0) 1149  
  493    8.2  0.0  0.0  Sniffles2.INS.462S4       1    61    (10) + Alu            SINE/Alu             199    259   (43) 1150  
   30    2.2  6.4  0.0  Sniffles2.INS.465S13      1    50     (0) + (AGAAAGAA)n    Simple_repeat          1     53    (0) 1151  
   35    5.4  0.0  0.0  Sniffles2.INS.465S2      37    75   (105) + (TG)n          Simple_repeat          1     39    (0) 1152  
  238   15.9 13.6  0.0  Sniffles2.INS.465S2      85   128    (52) C MLT1B          LTR/ERVL-MaLR      (195)    195    146 1153  
   40    0.0  0.0  0.0  Sniffles2.INS.465S2     129   162    (18) + (GT)n          Simple_repeat          1     34    (0) 1154  
  147   12.1  9.1  2.0  Sniffles2.INS.466S13      8   380    (10) + (GT)n          Simple_repeat          1    399    (0) 1155  
   36    4.1  6.0  0.0  Sniffles2.INS.467S4       1    50     (0) + (AT)n          Simple_repeat          1     53    (0) 1156  
   31    1.8 10.5  1.6  Sniffles2.INS.468S2      12    68    (15) + (AT)n          Simple_repeat          1     62    (0) 1157  
   14   18.1  6.5  4.8  Sniffles2.INS.468S31    260   321   (334) + A-rich         Low_complexity         1     63    (0) 1158  
 1937   11.5  0.4  0.0  Sniffles2.INS.468S31    402   653     (2) + AluSp          SINE/Alu               1    253   (60) 1159  
   59    3.3  0.0  0.0  Sniffles2.INS.468S33      1    63     (2) + (TTCCCTTCCT)n  Simple_repeat          1     63    (0) 1160  
   15    0.0  0.0  0.0  Sniffles2.INS.46AS13      2    18    (93) + (AC)n          Simple_repeat          1     17    (0) 1161  
  702   11.8  0.0  0.0  Sniffles2.INS.46AS13     19   111     (0) C AluSp          SINE/Alu            (14)    299    207 1162  
  972    9.7  0.0  0.0  Sniffles2.INS.46CS11     18   141     (0) C AluSc8         SINE/Alu            (16)    295    172 1163  
  730   13.7  6.8  9.2  Sniffles2.INS.46S16       5   327    (67) C HSATII         Satellite            (4)    315      1 1164  
   24   22.4  0.0  0.0  Sniffles2.INS.46S16     337   393     (1) + (GAATG)n       Satellite              1     57    (0) 1165  
  335   18.9  0.0  0.0  Sniffles2.INS.46S2B       1    53    (30) + Alu            SINE/Alu              92    144   (22) 1166  
  958   16.1  0.6  0.0  Sniffles2.INS.46S30       3   339     (1) + ALR/Alpha      Satellite/centr        1    338    (0) 1167  
 1126   15.0  0.3  1.2  Sniffles2.INS.46SB0       5   663    (17) + ALR/Alpha      Satellite/centr        1    652    (0) 1168  
  286   24.6  0.0  0.0  Sniffles2.INS.46SBD       1    65     (2) + BSR/Beta       Satellite             34     98   (38) 1169  
   57    0.0  4.8  0.0  Sniffles2.INS.473S33      1    62     (5) + (AAGA)n        Simple_repeat          1     65    (0) 1170  
   14   16.0  4.3  4.3  Sniffles2.INS.476S31      3    48     (2) + (AATAT)n       Simple_repeat          1     46    (0) 1171  
  103   13.5  5.8  0.5  Sniffles2.INS.478S4       3   210     (1) + (TA)n          Simple_repeat          1    219    (0) 1172  
   32   15.7  0.0  0.0  Sniffles2.INS.47BS33      1    52     (6) + (T)n           Simple_repeat          1     52    (0) 1173  
   23    4.7  6.2  4.1  Sniffles2.INS.47ES2       2    51     (0) + (CCCTC)n       Simple_repeat          1     51    (0) 1174  
   18    8.9  5.6  0.0  Sniffles2.INS.47S16       2    37    (82) + (AATGG)n       Simple_repeat          1     38    (0) 1175  
  327   20.8  5.6  0.0  Sniffles2.INS.47S16      38   109    (10) + AluJb          SINE/Alu             225    300    (2) 1176  
   14   16.9  0.0  2.9  Sniffles2.INS.47S17      14    48     (1) + G-rich         Low_complexity         1     34    (0) 1177  
   24   10.8  0.0  0.0  Sniffles2.INS.47S2B      15    54     (4) + (AGTGG)n       Simple_repeat          1     40    (0) 1178  
  495   18.6 17.8  0.0  Sniffles2.INS.47S31      50   167   (537) C MIR            SINE/MIR            (87)    175     37 1179  
 1130    9.4  0.0  0.0  Sniffles2.INS.47S58       3   170     (1) C ALR/Alpha      Satellite/centr     (17)    168      1 1180  
  344   18.8  0.0  0.0  Sniffles2.INS.47SBD       3    66     (0) + BSR/Beta       Satellite             54    117   (19) 1181  
  267   10.4 12.8  1.1  Sniffles2.INS.480S1       5    82     (8) + L1MC           LINE/L1             4824   4910 (1236) 1182  
   38   10.2  3.1  0.0  Sniffles2.INS.481S33      1    65     (0) + (GGGA)n        Simple_repeat          1     67    (0) 1183  
  363   10.5  0.0  3.5  Sniffles2.INS.482S4       5    63     (1) + HERVH-int      LTR/ERV1             437    493 (7220) 1184  
 2871    0.7  0.0  0.0  Sniffles2.INS.485S33     14   317     (0) + AluYa5         SINE/Alu               1    304    (7) 1185  
   29   11.4 10.4  0.0  Sniffles2.INS.487S31      4    70     (2) + (TA)n          Simple_repeat          1     74    (0) 1186  
   41   23.6  2.2  3.7  Sniffles2.INS.487S33      9   146     (0) + (ATTTT)n       Simple_repeat          1    136    (0) 1187  
   35    8.4  0.0  0.0  Sniffles2.INS.48AS33      1    51     (5) + (GGATGGAA)n    Simple_repeat          1     51    (0) 1188  
   53    0.0  0.0  2.0  Sniffles2.INS.48AS35      1    52     (1) + (TTCT)n        Simple_repeat          1     51    (0) 1189  
  126    0.0  2.5  0.0  Sniffles2.INS.48AS38      1   120     (0) + (AAAG)n        Simple_repeat          1    123    (0) 1190  
   30    7.5  0.0  0.0  Sniffles2.INS.48S16       1    42     (8) + (GGAAT)n       Simple_repeat          1     42    (0) 1191  
  706   11.6  0.0  0.0  Sniffles2.INS.48S25       4   144     (0) C CER            Satellite            (0)    141      1 1192  
 1055   12.5  2.7  0.9  Sniffles2.INS.48S8        1  2549     (1) + BSR/Beta       Satellite              1   2595    (0) 1193  
 1154   12.6  0.2  0.2  Sniffles2.INS.48SB0       1   340     (2) + ALR/Alpha      Satellite/centr        1    340    (0) 1194  
  294   21.7  0.0  0.0  Sniffles2.INS.48SBD       7    66     (1) + BSR/Beta       Satellite             28     87   (49) 1195  
   21   23.3  0.0  0.0  Sniffles2.INS.491S13      1    45     (5) + G-rich         Low_complexity         1     45    (0) 1196  
 1191    9.8  5.2  4.9  Sniffles2.INS.494S4       2  2627     (3) + (AT)n          Simple_repeat          1   2634    (0) 1197  
   21   28.2  0.0  0.0  Sniffles2.INS.496S33      5    55     (1) + (TA)n          Simple_repeat          1     51    (0) 1198  
   81    7.6 10.8  0.0  Sniffles2.INS.497S4       5   171     (2) + (TATAATA)n     Simple_repeat          1    185    (0) 1199  
  419   15.2  0.0  0.0  Sniffles2.INS.499S13      2    60     (1) C AluSp          SINE/Alu            (67)    246    188 1200  
  127   12.4  8.2  2.1  Sniffles2.INS.49DS35      1   319     (0) + (ATATTAT)n     Simple_repeat          1    338    (0) 1201  
   73    5.0  0.0  0.0  Sniffles2.INS.49S16       1    83    (83) + (TGGAA)n       Simple_repeat          1     83    (0) 1202  
  306   23.1  1.5  0.0  Sniffles2.INS.49S16      97   161     (5) + AluYk2         SINE/Alu             226    291   (20) 1203  
  346   17.2  3.1  0.0  Sniffles2.INS.49S2B       1    64     (0) + Alu            SINE/Alu              89    154   (12) 1204  
  754   18.4  0.0  0.0  Sniffles2.INS.49S30       1   171     (0) + ALR/Alpha      Satellite/centr        1    171    (0) 1205  
 2872    1.3  0.0  0.6  Sniffles2.INS.49S6       15   327     (3) + AluY           SINE/Alu               1    311    (0) 1206  
  927   11.5  0.4  0.0  Sniffles2.INS.49SB0       1   168     (1) + ALR/Alpha      Satellite/centr        1    168    (0) 1207  
  398   16.9  0.0  0.0  Sniffles2.INS.49SBD       3    67     (2) + BSR/Beta       Satellite             28     92   (44) 1208  
   48    3.3  3.1  1.5  Sniffles2.INS.4A0S38     53   116     (8) + (CCAT)n        Simple_repeat          1     65    (0) 1209  
   32    8.7  0.0  0.0  Sniffles2.INS.4A4S1       2    50     (1) + (TATATAT)n     Simple_repeat          1     49    (0) 1210  
   30    2.0 11.8  0.0  Sniffles2.INS.4A7S33      2    52     (0) + (TA)n          Simple_repeat          1     57    (0) 1211  
   92    0.0  0.0  0.0  Sniffles2.INS.4A8S4       1    81     (0) + (C)n           Simple_repeat          1     81    (0) 1212  
   50    0.0  2.0  0.0  Sniffles2.INS.4A9S4       1    49     (4) + (TTCT)n        Simple_repeat          1     50    (0) 1213  
  494    7.3  0.2  1.4  Sniffles2.INS.4AAS1       1    97     (1) + SVA_C          Retroposon/SVA       691    823  (564) 1214  
   70    8.9  0.0  0.0  Sniffles2.INS.4AAS13      4   101     (1) + (CAT)n         Simple_repeat          1     98    (0) 1215  
   29   14.3  0.0  3.5  Sniffles2.INS.4ABS13      1    60     (0) + (TCTCC)n       Simple_repeat          1     58    (0) 1216  
   35    9.4  0.0  3.3  Sniffles2.INS.4ACS1       1    62     (0) + (GGAGGG)n      Simple_repeat          1     60    (0) 1217  
  314   34.4  6.4  0.0  Sniffles2.INS.4AFS2      59   183   (606) C L2b            LINE/L2             (17)   3358   3226 1218  
  442   31.7  1.6 15.1  Sniffles2.INS.4AFS2     287   661   (128) + MLT1I          LTR/ERVL-MaLR         63    393   (18) 1219  
   44   14.7  4.3  1.1  Sniffles2.INS.4AFS4      18   109     (0) + (AT)n          Simple_repeat          1     95    (0) 1220  
  379   17.5  8.3  3.7  Sniffles2.INS.4AS16       1   180   (573) C HSATII         Satellite            (8)    188      1 1221  
   91   22.0  0.0  0.5  Sniffles2.INS.4AS16     183   381   (372) + (TGGAA)n       Simple_repeat          1    198    (0) 1222  
  227   25.4  1.5  0.0  Sniffles2.INS.4AS16     393   459   (294) + AluJb          SINE/Alu             225    292   (10) 1223  
  102   26.4  1.4  0.7  Sniffles2.INS.4AS16     462   750     (3) + (GAATG)n       Satellite              1    291    (0) 1224  
 1118   14.4  1.7  0.0  Sniffles2.INS.4AS30       1   337     (1) + ALR/Alpha      Satellite/centr        1    342    (0) 1225  
  917   16.9  0.0  0.0  Sniffles2.INS.4ASB0       5   336     (3) + ALR/Alpha      Satellite/centr        1    332    (0) 1226  
   25    8.6  3.5  7.3  Sniffles2.INS.4B0S13      1    57     (4) + (CA)n          Simple_repeat          1     55    (0) 1227  
   29   11.3  7.2  1.4  Sniffles2.INS.4B0S31      2    70     (0) + (AATTAT)n      Simple_repeat          1     73    (0) 1228  
   13    5.6  4.1 13.3  Sniffles2.INS.4B2S13     13    61     (0) + (TGCCGC)n      Simple_repeat          1     45    (0) 1229  
   74   21.1  2.3  0.0  Sniffles2.INS.4B2S4       1   174     (2) + (TATA)n        Simple_repeat          1    178    (0) 1230  
   86   13.7  3.4  1.7  Sniffles2.INS.4B3S33      2   176     (2) + (ATATT)n       Simple_repeat          1    178    (0) 1231  
  887    0.1  1.5  0.0  Sniffles2.INS.4B6S31      1   797     (0) + (AT)n          Simple_repeat          1    809    (0) 1232  
 1049   10.4  2.1  0.0  Sniffles2.INS.4B6S33      1   144    (92) + AluSc          SINE/Alu             145    291   (18) 1233  
   25   13.1  6.0  0.0  Sniffles2.INS.4B7S4       7    56     (0) + (AT)n          Simple_repeat          1     53    (0) 1234  
   17   10.3  0.0  8.8  Sniffles2.INS.4B8S31     48    84  (1561) + (TG)n          Simple_repeat          1     34    (0) 1235  
 1273   18.4 12.2  5.2  Sniffles2.INS.4B8S31    351   620  (1025) C AluJb          SINE/Alu            (10)    292      5 1236  
  644   25.3  8.1  9.4  Sniffles2.INS.4B8S31    715  1059   (586) C MER102b        DNA/hAT-Charlie      (0)    341      1 1237  
  233   15.9  0.0 15.5  Sniffles2.INS.4B8S31   1446  1512   (133) C SVA_A          Retroposon/SVA     (930)    457    400 1238 *
 1276   15.3  1.6  0.0  Sniffles2.INS.4B8S31   1454  1643     (2) + AluJr          SINE/Alu               1    193  (119) 1239  
   27    2.0 11.5  0.0  Sniffles2.INS.4B9S35      1    52     (0) + (TACGTATATA)n  Simple_repeat          1     58    (0) 1240  
  242   10.0 11.0  0.0  Sniffles2.INS.4BAS38      5    62    (15) + L1M5           LINE/L1             5520   5590 (2195) 1241  
   26   26.8  1.2  1.2  Sniffles2.INS.4BCS13     99   180   (258) + (ATT)n         Simple_repeat          1     82    (0) 1242  
   54   19.7  0.0  0.0  Sniffles2.INS.4BDS13      1   110     (1) + (TGGTGG)n      Simple_repeat          1    110    (0) 1243  
 2407    8.4  0.7  0.0  Sniffles2.INS.4BES1      25   332     (1) C AluYm1         SINE/Alu             (1)    310      1 1244  
   67    0.0  0.0  0.0  Sniffles2.INS.4BFS1       1    59     (0) + (AAG)n         Simple_repeat          1     59    (0) 1245  
 1047    7.5  0.5  0.0  Sniffles2.INS.4BS25       3   290     (0) + ACRO1          Satellite/acro         1    289    (0) 1246  
  815   17.2  0.0  0.0  Sniffles2.INS.4BS30       2   171     (0) + ALR/Alpha      Satellite/centr        1    170    (0) 1247  
   13   11.5  0.0  6.5  Sniffles2.INS.4BS6        2    34    (43) + (CGCGTG)n      Simple_repeat          1     31    (0) 1248  
 1200   15.8  0.6  0.1  Sniffles2.INS.4BSB0       2   850     (2) + ALR/Alpha      Satellite/centr        1    853    (0) 1249  
  546   13.6 15.7  0.0  Sniffles2.INS.4C0S35     71   217    (10) + L1M2           LINE/L1             2325   2494 (3649) 1250  
   36   10.1 11.8  0.0  Sniffles2.INS.4C2S2       1    85     (0) + (TA)n          Simple_repeat          1     95    (0) 1251  
   25   16.1  4.2  4.2  Sniffles2.INS.4C3S31      1    71     (0) + GA-rich        Low_complexity         1     71    (0) 1252  
  422   11.6  1.4  0.0  Sniffles2.INS.4C5S31      9    77    (44) + HERV9N-int     LTR/ERV1            1488   1557 (3817) 1253  
   69    0.0  0.0  0.0  Sniffles2.INS.4C6S33      1    61     (3) + (AAGA)n        Simple_repeat          1     61    (0) 1254  
  440    1.1  1.0  7.6  Sniffles2.INS.4C7S1       1    98     (1) C SVA_F          Retroposon/SVA     (613)    762    671 1255  
 1173    5.6  2.3 11.4  Sniffles2.INS.4C8S1       1   401     (1) C SVA_E          Retroposon/SVA     (518)    864    429 1256  
   73    0.0  0.0  0.0  Sniffles2.INS.4C8S38      1    65     (0) + (G)n           Simple_repeat          1     65    (0) 1257  
   74    0.0  8.1  2.6  Sniffles2.INS.4C9S33      5   115     (6) + (TCTT)n        Simple_repeat          1    117    (0) 1258  
  766    0.0  1.2  0.0  Sniffles2.INS.4C9S4       1   676     (0) + (AT)n          Simple_repeat          1    684    (0) 1259  
  475    8.5  0.0  0.0  Sniffles2.INS.4CAS23      1    59    (73) C AluYh7         SINE/Alu           (243)     68     10 1260  
  272    9.8  3.1  6.1  Sniffles2.INS.4CAS38      1   577     (0) + (AT)n          Simple_repeat          1    561    (0) 1261  
  483    2.7  1.3  1.3  Sniffles2.INS.4CBS1       1    76     (1) C SVA_F          Retroposon/SVA     (523)    852    777 1262  
 1038    1.8  0.0  4.1  Sniffles2.INS.4CCS1       1   176     (0) C SVA_F          Retroposon/SVA     (546)    829    661 1263  
   22   29.9  2.5  1.2  Sniffles2.INS.4CCS4       1    80    (10) + (AT)n          Simple_repeat          1     81    (0) 1264  
   61   11.2  2.1  0.0  Sniffles2.INS.4CDS23      1    97     (0) + (AT)n          Simple_repeat          1     99    (0) 1265  
   16    6.1  8.3  2.6  Sniffles2.INS.4CDS33      2    37   (131) + (TTC)n         Simple_repeat          1     38    (0) 1266  
  264    4.2  0.0  4.2  Sniffles2.INS.4CES1       1    50     (1) + SVA_F          Retroposon/SVA       704    751  (624) 1267  
 1532    4.6  0.1  4.2  Sniffles2.INS.4CFS1       1   303     (1) + SVA_F          Retroposon/SVA       448    855  (520) 1268  
 1030   11.4  0.4  0.4  Sniffles2.INS.4CS8      466  1193    (42) C BSR/Beta       Satellite           (47)    728      1 1269  
  181   17.4  1.4  0.8  Sniffles2.INS.4D0S4       2   356     (0) + (TA)n          Simple_repeat          1    357    (0) 1270  
   25    7.9 12.7  0.0  Sniffles2.INS.4D1S33      1    55     (0) + (AT)n          Simple_repeat          1     62    (0) 1271  
  516   14.1  0.0  0.0  Sniffles2.INS.4D4S33      5    82     (0) C Alu            SINE/Alu             (8)    294    217 1272  
   31   13.3  5.1  0.0  Sniffles2.INS.4D5S35      1    59     (0) + (AT)n          Simple_repeat          1     62    (0) 1273  
  414    5.0  3.3  0.0  Sniffles2.INS.4D8S1       1    60    (25) + Alu            SINE/Alu             238    299    (2) 1274  
   70    0.0  0.0  0.0  Sniffles2.INS.4D8S33      1    62     (1) + (AAAG)n        Simple_repeat          1     62    (0) 1275  
   38    0.0 10.0  0.0  Sniffles2.INS.4DCS38      1    50     (1) + (AT)n          Simple_repeat          1     55    (0) 1276  
  687    5.5  1.5  3.9  Sniffles2.INS.4DFS33     12   144     (1) + SVA_F          Retroposon/SVA       654    783  (592) 1277  
   38   13.3  3.0  0.0  Sniffles2.INS.4DFS35      1    67     (2) + (AT)n          Simple_repeat          1     69    (0) 1278  
  368   17.2  3.5  0.0  Sniffles2.INS.4DS2B      53   110   (130) + Alu            SINE/Alu             225    284   (17) 1279  
  350   21.9  0.0  0.0  Sniffles2.INS.4DS2B     124   187    (53) + AluJb          SINE/Alu             225    288   (24) 1280  
 1005   15.0  0.8  0.1  Sniffles2.INS.4DSB0       1   506     (1) + ALR/Alpha      Satellite/centr        1    509    (0) 1281  
   19   23.2  3.5  1.7  Sniffles2.INS.4E6S38      2    58     (1) + (AT)n          Simple_repeat          1     58    (0) 1282  
   26   32.7  0.0  0.0  Sniffles2.INS.4E7S2       1    74     (0) + (TG)n          Simple_repeat          1     74    (0) 1283  
  144    0.7  2.2  0.0  Sniffles2.INS.4E8S31      3   139    (10) + (TA)n          Simple_repeat          1    140    (0) 1284  
   79   11.7  7.9  0.6  Sniffles2.INS.4E8S38      1   165     (0) + (AT)n          Simple_repeat          1    177    (0) 1285  
   25   10.0  4.3  2.1  Sniffles2.INS.4E9S1       1    46     (2) + (AT)n          Simple_repeat          1     47    (0) 1286  
   27    2.2  8.2  3.9  Sniffles2.INS.4EAS1       3    51     (4) + (AT)n          Simple_repeat          1     51    (0) 1287  
  283   17.8  0.0  0.0  Sniffles2.INS.4EBS33      8    52    (25) + MLT1N2         LTR/ERVL-MaLR        518    562    (0) 1288  
   34   10.4  1.9  0.0  Sniffles2.INS.4EDS1       1    52     (1) + (AT)n          Simple_repeat          1     53    (0) 1289  
 2742    5.4  1.6  0.3  Sniffles2.INS.4EES1       1   370     (1) + L1HS           LINE/L1             1034   1408 (4624) 1290  
   21   13.4  6.2  4.5  Sniffles2.INS.4ES0        1    65     (6) + (TCTGTC)n      Simple_repeat          1     66    (0) 1291  
  412   25.1  0.2  0.0  Sniffles2.INS.4ES2B       1   950     (3) + (GAATG)n       Satellite              1    952    (0) 1292  
 1130   13.6  0.7  0.2  Sniffles2.INS.4ESB0       2   339     (1) + ALR/Alpha      Satellite/centr        1    339    (0) 1293  
   18   17.1  0.0  7.1  Sniffles2.INS.4F2S33      2    46     (8) + (AT)n          Simple_repeat          1     42    (0) 1294  
  509   16.5  8.2  0.0  Sniffles2.INS.4F4S31     11   107    (25) C MER63A         DNA/hAT-Tip100       (0)    210    106 1295  
   18   23.2  1.8  3.7  Sniffles2.INS.4F4S4      30    84    (26) + (TA)n          Simple_repeat          1     54    (0) 1296  
   26   17.4  0.0  3.7  Sniffles2.INS.4F5S35      1    56     (2) + (AT)n          Simple_repeat          1     54    (0) 1297  
  177   16.1  4.8  5.0  Sniffles2.INS.4FDS3A      1   517     (4) + (TAATTA)n      Simple_repeat          1    516    (0) 1298  
   37   12.0  0.0  7.6  Sniffles2.INS.4FES1       1    85    (11) + GA-rich        Low_complexity         1     79    (0) 1299  
   48    0.0  2.1  0.0  Sniffles2.INS.4FFS4       3    49     (4) + (GAGGGA)n      Simple_repeat          1     48    (0) 1300  
   38    4.8  0.0  0.0  Sniffles2.INS.4FS23       1    44     (3) + (TTTC)n        Simple_repeat          1     44    (0) 1301  
  905    9.4  0.0  0.0  Sniffles2.INS.4FS24       1   169     (1) + ALR/Alpha      Satellite/centr        1    169    (0) 1302  
   29   11.2  6.7  0.0  Sniffles2.INS.4FS5        1    60     (0) + (TTCT)n        Simple_repeat          1     64    (0) 1303  
  999    9.4  0.0  0.0  Sniffles2.INS.4S18        1   127    (15) + AluSc8         SINE/Alu             170    296   (15) 1304  
  295   15.3  0.2  1.5  Sniffles2.INS.4S28        1   531     (4) + (TTTC)n        Simple_repeat          1    524    (0) 1305  
  263   27.1  1.7  0.0  Sniffles2.INS.4S2B        1    59     (4) + AluY           SINE/Alu             229    288   (13) 1306  
 1158   14.3  0.8  0.1  Sniffles2.INS.4S30        4  2716     (0) + ALR/Alpha      Satellite/centr        1   2733    (0) 1307  
  274   17.1 12.9  0.0  Sniffles2.INS.4S32        3    72     (0) + L1MB2          LINE/L1             5976   6054  (117) 1308  
 1275   12.4  0.3  0.1  Sniffles2.INS.4S36        2  1024     (0) C ALR/Alpha      Satellite/centr     (40)   1024      1 1309  
   53    1.2  9.4  1.1  Sniffles2.INS.4SA5        8    92     (1) + (TCTT)n        Simple_repeat          1     92    (0) 1310  
 1054    7.7  0.9  0.0  Sniffles2.INS.4SA8        2   434     (1) C ACRO1          Satellite/acro       (0)    436      1 1311  
 2936    0.6  0.0  0.0  Sniffles2.INS.4SB7        1   311     (9) C AluYb8         SINE/Alu             (7)    311      1 1312  
 1804    2.2  9.1  0.0  Sniffles2.INS.501S38      1   230     (9) + AluY           SINE/Alu              51    301    (0) 1313  
  544    5.9  0.0  1.5  Sniffles2.INS.503S33      3    70    (34) C AluYh7         SINE/Alu           (173)    138     72 1314  
  311   19.6  0.0  0.0  Sniffles2.INS.503S33     59   104     (0) C AluYb9         SINE/Alu           (131)    187    142 1315 *
  337   11.7 11.7  0.0  Sniffles2.INS.505S31    102   178    (18) C AluSx          SINE/Alu            (46)    256    171 1316  
  643   29.9  0.6  0.0  Sniffles2.INS.505S33     22   195    (92) C L1M2a          LINE/L1           (6499)    669    495 1317  
 2958    0.3  0.0  0.0  Sniffles2.INS.506S3A     17   327     (7) + AluYa5         SINE/Alu               1    311    (0) 1318  
   22    0.0  0.0  0.0  Sniffles2.INS.507S38     14    37    (17) + (T)n           Simple_repeat          1     24    (0) 1319  
   32   15.3  4.6  0.0  Sniffles2.INS.508S33      1    65     (3) + (AT)n          Simple_repeat          1     68    (0) 1320  
   48    0.0  1.9  1.9  Sniffles2.INS.508S35      1    52     (2) + (AAAG)n        Simple_repeat          1     52    (0) 1321  
 2582    2.9  0.0  1.0  Sniffles2.INS.508S3A      5   318     (0) C AluY           SINE/Alu             (0)    311      1 1322  
   24   12.3  5.7  0.0  Sniffles2.INS.508S4       5    57     (0) + (ATATAAT)n     Simple_repeat          1     56    (0) 1323  
   30    6.3  5.9  0.0  Sniffles2.INS.509S23      1    51     (2) + (GGGA)n        Simple_repeat          1     54    (0) 1324  
  236    0.0  0.0  0.0  Sniffles2.INS.50AS1      11    40    (19) + Alu            SINE/Alu             105    134  (167) 1325  
 2334    8.9  0.0  0.0  Sniffles2.INS.50CS23      1   291   (214) C AluSc          SINE/Alu            (17)    292      2 1326  
  243   11.6  7.0  0.0  Sniffles2.INS.50ES4      16    58     (1) C THE1-int       LTR/ERVL-MaLR      (157)   1423   1378 1327  
  253   24.1  3.5  0.0  Sniffles2.INS.50S2B       5    62     (0) + AluJb          SINE/Alu             229    288   (14) 1328  
  450    1.9  1.4  0.0  Sniffles2.INS.50S6        2   439     (0) + (TA)n          Simple_repeat          1    444    (0) 1329  
 1059   16.1  0.3  0.2  Sniffles2.INS.50SB0       1   512     (0) + ALR/Alpha      Satellite/centr        1    512    (0) 1330  
  963    9.2  0.0  0.9  Sniffles2.INS.50SBD       1   274     (0) + BSR/Beta       Satellite              1    271    (0) 1331  
  108   12.1  5.8  0.0  Sniffles2.INS.510S23      1   208     (1) + (TATA)n        Simple_repeat          1    220    (0) 1332  
  407   13.8  8.4  3.2  Sniffles2.INS.512S3A      5  1168     (0) + (ATGAA)n       Simple_repeat          1   1223    (0) 1333  
  627    6.8  0.0  0.0  Sniffles2.INS.513S23      3    76     (1) + AluSq          SINE/Alu              25     98  (215) 1334  
  135   12.1  5.6  0.0  Sniffles2.INS.513S33      3   254     (2) + (TA)n          Simple_repeat          1    266    (0) 1335  
   47    0.0  0.0  0.0  Sniffles2.INS.514S3A     12    51     (0) + (TA)n          Simple_repeat          1     40    (0) 1336  
   58   13.3  0.0  5.3  Sniffles2.INS.516S1       1   120    (57) + G-rich         Low_complexity         1    114    (0) 1337  
  309   12.0  0.0  0.0  Sniffles2.INS.516S1     128   177     (0) + MER39          LTR/ERV1             209    258  (449) 1338  
   26    2.3  8.9  0.0  Sniffles2.INS.516S23      3    47     (8) + (TTATATAT)n    Simple_repeat          1     49    (0) 1339  
  290   22.6  8.1  2.2  Sniffles2.INS.518S23     31   116     (0) C MLT1H          LTR/ERVL-MaLR      (290)    259    169 1340  
   25   11.4  6.2  0.0  Sniffles2.INS.518S3A      4    51     (2) + (AT)n          Simple_repeat          1     51    (0) 1341  
  541   15.1  0.0  0.0  Sniffles2.INS.519S31      1    73     (0) C AluYh7         SINE/Alu            (32)    279    207 1342  
   49   24.6  0.0  1.8  Sniffles2.INS.51AS1       3   118     (3) + (TA)n          Simple_repeat          1    114    (0) 1343  
 1120   13.0  0.0  0.1  Sniffles2.INS.51S24       2   854     (1) + ALR/Alpha      Satellite/centr        1    852    (8) 1344  
 1227   12.9  0.5  0.1  Sniffles2.INS.51S58       6  3867     (0) + ALR/Alpha      Satellite/centr        1   3878    (0) 1345  
   59    6.4  2.4  1.2  Sniffles2.INS.520S33      1    84     (3) + (TA)n          Simple_repeat          1     85    (0) 1346  
  325   16.9  0.0  0.0  Sniffles2.INS.522S38      1    65     (1) + L1M5           LINE/L1             4421   4485 (1661) 1347  
   15   34.7  3.2  0.0  Sniffles2.INS.524S31      5    66     (5) + (TA)n          Simple_repeat          1     64    (0) 1348  
   50    0.0  0.0  0.0  Sniffles2.INS.524S4       1    45     (0) + (TTCC)n        Simple_repeat          1     45    (0) 1349  
   46   19.4  0.0  0.0  Sniffles2.INS.525S1       3    90     (0) + (GT)n          Simple_repeat          1     88    (0) 1350  
  382   12.3 12.3  0.0  Sniffles2.INS.525S4      43   115     (1) + L1MB8          LINE/L1             6043   6124   (54) 1351  
  354    9.6  1.9  0.0  Sniffles2.INS.526S33     56   107     (1) + Alu            SINE/Alu               1     53   (80) 1352  
  307   21.7  2.9  0.0  Sniffles2.INS.526S35      3    71     (1) + AluYg6         SINE/Alu             220    290   (21) 1353  
  248   11.1  0.0  0.0  Sniffles2.INS.52AS3A      1    54     (1) + TAR1           Satellite/subtelo   1284   1337  (773) 1354  
   46    8.2  9.7  0.0  Sniffles2.INS.52BS1       1    93     (0) + (TCCT)n        Simple_repeat          1    102    (0) 1355  
   52   18.7  5.0  2.1  Sniffles2.INS.52CS1       1   140     (0) + (CTCC)n        Simple_repeat          1    144    (0) 1356  
  839    8.7  0.0  0.0  Sniffles2.INS.52CS22      1   115     (1) C SVA_B          Retroposon/SVA     (745)    638    524 1357  
  311   18.7  0.6  7.7  Sniffles2.INS.52FS23      2   100   (568) + D20S16         Satellite              1    193   (56) 1358  
  228   33.1  0.0  4.6  Sniffles2.INS.52FS23    101   236   (432) + MLT2B4         LTR/ERVL             293    422  (134) 1359  
  311   18.7  0.6  7.7  Sniffles2.INS.52FS23    237   256   (412) + D20S16         Satellite            194    236   (13) 1358  
  240   18.0  1.5  8.4  Sniffles2.INS.52FS23    316   523   (145) + D20S16         Satellite              1    193    (2) 1358  
   59    0.0  0.0  0.0  Sniffles2.INS.531S33      8    60     (0) + (T)n           Simple_repeat          1     53    (0) 1360  
  118    0.8  2.4  0.8  Sniffles2.INS.532S1       4   126     (0) + (TATAAATATA)n  Simple_repeat          1    125    (0) 1361  
  274    0.4  0.0  0.0  Sniffles2.INS.533S38      1   239     (0) + (G)n           Simple_repeat          1    239    (0) 1362  
  487   18.6  3.9  0.0  Sniffles2.INS.53AS39      6   107     (0) + HERVI-int      LTR/ERV1            4511   4616 (3168) 1363  
   94    8.6  4.8  1.2  Sniffles2.INS.53DS23      5   169     (2) + (GGTGG)n       Simple_repeat          1    171    (0) 1364  
   96    5.4  4.8  3.0  Sniffles2.INS.53DS33      1   165     (1) + (AGAA)n        Simple_repeat          1    168    (0) 1365  
  260   15.2 16.7  0.0  Sniffles2.INS.53FS33     63   128     (0) + MLT1C2         LTR/ERVL-MaLR          1     77  (384) 1366  
  329   14.9  0.0  0.0  Sniffles2.INS.53S2B       7    53     (5) + FRAM           SINE/Alu              98    144   (32) 1367  
  353   16.7  0.0  0.0  Sniffles2.INS.53SBD       8    67     (2) C BSR/Beta       Satellite           (49)     87     28 1368  
   27    6.8  4.1  2.0  Sniffles2.INS.542S22      1    49     (0) + (TCTT)n        Simple_repeat          1     50    (0) 1369  
   57    0.0  1.9  0.0  Sniffles2.INS.542S31      1    52     (0) + (GA)n          Simple_repeat          1     53    (0) 1370  
   30    9.5  7.1  0.0  Sniffles2.INS.543S33      1    56     (0) + (TA)n          Simple_repeat          1     60    (0) 1371  
   13   24.0  0.0  2.5  Sniffles2.INS.544S3A      3    43   (497) + (CCG)n         Simple_repeat          1     40    (0) 1372  
   14   24.5  1.5  6.5  Sniffles2.INS.544S3A    369   433   (107) + (GCC)n         Simple_repeat          1     62    (0) 1373  
   64   10.2  0.0  0.0  Sniffles2.INS.549S38      1    97     (5) + (ACC)n         Simple_repeat          1     97    (0) 1374  
   40    6.4  6.1  0.0  Sniffles2.INS.549S39      1    66     (2) + (AT)n          Simple_repeat          1     70    (0) 1375  
  161    3.5  1.1  0.6  Sniffles2.INS.54AS38      1   177     (3) + (ACC)n         Simple_repeat          1    178    (0) 1376  
   18   20.8  5.7  2.8  Sniffles2.INS.54AS4       1    70     (5) + G-rich         Low_complexity         1     72    (0) 1377  
   75    2.3  5.6  0.0  Sniffles2.INS.54ES33      1    90     (0) + (AT)n          Simple_repeat          1     95    (0) 1378  
   56    0.0  3.5  0.0  Sniffles2.INS.54S4        1    57     (0) + (AAGA)n        Simple_repeat          1     59    (0) 1379  
  331    4.4  5.2  2.4  Sniffles2.INS.54S6        2   537   (240) + (TA)n          Simple_repeat          1    551    (0) 1380  
  437   25.5  0.0  0.9  Sniffles2.INS.54S8        3   109   (503) C BSR/Beta       Satellite            (3)    133     28 1381  
 2491   17.5  0.8  0.6  Sniffles2.INS.54S8      112   605     (7) + LSAU           Satellite              3    497    (1) 1382  
  377   16.9  0.0  0.0  Sniffles2.INS.54SBD       4    62     (5) C BSR/Beta       Satellite           (17)    119     61 1383  
 2837    0.7  0.0  0.0  Sniffles2.INS.550S0      18   317     (0) + AluY           SINE/Alu               1    300   (11) 1384  
  368    0.3  1.2  0.0  Sniffles2.INS.550S31      1   330     (0) + (AT)n          Simple_repeat          1    334    (0) 1385  
  118   12.6  3.1  4.4  Sniffles2.INS.551S39      1   254     (1) + (TA)n          Simple_repeat          1    251    (0) 1386  
   16    0.0  0.0  0.0  Sniffles2.INS.552S39      1    18   (146) + (T)n           Simple_repeat          1     18    (0) 1387  
  358   15.0  8.1  1.0  Sniffles2.INS.553S0       2   908    (12) + (TTTCA)n       Simple_repeat          1    970    (0) 1388  
  399   10.2  7.0  7.9  Sniffles2.INS.553S39     45   172     (3) + SVA_C          Retroposon/SVA       670    796  (588) 1389  
  380   14.8  8.4  1.1  Sniffles2.INS.554S0       1   980     (0) + (CATTT)n       Simple_repeat          1   1050    (0) 1390  
  545    4.1  0.0  0.0  Sniffles2.INS.555S39      2    74     (0) + SVA_F          Retroposon/SVA       750    822  (553) 1391  
   22    4.2  9.4  3.6  Sniffles2.INS.557S1       1    53     (0) + (CCTCCTCC)n    Simple_repeat          1     56    (0) 1392  
 2378    0.4  0.4  0.0  Sniffles2.INS.557S3A     21   285     (0) + L1HS           LINE/L1             5889   6154    (1) 1393  
  344    8.2  0.0  2.0  Sniffles2.INS.558S39      1    50     (0) + THE1D          LTR/ERVL-MaLR        232    280  (101) 1394  
 2958    0.3  0.0  0.0  Sniffles2.INS.558S3A     17   327     (7) + AluYa5         SINE/Alu               1    311    (0) 1395  
   20    7.6 12.3  1.6  Sniffles2.INS.559S0       1    57     (0) + (TCATT)n       Simple_repeat          1     63    (0) 1396  
  739    7.2  0.0  0.0  Sniffles2.INS.55BS23      4   100     (0) + Alu            SINE/Alu              31    127  (174) 1397  
  254    8.2  0.8  7.7  Sniffles2.INS.55CS1       2   498     (0) + (GGAT)n        Simple_repeat          1    465    (0) 1398  
   32    2.6  5.1  0.0  Sniffles2.INS.55ES1      16    54     (0) + (TA)n          Simple_repeat          1     41    (0) 1399  
   30    0.0  0.0  0.0  Sniffles2.INS.55ES39     24    51     (0) + (GAAG)n        Simple_repeat          1     28    (0) 1400  
   44   19.8  2.7  0.9  Sniffles2.INS.55FS1       1   111     (0) + (TATAATA)n     Simple_repeat          1    113    (0) 1401  
   36   25.8  0.0  1.1  Sniffles2.INS.560S31      1    96     (1) + (ACCT)n        Simple_repeat          1     95    (0) 1402  
   30    2.7  0.0  5.0  Sniffles2.INS.564S3A      9    50     (0) + (TTCT)n        Simple_repeat          1     40    (0) 1403  
   28   12.0  0.0  2.2  Sniffles2.INS.565S23      3    49     (1) + (AT)n          Simple_repeat          1     46    (0) 1404  
  299   20.9  0.9  7.8  Sniffles2.INS.565S3A     90   198     (0) C L1M2           LINE/L1           (2349)   3794   3693 1405  
   25   19.1  8.3  0.0  Sniffles2.INS.566S31    275   358    (28) + (ATATTA)n      Simple_repeat          1     91    (0) 1406  
  267   22.8  1.8  0.0  Sniffles2.INS.566S38      1    57    (25) C AluJb          SINE/Alu            (21)    291    234 1407  
  521   13.0  3.5  0.0  Sniffles2.INS.56AS39      1    13   (135) C AluSx          SINE/Alu             (0)    302     85 1408  
  276   21.1 10.4 22.3  Sniffles2.INS.56AS39     14   147     (1) + SVA_A          Retroposon/SVA       252    372 (1015) 1409  
   59    4.1  9.0  0.0  Sniffles2.INS.56FS23      3   102     (1) + (TA)n          Simple_repeat          1    109    (0) 1410  
   25    6.0  7.1  3.5  Sniffles2.INS.56S23       3    58     (2) + (ATATATA)n     Simple_repeat          1     58    (0) 1411  
 1131    3.8  0.0  0.0  Sniffles2.INS.56S2B       1   131    (98) + AluY           SINE/Alu              27    157  (144) 1412  
  257    2.6  0.0  0.0  Sniffles2.INS.56S2B     137   174    (55) + AluY           SINE/Alu             264    301    (0) 1412  
   34    0.0  2.3  4.7  Sniffles2.INS.56S5        1    44    (13) + (ATAG)n        Simple_repeat          1     43    (0) 1413  
  334   22.7  0.0  0.0  Sniffles2.INS.56SBD       2    67     (0) C BSR/Beta       Satellite           (30)    106     41 1414  
   23   16.1  3.9  0.0  Sniffles2.INS.571S22      1    51     (1) + (TATA)n        Simple_repeat          1     53    (0) 1415  
  517   15.0  0.0  0.0  Sniffles2.INS.572S23      3    82   (712) + MSTD           LTR/ERVL-MaLR        315    394    (2) 1416  
  492   31.5  0.5  1.6  Sniffles2.INS.572S23    166   349   (445) C Charlie15b     DNA/hAT-Charlie    (613)    448    267 1417  
  275    7.5 26.9  1.2  Sniffles2.INS.572S23    351   417   (377) + AluSx          SINE/Alu             199    282   (20) 1418  
   47    0.0  0.0  0.0  Sniffles2.INS.572S23    420   462   (332) + (AAAT)n        Simple_repeat          1     43    (0) 1419  
  661   18.5  9.3 11.6  Sniffles2.INS.572S23    506   788     (6) + MLT1A          LTR/ERVL-MaLR          1    342   (86) 1420  
  820   17.6  7.7  0.0  Sniffles2.INS.574S3A     61   230    (22) C AluSx          SINE/Alu             (0)    302    120 1421  
   30    9.4  3.1  6.5  Sniffles2.INS.577S4       1    64     (7) + (AT)n          Simple_repeat          1     62    (0) 1422  
   35    0.0  4.5  2.2  Sniffles2.INS.579S4       4    47     (0) + (TTCT)n        Simple_repeat          1     45    (0) 1423  
  236   30.3  7.6  1.8  Sniffles2.INS.57AS1     159   316  (1055) C MIRb           SINE/MIR            (11)    257     91 1424  
  257   26.0 13.3  0.7  Sniffles2.INS.57AS1     754   873   (498) + L2b            LINE/L2             3233   3367    (8) 1425  
  242    4.2  0.0  4.2  Sniffles2.INS.57BS22      1    50     (0) C SVA_B          Retroposon/SVA     (625)    758    711 1426  
   48    0.0  0.0  3.9  Sniffles2.INS.57BS4       1    53     (0) + (AAGA)n        Simple_repeat          1     51    (0) 1427  
   22   24.1  0.0  0.0  Sniffles2.INS.57DS33      1    47     (3) + (AT)n          Simple_repeat          1     47    (0) 1428  
   40    4.1  0.0  3.8  Sniffles2.INS.57ES39      1    55     (3) + (ATATACAT)n    Simple_repeat          1     53    (0) 1429  
  204    5.2  4.5  1.2  Sniffles2.INS.57FS22      1   310     (1) + (GACATGA)n     Simple_repeat          1    320    (0) 1430  
  539   26.0 12.8  1.6  Sniffles2.INS.57S25      43   261   (757) C MER20B         DNA/hAT-Charlie    (422)    361    119 1431  
 1995   15.3  0.0  0.3  Sniffles2.INS.57S25     547   840   (178) C AluSz6         SINE/Alu            (10)    302     10 1432  
  312   26.5  0.0  0.0  Sniffles2.INS.57S25     951  1018     (0) C Tigger5b       DNA/TcMar-Tigger     (0)    472    405 1433  
  255   23.4  0.0  0.0  Sniffles2.INS.57S2B      10    56     (8) + AluJo          SINE/Alu             230    276   (36) 1434  
   30   30.1  0.0  0.0  Sniffles2.INS.57S5       10    93     (0) + (TATATA)n      Simple_repeat          1     84    (0) 1435  
  432   13.4  0.0  0.0  Sniffles2.INS.57SBD       1    67     (1) C BSR/Beta       Satellite            (3)    133     67 1436  
  162   15.8  3.7  0.0  Sniffles2.INS.582S1       1   321     (2) + (TCTA)n        Simple_repeat          1    333    (0) 1437  
   31   21.9  0.0  0.0  Sniffles2.INS.583S3A      1    62     (0) + (TA)n          Simple_repeat          1     62    (0) 1438  
   46   30.6  0.0  0.0  Sniffles2.INS.584S3A      4   121     (3) + (TA)n          Simple_repeat          1    118    (0) 1439  
   29    4.9  0.0  4.5  Sniffles2.INS.586S23      1    46     (5) + (ATATGATC)n    Simple_repeat          1     44    (0) 1440  
   33    5.3  0.0  0.0  Sniffles2.INS.586S4      10    49     (1) + (CCCTC)n       Simple_repeat          1     40    (0) 1441  
   51   24.7  3.9  0.0  Sniffles2.INS.587S23      2   155     (0) + (ATAT)n        Simple_repeat          1    160    (0) 1442  
   26   17.0  0.0  5.4  Sniffles2.INS.589S33      1    59     (5) + (AT)n          Simple_repeat          1     56    (0) 1443  
   18    9.7  9.1  0.0  Sniffles2.INS.58AS22      6    49     (8) + (ATATGT)n      Simple_repeat          1     48    (0) 1444  
   16   18.8  5.8  3.8  Sniffles2.INS.58AS22     50    57     (0) + (AT)n          Simple_repeat          1     53    (0) 1445  
   22   22.3  0.0  0.0  Sniffles2.INS.58AS33      1    52     (0) + (ATAT)n        Simple_repeat          1     52    (0) 1446  
  322    9.9  3.2  0.0  Sniffles2.INS.58CS33      2   508     (0) + (TA)n          Simple_repeat          1    523    (0) 1447  
   28   13.2  0.0  0.0  Sniffles2.INS.58ES3A      2    51     (0) + (TATTTTT)n     Simple_repeat          1     50    (0) 1448  
  356    9.6  0.0  0.0  Sniffles2.INS.58S25       1    52    (21) C L1P1           LINE/L1           (6101)     54      3 1449  
  283   24.6  0.0  0.0  Sniffles2.INS.58S2B       1    57     (1) + AluYh7         SINE/Alu             227    283   (28) 1450  
  989   13.5  0.4  1.1  Sniffles2.INS.58S8        4  1232     (1) C BSR/Beta       Satellite            (4)   1220      1 1451  
  805   10.4  0.0  0.0  Sniffles2.INS.58SBD       2   135     (1) C BSR/Beta       Satellite           (44)    134      1 1452  
   45    0.0  0.0  7.1  Sniffles2.INS.591S39      1    60     (0) + (ATATAGATAT)n  Simple_repeat          1     56    (0) 1453  
   34   10.6  3.2  0.0  Sniffles2.INS.592S0      16    78     (0) + (AT)n          Simple_repeat          1     65    (0) 1454  
   37    2.4  2.4  0.0  Sniffles2.INS.592S39     12    53     (0) + (AGAA)n        Simple_repeat          1     43    (0) 1455  
   36    4.3  0.0  2.0  Sniffles2.INS.592S3A      1    51     (0) + (AAAG)n        Simple_repeat          1     50    (0) 1456  
   47    0.0  6.2  0.0  Sniffles2.INS.594S22      1    64     (0) + (AGAA)n        Simple_repeat          1     68    (0) 1457  
 1895   12.8  2.6  2.2  Sniffles2.INS.59AS33     18   328     (2) C AluSx          SINE/Alu             (0)    312      1 1458  
   47   19.9  0.9  1.9  Sniffles2.INS.59CS22      1   106     (2) + GA-rich        Low_complexity         1    105    (0) 1459  
   37   19.0  4.7  0.0  Sniffles2.INS.59DS23      1    86    (90) + (TA)n          Simple_repeat          1     90    (0) 1460  
   53    0.0  2.0  0.0  Sniffles2.INS.59DS23    107   155    (21) + (TA)n          Simple_repeat          1     50    (0) 1460  
   35    2.0  5.8  0.0  Sniffles2.INS.59DS33      2    53     (0) + (AAGA)n        Simple_repeat          1     55    (0) 1461  
   25   20.8  0.0  0.0  Sniffles2.INS.59FS33      3    55     (3) + (ATAT)n        Simple_repeat          1     53    (0) 1462  
   35    5.8  5.6  0.0  Sniffles2.INS.59FS38      1    54     (0) + (TA)n          Simple_repeat          1     57    (0) 1463  
  454    3.5  0.0  0.0  Sniffles2.INS.59S58       1    57     (0) + ALR/Alpha      Satellite/centr       57    113   (58) 1464  
 1041   11.9  0.0  6.3  Sniffles2.INS.59SBD       1   473     (1) C BSR/Beta       Satellite           (20)    443      1 1465  
   41   10.4  7.9  3.8  Sniffles2.INS.5A1S22      1   101     (0) + (AT)n          Simple_repeat          1    105    (0) 1466  
   15   28.0  0.0  0.0  Sniffles2.INS.5A1S3A      5    46     (5) + (TACG)n        Simple_repeat          1     42    (0) 1467  
   33    6.1  6.8  2.6  Sniffles2.INS.5A2S1       2    74     (4) + (AT)n          Simple_repeat          1     76    (0) 1468  
   61    0.0  0.0  0.0  Sniffles2.INS.5A8S3A      1    55     (1) + (AGAA)n        Simple_repeat          1     55    (0) 1469  
   17   15.3  0.0  0.0  Sniffles2.INS.5A9S38     31    59    (12) + A-rich         Low_complexity         1     29    (0) 1470  
   32    4.9  2.3  0.0  Sniffles2.INS.5ABS4      16    58     (0) + (CCTCATCAC)n   Simple_repeat          1     44    (0) 1471  
   61   11.0  7.6  0.0  Sniffles2.INS.5ADS31      3   121     (1) + (CA)n          Simple_repeat          1    128    (0) 1472  
  121   15.1  6.2  0.7  Sniffles2.INS.5AES0       1   274     (0) + (TG)n          Simple_repeat          1    289    (0) 1473  
  199   10.7  6.7  2.1  Sniffles2.INS.5AFS0       1   418     (1) + (GT)n          Simple_repeat          1    437    (0) 1474  
  282    8.9  0.0  0.0  Sniffles2.INS.5AS25       2    57     (1) C TAR1           Satellite/subtelo  (847)   1263   1208 1475  
  290   19.2  0.0  0.0  Sniffles2.INS.5AS2B       1    52     (0) + FRAM           SINE/Alu             105    156   (20) 1476  
  915    9.4  0.8  0.4  Sniffles2.INS.5AS58       1   249     (0) + ALR/Alpha      Satellite/centr        1    250   (50) 1477  
  989   13.4  0.5  2.0  Sniffles2.INS.5ASBD       3  1083     (1) C BSR/Beta       Satellite            (4)   1064      1 1478  
   37    1.9  5.6  1.8  Sniffles2.INS.5B0S23      1    54     (0) + (TCCT)n        Simple_repeat          1     56    (0) 1479  
   58    0.0  0.0  3.4  Sniffles2.INS.5B1S3A      1    61     (0) + (TTCT)n        Simple_repeat          1     59    (0) 1480  
  231   15.9 10.1  0.0  Sniffles2.INS.5B2S33      1    69    (15) + L1MC           LINE/L1             5471   5546  (798) 1481  
   18   16.2  7.0  1.7  Sniffles2.INS.5B6S39     13    69     (8) + (ATATT)n       Simple_repeat          1     60    (0) 1482  
   15   27.1  3.1  1.5  Sniffles2.INS.5B6S39     70    75     (2) + (AATTT)n       Simple_repeat          2     65    (0) 1483  
   94   16.9  0.6  0.0  Sniffles2.INS.5B7S23      1   173     (2) + (CCAT)n        Simple_repeat          1    174    (0) 1484  
   79   13.6  7.5  1.0  Sniffles2.INS.5B8S31      4   190     (0) + GA-rich        Low_complexity         1    199    (0) 1485  
   43    5.5  3.5  0.0  Sniffles2.INS.5B8S4       1    57    (10) + (TA)n          Simple_repeat          1     59    (0) 1486  
   59    0.0  0.0  0.0  Sniffles2.INS.5B9S33      1    50     (0) + (TA)n          Simple_repeat          1     50    (0) 1487  
   34    0.0  0.0  6.2  Sniffles2.INS.5BES23      1    51     (0) + (GAAA)n        Simple_repeat          1     48    (0) 1488  
   17   25.8  0.0  6.8  Sniffles2.INS.5BS17     292   369    (28) + (TTTCCTG)n     Simple_repeat          1     73    (0) 1489  
  307   18.8  0.0  0.0  Sniffles2.INS.5BS2B       1    48     (0) + FRAM           SINE/Alu              93    140   (26) 1490  
  371   15.4  0.0  0.0  Sniffles2.INS.5BSBD       3    67     (1) C BSR/Beta       Satellite            (6)    130     66 1491  
   42    2.0  4.0  0.0  Sniffles2.INS.5C1S0       3    52     (1) + (TTC)n         Simple_repeat          1     52    (0) 1492  
  363    9.8  0.0  0.0  Sniffles2.INS.5C3S0       5    55     (0) C HERVL-int      LTR/ERVL          (5048)    606    556 1493  
  102    0.0  0.0  0.0  Sniffles2.INS.5C3S33      1    87    (15) + (AT)n          Simple_repeat          1     87    (0) 1494  
  538   10.6  0.1  4.8  Sniffles2.INS.5C5S33      1   944     (0) + (ATAT)n        Simple_repeat          1    902    (0) 1495  
  307    2.4  0.0  0.0  Sniffles2.INS.5C6S0       1    42    (44) C Alu            SINE/Alu            (88)    213    172 1496  
   34    0.0  0.0  0.0  Sniffles2.INS.5C6S0      55    86     (0) + (T)n           Simple_repeat          1     32    (0) 1497  
  417    5.6  1.9  0.0  Sniffles2.INS.5C8S33      2    55     (0) C L1MA4          LINE/L1            (347)   5953   5899 1498  
  542    4.5  0.0  0.0  Sniffles2.INS.5CS25       1    66     (0) C MER9a1         LTR/ERVK           (214)    299    234 1499  
  776   15.9  0.0  0.4  Sniffles2.INS.5CSBD       6   195     (9) C BSR/Beta       Satellite           (15)    189      1 1500  
  405   16.4  2.3  2.3  Sniffles2.INS.5D0S0       2   109     (0) + AluJb          SINE/Alu              91    302    (0) 1501  
  115   11.8  4.0  0.0  Sniffles2.INS.5D0S4       1   198     (8) + GA-rich        Low_complexity         1    206    (0) 1502  
   37    0.0  7.8  0.0  Sniffles2.INS.5D1S0       1    51     (0) + (GA)n          Simple_repeat          1     55    (0) 1503  
 1013   16.7  0.0  0.0  Sniffles2.INS.5D8S33      1   150     (2) C AluJb          SINE/Alu           (162)    150      1 1504  
   60   18.7  0.7  4.9  Sniffles2.INS.5DAS23      1   148     (1) + (AT)n          Simple_repeat          1    142    (0) 1505  
   71   14.2  0.0  0.0  Sniffles2.INS.5DAS38      3   120     (0) + (TCTGTA)n      Simple_repeat          1    118    (0) 1506  
   26   27.4  0.0  0.0  Sniffles2.INS.5DCS23      1    66     (6) + (TG)n          Simple_repeat          1     66    (0) 1507  
   58    0.0  3.4  0.0  Sniffles2.INS.5DFS0       1    59     (6) + (AAAG)n        Simple_repeat          1     61    (0) 1508  
  278   19.6  5.4  0.0  Sniffles2.INS.5DS2B       1    56     (0) + AluSq10        SINE/Alu             232    290   (23) 1509  
  152    6.8  6.9  4.0  Sniffles2.INS.5E0S0       1   317     (0) + G-rich         Low_complexity         1    326    (0) 1510  
   89   10.7  6.2  0.0  Sniffles2.INS.5E2S39      1   162     (1) + (TA)n          Simple_repeat          1    172    (0) 1511  
  229   22.2  0.0  0.0  Sniffles2.INS.5E7S22     13    57    (32) C L1ME3G         LINE/L1            (324)   5853   5809 1512  
   29   26.4  2.4  0.0  Sniffles2.INS.5EBS1       4    88     (0) + (ACACCC)n      Simple_repeat          1     87    (0) 1513  
  301    8.8  7.4  3.5  Sniffles2.INS.5ECS0       1   661     (1) + (TG)n          Simple_repeat          1    686    (0) 1514  
   56   15.0  0.0  0.0  Sniffles2.INS.5ECS33      8   104     (1) + (CACCAC)n      Simple_repeat          1     97    (0) 1515  
   69    8.9  0.0  0.0  Sniffles2.INS.5EDS33     13   109     (1) + (ACC)n         Simple_repeat          1     97    (0) 1516  
  235   12.5  1.3  0.0  Sniffles2.INS.5EES33      1   375     (0) + (CAC)n         Simple_repeat          1    380    (0) 1517  
   19   28.5  0.0  0.0  Sniffles2.INS.5EFS3A      4    49     (1) + (TA)n          Simple_repeat          1     46    (0) 1518  
   37    0.0  5.6  3.6  Sniffles2.INS.5ES17       1    54     (0) + (TCTT)n        Simple_repeat          1     55    (0) 1519  
   82   15.5  6.9  4.3  Sniffles2.INS.5FS23      10   266     (1) + GA-rich        Low_complexity         1    263    (0) 1520  
 1852    5.0  0.0  0.0  Sniffles2.INS.5FS25       1   222     (0) + L1PA3          LINE/L1             5862   6083   (72) 1521  
  690   18.7  1.2  1.2  Sniffles2.INS.5FS58       1   169     (0) C ALR/Alpha      Satellite/centr     (66)    169      1 1522  
   61   12.3  8.2  4.2  Sniffles2.INS.5S12        1   183     (0) + (ATTTC)n       Simple_repeat          1    190    (0) 1523  
   59    0.0  7.1  7.9  Sniffles2.INS.5S25        2   128     (5) + (AT)n          Simple_repeat          1    126    (0) 1524  
  259   21.3  0.0  0.0  Sniffles2.INS.5S2B        1    47    (21) + AluJo          SINE/Alu             230    276   (36) 1525  
 1155   13.5  1.1  0.0  Sniffles2.INS.5S30        1   330     (7) + ALR/Alpha      Satellite/centr        1    333    (0) 1526  
  331   17.2  1.6  0.0  Sniffles2.INS.5S8         1    64     (0) + BSR/Beta       Satellite             55    119   (17) 1527  
  315   15.7  7.1  0.0  Sniffles2.INS.5SB1        6    75     (2) C L1PA10         LINE/L1            (137)   6031   5957 1528  
 2953    0.6  0.0  0.0  Sniffles2.INS.5SB7       12   324     (0) C AluYb8         SINE/Alu             (4)    314      2 1529  
   20   18.4  0.0  0.0  Sniffles2.INS.5SBA       28    70     (0) + (GAGTG)n       Simple_repeat          1     43    (0) 1530  
  768   11.0  0.0  0.0  Sniffles2.INS.5SBE        3   384     (0) + CER            Satellite              1    382    (0) 1531  
   15   20.4  5.0  8.3  Sniffles2.INS.601S4       8   106    (25) + (TCCCAGT)n     Simple_repeat          1     96    (0) 1532  
   15   27.6  2.0  0.0  Sniffles2.INS.605S3A      1    50     (1) + GA-rich        Low_complexity         1     51    (0) 1533  
   30   15.8  0.0  0.0  Sniffles2.INS.606S22      1    50     (2) + (AT)n          Simple_repeat          1     50    (0) 1534  
   36    9.0  5.1  0.0  Sniffles2.INS.607S33      1    59     (0) + (AT)n          Simple_repeat          1     62    (0) 1535  
   17   10.4  0.0  3.1  Sniffles2.INS.608S0      38    70    (45) + (AAAT)n        Simple_repeat          1     32    (0) 1536  
   30   10.7  6.6  0.0  Sniffles2.INS.609S3A      2    62     (2) + (ATATA)n       Simple_repeat          1     65    (0) 1537  
 1206    4.7  0.5  4.7  Sniffles2.INS.60BS33      1   223     (2) C SVA_E          Retroposon/SVA     (523)    859    646 1538  
  273   16.1 14.8  0.0  Sniffles2.INS.60DS22     33   113    (35) C L1MDa          LINE/L1           (4754)   1879   1787 1539  
   62    1.8  0.0  0.0  Sniffles2.INS.60DS33      1    57     (1) + (AG)n          Simple_repeat          1     57    (0) 1540  
  576    1.3  0.0  0.0  Sniffles2.INS.60ES0       2    77     (0) + SVA_F          Retroposon/SVA       752    827  (548) 1541  
 3122    3.8  0.0  0.0  Sniffles2.INS.60S25      35   400     (2) + L1PA3          LINE/L1             5785   6150    (5) 1542  
   27    9.1  1.9  3.9  Sniffles2.INS.60S3A       1    52     (0) + (AAGA)n        Simple_repeat          1     51    (0) 1543  
  916   11.0  0.8  0.0  Sniffles2.INS.60S58       1   170     (1) C ALR/Alpha      Satellite/centr     (28)    171      1 1544  
   53    3.5 10.0  0.0  Sniffles2.INS.611S1       5    94     (0) + (CT)n          Simple_repeat          1     99    (0) 1545  
   39    3.4  6.6  0.0  Sniffles2.INS.611S39      1    61     (2) + (AGAA)n        Simple_repeat          1     65    (0) 1546  
   39    1.8  6.8  1.6  Sniffles2.INS.612S1      33    91     (9) + (TCCTC)n       Simple_repeat          1     62    (0) 1547  
   19   11.7  3.9  5.9  Sniffles2.INS.613S22      1    52     (0) + (TTTAT)n       Simple_repeat          1     51    (0) 1548  
   31   26.2  1.3  0.0  Sniffles2.INS.613S39      3    81     (3) + (AT)n          Simple_repeat          1     80    (0) 1549  
   19   22.1  0.0  0.0  Sniffles2.INS.615S31      1    47     (8) + G-rich         Low_complexity         1     47    (0) 1550  
  269   16.2  0.0  0.0  Sniffles2.INS.61DS39      1    37    (16) C 7SLRNA         srpRNA             (270)     50     14 1551  
   21   29.8  1.2  2.4  Sniffles2.INS.61FS0      34   119    (78) + (CCCCA)n       Simple_repeat          1     85    (0) 1552  
  453   19.4  1.0  0.0  Sniffles2.INS.61S25       1    98     (0) C ALR/Alpha      Satellite/centr     (40)    131     33 1553  
  667    0.0  0.0  0.0  Sniffles2.INS.61S2B       1    70     (0) + AluYa5         SINE/Alu             227    296   (15) 1554  
 1081   12.2  0.0  0.0  Sniffles2.INS.61S58       2   203     (2) C ALR/Alpha      Satellite/centr     (10)    202      1 1555  
   76    0.0  0.0  0.0  Sniffles2.INS.620S3A      1    82     (0) + (A)n           Simple_repeat          1     82    (0) 1556  
   30   27.7  0.0  1.3  Sniffles2.INS.624S0       3    79     (1) + (TA)n          Simple_repeat          1     76    (0) 1557  
   41    0.0  2.2  2.2  Sniffles2.INS.624S22      8    53     (0) + (AGAA)n        Simple_repeat          1     46    (0) 1558  
   30   23.9  0.0  2.9  Sniffles2.INS.625S0       1    72     (0) + (TA)n          Simple_repeat          1     70    (0) 1559  
  303    6.1  4.5  7.0  Sniffles2.INS.626S0       1    88     (2) C SVA_C          Retroposon/SVA     (588)    796    711 1560  
   40    3.9  3.7  0.0  Sniffles2.INS.628S39      1    54     (0) + (GA)n          Simple_repeat          1     56    (0) 1561  
  213    3.9  6.1  0.0  Sniffles2.INS.628S3A      8   300     (0) + (AT)n          Simple_repeat          1    311    (0) 1562  
  344   22.6 17.3  5.2  Sniffles2.INS.62BS17     15   487    (10) + L1MC           LINE/L1             4903   5436 (2559) 1563  
   36   25.8  1.0  0.0  Sniffles2.INS.62FS38      2   102     (2) + (GTGGTG)n      Simple_repeat          1    102    (0) 1564  
  411   19.1  1.2  0.0  Sniffles2.INS.62S25      16    99     (0) C ALR/Alpha      Satellite/centr     (40)    131     47 1565  
  271   17.3  3.7  3.7  Sniffles2.INS.631S17      1    54     (3) + MER52-int      LTR/ERV1            1587   1640 (5451) 1566  
   24    9.4  4.5  7.7  Sniffles2.INS.635S22      4    70     (9) + (TTATA)n       Simple_repeat          1     65    (0) 1567  
   30   18.9  6.4  0.0  Sniffles2.INS.635S22     71    79     (0) + (AT)n          Simple_repeat          3     83    (0) 1568  
   72   20.7  3.5  2.5  Sniffles2.INS.63AS17      1   198     (0) + (CAC)n         Simple_repeat          1    200    (0) 1569  
   84    5.9  3.1  1.5  Sniffles2.INS.63AS22      1   129     (0) + (AAGA)n        Simple_repeat          1    131    (0) 1570  
   42    7.7  0.0  0.0  Sniffles2.INS.63BS23      1    56     (1) + (CAC)n         Simple_repeat          1     56    (0) 1571  
   22   17.7  4.3  0.0  Sniffles2.INS.63CS22      4    50     (0) + (TA)n          Simple_repeat          1     49    (0) 1572  
   23   25.6  0.0  0.0  Sniffles2.INS.63DS22      3    55     (1) + (TA)n          Simple_repeat          1     53    (0) 1573  
  422   14.3  0.0  0.0  Sniffles2.INS.63S25       1    70     (0) C ALR/Alpha      Satellite/centr     (56)    115     46 1574  
  350   16.1  0.0  3.6  Sniffles2.INS.63S2B       6    63     (7) + Alu            SINE/Alu              85    140   (26) 1575  
   50    1.8  0.0  0.0  Sniffles2.INS.63SC0       6    62     (0) + (A)n           Simple_repeat          1     57    (0) 1576  
  397    5.3  4.0  0.0  Sniffles2.INS.643S22      1    74   (325) C L1P1           LINE/L1           (1734)   4412   4333 1577 *
 2423    4.7  2.0  2.6  Sniffles2.INS.643S22     44   395     (4) C L1P1           LINE/L1           (1379)   4767   4418 1578  
  337   16.0  1.5  0.0  Sniffles2.INS.644S31      2    57   (231) + AluJb          SINE/Alu             153    196  (106) 1579  
  409   19.0  6.3  0.0  Sniffles2.INS.644S31     58   129   (159) + FRAM           SINE/Alu               1     77  (243) 1580  
  409   19.0  6.3  0.0  Sniffles2.INS.644S31    130   201    (87) + FRAM           SINE/Alu               1     77  (243) 1581  
  409   19.0  6.3  0.0  Sniffles2.INS.644S31    202   280     (8) + FRAM           SINE/Alu               1     84  (236) 1582  
   24    9.8  6.8  0.0  Sniffles2.INS.645S0       1    44    (22) + (CT)n          Simple_repeat          1     47    (0) 1583  
   21   16.8  0.0  0.0  Sniffles2.INS.645S0      32    66     (0) + (C)n           Simple_repeat          1     35    (0) 1584 *
   42    4.7  7.6  0.0  Sniffles2.INS.64BS0       1    66     (0) + (TA)n          Simple_repeat          1     71    (0) 1585  
  264   21.2  5.8  1.1  Sniffles2.INS.64CS1       1    86     (4) + MLT2B5         LTR/ERVL               9     98  (619) 1586  
  425   13.2 29.8  0.0  Sniffles2.INS.64DS33     39   189     (7) C Charlie5       DNA/hAT-Charlie      (2)   2622   2427 1587  
  312    8.5  2.1  2.1  Sniffles2.INS.64DS3A      1    47     (9) C AluSp          SINE/Alu            (76)    237    191 1588  
  339   18.5  0.0  0.0  Sniffles2.INS.64S2B       3    56     (4) + Alu            SINE/Alu              91    144   (22) 1589  
  113   10.4  5.7  0.5  Sniffles2.INS.64SBF       1   210     (4) + (ATATTAT)n     Simple_repeat          1    221    (0) 1590  
   31    0.0  3.0  0.0  Sniffles2.INS.650S17      7    39    (12) + (GGAGAGA)n     Simple_repeat          1     34    (0) 1591  
   43    0.0  2.1  2.1  Sniffles2.INS.653S17      1    48     (0) + (ATATATAAAT)n  Simple_repeat          1     48    (0) 1592  
  939   14.3  1.4  0.0  Sniffles2.INS.659S0       7   215     (3) + ALR/Alpha      Satellite/centr        1    211    (0) 1593  
  242   23.4  7.1  4.0  Sniffles2.INS.659S33     67   164   (351) + L2a            LINE/L2             3293   3393   (33) 1594  
 1693   10.5  6.5  0.0  Sniffles2.INS.659S33    269   515     (0) C AluSx          SINE/Alu             (0)    302     40 1595  
  303   17.0  0.0  0.0  Sniffles2.INS.65S2B       3    49     (8) + FRAM           SINE/Alu              98    144   (32) 1596  
  543   22.6  6.0  1.6  Sniffles2.INS.65S4        4   187   (379) C L2a            LINE/L2            (143)   3283   3092 1597  
   65    6.7  0.0  0.0  Sniffles2.INS.65S58       9    86     (0) + (TA)n          Simple_repeat          1     78    (0) 1598  
  244   21.6  0.0  0.0  Sniffles2.INS.65S8        1    51     (0) + LSAU           Satellite            219    269  (229) 1599  
   61    0.0  0.0  0.0  Sniffles2.INS.660S0       1    55     (0) + (T)n           Simple_repeat          1     55    (0) 1600  
   17   13.4  4.7  2.3  Sniffles2.INS.662S3A     11    53     (0) + (ACCCA)n       Simple_repeat          1     44    (0) 1601  
 1103    5.8  1.4  0.0  Sniffles2.INS.663S22      1   139     (0) + L1P2           LINE/L1             1868   2008 (4176) 1602  
   45    0.0  4.2  0.0  Sniffles2.INS.663S33      1    48     (2) + (AAGA)n        Simple_repeat          1     50    (0) 1603  
   82   11.3  0.0  0.0  Sniffles2.INS.665S3A      1   119     (0) + (A)n           Simple_repeat          1    119    (0) 1604  
   30    0.0  1.4 14.5  Sniffles2.INS.666S17      6    75     (7) + (TA)n          Simple_repeat          1     62    (0) 1605  
  103   23.4  0.8  1.6  Sniffles2.INS.668S22      1   247     (0) + A-rich         Low_complexity         1    245    (0) 1606  
  555    1.3  0.0  1.3  Sniffles2.INS.669S0       1    77     (1) + SVA_F          Retroposon/SVA       774    849  (526) 1607  
   34   10.9 11.2  0.0  Sniffles2.INS.66BS17      1    80     (0) + (TA)n          Simple_repeat          1     89    (0) 1608  
   37   13.7  1.2  5.2  Sniffles2.INS.66CS33      1    80     (1) + (AT)n          Simple_repeat          1     77    (0) 1609  
   69    0.0  1.5  0.0  Sniffles2.INS.66S6        1    65     (0) + (CTCCCT)n      Simple_repeat          1     66    (0) 1610  
  399   11.8  0.0  0.0  Sniffles2.INS.671S0       4    54     (0) + AluSq          SINE/Alu              61    111  (202) 1611  
   20   19.0  2.5  9.5  Sniffles2.INS.675S17      1    79    (13) + (AT)n          Simple_repeat          1     74    (0) 1612  
   96   23.6  0.9  0.4  Sniffles2.INS.676S3A     10   234     (2) + (CCA)n         Simple_repeat          1    226    (0) 1613  
   19    9.6  3.7  9.8  Sniffles2.INS.677S17      1    54     (0) + (TA)n          Simple_repeat          1     51    (0) 1614  
  270   10.7  0.0  0.5  Sniffles2.INS.678S23      5    49    (64) C L1M5           LINE/L1           (1360)   4786   4744 1615  
   20   10.9  7.5  0.0  Sniffles2.INS.678S3A     11    50     (5) + (TA)n          Simple_repeat          1     43    (0) 1616  
  240   15.0  0.0  0.0  Sniffles2.INS.679S23     27    66   (351) C L1M5           LINE/L1           (1363)   4783   4744 1617 *
  253   12.5  0.0  0.0  Sniffles2.INS.679S23     65   104   (313) C L1M5           LINE/L1           (1363)   4783   4744 1617 *
  286    8.2  0.0  0.5  Sniffles2.INS.679S23     98   142   (275) C L1M5           LINE/L1           (1360)   4786   4744 1617  
  253   12.5  0.0  0.0  Sniffles2.INS.679S23    178   217   (200) C L1M5           LINE/L1           (1363)   4783   4744 1617 *
  270   10.7  0.0  0.5  Sniffles2.INS.679S23    211   255   (162) C L1M5           LINE/L1           (1360)   4786   4744 1617  
  246    9.4  0.0  0.0  Sniffles2.INS.679S23    291   330    (87) C L1M5           LINE/L1           (1363)   4783   4744 1617  
  235   15.0  0.0  0.0  Sniffles2.INS.679S23    366   405    (12) C L1M5           LINE/L1           (1363)   4783   4744 1617  
  224   27.9  0.0  0.4  Sniffles2.INS.67AS17    436   513   (214) C L2d            LINE/L2             (53)   3411   3294 1618  
  286    8.2  0.0  0.5  Sniffles2.INS.67AS23     59   103   (547) C L1M5           LINE/L1           (1360)   4786   4744 1619  
  232    3.6  0.0  0.0  Sniffles2.INS.67AS23    119   146   (504) C L1M5           LINE/L1           (1375)   4771   4744 1619  
  253   12.5  0.0  0.0  Sniffles2.INS.67AS23    182   221   (429) C L1M5           LINE/L1           (1363)   4783   4744 1620  
  242   12.5  0.0  0.0  Sniffles2.INS.67AS23    220   259   (391) C L1M5           LINE/L1           (1363)   4783   4744 1620 *
  255   12.5  0.0  0.0  Sniffles2.INS.67AS23    335   374   (276) C L1M5           LINE/L1           (1363)   4783   4744 1620  
  235   15.0  0.0  0.0  Sniffles2.INS.67AS23    373   412   (238) C L1M5           LINE/L1           (1363)   4783   4744 1620 *
  227    8.8  2.9  0.0  Sniffles2.INS.67AS23    438   471   (179) C L1MC           LINE/L1           (1368)   4778   4744 1621 *
  271   10.7  0.0  0.5  Sniffles2.INS.67AS23    465   509   (141) C L1M5           LINE/L1           (1360)   4786   4744 1620  
  240   15.0  0.0  0.0  Sniffles2.INS.67AS23    546   585    (65) C L1M5           LINE/L1           (1363)   4783   4744 1620 *
  270   10.7  0.0  0.5  Sniffles2.INS.67AS23    579   623    (27) C L1M5           LINE/L1           (1360)   4786   4744 1620  
  253   12.5  0.0  0.0  Sniffles2.INS.67BS23     21    60    (53) C L1M5           LINE/L1           (1363)   4783   4744 1622  
  240   15.0  0.0  0.0  Sniffles2.INS.67BS23     59    98    (15) C L1M5           LINE/L1           (1363)   4783   4744 1622 *
   21   15.6  7.0  0.0  Sniffles2.INS.67CS0       5    61     (0) + (TCATA)n       Simple_repeat          1     61    (0) 1623  
 2918    0.0  0.0  0.3  Sniffles2.INS.67CS22    108   416   (222) + AluYa5         SINE/Alu               1    308    (3) 1624  
   26   15.4  0.0  6.5  Sniffles2.INS.67DS22      1    66    (11) + (TTTA)n        Simple_repeat          1     62    (0) 1625  
   14    4.3  0.0  7.7  Sniffles2.INS.67DS33     35    62    (55) + (TTCT)n        Simple_repeat          1     26    (0) 1626  
 2086   12.3  1.0  0.6  Sniffles2.INS.67S58      14   323    (38) + AluSx          SINE/Alu               2    312    (0) 1627  
 1188    5.9  1.4 12.4  Sniffles2.INS.67S6        1   531     (0) + SVA_F          Retroposon/SVA       421    862  (520) 1628  
   72    0.0  3.8  5.8  Sniffles2.INS.684S33      5   109     (4) + (TCTT)n        Simple_repeat          1    103    (0) 1629  
   84    5.5  8.5  0.0  Sniffles2.INS.685S17      1   153     (0) + (TA)n          Simple_repeat          1    166    (0) 1630  
   30    8.6  1.9  3.9  Sniffles2.INS.686S0       3    55     (0) + (AT)n          Simple_repeat          1     52    (0) 1631  
   43    0.0  6.6  0.0  Sniffles2.INS.686S17      1    61     (0) + (GAGAGG)n      Simple_repeat          1     65    (0) 1632  
   13   22.3  0.0  2.6  Sniffles2.INS.68CS0       2    40    (11) + (ATTA)n        Simple_repeat          1     38    (0) 1633  
  111   19.5  1.1  3.9  Sniffles2.INS.68ES17      8   273     (8) + (TACA)n        Simple_repeat          1    259    (0) 1634  
  815    2.4  0.0  4.0  Sniffles2.INS.68FS3A      1   131     (0) + SVA_F          Retroposon/SVA       704    829  (546) 1635  
   48   11.9  4.7  0.0  Sniffles2.INS.690S17      1    85     (2) + (AT)n          Simple_repeat          1     89    (0) 1636  
   47    2.9  5.3  2.6  Sniffles2.INS.691S33      1    76     (1) + (AAGG)n        Simple_repeat          1     78    (0) 1637  
   55    0.0  0.0  0.0  Sniffles2.INS.692S17      1    50     (0) + (GGGAA)n       Simple_repeat          1     50    (0) 1638  
   21    5.1  4.3  6.5  Sniffles2.INS.692S22      1    47     (3) + G-rich         Low_complexity         1     46    (0) 1639  
   33   10.1  7.8  0.0  Sniffles2.INS.698S0       1    66     (2) + (AT)n          Simple_repeat          1     71    (0) 1640  
   58    0.0  0.0  0.0  Sniffles2.INS.69FS0       4    55     (3) + (CCT)n         Simple_repeat          1     52    (0) 1641  
  354    3.5  0.0  1.7  Sniffles2.INS.6A6S3A      1    59     (0) C SVA_F          Retroposon/SVA     (632)    743    686 1642  
 2626    1.1  0.0  0.4  Sniffles2.INS.6A7S39      8   333     (0) C AluYa5         SINE/Alu             (0)    311      1 1643  
  521   23.6 10.1  3.1  Sniffles2.INS.6ABS22      3   151     (2) + MLT1F          LTR/ERVL-MaLR        299    457   (91) 1644  
   30   11.3  3.5  0.0  Sniffles2.INS.6ACS39      1    57     (1) + (ATCTAT)n      Simple_repeat          1     59    (0) 1645  
  274    9.6 37.4  0.0  Sniffles2.INS.6AES0       9    91    (93) + AluSx          SINE/Alu              62    175  (127) 1646  
  492   10.8  0.0  0.0  Sniffles2.INS.6AES0     106   170    (14) + AluSq2         SINE/Alu             232    296   (17) 1647  
 2840    1.9  0.0  0.0  Sniffles2.INS.6AS25      17   324     (0) + AluYb8         SINE/Alu               1    308   (10) 1648  
  136   17.6  0.0  0.0  Sniffles2.INS.6AS2B      15   260     (9) + (ATTCC)n       Simple_repeat          1    246    (0) 1649  
   22   17.1  2.1  2.1  Sniffles2.INS.6B3S0       2    49     (1) + (TG)n          Simple_repeat          1     48    (0) 1650  
   18   27.5  0.0  0.0  Sniffles2.INS.6B4S22      2    52     (0) + (TTTT)n        Simple_repeat          1     51    (0) 1651  
   47    0.0  5.2  1.7  Sniffles2.INS.6B5S17      5    62     (0) + (TTTC)n        Simple_repeat          1     60    (0) 1652  
   29    0.0 10.4  0.0  Sniffles2.INS.6BDS39      3    50     (2) + (AAAGG)n       Simple_repeat          1     53    (0) 1653  
   30   17.6  7.4  0.0  Sniffles2.INS.6BES3A      8    88     (4) + GA-rich        Low_complexity         1     87    (0) 1654  
  511    3.3  1.1  1.1  Sniffles2.INS.6BS13       1    92     (1) + SVA_F          Retroposon/SVA       692    783  (592) 1655  
   46    0.0  7.5  0.0  Sniffles2.INS.6BS5        2    54     (3) + (TA)n          Simple_repeat          1     57    (0) 1656  
  391   10.7  0.0  0.0  Sniffles2.INS.6BS58       1    56     (0) + 5S             rRNA                  48    103   (18) 1657  
   99   16.4  3.0  3.0  Sniffles2.INS.6C1S39      6   238     (1) + (GTGATG)n      Simple_repeat          1    233    (0) 1658  
  175    0.0  0.0  0.0  Sniffles2.INS.6CFS17      1   151     (0) + (C)n           Simple_repeat          1    151    (0) 1659  
   12   24.0  4.5  0.0  Sniffles2.INS.6CS3A       4    47     (8) + (TAGA)n        Simple_repeat          1     46    (0) 1660  
  256   10.0  5.0  0.0  Sniffles2.INS.6D0S0       8    47    (20) C Alu            SINE/Alu            (91)     42      1 1661  
  601    4.0  0.0  0.0  Sniffles2.INS.6D1S0       3    78     (0) C L1P3           LINE/L1           (3072)   3074   2999 1662  
   54    6.7  2.5  1.2  Sniffles2.INS.6D2S0       3    82     (0) + (AT)n          Simple_repeat          1     81    (0) 1663  
   41    0.0  0.0  4.4  Sniffles2.INS.6D5S0       1    47     (4) + (TTTC)n        Simple_repeat          1     45    (0) 1664  
   78    6.5  7.0  3.7  Sniffles2.INS.6D6S0       1   156     (0) + (TA)n          Simple_repeat          1    161    (0) 1665  
   23    7.5  0.0  8.7  Sniffles2.INS.6D6S22      2    51     (0) + (TATACG)n      Simple_repeat          1     46    (0) 1666  
   40    8.8  0.0  1.6  Sniffles2.INS.6DDS17      1    63     (3) + (AAAG)n        Simple_repeat          1     62    (0) 1667  
 1192   12.1  0.0  0.0  Sniffles2.INS.6DS25       3   343     (0) + ALR/Alpha      Satellite/centr        1    341    (0) 1668  
 1629    3.8  0.0  0.0  Sniffles2.INS.6DS2B      11   194     (0) + AluYa5         SINE/Alu               1    184  (127) 1669  
   27   11.2  4.0  0.0  Sniffles2.INS.6DS33       1    50     (0) + (ATCC)n        Simple_repeat          1     52    (0) 1670  
   31    0.0  9.8  0.0  Sniffles2.INS.6E1S17      2    42     (5) + (TA)n          Simple_repeat          1     45    (0) 1671  
   11   14.4  7.5  2.4  Sniffles2.INS.6EAS33    155   194  (1262) + (CATGCGA)n     Simple_repeat          1     42    (0) 1672  
   48    2.1  0.0  0.0  Sniffles2.INS.6EFS0       1    49     (3) + (ATATATATAA)n  Simple_repeat          1     49    (0) 1673  
   34    0.0  0.0  0.0  Sniffles2.INS.6EFS22      1    32    (18) + (T)n           Simple_repeat          1     32    (0) 1674  
   62   10.0  5.7  2.4  Sniffles2.INS.6ES37       1   123     (1) + (AT)n          Simple_repeat          1    127    (0) 1675  
   48    0.0  0.0  0.0  Sniffles2.INS.6ES38       4    47     (9) + (GGAA)n        Simple_repeat          1     44    (0) 1676  
  292   19.1  0.0  0.0  Sniffles2.INS.6ES58       1    47    (28) + Tigger1        DNA/TcMar-Tigger    2372   2418    (0) 1677  
   51   23.7  2.9  3.5  Sniffles2.INS.6F0S3A      1   172     (1) + (GTG)n         Simple_repeat          1    171    (0) 1678  
   30    8.9  0.0  2.0  Sniffles2.INS.6F1S17      4    53     (0) + (TATAT)n       Simple_repeat          1     49    (0) 1679  
  283    5.1  0.0  0.0  Sniffles2.INS.6F2S17      1    39    (67) C L1PREC2        LINE/L1           (1446)   4700   4662 1680  
  324   12.7  0.0  4.8  Sniffles2.INS.6F2S17     40   105     (1) + L1PREC2        LINE/L1             3671   3733 (2413) 1681  
   73    9.0  0.9  0.0  Sniffles2.INS.6F2S33      1   108     (1) + (CCTCT)n       Simple_repeat          1    109    (0) 1682  
   41   37.5  0.6  0.6  Sniffles2.INS.6FAS0       3   159     (3) + (ATGTAT)n      Simple_repeat          1    157    (0) 1683  
   14   21.0  4.5  0.0  Sniffles2.INS.6FES17      1    44    (10) + (TTTATT)n      Simple_repeat          1     46    (0) 1684  
  104    2.1  1.2  6.9  Sniffles2.INS.6FES22      6   173     (2) + (GGGAGA)n      Simple_repeat          1    159    (0) 1685  
  126    5.2  4.9  5.7  Sniffles2.INS.6FFS22      1   247     (0) + G-rich         Low_complexity         1    245    (0) 1686  
  114   23.5  6.0  2.9  Sniffles2.INS.6FS58       1   437     (5) + (AC)n          Simple_repeat          1    450    (0) 1687  
  389   13.8  1.5  0.0  Sniffles2.INS.6FS8        2    66     (0) C BSR/Beta       Satellite            (4)    132     67 1688  
   21   17.1  2.6  8.2  Sniffles2.INS.6FSBF       1    77     (0) + (CCT)n         Simple_repeat          1     73    (0) 1689  
  218    0.0  0.0  0.0  Sniffles2.INS.6FSC0       1   187     (0) + (T)n           Simple_repeat          1    187    (0) 1690  
   44   14.7 11.7  0.7  Sniffles2.INS.6S29        1    14   (139) + (TA)n          Simple_repeat          1     71   (81) 1691  
   33   17.9  4.5  4.5  Sniffles2.INS.6S29       15   124    (29) + (ATATA)n       Simple_repeat          1    110    (0) 1692  
   44   14.7 11.7  0.7  Sniffles2.INS.6S29      125   137    (16) + (TA)n          Simple_repeat         72    152    (0) 1691  
 1211   13.0  1.0  0.0  Sniffles2.INS.6S2F        1   337     (1) + ALR/Alpha      Satellite/centr        1    340    (0) 1693  
 1155   13.7  1.1  0.0  Sniffles2.INS.6S30        1   337     (0) + ALR/Alpha      Satellite/centr        1    340    (0) 1694  
 1271   11.2  0.1  0.0  Sniffles2.INS.6S36        1   338     (0) C ALR/Alpha      Satellite/centr     (71)    338      1 1695  
  109   15.5  0.0  0.0  Sniffles2.INS.6S5D        6   192     (3) + (GAGTG)n       Simple_repeat          1    187    (0) 1696  
  666   14.8  0.0  0.5  Sniffles2.INS.6S8         1   136     (2) + BSR/Beta       Satellite              1    135    (0) 1697  
   85   20.0  5.9  2.9  Sniffles2.INS.6SA6       19   291   (164) + (AC)n          Simple_repeat          1    281    (0) 1698  
   38    3.2  9.3  5.4  Sniffles2.INS.6SA6      314   421    (34) + (CA)n          Simple_repeat          1    112    (0) 1699  
  814   13.2  0.0  0.7  Sniffles2.INS.6SAD        4   140     (4) C ACRO1          Satellite/acro       (0)    147     12 1700  
 2952    0.6  0.0  0.0  Sniffles2.INS.6SB7       12   324     (0) C AluYb8         SINE/Alu             (3)    315      3 1701  
   19   18.5  0.0  2.3  Sniffles2.INS.6SBD       15    59     (1) + (ATTCC)n       Simple_repeat          1     44    (0) 1702  
  221    1.9  1.9  7.7  Sniffles2.INS.700S22      1   370     (0) + (GGGAGA)n      Simple_repeat          1    350    (0) 1703  
  832    9.6  0.0  0.0  Sniffles2.INS.70BS0       5   108     (0) + AluSq          SINE/Alu               1    104  (209) 1704  
   26   13.4  2.0  0.0  Sniffles2.INS.70CS22      2    50     (0) + (TATA)n        Simple_repeat          1     50    (0) 1705  
   67    9.0  3.7  0.0  Sniffles2.INS.70S0        2   110     (1) + (CCTC)n        Simple_repeat          1    113    (0) 1706  
  785    5.8 30.7  0.0  Sniffles2.INS.70S2B       1   137     (0) + AluY           SINE/Alu             123    301    (0) 1707  
   39    1.3 15.0  0.0  Sniffles2.INS.715S33      1    80     (1) + (AT)n          Simple_repeat          1     92    (0) 1708  
   38    2.4  2.3  0.0  Sniffles2.INS.718S17      8    50     (0) + (AGAA)n        Simple_repeat          1     44    (0) 1709  
  482    6.3 14.4  4.1  Sniffles2.INS.718S22      8   139     (8) C SVA_D          Retroposon/SVA     (592)    794    650 1710  
   42    2.0  4.0  0.0  Sniffles2.INS.71CS22      1    50     (0) + (GATA)n        Simple_repeat          1     52    (0) 1711  
  255    6.3  3.9  0.8  Sniffles2.INS.71DS3A      1   388     (0) + (TCCA)n        Simple_repeat          1    400    (0) 1712  
 2268   11.6  0.3  0.0  Sniffles2.INS.71S6       16   325     (0) C AluSp          SINE/Alu             (2)    311      1 1713  
  607   17.7  4.8  0.0  Sniffles2.INS.71S8        1   256     (1) C BSR/Beta       Satellite           (54)    268      1 1714  
  271   24.5  0.0  0.0  Sniffles2.INS.72S2B       2    54     (0) + AluYh7         SINE/Alu             227    279   (32) 1715  
  659   15.0 13.5  0.3  Sniffles2.INS.72S8        2   277    (87) + LSAU           Satellite              1    312  (406) 1716  
  111   15.8  0.5  0.5  Sniffles2.INS.732S17      2   198     (0) + (TGG)n         Simple_repeat          1    197    (0) 1717  
  149   17.1  1.4  1.4  Sniffles2.INS.733S17      1   296     (1) + (GTG)n         Simple_repeat          1    296    (0) 1718  
   23    6.5  5.6  5.6  Sniffles2.INS.738S33      1    54     (0) + GA-rich        Low_complexity         1     54    (0) 1719  
   27   16.1  2.0  0.0  Sniffles2.INS.739S22      1    50     (2) + (TA)n          Simple_repeat          1     51    (0) 1720  
  111   28.1  2.0  0.0  Sniffles2.INS.73BS17      3   344     (0) + (CCACCA)n      Simple_repeat          1    349    (0) 1721  
  146   23.9  1.2  2.5  Sniffles2.INS.73DS17      4   402     (7) + (TGG)n         Simple_repeat          1    394    (0) 1722  
  270   21.3  0.0  0.0  Sniffles2.INS.73S2B       3    49     (8) + AluYi6         SINE/Alu             233    279   (32) 1723  
   29    0.0  0.0  5.7  Sniffles2.INS.73S3A       1    37    (15) + (ATACATAT)n    Simple_repeat          1     35    (0) 1724  
  658   11.0  1.3 10.1  Sniffles2.INS.73S8       97   247   (672) + LSAU           Satellite              1    139  (359) 1725  
   17   22.7  2.2  0.0  Sniffles2.INS.73S8      367   412   (507) + (GGT)n         Simple_repeat          1     47    (0) 1726  
  469    7.1  0.0  0.0  Sniffles2.INS.741S0       1    56     (3) + AluSp          SINE/Alu              53    108  (205) 1727  
   22   22.1  5.1  0.0  Sniffles2.INS.746S0      16    74    (13) + (TG)n          Simple_repeat          1     62    (0) 1728  
   83    4.4  8.2  1.3  Sniffles2.INS.747S3A      4   149     (1) + (GAGG)n        Simple_repeat          1    156    (0) 1729  
   59   18.9  0.8  3.1  Sniffles2.INS.74AS17     17   147     (1) + (TA)n          Simple_repeat          1    128    (0) 1730  
   66    3.0  0.0  0.0  Sniffles2.INS.74ES22      1    68     (0) + (ATGG)n        Simple_repeat          1     68    (0) 1731  
  187    2.7  0.5  0.5  Sniffles2.INS.74FS22      1   192     (0) + (GGAT)n        Simple_repeat          1    192    (0) 1732  
 2332    7.1  0.7  0.0  Sniffles2.INS.753S33     13   294     (4) C AluSx1         SINE/Alu            (24)    288      5 1733  
   59    0.0  6.0  0.0  Sniffles2.INS.75BS22      1    67     (0) + (TTCT)n        Simple_repeat          1     71    (0) 1734  
  451   11.7  0.0  0.0  Sniffles2.INS.75S13       1    60     (6) C AluJo          SINE/Alu           (240)     72     13 1735  
   56    1.5  4.3  1.4  Sniffles2.INS.75S6        1    70     (3) + (CTTT)n        Simple_repeat          1     72    (0) 1736  
   62    0.0  4.5  0.0  Sniffles2.INS.761S22      2    67     (0) + (AAAG)n        Simple_repeat          1     69    (0) 1737  
   21   11.2  0.0  0.0  Sniffles2.INS.76AS0       1    30    (64) + (T)n           Simple_repeat          1     30    (0) 1738  
   17   18.8  0.0  0.0  Sniffles2.INS.76AS0      64    94     (0) + (T)n           Simple_repeat          1     31    (0) 1738  
   58   24.2  0.0  0.0  Sniffles2.INS.76BS17      1   123     (0) + G-rich         Low_complexity         1    123    (0) 1739  
   34    6.5  2.0  0.0  Sniffles2.INS.76S1        8    56     (0) + (TCCC)n        Simple_repeat          1     50    (0) 1740  
  295   23.4  3.1  0.0  Sniffles2.INS.76S2B       1    64     (0) + AluYa5         SINE/Alu             224    289   (22) 1741  
  610    5.0 12.4  7.1  Sniffles2.INS.76S4        1   196     (1) + SVA_E          Retroposon/SVA       627    862  (520) 1742  
  642   22.7 10.7  3.2  Sniffles2.INS.775S22    259   576    (35) C L1ME4a         LINE/L1             (22)   6102   5762 1743  
   41    0.0  4.4  0.0  Sniffles2.INS.776S0       1    45     (0) + (AAAG)n        Simple_repeat          1     47    (0) 1744  
   12   28.9  0.0  0.0  Sniffles2.INS.77S2B       6    47    (94) + (GAATG)n       Simple_repeat          1     42    (0) 1745  
  298   22.4  1.5  0.0  Sniffles2.INS.77S2B      55   121    (20) + Alu            SINE/Alu              89    156   (10) 1746  
 1250   10.8  0.4  0.4  Sniffles2.INS.77SC0       2   341     (0) + ALR/Alpha      Satellite/centr        1    340    (0) 1747  
  322   22.4  3.0  0.0  Sniffles2.INS.783S33     16    82    (11) + MLT2B5         LTR/ERVL               3     71  (646) 1748  
   43    0.0  9.3  0.0  Sniffles2.INS.784S22      1    54     (0) + (TC)n          Simple_repeat          1     59    (0) 1749  
  288   20.7  4.5  2.2  Sniffles2.INS.784S33      1    88   (466) + MLT2B5         LTR/ERVL               8     97  (620) 1750  
  349   18.7  5.4  1.0  Sniffles2.INS.784S33     89   180   (374) + MLT2B5         LTR/ERVL               3     98  (619) 1750  
  363   17.6  5.4  1.0  Sniffles2.INS.784S33    223   313   (241) + MLT2B5         LTR/ERVL               3     97  (620) 1751  
  318   21.3  4.5  3.5  Sniffles2.INS.784S33    314   406   (148) + MLT2B5         LTR/ERVL               3     96  (621) 1752  
  338   19.6  4.3  2.1  Sniffles2.INS.784S33    407   499    (55) + MLT2B5         LTR/ERVL               3     97  (620) 1752  
  236   24.1  3.7  0.0  Sniffles2.INS.784S33    500   553     (1) + MLT2B5         LTR/ERVL               3     58  (659) 1753  
  119   20.7  2.4  6.9  Sniffles2.INS.784S3A      3   425     (9) + (CACT)n        Simple_repeat          1    405    (0) 1754  
   66   20.5  5.1  0.5  Sniffles2.INS.78BS22     10   185    (10) + (TA)n          Simple_repeat          1    184    (0) 1755  
 1163   13.6  0.1  0.1  Sniffles2.INS.78S17       1   683     (1) + ALR/Alpha      Satellite/centr        1    682    (0) 1756  
 1099   15.3  0.9  0.1  Sniffles2.INS.78S25       1  1448     (1) + ALR/Alpha      Satellite/centr        1   1459    (0) 1757  
  193    4.0  5.0  3.8  Sniffles2.INS.797S0       2   339    (10) + (GATG)n        Simple_repeat          1    342    (0) 1758  
  194    0.0  1.1  0.0  Sniffles2.INS.79BS22      1   174     (0) + (CCCGG)n       Simple_repeat          1    176    (0) 1759  
 1232   13.5  0.3  0.0  Sniffles2.INS.79S25       1  1355     (0) + ALR/Alpha      Satellite/centr        1   1358    (0) 1760  
   27   16.9  0.0  0.0  Sniffles2.INS.79S2B       6    58     (9) + (TGGAG)n       Simple_repeat          1     53    (0) 1761  
 1222   14.1  0.5  1.1  Sniffles2.INS.79S38       1   185    (72) C AluJb          SINE/Alu           (127)    185      2 1762  
  244   20.8  2.8  0.0  Sniffles2.INS.79S38     186   257     (0) C L1MEd          LINE/L1           (4958)   2128   2055 1763  
   30    2.7  0.0  5.0  Sniffles2.INS.7A3S0       3    44     (9) + (GGAGGGAT)n    Simple_repeat          1     40    (0) 1764  
  453   20.2  0.0  0.0  Sniffles2.INS.7AS25       1    94     (0) + ALR/Alpha      Satellite/centr       49    142   (30) 1765  
  361   16.1  0.0  0.0  Sniffles2.INS.7AS2B      12    67    (10) + Alu            SINE/Alu             225    280   (22) 1766  
   51    3.7  0.0  0.0  Sniffles2.INS.7AS8        3    57    (17) + (GGAAT)n       Simple_repeat          1     55    (0) 1767  
 1004   11.9  0.6  0.6  Sniffles2.INS.7ASC0       1   161    (10) + ALR/Alpha      Satellite/centr       11    171    (0) 1768  
  244   21.7  1.7  0.0  Sniffles2.INS.7B3S22      6    65  (3113) + MER20          DNA/hAT-Charlie      159    219    (0) 1769  
  304   25.3  3.3  0.0  Sniffles2.INS.7B3S22     66   154  (3024) + MER20          DNA/hAT-Charlie      128    219    (0) 1770  
  357   22.8  2.2  0.0  Sniffles2.INS.7B3S22    155   244  (2934) + MER20          DNA/hAT-Charlie      128    219    (0) 1770  
  293   23.1  3.3  0.0  Sniffles2.INS.7B3S22    245   333  (2845) + MER20          DNA/hAT-Charlie      128    219    (0) 1770  
  306   22.5  4.5  0.0  Sniffles2.INS.7B3S22    334   420  (2758) + MER20          DNA/hAT-Charlie      128    218    (1) 1770  
  308   24.1  2.3  0.0  Sniffles2.INS.7B3S22    424   510  (2668) + MER20          DNA/hAT-Charlie      131    219    (0) 1770  
  351   22.0  3.3  0.0  Sniffles2.INS.7B3S22    511   599  (2579) + MER20          DNA/hAT-Charlie      128    219    (0) 1770  
  329   21.6  3.4  0.0  Sniffles2.INS.7B3S22    600   685  (2493) + MER20          DNA/hAT-Charlie      128    216    (3) 1770  
  351   21.8  2.3  0.0  Sniffles2.INS.7B3S22    691   777  (2401) + MER20          DNA/hAT-Charlie      131    219    (0) 1770  
  335   23.1  3.3  0.0  Sniffles2.INS.7B3S22    778   866  (2312) + MER20          DNA/hAT-Charlie      128    219    (0) 1770  
  339   23.9  2.2  0.0  Sniffles2.INS.7B3S22    867   956  (2222) + MER20          DNA/hAT-Charlie      128    219    (0) 1770  
  357   20.9  3.3  0.0  Sniffles2.INS.7B3S22    957  1045  (2133) + MER20          DNA/hAT-Charlie      128    219    (0) 1770  
  259   26.4  3.3  0.0  Sniffles2.INS.7B3S22   1046  1134  (2044) + MER20          DNA/hAT-Charlie      128    219    (0) 1770  
  357   22.8  2.2  0.0  Sniffles2.INS.7B3S22   1135  1224  (1954) + MER20          DNA/hAT-Charlie      128    219    (0) 1770  
  368   22.0  2.2  0.0  Sniffles2.INS.7B3S22   1225  1313  (1865) + MER20          DNA/hAT-Charlie      128    218    (1) 1770  
  340   22.9  1.8  3.7  Sniffles2.INS.7B3S22   1333  1441  (1737) + MER20          DNA/hAT-Charlie      112    218    (1) 1771  
  317   24.2  3.3  0.0  Sniffles2.INS.7B3S22   1476  1566  (1612) + MER20          DNA/hAT-Charlie      126    219    (0) 1772  
  309   23.5  3.0  2.0  Sniffles2.INS.7B3S22   1594  1693  (1485) + MER20          DNA/hAT-Charlie      119    219    (0) 1772  
  324   25.0  2.2  0.0  Sniffles2.INS.7B3S22   1694  1783  (1395) + MER20          DNA/hAT-Charlie      128    219    (0) 1772  
  357   22.7  1.1  0.0  Sniffles2.INS.7B3S22   1825  1912  (1266) + MER20          DNA/hAT-Charlie      131    219    (0) 1773  
  304   24.2  3.3  0.0  Sniffles2.INS.7B3S22   1913  2001  (1177) + MER20          DNA/hAT-Charlie      128    219    (0) 1773  
  264   25.3  2.3  0.0  Sniffles2.INS.7B3S22   2004  2090  (1088) + MER20          DNA/hAT-Charlie      131    219    (0) 1773  
  332   22.0  3.3  0.0  Sniffles2.INS.7B3S22   2091  2179   (999) + MER20          DNA/hAT-Charlie      128    219    (0) 1773  
  320   23.1  3.3  0.0  Sniffles2.INS.7B3S22   2180  2268   (910) + MER20          DNA/hAT-Charlie      128    219    (0) 1773  
  357   20.9  3.3  0.0  Sniffles2.INS.7B3S22   2269  2357   (821) + MER20          DNA/hAT-Charlie      128    219    (0) 1773  
  327   23.9  2.2  0.0  Sniffles2.INS.7B3S22   2358  2447   (731) + MER20          DNA/hAT-Charlie      128    219    (0) 1773  
  353   23.2  2.0  2.0  Sniffles2.INS.7B3S22   2475  2575   (603) + MER20          DNA/hAT-Charlie      119    219    (0) 1773  
  332   21.6  3.4  0.0  Sniffles2.INS.7B3S22   2576  2661   (517) + MER20          DNA/hAT-Charlie      128    216    (3) 1773  
  335   23.1  3.3  0.0  Sniffles2.INS.7B3S22   2662  2752   (426) + MER20          DNA/hAT-Charlie      126    219    (0) 1773  
  340   22.6  2.1  0.0  Sniffles2.INS.7B3S22   2809  2901   (277) + MER20          DNA/hAT-Charlie      125    219    (0) 1774  
  292   24.2  3.3  0.0  Sniffles2.INS.7B3S22   2902  2990   (188) + MER20          DNA/hAT-Charlie      128    219    (0) 1774  
  271   26.4  2.3  0.0  Sniffles2.INS.7B3S22   3050  3136    (42) + MER20          DNA/hAT-Charlie      131    219    (0) 1775  
 1042   16.4  0.0  0.0  Sniffles2.INS.7BS25       4   265     (1) + ALR/Alpha      Satellite/centr        1    262    (1) 1776  
  297   23.2  0.0  0.0  Sniffles2.INS.7BS2B       1    56     (8) + FRAM           SINE/Alu              89    144   (32) 1777  
   67    1.2  5.8  1.1  Sniffles2.INS.7BS31       4    89     (2) + (TTTC)n        Simple_repeat          1     90    (0) 1778  
  610   12.8  0.0  0.0  Sniffles2.INS.7CES0       1    86    (13) + AluSp          SINE/Alu              47    132  (181) 1779  
 1041   15.4  0.5  0.1  Sniffles2.INS.7CS25       1   682     (0) + ALR/Alpha      Satellite/centr        1    684    (0) 1780  
   65    0.0  5.0  6.1  Sniffles2.INS.7CS33       2   101     (0) + (AT)n          Simple_repeat          1     99    (0) 1781  
  583    1.1  1.3  0.4  Sniffles2.INS.7D7S22      1   554     (0) + (AT)n          Simple_repeat          1    559    (0) 1782  
   23   10.1  3.3  6.8  Sniffles2.INS.7DS1        6    66     (0) + (CCCCTG)n      Simple_repeat          1     59    (0) 1783  
  868   16.4  0.6  0.0  Sniffles2.INS.7DS25       2   166     (0) + ALR/Alpha      Satellite/centr        1    166    (5) 1784  
  300   19.2  0.0  0.0  Sniffles2.INS.7DS2B      12    63     (0) + Alu            SINE/Alu              89    140   (26) 1785  
  107    1.6  8.5  4.5  Sniffles2.INS.7DS33       4   215     (4) + (TA)n          Simple_repeat          1    220    (0) 1786  
  990   16.1  0.8  1.2  Sniffles2.INS.7DSC0       1   172     (1) + ALR/Alpha      Satellite/centr        1    171    (0) 1787  
  471   18.9  1.1  0.0  Sniffles2.INS.7ES25       1    95     (0) + ALR/Alpha      Satellite/centr       41    136   (36) 1788  
  172    1.0  8.7  4.6  Sniffles2.INS.7ES33       3   335     (3) + (TA)n          Simple_repeat          1    346    (0) 1789  
   34   11.0  0.0  0.0  Sniffles2.INS.7ES8        3    61    (94) + (GAATG)n       Simple_repeat          1     59    (0) 1790  
   31   27.2  0.0  0.0  Sniffles2.INS.7ES8       67   154     (1) + (GGAAT)n       Simple_repeat          1     88    (0) 1791  
  603   16.3  0.8  0.0  Sniffles2.INS.7FS25       4   157     (2) + ALR/Alpha      Satellite/centr        1    155    (0) 1792  
 2409    3.0  0.0  0.0  Sniffles2.INS.7FS2B       9   273     (0) + AluYa5         SINE/Alu               1    265   (46) 1793  
   61    2.9  2.8  0.0  Sniffles2.INS.7FS8        1    71     (0) + (GGAAT)n       Simple_repeat          1     73    (0) 1794  
   34    0.0  0.0  2.9  Sniffles2.INS.7S17        1    36    (21) + (CTTC)n        Simple_repeat          1     35    (0) 1795  
   16    0.0  0.0  0.0  Sniffles2.INS.7S17       37    57     (0) + (TCTT)n        Simple_repeat          1     21    (0) 1796  
   36    4.5  2.1  2.1  Sniffles2.INS.7S25       15    62     (0) + (AT)n          Simple_repeat          1     48    (0) 1797  
   33   19.5  6.8  1.9  Sniffles2.INS.7S29        4   106     (7) + (TA)n          Simple_repeat          1    108    (0) 1798  
 1137   12.5  1.1  0.0  Sniffles2.INS.7S30        1   335     (2) + ALR/Alpha      Satellite/centr        1    338    (0) 1799  
   12   19.9  0.0  0.0  Sniffles2.INS.7S34        6    34   (896) + (TTTAT)n       Simple_repeat          1     29    (0) 1800  
 6387    1.3  0.1  0.4  Sniffles2.INS.7S34       35   756   (174) C L1HS           LINE/L1              (0)   6155   5436 1801  
   17   20.2  0.0  0.0  Sniffles2.INS.7S34      757   790   (140) + A-rich         Low_complexity         1     34    (0) 1802  
 1265   10.8  0.5  0.3  Sniffles2.INS.7S36        3  1361     (1) C ALR/Alpha      Satellite/centr      (0)   1361      1 1803  
  493    9.2  0.0  0.0  Sniffles2.INS.7S8         1    65     (4) + BSR/Beta       Satellite             28     92   (44) 1804  
   38    7.1  5.1  2.5  Sniffles2.INS.7SA7        1    78     (0) + (CT)n          Simple_repeat          1     80    (0) 1805  
   71    5.6  0.0  0.0  Sniffles2.INS.7SA8        3    95     (1) + (GAAG)n        Simple_repeat          1     93    (0) 1806  
  907    9.6  1.7  0.0  Sniffles2.INS.7SAD        7   287     (1) C ACRO1          Satellite/acro       (0)    285      1 1807  
 2905    0.6  0.3  0.0  Sniffles2.INS.7SB7        1   311    (10) C AluYb8         SINE/Alu             (6)    312      1 1808  
   27    0.0  0.0  0.0  Sniffles2.INS.7SBD        9    34    (20) + (CATTC)n       Simple_repeat          1     26    (0) 1809  
 1276   15.8  0.3  0.3  Sniffles2.INS.7SF         3  3705     (0) + ALR/Alpha      Satellite/centr        1   3704    (0) 1810  
 1149   13.8  1.2  0.7  Sniffles2.INS.80S25       1  1868     (1) + ALR/Alpha      Satellite/centr        1   1876    (0) 1811  
   23   10.0  0.0  0.0  Sniffles2.INS.80S6       11    43     (7) + (TA)n          Simple_repeat          1     33    (0) 1812  
 1171   13.2  1.1  0.1  Sniffles2.INS.80SC0       3   843     (2) + ALR/Alpha      Satellite/centr        1    849    (2) 1813  
  301   15.1 11.4  7.2  Sniffles2.INS.81S8       11   289     (5) C HSATII         Satellite            (4)    290      1 1814  
 1212   10.8  0.7  0.2  Sniffles2.INS.81SC0       2   339     (0) + ALR/Alpha      Satellite/centr        1    339    (0) 1815  
  811   25.0  7.4  5.3  Sniffles2.INS.828S22      2   352   (198) + L1MC5          LINE/L1             7460   7817  (130) 1816  
 1313   14.7  0.0  0.0  Sniffles2.INS.828S22    360   550     (0) C AluSg4         SINE/Alu            (12)    298    108 1817  
  300   23.2  0.0  0.0  Sniffles2.INS.82S2B       1    56     (8) + AluYi6         SINE/Alu             224    279   (32) 1818  
   66    0.0  2.9  1.4  Sniffles2.INS.82S37       1    70     (0) + (AAAG)n        Simple_repeat          1     71    (0) 1819  
  455   20.0  1.1  0.0  Sniffles2.INS.83S25       6   100     (0) + ALR/Alpha      Satellite/centr       32    127   (44) 1820  
   33   17.5  7.1  1.0  Sniffles2.INS.83S31       1    98     (0) + (ATTAT)n       Simple_repeat          1    104    (0) 1821  
   34    4.4  2.0  4.0  Sniffles2.INS.842S22      1    51     (4) + (CA)n          Simple_repeat          1     50    (0) 1822  
  328    7.8  2.0  0.0  Sniffles2.INS.849S22      3    53     (1) C LTR10F         LTR/ERV1           (334)    177    126 1823  
  374   20.0  1.2  0.0  Sniffles2.INS.84S25       1    80    (19) + ALR/Alpha      Satellite/centr       51    131   (40) 1824  
  323   20.0  0.0  0.0  Sniffles2.INS.84S2B      10    64     (3) + Alu            SINE/Alu             225    279   (23) 1825  
 1171   15.2  0.8  1.0  Sniffles2.INS.84SC0       1  2376     (0) + ALR/Alpha      Satellite/centr        1   2369    (0) 1826  
   25   20.5  2.9  1.4  Sniffles2.INS.858S22      1    69     (2) + (CACA)n        Simple_repeat          1     70    (0) 1827  
   24   10.3  9.6  0.0  Sniffles2.INS.85DS22      2    53     (0) + (AT)n          Simple_repeat          1     57    (0) 1828  
   85    0.0 10.5  0.0  Sniffles2.INS.85ES22      1   114     (0) + (AT)n          Simple_repeat          1    126    (0) 1829  
  338   21.9  0.0  0.0  Sniffles2.INS.85S2B       6    69     (0) + Alu            SINE/Alu              89    152   (14) 1830  
 1088   10.7  0.6  0.0  Sniffles2.INS.86SC0       1   168     (3) C ALR/Alpha      Satellite/centr      (1)    170      2 1831  
 1814    5.0  0.5  0.0  Sniffles2.INS.87S25       1   221     (0) C L1PA3          LINE/L1             (72)   6083   5862 1832  
   24   19.7  0.0  0.0  Sniffles2.INS.87S2B       3    54     (0) + (GGAAT)n       Simple_repeat          1     52    (0) 1833  
 1246   12.0  0.3  0.0  Sniffles2.INS.87SC0       1  1018     (0) C ALR/Alpha      Satellite/centr     (23)   1021      1 1834  
 3122    3.8  0.0  0.0  Sniffles2.INS.88S25       3   368    (34) C L1PA3          LINE/L1              (5)   6150   5785 1835  
  479    7.5 40.4  0.0  Sniffles2.INS.88S2B      14   107     (7) + FLAM_C         SINE/Alu               2    133    (0) 1836  
   44    1.5  8.6  1.3  Sniffles2.INS.88S4        1    70     (0) + (TTCT)n        Simple_repeat          1     75    (0) 1837  
 2857    1.9  0.0  0.0  Sniffles2.INS.89S25       3   312     (7) + AluYe5         SINE/Alu               1    310    (0) 1838  
   19    6.9  0.0  3.1  Sniffles2.INS.89S31      20    52    (12) + (TTTTCT)n      Simple_repeat          1     32    (0) 1839  
  262   25.5  0.0  0.0  Sniffles2.INS.8AS2B       1    47     (3) + AluYh9         SINE/Alu             229    275   (36) 1840  
 1081   12.9  2.5  0.0  Sniffles2.INS.8CS24       1   332     (1) C ALR/Alpha      Satellite/centr     (44)    340      1 1841  
 1081   12.9  2.4  0.0  Sniffles2.INS.8DS24       1   664     (1) C ALR/Alpha      Satellite/centr     (44)    680      1 1842  
   13   11.1  3.2  3.2  Sniffles2.INS.8DS2B      22    52     (0) + (GAGTG)n       Simple_repeat          1     31    (0) 1843  
   75    0.0  1.5  0.0  Sniffles2.INS.8DSBF       1    67     (0) + (TA)n          Simple_repeat          1     68    (0) 1844  
  175    5.5  2.8  3.2  Sniffles2.INS.8ES33      13   294     (1) + (CAC)n         Simple_repeat          1    281    (0) 1845  
   23   19.5  3.5  2.6  Sniffles2.INS.8ES6        1    66     (0) + GA-rich        Low_complexity         1     66    (0) 1846  
 1071   17.2  0.0  2.1  Sniffles2.INS.8FS18      43   238   (364) C AluJb          SINE/Alu             (1)    301    110 1847  
 1080   12.8  0.0  3.5  Sniffles2.INS.8FS18     246   423   (179) C AluJb          SINE/Alu           (130)    172      1 1848  
  890   12.8  0.0  0.0  Sniffles2.INS.8FS18     486   602     (0) C AluSp          SINE/Alu            (32)    281    165 1849  
 1927   14.1  3.3  0.6  Sniffles2.INS.8FS31       3   337   (260) C THE1B          LTR/ERVL-MaLR       (20)    344      1 1850  
  430    9.2 13.8  1.2  Sniffles2.INS.8S12        1  1186     (1) + (TCATT)n       Simple_repeat          1   1334    (0) 1851  
   66   20.8  6.7  2.8  Sniffles2.INS.8S29        1   239     (7) + (TA)n          Simple_repeat          1    248    (0) 1852  
  282   18.4  0.0  0.0  Sniffles2.INS.8S2B       10    58    (17) + AluYj4         SINE/Alu             224    272   (39) 1853  
 1009   18.6  0.2  0.3  Sniffles2.INS.8S2F        1   331     (5) + ALR/Alpha      Satellite/centr        1    330    (0) 1854  
 1181   13.8  1.6  0.9  Sniffles2.INS.8S30        1  1016     (2) + ALR/Alpha      Satellite/centr        1   1023    (0) 1855  
 2717    0.3  0.0  0.3  Sniffles2.INS.8S32        4   329     (0) C AluYb9         SINE/Alu             (0)    318      2 1856  
 2549    3.9  0.0  7.1  Sniffles2.INS.8S34       10   340     (0) + AluY           SINE/Alu               1    309    (2) 1857  
 1239   11.4  0.3  0.2  Sniffles2.INS.8S36        1  1363     (1) C ALR/Alpha      Satellite/centr     (74)   1364      1 1858  
  774   10.9  0.0  1.0  Sniffles2.INS.8S8         1   137     (0) + BSR/Beta       Satellite              1    135    (3) 1859  
 1008    7.8  2.1  0.0  Sniffles2.INS.8SA8        2   143     (1) C ACRO1          Satellite/acro       (0)    147      3 1860  
  309   16.9  8.4  0.0  Sniffles2.INS.8SB1        5    75     (2) C L1PA8          LINE/L1            (139)   6033   5957 1861  
   53    1.9  1.9  0.0  Sniffles2.INS.8SB4        1    53     (0) + (AT)n          Simple_repeat          1     54    (0) 1862  
 2953    0.6  0.0  0.0  Sniffles2.INS.8SB7       12   324     (0) C AluYb8         SINE/Alu             (4)    314      2 1863  
   29    3.2  0.0  0.0  Sniffles2.INS.8SBD       34    65    (15) + (CATTC)n       Simple_repeat          1     32    (0) 1864  
   36    0.0  7.7  1.8  Sniffles2.INS.90S1        1    52     (0) + (TTCT)n        Simple_repeat          1     55    (0) 1865  
   18    4.7  0.0  0.0  Sniffles2.INS.90S33       1    22    (39) + (T)n           Simple_repeat          1     22    (0) 1866  
 1037   13.1  3.8  0.0  Sniffles2.INS.91S24       1   329     (1) C ALR/Alpha      Satellite/centr     (42)    341      1 1867  
  142    5.1  2.3  2.8  Sniffles2.INS.92S11       7   222     (2) + (GGAGAG)n      Simple_repeat          1    215    (0) 1868  
  226   21.4  0.0  0.0  Sniffles2.INS.92S2B       1    42     (9) + AluJr4         SINE/Alu             238    279   (33) 1869  
  980   12.8  2.7  0.8  Sniffles2.INS.95S24       1   332     (0) C ALR/Alpha      Satellite/centr     (40)    338      1 1870  
   38    7.1  1.6  1.6  Sniffles2.INS.96S18       1    61    (29) + (AAAG)n        Simple_repeat          1     61    (0) 1871  
  356   21.5  3.1  0.0  Sniffles2.INS.96S2B       1    65     (0) + Alu            SINE/Alu             226    292   (10) 1872  
  978    8.5  0.0  0.0  Sniffles2.INS.96SBF      13   130     (2) + AluSp          SINE/Alu               1    118  (195) 1873  
 1080   13.1  2.6  0.0  Sniffles2.INS.97S24       1   328     (6) C ALR/Alpha      Satellite/centr      (4)    336      1 1874  
  354   19.6  0.0  0.0  Sniffles2.INS.97S2B      12    67     (5) + AluYh7         SINE/Alu             224    279   (32) 1875  
   78   20.8  5.9  1.6  Sniffles2.INS.97S33      18   256     (5) + (GT)n          Simple_repeat          1    249    (0) 1876  
   47    1.8  3.4  1.7  Sniffles2.INS.98S31       1    59     (0) + (TTTC)n        Simple_repeat          1     60    (0) 1877  
   20    4.3  0.0  0.0  Sniffles2.INS.98S38      30    53     (0) + (A)n           Simple_repeat          1     24    (0) 1878  
   24   13.8  0.0  4.0  Sniffles2.INS.98S3A     194   245    (17) + (TATGCA)n      Simple_repeat          1     50    (0) 1879  
  399   16.9  3.1  0.0  Sniffles2.INS.99S2B       5    69     (0) + AluYh7         SINE/Alu             224    290   (21) 1880  
   84    3.7  3.4  2.5  Sniffles2.INS.9AS5        1   117     (1) + (CA)n          Simple_repeat          1    118    (0) 1881  
  211   26.3  7.0  0.0  Sniffles2.INS.9CS11      24    80    (34) + MIRb           SINE/MIR              26     86  (182) 1882  
  323   23.2  0.0  0.0  Sniffles2.INS.9DS2B       1    56     (8) + AluYa5         SINE/Alu             224    279   (32) 1883  
   32    0.0  2.9  0.0  Sniffles2.INS.9DS5       35    68     (1) + (AGGGA)n       Simple_repeat          1     35    (0) 1884  
  252   23.5  0.0  0.0  Sniffles2.INS.9ES2B     105   155     (3) + Alu            SINE/Alu             229    279   (23) 1885  
   28   11.8  2.2  0.0  Sniffles2.INS.9ES31       5    50     (0) + (AT)n          Simple_repeat          1     47    (0) 1886  
   18   12.0  2.5  5.1  Sniffles2.INS.9FS33      47    86    (15) + (GT)n          Simple_repeat          1     39    (0) 1887  
   22   16.2  2.1  0.0  Sniffles2.INS.9S15        7    54     (1) + (GAATG)n       Simple_repeat          1     49    (0) 1888  
   13    0.0  9.4  6.1  Sniffles2.INS.9S2B       12    43    (11) + (GAACAA)n      Simple_repeat          1     33    (0) 1889  
 1038   16.1  0.0  0.0  Sniffles2.INS.9S2F        9   341     (1) + ALR/Alpha      Satellite/centr        1    333    (0) 1890  
  831   17.3  1.7  0.0  Sniffles2.INS.9S30        1   338     (0) + ALR/Alpha      Satellite/centr        1    343    (0) 1891  
   26   14.0  0.0  0.0  Sniffles2.INS.9S5D        1    47     (3) + (GGAAT)n       Simple_repeat          1     47    (0) 1892  
 1053    9.1  0.0  0.4  Sniffles2.INS.9S8         1   204     (1) + BSR/Beta       Satellite              1    203    (0) 1893  
   52   15.3  0.0  1.1  Sniffles2.INS.9SA7        1    96     (2) + (TTTC)n        Simple_repeat          1     95    (0) 1894  
   41    0.0  0.0  0.0  Sniffles2.INS.9SBD        1    38    (36) + (TTCCA)n       Simple_repeat          1     38    (0) 1895  
   23    7.2  6.8  0.0  Sniffles2.INS.A0S23       1    44     (6) + (TATAG)n       Simple_repeat          1     47    (0) 1896  
  269   17.1  0.0  0.0  Sniffles2.INS.A0S2B       4    44    (60) + FRAM           SINE/Alu             104    144   (32) 1897 *
  382   17.6  0.0  5.1  Sniffles2.INS.A0S2B      19   102     (2) + AluJb          SINE/Alu             204    280   (22) 1898  
   47    4.1  9.2  0.0  Sniffles2.INS.A0S37       3    78     (0) + (TA)n          Simple_repeat          1     83    (0) 1899  
   49    9.6  5.0  0.0  Sniffles2.INS.A0S5       10   109     (1) + (TA)n          Simple_repeat          1    105    (0) 1900  
  225   16.7  0.0  0.0  Sniffles2.INS.A3S2B       1    36    (15) C SVA_A          Retroposon/SVA    (1012)    375    340 1901 *
  303   17.0  0.0  0.0  Sniffles2.INS.A3S2B       5    51     (0) + FRAM           SINE/Alu              98    144   (32) 1902  
  306   18.8  0.0  0.0  Sniffles2.INS.A4S2B      17    64     (0) + AluJo          SINE/Alu             229    276   (36) 1903  
   39   24.4  0.0  0.0  Sniffles2.INS.A4S37       8    90     (0) + (TA)n          Simple_repeat          1     83    (0) 1904  
  273    3.0  0.0  0.0  Sniffles2.INS.A6S23      11    43   (548) C L1P1           LINE/L1           (4516)   1639   1607 1905 *
 4559    4.1  0.2  0.0  Sniffles2.INS.A6S23      36   591     (0) + L1P1           LINE/L1             2532   3088 (3058) 1906  
  345   22.7  0.0  0.0  Sniffles2.INS.A6S2B      22    87     (1) + FRAM           SINE/Alu              90    155   (11) 1907  
   15   24.3  5.8  0.0  Sniffles2.INS.A7S38       1    52     (0) + GA-rich        Low_complexity         1     55    (0) 1908  
  308   19.6  0.0  0.0  Sniffles2.INS.A8S2B      17    67   (101) + Alu            SINE/Alu              89    139   (27) 1909  
   23   15.6  0.0  3.9  Sniffles2.INS.A8S37       3    56     (0) + (ATAATAT)n     Simple_repeat          1     52    (0) 1910  
   20   16.6  0.0  4.1  Sniffles2.INS.A9S37       1    51     (1) + (ATAATAT)n     Simple_repeat          1     49    (0) 1911  
  250   20.9  0.0  0.0  Sniffles2.INS.AAS2B       1    43     (3) + FRAM           SINE/Alu             102    144   (32) 1912  
   25   10.6  5.9  0.0  Sniffles2.INS.AAS37       5    55     (2) + (TATATTA)n     Simple_repeat          1     54    (0) 1913  
   17    0.0  4.0  0.0  Sniffles2.INS.AAS6        1    25    (27) + (GAAA)n        Simple_repeat          1     26    (0) 1914  
   28    0.0  0.0  0.0  Sniffles2.INS.AAS6       26    52     (0) + (AAGG)n        Simple_repeat          1     27    (0) 1915  
  357   15.4  0.0  0.0  Sniffles2.INS.ABS2B       4    55     (4) + Alu            SINE/Alu             228    279   (23) 1916  
  329   17.3  0.0  0.0  Sniffles2.INS.ACS2B      10    61     (8) + Alu            SINE/Alu              89    140   (26) 1917  
   39   17.0  2.5  1.2  Sniffles2.INS.ADS1       13    93     (2) + (TG)n          Simple_repeat          1     82    (0) 1918  
  930   14.6  0.0  1.9  Sniffles2.INS.ADS24      76   236     (0) + AluSx          SINE/Alu              64    221   (81) 1919  
   48   10.0  6.0  4.2  Sniffles2.INS.ADSBF       1   116     (0) + (TAATATA)n     Simple_repeat          1    118    (0) 1920  
 1195   25.1  2.9  6.3  Sniffles2.INS.AES1        1   345     (0) C MLT1G3         LTR/ERVL-MaLR      (258)    337      4 1921  
   35    0.0  0.0  0.0  Sniffles2.INS.AES24       1    33   (730) + (CTCC)n        Simple_repeat          1     33    (0) 1922  
   49    0.0  2.1  0.0  Sniffles2.INS.AES24     500   547   (216) + (TTTC)n        Simple_repeat          1     49    (0) 1923  
   12   13.9  0.0  0.0  Sniffles2.INS.AES24     552   575   (188) + (CTCG)n        Simple_repeat          1     24    (0) 1924  
   95   10.8  1.2  1.2  Sniffles2.INS.AES24     579   751    (12) + (TC)n          Simple_repeat          1    173    (0) 1925  
  221   18.6  0.0  2.4  Sniffles2.INS.AES2B       9    51     (5) + AluSc          SINE/Alu             236    277   (32) 1926  
  177    9.7  3.0  1.2  Sniffles2.INS.AFS24      17   354   (803) + (TC)n          Simple_repeat          1    344    (0) 1927  
   41    0.0  0.0  4.4  Sniffles2.INS.AFS24     844   890   (267) + (TTTC)n        Simple_repeat          1     45    (0) 1928  
  130   17.9  0.0  0.0  Sniffles2.INS.AFS24     893  1131    (26) + (CTCT)n        Simple_repeat          1    239    (0) 1929  
  269   21.8  0.0  0.0  Sniffles2.INS.AFS2B      13    67     (5) + Alu            SINE/Alu              90    144   (22) 1930  
   28    1.9  8.5  4.9  Sniffles2.INS.AFS35       1    59     (0) + (ATAT)n        Simple_repeat          1     61    (0) 1931  
   37   23.6  0.0  0.0  Sniffles2.INS.AS15        1    89   (231) + (AATGG)n       Simple_repeat          1     89    (0) 1932  
  271   17.6  6.7  6.4  Sniffles2.INS.AS15       94   291    (29) C HSATII         Satellite            (4)    198      1 1933  
  269   19.6  0.0  0.0  Sniffles2.INS.AS1C        2    52     (0) + HSATII         Satellite             41     91   (79) 1934  
  297   14.6  0.0  0.0  Sniffles2.INS.AS2B        3    43     (8) + FRAM           SINE/Alu             104    144   (32) 1935  
 1068   13.1  2.0  0.0  Sniffles2.INS.AS2F        1   334     (3) + ALR/Alpha      Satellite/centr        1    340    (0) 1936  
 1028   15.8  0.9  2.1  Sniffles2.INS.AS30        7   675     (1) + ALR/Alpha      Satellite/centr        1    661    (0) 1937  
   18   19.2  3.3  6.8  Sniffles2.INS.AS33       18    78    (10) + (AC)n          Simple_repeat          1     59    (0) 1938  
 1205   12.2  0.3  0.1  Sniffles2.INS.AS36        3   850     (1) C ALR/Alpha      Satellite/centr     (80)    849      1 1939  
   88   14.0  0.0  0.0  Sniffles2.INS.AS5D        1   144     (1) + (TGGAA)n       Simple_repeat          1    144    (0) 1940  
  605   15.3  2.5  1.5  Sniffles2.INS.AS8         1   132   (258) + BSR/Beta       Satellite              1    133    (0) 1941  
 1054    8.0  0.9  0.0  Sniffles2.INS.ASA8        2   434     (1) C ACRO1          Satellite/acro       (0)    436      1 1942  
   16   14.9  0.0  0.0  Sniffles2.INS.ASBD       15    45     (0) + (ATTCC)n       Simple_repeat          1     31    (0) 1943  
   42   10.0  9.3  0.0  Sniffles2.INS.B0S18       1    86     (0) + (TA)n          Simple_repeat          1     94    (0) 1944  
   44    0.0  4.3  0.0  Sniffles2.INS.B0S24     469   515  (1626) + (TTTC)n        Simple_repeat          1     49    (0) 1945  
   12   13.9  0.0  0.0  Sniffles2.INS.B0S24     520   543  (1598) + (CTCG)n        Simple_repeat          1     24    (0) 1946  
  104   11.3  1.0  1.0  Sniffles2.INS.B0S24     547   740  (1401) + (TC)n          Simple_repeat          1    194    (0) 1947  
   28    0.0  0.0  0.0  Sniffles2.INS.B0S24     741   774  (1367) + (CCTC)n        Simple_repeat          1     34    (0) 1948  
   44    0.0  4.3  0.0  Sniffles2.INS.B0S24    1238  1284   (857) + (TTTC)n        Simple_repeat          1     49    (0) 1949  
  193   21.6  0.5  0.0  Sniffles2.INS.B0S24    1287  1691   (450) + (CTCT)n        Simple_repeat          1    407    (0) 1950  
   17   31.6  0.0  1.6  Sniffles2.INS.B0S24    1647  1709   (432) + (TCCT)n        Simple_repeat          1     62    (0) 1951 *
   19    8.8  9.4  8.1  Sniffles2.INS.B0S35       4    88     (4) + A-rich         Low_complexity         1     86    (0) 1952  
   38    9.9  1.5  1.5  Sniffles2.INS.B1S11       1    67     (0) + (TATATAA)n     Simple_repeat          1     67    (0) 1953  
  234   18.0  0.7  0.2  Sniffles2.INS.B1S24       1   446  (4708) + (TCTC)n        Simple_repeat          1    448    (0) 1954  
   16   27.9  0.0  0.0  Sniffles2.INS.B1S24     874   916  (4238) + (TT)n          Simple_repeat          1     43    (0) 1955  
   40    0.0  2.2  2.2  Sniffles2.INS.B1S24     917   961  (4193) + (TTTC)n        Simple_repeat          1     45    (0) 1956  
   12   13.9  0.0  0.0  Sniffles2.INS.B1S24     966   989  (4165) + (CTCG)n        Simple_repeat          1     24    (0) 1957  
  147   10.5  0.4  0.4  Sniffles2.INS.B1S24     993  1228  (3926) + (TC)n          Simple_repeat          1    236    (0) 1958  
   35    0.0  0.0  0.0  Sniffles2.INS.B1S24    1229  1270  (3884) + (CCTC)n        Simple_repeat          1     42    (0) 1959  
   44    0.0  4.3  0.0  Sniffles2.INS.B1S24    1731  1777  (3377) + (TTTC)n        Simple_repeat          1     49    (0) 1960  
   12   13.9  0.0  0.0  Sniffles2.INS.B1S24    1782  1805  (3349) + (CTCG)n        Simple_repeat          1     24    (0) 1961  
   96   10.5  1.7  1.1  Sniffles2.INS.B1S24    1809  1986  (3168) + (TC)n          Simple_repeat          1    179    (0) 1962  
   40    0.0  2.5  0.0  Sniffles2.INS.B1S24    1995  2034  (3120) + (CTCC)n        Simple_repeat          1     41    (0) 1963  
   44    0.0  4.3  0.0  Sniffles2.INS.B1S24    2496  2542  (2612) + (TTTC)n        Simple_repeat          1     49    (0) 1964  
  136   17.2  0.4  0.0  Sniffles2.INS.B1S24    2545  2792  (2362) + (CTCT)n        Simple_repeat          1    249    (0) 1965  
   16   27.9  0.0  0.0  Sniffles2.INS.B1S24    3218  3260  (1894) + (TT)n          Simple_repeat          1     43    (0) 1966  
   50    0.0  0.0  0.0  Sniffles2.INS.B1S24    3261  3305  (1849) + (TTTC)n        Simple_repeat          1     45    (0) 1967  
  142   11.2  0.0  0.4  Sniffles2.INS.B1S24    3335  3567  (1587) + (TC)n          Simple_repeat          1    232    (0) 1968  
   35    0.0  0.0  0.0  Sniffles2.INS.B1S24    3568  3609  (1545) + (CCTC)n        Simple_repeat          1     42    (0) 1969  
   44    0.0  2.3  0.0  Sniffles2.INS.B1S24    4074  4117  (1037) + (TTTC)n        Simple_repeat          1     45    (0) 1970  
  126   14.6  0.0  0.5  Sniffles2.INS.B1S24    4120  4332   (822) + (CTCT)n        Simple_repeat          1    212    (0) 1971  
   40    0.0  0.0  0.0  Sniffles2.INS.B1S24    4337  4373   (781) + (CTCC)n        Simple_repeat          1     37    (0) 1972  
   40    0.0  2.2  2.2  Sniffles2.INS.B1S24    4837  4881   (273) + (TTTC)n        Simple_repeat          1     45    (0) 1973  
  136   17.3  0.0  0.4  Sniffles2.INS.B1S24    4884  5132    (22) + (CTCT)n        Simple_repeat          1    248    (0) 1974  
 1789    8.9  2.0  0.0  Sniffles2.INS.B1S38       1   247   (295) + AluSx          SINE/Alu              44    295    (7) 1975  
  468    7.1  0.0  1.4  Sniffles2.INS.B1S38     467   537     (5) C L1MA3          LINE/L1              (1)   6304   6235 1976  
  423   17.5  4.0  2.0  Sniffles2.INS.B1SBF      96   194     (7) C L1M3           LINE/L1            (599)   5584   5484 1977  
  267   21.1  3.7  3.7  Sniffles2.INS.B2S2B       1    54    (23) C SVA_A          Retroposon/SVA     (994)    393    340 1978 *
  332   17.3  0.0  0.0  Sniffles2.INS.B2S2B      14    65    (12) + Alu            SINE/Alu              89    140   (26) 1979  
   50    0.0  5.9  2.9  Sniffles2.INS.B3S24       1    68     (0) + (TTTC)n        Simple_repeat          1     70    (0) 1980  
 1200    4.3  0.7  0.0  Sniffles2.INS.B3S2B       2   142     (0) + AluYa5         SINE/Alu               1    142  (169) 1981  
   30   22.1  1.5  0.0  Sniffles2.INS.B3S37      79   146    (17) + (AT)n          Simple_repeat          1     69    (0) 1982  
  144   20.2  0.0  0.0  Sniffles2.INS.B3SC0      11   295    (85) + (CCATT)n       Simple_repeat          1    285    (0) 1983  
  288   23.2  0.0  0.0  Sniffles2.INS.B3SC0     305   360    (20) C Alu            SINE/Alu            (22)    279    224 1984  
   24   14.7  0.0  0.0  Sniffles2.INS.B4S24       1    45     (7) + (TCTC)n        Simple_repeat          1     45    (0) 1985  
  124    9.7  5.8  0.8  Sniffles2.INS.B4S37       3   226     (0) + (AT)n          Simple_repeat          1    235    (0) 1986  
  354   22.4  0.5  0.3  Sniffles2.INS.B5S24       1   782     (2) + (CTCTCT)n      Simple_repeat          1    784    (0) 1987  
  259   21.3  0.0  0.0  Sniffles2.INS.B5S2B       1    47    (16) + AluJo          SINE/Alu             230    276   (36) 1988  
   37   10.1  6.6  1.1  Sniffles2.INS.B7S24      73   169     (2) + (CA)n          Simple_repeat          1    102    (0) 1989  
   35   22.9  0.0  0.0  Sniffles2.INS.BAS11       1    76     (4) + (AT)n          Simple_repeat          1     76    (0) 1990  
  244   20.0  0.0  0.0  Sniffles2.INS.BBS2B       1    40     (5) + FRAM           SINE/Alu             105    144   (32) 1991  
   36    9.1  2.7  2.7  Sniffles2.INS.BCS24      12    85     (0) + (TC)n          Simple_repeat          1     74    (0) 1992  
   58    0.0  0.0  0.0  Sniffles2.INS.BDS23      10    61     (0) + (T)n           Simple_repeat          1     52    (0) 1993  
  476   22.4  0.4  0.0  Sniffles2.INS.BDS24       1  1027     (1) + (TCTC)n        Simple_repeat          1   1031    (0) 1994  
   79   17.4  3.4  3.4  Sniffles2.INS.BDS33       3   209     (0) + (ATATATG)n     Simple_repeat          1    207    (0) 1995  
 1102    6.5  1.7  0.0  Sniffles2.INS.BES2B       1   191    (55) + AluY           SINE/Alu              29    301    (0) 1996  
   20   17.5  0.0  2.2  Sniffles2.INS.BS11        9    55     (2) + G-rich         Low_complexity         1     46    (0) 1997  
   74    0.0  3.3  3.3  Sniffles2.INS.BS25        1    90     (0) + (TTCCA)n       Simple_repeat          1     90    (0) 1998  
  851   16.8  2.0  0.0  Sniffles2.INS.BS2F        1   337     (0) + ALR/Alpha      Satellite/centr        1    343    (0) 1999  
  945   13.3  1.7  0.6  Sniffles2.INS.BS30        1   337     (3) + ALR/Alpha      Satellite/centr        1    340    (0) 2000  
   16   20.0  3.4  7.0  Sniffles2.INS.BS33        5    63   (110) + (AC)n          Simple_repeat          1     57    (0) 2001  
   15   21.7  8.6  4.6  Sniffles2.INS.BS33       68   172     (1) + (CATC)n        Simple_repeat          1    109    (0) 2002  
 1310   11.2  0.6  0.0  Sniffles2.INS.BS36        1   506     (1) C ALR/Alpha      Satellite/centr     (39)    508      1 2003  
  136   22.8  0.3  1.0  Sniffles2.INS.BS77        2   313     (0) + (TCCAC)n       Simple_repeat          1    310    (0) 2004  
  948   12.4  0.3  3.7  Sniffles2.INS.BS8         1   809     (0) + BSR/Beta       Satellite              1    781    (0) 2005  
  356    9.6  0.0  0.0  Sniffles2.INS.BSB4        1    52    (21) C L1P1           LINE/L1           (6101)     54      3 2006  
  317   16.4  5.5  8.2  Sniffles2.INS.BSBD        9   179     (0) + HSATII         Satellite              1    166    (7) 2007  
   29    6.0  7.5  0.0  Sniffles2.INS.C1S11       2    54     (0) + (GAAA)n        Simple_repeat          1     57    (0) 2008  
  103   23.1  0.0  0.9  Sniffles2.INS.C1S2B       1   232     (0) + (TGGAA)n       Simple_repeat          1    230    (0) 2009  
   14   31.1  1.7  0.0  Sniffles2.INS.C2S13       4    64    (14) + (CTCCC)n       Simple_repeat          1     62    (0) 2010  
  307   19.1  0.0  0.0  Sniffles2.INS.C2S2B       1    47     (3) + AluYa5         SINE/Alu             226    272   (39) 2011  
   44    4.1  0.0  0.0  Sniffles2.INS.C2S4        1    50     (0) + (ATATATATAA)n  Simple_repeat          1     50    (0) 2012  
  127   19.3  0.0  0.4  Sniffles2.INS.C3S2B      11   257     (7) + (ATTCC)n       Simple_repeat          1    246    (0) 2013  
  160   24.3  0.8  0.3  Sniffles2.INS.C3S5       14   385     (8) + (CAC)n         Simple_repeat          1    374    (0) 2014  
   24   21.1  0.0  0.0  Sniffles2.INS.C7S11       1    55     (4) + (TGAG)n        Simple_repeat          1     55    (0) 2015  
  129   20.1  0.8  0.0  Sniffles2.INS.C7S2B       2   265     (9) + (ATTCC)n       Simple_repeat          1    266    (0) 2016  
   47   14.5  2.1  1.1  Sniffles2.INS.C8S24       3    95     (0) + (CTTT)n        Simple_repeat          1     94    (0) 2017  
  253   21.3  0.0  0.2  Sniffles2.INS.C8S2B       1   519     (1) + (TGGAA)n       Simple_repeat          1    518    (0) 2018  
 1202   15.3  0.7  0.1  Sniffles2.INS.C9S23       1  5266     (5) + ALR/Alpha      Satellite/centr        1   5297    (0) 2019  
   46    4.0  0.0  0.0  Sniffles2.INS.CAS24       1    51     (1) + (CTTT)n        Simple_repeat          1     51    (0) 2020  
  223   26.9  0.0  0.0  Sniffles2.INS.CAS2B       5    56     (8) + AluJb          SINE/Alu             229    280   (32) 2021  
  443    5.7  0.0  0.0  Sniffles2.INS.CBS6        1    53     (0) + L1P1           LINE/L1              841    893 (5262) 2022  
  440   10.3  0.0  0.0  Sniffles2.INS.CCS2        1    58   (242) + Alu            SINE/Alu             191    248   (54) 2023 *
 1366   15.1  0.9  1.8  Sniffles2.INS.CCS2       31   253    (47) C AluSx          SINE/Alu            (54)    248     28 2024  
  279    9.1  0.0  6.8  Sniffles2.INS.CCS2      254   300     (0) + AluY           SINE/Alu             146    189  (112) 2025  
 1234   15.1  0.5  0.0  Sniffles2.INS.CES23       5  5267     (2) C ALR/Alpha      Satellite/centr      (0)   5287      1 2026  
  227   20.4  0.0  0.0  Sniffles2.INS.CES2B       1    44    (11) + Alu            SINE/Alu              94    137   (29) 2027  
  407   12.0  1.3  5.3  Sniffles2.INS.CES38       1    79     (2) + L1P4           LINE/L1             4132   4207 (1939) 2028  
   13   20.5  0.0  4.9  Sniffles2.INS.CES5        1    43    (15) + (TTTCA)n       Simple_repeat          1     41    (0) 2029  
 1612    5.4  0.0  2.0  Sniffles2.INS.CFS18       1   208   (848) + AluY           SINE/Alu              89    292    (9) 2030  
  619   19.6  4.6  2.6  Sniffles2.INS.CFS18     209   360   (696) + L1MC4          LINE/L1             7166   7320  (722) 2031  
 1670   12.7  0.8  0.8  Sniffles2.INS.CFS18     369   613   (443) + AluSx          SINE/Alu              56    300   (12) 2032  
 2258   10.5  0.6  1.3  Sniffles2.INS.CFS18     616   929   (127) + AluSz          SINE/Alu               1    312    (0) 2033  
   15    4.3  4.2  0.0  Sniffles2.INS.CFS18     934   957    (99) + (AAC)n         Simple_repeat          1     25    (0) 2034  
  291   26.8 10.3  0.0  Sniffles2.INS.CFS18     959  1055     (1) + L1MC4          LINE/L1             7308   7414  (628) 2031  
  588   17.0  3.5  9.1  Sniffles2.INS.CS16        3   903    (16) C HSATII         Satellite            (4)    851      1 2035  
 1239   13.2  0.3  0.1  Sniffles2.INS.CS24        1  4059     (0) C ALR/Alpha      Satellite/centr     (68)   4065      1 2036  
  330   15.2  0.0  0.0  Sniffles2.INS.CS2B        2    47     (5) + FRAM           SINE/Alu              98    143   (33) 2037  
 1073   13.9  0.0  0.0  Sniffles2.INS.CS30        7   341     (0) + ALR/Alpha      Satellite/centr        1    335    (0) 2038  
   80    4.1  6.2  1.5  Sniffles2.INS.CS31        1   130     (1) + (CCTT)n        Simple_repeat          1    136    (0) 2039  
 1263   11.8  0.5  0.0  Sniffles2.INS.CS36        1   843     (6) C ALR/Alpha      Satellite/centr      (6)    846      1 2040  
  817   11.8  0.0  0.0  Sniffles2.INS.CSAD        1   147     (0) C ACRO1          Satellite/acro      (26)    147      1 2041  
   14   18.1  0.0  0.0  Sniffles2.INS.CSBD       15    46     (4) + (ATTCC)n       Simple_repeat          1     32    (0) 2042  
  229   13.1 14.8  0.0  Sniffles2.INS.D0S37       8    68    (13) C L1M2           LINE/L1           (2133)   4010   3941 2043  
  229   22.8  5.3  0.0  Sniffles2.INS.D0S39       5    61    (84) C Charlie6       DNA/hAT-Charlie   (1686)   1833   1774 2044  
  236   15.8 10.9  1.4  Sniffles2.INS.D0S39      76   139     (6) C Charlie6       DNA/hAT-Charlie   (1598)   1921   1852 2045  
  324   17.3  0.0  0.0  Sniffles2.INS.D1S2B      12    63     (0) + Alu            SINE/Alu              89    140   (26) 2046  
  752   11.9  0.0  0.0  Sniffles2.INS.D2S25     115   223    (32) C AluSc8         SINE/Alu            (10)    301    193 2047  
   34   13.8  0.0  0.0  Sniffles2.INS.D4S11       3    60     (0) + (TTCT)n        Simple_repeat          1     58    (0) 2048  
  245    2.1  0.0  8.5  Sniffles2.INS.D4S6        1    51     (1) + SVA_F          Retroposon/SVA       721    767  (608) 2049  
  485    0.0  1.7  0.0  Sniffles2.INS.D5S33       1    58     (0) + L1P1           LINE/L1             2419   2477 (3669) 2050  
 2912    1.0  0.0  0.0  Sniffles2.INS.D9S37      17   327     (0) + AluYb8         SINE/Alu               1    311    (7) 2051  
  892   13.2  0.0  0.0  Sniffles2.INS.DAS25       7   158     (5) + GSATII         Satellite/centr        1    152   (64) 2052  
  964   15.8  1.0  0.0  Sniffles2.INS.DBS25       1   337     (1) C ALR/Alpha      Satellite/centr     (13)    340      1 2053  
  101   10.9  4.6  2.5  Sniffles2.INS.DBS35       4   200     (2) + (CA)n          Simple_repeat          1    201    (0) 2054  
  244    8.0  1.6  1.4  Sniffles2.INS.DCS1        1   369     (0) + (ATATAAT)n     Simple_repeat          1    370    (0) 2055  
   59    7.4  0.0  0.0  Sniffles2.INS.DCS24       1    73     (1) + (AT)n          Simple_repeat          1     73    (0) 2056  
  956   17.2  1.4  0.8  Sniffles2.INS.DCS25       1   674     (1) C ALR/Alpha      Satellite/centr     (40)    678      1 2057  
   41   19.3  0.0  0.0  Sniffles2.INS.DCS2B       2    84     (1) + (GAATG)n       Simple_repeat          1     83    (0) 2058  
   34    4.7  2.2  2.2  Sniffles2.INS.DCS4        1    46     (0) + (AT)n          Simple_repeat          1     46    (0) 2059  
   26   10.2  3.3  5.1  Sniffles2.INS.DDS2        1    60     (0) + (CCTTC)n       Simple_repeat          1     59    (0) 2060  
  964   15.8  1.0  0.0  Sniffles2.INS.DDS25       1   337     (1) C ALR/Alpha      Satellite/centr     (13)    340      1 2061  
   23   21.3  0.0  0.0  Sniffles2.INS.DDS2B       1    54     (1) + (AATGG)n       Simple_repeat          1     54    (0) 2062  
   64    6.9  7.2  5.2  Sniffles2.INS.DDS6        4   155     (1) + (TACTATA)n     Simple_repeat          1    155    (0) 2063  
 1060   14.7  0.0  0.0  Sniffles2.INS.DES25       3   342     (0) C ALR/Alpha      Satellite/centr     (20)    340      1 2064  
   43   28.9  0.0  0.0  Sniffles2.INS.DES2B       3   125     (0) + (GAATG)n       Simple_repeat          1    123    (0) 2065  
  882    9.2  5.0  3.5  Sniffles2.INS.DES35       2  1750     (2) + (CA)n          Simple_repeat          1   1774    (0) 2066  
   18   12.0  6.1  4.0  Sniffles2.INS.DES3A       5    53     (1) + (CCG)n         Simple_repeat          1     50    (0) 2067  
   25   14.5  1.8  1.8  Sniffles2.INS.DFS2B       2    56     (0) + (GAGTG)n       Simple_repeat          1     55    (0) 2068  
 1303   12.2  9.4  1.8  Sniffles2.INS.DFS3A       1  3303     (0) + (ATGAA)n       Simple_repeat          1   3550    (0) 2069  
   29   18.4  5.3  0.0  Sniffles2.INS.DFSBF       6    80     (5) + (TATAT)n       Simple_repeat          1     79    (0) 2070  
  437   18.9  7.0  7.7  Sniffles2.INS.DS15        5   300     (0) C HSATII         Satellite            (0)    293      1 2071  
 1121   13.1  0.6  0.6  Sniffles2.INS.DS2F        1   339     (0) + ALR/Alpha      Satellite/centr        1    339    (0) 2072  
 1020   18.9  0.0  0.0  Sniffles2.INS.DS30       11   341     (0) + ALR/Alpha      Satellite/centr        1    331    (0) 2073  
 1879   14.2  0.0  1.1  Sniffles2.INS.DS34        1   281    (68) + AluSx3         SINE/Alu              21    298   (13) 2074  
  263    8.7  8.7  0.0  Sniffles2.INS.DS34      283   328    (21) C MER57-int      LTR/ERV1          (2585)   4952   4903 2075  
 1310   11.5  0.6  0.0  Sniffles2.INS.DS36        3   506     (0) C ALR/Alpha      Satellite/centr     (54)    507      1 2076  
  496   18.9  4.4  8.8  Sniffles2.INS.DS5D        1  2093     (4) C HSATII         Satellite            (5)   1999      1 2077  
  914    9.2  2.8  0.0  Sniffles2.INS.DSA8        2   142     (1) C ACRO1          Satellite/acro       (0)    147      3 2078  
   41    0.0  2.2  2.2  Sniffles2.INS.DSB4        1    46     (5) + (TTCCA)n       Simple_repeat          1     46    (0) 2079  
   17   25.2  0.0  0.0  Sniffles2.INS.DSBD        1    47     (3) + (TTCCA)n       Simple_repeat          1     47    (0) 2080  
  867   17.3  0.0  0.0  Sniffles2.INS.E0S25       1   162     (9) C ALR/Alpha      Satellite/centr      (8)    163      2 2081  
   25   21.8  0.0  0.0  Sniffles2.INS.E0S2B       3    61     (7) + (TGGAG)n       Simple_repeat          1     59    (0) 2082  
   35    2.0  5.7  1.8  Sniffles2.INS.E0S35       1    53     (1) + (ATATATGGAT)n  Simple_repeat          1     55    (0) 2083  
   95   30.7  0.0  0.8  Sniffles2.INS.E0S6       14   276     (4) + (AT)n          Simple_repeat          1    261    (0) 2084  
  915   16.5  0.0  0.0  Sniffles2.INS.E1S25       5   168     (3) C ALR/Alpha      Satellite/centr      (0)    171      8 2085  
   36    9.6  0.0  0.0  Sniffles2.INS.E1S2B       4    59     (0) + (TGGAA)n       Simple_repeat          1     56    (0) 2086  
  969   14.3  0.6  0.0  Sniffles2.INS.E2S25       2   169     (0) C ALR/Alpha      Satellite/centr      (0)    171      3 2087  
  135    5.9  0.0  0.0  Sniffles2.INS.E2S2B       5   162     (2) + (TGGAA)n       Simple_repeat          1    158    (0) 2088  
  603   16.6  6.8  2.3  Sniffles2.INS.E2S3A       1  1657     (3) + (GATGA)n       Simple_repeat          1   1730    (0) 2089  
 1506   11.3  4.7  1.1  Sniffles2.INS.E3S24       2  1224     (1) C GSATII         Satellite/centr      (0)   1266      1 2090  
 1752   16.7  7.2  2.4  Sniffles2.INS.E4S3A       2  4970     (0) + (ATGAG)n       Simple_repeat          1   5203    (0) 2091  
   12    5.6 16.2  0.0  Sniffles2.INS.E4S6        6    42    (12) + (ATTTGGAT)n    Simple_repeat          1     43    (0) 2092  
   30    4.8  2.3  0.0  Sniffles2.INS.E5S4        1    44     (2) + (AAAGG)n       Simple_repeat          1     45    (0) 2093  
   36    2.1  1.8  5.7  Sniffles2.INS.E7S38       1    55     (4) + (TTTCC)n       Simple_repeat          1     53    (0) 2094  
 1268   12.4  0.4  0.0  Sniffles2.INS.E8S25       1   673     (8) C ALR/Alpha      Satellite/centr     (35)    675      1 2095  
   35    0.0 11.9  0.0  Sniffles2.INS.E9S18       1    59     (0) + (AAAG)n        Simple_repeat          1     66    (0) 2096  
   12   18.6  5.4  0.0  Sniffles2.INS.E9S33      26    62     (0) + (TCTTTT)n      Simple_repeat          1     39    (0) 2097  
  203    6.6  4.5  0.3  Sniffles2.INS.E9S39       1   311     (7) + (AT)n          Simple_repeat          1    324    (0) 2098  
  297    0.0  2.4  0.7  Sniffles2.INS.EAS38       2   289     (0) + (TTTC)n        Simple_repeat          1    293    (0) 2099  
  446   15.3  0.0  0.0  Sniffles2.INS.ECS1        1    72    (14) + Alu            SINE/Alu             227    298    (3) 2100  
  951   14.2  0.0  0.0  Sniffles2.INS.EDS25       1   162     (9) C ALR/Alpha      Satellite/centr     (73)    162      1 2101  
   18   11.6  0.0  0.0  Sniffles2.INS.EDSBF      10    37    (26) + (AT)n          Simple_repeat          1     28    (0) 2102  
 1042   13.7  0.0  0.0  Sniffles2.INS.EFS25       2   147    (83) C AluSg          SINE/Alu            (13)    297    152 2103  
  524    7.1  0.0  0.0  Sniffles2.INS.EFS25     151   220    (10) C Alu            SINE/Alu           (231)     70      1 2104  
  302   30.6  4.7  3.9  Sniffles2.INS.EFS6       70   198    (39) C MIRb           SINE/MIR           (114)    154     25 2105  
  495   18.5  4.7  5.9  Sniffles2.INS.ES15       10   572    (84) C HSATII         Satellite            (4)    556      1 2106  
   23   23.7  0.0  0.0  Sniffles2.INS.ES15      589   647     (9) + (GAATG)n       Satellite              1     59    (0) 2107  
  510   15.4  6.4  0.0  Sniffles2.INS.ES1C        4   113     (1) + HSATII         Satellite              3    119   (51) 2108  
   20   11.1  2.4 18.4  Sniffles2.INS.ES22        1   126     (0) + (GCAGG)n       Simple_repeat          1    109    (0) 2109  
   45   18.1  0.0  0.0  Sniffles2.INS.ES28        1    87     (1) + (CTCT)n        Simple_repeat          1     87    (0) 2110  
 1063    1.7  0.0  0.0  Sniffles2.INS.ES2B        1   115     (0) + AluYk11        SINE/Alu               6    120  (191) 2111  
  754   18.0  0.0  0.0  Sniffles2.INS.ES2F        1   171     (0) + ALR/Alpha      Satellite/centr        1    171    (0) 2112  
 1171   12.6  0.7  0.0  Sniffles2.INS.ES30        3   337     (0) + ALR/Alpha      Satellite/centr        1    337    (0) 2113  
   58    3.1  0.0  2.9  Sniffles2.INS.ES31        3    72     (1) + (CTTC)n        Simple_repeat          1     68    (0) 2114  
  296   19.4  3.0  0.0  Sniffles2.INS.ES34       52   118    (68) C L1M4           LINE/L1           (3095)   3051   2983 2115  
  278   20.0  1.7  0.0  Sniffles2.INS.ES34      111   170    (16) C L1M4           LINE/L1           (3092)   3054   2994 2115 *
 1041    7.7  0.7  0.0  Sniffles2.INS.ESAD        1   436     (0) C ACRO1          Satellite/acro      (50)    439      1 2116  
  776   21.4  0.6  0.0  Sniffles2.INS.ESBA       10   168     (2) + ALR/Alpha      Satellite/centr        1    160   (11) 2117  
 1119    7.9  0.8  0.2  Sniffles2.INS.ESBB        1   581     (0) C ACRO1          Satellite/acro      (41)    584      1 2118  
   25   10.6  0.0  0.0  Sniffles2.INS.ESBD        4    44     (9) + (CATTC)n       Simple_repeat          1     41    (0) 2119  
  441   25.4 10.6  0.5  Sniffles2.INS.F0S22     168   337   (266) C MIRc           SINE/MIR            (49)    219     33 2120  
  466   12.3  0.0  0.0  Sniffles2.INS.F0S22     539   603     (0) + Alu            SINE/Alu               1     65  (237) 2121  
   40    0.0  2.0  4.1  Sniffles2.INS.F0S4        1    50     (2) + (TCTTC)n       Simple_repeat          1     49    (0) 2122  
   29   13.5  0.0  0.0  Sniffles2.INS.F2S1       27    85    (22) + (CAT)n         Simple_repeat          1     59    (0) 2123  
   16   21.4  0.0  5.9  Sniffles2.INS.F2S33    4170  4223 (13855) + (GGCTTC)n      Simple_repeat          1     51    (0) 2124  
   12   17.4  0.0  5.9  Sniffles2.INS.F2S33    5186  5221 (12857) + (TAA)n         Simple_repeat          1     34    (0) 2125  
  151   12.5  0.0  0.4  Sniffles2.INS.F3S13       1   237     (1) + (GGT)n         Simple_repeat          1    236    (0) 2126  
   13   19.2  6.1  2.0  Sniffles2.INS.F3S2       15    63     (9) + (TATA)n        Simple_repeat          1     51    (0) 2127  
   38    7.2  6.8  0.0  Sniffles2.INS.F3S33       2    74     (6) + (AT)n          Simple_repeat          1     78    (0) 2128  
   57    9.6  0.0  0.0  Sniffles2.INS.F4S18       4    83     (8) + (TA)n          Simple_repeat          1     80    (0) 2129  
  292   22.2  0.0  0.0  Sniffles2.INS.F4S33       1    54     (6) + L1M1           LINE/L1             4011   4064 (2082) 2130  
  380   14.2  3.0  0.0  Sniffles2.INS.F5S11      11   103    (47) + L1MD2          LINE/L1             5752   5850  (330) 2131  
  367   11.7  1.7  0.0  Sniffles2.INS.F5S11      76   135    (15) + L1MD2          LINE/L1             5770   5830  (529) 2132 *
 1176   14.5  0.5  0.0  Sniffles2.INS.F5S23       1  1360     (0) C ALR/Alpha      Satellite/centr     (16)   1366      1 2133  
   19   22.7  0.0  0.0  Sniffles2.INS.F5S31       1    41    (11) + G-rich         Low_complexity         1     41    (0) 2134  
  516    6.1  0.0  0.0  Sniffles2.INS.F6S24       1    66     (0) + MER9a1         LTR/ERVK             229    294  (219) 2135  
   47    0.0  0.0  0.0  Sniffles2.INS.F7S2        1    43     (5) + (TCTT)n        Simple_repeat          1     43    (0) 2136  
   70    0.0  0.0  0.0  Sniffles2.INS.F7S33       1    62     (0) + (T)n           Simple_repeat          1     62    (0) 2137  
   20    8.8  8.0  1.9  Sniffles2.INS.F7S5        1    50     (2) + (TATAATA)n     Simple_repeat          1     53    (0) 2138  
   33   12.7  1.5  3.1  Sniffles2.INS.F9S13       1    66     (2) + (CTC)n         Simple_repeat          1     65    (0) 2139  
  747    3.6  0.0  0.0  Sniffles2.INS.F9S38      54   136     (0) C AluSp          SINE/Alu            (18)    295    213 2140  
  201   16.2  2.0  1.7  Sniffles2.INS.FBS13       1   404     (0) + (CCTCCT)n      Simple_repeat          1    405    (0) 2141  
   54    0.0  0.0  0.0  Sniffles2.INS.FCS25       1    49     (1) + (TTTAT)n       Simple_repeat          1     49    (0) 2142  
 1002   12.9  0.0  0.0  Sniffles2.INS.FCS33       1   140     (0) C AluSz          SINE/Alu           (129)    183     44 2143  
 1713    2.1  0.0  0.0  Sniffles2.INS.FFS25      17   202     (8) + AluYa5         SINE/Alu             116    301   (10) 2144  
 1012   12.5  3.9  1.1  Sniffles2.INS.FFS6        4   181     (8) + AluSx          SINE/Alu              42    224   (78) 2145  
  272   12.5  0.0  0.0  Sniffles2.INS.FS2        19    58    (20) C LTR76          LTR/ERV1           (317)    358    319 2146  
  118   21.2  0.8  0.0  Sniffles2.INS.FS28        2   255     (4) + (TCTC)n        Simple_repeat          1    256    (0) 2147  
  992    9.7  0.6  4.6  Sniffles2.INS.FS2B       15   198    (33) + AluY           SINE/Alu               1    166    (0) 2148  
 1041   14.1  2.4  0.0  Sniffles2.INS.FS2F        1   332     (2) + ALR/Alpha      Satellite/centr        1    340    (0) 2149  
 1008   19.1  0.0  0.0  Sniffles2.INS.FS30        1   341     (1) + ALR/Alpha      Satellite/centr        1    341    (0) 2150  
  279   24.0  1.4  4.8  Sniffles2.INS.FS34       10   203    (46) C L1M4           LINE/L1           (3040)   3106   2983 2151  
 1156   14.8  0.3  0.3  Sniffles2.INS.FS5C        1   684     (1) C ALR/Alpha      Satellite/centr      (0)    683      1 2152  
   46    2.0  2.0  0.0  Sniffles2.INS.FS5D        9    58     (1) + (TGGAA)n       Simple_repeat          1     51    (0) 2153  
 1030    9.0  0.7  1.7  Sniffles2.INS.FSA8        1   869     (1) C ACRO1          Satellite/acro      (25)    859      1 2154  
 1041    9.2  1.3  0.0  Sniffles2.INS.FSAD        1   581     (1) C ACRO1          Satellite/acro      (24)    588      1 2155  
