   SW   perc perc perc  query                 position in query    matching       repeat             position in repeat
score   div. del. ins.  sequence              begin end   (left)   repeat         class/family     begin  end    (left)   ID

 1425    2.6  0.0  0.0  Sniffles2.INS.0S10       10   186    (0) + AluYa5         SINE/Alu            147    311    (0)    1  
   77   10.3  0.7  1.4  Sniffles2.INS.0S16        6   144    (7) + (GAATG)n       Simple_repeat         1    138    (0)    2  
  403   11.2  0.0  0.0  Sniffles2.INS.0S5B        1    83    (1) + SAR            Satellite             1     83    (0)    3  
  677   12.9  2.0  0.4  Sniffles2.INS.0S7B        3   169    (1) + ALR/Alpha      Satellite/centr       1    169    (0)    4  
 1040   12.9  0.6  0.8  Sniffles2.INS.0S8         4   885   (29) + BSR/Beta       Satellite             1    880    (0)    5  
   30    0.0  3.1  0.0  Sniffles2.INS.0SA5       11    42  (288) + (TTTGTTTT)n    Simple_repeat         1     33    (0)    6  
 2675    1.7  0.0  0.0  Sniffles2.INS.0SA5       43   330    (0) C AluYb8         SINE/Alu           (30)    288      1    7  
   13   27.2  3.4  1.7  Sniffles2.INS.0SAD        3    61    (0) + (ATATT)n       Simple_repeat         1     60    (0)    8  
   25   25.5  0.0  0.0  Sniffles2.INS.102S39      1    55    (1) + (TA)n          Simple_repeat         1     55    (0)    9  
   64   16.1  4.3  0.7  Sniffles2.INS.103S11      1   139    (0) + (CCTT)n        Simple_repeat         1    144    (0)   10  
  124   11.3  0.0  0.0  Sniffles2.INS.104S11      1   185    (1) + (CTTC)n        Simple_repeat         1    185    (0)   11  
  215    9.4  1.0  0.0  Sniffles2.INS.105S11      3   313    (0) + (TTCC)n        Simple_repeat         1    314    (0)   12  
   21    9.7 10.9  0.0  Sniffles2.INS.105S33      1    55    (0) + (ATGTATAAT)n   Simple_repeat         1     61    (0)   13  
   25    4.3  5.6  5.6  Sniffles2.INS.105S6       2    55   (31) + (CTTT)n        Simple_repeat         1     54    (0)   14  
   57    4.8  0.0  0.0  Sniffles2.INS.106S11      6    70   (21) + (TTCC)n        Simple_repeat         1     65    (0)   15  
   16    0.0  0.0  0.0  Sniffles2.INS.106S11     71    91    (0) + (CCCT)n        Simple_repeat         1     21    (0)   16  
  987   15.0  0.2  0.4  Sniffles2.INS.106S23      1   341    (2) + ALR/Alpha      Satellite/centr       1    340    (0)   17  
 1026   14.9  0.0  0.0  Sniffles2.INS.107S23      1   340    (2) + ALR/Alpha      Satellite/centr       1    340    (0)   18  
   45   15.2  0.0  0.0  Sniffles2.INS.107S38      1    74    (6) + (AT)n          Simple_repeat         1     74    (0)   19  
  356   26.5  2.0  3.0  Sniffles2.INS.108SBF    120   220 (1056) + L1M5           LINE/L1            3578   3677 (2469)   20  
 1921   19.9  0.8  0.3  Sniffles2.INS.108SBF    226   588  (688) + MER47A         DNA/TcMar-Tigger      1    365    (1)   21  
  835   24.1  6.7  2.3  Sniffles2.INS.108SBF    595   925  (351) + L1M5           LINE/L1            3687   4031 (2115)   20  
 2158   10.4  0.0  0.0  Sniffles2.INS.108SBF    940  1218   (58) + AluSc          SINE/Alu              1    279   (30)   22  
   35    0.0  3.8  5.8  Sniffles2.INS.108SBF   1220  1272    (4) + (AACAA)n       Simple_repeat         1     52    (0)   23  
 1093   14.4  3.0  0.0  Sniffles2.INS.109S23      1   685    (0) + ALR/Alpha      Satellite/centr       1    705    (0)   24  
   23   26.4  2.9  0.0  Sniffles2.INS.10AS13      1    68    (0) + (TA)n          Simple_repeat         1     70    (0)   25  
   70   15.4  0.7  3.0  Sniffles2.INS.10BS13      1   138    (7) + (TA)n          Simple_repeat         1    135    (0)   26  
   27   13.5  9.1  2.4  Sniffles2.INS.10CS25      1    81    (7) + (AT)n          Simple_repeat         1     86    (0)   27  
   32   10.9  0.0  0.0  Sniffles2.INS.10CS6       2    52    (0) + (CCTCCT)n      Simple_repeat         1     51    (0)   28  
   40    8.9  0.0  0.0  Sniffles2.INS.10DS24      1    60    (0) + (TCCAT)n       Simple_repeat         1     60    (0)   29  
   42   12.4 10.2  0.0  Sniffles2.INS.10DS25      7   109    (2) + (TA)n          Simple_repeat         1    113    (0)   30  
   93   10.1  4.1  1.7  Sniffles2.INS.10DS6       4   173    (0) + (CCTCCC)n      Simple_repeat         1    174    (0)   31  
   95   10.6  8.1  0.9  Sniffles2.INS.10ES25      1   198    (6) + (TA)n          Simple_repeat         1    212    (0)   32  
 1223   10.5  3.5  0.0  Sniffles2.INS.10ES31      1   172  (118) C AluSx          SINE/Alu          (124)    178      1   33  
  885   22.8  3.2 11.1  Sniffles2.INS.10ES31    173   261   (29) + SVA_A          Retroposon/SVA      329    399  (988)   34  
  717   15.3  0.9  0.9  Sniffles2.INS.10ES31    180   290    (0) C AluSz6         SINE/Alu           (24)    288    178   35 *
   64   18.5  0.7  1.5  Sniffles2.INS.10ES35      1   135    (0) + (CATCAT)n      Simple_repeat         1    134    (0)   36  
   31   19.5  0.0  0.0  Sniffles2.INS.10FS13      1    59    (7) + (TA)n          Simple_repeat         1     59    (0)   37  
  107   15.0  8.5  2.7  Sniffles2.INS.10FS25      3   320    (1) + (AT)n          Simple_repeat         1    336    (0)   38  
  786   16.7  0.0  1.2  Sniffles2.INS.10S30       1   168    (3) + ALR/Alpha      Satellite/centr       1    166    (0)   39  
  495   18.5  0.0  0.0  Sniffles2.INS.10S34       4    95    (0) C CER            Satellite           (0)     96      5   40  
  380   22.2  0.0  0.0  Sniffles2.INS.10SBA       1    81    (0) + ALR/Alpha      Satellite/centr      28    108   (63)   41  
   45   14.0 11.8  0.7  Sniffles2.INS.110S25      1   135   (16) + (TA)n          Simple_repeat         1    150    (0)   42  
   63   15.8 11.5  0.9  Sniffles2.INS.111S25      1   208    (2) + (TA)n          Simple_repeat         1    230    (0)   43  
  228    0.0  0.0  0.0  Sniffles2.INS.111S33      1   193    (9) + (AT)n          Simple_repeat         1    193    (0)   44  
   44   21.1  4.9  0.8  Sniffles2.INS.113S25      3   124    (7) + (AT)n          Simple_repeat         1    127    (0)   45  
 1589    1.1  0.0  0.0  Sniffles2.INS.113S5       1   177  (212) + L1HS           LINE/L1            5979   6155    (0)   46  
 1746    1.5  1.5  0.5  Sniffles2.INS.113S5     184   389    (0) + L1PA2          LINE/L1            5770   5977  (178)   47  
   22   21.3  3.7  0.0  Sniffles2.INS.114S33      2    55    (4) + (TA)n          Simple_repeat         1     56    (0)   48  
   65    8.7  3.6  0.0  Sniffles2.INS.115S33      1   110    (1) + (AT)n          Simple_repeat         1    114    (0)   49  
  142    6.4  2.7  1.8  Sniffles2.INS.116S11      2   220    (1) + (AGGA)n        Simple_repeat         1    221    (0)   50  
  520   15.1  3.2  0.0  Sniffles2.INS.117S0       1    93    (3) C MLT2B4         LTR/ERVL          (125)    431    336   51  
   46    1.9  0.0  3.7  Sniffles2.INS.11AS13      4    59    (1) + (CTGAGGGG)n    Simple_repeat         1     54    (0)   52  
   50    0.0  0.0  3.8  Sniffles2.INS.11BS13      1    55    (0) + (GAGGGGCT)n    Simple_repeat         1     53    (0)   53  
  803   13.6  0.0  0.9  Sniffles2.INS.11DS11     22   150    (0) + AluSx          SINE/Alu              1    220   (82)   54  
   96    9.3  5.8  0.6  Sniffles2.INS.11ES5       1   174    (0) + (ATAATAT)n     Simple_repeat         1    183    (0)   55  
  307   20.0  6.7  0.0  Sniffles2.INS.11S0        2    76    (1) + L1PA10         LINE/L1            5952   6031  (137)   56  
   91    2.3  0.0  0.0  Sniffles2.INS.11S25       1    89    (1) + (TCCAT)n       Simple_repeat         1     89    (0)   57  
  337   16.3  2.3  0.0  Sniffles2.INS.11S2B       2    64    (0) + FRAM           SINE/Alu             90    139   (27)   58  
 1102   15.8  1.0  0.2  Sniffles2.INS.11S2F       1   853    (1) + ALR/Alpha      Satellite/centr       1    859    (0)   59  
 1031   13.2  1.2  0.0  Sniffles2.INS.11S30       1   333    (6) + ALR/Alpha      Satellite/centr       1    337    (0)   60  
   19   15.2  2.2  2.2  Sniffles2.INS.11S58       5    50    (0) + (TGGAA)n       Simple_repeat         1     46    (0)   61  
  803   11.5  0.0  0.0  Sniffles2.INS.11SAD       1   147    (0) C ACRO1          Satellite/acro     (26)    147      1   62  
  812   15.0  0.8  0.0  Sniffles2.INS.11SB0       6   167    (0) + ALR/Alpha      Satellite/centr       1    163    (0)   63  
  864   17.1  1.2  0.6  Sniffles2.INS.11SBA       1   339    (0) + ALR/Alpha      Satellite/centr       1    340    (0)   64  
 1053    8.1  0.4  0.6  Sniffles2.INS.11SBB       1   587    (1) C ACRO1          Satellite/acro     (59)    585      1   65  
 2298   11.0  0.0  0.0  Sniffles2.INS.120S33     13   320  (309) + AluSz          SINE/Alu              1    308    (4)   66  
   37    6.8  4.8  0.0  Sniffles2.INS.120S6       1    62    (1) + (ATATTAT)n     Simple_repeat         1     65    (0)   67  
   37    9.8  0.0  0.0  Sniffles2.INS.121S2       2    57    (0) + (AAGA)n        Simple_repeat         1     56    (0)   68  
   60    7.4  3.2  4.1  Sniffles2.INS.122S6       1   124    (1) + (TA)n          Simple_repeat         1    123    (0)   69  
   41   13.3  0.0  0.0  Sniffles2.INS.123S25      2    68    (0) + (CAC)n         Simple_repeat         1     67    (0)   70  
   43    0.0  3.9  1.9  Sniffles2.INS.127S31      5    55    (0) + (TTTC)n        Simple_repeat         1     52    (0)   71  
  528    3.6  9.1  5.6  Sniffles2.INS.129S0       1   148    (1) + SVA_E          Retroposon/SVA      627    870  (517)   72  
  511    4.8  0.0  0.0  Sniffles2.INS.129S11      2    63    (2) + Alu            SINE/Alu             43    104  (197)   73  
  566    9.1  0.0  0.0  Sniffles2.INS.12AS11      1    77    (0) C SVA_D          Retroposon/SVA    (799)    587    511   74  
  841   15.9  0.0  0.0  Sniffles2.INS.12AS25      2   133  (355) + AluSc8         SINE/Alu            158    289   (22)   75  
  172   13.6  4.0  1.4  Sniffles2.INS.12AS25    134   486    (2) + (TTATATA)n     Simple_repeat         1    362    (0)   76  
   25   12.9  6.8  0.0  Sniffles2.INS.12BS33      1    59    (1) + (GTGGTT)n      Simple_repeat         1     63    (0)   77  
  404    8.8  1.5  5.5  Sniffles2.INS.12CS0       6   138    (1) + SVA_E          Retroposon/SVA      631    758  (624)   78  
  659   13.0  5.2  0.0  Sniffles2.INS.12DS6       1   115    (0) C AluY           SINE/Alu          (180)    121      1   79  
   56    0.0  9.7  0.0  Sniffles2.INS.12FS0       1    72    (1) + (TA)n          Simple_repeat         1     79    (0)   80  
 2886    0.3  0.0  0.0  Sniffles2.INS.12S12       8   310    (0) C AluYa5         SINE/Alu            (8)    303      1   81  
  530   16.8  0.0  0.0  Sniffles2.INS.12S14       1    95    (1) C CER            Satellite           (0)     96      2   82  
   42    7.4  0.0  0.0  Sniffles2.INS.12S15       1    57   (13) + (GAATG)n       Simple_repeat         1     57    (0)   83  
 1057   13.2  1.7  0.0  Sniffles2.INS.12S2F       1   334    (4) + ALR/Alpha      Satellite/centr       1    339    (0)   84  
 1126   12.1  1.5  0.0  Sniffles2.INS.12S30      11   337    (1) + ALR/Alpha      Satellite/centr       1    331    (0)   85  
  407   10.3  0.0  0.0  Sniffles2.INS.12S8       10    67    (0) + BSR/Beta       Satellite            66    123   (13)   86  
 1014    9.2  0.6  0.0  Sniffles2.INS.12SAD       1   285    (6) C ACRO1          Satellite/acro      (6)    286      1   87  
 3948    2.7  0.0  0.0  Sniffles2.INS.12SBA       1   451  (504) C L1PA2          LINE/L1             (1)   6154   5704   88  
 1262    9.4  0.0  1.2  Sniffles2.INS.12SBA     452   623  (332) + 7SK            snRNA                87    256   (75)   89  
 1096   14.9  0.8  0.0  Sniffles2.INS.12SBA     615   953    (2) + ALR/Alpha      Satellite/centr       1    341    (0)   90 *
  282   15.6  2.1  0.0  Sniffles2.INS.130S37      1   520    (2) + (CACACA)n      Simple_repeat         1    531    (0)   91  
   60    3.0  3.0  0.0  Sniffles2.INS.132S1       1    67    (0) + (AT)n          Simple_repeat         1     69    (0)   92  
  490    0.2  0.9  0.0  Sniffles2.INS.133S1       1   433    (0) + (AT)n          Simple_repeat         1    437    (0)   93  
   39    0.0  3.9  3.9  Sniffles2.INS.135S1       1    52    (0) + (TTTC)n        Simple_repeat         1     52    (0)   94  
   28   11.7  0.0  0.0  Sniffles2.INS.138S13      3    49    (1) + (AATAC)n       Simple_repeat         1     47    (0)   95  
   13   10.8  6.5  0.0  Sniffles2.INS.13AS38     68    98    (2) + (CTCTCC)n      Simple_repeat         1     33    (0)   96  
   30   14.4  0.0  0.0  Sniffles2.INS.13BS5       1    48    (2) + (AT)n          Simple_repeat         1     48    (0)   97  
   37    6.1  1.9  0.0  Sniffles2.INS.13DS38      1    52    (7) + (ATATATAC)n    Simple_repeat         1     53    (0)   98  
   31    3.0  0.0  0.0  Sniffles2.INS.13ES39     11    44    (8) + (GAAG)n        Simple_repeat         1     34    (0)   99  
 1031   14.0  1.7  0.0  Sniffles2.INS.13S2F       1   335    (3) + ALR/Alpha      Satellite/centr       1    340    (0)  100  
 1139   13.0  1.0  0.9  Sniffles2.INS.13S30       1   341    (0) + ALR/Alpha      Satellite/centr       1    341    (0)  101  
  651   12.7  0.2  2.8  Sniffles2.INS.13S34       1   286    (0) C CER            Satellite          (17)    278      1  102  
  735   13.9  0.8  1.5  Sniffles2.INS.13S8        5   135    (0) + BSR/Beta       Satellite             1    130    (6)  103  
 1006   10.9  1.5  0.1  Sniffles2.INS.13SAD       1  1006    (0) C ACRO1          Satellite/acro      (2)   1020      1  104  
 1237   16.0  0.8  0.2  Sniffles2.INS.13SBA      10  1873    (0) + ALR/Alpha      Satellite/centr       1   1873    (0)  105  
   35    4.3  2.0  2.0  Sniffles2.INS.13SBD       1    50    (0) + (ATTCC)n       Simple_repeat         1     50    (0)  106  
   18   19.3  2.0  2.0  Sniffles2.INS.141S0       1    52    (9) + (GCCCC)n       Simple_repeat         1     52    (0)  107  
  880   13.6  0.0  0.8  Sniffles2.INS.141S25      2   133 (2647) + AluSc8         SINE/Alu            158    288   (23)  108  
  885   16.6  3.5  2.5  Sniffles2.INS.141S25    134  2185  (595) + (TTATA)n       Simple_repeat         1   2072    (0)  109  
 3470    1.0  0.0  0.0  Sniffles2.INS.141S25   2191  2582  (198) + HSATI          Satellite           177    568    (0)  110  
 1074   12.9  0.7  0.0  Sniffles2.INS.141S25   2582  2736   (44) + AluY           SINE/Alu             13    168  (133)  111 *
  463    6.9  0.0  0.0  Sniffles2.INS.141S5       1    58   (43) + L1P1           LINE/L1            5182   5239  (907)  112  
  343    2.2  0.0  0.0  Sniffles2.INS.141S5      56   101    (0) + L1P3           LINE/L1            5087   5132 (1014)  113 *
  880   13.6  0.0  0.8  Sniffles2.INS.142S25      2   133 (3585) + AluSc8         SINE/Alu            158    288   (23)  114  
 1163   15.7  3.9  3.0  Sniffles2.INS.142S25    134  2870  (848) + (TTATA)n       Simple_repeat         1   2760    (0)  115  
   34    3.5 10.2  0.0  Sniffles2.INS.142S25   2895  2953  (765) + (TA)n          Simple_repeat         1     65    (0)  116  
 4975    1.8  0.2  0.0  Sniffles2.INS.142S25   2954  3520  (198) + HSATI          Satellite             1    568    (0)  117  
 1074   12.9  0.7  0.0  Sniffles2.INS.142S25   3520  3674   (44) + AluY           SINE/Alu             13    168  (133)  118 *
   26   19.8  0.0  0.0  Sniffles2.INS.145S2       4    52    (0) + (TA)n          Simple_repeat         1     49    (0)  119  
  804    7.2  0.0  0.0  Sniffles2.INS.146S35      1    97    (0) C HERVL-int      LTR/ERVL         (2317)   3337   3241  120  
  251    6.7  0.0  0.0  Sniffles2.INS.147S38      1    30   (36) C Alu            SINE/Alu           (90)     43     14  121  
   39   16.1  4.8  0.0  Sniffles2.INS.149S33      1    83    (3) + (AT)n          Simple_repeat         1     87    (0)  122  
  214   20.1  1.1  0.0  Sniffles2.INS.14AS22      3    45  (122) + MIRc           SINE/MIR            110    155   (53)  123  
  206   27.0  0.0  6.0  Sniffles2.INS.14AS22     58   128   (39) + L2a            LINE/L2            3355   3421    (5)  124  
   23   23.4  0.0  0.0  Sniffles2.INS.14BS1       4    53    (1) + (C)n           Simple_repeat         1     50    (0)  125  
   46    1.8  6.9  0.0  Sniffles2.INS.14CS37      6    63    (0) + (TA)n          Simple_repeat         1     62    (0)  126  
 1270   12.0  1.6  0.6  Sniffles2.INS.14DS11      2  1366    (0) + ALR/Alpha      Satellite/centr       1   1378    (0)  127  
   38   10.4  0.0  0.0  Sniffles2.INS.14S25       1    62    (2) + (TCCAT)n       Simple_repeat         1     62    (0)  128  
 1009   15.8  0.9  0.0  Sniffles2.INS.14S2F       1   335    (2) + ALR/Alpha      Satellite/centr       1    337    (0)  129  
 1012   15.6  0.0  0.0  Sniffles2.INS.14S30       1   340    (2) + ALR/Alpha      Satellite/centr       1    340    (0)  130  
 1165    8.1  0.8  0.1  Sniffles2.INS.14SAD       4  1447    (1) C ACRO1          Satellite/acro     (59)   1454      1  131  
  797    8.2  3.7  1.2  Sniffles2.INS.151S25      6   166    (0) + SVA_A          Retroposon/SVA      652    816  (571)  132  
   12   23.5  2.5  0.0  Sniffles2.INS.152S0      87   126   (47) + (TCTTTTT)n     Simple_repeat         1     41    (0)  133  
   51   19.0  0.0  0.0  Sniffles2.INS.153S33      7   102    (0) + (TA)n          Simple_repeat         1     96    (0)  134  
   23   25.6  2.7  0.0  Sniffles2.INS.154S33      1    74    (6) + (TTAT)n        Simple_repeat         1     76    (0)  135  
  352   18.9  0.6  0.2  Sniffles2.INS.155S22      1   296  (553) + (AT)n          Simple_repeat         1    295    (0)  136  
  230   10.9  0.0  0.0  Sniffles2.INS.155S22    300   345  (504) C LTR66          LTR/ERVL          (171)    439    394  137  
  230   10.9  0.0  0.0  Sniffles2.INS.155S22    308   353  (496) + LTR66          LTR/ERVL            394    439  (171)  137  
  352   18.9  0.6  0.2  Sniffles2.INS.155S22    356   849    (0) + (AT)n          Simple_repeat         1    498    (0)  138  
  210    0.0  0.0  0.0  Sniffles2.INS.155S37      1   180    (0) + (CTCTCC)n      Simple_repeat         1    180    (0)  139  
  145   10.8  8.6  0.3  Sniffles2.INS.155S39      1   301    (0) + (AT)n          Simple_repeat         1    326    (0)  140  
   39    9.3  0.0  0.0  Sniffles2.INS.156S22      1    59    (1) + (CCTCT)n       Simple_repeat         1     59    (0)  141  
   51    2.8  3.8  3.8  Sniffles2.INS.156S38      4    82    (5) + (GGCTGAG)n     Simple_repeat         1     79    (0)  142  
   29    8.2  0.0  0.0  Sniffles2.INS.157S0       1    39   (22) + (A)n           Simple_repeat         1     39    (0)  143  
   27    7.0  2.1  2.1  Sniffles2.INS.157S0      40    47   (14) + (AAAATA)n      Simple_repeat         1     47    (0)  144  
 1097   14.4  0.3  0.0  Sniffles2.INS.157S23      1   680    (2) + ALR/Alpha      Satellite/centr       1    682    (0)  145  
   34   11.8  4.5  1.5  Sniffles2.INS.157S39      3    68    (2) + (AT)n          Simple_repeat         1     68    (0)  146  
 2439    8.2  0.0  0.3  Sniffles2.INS.158S25     17   321    (1) C AluSp          SINE/Alu            (5)    308      5  147  
  372    6.4  0.0  0.0  Sniffles2.INS.158S5      64   110    (0) + THE1C          LTR/ERVL-MaLR         1     47  (328)  148  
   37   12.3  0.0  0.0  Sniffles2.INS.158S6       1    62    (1) + (CACCAC)n      Simple_repeat         1     62    (0)  149  
  656    5.3  0.7  7.5  Sniffles2.INS.15BS2       5   147    (0) + SVA_E          Retroposon/SVA      646    779  (603)  150  
  495   18.5  4.7  5.9  Sniffles2.INS.15S15      10   572   (84) C HSATII         Satellite           (4)    556      1  151  
   23   23.7  0.0  0.0  Sniffles2.INS.15S15     589   647    (9) + (GAATG)n       Satellite             1     59    (0)  152  
 1099   14.2  0.9  0.0  Sniffles2.INS.15S2F       3   679    (1) + ALR/Alpha      Satellite/centr       1    682    (0)  153  
  949   14.6  3.2  0.0  Sniffles2.INS.15S30       1   166    (1) + ALR/Alpha      Satellite/centr       1    171    (0)  154  
  793   11.6  0.0  5.5  Sniffles2.INS.15S34       1   619    (2) C CER            Satellite           (0)    584      1  155  
  774   12.8  0.0  0.0  Sniffles2.INS.15S6F       1   125    (2) C ALR/Alpha      Satellite/centr     (2)    169     45  156  
  442   14.9 16.7  0.5  Sniffles2.INS.15S8        4   123    (9) + BSR/Beta       Satellite             1    139   (18)  157  
  233   11.4  0.0  0.0  Sniffles2.INS.160S1       1    35   (15) + L1M4b          LINE/L1            2303   2337 (4530)  158  
   12   23.7  0.0  2.7  Sniffles2.INS.161S1       5    42   (15) + (TATACA)n      Simple_repeat         1     37    (0)  159  
  209    7.7  1.4  0.3  Sniffles2.INS.162S6       1   296    (1) + (CCTCC)n       Simple_repeat         1    299    (0)  160  
  512    0.0  0.0  0.0  Sniffles2.INS.163S33      1    57    (0) C L1P1           LINE/L1          (2082)   4064   4008  161  
  516    6.7 10.2  0.0  Sniffles2.INS.163S35      1   952    (2) + (TA)n          Simple_repeat         1   1049    (0)  162  
   57    0.0  3.5  0.0  Sniffles2.INS.163S39      1    58    (0) + (TTTC)n        Simple_repeat         1     60    (0)  163  
  267   16.0  0.0  0.0  Sniffles2.INS.164S35     22    71    (0) C L1MB4          LINE/L1             (0)   6180   6131  164  
   35   16.7  0.0  0.0  Sniffles2.INS.164S39      3    63    (1) + (AT)n          Simple_repeat         1     61    (0)  165  
  142    6.0  5.5  1.6  Sniffles2.INS.167S25      1   236   (48) + (AAAG)n        Simple_repeat         1    245    (0)  166  
  506   16.6  7.4  5.4  Sniffles2.INS.168S33      1  1773    (0) + HSATII         Satellite             1   1807    (4)  167  
 2843    2.2  0.0  0.0  Sniffles2.INS.16AS11      4   314    (9) + AluY           SINE/Alu              1    311    (0)  168  
  528    2.6  0.0  2.6  Sniffles2.INS.16BS25      1    79    (0) C SVA_F          Retroposon/SVA    (520)    855    779  169  
 3795    1.6  0.9  0.0  Sniffles2.INS.16DS24     28   459    (0) C L1HS           LINE/L1             (0)   6155   5720  170  
 2970    0.3  0.0  0.3  Sniffles2.INS.16ES0      17   332    (0) + AluYb8         SINE/Alu              1    315    (3)  171  
  640   14.2  1.9  0.0  Sniffles2.INS.16ES6       4   109    (3) C U3             snRNA              (18)    199     92  172  
 1101   14.6  1.0  0.0  Sniffles2.INS.16S2F       1   336    (1) + ALR/Alpha      Satellite/centr       1    339    (0)  173  
  557   16.7 16.5  0.2  Sniffles2.INS.16S8        2   201    (0) + BSR/Beta       Satellite             1    232    (0)  174  
  655   12.6  0.0  0.0  Sniffles2.INS.16SA8       1    95    (1) C CER            Satellite           (0)     96      2  175  
   28   16.5  0.0  0.0  Sniffles2.INS.16SBD       1    54   (15) + (TTCCA)n       Simple_repeat         1     54    (0)  176  
  876    0.9 12.9  0.0  Sniffles2.INS.171S1       1   116    (0) + SVA_B          Retroposon/SVA      264    394  (989)  177  
  433    4.0  0.0  0.0  Sniffles2.INS.172S1       1    50    (0) C L1P2           LINE/L1           (426)   5728   5679  178  
   38    2.2  4.3  0.0  Sniffles2.INS.172S22      3    49   (11) + (ATATATATGA)n  Simple_repeat         1     49    (0)  179  
   39    6.2  7.2  0.0  Sniffles2.INS.172S25      5    73    (6) + (GGAGG)n       Simple_repeat         1     74    (0)  180  
  979    2.8  0.0  0.0  Sniffles2.INS.174S22      1   107   (19) + AluYe5         SINE/Alu            194    300   (10)  181  
   19   13.2  0.0  6.8  Sniffles2.INS.174S24     10    56    (2) + (CCCCA)n       Simple_repeat         1     44    (0)  182  
  503    6.0  4.6  3.4  Sniffles2.INS.175S18      7    93    (0) C HERVK11-int    LTR/ERVK         (4789)   3164   3077  183  
 2918    2.0  0.0  0.0  Sniffles2.INS.175S35      1   346  (447) C L1P1           LINE/L1           (750)   5396   5051  184 *
 4034    0.9  0.4  0.2  Sniffles2.INS.175S35    340   793    (0) + L1P1           LINE/L1            5366   5820  (335)  184  
  258   14.5  7.1  0.3  Sniffles2.INS.177S38      2   578    (0) + (TA)n          Simple_repeat         1    616    (0)  185  
   24   25.9  2.5  1.2  Sniffles2.INS.178S11      6    86    (4) + (CCCT)n        Simple_repeat         1     82    (0)  186  
   27    9.1  1.9  3.9  Sniffles2.INS.178S5       3    54    (0) + (GAAG)n        Simple_repeat         1     51    (0)  187  
  927   15.1  0.0  2.7  Sniffles2.INS.178S6       1   173    (1) + AluSx          SINE/Alu              1    298    (4)  188  
   62    0.0  0.0  0.0  Sniffles2.INS.179S35      1    55    (0) + (GAAGGA)n      Simple_repeat         1     55    (0)  189  
 1176   13.8  0.9  0.4  Sniffles2.INS.17S2F       1   676    (3) + ALR/Alpha      Satellite/centr       1    679    (0)  190  
 1222   13.0  0.6  0.0  Sniffles2.INS.17S30       1   676    (4) + ALR/Alpha      Satellite/centr       1    680    (0)  191  
 1201   15.0  0.8  0.0  Sniffles2.INS.17S65       1   341    (0) C ALR/Alpha      Satellite/centr    (41)    343      1  192  
  769   13.8  0.0  0.0  Sniffles2.INS.17SBA       1   169    (0) C ALR/Alpha      Satellite/centr    (37)    169      1  193  
   18   16.0  2.9  0.0  Sniffles2.INS.180S39    152   186 (4174) + (AT)n          Simple_repeat         1     36    (0)  194  
  414    7.7  0.0  0.0  Sniffles2.INS.180S39    276   327 (4033) C tRNA-Arg-CGY   tRNA               (24)     52      1  195  
 1446   21.7  3.9  0.3  Sniffles2.INS.180S39    560   864 (3496) C Tigger2a       DNA/TcMar-Tigger    (0)    434    119  196  
  225   27.8  9.7  0.0  Sniffles2.INS.180S39    877   948 (3412) + L2c            LINE/L2            3081   3159  (228)  197  
  211   22.0  1.4  9.2  Sniffles2.INS.180S39    951  1020 (3340) + L2c            LINE/L2            3314   3378    (9)  197  
  196   27.2  4.7  3.7  Sniffles2.INS.180S39   1051  1157 (3203) C L2c            LINE/L2            (98)   3289   3182  198  
 1550   20.7  2.7  0.3  Sniffles2.INS.180S39   1223  1522 (2838) C AluJb          SINE/Alu            (5)    307      1  199  
  536   13.7  0.0  3.2  Sniffles2.INS.181S24      1    98    (0) C LTR7B          LTR/ERV1          (186)    278    184  200  
  261    0.0  0.0  4.2  Sniffles2.INS.181S25      1    50    (0) C SVA_F          Retroposon/SVA    (624)    751    704  201  
  733    2.8  0.0  2.0  Sniffles2.INS.182S25      1   129    (0) C SVA_F          Retroposon/SVA    (520)    855    752  202  
  543    2.6  0.0  1.3  Sniffles2.INS.182S38      1    77    (1) C SVA_F          Retroposon/SVA    (529)    846    771  203  
  255    4.3  0.0  4.3  Sniffles2.INS.183S25      1    49    (1) C SVA_F          Retroposon/SVA    (624)    751    705  204  
  437   13.4  0.0  0.0  Sniffles2.INS.184S0       1    67    (1) C AluSz6         SINE/Alu          (153)    159     93  205  
 1328    0.0  0.3  0.0  Sniffles2.INS.184S5       1  1137    (0) + (TA)n          Simple_repeat         1   1141    (0)  206  
   74   17.2  2.9  2.9  Sniffles2.INS.186S5       1   171    (0) + (AT)n          Simple_repeat         1    171    (0)  207  
   21   19.1  9.1  0.0  Sniffles2.INS.188S6      19    95   (15) + G-rich         Low_complexity        1     84    (0)  208  
   32    8.8  0.0  2.0  Sniffles2.INS.189SBF      1    50    (4) + (AT)n          Simple_repeat         1     49    (0)  209  
   13    7.5  3.1  6.5  Sniffles2.INS.18BS31     29    60    (0) + (AATAT)n       Simple_repeat         1     31    (0)  210  
   62    0.0  6.8  0.0  Sniffles2.INS.18FS31      1    73    (0) + (TTCT)n        Simple_repeat         1     78    (0)  211  
  497   17.1  7.4  0.4  Sniffles2.INS.18S2      440   520  (195) C MLT1D          LTR/ERVL-MaLR       (0)    505    434  212  
  726   18.2 41.2  0.3  Sniffles2.INS.18S2      521   715    (0) + AluJb          SINE/Alu              2    250   (52)  213  
  250   13.9  0.0  0.0  Sniffles2.INS.18S2B       1    36   (27) C SVA_A          Retroposon/SVA   (1012)    375    340  214 *
  314   18.6  5.1  0.0  Sniffles2.INS.18S2B       5    63    (0) + AluJb          SINE/Alu            234    295    (7)  215  
 1099   13.7  0.7  0.3  Sniffles2.INS.18S2F       3   338    (0) + ALR/Alpha      Satellite/centr       1    337    (0)  216  
 1206   14.4  0.6  2.4  Sniffles2.INS.18S30       1  1352    (2) + ALR/Alpha      Satellite/centr       1   1328    (0)  217  
  258   12.8  0.0  0.0  Sniffles2.INS.18S34     128   174    (1) + L1P4           LINE/L1            4976   5022 (1124)  218  
  347   19.6  4.2  4.8  Sniffles2.INS.18S58       2   220   (10) C HSATII         Satellite           (7)    217      1  219  
 1144   14.8  0.6  0.4  Sniffles2.INS.18S6F       2  1702   (10) C ALR/Alpha      Satellite/centr    (62)   1704      1  220  
  450   14.1  0.0  0.0  Sniffles2.INS.18S8        1    71  (832) + BSR/Beta       Satellite            26     96   (40)  221  
 1582   19.0 12.2  0.4  Sniffles2.INS.18S8      185   628  (275) C LSAU           Satellite           (0)    498      3  222  
  728   18.6  0.0  0.7  Sniffles2.INS.18S8      640   902    (1) + BSR/Beta       Satellite             1    261    (0)  223  
   24   18.1  0.0  0.0  Sniffles2.INS.18SBD       1    50    (0) + (TCCAT)n       Simple_repeat         1     50    (0)  224  
   69    9.4  0.8  3.4  Sniffles2.INS.190S0       3   123    (4) + (ATAATAT)n     Simple_repeat         1    118    (0)  225  
   19   15.9  8.2  0.0  Sniffles2.INS.193S6       3    51    (1) + (TA)n          Simple_repeat         1     53    (0)  226  
  353    8.0  0.0  4.2  Sniffles2.INS.194S35      1    50    (1) + AluYh7         SINE/Alu             89    136  (175)  227  
   39    8.5  0.0  1.6  Sniffles2.INS.198S24      1    64    (5) + (TATGTCTATA)n  Simple_repeat         1     63    (0)  228  
 1259   13.6  0.6  0.1  Sniffles2.INS.199S11      1  1351    (4) + ALR/Alpha      Satellite/centr       1   1357    (2)  229  
   35   11.6  0.0  1.7  Sniffles2.INS.19FS31      1    59    (4) + (CCT)n         Simple_repeat         1     58    (0)  230  
  352   23.9  3.0  0.0  Sniffles2.INS.19S2B       9    75    (1) + AluYk3         SINE/Alu            224    292   (19)  231  
 1189   15.6  0.6  0.0  Sniffles2.INS.19S2F      11   679    (0) + ALR/Alpha      Satellite/centr       1    672    (0)  232  
  891   15.0  0.0  0.8  Sniffles2.INS.19S30       1   170    (1) + ALR/Alpha      Satellite/centr       1    168    (0)  233  
  258   12.8  0.0  0.0  Sniffles2.INS.19S34     526   572  (243) + L1P4           LINE/L1            4976   5022 (1124)  234  
 1166   13.2  0.3  0.2  Sniffles2.INS.19S65       1   341    (0) C ALR/Alpha      Satellite/centr    (17)    341      1  235  
  406   16.7  0.0  0.0  Sniffles2.INS.19S8        1    66    (1) + BSR/Beta       Satellite            30     95   (41)  236  
  531   13.6  0.0  0.0  Sniffles2.INS.1A1S0      13   100   (12) + LTR1A2         LTR/ERV1              7     94  (743)  237  
  328    4.8  0.0  0.0  Sniffles2.INS.1A1S0      69   110    (2) + LTR1A2         LTR/ERV1              7     48  (789)  237 *
   26    2.6  0.0  9.1  Sniffles2.INS.1AAS5      24    71    (5) + (ATATGTACAC)n  Simple_repeat         1     44    (0)  238  
 1221   11.6  1.4  3.5  Sniffles2.INS.1AES11     10  1793    (1) + HSATII         Satellite             1   1744    (1)  239  
   25   12.8  3.6  1.8  Sniffles2.INS.1AES22      1    55    (2) + (ATATAC)n      Simple_repeat         1     56    (0)  240  
   37    4.8  0.0  0.0  Sniffles2.INS.1AFS24      2    44    (3) + (TTCC)n        Simple_repeat         1     43    (0)  241  
  100    4.7  0.0  0.0  Sniffles2.INS.1AS16       1   110    (0) + (TGGAA)n       Simple_repeat         1    110    (0)  242  
 2490    4.7  1.0  0.0  Sniffles2.INS.1AS25      17   313    (1) + AluYg6         SINE/Alu              1    300   (11)  243  
 1037   14.7  1.6  0.0  Sniffles2.INS.1AS2F       4   337    (1) + ALR/Alpha      Satellite/centr       1    339    (0)  244  
  931   13.4  0.0  0.8  Sniffles2.INS.1AS30       1   170    (1) + ALR/Alpha      Satellite/centr       1    168    (0)  245  
   43    3.9  0.0  3.6  Sniffles2.INS.1AS4        1    57    (1) + (TCTATC)n      Simple_repeat         1     55    (0)  246  
  825   13.4  0.0  1.5  Sniffles2.INS.1AS8        1   201    (7) + BSR/Beta       Satellite             1    197    (4)  247  
   27   18.1  0.0  0.0  Sniffles2.INS.1ASBD       4    59    (1) + (TCCAT)n       Simple_repeat         1     56    (0)  248  
  854   16.8  0.6  0.0  Sniffles2.INS.1B2S1       1   161    (9) C ALR/Alpha      Satellite/centr     (9)    162      1  249  
  589   14.4  9.9  0.0  Sniffles2.INS.1B4S11      4   114    (3) + HSATII         Satellite            25    146   (24)  250  
  450   18.4  5.8  7.9  Sniffles2.INS.1B4SC0      9   573    (1) C HSATII         Satellite           (7)    553      1  251  
   79    5.8 13.0  0.0  Sniffles2.INS.1B5S37      1   161    (7) + (TA)n          Simple_repeat         1    182    (0)  252  
   29   18.9  0.0  0.0  Sniffles2.INS.1BS16       1    60    (0) + (GGAGT)n       Simple_repeat         1     60    (0)  253  
   62    0.0  0.0  0.0  Sniffles2.INS.1BS25       1    53    (0) + (TA)n          Simple_repeat         1     53    (0)  254  
  317   23.9  0.0  0.0  Sniffles2.INS.1BS2B       1    67   (17) + FRAM           SINE/Alu             90    156   (10)  255  
 1197   14.1  0.7  0.0  Sniffles2.INS.1BS30       1   507    (1) + ALR/Alpha      Satellite/centr       1    510    (0)  256  
  303   22.4  0.0  1.5  Sniffles2.INS.1BS8        1    68    (1) + BSR/Beta       Satellite            37    103   (33)  257  
 1204   11.0  0.0  0.0  Sniffles2.INS.1BSBA       1   342    (0) C ALR/Alpha      Satellite/centr    (51)    342      1  258  
   48    0.0  2.1  0.0  Sniffles2.INS.1C0S24      4    50    (0) + (AAGA)n        Simple_repeat         1     48    (0)  259  
   37   25.1  0.0  0.0  Sniffles2.INS.1C0S5       1    81    (3) + (TA)n          Simple_repeat         1     81    (0)  260  
  290   26.9  0.0  0.0  Sniffles2.INS.1C2S25      2    68    (1) + MIR            SINE/MIR              8     74  (188)  261  
  440   18.5  5.2  7.9  Sniffles2.INS.1C2SC0      2   642    (8) C HSATII         Satellite           (7)    623      1  262  
   53    0.0  0.0  2.0  Sniffles2.INS.1C3SF       1    52    (1) + (GAAA)n        Simple_repeat         1     51    (0)  263  
   54    0.0  1.9  0.0  Sniffles2.INS.1C5S22      1    52    (0) + (GGAA)n        Simple_repeat         1     53    (0)  264  
  461    3.8  0.0  6.4  Sniffles2.INS.1C6S25      1   100    (2) + SVA_C          Retroposon/SVA      674    775  (609)  265  
 2942    0.3  0.3  0.0  Sniffles2.INS.1C8S18      6   317    (0) + AluYb8         SINE/Alu              1    313    (5)  266  
   53    4.9  7.1  0.0  Sniffles2.INS.1C9S5       2    85    (0) + (AT)n          Simple_repeat         1     90    (0)  267  
 1410    7.3  5.5  1.5  Sniffles2.INS.1C9SF       1  2768    (3) + (CTTGGCTGG)n   Simple_repeat         1   2875    (0)  268  
 1113   12.4  0.4  0.0  Sniffles2.INS.1CAS23      1   340    (1) + ALR/Alpha      Satellite/centr       1    341    (0)  269  
 1190   15.0  0.5  0.3  Sniffles2.INS.1CBS18      1  4101    (1) C ALR/Alpha      Satellite/centr    (31)   4109      1  270  
   39    6.7  0.0  0.0  Sniffles2.INS.1CES31      1    47    (8) + (AT)n          Simple_repeat         1     47    (0)  271  
 1119   15.6  0.3  0.2  Sniffles2.INS.1CS2F      10  1025    (0) + ALR/Alpha      Satellite/centr       1   1016    (0)  272  
  822   12.9  0.0  0.8  Sniffles2.INS.1CS30       1   172    (0) + ALR/Alpha      Satellite/centr       1    170    (0)  273  
  550   20.4  5.5  2.7  Sniffles2.INS.1CS34       1   146   (15) C MST-int        LTR/ERVL-MaLR     (115)   1536   1387  274  
  602   15.8  0.0  0.5  Sniffles2.INS.1CS8        1   129    (8) + BSR/Beta       Satellite             1    128    (0)  275  
 1063   15.4  1.7  1.2  Sniffles2.INS.1CSBA       2  1858    (2) C ALR/Alpha      Satellite/centr    (43)   1867      1  276  
   34    9.1  0.0  0.0  Sniffles2.INS.1D0S22      1    47    (1) + (TA)n          Simple_repeat         1     47    (0)  277  
   85    0.0  0.0  0.0  Sniffles2.INS.1D0SC0      1    72    (0) + (TA)n          Simple_repeat         1     72    (0)  278  
   37    9.5  7.3  0.0  Sniffles2.INS.1D2S31      2    69    (2) + (TA)n          Simple_repeat         1     73    (0)  279  
   38   30.5  0.0  2.5  Sniffles2.INS.1D7S24      1   125  (110) + (CAT)n         Simple_repeat         1    122    (0)  280  
   34    7.7  3.6  0.0  Sniffles2.INS.1D7S24    129   184   (51) + (ACC)n         Simple_repeat         1     58    (0)  281  
  223   24.0  0.7  1.8  Sniffles2.INS.1D9S24     14   565    (2) + (ACC)n         Simple_repeat         1    546    (0)  282  
   42   22.8  2.8  0.9  Sniffles2.INS.1DASBF      1   109    (5) + (AT)n          Simple_repeat         1    111    (0)  283  
   65   18.0  0.7  2.2  Sniffles2.INS.1DBS24      5   143    (2) + (ACC)n         Simple_repeat         1    137    (0)  284  
 1080    8.1  0.4  0.0  Sniffles2.INS.1DBS33      1  1021    (1) C ACRO1          Satellite/acro     (45)   1025      1  285  
  182   29.0  3.2  1.6  Sniffles2.INS.1DDS0     161   223  (436) C MamTip2        DNA/hAT-Tip100     (99)    206    143  286  
  415   16.5  5.9  0.0  Sniffles2.INS.1DDS0     457   541  (118) + MSTB           LTR/ERVL-MaLR         1     90  (336)  287 *
  783   13.2  1.4 10.0  Sniffles2.INS.1DDS0     501   659    (0) C MER66B         LTR/ERV1           (13)    465    320  288  
 1080    7.0  0.2  0.0  Sniffles2.INS.1DDS33      1   437    (0) C ACRO1          Satellite/acro     (63)    437      1  289  
   67    1.4  1.4  1.4  Sniffles2.INS.1DS14       1    72    (0) + (CTT)n         Simple_repeat         1     72    (0)  290  
  117   22.0  1.1  0.4  Sniffles2.INS.1DS16       2   268    (5) + (GGAGT)n       Simple_repeat         1    269    (0)  291  
  121   20.3  0.4  0.0  Sniffles2.INS.1DS2B       7   251   (10) + (ATTCC)n       Simple_repeat         1    246    (0)  292  
 1065   14.0  1.7  0.0  Sniffles2.INS.1DS30       1   335    (3) + ALR/Alpha      Satellite/centr       1    340    (0)  293  
   47   16.9  0.0  0.0  Sniffles2.INS.1DS65       3    89    (1) + (GAATG)n       Simple_repeat         1     87    (0)  294  
 1047   16.4  0.8  0.5  Sniffles2.INS.1DS6F      11  1367    (1) C ALR/Alpha      Satellite/centr    (16)   1360      1  295  
  878    9.5  2.1  0.5  Sniffles2.INS.1DS8        1   197    (3) + BSR/Beta       Satellite             1    200    (0)  296  
 1153   14.1  1.6  0.7  Sniffles2.INS.1DSBA       1  2698    (2) C ALR/Alpha      Satellite/centr    (36)   2722      1  297  
  392   19.3  4.0  8.2  Sniffles2.INS.1DSBD      13   333   (12) + HSATII         Satellite             1    307    (5)  298  
 2844    1.6  0.0  0.0  Sniffles2.INS.1E2S33     15   319    (0) + AluYa5         SINE/Alu              1    305    (6)  299  
 2598    0.4  0.0  0.0  Sniffles2.INS.1E3S11     10   318    (0) C AluYa5         SINE/Alu            (0)    311     10  300  
   39    4.6 10.3  0.0  Sniffles2.INS.1E3S22      2    69    (4) + (AT)n          Simple_repeat         1     75    (0)  301  
 1329   12.4  1.2  0.3  Sniffles2.INS.1E4S11      1  1012    (0) + ALR/Alpha      Satellite/centr       1   1021    (2)  302  
  125    7.5  7.1  0.4  Sniffles2.INS.1E4SBF      1   255    (0) + (TA)n          Simple_repeat         1    272    (0)  303  
  195   10.1  4.4  3.3  Sniffles2.INS.1E6S25      5   389    (0) + G-rich         Low_complexity        1    389    (0)  304  
 1373   11.5  0.5  0.0  Sniffles2.INS.1E7S11      6   339    (1) + ALR/Alpha      Satellite/centr       1    335    (1)  305  
   64    0.0  0.0  1.6  Sniffles2.INS.1E7SBF      1    62    (0) + (AAAG)n        Simple_repeat         1     61    (0)  306  
 1402   12.2  0.2  0.0  Sniffles2.INS.1E8S11      1   679    (1) + ALR/Alpha      Satellite/centr       1    680    (2)  307  
 1269   12.9  0.4  0.0  Sniffles2.INS.1E9S11      1   675    (4) + ALR/Alpha      Satellite/centr       1    677    (4)  308  
  225   17.3  3.8  1.9  Sniffles2.INS.1E9S6     832   884  (446) + LTR2752        LTR/ERV1            764    817  (446)  309  
   36    4.8  0.0  0.0  Sniffles2.INS.1EAS37      1    43    (4) + (ATATATAAAT)n  Simple_repeat         1     43    (0)  310  
 1761    7.1  5.0  1.8  Sniffles2.INS.1EASF       4  3337    (3) + (TGGCTTGGC)n   Simple_repeat         1   3436    (0)  311  
 1402   11.9  0.2  0.0  Sniffles2.INS.1EBS11      1   679    (1) + ALR/Alpha      Satellite/centr       1    680    (2)  312  
  315    6.0  5.9  1.9  Sniffles2.INS.1ECS22      6    56   (26) C L1HS           LINE/L1          (5925)    107     55  313  
 1189   14.0  0.4  0.4  Sniffles2.INS.1EDS11      1   342    (0) + ALR/Alpha      Satellite/centr       1    341    (4)  314  
  368    2.0  6.1  0.0  Sniffles2.INS.1EES22      1    49    (9) C FRAM           SINE/Alu           (27)    149     98  315  
 1096   12.8  0.9  0.0  Sniffles2.INS.1ES30       3   679    (1) + ALR/Alpha      Satellite/centr       1    682    (0)  316  
   44   12.0  0.0  0.0  Sniffles2.INS.1ES58       1    81    (4) + (GGAAT)n       Simple_repeat         1     81    (0)  317  
  619   18.2  0.8  3.9  Sniffles2.INS.1ES6F       1   174    (1) C ALR/Alpha      Satellite/centr    (60)    168      1  318  
  454   17.1  5.3  6.7  Sniffles2.INS.1ESBD      10   788   (12) + HSATII         Satellite             1    768    (4)  319  
 1256   13.1  1.6  0.1  Sniffles2.INS.1F0S11      7   673    (3) + ALR/Alpha      Satellite/centr       1    676    (4)  320  
  238   15.0  5.0  0.0  Sniffles2.INS.1F1S5      19    58    (3) C AluJo          SINE/Alu          (253)     59     18  321  
   40    6.6  6.0  2.3  Sniffles2.INS.1F4S22      1    83    (0) + (TA)n          Simple_repeat         1     86    (0)  322  
   39   16.0  4.0  4.0  Sniffles2.INS.1F7S18      5   103    (3) + (TA)n          Simple_repeat         1     99    (0)  323  
 1154   15.6  1.1  0.1  Sniffles2.INS.1FCS2       2  4244    (1) + ALR/Alpha      Satellite/centr       1   4283    (0)  324  
   58    9.5  6.8  0.0  Sniffles2.INS.1FFS0       3   105    (0) + (AT)n          Simple_repeat         1    110    (0)  325  
  307   18.7  5.2  3.4  Sniffles2.INS.1FS16       2   117   (78) C HSATII         Satellite           (4)    166     49  326  
   43   10.8  0.0  0.0  Sniffles2.INS.1FS16     125   195    (0) + (TGGAG)n       Simple_repeat         1     71    (0)  327  
  259   20.4  0.0  2.1  Sniffles2.INS.1FS2B      12    60   (12) + AluSc          SINE/Alu            223    270   (39)  328  
  878   16.6  1.7  0.0  Sniffles2.INS.1FS2F       1   338    (0) + ALR/Alpha      Satellite/centr       1    343    (0)  329  
  703   15.4  0.2  0.2  Sniffles2.INS.1S14        1   477    (3) C CER            Satellite          (31)    477      1  330  
   69   10.4 10.8  0.5  Sniffles2.INS.1S2A        3   169    (1) + (TCATT)n       Simple_repeat         1    184    (0)  331  
 1235   12.6  1.1  0.0  Sniffles2.INS.1S2F        1   338    (0) + ALR/Alpha      Satellite/centr       1    341    (0)  332  
   37    0.0  2.4  2.4  Sniffles2.INS.1S33        1    42    (3) + (AAG)n         Simple_repeat         1     42    (0)  333  
 1252   13.0  2.2  3.4  Sniffles2.INS.1S36        1  1154    (0) C ALR/Alpha      Satellite/centr    (41)   1139      1  334  
  951   14.2  0.6  0.0  Sniffles2.INS.1S5D        5   166    (4) + ALR/Alpha      Satellite/centr       1    163    (8)  335  
 1083   13.9  0.0  0.4  Sniffles2.INS.1S77        1   342    (1) + ALR/Alpha      Satellite/centr       1    340    (0)  336  
  868   16.2  1.2  0.0  Sniffles2.INS.1S7B        1   167    (0) C ALR/Alpha      Satellite/centr     (0)    171      3  337  
 2569    2.9  0.0  7.7  Sniffles2.INS.1SAF       14   347    (0) + AluY           SINE/Alu              1    310    (1)  338  
   65   25.3  2.8  1.9  Sniffles2.INS.202S0      10   222    (0) + G-rich         Low_complexity        1    215    (0)  339  
 1377   12.1  0.4  0.3  Sniffles2.INS.203S11      2   337    (3) + ALR/Alpha      Satellite/centr       1    336    (2)  340  
 1337   13.1 12.1  1.4  Sniffles2.INS.203S18      1   264   (64) + AluSx          SINE/Alu             10    301    (1)  341  
  379   20.0  0.0  0.0  Sniffles2.INS.203S25      1    60    (2) C 7SLRNA         srpRNA            (251)     69     10  342  
   40    0.0  0.0  6.4  Sniffles2.INS.203S37      1    50    (2) + (TTTC)n        Simple_repeat         1     47    (0)  343  
 1281   11.5  0.9  0.0  Sniffles2.INS.204S11      1   332    (6) + ALR/Alpha      Satellite/centr       1    334    (2)  344  
   35   40.2  0.0  0.0  Sniffles2.INS.204S22      1   131   (11) + (TA)n          Simple_repeat         1    131    (0)  345  
 1407   12.0  0.4  0.0  Sniffles2.INS.205S11      3   337    (3) + ALR/Alpha      Satellite/centr       1    336    (2)  346  
   19   27.0  5.6  0.0  Sniffles2.INS.205S25      5    75    (1) + (GT)n          Simple_repeat         1     75    (0)  347  
   41    9.7  1.4  1.4  Sniffles2.INS.205S5       1    70    (0) + (TA)n          Simple_repeat         1     70    (0)  348  
 3314   13.4  9.6  2.5  Sniffles2.INS.205SBF      1  9561    (1) + (TA)n          Simple_repeat         1  10231    (0)  349  
   21   43.5  0.0  0.0  Sniffles2.INS.206S22     25   120    (1) + (AT)n          Simple_repeat         1     96    (0)  350  
  645    5.8  0.0  0.0  Sniffles2.INS.206S6       1    86    (0) C HERVS71-int    LTR/ERV1         (8702)    276    191  351  
 1033   14.9  0.7  0.6  Sniffles2.INS.207S11      4   340    (0) + ALR/Alpha      Satellite/centr       1    337    (0)  352  
   49    0.0  0.0  3.9  Sniffles2.INS.207S25      1    54    (0) + (AGAGA)n       Simple_repeat         1     52    (0)  353  
   38    8.3  0.0  0.0  Sniffles2.INS.208S22      1    51    (0) + (A)n           Simple_repeat         1     51    (0)  354  
   30    3.8  8.8  1.6  Sniffles2.INS.20AS0       1    57    (0) + (AAAG)n        Simple_repeat         1     61    (0)  355  
   16   19.6  0.0  4.7  Sniffles2.INS.20BS5       3    47    (4) + (TGGC)n        Simple_repeat         1     43    (0)  356  
   51    6.6  0.0  0.0  Sniffles2.INS.20ES24      1    64    (0) + (C)n           Simple_repeat         1     64    (0)  357  
  651   15.8  0.0  0.0  Sniffles2.INS.20ES5       7   101    (0) + AluJb          SINE/Alu              1     95  (217)  358  
   27    8.2  7.5  0.0  Sniffles2.INS.20FS22      3    55    (1) + (TATATG)n      Simple_repeat         1     57    (0)  359  
  393    9.2  6.2  0.0  Sniffles2.INS.20S15       1    65    (0) + HSATII         Satellite            45    113   (57)  360  
  330   15.2  0.0  0.0  Sniffles2.INS.20S2B       1    46    (6) + FRAM           SINE/Alu             98    143   (33)  361  
 1181   13.4  1.0  0.0  Sniffles2.INS.20S2F       1   338    (0) + ALR/Alpha      Satellite/centr       1    341    (0)  362  
  812   15.0  0.0  0.0  Sniffles2.INS.20S30       1   169    (2) + ALR/Alpha      Satellite/centr       1    169    (0)  363  
  425   16.4 11.4  3.7  Sniffles2.INS.20SBD      10   457   (52) + HSATII         Satellite             1    482    (8)  364  
   13   26.0  0.0  0.0  Sniffles2.INS.20SBD     468   508    (1) + (TCCAT)n       Simple_repeat         1     41    (0)  365  
   22   12.9  1.6  8.6  Sniffles2.INS.214S22      9    70    (1) + (TTCC)n        Simple_repeat         1     58    (0)  366  
 1245   14.0  0.8  0.2  Sniffles2.INS.215S11      7   680    (3) + ALR/Alpha      Satellite/centr       1    678    (4)  367  
   74    4.7 11.0  0.0  Sniffles2.INS.215SBF      3   156    (0) + (TA)n          Simple_repeat         1    171    (0)  368  
 2598    0.4  0.0  0.0  Sniffles2.INS.217S11     10   317    (0) C AluYa5         SINE/Alu            (0)    311     10  369  
 2598    0.4  0.0  0.0  Sniffles2.INS.218S11     10   316    (0) C AluYa5         SINE/Alu            (0)    311     10  370  
   43    0.0  0.0  0.0  Sniffles2.INS.219S0       6    45   (90) + (CCACT)n       Simple_repeat         1     40    (0)  371  
  312    9.8  0.0  0.0  Sniffles2.INS.219S0      46    86   (49) + Alu            SINE/Alu            213    253   (49)  372  
  771   14.3  0.0  0.4  Sniffles2.INS.219S11      1   170    (2) + ALR/Alpha      Satellite/centr       1    169    (1)  373  
  941   11.9  0.0  0.0  Sniffles2.INS.21AS11      1   164    (6) + ALR/Alpha      Satellite/centr       1    164    (0)  374  
 1250   12.5  0.2  0.2  Sniffles2.INS.21BS11      1   340    (0) + ALR/Alpha      Satellite/centr       1    340    (1)  375  
 3018    0.3  0.0  0.0  Sniffles2.INS.21S0       17   333    (2) + AluYb8         SINE/Alu              1    317    (1)  376  
  496   20.8  0.0  7.4  Sniffles2.INS.21S15       1   130    (0) + HSATII         Satellite            19    139   (31)  377  
  294   24.5  0.0  0.0  Sniffles2.INS.21S2B       1    53    (0) + AluYa5         SINE/Alu            227    279   (32)  378  
  931   13.4  0.0  0.8  Sniffles2.INS.21S30       1   170    (1) + ALR/Alpha      Satellite/centr       1    168    (0)  379  
  480   16.8  5.0 10.9  Sniffles2.INS.21S58       2   916    (8) C HSATII         Satellite          (12)    861      1  380  
  923   17.0  0.5  0.2  Sniffles2.INS.21S6F       1   510    (0) C ALR/Alpha      Satellite/centr    (47)    511      1  381  
  436   18.5  5.8  5.9  Sniffles2.INS.21SBD       1   665   (17) + HSATII         Satellite             1    664    (4)  382  
  770   13.9  0.0  0.8  Sniffles2.INS.223S11      1   170    (2) + ALR/Alpha      Satellite/centr       1    168    (1)  383  
  800   13.9  0.0  0.0  Sniffles2.INS.224S11      1   169    (2) + ALR/Alpha      Satellite/centr       1    169    (1)  384  
 1136   11.4  0.0  0.0  Sniffles2.INS.225S11      5   170    (0) + ALR/Alpha      Satellite/centr       3    168    (3)  385  
  771   14.7  0.0  0.0  Sniffles2.INS.226S11      1   169    (2) + ALR/Alpha      Satellite/centr       1    169    (1)  386  
   44   12.3  4.1  3.1  Sniffles2.INS.228S24      1    97    (0) + A-rich         Low_complexity        1     98    (0)  387  
   43   19.4  2.3  0.0  Sniffles2.INS.228S24      3    89    (8) + GA-rich        Low_complexity        1     89    (0)  388 *
   71   10.9  5.3  2.6  Sniffles2.INS.229S24      2   151    (0) + GA-rich        Low_complexity        1    154    (0)  389  
  269    6.2  6.3  0.8  Sniffles2.INS.22ASF       1   477   (11) + (TA)n          Simple_repeat         1    503    (0)  390  
   67    7.2  3.9  8.7  Sniffles2.INS.22ES5       2   157    (7) + (TA)n          Simple_repeat         1    149    (0)  391  
 1196   13.4  0.5  0.0  Sniffles2.INS.22S30       1   508    (1) + ALR/Alpha      Satellite/centr       1    510    (0)  392  
   48   24.2  0.0  0.0  Sniffles2.INS.22SBD       4   119    (1) + (TCCAT)n       Simple_repeat         1    116    (0)  393  
   59   10.3  3.5  0.0  Sniffles2.INS.233S5       5   118    (1) + (TA)n          Simple_repeat         1    118    (0)  394  
 2913    0.3  0.0  0.0  Sniffles2.INS.234SC0     16   321    (0) + AluYa5         SINE/Alu              1    306    (5)  395  
 2688    0.4  0.0  0.0  Sniffles2.INS.237SC0     13   321    (0) C AluYa5         SINE/Alu            (0)    311      1  396  
  605   13.1  9.2  1.2  Sniffles2.INS.23BS22      1  1508    (0) + (ATGAA)n       Simple_repeat         1   1628    (0)  397  
 1093   14.3  0.0  0.0  Sniffles2.INS.23BS23      7   341    (1) + ALR/Alpha      Satellite/centr       1    335    (0)  398  
   15   21.8  5.7  0.0  Sniffles2.INS.23BS5       9    61    (5) + (TACATA)n      Simple_repeat         1     56    (0)  399  
 1093   13.4  0.0  0.0  Sniffles2.INS.23CS23      1   340    (2) + ALR/Alpha      Satellite/centr       1    340    (0)  400  
   35   23.3  4.7  0.0  Sniffles2.INS.23DS5       1   107    (2) + (TATA)n        Simple_repeat         1    112    (0)  401  
  243    4.0  2.0  2.0  Sniffles2.INS.23ES18      1    51    (0) + SVA_F          Retroposon/SVA      687    737  (638)  402  
 1290   17.5  3.7  4.9  Sniffles2.INS.23S23      13   282   (10) + MER21B         LTR/ERVL            530    796   (72)  403  
  266   22.1  0.5  0.2  Sniffles2.INS.23S2B       4   568  (384) + (TGGAA)n       Simple_repeat         1    567    (0)  404  
   30    0.0  0.0  0.0  Sniffles2.INS.23S2B     570   598  (354) + (AGTGG)n       Simple_repeat         1     29    (0)  405  
   38   27.9  0.0  0.0  Sniffles2.INS.23S2B     605   712  (240) + (AATGG)n       Simple_repeat         1    108    (0)  406  
   36    8.2  0.0  0.0  Sniffles2.INS.23S2B     714   765  (187) + (GAGTG)n       Simple_repeat         1     52    (0)  407  
   76   24.7  0.0  0.0  Sniffles2.INS.23S2B     772   952    (0) + (TGGAG)n       Simple_repeat         1    181    (0)  408  
 1049   12.6  1.2  0.0  Sniffles2.INS.23S2F       3   337    (1) + ALR/Alpha      Satellite/centr       1    339    (0)  409  
 1197   14.3  0.5  0.0  Sniffles2.INS.23S30       1   508    (1) + ALR/Alpha      Satellite/centr       1    510    (0)  410  
 1030   16.5  0.7  0.0  Sniffles2.INS.23S6F       2   509    (0) C ALR/Alpha      Satellite/centr    (11)    511      1  411  
 1773    2.5 20.5  0.0  Sniffles2.INS.23S8        1   239    (0) + AluY           SINE/Alu              1    288   (13)  412  
   46    0.0  2.0  2.0  Sniffles2.INS.240S37      1    50    (3) + (TTTC)n        Simple_repeat         1     50    (0)  413  
   16   27.7  2.1  0.0  Sniffles2.INS.240SF       4    51    (3) + (AT)n          Simple_repeat         1     49    (0)  414  
   26   21.8  4.3  0.0  Sniffles2.INS.241SF       9    77    (5) + (TA)n          Simple_repeat         1     72    (0)  415  
 1158   12.9  0.5  0.7  Sniffles2.INS.242S11      7   340    (2) + ALR/Alpha      Satellite/centr       1    333    (4)  416  
 2907    0.6  0.0  0.3  Sniffles2.INS.243S37     10   348    (0) + AluYk2         SINE/Alu              1    311    (0)  417  
  925   11.5  0.0 11.7  Sniffles2.INS.244S18     11   325    (1) + SVA_A          Retroposon/SVA      578    859  (528)  418  
   41    8.2  0.0  0.0  Sniffles2.INS.247S37      1    53    (4) + (TA)n          Simple_repeat         1     53    (0)  419  
 1255   13.0  0.4  0.6  Sniffles2.INS.249S11      1   341    (0) + ALR/Alpha      Satellite/centr       1    340    (1)  420  
   47    2.0  2.0  0.0  Sniffles2.INS.249S25      1    51    (1) + (GGAA)n        Simple_repeat         1     52    (0)  421  
   79   18.1  0.0  0.0  Sniffles2.INS.24AS0       6   152   (15) + (TGGTGG)n      Simple_repeat         1    147    (0)  422  
 1014   12.3  0.7  0.0  Sniffles2.INS.24BS11      2   338    (1) + ALR/Alpha      Satellite/centr       1    339    (0)  423  
 1173   11.6  0.3  0.3  Sniffles2.INS.24ES11      2   681    (0) + ALR/Alpha      Satellite/centr       1    679    (0)  424  
   64    6.0  2.3  0.0  Sniffles2.INS.24FS24      1    87    (0) + (GGCTGTGGAG)n  Simple_repeat         1     89    (0)  425  
   59    5.5  0.0  0.0  Sniffles2.INS.24S25       1    77    (1) + (AGG)n         Simple_repeat         1     77    (0)  426  
 1124   11.5  1.3  0.0  Sniffles2.INS.24S30       1   336    (2) + ALR/Alpha      Satellite/centr       1    340    (0)  427  
 1019   16.5  0.7  0.0  Sniffles2.INS.24S6F       1   671    (9) C ALR/Alpha      Satellite/centr     (9)    675      1  428  
   31   27.2  0.0  0.0  Sniffles2.INS.24SBD       3    90   (65) + (TCCAT)n       Simple_repeat         1     88    (0)  429  
   34   11.0  0.0  0.0  Sniffles2.INS.24SBD      96   154    (1) + (ATTCC)n       Simple_repeat         1     59    (0)  430  
 1177   15.0  1.2  0.0  Sniffles2.INS.251S33      1   677    (0) + ALR/Alpha      Satellite/centr       1    684    (0)  431  
  153    5.3 10.2  0.0  Sniffles2.INS.251S37      1   314    (3) + (TA)n          Simple_repeat         1    346    (0)  432  
  278   11.3  3.7  1.8  Sniffles2.INS.253S24      1    54    (8) C THE1D          LTR/ERVL-MaLR     (253)    128     74  433  
   37    0.0  5.1  0.0  Sniffles2.INS.254S5      12    50    (0) + (AT)n          Simple_repeat         1     41    (0)  434  
 1153   13.1  0.8  0.7  Sniffles2.INS.256S11      6   337    (2) + ALR/Alpha      Satellite/centr       1    332    (4)  435  
 1059   15.2  0.9  1.5  Sniffles2.INS.256S33      1   336    (8) + ALR/Alpha      Satellite/centr       1    333    (2)  436  
 1142   15.0  0.7  0.0  Sniffles2.INS.257S33      4   677    (4) + ALR/Alpha      Satellite/centr       1    678    (0)  437  
  989   12.2  0.3  1.2  Sniffles2.INS.258S11      1   343    (0) + ALR/Alpha      Satellite/centr       1    339    (0)  438  
 1177   13.5  0.5  0.0  Sniffles2.INS.25AS33      1   680    (1) + ALR/Alpha      Satellite/centr       1    683    (0)  439  
 1270   13.6  0.3  0.3  Sniffles2.INS.25BS11      1   677    (3) + ALR/Alpha      Satellite/centr       1    677    (4)  440  
   29   20.0  0.0  0.0  Sniffles2.INS.25DS0      44   100    (0) + A-rich         Low_complexity        1     57    (0)  441  
  964   13.8  1.8  0.0  Sniffles2.INS.25DS33      1   167    (0) + ALR/Alpha      Satellite/centr       1    170    (1)  442  
  918   16.7  0.6  0.0  Sniffles2.INS.25ES33      2   169    (1) + ALR/Alpha      Satellite/centr       3    171    (0)  443  
  310   15.9  0.0  0.0  Sniffles2.INS.25S16       6    49    (0) + AluJb          SINE/Alu            234    277   (35)  444  
  229    6.2  6.2  0.0  Sniffles2.INS.25S25      21    52    (2) + MLT1D          LTR/ERVL-MaLR         1     34  (471)  445  
  323   13.6  0.0  0.0  Sniffles2.INS.25S2B       2    45    (3) + AluJb          SINE/Alu            234    277   (35)  446  
  873   15.7  2.1  0.1  Sniffles2.INS.25S2F       1   338    (0) + ALR/Alpha      Satellite/centr       1    344    (0)  447  
  754   18.4  0.0  0.0  Sniffles2.INS.25S30       1   171    (0) + ALR/Alpha      Satellite/centr       1    171    (0)  448  
 1052   14.7  1.2  1.1  Sniffles2.INS.25S6F       6   681    (1) C ALR/Alpha      Satellite/centr     (0)    676      1  449  
   12   27.7  4.3  2.9  Sniffles2.INS.262S0      18    86   (14) + (ACTT)n        Simple_repeat         1     70    (0)  450  
   56    0.0  2.0  0.0  Sniffles2.INS.264S0       1    51    (0) + (TC)n          Simple_repeat         1     52    (0)  451  
  413    1.1  0.0  0.0  Sniffles2.INS.264SF      85   475    (4) + (T)n           Simple_repeat         1    391    (0)  452  
   90    1.2  0.0  0.0  Sniffles2.INS.266S18      9    92  (148) + (T)n           Simple_repeat         1     84    (0)  453  
 1379    2.0  0.0  0.0  Sniffles2.INS.266S18     93   240    (0) C AluYe5         SINE/Alu           (30)    280    133  454  
   21   16.4  6.2  0.0  Sniffles2.INS.266S37      1    48    (2) + (TA)n          Simple_repeat         1     51    (0)  455  
   32   19.5  1.5  0.0  Sniffles2.INS.267S22      1    65    (2) + (AT)n          Simple_repeat         1     66    (0)  456  
   23   22.3  1.9  0.0  Sniffles2.INS.269S37      1    53    (2) + (TA)n          Simple_repeat         1     54    (0)  457  
   50    0.0  3.9  0.0  Sniffles2.INS.26AS22      1    52    (3) + (AAAG)n        Simple_repeat         1     54    (0)  458  
   46    4.5  5.8  0.0  Sniffles2.INS.26CS18      1    69    (1) + (ACC)n         Simple_repeat         1     73    (0)  459  
   86   11.8  0.0  0.0  Sniffles2.INS.26DS18      2   132    (1) + (CAC)n         Simple_repeat         1    131    (0)  460  
   85   17.5  0.6  0.6  Sniffles2.INS.26S16       2   165    (4) + (TGGAG)n       Simple_repeat         1    164    (0)  461  
  348    8.3  4.2  0.0  Sniffles2.INS.26S25       7    54   (47) + MLT1D          LTR/ERVL-MaLR         1     50  (455)  462  
  239    9.5  4.4  6.8  Sniffles2.INS.26S25      56   100    (1) + MLT1D          LTR/ERVL-MaLR         1     44  (461)  462  
 1069   15.8  0.6  4.6  Sniffles2.INS.26S2F       1   682    (1) + ALR/Alpha      Satellite/centr       1    654    (0)  463  
 1349    0.0  0.0  0.0  Sniffles2.INS.26S6F      14   176    (0) + AluY           SINE/Alu            161    311    (0)  464  
  978   14.2  0.2  1.2  Sniffles2.INS.26S8        6  1422    (1) + BSR/Beta       Satellite             1   1402    (4)  465  
   29   12.3  8.1  0.0  Sniffles2.INS.270S37      1    62    (4) + (AT)n          Simple_repeat         1     67    (0)  466  
  481   18.9  5.0 10.6  Sniffles2.INS.270SC0     13  1441    (0) C HSATII         Satellite           (4)   1349      1  467  
   23    0.0  0.0  0.0  Sniffles2.INS.271S22     22    46    (8) + (A)n           Simple_repeat         1     25    (0)  468  
 1089   14.0  0.8  0.1  Sniffles2.INS.276S33      1   845    (4) + ALR/Alpha      Satellite/centr       1    850    (0)  469  
  404   19.6  1.1  1.1  Sniffles2.INS.277S0     163   255   (13) + L1MEc          LINE/L1            1306   1398 (5002)  470  
   70    6.1  0.0  0.0  Sniffles2.INS.279SC0      1    85    (0) + (AATGG)n       Simple_repeat         1     85    (0)  471  
  163   14.8  1.1  0.0  Sniffles2.INS.27BSBF      1   275    (2) + (AT)n          Simple_repeat         1    278    (0)  472  
  115    0.0  0.0  0.0  Sniffles2.INS.27CS0       1   100    (0) + (T)n           Simple_repeat         1    100    (0)  473  
   52    6.4  0.0  0.0  Sniffles2.INS.27DSC0      1    65    (0) + (AATGG)n       Simple_repeat         1     65    (0)  474  
   36    6.7  0.0  0.0  Sniffles2.INS.27ESC0      1    47    (3) + (ATGGA)n       Simple_repeat         1     47    (0)  475  
   94   18.0  4.3  3.1  Sniffles2.INS.27FS0       8   260    (6) + (TA)n          Simple_repeat         1    256    (0)  476  
   30   17.2  0.0  0.0  Sniffles2.INS.27S16       1    59    (1) + (AATGG)n       Simple_repeat         1     59    (0)  477  
  253   24.1  3.5  0.0  Sniffles2.INS.27S2B       5    62    (0) + AluJb          SINE/Alu            229    288   (14)  478  
 1059   14.0  1.0  1.4  Sniffles2.INS.27S2F       6   667    (9) + ALR/Alpha      Satellite/centr       1    659    (0)  479  
   13   15.9  0.0  0.0  Sniffles2.INS.27S58       1    28   (22) + (GAATG)n       Satellite             1     28    (0)  480  
  406   17.9  3.1 13.6  Sniffles2.INS.280SC0      7   315    (2) C HSATII         Satellite           (4)    276      1  481  
   30    0.0  0.0  0.0  Sniffles2.INS.283SC0      1    29  (857) + (AATGG)n       Simple_repeat         1     29    (0)  482  
  444   18.2  2.9 10.1  Sniffles2.INS.283SC0     35   866   (20) C HSATII         Satellite          (12)    772      1  483  
 2719    2.6  0.3  0.0  Sniffles2.INS.285S38     17   321    (2) + AluYk2         SINE/Alu              1    306    (5)  484  
  325   19.2  3.7 10.5  Sniffles2.INS.285SC0      2   199  (331) C HSATII         Satellite           (4)    184      1  485  
   45   24.6  0.0  0.0  Sniffles2.INS.285SC0    210   319  (211) + (GAATG)n       Satellite             1    110    (0)  486  
  322   16.8  8.4 13.4  Sniffles2.INS.285SC0    328   526    (4) C HSATII         Satellite           (5)    189      1  487  
  460   17.7  4.7 10.5  Sniffles2.INS.286SC0     35  1397    (3) C HSATII         Satellite           (5)   1283      1  488  
   35    8.3  0.0  0.0  Sniffles2.INS.288SC0      5    55    (0) + (GAATG)n       Satellite             1     51    (0)  489  
   94    4.9  0.0  0.0  Sniffles2.INS.289SC0      1   105    (0) + (AATGG)n       Simple_repeat         1    105    (0)  490  
   27   12.8  3.8  0.0  Sniffles2.INS.289SF       4    56    (0) + (TATATG)n      Simple_repeat         1     55    (0)  491  
  466   14.3  0.0  3.6  Sniffles2.INS.28BS11     16   102    (9) + L1MB8          LINE/L1            6091   6174    (4)  492  
  402   20.2  5.5  7.0  Sniffles2.INS.28BSC0     20   971    (0) C HSATII         Satellite           (4)    936      1  493  
   75    5.8  0.0  0.0  Sniffles2.INS.28CSC0      1    89    (1) + (AATGG)n       Simple_repeat         1     89    (0)  494  
  175   10.1  5.6  2.0  Sniffles2.INS.28DSF       2   341    (2) + GA-rich        Low_complexity        1    352    (0)  495  
  875   17.9  0.6  0.0  Sniffles2.INS.28ES33      2   169    (1) + ALR/Alpha      Satellite/centr       3    171    (0)  496  
  480   18.1  3.6 11.5  Sniffles2.INS.28ESC0      1   867    (0) C HSATII         Satellite          (13)    798      1  497  
  481   19.1  5.2  9.9  Sniffles2.INS.28FSC0      2  1435    (7) C HSATII         Satellite           (7)   1366      1  498  
  302   17.6  0.0  0.0  Sniffles2.INS.28S2B       2    52    (0) + FRAM           SINE/Alu            102    152   (24)  499  
 1049   12.6  1.2  0.0  Sniffles2.INS.28S2F       3   337    (1) + ALR/Alpha      Satellite/centr       1    339    (0)  500  
 1150   15.1  1.5  0.2  Sniffles2.INS.28S30       1  1866    (3) + ALR/Alpha      Satellite/centr       1   1890    (0)  501  
  918   16.7  0.6  0.0  Sniffles2.INS.291S33      2   169    (1) + ALR/Alpha      Satellite/centr       3    171    (0)  502  
  480   18.4  2.5 12.4  Sniffles2.INS.292SC0      1   843    (9) C HSATII         Satellite          (10)    759      1  503  
   61   18.7  5.7  3.0  Sniffles2.INS.293S13      4   197    (2) + (ATATATAA)n    Simple_repeat         1    199    (0)  504  
 2278   16.1  3.7  1.0  Sniffles2.INS.293S22      1   401    (4) C LOR1a          LTR/ERV1           (15)    482     71  505  
  371   18.3  5.6  7.2  Sniffles2.INS.293SC0      3   336  (805) C HSATII         Satellite          (56)    328      1  506  
  444   19.0  5.7  7.7  Sniffles2.INS.293SC0    350  1137    (4) C HSATII         Satellite           (9)    771      1  506  
 1100   16.6  0.1  0.1  Sniffles2.INS.294S33      1   341    (1) + ALR/Alpha      Satellite/centr       1    341    (0)  507  
   54   13.2  0.0  1.1  Sniffles2.INS.294SC0      1    93  (808) + (AATGG)n       Simple_repeat         1     92    (0)  508  
  504   16.2  5.2 11.8  Sniffles2.INS.294SC0     96   899    (2) C HSATII         Satellite           (7)    750      1  509  
   70    6.1  0.0  0.0  Sniffles2.INS.295SC0      1    85    (0) + (AATGG)n       Simple_repeat         1     85    (0)  510  
  406   17.9  3.1 13.6  Sniffles2.INS.297SC0      7   315    (2) C HSATII         Satellite           (4)    276      1  511  
   20    7.4  9.3  0.0  Sniffles2.INS.298S24      6    48    (5) + (GTGA)n        Simple_repeat         1     47    (0)  512  
  494    8.1  0.0  0.0  Sniffles2.INS.299S18      1    74    (0) + MSR1           Satellite            10     83   (28)  513  
   40    3.6  7.0  0.0  Sniffles2.INS.29DS11      1    57    (4) + (AT)n          Simple_repeat         1     61    (0)  514  
   19   21.1  4.1  0.0  Sniffles2.INS.29DS37      1    49    (3) + (AT)n          Simple_repeat         1     51    (0)  515  
   25    9.8  8.9  0.0  Sniffles2.INS.29ESF       7    62    (2) + (CTTC)n        Simple_repeat         1     61    (0)  516  
 1000   17.7  0.2  0.0  Sniffles2.INS.29S2F       3   340    (0) + ALR/Alpha      Satellite/centr       1    338    (0)  517  
  987   13.5  2.0  0.0  Sniffles2.INS.29S30       1   337    (0) + ALR/Alpha      Satellite/centr       1    343    (0)  518  
   93    0.0  0.0  0.0  Sniffles2.INS.2A0S5       1   101    (0) + (A)n           Simple_repeat         1    101    (0)  519  
 1820    5.2  1.3 13.1  Sniffles2.INS.2A4S11      1   559    (5) C SVA_F          Retroposon/SVA    (520)    855    422  520  
   50    0.0  0.0  0.0  Sniffles2.INS.2A5S0       1    45   (10) + (TTTC)n        Simple_repeat         1     45    (0)  521  
  340   11.4  4.2  0.0  Sniffles2.INS.2A7S18      2    63   (12) + L1MA5          LINE/L1            6075   6148  (149)  522  
 1061   14.0  0.0  0.5  Sniffles2.INS.2A7S23      1   308    (9) C ALR/Alpha      Satellite/centr    (36)    306      1  523  
   30    0.0  0.0  0.0  Sniffles2.INS.2A7SC0      1    29  (857) + (AATGG)n       Simple_repeat         1     29    (0)  524  
  444   18.2  2.9 10.1  Sniffles2.INS.2A7SC0     35   866   (20) C HSATII         Satellite          (12)    772      1  525  
 1071    8.8  0.0  0.7  Sniffles2.INS.2A8S11      1   136    (0) C AluSq          SINE/Alu          (101)    212     78  526  
   42    6.0  0.0  0.0  Sniffles2.INS.2A8SC0      1    52    (3) + (ATGGA)n       Simple_repeat         1     52    (0)  527  
   35    4.5  4.3  0.0  Sniffles2.INS.2ADS37      4    49    (1) + (AT)n          Simple_repeat         1     48    (0)  528  
   28   19.4  0.0  0.0  Sniffles2.INS.2AES24      3    58    (0) + (TGG)n         Simple_repeat         1     56    (0)  529  
  233   10.9 10.9  0.0  Sniffles2.INS.2AFS13     16    61   (49) C AluJb          SINE/Alu          (179)    123     73  530  
  189    4.8  2.1  3.3  Sniffles2.INS.2AS25      33   311   (18) + (ATATATAC)n    Simple_repeat         1    276    (0)  531  
 1070   14.6  1.7  0.4  Sniffles2.INS.2AS2F       1   338    (1) + ALR/Alpha      Satellite/centr       1    342    (0)  532  
   33   16.8  2.9  0.0  Sniffles2.INS.2B0SBF    236   380   (14) + (TATACG)n      Simple_repeat         1    149    (0)  533  
   29   24.2  2.3  2.3  Sniffles2.INS.2B0SBF    305   391    (3) + (ACATAT)n      Simple_repeat         1     87    (0)  534  
  480   13.3  3.8 12.1  Sniffles2.INS.2B1SC0      1   223    (3) + HSATII         Satellite             1    204    (4)  535  
 1386    0.0  0.4  0.5  Sniffles2.INS.2B9S13      1  1219    (0) + (AAG)n         Simple_repeat         1   1218    (0)  536  
   35    0.0  3.6  7.5  Sniffles2.INS.2BAS11      1    55    (6) + (TA)n          Simple_repeat         1     53    (0)  537  
 1101   15.2  1.0  0.0  Sniffles2.INS.2BS2F       1   679    (1) + ALR/Alpha      Satellite/centr       1    685    (0)  538  
 1033   16.6  0.0  0.0  Sniffles2.INS.2BS30       5   513    (0) + ALR/Alpha      Satellite/centr       1    509    (0)  539  
  446   10.4  0.0  1.5  Sniffles2.INS.2BS8        1    68    (1) + BSR/Beta       Satellite            49    115   (21)  540  
   26   13.8  1.6  5.0  Sniffles2.INS.2C1S13      2    63    (0) + (CCT)n         Simple_repeat         1     60    (0)  541  
  379   21.1  0.0  0.0  Sniffles2.INS.2C1S24     30   100  (936) C LTR8B          LTR/ERV1          (670)    150     80  542  
  422   18.3  0.0  0.0  Sniffles2.INS.2C1S24    104   174  (862) C LTR8B          LTR/ERV1          (670)    150     80  542  
  379   21.1  0.0  0.0  Sniffles2.INS.2C1S24    178   248  (788) C LTR8B          LTR/ERV1          (670)    150     80  542  
  402   19.7  0.0  0.0  Sniffles2.INS.2C1S24    252   322  (714) C LTR8B          LTR/ERV1          (670)    150     80  542  
  396   19.7  0.0  0.0  Sniffles2.INS.2C1S24    326   396  (640) C LTR8B          LTR/ERV1          (670)    150     80  542  
  362   23.9  0.0  0.0  Sniffles2.INS.2C1S24    400   470  (566) C LTR8B          LTR/ERV1          (670)    150     80  542  
  294   15.2  0.0  0.0  Sniffles2.INS.2C1S24    474   519  (517) C LTR8B          LTR/ERV1          (670)    150    105  543  
  360   22.5  0.0  0.0  Sniffles2.INS.2C1S24    520   590  (446) C LTR8B          LTR/ERV1          (670)    150     80  543  
  382   22.5  0.0  0.0  Sniffles2.INS.2C1S24    594   664  (372) C LTR8B          LTR/ERV1          (670)    150     80  543  
  349   22.9  0.0  0.0  Sniffles2.INS.2C1S24    668   737  (299) C LTR8B          LTR/ERV1          (670)    150     81  543  
  379   21.1  0.0  0.0  Sniffles2.INS.2C1S24    743   813  (223) C LTR8B          LTR/ERV1          (670)    150     80  543  
  416   18.3  0.0  0.0  Sniffles2.INS.2C1S24    817   887  (149) C LTR8B          LTR/ERV1          (670)    150     80  543  
  319   22.9  1.4  0.0  Sniffles2.INS.2C1S24    891   960   (76) C LTR8B          LTR/ERV1          (670)    150     80  543  
  379   21.1  0.0  0.0  Sniffles2.INS.2C1S24    964  1034    (2) C LTR8B          LTR/ERV1          (670)    150     80  543  
   61    9.8  2.6  3.5  Sniffles2.INS.2C1SF       1   117    (0) + (TATATAT)n     Simple_repeat         1    116    (0)  544  
  287    2.1  0.0  2.1  Sniffles2.INS.2C8SF       1    48    (2) + SVA_F          Retroposon/SVA      705    751  (624)  545  
   37    4.3  4.2  0.0  Sniffles2.INS.2CAS37      1    48    (2) + (TA)n          Simple_repeat         1     50    (0)  546  
  803   10.0  0.0  1.5  Sniffles2.INS.2CASC0      2   136    (2) C BSR/Beta       Satellite          (56)    132      1  547  
 1651    3.8  3.4  0.9  Sniffles2.INS.2CASF       7   286    (1) + L1P3           LINE/L1            5169   5453  (719)  548  
   16   31.3  0.0  0.0  Sniffles2.INS.2CBS11      1    43   (14) + (AT)n          Simple_repeat         1     43    (0)  549  
   49    3.2  4.5  1.5  Sniffles2.INS.2CCS37      1    66    (0) + (AT)n          Simple_repeat         1     68    (0)  550  
  312   12.2  2.0  2.0  Sniffles2.INS.2CFS35      1    50    (6) + Tigger3b       DNA/TcMar-Tigger    127    176 (1055)  551  
 2063   12.7  1.0  0.6  Sniffles2.INS.2CS25      14   323   (38) + AluSx          SINE/Alu              2    312    (0)  552  
  287   18.4  0.0  0.0  Sniffles2.INS.2CS2B       7    55    (6) + Alu            SINE/Alu             89    137   (29)  553  
  707   18.8  0.0  0.0  Sniffles2.INS.2CS2F       1   171    (0) + ALR/Alpha      Satellite/centr       1    171    (1)  554  
 1041   15.4  0.6  0.4  Sniffles2.INS.2CS30       1   681    (2) + ALR/Alpha      Satellite/centr       1    682    (0)  555  
   45   36.3  1.2  1.2  Sniffles2.INS.2CS31       1   166    (0) + (TA)n          Simple_repeat         1    166    (0)  556  
 1072    8.8  0.0  0.4  Sniffles2.INS.2CS8        1   204    (0) + BSR/Beta       Satellite             1    203    (0)  557  
  427   12.3  1.5  0.0  Sniffles2.INS.2CSBD       1    65    (2) + BSR/Beta       Satellite            43    108   (28)  558  
 2689    1.4  0.0  0.0  Sniffles2.INS.2D4S0       9   341    (0) C AluYb8         SINE/Alu            (0)    318      2  559  
   46    2.5 12.1  0.0  Sniffles2.INS.2D5S37      1    83    (7) + (TA)n          Simple_repeat         1     93    (0)  560  
  897   11.5  0.0  1.0  Sniffles2.INS.2D5SC0      1   274    (0) C BSR/Beta       Satellite          (13)    271      1  561  
   23   11.2  6.1  0.0  Sniffles2.INS.2D7S11      2    50   (21) + G-rich         Low_complexity        1     52    (0)  562  
  251   19.4  2.3  0.0  Sniffles2.INS.2D7S13      5   179   (29) + HERVIP10FH-int LTR/ERV1            820    998 (4104)  563  
   22    7.2  0.0  0.0  Sniffles2.INS.2D7S13    180   208    (0) + (GA)n          Simple_repeat         1     29    (0)  564  
  441   19.5 18.3  0.0  Sniffles2.INS.2D8S35     11    27  (147) + SVA_D          Retroposon/SVA       98    205 (1181)  565  
  853    6.7  5.9  0.7  Sniffles2.INS.2D8S35     28   163   (11) C AluY           SINE/Alu           (99)    202     60  566  
  441   19.5 18.3  0.0  Sniffles2.INS.2D8S35    164   174    (0) + SVA_D          Retroposon/SVA      206    291 (1095)  565  
   50    2.0  0.0  0.0  Sniffles2.INS.2D9S0       2    51    (3) + (AGAGA)n       Simple_repeat         1     50    (0)  567  
   37    7.3  1.6  3.3  Sniffles2.INS.2D9S35      1    62   (10) + (AT)n          Simple_repeat         1     61    (0)  568  
 1180   14.7  0.4  0.3  Sniffles2.INS.2D9S4       1  1129 (7121) + ALR/Alpha      Satellite/centr       1   1130    (1)  569  
 1309   13.5  0.4  0.3  Sniffles2.INS.2D9S4    1150  4828 (3422) + ALR/Alpha      Satellite/centr       1   3683    (0)  569  
 2727    0.3  0.0  0.3  Sniffles2.INS.2D9S4    4834  5151 (3099) C AluYb9         SINE/Alu            (0)    318      1  570  
 1302   13.3  0.6  0.0  Sniffles2.INS.2D9S4    5160  6069 (2181) + ALR/Alpha      Satellite/centr       1    915    (0)  571  
 2406    3.2  0.3  0.3  Sniffles2.INS.2D9S4    6071  6401 (1849) C AluY           SINE/Alu            (0)    301      2  572  
 1156   14.9  0.9  0.2  Sniffles2.INS.2D9S4    6382  8249    (1) + ALR/Alpha      Satellite/centr       1   1882    (0)  573 *
   19    5.1  4.1  8.5  Sniffles2.INS.2DCS37      2    50    (1) + GA-rich        Low_complexity        1     47    (0)  574  
   38   12.0  0.0  0.0  Sniffles2.INS.2DCS5       1    72    (8) + (GGGGACTGAT)n  Simple_repeat         1     72    (0)  575  
  101    0.0  0.0  0.0  Sniffles2.INS.2DES35      1    88    (0) + (G)n           Simple_repeat         1     88    (0)  576  
   27   24.4  0.0  0.0  Sniffles2.INS.2DS23       1    57    (0) + (T)n           Simple_repeat         1     57    (0)  577  
  806   15.4  1.9  1.9  Sniffles2.INS.2DS25       1   159   (12) + ALR/Alpha      Satellite/centr      13    171    (0)  578  
  298   19.6  0.0  0.0  Sniffles2.INS.2DS2B       3    48    (4) + FRAM           SINE/Alu             99    144   (32)  579  
  707   18.8  0.0  0.0  Sniffles2.INS.2DS2F       1   171    (0) + ALR/Alpha      Satellite/centr       1    171    (1)  580  
  892   16.1  0.0  0.0  Sniffles2.INS.2DS30       4   340    (2) + ALR/Alpha      Satellite/centr       1    337    (0)  581  
 2058    0.9  0.0  0.5  Sniffles2.INS.2DSBD       1   224    (6) + AluYa5         SINE/Alu             79    301   (10)  582  
   31   15.8  4.7  0.0  Sniffles2.INS.2E2S38      1    64    (0) + (TA)n          Simple_repeat         1     67    (0)  583  
 1480    4.2  0.0  0.0  Sniffles2.INS.2E3S13      1   167    (0) + AluYc          SINE/Alu             96    262   (37)  584  
   57    3.6 10.4  3.7  Sniffles2.INS.2E3S38     17   170    (2) + (TA)n          Simple_repeat         1    164    (0)  585  
   34    7.5  0.0  0.0  Sniffles2.INS.2E4S37      1    43   (11) + (TA)n          Simple_repeat         1     43    (0)  586  
   42   14.0  6.4  3.5  Sniffles2.INS.2E5S38     11   120    (7) + (TA)n          Simple_repeat         1    113    (0)  587  
  284   19.2  1.9  0.0  Sniffles2.INS.2E9SF       3    54   (11) + FLAM_A         SINE/Alu             75    127   (15)  588  
  257   20.0  2.0  0.0  Sniffles2.INS.2EAS13      4    53  (159) C MER5B          DNA/hAT-Charlie    (12)    166    116  589  
  443   29.0  0.0  0.8  Sniffles2.INS.2EAS13     82   206    (6) C L1MC4          LINE/L1           (612)   7430   7307  590  
   31   11.2  2.0  0.0  Sniffles2.INS.2EES35      3    51    (0) + (TA)n          Simple_repeat         1     50    (0)  591  
  936   14.5  3.3  3.4  Sniffles2.INS.2ES15       1   313    (2) + HSATII         Satellite             1    312    (0)  592  
  676   10.9 10.3  5.5  Sniffles2.INS.2ES16       6   183    (1) C HSATII         Satellite           (7)    186      1  593  
 1010   14.8  0.7  0.0  Sniffles2.INS.2ES25       1   336    (2) + ALR/Alpha      Satellite/centr       1    338    (0)  594  
  305   21.9  3.1  0.0  Sniffles2.INS.2ES2B       1    64    (0) + FRAM           SINE/Alu             90    155   (11)  595  
 1024   12.9  2.0  0.9  Sniffles2.INS.2ES2F       1   339    (1) + ALR/Alpha      Satellite/centr       1    342    (0)  596  
  973   13.3  1.3  0.2  Sniffles2.INS.2ES30       1   336    (2) + ALR/Alpha      Satellite/centr       1    339    (0)  597  
20333    3.2  0.8  0.3  Sniffles2.INS.2ES3A       1  3256  (824) + L1PA4          LINE/L1            2890   6155    (0)  598  
 5963    5.7  1.3  0.2  Sniffles2.INS.2ES3A    3251  4080    (0) + L1P1           LINE/L1            2110   2952 (3257)  599 *
  276   20.0  1.7  0.0  Sniffles2.INS.2ESBD       6    65    (2) + BSR/Beta       Satellite            28     88   (48)  600  
  212    9.1  0.0  8.2  Sniffles2.INS.2F6S22      1   423    (1) + (CTGG)n        Simple_repeat         1    391    (0)  601  
 1164   13.8  1.1  0.4  Sniffles2.INS.2F6S33      4  1355    (1) + ALR/Alpha      Satellite/centr       1   1361    (0)  602  
   36   11.7  6.8  2.2  Sniffles2.INS.2F7S38      4    91    (0) + (TATAATA)n     Simple_repeat         1     92    (0)  603  
   27   19.3  0.0  0.0  Sniffles2.INS.2F8SF       1    50    (0) + (TC)n          Simple_repeat         1     50    (0)  604  
   82    1.3  0.0  0.0  Sniffles2.INS.2F9SF       1    77    (0) + (T)n           Simple_repeat         1     77    (0)  605  
   54    0.0  1.9  0.0  Sniffles2.INS.2FAS37      1    52    (0) + (GAAA)n        Simple_repeat         1     53    (0)  606  
   38   25.5  6.7  0.6  Sniffles2.INS.2FBS35      1   150   (19) + (AT)n          Simple_repeat         1    159    (0)  607  
   22    9.5  4.1  4.1  Sniffles2.INS.2FDS23      5    53    (1) + GA-rich        Low_complexity        1     49    (0)  608  
   48    2.0  0.0  2.0  Sniffles2.INS.2FDS38      2    53    (0) + (CCTCCC)n      Simple_repeat         1     51    (0)  609  
   29   12.7  0.0  0.0  Sniffles2.INS.2FES0       1    52    (4) + (TA)n          Simple_repeat         1     52    (0)  610  
  489   16.9  5.4  7.6  Sniffles2.INS.2FFS1       8  1286    (4) C HSATII         Satellite           (4)   1250      1  611  
   46   24.4  2.6  0.0  Sniffles2.INS.2FFS13     12   124    (1) + (AT)n          Simple_repeat         1    116    (0)  612  
  248    8.8  0.0  0.0  Sniffles2.INS.2FFSF      38    71    (0) C Tigger1        DNA/TcMar-Tigger (1561)    857    824  613  
   29   19.9  0.0  0.0  Sniffles2.INS.2FS16       2    64  (245) + (TGGAA)n       Simple_repeat         1     63    (0)  614  
  568   14.2  9.2  4.8  Sniffles2.INS.2FS16      69   298   (11) C HSATII         Satellite           (7)    240      1  615  
  816   15.7  0.4  0.0  Sniffles2.INS.2FS25       1   169    (1) + ALR/Alpha      Satellite/centr       1    169    (0)  616  
  779   17.7  0.0  0.0  Sniffles2.INS.2FS2F       3   170    (0) + ALR/Alpha      Satellite/centr       1    168    (0)  617  
 1073   14.5  0.0  0.0  Sniffles2.INS.2FS30       1   341    (1) + ALR/Alpha      Satellite/centr       1    341    (0)  618  
   20   21.6  0.0  0.0  Sniffles2.INS.2FS58       1    48    (2) + (GAATG)n       Simple_repeat         1     48    (0)  619  
  462    0.0  1.4  1.4  Sniffles2.INS.2FS6        1    70    (5) + SVA_F          Retroposon/SVA      786    855  (520)  620  
  849   15.3  0.8  3.3  Sniffles2.INS.2FSBD       1   681    (1) + BSR/Beta       Satellite             1    663    (4)  621  
   14   18.7  5.1  7.9  Sniffles2.INS.2S26       10    87    (7) + (TAATATTT)n    Simple_repeat         1     76    (0)  622  
 1065   14.0  1.7  0.0  Sniffles2.INS.2S30        1   335    (3) + ALR/Alpha      Satellite/centr       1    340    (0)  623  
  274   17.1 12.9  0.0  Sniffles2.INS.2S32        3    72    (0) + L1MB2          LINE/L1            5976   6054  (117)  624  
 1177   11.4  0.2  0.0  Sniffles2.INS.2S36        1   348    (0) C ALR/Alpha      Satellite/centr    (56)    348      1  625  
 1218   14.2  0.4  0.0  Sniffles2.INS.2S45       11   846    (0) + ALR/Alpha      Satellite/centr       1    839    (0)  626  
 2763    0.7  0.0  0.0  Sniffles2.INS.2S7B       15   306  (346) + AluYb8         SINE/Alu             17    308   (10)  627  
  877   14.1  1.6  0.4  Sniffles2.INS.2S7B      318   650    (2) C ALR/Alpha      Satellite/centr    (49)    337      1  628  
  486   18.2 13.5  0.0  Sniffles2.INS.2S8         1   135    (1) + BSR/Beta       Satellite             1    153    (0)  629  
   27   21.0  0.0  0.0  Sniffles2.INS.2SA7        2    61    (1) + (TCTC)n        Simple_repeat         1     60    (0)  630  
   62    1.7  0.0  0.0  Sniffles2.INS.2SA8        1    60    (0) + (GGAA)n        Simple_repeat         1     60    (0)  631  
   22   15.5  0.0  0.0  Sniffles2.INS.2SB9        1    60    (0) + (CACTC)n       Simple_repeat         1     60    (0)  632  
   40    2.3  0.0  4.3  Sniffles2.INS.302S37      2    49    (5) + (TA)n          Simple_repeat         1     46    (0)  633  
  537    8.1 18.0  0.0  Sniffles2.INS.303S0       1   111    (4) C AluSx          SINE/Alu           (45)    257    127  634  
  900   11.3 11.3  0.6  Sniffles2.INS.303S13      1   151    (0) + AluSx          SINE/Alu            109    275   (27)  635  
   38    3.6  7.0  0.0  Sniffles2.INS.303S4       1    57    (0) + (TA)n          Simple_repeat         1     61    (0)  636  
   43    0.0  6.9  1.6  Sniffles2.INS.304S4       3    60    (0) + (CTTT)n        Simple_repeat         1     61    (0)  637  
   26   11.7  8.4  2.7  Sniffles2.INS.305S38      2    72    (0) + GA-rich        Low_complexity        1     75    (0)  638  
 1304   10.2  0.1  0.0  Sniffles2.INS.306S23      3  1535    (1) C ALR/Alpha      Satellite/centr    (20)   1534      1  639  
  198   24.3  1.7  3.2  Sniffles2.INS.30CS13      1   595    (0) + (ATATTTT)n     Simple_repeat         1    586    (0)  640  
   20   19.5  0.0  4.4  Sniffles2.INS.30FS0       4    50    (2) + (TA)n          Simple_repeat         1     45    (0)  641  
 1199   13.6  0.2  0.4  Sniffles2.INS.30S25       1  1370    (0) + ALR/Alpha      Satellite/centr       1   1366    (2)  642  
  320   19.6  0.0  0.0  Sniffles2.INS.30S2B      12    67    (6) + Alu            SINE/Alu             89    144   (22)  643  
 1155   14.2  0.5  0.0  Sniffles2.INS.30S2F       1   670    (9) + ALR/Alpha      Satellite/centr       1    673    (0)  644  
 1031   13.7  0.4  0.0  Sniffles2.INS.30S30       4   339    (2) + ALR/Alpha      Satellite/centr       1    337    (0)  645  
 1022   16.0  0.0  4.6  Sniffles2.INS.310S11      1   183  (905) + AluSx          SINE/Alu            122    296    (6)  646  
  342   11.1  1.6  3.2  Sniffles2.INS.310S11    180   268  (820) + MLT1C          LTR/ERVL-MaLR       143    223  (167)  647 *
  597   21.5  3.4  1.2  Sniffles2.INS.310S11    237   422  (666) + MLT1C          LTR/ERVL-MaLR       171    355  (112)  647  
 1805   15.5  0.0  2.7  Sniffles2.INS.310S11    423   727  (361) + AluSx          SINE/Alu              1    297   (15)  648  
  341   13.2  1.2  7.8  Sniffles2.INS.310S11    731   812  (276) + MLT1C          LTR/ERVL-MaLR       147    223  (167)  649 *
  603   21.7  3.3  1.2  Sniffles2.INS.310S11    781   966  (122) + MLT1C          LTR/ERVL-MaLR       171    355  (112)  649  
  866   12.6  0.0  0.0  Sniffles2.INS.310S11    967  1085    (3) + AluSz          SINE/Alu              1    119  (193)  650  
   27   31.3  2.9  0.0  Sniffles2.INS.313S37      1   102    (1) + (AT)n          Simple_repeat         1    105    (0)  651  
  326    4.6  0.0 24.8  Sniffles2.INS.313SF       1    98    (0) + SVA_F          Retroposon/SVA      680    774  (601)  652  
 1164   13.1  0.3  0.3  Sniffles2.INS.314S33      1   679    (2) + ALR/Alpha      Satellite/centr       1    678    (0)  653  
  459   13.8  2.7  1.6  Sniffles2.INS.318S4       1    98    (2) C MSTB           LTR/ERVL-MaLR      (48)    384    239  654  
   13   18.4  7.0  0.0  Sniffles2.INS.319S38     22    64   (14) + (TTTAA)n       Simple_repeat         1     46    (0)  655  
   23   20.8  4.7  1.5  Sniffles2.INS.31AS37      3    66   (10) + (AT)n          Simple_repeat         1     66    (0)  656  
   69    5.2  5.9  0.0  Sniffles2.INS.31ASF       1   102    (3) + (TA)n          Simple_repeat         1    108    (0)  657  
  110    7.7  6.7  0.0  Sniffles2.INS.31BSF       1   210    (0) + (TA)n          Simple_repeat         1    224    (0)  658  
  327   18.2  1.8  0.0  Sniffles2.INS.31S16      16    70    (4) + AluSz6         SINE/Alu            225    280   (32)  659  
 1099   15.3  1.7  0.4  Sniffles2.INS.31S2F       1   336    (3) + ALR/Alpha      Satellite/centr       1    340    (0)  660  
  983   15.7  0.3  0.2  Sniffles2.INS.31S30       1   341    (1) + ALR/Alpha      Satellite/centr       1    341    (0)  661  
  295   15.0  0.0  0.0  Sniffles2.INS.31S5        1    40   (12) C AluJr4         SINE/Alu          (125)    187    148  662  
 1297   11.4  0.6  0.1  Sniffles2.INS.31S58      10  1359    (0) + ALR/Alpha      Satellite/centr       1   1356    (0)  663  
 1075   10.6  0.0  0.0  Sniffles2.INS.31S6F       1   171    (0) C ALR/Alpha      Satellite/centr    (72)    171      1  664  
  398   16.9  0.0  0.0  Sniffles2.INS.31SBD       3    67    (2) + BSR/Beta       Satellite            28     92   (44)  665  
 2664    0.7  0.0  0.0  Sniffles2.INS.320S11     12   321    (0) C AluYa5         SINE/Alu            (0)    311      1  666  
  428    0.0  1.8  0.0  Sniffles2.INS.320S37      1    55    (0) + L1P1           LINE/L1            2126   2181 (3965)  667  
  104    2.1  0.0  0.0  Sniffles2.INS.326S22      4   100    (0) + (TA)n          Simple_repeat         1     97    (0)  668  
   61   16.7  1.8  6.9  Sniffles2.INS.326S35      2   169    (2) + A-rich         Low_complexity        1    160    (0)  669  
 1440    0.0  0.0  0.0  Sniffles2.INS.328S35     19   203    (0) C AluYa5         SINE/Alu            (0)    311    133  670  
 1164   13.0  0.7  0.4  Sniffles2.INS.329S33      1   679    (0) + ALR/Alpha      Satellite/centr       1    681    (0)  671  
   52   21.9  0.0  0.0  Sniffles2.INS.32AS37      3   109   (13) + A-rich         Low_complexity        1    107    (0)  672  
   25   25.0  0.0  0.0  Sniffles2.INS.32ASF       1    61    (0) + (TATATA)n      Simple_repeat         1     61    (0)  673  
   35   26.9  0.8  4.9  Sniffles2.INS.32BSF       2   129    (0) + (TATGTG)n      Simple_repeat         1    123    (0)  674  
  124    1.9 12.4  0.0  Sniffles2.INS.32CS0       1   218    (0) + (AT)n          Simple_repeat         1    245    (0)  675  
  536    5.5  5.5  0.0  Sniffles2.INS.32DS4       1    73   (12) + L1P2           LINE/L1            1695   1771 (4413)  676  
  362   18.5  4.3  8.1  Sniffles2.INS.32S16       2   131   (82) C HSATII         Satellite          (12)    125      1  677  
  327   20.8  5.6  0.0  Sniffles2.INS.32S16     132   203   (10) + AluJb          SINE/Alu            225    300    (2)  678  
 1037   14.5  0.0  1.1  Sniffles2.INS.32S25       8   343    (1) + ALR/Alpha      Satellite/centr       1    332    (0)  679  
  351   16.4  0.0  0.0  Sniffles2.INS.32S2B       1    55    (4) + Alu            SINE/Alu             90    144   (22)  680  
 1044   15.2  1.2  0.0  Sniffles2.INS.32S2F       1   508    (0) + ALR/Alpha      Satellite/centr       1    513    (0)  681  
 1024   13.5  0.0  0.0  Sniffles2.INS.32S30       1   331   (10) + ALR/Alpha      Satellite/centr       1    331    (0)  682  
 1195   12.5  0.1  0.0  Sniffles2.INS.32S6F       1   337    (4) C ALR/Alpha      Satellite/centr    (21)    337      1  683  
   25   20.5  3.1  1.5  Sniffles2.INS.333S0       1    64    (3) + (AT)n          Simple_repeat         1     65    (0)  684  
 1101    6.9  0.0  0.0  Sniffles2.INS.339S13      1   131    (2) C AluSc5         SINE/Alu          (178)    131      1  685  
   14   21.6  6.2  0.0  Sniffles2.INS.33DS1      14    61    (5) + (ATT)n         Simple_repeat         1     51    (0)  686  
  730   13.7  6.8  9.2  Sniffles2.INS.33S16       5   327   (67) C HSATII         Satellite           (4)    315      1  687  
   24   22.4  0.0  0.0  Sniffles2.INS.33S16     337   393    (1) + (GAATG)n       Satellite             1     57    (0)  688  
  805   17.5  0.2  7.4  Sniffles2.INS.33S25      13   334    (7) + ALR/Alpha      Satellite/centr       1    298    (3)  689  
  279   23.1  0.0  0.0  Sniffles2.INS.33S2B      17    68   (11) + AluYi6         SINE/Alu            224    275   (36)  690  
  992   15.4  0.0  0.2  Sniffles2.INS.33S2F       1   341    (0) + ALR/Alpha      Satellite/centr       1    340    (0)  691  
 1011   15.9  1.5  1.3  Sniffles2.INS.33S6F       1   678    (1) C ALR/Alpha      Satellite/centr    (30)    679      1  692  
   20   19.7  0.0  0.0  Sniffles2.INS.340S0       3    45    (0) + (TATA)n        Simple_repeat         1     43    (0)  693  
 1212   14.6  0.8  0.2  Sniffles2.INS.341S3A     11  4245    (1) C ALR/Alpha      Satellite/centr     (2)   4259      1  694  
  131    4.6  3.2  2.1  Sniffles2.INS.342S13      2   187    (5) + (AT)n          Simple_repeat         1    188    (0)  695  
   52    9.8  8.1  0.0  Sniffles2.INS.343S11      1    99    (0) + (TA)n          Simple_repeat         1    107    (0)  696  
  284   13.3  6.7  0.0  Sniffles2.INS.343S37      1    60    (0) C L1M1           LINE/L1          (7434)    131     68  697  
   39    0.0  0.0  0.0  Sniffles2.INS.344S1       3    38   (27) + (TAT)n         Simple_repeat         1     36    (0)  698  
  407   17.9  1.5  0.0  Sniffles2.INS.344S4       3    69   (86) C AluJo          SINE/Alu          (244)     68      1  699  
  394    8.2  0.0  0.0  Sniffles2.INS.344S4     106   154    (1) C AluSc          SINE/Alu           (10)    299    251  700  
   73    8.7  9.5  0.0  Sniffles2.INS.345S11      2   149    (0) + (TATATTA)n     Simple_repeat         1    162    (0)  701  
   49    3.8  0.0  0.0  Sniffles2.INS.349S0       1    54    (0) + (TATATAATA)n   Simple_repeat         1     54    (0)  702  
   22    7.3  0.0  0.0  Sniffles2.INS.34AS35     60    88    (3) + (A)n           Simple_repeat         1     29    (0)  703  
 1616   16.5  0.1  0.9  Sniffles2.INS.34DS13      1   311    (1) C L1P4e          LINE/L1          (4868)   1985   1679  704  
   37    4.1  1.9  1.9  Sniffles2.INS.34DSF       5    56    (1) + (TATATATGA)n   Simple_repeat         1     52    (0)  705  
   35   20.6  1.3  0.0  Sniffles2.INS.34S16       1    79    (0) + (TGGAA)n       Simple_repeat         1     80    (0)  706  
 1234   13.0  0.6  0.0  Sniffles2.INS.34S25       1  1871    (2) + ALR/Alpha      Satellite/centr       1   1880    (0)  707  
 1145   16.7  0.3  0.0  Sniffles2.INS.34S2F       1   679    (1) + ALR/Alpha      Satellite/centr       1    680    (0)  708  
 1154   14.7  0.9  0.0  Sniffles2.INS.34S30       1   673    (7) + ALR/Alpha      Satellite/centr       1    678    (0)  709  
 1068   14.9  1.2  1.0  Sniffles2.INS.34S6F       6  1363    (1) C ALR/Alpha      Satellite/centr     (0)   1360      1  710  
   30   14.2  7.2  3.5  Sniffles2.INS.352S1       4    86   (18) + (GT)n          Simple_repeat         1     86    (0)  711  
   18    3.5  6.5  3.1  Sniffles2.INS.353S1       8    38   (14) + (GT)n          Simple_repeat         1     32    (0)  712  
 1116   14.3  0.5  0.1  Sniffles2.INS.353S33      3   836   (11) + ALR/Alpha      Satellite/centr       1    837    (0)  713  
 1371   23.2  0.7  1.1  Sniffles2.INS.353S35    229   516   (14) C AluJb          SINE/Alu           (15)    287      1  714  
   45   10.9  0.0  4.8  Sniffles2.INS.353S37      1    87    (1) + (TATATAT)n     Simple_repeat         1     83    (0)  715  
  808    4.6  0.2 11.9  Sniffles2.INS.354S11      9   222    (0) C AluY           SINE/Alu            (0)    302      1  716  
   58    0.0  0.0  0.0  Sniffles2.INS.354S38      1    52    (0) + (C)n           Simple_repeat         1     52    (0)  717  
   27   13.3  0.0 11.9  Sniffles2.INS.354SF       2    76    (0) + (TA)n          Simple_repeat         1     67    (0)  718  
   30   27.0  1.3  0.0  Sniffles2.INS.356S11      1    78    (5) + (TG)n          Simple_repeat         1     79    (0)  719  
   22   29.9  1.3  0.0  Sniffles2.INS.356S35      5    79    (4) + (TACATG)n      Simple_repeat         1     76    (0)  720  
   45   14.8  1.0  3.2  Sniffles2.INS.357S13      1    96    (4) + (CTCTAT)n      Simple_repeat         1     94    (0)  721  
   24   14.0  2.0  4.0  Sniffles2.INS.358S1       4    54    (1) + (TA)n          Simple_repeat         1     50    (0)  722  
  239   22.2  0.0  0.0  Sniffles2.INS.35AS0      30    74   (17) + Charlie7       DNA/hAT-Charlie    2567   2611    (4)  723  
   51    3.9  2.2  6.9  Sniffles2.INS.35AS38      1    91    (3) + (AT)n          Simple_repeat         1     87    (0)  724  
   15   16.2  4.3  6.5  Sniffles2.INS.35CS1       1    47    (3) + (TA)n          Simple_repeat         1     46    (0)  725  
   30    7.5  0.0  0.0  Sniffles2.INS.35S16       1    42    (8) + (GGAAT)n       Simple_repeat         1     42    (0)  726  
   47    0.0  4.0  0.0  Sniffles2.INS.35S23       1    50    (0) + (AGAAA)n       Simple_repeat         1     52    (0)  727  
  262   25.8  0.0  0.0  Sniffles2.INS.35S2B      12    77    (0) + FRAM           SINE/Alu             89    154   (12)  728  
  852   12.9  0.0  0.0  Sniffles2.INS.35S2F       1   171    (0) + ALR/Alpha      Satellite/centr       1    171    (0)  729  
   38    3.4  4.5  4.5  Sniffles2.INS.362S38      5    70    (7) + (AT)n          Simple_repeat         1     66    (0)  730  
   43    0.0  0.0  0.0  Sniffles2.INS.364S38     17    55    (0) + (TCCT)n        Simple_repeat         1     39    (0)  731  
  265   12.5  0.0  0.0  Sniffles2.INS.366S35      1    40   (47) + L1P4           LINE/L1            5697   5736  (430)  732  
   24   13.3  2.4  0.0  Sniffles2.INS.366S35     41    82    (5) + (AT)n          Simple_repeat         1     43    (0)  733  
   14   27.5  1.6  3.3  Sniffles2.INS.368S2      22    82    (2) + (ATTT)n        Simple_repeat         1     60    (0)  734  
   40    8.9  4.2  0.0  Sniffles2.INS.369S1       2    73    (0) + (TA)n          Simple_repeat         1     75    (0)  735  
   44    0.0  0.0  0.0  Sniffles2.INS.369S38     13    50    (0) + (TA)n          Simple_repeat         1     38    (0)  736  
  782    7.5  0.0  0.0  Sniffles2.INS.36BS1       1    93    (4) + AluSc8         SINE/Alu            170    262   (49)  737  
 1061   13.4  2.5  1.1  Sniffles2.INS.36DS33      1   337    (1) + ALR/Alpha      Satellite/centr       1    341    (2)  738  
 1124   14.0  1.2  0.1  Sniffles2.INS.36FS33      1  1010    (9) + ALR/Alpha      Satellite/centr       1   1020    (0)  739  
 1029   12.7  1.7  0.0  Sniffles2.INS.36S2F       1   337    (0) + ALR/Alpha      Satellite/centr       1    342    (0)  740  
  438   18.8  4.0  8.6  Sniffles2.INS.36S58       3  1600    (0) C HSATII         Satellite           (4)   1523      1  741  
 1647   16.7  0.6  0.6  Sniffles2.INS.36S8       21   334   (12) + LSAU           Satellite             2    315  (183)  742  
  698   17.7  0.4  0.0  Sniffles2.INS.370S33      1   168    (2) + ALR/Alpha      Satellite/centr       1    168    (0)  743  
  105    0.9  3.7  0.0  Sniffles2.INS.371S31      3   110    (0) + (AT)n          Simple_repeat         1    112    (0)  744  
  875   17.9  0.6  0.0  Sniffles2.INS.371S33      2   169    (1) + ALR/Alpha      Satellite/centr       3    171    (0)  745  
  439    7.7  0.0  0.0  Sniffles2.INS.371S38      1    52    (4) + AluSg          SINE/Alu            155    206  (104)  746  
  369    6.2  0.0  0.0  Sniffles2.INS.372S31      5    52    (0) + Alu            SINE/Alu            172    219   (83)  747  
  765   17.1  0.5  0.0  Sniffles2.INS.374S33      1   169    (0) + ALR/Alpha      Satellite/centr       1    169    (0)  748  
  871   16.1  1.0  1.0  Sniffles2.INS.375S33      1   341    (1) + ALR/Alpha      Satellite/centr       1    341    (0)  749  
   33    2.7  5.5  9.1  Sniffles2.INS.375S35      2    92    (2) + (TA)n          Simple_repeat         1     88    (0)  750  
 1362    9.2  0.2  0.2  Sniffles2.INS.377S23      1  1533    (8) + ALR/Alpha      Satellite/centr       1   1533    (0)  751  
  128   22.9  1.8  3.7  Sniffles2.INS.377S31      1   384    (5) + (ATATAC)n      Simple_repeat         1    377    (0)  752  
  857   11.7  1.6  0.4  Sniffles2.INS.377S33      4   168    (1) + ALR/Alpha      Satellite/centr       1    166    (0)  753  
   26   24.9  0.0  0.0  Sniffles2.INS.377S38      1    56    (4) + (TA)n          Simple_repeat         1     56    (0)  754  
   34   12.7  0.0  0.0  Sniffles2.INS.377S4       2    53    (0) + (G)n           Simple_repeat         1     52    (0)  755  
   34    4.5 11.1  1.3  Sniffles2.INS.378S1       2    73    (0) + A-rich         Low_complexity        1     79    (0)  756  
  973   14.9  0.8  0.8  Sniffles2.INS.379S33      1   341    (0) + ALR/Alpha      Satellite/centr       1    341    (0)  757  
 1703    6.9  1.2  7.9  Sniffles2.INS.37CS0       3   621    (1) C SVA_E          Retroposon/SVA    (520)    866    421  758  
 1131   13.4  1.4  0.4  Sniffles2.INS.37CS33      1   679    (1) + ALR/Alpha      Satellite/centr       1    685    (0)  759  
   64   15.2  7.7  0.0  Sniffles2.INS.37DS0       2   157    (3) + (ATATGTA)n     Simple_repeat         1    168    (0)  760  
   29   23.2  2.6  0.0  Sniffles2.INS.37DS37      5    82    (1) + (TATA)n        Simple_repeat         1     80    (0)  761  
   16   27.2  0.0  5.8  Sniffles2.INS.37ES37      1    73   (11) + (CACCAC)n      Simple_repeat         1     69    (0)  762  
   55   18.7  7.0  0.0  Sniffles2.INS.37FS0       4   160    (0) + (TATATGT)n     Simple_repeat         1    168    (0)  763  
  387   19.8  8.2  3.7  Sniffles2.INS.37S16       7   359   (15) C HSATII         Satellite          (53)    368      1  764  
  349   17.6  0.0  0.0  Sniffles2.INS.37S2B       2    52    (0) + Alu            SINE/Alu            224    274   (27)  765  
 1164   13.3  1.0  0.0  Sniffles2.INS.37S2F       2   336    (1) + ALR/Alpha      Satellite/centr       1    338    (0)  766  
  449   12.3  0.0  0.0  Sniffles2.INS.37S58       1    73    (0) + ALR/Alpha      Satellite/centr      58    130   (41)  767  
 1349    0.0  0.0  0.0  Sniffles2.INS.37S6F      14   178    (0) + AluY           SINE/Alu            161    311    (0)  768  
  737   17.7  0.5  0.0  Sniffles2.INS.380S33      1   169    (0) + ALR/Alpha      Satellite/centr       1    169    (0)  769  
  690   18.8  0.0  0.0  Sniffles2.INS.381S33      1   170    (0) + ALR/Alpha      Satellite/centr       1    170    (0)  770  
  698   17.7  0.4  0.0  Sniffles2.INS.383S33      1   168    (2) + ALR/Alpha      Satellite/centr       1    168    (0)  771  
  871   16.1  1.0  1.0  Sniffles2.INS.385S33      1   341    (1) + ALR/Alpha      Satellite/centr       1    341    (0)  772  
  352   17.2  0.0  1.8  Sniffles2.INS.388S13      2    59    (1) C AluYh3         SINE/Alu          (254)     57      1  773  
  321   12.5  0.0  3.1  Sniffles2.INS.38AS13      1    66    (1) C Alu            SINE/Alu            (0)    301    238  774  
  955    7.5  0.8  0.0  Sniffles2.INS.38CS2      52   171   (40) C L1P1           LINE/L1          (6033)    122      2  775  
  918   16.7  0.6  0.0  Sniffles2.INS.38CS33      2   169    (1) + ALR/Alpha      Satellite/centr       3    171    (0)  776  
  359   16.2  0.0  4.0  Sniffles2.INS.38S15       1    77    (1) + HSATII         Satellite            84    157   (13)  777  
  985    9.2  0.7  2.9  Sniffles2.INS.38S2B       1   163    (5) + AluY           SINE/Alu             16    166    (0)  778  
 1073   15.3  0.0  0.0  Sniffles2.INS.38S2F       1   341    (1) + ALR/Alpha      Satellite/centr       1    341    (0)  779  
  780    6.6  0.0  0.0  Sniffles2.INS.38S58       1   111    (1) + ALR/Alpha      Satellite/centr       1    111    (0)  780  
   41   19.4  0.0  0.0  Sniffles2.INS.394S31      1    81    (2) + (TATATA)n      Simple_repeat         1     81    (0)  781  
   18   14.3  4.0  4.0  Sniffles2.INS.399S1       1    57    (0) + (TATAT)n       Simple_repeat         1     57    (0)  782  
 1028   14.1  0.6  0.3  Sniffles2.INS.39BS33      4   511    (1) + ALR/Alpha      Satellite/centr       1    509    (0)  783  
  619   10.0  0.0  0.0  Sniffles2.INS.39CS4       1    80   (19) C AluYk3         SINE/Alu           (17)    294    215  784  
   42    2.2  0.0  2.1  Sniffles2.INS.39ES4       1    48    (4) + (CTTCT)n       Simple_repeat         1     47    (0)  785  
  527    8.4  0.0  0.0  Sniffles2.INS.39S15       2    72    (3) + HSATII         Satellite            18     88   (82)  786  
 1220   15.3  0.3  0.0  Sniffles2.INS.39S2F       1  2043    (1) + ALR/Alpha      Satellite/centr       1   2049    (0)  787  
  963    7.9  0.5  0.9  Sniffles2.INS.39SBD       1   268    (5) + BSR/Beta       Satellite             1    267    (0)  788  
 1009   14.7  1.1  0.2  Sniffles2.INS.3A0S33      1   497    (0) + ALR/Alpha      Satellite/centr       1    501    (0)  789  
   30   23.4  0.0  0.0  Sniffles2.INS.3A5S4       1    65   (35) + A-rich         Low_complexity        1     65    (0)  790  
  111   11.8  4.2  0.0  Sniffles2.INS.3A6S4       1   193    (1) + (AT)n          Simple_repeat         1    201    (0)  791  
  647    9.3  2.8 17.6  Sniffles2.INS.3AES1       1   143    (5) C LTR8           LTR/ERV1          (300)    391    267  792  
  297   21.9  3.1  0.0  Sniffles2.INS.3AS2B       1    64    (0) + FRAM           SINE/Alu             89    154   (12)  793  
 1088   12.3  1.7  0.0  Sniffles2.INS.3AS2F       1   338    (0) + ALR/Alpha      Satellite/centr       1    343    (0)  794  
  274    6.6  0.0  0.4  Sniffles2.INS.3B3S38     10    52    (0) + L1P1           LINE/L1            4918   4959 (1187)  795  
   78    5.1  3.9  3.0  Sniffles2.INS.3B4S38      1   130    (0) + (TATATTA)n     Simple_repeat         1    131    (0)  796  
  785    7.5  0.0  0.0  Sniffles2.INS.3B5S35      1    94   (88) C AluY           SINE/Alu           (17)    294    201  797  
  418   22.1 13.0  5.3  Sniffles2.INS.3B5S35      5   181    (1) + SVA_A          Retroposon/SVA      210    399  (988)  798 *
  757    7.7  0.0  0.0  Sniffles2.INS.3B5S35     92   182    (0) C AluY           SINE/Alu           (17)    294    204  799  
   26    9.7  8.8  0.0  Sniffles2.INS.3B5S4       1    57    (0) + GA-rich        Low_complexity        1     62    (0)  800  
  390    9.5 24.1  2.3  Sniffles2.INS.3B6S4       4   111    (0) + MST-int        LTR/ERVL-MaLR      1381   1511  (140)  801  
  462    3.1  0.0  6.2  Sniffles2.INS.3B8S31      1   103    (0) C SVA_F          Retroposon/SVA    (597)    778    682  802  
   25    8.6  3.5  7.3  Sniffles2.INS.3BCS13      1    57    (4) + (CA)n          Simple_repeat         1     55    (0)  803  
  346   16.9  0.0  1.4  Sniffles2.INS.3BS15       1    72    (1) + HSATII         Satellite             1     71   (99)  804  
   38    4.3  2.1  0.0  Sniffles2.INS.3BS16      38    85  (191) + (TGGAG)n       Simple_repeat         1     49    (0)  805  
   38    9.2  2.9  0.0  Sniffles2.INS.3BS16     106   174  (102) + (ATGGA)n       Simple_repeat         1     71    (0)  806  
  341   17.9  4.5  0.0  Sniffles2.INS.3BS16     189   255   (21) + AluYj4         SINE/Alu            224    293   (18)  807  
 1170   13.9  1.0  0.0  Sniffles2.INS.3BS2F       1   338    (0) + ALR/Alpha      Satellite/centr       1    341    (0)  808  
   18   15.0  2.6  2.6  Sniffles2.INS.3C4S1      11    49    (1) + (CA)n          Simple_repeat         1     39    (0)  809  
  640    7.3  0.5 13.0  Sniffles2.INS.3C7S1       4   193    (5) C SVA_E          Retroposon/SVA    (590)    792    624  810  
   19    0.0  0.0  0.0  Sniffles2.INS.3C9S31      1    24   (28) + (AAGA)n        Simple_repeat         1     24    (0)  811  
   30    0.0  0.0  0.0  Sniffles2.INS.3C9S31     25    52    (0) + (GAAG)n        Simple_repeat         1     28    (0)  812  
   21   26.7  3.5  0.0  Sniffles2.INS.3C9SF       3    60    (0) + (TA)n          Simple_repeat         1     60    (0)  813  
  320   22.8  0.0  9.9  Sniffles2.INS.3CDS35      5    82    (0) + MER70A         LTR/ERVL            401    471    (1)  814  
  119   16.5  1.3  1.3  Sniffles2.INS.3CES13      1   231    (0) + (TGATGG)n      Simple_repeat         1    231    (0)  815  
 2797    0.7  0.0  0.0  Sniffles2.INS.3CES3A     17   312    (2) + AluYa5         SINE/Alu              1    296   (15)  816  
 2086   12.3  1.0  0.6  Sniffles2.INS.3CS25      43   352    (9) C AluSx          SINE/Alu            (0)    312      2  817  
  271   23.4  3.1  0.0  Sniffles2.INS.3CS2B       1    64    (0) + FRAM           SINE/Alu             89    154   (12)  818  
 1046   14.6  0.0  3.0  Sniffles2.INS.3CS2F       1   682    (2) + ALR/Alpha      Satellite/centr       1    661    (0)  819  
 1200    9.4  0.6  0.3  Sniffles2.INS.3CS58       1   679    (3) + ALR/Alpha      Satellite/centr       1    680    (0)  820  
  417    4.2  0.0  0.0  Sniffles2.INS.3CS6       25    72   (19) C Tigger1        DNA/TcMar-Tigger  (829)   1589   1542  821  
  308    0.0  5.4  0.0  Sniffles2.INS.3D5S35     16    52    (0) + MLT2B5         LTR/ERVL             27     65  (652)  822  
 2081    2.3  7.2  0.0  Sniffles2.INS.3D5S3A      8   305    (0) C AluY           SINE/Alu            (0)    301      1  823  
   65    0.0  0.0  0.0  Sniffles2.INS.3D7S35      1    58    (2) + (CCCTC)n       Simple_repeat         1     58    (0)  824  
   19   10.7  0.0  9.1  Sniffles2.INS.3D8S13      1    48    (2) + (CTCAC)n       Simple_repeat         1     44    (0)  825  
   47    0.0  4.8  3.2  Sniffles2.INS.3D8S4       1    62    (0) + (TTCT)n        Simple_repeat         1     63    (0)  826  
  274   14.3  0.2  0.0  Sniffles2.INS.3D9S23      3   450    (1) + (TATATA)n      Simple_repeat         1    449    (0)  827  
  434   12.6  1.0  0.0  Sniffles2.INS.3DAS23      1   692    (1) + (ATATAT)n      Simple_repeat         1    699    (0)  828  
  645   12.3  9.8  1.7  Sniffles2.INS.3DES3A      4  1674    (7) + (ATGAA)n       Simple_repeat         1   1804    (0)  829  
  271   18.9  0.0  0.0  Sniffles2.INS.3DFS23      3    55    (1) C MER5A          DNA/hAT-Charlie    (48)    141     89  830  
  292   18.2  0.0  0.0  Sniffles2.INS.3DS2B       1    55    (0) + Alu            SINE/Alu             90    144   (22)  831  
 1207   12.3  1.1  0.0  Sniffles2.INS.3DS2F       1   337    (0) + ALR/Alpha      Satellite/centr       1    340    (0)  832  
 1119    9.0  0.5  1.1  Sniffles2.INS.3DS58       1   340    (5) + ALR/Alpha      Satellite/centr       1    337    (0)  833  
   37    8.5  0.0  0.0  Sniffles2.INS.3E2S35     11    60    (3) + (A)n           Simple_repeat         1     50    (0)  834  
   28    5.9  5.5  1.8  Sniffles2.INS.3E9S4       5    59    (6) + (GGATGAT)n     Simple_repeat         1     57    (0)  835  
   42    0.0  7.0  1.7  Sniffles2.INS.3EAS38     12    68    (2) + (ATATA)n       Simple_repeat         1     60    (0)  836  
   40    6.9  7.7  0.0  Sniffles2.INS.3EBS31      1    78    (4) + (AT)n          Simple_repeat         1     84    (0)  837  
   50   30.2  0.0  5.6  Sniffles2.INS.3EDS35      4   193   (14) + (TA)n          Simple_repeat         1    180    (0)  838  
  345   20.0  0.0  0.0  Sniffles2.INS.3ES2B       2    56    (0) + Alu            SINE/Alu             90    144   (22)  839  
 1054   14.0  0.0  0.0  Sniffles2.INS.3ES2F       1   342    (0) + ALR/Alpha      Satellite/centr       1    342    (0)  840  
   15   12.6  4.1  6.2  Sniffles2.INS.3ES37       4    52    (0) + (CCACTCT)n     Simple_repeat         1     48    (0)  841  
   34    6.4  0.0  2.0  Sniffles2.INS.3F0S2       2    53    (1) + (AGGGG)n       Simple_repeat         1     51    (0)  842  
   13    7.5  3.1  6.5  Sniffles2.INS.3F5S31    148   179    (2) + (TTTA)n        Simple_repeat         1     31    (0)  843  
  239    8.3  2.8  0.0  Sniffles2.INS.3F7S38      1    36   (14) + Alu            SINE/Alu            156    192  (109)  844  
   34    4.0  7.7  0.0  Sniffles2.INS.3F9S35      1    52    (3) + (AT)n          Simple_repeat         1     56    (0)  845  
   40   13.0  0.0  0.0  Sniffles2.INS.3F9S4      11    80    (0) + (TA)n          Simple_repeat         1     70    (0)  846  
  283   13.6  0.0  0.0  Sniffles2.INS.3FCS39      2    45   (66) + ALR/Alpha      Satellite/centr      27     70  (102)  847  
   32    7.2  0.0  0.0  Sniffles2.INS.3FES2       7    50    (0) + (T)n           Simple_repeat         1     44    (0)  848  
   33    8.9  0.0  0.0  Sniffles2.INS.3FS23       1    49    (0) + (TTTC)n        Simple_repeat         1     49    (0)  849  
   30    0.0  1.8  9.4  Sniffles2.INS.3S18        1    57    (0) + (ATATTAT)n     Simple_repeat         1     53    (0)  850  
  340   18.4  0.0  0.0  Sniffles2.INS.3S2B        1    49    (0) + AluJb          SINE/Alu            228    276   (36)  851  
  392   16.0 10.8  3.4  Sniffles2.INS.3S2C        3   202   (23) + HSATII         Satellite             1    214    (4)  852  
   44    5.9  0.0  0.0  Sniffles2.INS.3S2D        1    54    (1) + (AATGG)n       Simple_repeat         1     54    (0)  853  
 1075   16.0  0.0  0.0  Sniffles2.INS.3S2F        1   341    (1) + ALR/Alpha      Satellite/centr       1    341    (0)  854  
 1040   13.2  1.7  0.0  Sniffles2.INS.3S30        1   337    (1) + ALR/Alpha      Satellite/centr       1    342    (0)  855  
   12   19.9  0.0  0.0  Sniffles2.INS.3S34        6    34  (898) + (TTTAT)n       Simple_repeat         1     29    (0)  856  
 6480    1.1  0.0  0.3  Sniffles2.INS.3S34       35   756  (176) C L1HS           LINE/L1             (0)   6155   5436  857  
   18   19.6  0.0  0.0  Sniffles2.INS.3S34      757   791  (141) + A-rich         Low_complexity        1     35    (0)  858  
  689   15.9  0.0  0.0  Sniffles2.INS.3S8         1   198    (4) + BSR/Beta       Satellite             1    198   (39)  859  
 1054    4.9  2.1  0.0  Sniffles2.INS.3SA8        2   143    (1) C ACRO1          Satellite/acro      (0)    147      3  860  
 2565    0.4  0.0  0.0  Sniffles2.INS.3SBC       12   307    (0) C AluYd8         SINE/Alu            (0)    299      2  861  
   19   23.3  0.0  0.0  Sniffles2.INS.3SBD        5    54    (1) + (CATTC)n       Simple_repeat         1     50    (0)  862  
   23   17.6  3.7  0.0  Sniffles2.INS.400S37      5    58    (7) + GA-rich        Low_complexity        1     56    (0)  863  
   40    6.7  4.8  0.0  Sniffles2.INS.400S4       1    63    (2) + (TA)n          Simple_repeat         1     66    (0)  864  
   43    1.8  7.3  0.0  Sniffles2.INS.402S4       1    55    (0) + (TA)n          Simple_repeat         1     59    (0)  865  
   32   20.1  1.5  0.0  Sniffles2.INS.404S38      1    68    (0) + (TA)n          Simple_repeat         1     69    (0)  866  
 6680    5.3  1.2  8.5  Sniffles2.INS.406S31     17  1583    (4) + SVA_F          Retroposon/SVA      421   1375    (0)  867  
   66   25.0  0.6  0.0  Sniffles2.INS.407S38      1   165    (0) + (ATAT)n        Simple_repeat         1    166    (0)  868  
   48    0.0  0.0  0.0  Sniffles2.INS.408S23      1    44   (13) + (AGAA)n        Simple_repeat         1     44    (0)  869  
   45    9.0  4.8  0.0  Sniffles2.INS.408S38      1    84    (1) + (TA)n          Simple_repeat         1     88    (0)  870  
  324   16.9  2.8  1.4  Sniffles2.INS.409S38      1    72    (4) + THE1D-int      LTR/ERVL-MaLR      1024   1096  (535)  871  
   36   21.4  0.0  0.0  Sniffles2.INS.40BS23      1    69    (3) + (AT)n          Simple_repeat         1     69    (0)  872  
  390   19.4  9.8  0.0  Sniffles2.INS.40ESF       1   201  (876) C L1PA10         LINE/L1            (77)   6077   5946  873  
  378   21.7  6.9  0.8  Sniffles2.INS.40ESF     186   355  (722) C L1PA10         LINE/L1            (77)   6077   5946  873 *
  333   22.8  5.4  1.0  Sniffles2.INS.40ESF     340   432  (645) C L1PA10         LINE/L1           (126)   6042   5946  874 *
  359   19.1  6.2  0.2  Sniffles2.INS.40ESF     412   509  (568) C L1PA10         LINE/L1           (124)   6048   5946  874 *
  366   19.1  6.2  0.2  Sniffles2.INS.40ESF     489   586  (491) C L1PA10         LINE/L1           (124)   6048   5946  874  
  359   21.7  5.4  1.0  Sniffles2.INS.40ESF     571   663  (414) C L1PA10         LINE/L1           (126)   6042   5946  874 *
  366   19.1  6.2  0.2  Sniffles2.INS.40ESF     643   740  (337) C L1PA10         LINE/L1           (124)   6048   5946  874 *
  378   20.6  5.4  1.0  Sniffles2.INS.40ESF     725   817  (260) C L1PA10         LINE/L1           (126)   6042   5946  874  
  371   20.6  5.4  1.0  Sniffles2.INS.40ESF     802   894  (183) C L1PA10         LINE/L1           (126)   6042   5946  874 *
  370   17.7  6.3  0.3  Sniffles2.INS.40ESF     874   971  (106) C L1PA10         LINE/L1           (124)   6048   5946  874 *
  350   21.9  7.2  1.0  Sniffles2.INS.40ESF     951  1047   (30) C L1PA8          LINE/L1           (124)   6048   5946  875 *
   29   23.7  0.0  0.0  Sniffles2.INS.40FS1       1    71    (1) + (ATAT)n        Simple_repeat         1     71    (0)  876  
  238   12.8  0.0  0.0  Sniffles2.INS.40FSF       1    39 (1572) C L1PA11         LINE/L1           (190)   5984   5946  877 *
  382   19.5  8.7  0.6  Sniffles2.INS.40FSF      19   271 (1340) C L1PA8          LINE/L1            (77)   6077   5943  878 *
  383   15.4  6.4  0.0  Sniffles2.INS.40FSF     267   344 (1267) C L1PA10         LINE/L1           (140)   6028   5946  879  
  359   21.7  5.4  1.0  Sniffles2.INS.40FSF     329   421 (1190) C L1PA10         LINE/L1           (126)   6042   5946  879 *
  357   16.9  7.5  0.2  Sniffles2.INS.40FSF     401   497 (1114) C L1PA10         LINE/L1           (124)   6048   5946  879 *
  390   19.6  5.4  1.0  Sniffles2.INS.40FSF     541   633  (978) C L1PA10         LINE/L1           (126)   6042   5946  880  
  378   21.7  6.9  0.8  Sniffles2.INS.40FSF     618   787  (824) C L1PA10         LINE/L1            (77)   6077   5946  881 *
  333   22.8  5.4  1.0  Sniffles2.INS.40FSF     772   864  (747) C L1PA10         LINE/L1           (126)   6042   5946  882 *
  359   19.1  6.2  0.2  Sniffles2.INS.40FSF     844   941  (670) C L1PA10         LINE/L1           (124)   6048   5946  882 *
  366   19.1  6.2  0.2  Sniffles2.INS.40FSF     921  1018  (593) C L1PA10         LINE/L1           (124)   6048   5946  882  
  300   21.0  8.3  1.0  Sniffles2.INS.40FSF     998  1093  (518) C L1PA8          LINE/L1           (124)   6048   5946  883 *
  336   19.0  6.1  1.3  Sniffles2.INS.40FSF    1073  1171  (440) C L1PA10         LINE/L1           (124)   6048   5946  884 *
  378   20.6  5.4  1.0  Sniffles2.INS.40FSF    1156  1248  (363) C L1PA10         LINE/L1           (126)   6042   5946  884  
  371   20.6  5.4  1.0  Sniffles2.INS.40FSF    1233  1325  (286) C L1PA10         LINE/L1           (126)   6042   5946  884 *
  370   17.7  6.3  0.3  Sniffles2.INS.40FSF    1305  1402  (209) C L1PA10         LINE/L1           (124)   6048   5946  884 *
  359   19.1  6.2  0.2  Sniffles2.INS.40FSF    1382  1479  (132) C L1PA10         LINE/L1           (124)   6048   5946  884 *
  356   19.1  6.2  0.2  Sniffles2.INS.40FSF    1459  1556   (55) C L1PA10         LINE/L1           (124)   6048   5946  884 *
  265   20.0  7.0  1.3  Sniffles2.INS.40FSF    1541  1611    (0) C L1PA10         LINE/L1           (126)   6042   5968  885 *
  297   19.3  3.5  0.0  Sniffles2.INS.40S2B       5    61    (6) + FRAM           SINE/Alu             98    156   (20)  886  
   29    7.5  5.0  3.3  Sniffles2.INS.40S6        8    67    (4) + (GAGT)n        Simple_repeat         1     61    (0)  887  
   23   13.3 14.3  0.0  Sniffles2.INS.410S35      1    84   (19) + (TACGTA)n      Simple_repeat         1     96    (0)  888  
   47    4.0  0.0  0.0  Sniffles2.INS.411S23      1    52    (1) + (GGAG)n        Simple_repeat         1     52    (0)  889  
  422    6.8  4.0  4.0  Sniffles2.INS.415S1       2    77    (9) + HERVH-int      LTR/ERV1           4497   4572 (3141)  890  
   99    0.0  1.1  0.0  Sniffles2.INS.416S23      1    88    (1) + (TA)n          Simple_repeat         1     89    (0)  891  
 2743    1.0  0.0  0.3  Sniffles2.INS.41AS3A     17   313    (2) + AluYa5         SINE/Alu              1    296   (15)  892  
   33   11.6  3.6  0.0  Sniffles2.INS.41BS23      1    56    (0) + (TA)n          Simple_repeat         1     58    (0)  893  
   48   14.3  7.4  0.0  Sniffles2.INS.41BS35      1   108    (3) + (AT)n          Simple_repeat         1    116    (0)  894  
  184   15.5  6.0  0.2  Sniffles2.INS.41CS35      1   403    (3) + (AT)n          Simple_repeat         1    426    (0)  895  
   42   15.5  6.4  0.0  Sniffles2.INS.41FS2       5    98    (0) + (AT)n          Simple_repeat         1    100    (0)  896  
  599    3.0  0.0  0.0  Sniffles2.INS.41S2B       1    66    (0) + AluYa5         SINE/Alu            227    292   (19)  897  
   37    8.5  0.0  0.0  Sniffles2.INS.41S3A       1    50    (0) + (TA)n          Simple_repeat         1     50    (0)  898  
  334   16.9  1.5  0.0  Sniffles2.INS.41SBD       1    65    (0) + BSR/Beta       Satellite            45    110   (26)  899  
   13   12.5  7.9  2.5  Sniffles2.INS.421S39     11    48    (5) + (TTC)n         Simple_repeat         1     40    (0)  900  
   32    2.1  6.0  1.9  Sniffles2.INS.422S2       1    50    (1) + (ATAGTATAT)n   Simple_repeat         1     52    (0)  901  
   40    1.9  7.3  0.0  Sniffles2.INS.422S23      1    55    (0) + (TTTC)n        Simple_repeat         1     59    (0)  902  
  249    2.9  0.7  7.4  Sniffles2.INS.423S31      1   404    (3) + (GGGGA)n       Simple_repeat         1    379    (0)  903  
  473    6.3  0.2  2.5  Sniffles2.INS.425S1       1    98    (1) + SVA_C          Retroposon/SVA      691    823  (564)  904  
  245    9.4  3.7  1.8  Sniffles2.INS.429S2       1    54    (2) C L1P1           LINE/L1           (679)   5476   5422  905  
  713    2.3  0.8  3.9  Sniffles2.INS.429S38     10   143    (8) + SVA_F          Retroposon/SVA      654    783  (592)  906  
  587   18.3  0.4  0.3  Sniffles2.INS.42AS2       2  1086    (1) + (TATA)n        Simple_repeat         1   1086    (0)  907  
  696    8.9  1.0  1.0  Sniffles2.INS.42FS1       1   102  (191) + AluY           SINE/Alu             58    159  (142)  908 *
  782    5.3  1.1  0.0  Sniffles2.INS.42FS1      77   170  (123) C AluYa5         SINE/Alu          (216)     95      1  909  
  425    3.9  2.0  0.0  Sniffles2.INS.42FS1     242   292    (1) + AluYk11        SINE/Alu              5     56  (255)  910  
 1316   10.1  0.4  0.2  Sniffles2.INS.42S58       1  1877    (0) + ALR/Alpha      Satellite/centr       1   1880    (0)  911  
 1001    9.6  0.8  0.8  Sniffles2.INS.42SBD       1   271    (0) + BSR/Beta       Satellite             1    271    (0)  912  
  375   10.6  1.5  1.5  Sniffles2.INS.432S39     20    86    (0) + L1PREC2        LINE/L1            5144   5210  (936)  913  
  616   13.7  0.0  0.0  Sniffles2.INS.434S2       2    96    (0) C Tigger1        DNA/TcMar-Tigger  (936)   1482   1388  914  
  720   12.6  0.0  0.0  Sniffles2.INS.437S1       1    95    (9) C AluSp          SINE/Alu          (197)    116     22  915  
  750   15.5  0.7  0.3  Sniffles2.INS.438S23      1   767  (395) + D20S16         Satellite             1    889  (285)  916  
  251   23.8  5.1  7.1  Sniffles2.INS.438S23    768   925  (237) + MLT2B4         LTR/ERVL            285    439  (117)  917  
  750   15.5  0.7  0.3  Sniffles2.INS.438S23    926  1156    (6) + D20S16         Satellite           890   1159   (15)  916  
   44    5.1  3.3  0.0  Sniffles2.INS.438S39      1    61    (0) + (TGATATATA)n   Simple_repeat         1     63    (0)  918  
   48   10.7  0.0  0.0  Sniffles2.INS.439S3A      1    73   (11) + (AGAG)n        Simple_repeat         1     73    (0)  919  
   42   14.3  1.2  2.4  Sniffles2.INS.439S3A     74    84    (0) + A-rich         Low_complexity        1     83    (0)  920  
  261    7.5  2.5  2.5  Sniffles2.INS.43DS33     16    55    (3) + AluSc8         SINE/Alu            107    146  (165)  921  
   59    4.3  8.5  2.9  Sniffles2.INS.43ES4       3   131    (2) + (AT)n          Simple_repeat         1    136    (0)  922  
 1056    7.9  0.9  0.0  Sniffles2.INS.43S25       2   433    (4) C ACRO1          Satellite/acro      (0)    435      1  923  
  331   15.1  0.0  0.0  Sniffles2.INS.43S4        1    53  (116) C MER3           DNA/hAT-Charlie    (13)    196    144  924  
   26   10.9  1.9  3.8  Sniffles2.INS.43S6        3    56    (2) + (GTGA)n        Simple_repeat         1     53    (0)  925  
  360   13.1  1.6  0.0  Sniffles2.INS.440S3A      8    68    (0) C Zaphod3        DNA/hAT-Tip100   (2285)    339    278  926  
   62    0.0  0.0  0.0  Sniffles2.INS.447S31      1    53    (5) + (TA)n          Simple_repeat         1     53    (0)  927  
   46   12.9  0.0  0.0  Sniffles2.INS.44DS2       1    77    (0) + (AATATAT)n     Simple_repeat         1     77    (0)  928  
   51    0.0  2.0  0.0  Sniffles2.INS.44FS37      1    50    (0) + (AAAGAGAG)n    Simple_repeat         1     51    (0)  929  
   21   10.8  8.0  0.0  Sniffles2.INS.44S0        8    57    (1) + (CCCAGTA)n     Simple_repeat         1     54    (0)  930  
 1047    8.0  0.8  0.2  Sniffles2.INS.44S25       2   727    (1) C ACRO1          Satellite/acro      (0)    730      1  931  
  296   18.1  0.0  0.0  Sniffles2.INS.44S2B       7    62   (10) + AluY           SINE/Alu            224    269   (32)  932  
  442    5.4  0.0  0.0  Sniffles2.INS.450S33    147   202    (1) + Alu            SINE/Alu              1     56   (77)  933  
   51   15.8  1.0  1.0  Sniffles2.INS.452S4       3    99    (1) + (CCTC)n        Simple_repeat         1     97    (0)  934  
  381   13.8  1.5  1.5  Sniffles2.INS.454S1       1    65    (0) + AluSc          SINE/Alu             84    148  (161)  935  
  108    1.0  0.0  0.0  Sniffles2.INS.454S2      10   108  (288) + (T)n           Simple_repeat         1     99    (0)  936  
 2755    0.3  0.0  0.0  Sniffles2.INS.454S2     109   396    (0) C AluYb8         SINE/Alu           (30)    288      1  937  
  242   21.4  1.8  0.0  Sniffles2.INS.45DS1      22    77    (1) C L2a            LINE/L2             (3)   3423   3367  938  
  289   11.9 27.4  0.0  Sniffles2.INS.45FS35      1    84   (14) + MER4-int       LTR/ERV1           4459   4565 (2033)  939  
  197    0.0  0.6  0.0  Sniffles2.INS.461S22      1   173    (3) + (AAGAA)n       Simple_repeat         1    174    (0)  940  
   35    4.2  1.9  1.9  Sniffles2.INS.461S39      1    52    (0) + (AAG)n         Simple_repeat         1     52    (0)  941  
   93    0.0  0.0  0.0  Sniffles2.INS.465S38      1    82    (0) + (T)n           Simple_repeat         1     82    (0)  942  
   45    0.0  0.0  4.2  Sniffles2.INS.465S3A      1    50    (0) + (GAAA)n        Simple_repeat         1     48    (0)  943  
   32    3.8  9.3  0.0  Sniffles2.INS.467S33      9    62    (0) + (TA)n          Simple_repeat         1     59    (0)  944  
  308    0.6  3.8  0.3  Sniffles2.INS.468S1       7   322    (0) + (AT)n          Simple_repeat         1    327    (0)  945  
   44   11.7  0.0  0.0  Sniffles2.INS.46BS33      1    74    (2) + (AT)n          Simple_repeat         1     74    (0)  946  
   42   11.9  4.0  0.0  Sniffles2.INS.46CS23      1    74    (2) + (TA)n          Simple_repeat         1     77    (0)  947  
  209   15.6  1.8  0.8  Sniffles2.INS.46CS33      1   390    (0) + (AT)n          Simple_repeat         1    394    (0)  948  
   36    0.0  8.9  0.0  Sniffles2.INS.46DS38      7    51    (0) + (TA)n          Simple_repeat         1     49    (0)  949  
 1525   23.5  2.0  0.0  Sniffles2.INS.46ES31    319   620    (0) C MER52A         LTR/ERV1            (0)   1755   1448  950  
   47    0.0  0.0  0.0  Sniffles2.INS.46S23       3    45    (0) + (TTCT)n        Simple_repeat         1     43    (0)  951  
   35   15.7  0.0  0.0  Sniffles2.INS.46S2B       1    64    (1) + (TGGAA)n       Simple_repeat         1     64    (0)  952  
  271   13.0 15.1  3.0  Sniffles2.INS.473S33    152   270   (23) + Charlie2b      DNA/hAT-Charlie    2159   2291  (491)  953  
 1129    4.4  0.9  7.2  Sniffles2.INS.474S3A      1   221    (0) + SVA_E          Retroposon/SVA      634    841  (541)  954  
  757   11.3  0.0  0.0  Sniffles2.INS.475S22      1    97   (76) + AluSc8         SINE/Alu            199    295   (16)  955  
  350   11.5  0.0  0.0  Sniffles2.INS.478S2       1    52    (0) C L1P1           LINE/L1          (3864)   2282   2231  956  
   26   23.2  3.1  4.1  Sniffles2.INS.47AS23      1    98    (0) + (CTAT)n        Simple_repeat         1     97    (0)  957  
  378    2.2  2.2  0.0  Sniffles2.INS.47CS31      1    46    (6) + HERVH-int      LTR/ERV1           4113   4159 (3554)  958  
   47    2.3  3.7  9.8  Sniffles2.INS.47FS1      11   118    (4) + (AT)n          Simple_repeat         1    102    (0)  959  
   36    0.0  7.5  0.0  Sniffles2.INS.47S3A       3    55    (0) + (AGGA)n        Simple_repeat         1     57    (0)  960  
  590   11.9  0.0  1.2  Sniffles2.INS.482S35      6    89    (0) C AluSc8         SINE/Alu          (107)    204    122  961  
   32    1.9 11.3  0.0  Sniffles2.INS.485S33      2    54    (0) + (TA)n          Simple_repeat         1     59    (0)  962  
  254   10.8  2.7  0.0  Sniffles2.INS.487S39     20    56    (3) C L1MC4a         LINE/L1            (49)   7833   7796  963  
 1279    8.8  3.9  1.3  Sniffles2.INS.487S3A     23   252    (3) C SVA_E          Retroposon/SVA    (520)    862    627  964  
  277   11.4  0.0  2.3  Sniffles2.INS.489S35      8    52    (2) + HERVH-int      LTR/ERV1           4858   4901 (2812)  965  
   59    0.0  0.0  0.0  Sniffles2.INS.48AS22      1    50    (0) + (AC)n          Simple_repeat         1     50    (0)  966  
   45    0.0  0.0  0.0  Sniffles2.INS.48FS33      9    49    (9) + (AAC)n         Simple_repeat         1     41    (0)  967  
  170   10.4  3.6  0.0  Sniffles2.INS.492S23      2   278    (1) + (CAC)n         Simple_repeat         1    287    (0)  968  
  228   11.3  4.5  7.7  Sniffles2.INS.492S35     14    80   (72) + L1MD3          LINE/L1            6604   6668 (1327)  969  
   24   26.8  0.0  0.0  Sniffles2.INS.492S35     88   143    (9) + (TA)n          Simple_repeat         1     56    (0)  970  
  479   16.5  8.2  0.9  Sniffles2.INS.494S31     11   108   (25) C MER63A         DNA/hAT-Tip100      (0)    210    106  971  
   43    0.0  4.3  0.0  Sniffles2.INS.496S23      1    46    (1) + (CTTC)n        Simple_repeat         1     48    (0)  972  
   54    0.0  0.0  0.0  Sniffles2.INS.496S35      1    49    (2) + (TCTT)n        Simple_repeat         1     49    (0)  973  
   29    8.5  4.0  0.0  Sniffles2.INS.499S39      2    51    (3) + (AT)n          Simple_repeat         1     52    (0)  974  
   25   19.3  2.0  0.0  Sniffles2.INS.49AS33      1    50    (8) + (TA)n          Simple_repeat         1     51    (0)  975  
  323    5.3  2.6  0.7  Sniffles2.INS.49BS39      1   420   (12) + (AT)n          Simple_repeat         1    428    (0)  976  
   21    4.0  0.0  0.0  Sniffles2.INS.49CS2       5    30  (229) + (TC)n          Simple_repeat         1     26    (0)  977  
  251   20.0  4.3  0.0  Sniffles2.INS.49CS2     158   227   (32) C L1MC5          LINE/L1           (660)   7287   7215  978  
   18   29.4  0.0  0.0  Sniffles2.INS.49CS31      1    45    (9) + (AT)n          Simple_repeat         1     45    (0)  979  
   43   22.9  0.0  0.0  Sniffles2.INS.49DS31      1    87    (5) + (TA)n          Simple_repeat         1     87    (0)  980  
  581   20.2  4.2  0.0  Sniffles2.INS.49S8        1   130    (5) C BSR/Beta       Satellite          (63)    135      1  981  
  365   14.8  0.0  0.0  Sniffles2.INS.49SC0       1    54    (0) + L1P1           LINE/L1            3540   3593 (2553)  982  
   43   18.8  0.0  2.3  Sniffles2.INS.4A0S22      1    89    (2) + (AT)n          Simple_repeat         1     87    (0)  983  
   37   21.6  0.0  1.2  Sniffles2.INS.4A2S22      3    84    (1) + (TA)n          Simple_repeat         1     81    (0)  984  
   47   30.3  0.7  0.0  Sniffles2.INS.4A3S1       3   143    (5) + (TG)n          Simple_repeat         1    142    (0)  985  
   19   44.9  0.0  0.0  Sniffles2.INS.4A3S3A     12    92    (0) + (AT)n          Simple_repeat         1     81    (0)  986  
  437    9.1  3.0  1.5  Sniffles2.INS.4A7S17     12    77    (0) + AluYi6         SINE/Alu            109    175  (136)  987  
 1163   11.9  2.1  4.6  Sniffles2.INS.4A8S0       1  1805 (4084) C HSATII         Satellite          (13)   5743   3958  988  
   28    2.6  0.0  7.1  Sniffles2.INS.4A8S0    1806  1850 (4039) + (ATCGAATGGA)n  Simple_repeat         1     42    (0)  989  
 1163   11.9  2.1  4.6  Sniffles2.INS.4A8S0    1851  5404  (485) C HSATII         Satellite        (1799)   3957    440  988  
   28    2.6  0.0  7.1  Sniffles2.INS.4A8S0    5405  5449  (440) + (ATCGAATGGA)n  Simple_repeat         1     42    (0)  990  
 1163   11.9  2.1  4.6  Sniffles2.INS.4A8S0    5450  5889    (0) C HSATII         Satellite          (13)    439      1  988  
   40    4.8  0.0  0.0  Sniffles2.INS.4A8S31    119   161  (593) + (TG)n          Simple_repeat         1     43    (0)  991  
  297   14.0  2.0  0.0  Sniffles2.INS.4A8S38     21    70    (5) C MLT1G          LTR/ERVL-MaLR      (40)    551    501  992  
   19    2.4 13.3  2.0  Sniffles2.INS.4A8S3A      3    47   (60) + GA-rich        Low_complexity        1     50    (0)  993  
  307    5.8  0.6  0.6  Sniffles2.INS.4A9S22      1   366    (0) + (AT)n          Simple_repeat         1    366    (0)  994  
   36    6.3  7.6  0.0  Sniffles2.INS.4ABS22      1    66    (2) + (AT)n          Simple_repeat         1     71    (0)  995  
   33    0.0  0.0  0.0  Sniffles2.INS.4ABS23     20    50    (0) + (AGGG)n        Simple_repeat         1     31    (0)  996  
   25   19.4  0.0  0.0  Sniffles2.INS.4AS2B       1    53    (2) + (GGAGT)n       Simple_repeat         1     53    (0)  997  
  936   12.3  0.0  1.0  Sniffles2.INS.4AS8        1   335    (8) C BSR/Beta       Satellite           (8)    331      1  998  
  263   11.1  0.0  0.0  Sniffles2.INS.4ASC0      37    72    (1) C Alu            SINE/Alu           (92)    210    175  999  
  265   12.1 13.6  0.0  Sniffles2.INS.4B5S17     12    77    (0) + MLT1-int       LTR/ERVL-MaLR       510    584  (787) 1000  
   80    5.7  4.4  2.9  Sniffles2.INS.4B5S39      1   137    (0) + (CTCCC)n       Simple_repeat         1    139    (0) 1001  
  184   31.3  1.5  0.0  Sniffles2.INS.4B7S1      40   106   (72) + MIRc           SINE/MIR            108    175   (93) 1002 *
  194   29.9  1.5  0.0  Sniffles2.INS.4B7S1      99   165   (13) + MIRc           SINE/MIR            108    175   (93) 1003  
   32   10.2  0.0  1.9  Sniffles2.INS.4B7S22      1    55    (0) + (ATATAAT)n     Simple_repeat         1     54    (0) 1004  
   29   26.4  1.2  0.0  Sniffles2.INS.4B7S35      3    83    (6) + (TGGTGA)n      Simple_repeat         1     82    (0) 1005  
  184   31.3  1.5  0.0  Sniffles2.INS.4B8S1      60   126  (109) + MIRc           SINE/MIR            108    175   (93) 1006 *
  194   29.9  1.5  0.0  Sniffles2.INS.4B8S1     119   185   (50) + MIRc           SINE/MIR            108    175   (93) 1007  
  188   28.3  0.0  0.0  Sniffles2.INS.4B8S1     178   230    (5) + MIRc           SINE/MIR            108    160  (108) 1008 *
   50    0.0  0.0  3.9  Sniffles2.INS.4B8S3A      1    54    (0) + (AGAA)n        Simple_repeat         1     52    (0) 1009  
  184   31.3  1.5  0.0  Sniffles2.INS.4B9S1      32    98  (257) + MIRc           SINE/MIR            108    175   (93) 1010  
  184   31.3  1.5  0.0  Sniffles2.INS.4B9S1      91   157  (198) + MIRc           SINE/MIR            108    175   (93) 1011  
  184   31.3  1.5  0.0  Sniffles2.INS.4B9S1     150   216  (139) + MIRc           SINE/MIR            108    175   (93) 1012  
   30   11.6  5.4  0.0  Sniffles2.INS.4B9S31     13    68    (3) + (AT)n          Simple_repeat         1     59    (0) 1013  
   59    5.2  0.0  5.8  Sniffles2.INS.4BAS0       1    91    (3) + (TA)n          Simple_repeat         1     86    (0) 1014  
   29    3.9  9.4  0.0  Sniffles2.INS.4BAS3A      1    53    (3) + (ATAATAT)n     Simple_repeat         1     58    (0) 1015  
   38   11.6  7.9  3.8  Sniffles2.INS.4BBS22      1   101    (3) + (AT)n          Simple_repeat         1    105    (0) 1016  
   31   18.4  0.0  3.1  Sniffles2.INS.4BBS31      1    66    (0) + (AT)n          Simple_repeat         1     64    (0) 1017  
   20   13.3  0.0  4.7  Sniffles2.INS.4BS11     125   169  (445) + (GGTGT)n       Simple_repeat         1     43    (0) 1018  
   13   12.0  0.0  3.6  Sniffles2.INS.4BS11     271   299  (315) + (GGTGT)n       Simple_repeat         1     28    (0) 1019  
   20   10.2  2.1  6.5  Sniffles2.INS.4BS3A       3    50    (5) + (TTAT)n        Simple_repeat         1     46    (0) 1020  
  841    0.0  1.3  0.1  Sniffles2.INS.4C0S22      1   751    (0) + (TA)n          Simple_repeat         1    760    (0) 1021  
   56    0.0  0.0  0.0  Sniffles2.INS.4C0S33      1    51    (0) + (CTCTT)n       Simple_repeat         1     51    (0) 1022  
   31   14.1  0.0  0.0  Sniffles2.INS.4C0S35      1    49    (2) + (G)n           Simple_repeat         1     49    (0) 1023  
   80   14.2  0.8  0.0  Sniffles2.INS.4C0S39      3   134    (0) + (TA)n          Simple_repeat         1    133    (0) 1024  
   53   14.6  0.0  9.8  Sniffles2.INS.4C4S3A      1   146   (15) + G-rich         Low_complexity        1    133    (0) 1025  
   25   13.4  3.9  0.0  Sniffles2.INS.4C7S33      1    51    (3) + (TATATG)n      Simple_repeat         1     53    (0) 1026  
   35    6.9  6.5  0.0  Sniffles2.INS.4CAS0       1    62    (5) + (AT)n          Simple_repeat         1     66    (0) 1027  
   46    2.1  0.0  2.0  Sniffles2.INS.4CBS17      1    51    (0) + (AGGAGA)n      Simple_repeat         1     50    (0) 1028  
   78    0.0  0.0  0.0  Sniffles2.INS.4CS25       9    74    (0) + (AT)n          Simple_repeat         1     66    (0) 1029  
  304   21.7  0.0  0.0  Sniffles2.INS.4CS2B       1    60    (0) + Alu            SINE/Alu             91    150   (16) 1030  
 1218   12.9  0.3  0.3  Sniffles2.INS.4CS58       1   975    (9) + ALR/Alpha      Satellite/centr       1    974    (0) 1031  
  909   12.7  1.0  1.0  Sniffles2.INS.4CS8        1  1082    (1) C BSR/Beta       Satellite          (57)   1081      1 1032  
  248   20.8  0.0  0.0  Sniffles2.INS.4D0S17      2    54  (274) + MER33          DNA/hAT-Charlie     272    324    (0) 1033  
 1824    5.7  0.0  0.0  Sniffles2.INS.4D0S17    115   326    (2) C AluSg          SINE/Alu           (98)    212      1 1034  
  848   14.4  8.2  2.1  Sniffles2.INS.4D3S17     12   231   (19) + L1MD3          LINE/L1            6929   7161  (834) 1035  
   45    5.7  6.8  0.0  Sniffles2.INS.4D3S3A      1    74    (0) + (TA)n          Simple_repeat         1     79    (0) 1036  
   23    8.6  5.7  3.7  Sniffles2.INS.4D4S35      1    53    (0) + (TGATGG)n      Simple_repeat         1     54    (0) 1037  
  224    2.9  7.8  0.3  Sniffles2.INS.4D4S3A      1   322    (0) + (AT)n          Simple_repeat         1    346    (0) 1038  
   38    0.0  4.7  0.0  Sniffles2.INS.4D6S31      8    50    (0) + (TATATATTTA)n  Simple_repeat         1     45    (0) 1039  
   35    7.0  0.0  0.0  Sniffles2.INS.4D8S33      1    46    (8) + (A)n           Simple_repeat         1     46    (0) 1040  
 1328   25.4  2.9  2.9  Sniffles2.INS.4DES31      4   377  (835) + L1M2a          LINE/L1             311    684 (6484) 1041  
  416    2.7  9.0  3.1  Sniffles2.INS.4DES31    379  1209    (3) + (TA)n          Simple_repeat         1    879    (0) 1042  
   16    6.8  0.0  8.8  Sniffles2.INS.4DES39     57    93    (2) + A-rich         Low_complexity        1     34    (0) 1043  
 1010    7.8  0.7  0.0  Sniffles2.INS.4DS25       1   289    (1) C ACRO1          Satellite/acro     (25)    290      1 1044  
  258   25.0  0.0  0.0  Sniffles2.INS.4DS2B       6    57   (12) + AluJo          SINE/Alu            225    276   (36) 1045  
  107    1.0  1.0  0.0  Sniffles2.INS.4DS6        1    99    (0) + (TA)n          Simple_repeat         1    100    (0) 1046  
   29   11.1  4.1  0.0  Sniffles2.INS.4E1S33      2    50    (0) + (AT)n          Simple_repeat         1     51    (0) 1047  
   32   15.3  4.6  0.0  Sniffles2.INS.4E3S33      1    65    (3) + (AT)n          Simple_repeat         1     68    (0) 1048  
   73   30.4  2.4  0.4  Sniffles2.INS.4E4S23      1   253   (60) + (GTG)n         Simple_repeat         1    258    (0) 1049  
   40    3.8  5.6  0.0  Sniffles2.INS.4E5S39      1    54    (0) + (AT)n          Simple_repeat         1     57    (0) 1050  
   64   19.6  0.6  4.0  Sniffles2.INS.4E6S31      1   156    (1) + GA-rich        Low_complexity        1    151    (0) 1051  
   98    0.0  0.0  0.0  Sniffles2.INS.4E8S39      1    86    (0) + (C)n           Simple_repeat         1     86    (0) 1052  
   42    0.0  0.0  0.0  Sniffles2.INS.4EBS2       1    36  (134) + (GT)n          Simple_repeat         1     36    (0) 1053  
   18   10.5  0.0  0.0  Sniffles2.INS.4EBS2      91   121   (49) + (TGTG)n        Simple_repeat         1     31    (0) 1054  
  238   15.9 13.6  0.0  Sniffles2.INS.4EBS2     127   170    (0) C MLT1B          LTR/ERVL-MaLR     (195)    195    146 1055  
 1926   13.2  0.0  0.0  Sniffles2.INS.4ECS2      54   325    (0) + AluSx          SINE/Alu              1    262   (40) 1056  
  519   11.5  2.6  0.0  Sniffles2.INS.4EFS0       1    78   (42) C THE1B          LTR/ERVL-MaLR     (227)    137     58 1057  
  265   10.9  2.1  2.1  Sniffles2.INS.4EFS0      74   120    (0) C THE1B          LTR/ERVL-MaLR     (179)    185    139 1058 *
   20   18.4  0.0  0.0  Sniffles2.INS.4ES11       8    50    (2) + (GACAGA)n      Simple_repeat         1     43    (0) 1059  
  542    4.5  0.0  0.0  Sniffles2.INS.4ES25       1    66    (0) C MER9a1         LTR/ERVK          (214)    299    234 1060  
 1244   13.8  0.5  0.4  Sniffles2.INS.4ES58       6  3862    (1) + ALR/Alpha      Satellite/centr       1   3859    (0) 1061  
   21   12.7  7.0  0.0  Sniffles2.INS.4F0S17      8    50    (3) + (TA)n          Simple_repeat         1     46    (0) 1062  
  498   20.8  0.6  4.2  Sniffles2.INS.4F5S0      29   199    (0) + ERV24_Prim-int LTR/ERV1           5412   5576 (1999) 1063  
   73    3.7  1.2  1.2  Sniffles2.INS.4FAS39     12    97    (0) + (TATTATA)n     Simple_repeat         1     86    (0) 1064  
   40   16.3  3.8  0.0  Sniffles2.INS.4FBS31      2    80    (1) + (TA)n          Simple_repeat         1     82    (0) 1065  
 7406    4.6  0.3  0.1  Sniffles2.INS.4FS58       1  1628 (2244) + L1PA3          LINE/L1            4524   6155    (0) 1066  
 1194   16.5  0.6  0.5  Sniffles2.INS.4FS58    1667  3868    (4) + ALR/Alpha      Satellite/centr       1   2204    (0) 1067  
 2956    1.0  0.0  0.0  Sniffles2.INS.4S2A       10   323    (0) C AluYb8         SINE/Alu            (3)    315      2 1068  
  280   22.4  0.0  0.0  Sniffles2.INS.4S2B        4    61   (61) + AluJb          SINE/Alu            234    291   (11) 1069  
  258   23.1  0.0  0.0  Sniffles2.INS.4S2B       67   118    (4) + Alu            SINE/Alu            229    280   (22) 1070  
 1046   14.2  0.1  0.1  Sniffles2.INS.4S2F        3   342    (0) + ALR/Alpha      Satellite/centr       1    340    (0) 1071  
 1004   14.7  0.2  0.0  Sniffles2.INS.4S30        7   340    (0) + ALR/Alpha      Satellite/centr       1    334    (0) 1072  
 1177   12.6  0.6  0.0  Sniffles2.INS.4S36        1   337    (3) C ALR/Alpha      Satellite/centr    (35)    338      1 1073  
  973    9.3  3.1  1.2  Sniffles2.INS.4S8         1   341    (1) + BSR/Beta       Satellite             1    347    (0) 1074  
   22   20.8  0.0  0.0  Sniffles2.INS.4SB9        1    50    (5) + (CCATT)n       Simple_repeat         1     50    (0) 1075  
 1128    9.8  0.1  0.3  Sniffles2.INS.4SBB        1   735    (1) C ACRO1          Satellite/acro     (59)    733      1 1076  
  157   12.8  2.9  1.1  Sniffles2.INS.501S22      1   279    (5) + (AT)n          Simple_repeat         1    284    (0) 1077  
   23   19.1  3.6  0.0  Sniffles2.INS.505S22      3    57    (0) + (TCC)n         Simple_repeat         1     57    (0) 1078  
   54    1.9  0.0  0.0  Sniffles2.INS.509S2       1    53    (1) + (GGAG)n        Simple_repeat         1     53    (0) 1079  
   91   16.5  2.8  0.0  Sniffles2.INS.50AS39      1   177    (0) + (TA)n          Simple_repeat         1    182    (0) 1080  
  400   20.3  1.5  5.4  Sniffles2.INS.50BS17      2   128    (9) + AluJb          SINE/Alu              1    203   (99) 1081  
   34    5.1  0.0  0.0  Sniffles2.INS.510S17      1    41   (11) + (CTTC)n        Simple_repeat         1     41    (0) 1082  
  307   20.1  0.0  0.3  Sniffles2.INS.513S17      3   584    (0) + (TA)n          Simple_repeat         1    580    (0) 1083  
   57    0.0  0.0  1.8  Sniffles2.INS.515S0       1    56    (0) + (AAGA)n        Simple_repeat         1     55    (0) 1084  
  245    0.0  0.4  4.7  Sniffles2.INS.516S1       1   268    (0) + (GGGGAGCA)n    Simple_repeat         1    257    (0) 1085  
   30   13.5  0.0  2.0  Sniffles2.INS.517S22      1    51    (2) + (AT)n          Simple_repeat         1     50    (0) 1086  
  163    6.0  2.5  4.0  Sniffles2.INS.518S0       2   283    (9) + (GTG)n         Simple_repeat         1    278    (0) 1087  
   35    7.7  3.6  0.0  Sniffles2.INS.519S2       2    57    (0) + (GGAG)n        Simple_repeat         1     58    (0) 1088  
 1353   19.2  0.0 12.8  Sniffles2.INS.51AS23      1   317  (392) + AluJb          SINE/Alu             22    302    (0) 1089  
  312   33.5  3.1  8.1  Sniffles2.INS.51AS23    145   339  (370) C SVA_F          Retroposon/SVA   (1176)    199     14 1090 *
 2350   10.4  0.0  0.0  Sniffles2.INS.51AS23    366   663   (46) + AluSq          SINE/Alu              1    298   (15) 1091  
  330   11.4  0.0  0.0  Sniffles2.INS.51AS23    666   709    (0) + Alu            SINE/Alu              1     44  (258) 1092  
   23    3.7  0.0  0.0  Sniffles2.INS.51S23      44    71    (7) + (A)n           Simple_repeat         1     28    (0) 1093  
 1825    5.9  0.0  0.0  Sniffles2.INS.51S25       1   222    (0) + L1PA3          LINE/L1            5862   6083   (72) 1094  
   35    8.9  3.3  0.0  Sniffles2.INS.51S5        1    60    (4) + (ATATATA)n     Simple_repeat         1     62    (0) 1095  
  468    9.1  0.0  0.0  Sniffles2.INS.51S8        1    66    (2) C BSR/Beta       Satellite          (44)     92     27 1096  
   17   16.5  2.3  2.3  Sniffles2.INS.520S2      12    54    (3) + (TATTC)n       Simple_repeat         1     43    (0) 1097  
 1100    6.7  0.0  0.8  Sniffles2.INS.520S22      1   134    (0) C AluYk2         SINE/Alu          (149)    162     30 1098  
   88    8.9  0.0  0.0  Sniffles2.INS.527S22      1   120    (0) + (A)n           Simple_repeat         1    120    (0) 1099  
   29    6.4  8.2  0.0  Sniffles2.INS.528S31      1    49    (0) + (TA)n          Simple_repeat         1     53    (0) 1100  
   48    0.0  0.0  3.9  Sniffles2.INS.52DS22      1    53    (0) + (AAGA)n        Simple_repeat         1     51    (0) 1101  
   22   29.4  0.0  0.0  Sniffles2.INS.52ES33      1    63    (1) + (TATATG)n      Simple_repeat         1     63    (0) 1102  
 3092    3.8  0.0  0.3  Sniffles2.INS.52S25      35   401    (2) + L1PA3          LINE/L1            5785   6150    (5) 1103  
   12   21.7  0.0  0.0  Sniffles2.INS.52S2B       3    34   (31) + (GAACG)n       Simple_repeat         1     32    (0) 1104 *
   19   18.9  0.0  0.0  Sniffles2.INS.52S2B      22    63    (2) + (GGAGT)n       Simple_repeat         1     42    (0) 1105  
   68   11.1  4.8  0.0  Sniffles2.INS.52S5        1   126    (0) + (ATATATA)n     Simple_repeat         1    132    (0) 1106  
  780    8.4  1.0  0.5  Sniffles2.INS.52S8        1   135    (0) C BSR/Beta       Satellite          (44)    135      1 1107  
   19   18.6  7.0  1.7  Sniffles2.INS.532S3A      1    57    (4) + (TA)n          Simple_repeat         1     60    (0) 1108  
  344   18.4  6.6  0.0  Sniffles2.INS.537S35      2    77    (0) C L1PA10         LINE/L1           (137)   6031   5951 1109  
  261   12.5  6.2  0.0  Sniffles2.INS.537S3A      4    51   (14) C MER65A         LTR/ERV1          (392)     53      3 1110  
  225   19.1  0.0  0.0  Sniffles2.INS.53AS35      1    47  (108) C L1PA11         LINE/L1           (182)   5992   5946 1111 *
  383   17.3  4.9  0.0  Sniffles2.INS.53AS35     44   124   (31) C L1PA10         LINE/L1           (137)   6031   5947 1112  
   11    8.2 15.4  0.0  Sniffles2.INS.53DS4       6    44    (1) + (CCACAT)n      Simple_repeat         1     45    (0) 1113  
 2662    1.1  0.0  0.0  Sniffles2.INS.53ES22    118   445  (378) C AluY           SINE/Alu            (0)    311      1 1114  
  971   21.5  4.2  4.6  Sniffles2.INS.53ES22    450   712  (111) + Tigger19b      DNA/TcMar-Tigger    240    501   (49) 1115  
   44    0.0  7.7  0.0  Sniffles2.INS.53ES33      3    54    (2) + (TA)n          Simple_repeat         1     56    (0) 1116  
   23   29.7  0.0  0.0  Sniffles2.INS.53S17       1    58    (0) + (AT)n          Simple_repeat         1     58    (0) 1117  
  411   19.1  1.2  0.0  Sniffles2.INS.53S25      16    99    (0) C ALR/Alpha      Satellite/centr    (40)    131     47 1118  
  838   14.9  0.0  0.3  Sniffles2.INS.53S8        2   272    (1) C BSR/Beta       Satellite          (17)    270      1 1119  
  636   13.3  2.9  1.9  Sniffles2.INS.544S17     41   145    (0) C AluJb          SINE/Alu           (10)    302    197 1120  
   45    5.8  0.0  0.0  Sniffles2.INS.544S33      1    55    (1) + (ATATATGTAT)n  Simple_repeat         1     55    (0) 1121  
   21   15.5  0.0  2.3  Sniffles2.INS.546S3A      1    45    (0) + (CATGTA)n      Simple_repeat         1     44    (0) 1122  
  300    5.8 24.3  2.4  Sniffles2.INS.548S2       6    75    (0) + L1P1           LINE/L1            5158   5242  (904) 1123  
  239   20.9  0.0  0.0  Sniffles2.INS.54S2B       2    44    (8) + FRAM           SINE/Alu            102    144   (32) 1124  
  394   16.4  0.0  0.0  Sniffles2.INS.54S8        1    67    (1) C BSR/Beta       Satellite          (30)    106     40 1125  
   45   26.6  0.0  0.0  Sniffles2.INS.556S0       1   107    (3) + (AT)n          Simple_repeat         1    107    (0) 1126  
   17    0.0  0.0  0.0  Sniffles2.INS.55DS1     556   577  (919) + (TCAT)n        Simple_repeat         1     22    (0) 1127  
  205   38.4  2.9  1.7  Sniffles2.INS.55DS1     756   930  (566) C L2c            LINE/L2           (191)   3196   3020 1128  
   16   32.9  4.8  0.0  Sniffles2.INS.55DS1    1334  1416   (80) + (GT)n          Simple_repeat         1     87    (0) 1129  
  136   24.0  0.6  1.2  Sniffles2.INS.55ES1    1241  1580  (634) + (CCCACC)n      Simple_repeat         1    338    (0) 1130  
   30   21.1  0.0  0.0  Sniffles2.INS.55FS0       2    59    (1) + (TA)n          Simple_repeat         1     58    (0) 1131  
   28   30.6  0.0  7.5  Sniffles2.INS.55FS1     501   657 (2921) + (CGTG)n        Simple_repeat         1    146    (0) 1132  
   28    6.7  2.9  5.9  Sniffles2.INS.55FS1     658   727 (2851) + (TGTGGATGCA)n  Simple_repeat         1     68    (0) 1133  
 1086   14.6  0.0  0.0  Sniffles2.INS.55S25       1   341    (1) C ALR/Alpha      Satellite/centr    (19)    341      1 1134  
   31    8.9  0.0  2.0  Sniffles2.INS.55S6        1    51    (0) + (TATTA)n       Simple_repeat         1     50    (0) 1135  
  705   12.8  2.1  0.0  Sniffles2.INS.55S8        1   122   (79) C BSR/Beta       Satellite          (53)    124      1 1136  
  371   15.4  0.0  0.0  Sniffles2.INS.55S8      135   199    (2) C BSR/Beta       Satellite          (24)    112     48 1136  
   60   11.4  4.5  1.7  Sniffles2.INS.562S33      1   112    (3) + (TA)n          Simple_repeat         1    115    (0) 1137  
   41   26.2  1.9  0.0  Sniffles2.INS.564S33     11   115    (0) + (AT)n          Simple_repeat         1    107    (0) 1138  
  263   25.1  8.4  2.5  Sniffles2.INS.567S0     415   542  (122) C L2b            LINE/L2             (5)   3382   3241 1139  
  128    9.2  0.4  4.9  Sniffles2.INS.569S33      5   260    (0) + (TA)n          Simple_repeat         1    245    (0) 1140  
  662   18.9  0.8  0.8  Sniffles2.INS.56S25       1   167    (1) C ALR/Alpha      Satellite/centr    (61)    167      1 1141  
  854   13.9  0.7  0.7  Sniffles2.INS.56S8        3   338    (1) C BSR/Beta       Satellite          (38)    336      1 1142  
   36   10.4  1.2  7.6  Sniffles2.INS.570S33      1    86    (0) + (CATAT)n       Simple_repeat         1     80    (0) 1143  
 1116   15.6  0.6  0.0  Sniffles2.INS.578S0       1   900    (6) C ALR/Alpha      Satellite/centr     (7)    905      1 1144  
   25   25.5  0.0  0.0  Sniffles2.INS.578S33      5    59    (2) + G-rich         Low_complexity        1     55    (0) 1145  
   56    3.6 12.2  0.0  Sniffles2.INS.57BS17     13   127    (1) + (TA)n          Simple_repeat         1    129    (0) 1146  
   93   30.2  0.0  0.0  Sniffles2.INS.57ES22      1   234    (8) + (AT)n          Simple_repeat         1    234    (0) 1147  
 1113    1.7  0.0  0.0  Sniffles2.INS.57S2B       9   128    (0) + AluYk11        SINE/Alu              2    121  (190) 1148  
   22   18.0  5.8  0.0  Sniffles2.INS.57S37       1    52    (0) + (AT)n          Simple_repeat         1     55    (0) 1149  
  329   19.4  0.0  0.0  Sniffles2.INS.57S8        1    62    (4) C BSR/Beta       Satellite           (8)    128     67 1150  
  925   11.8  0.8  0.8  Sniffles2.INS.57SC0       1   172    (0) + ALR/Alpha      Satellite/centr       1    172    (0) 1151  
   38    9.7  0.0  0.0  Sniffles2.INS.584S17      1    55    (1) + (TA)n          Simple_repeat         1     55    (0) 1152  
  576    1.3  0.0  0.0  Sniffles2.INS.589S0       2    77    (0) + SVA_F          Retroposon/SVA      752    827  (548) 1153  
   93   14.0  2.4  0.0  Sniffles2.INS.58AS17      1   167    (3) + (ATAT)n        Simple_repeat         1    171    (0) 1154  
   92   21.0  0.0  2.9  Sniffles2.INS.58BS0       1   214    (0) + (TA)n          Simple_repeat         1    208    (0) 1155  
   22   15.9  4.5  0.0  Sniffles2.INS.58BS33      1    44    (7) + GA-rich        Low_complexity        1     46    (0) 1156  
  166   21.0  0.0  1.7  Sniffles2.INS.58CS0       1   361    (4) + (TA)n          Simple_repeat         1    355    (0) 1157  
   28    9.1  0.0  4.1  Sniffles2.INS.58CS17      4    54    (0) + (TATAT)n       Simple_repeat         1     49    (0) 1158  
   32   18.9  0.0  0.0  Sniffles2.INS.58ES0       2    61    (0) + (AT)n          Simple_repeat         1     60    (0) 1159  
  685   18.6  0.4  0.0  Sniffles2.INS.58S25       1   164    (0) C ALR/Alpha      Satellite/centr    (19)    164      1 1160  
  280   19.6  0.0  0.0  Sniffles2.INS.58S2B       1    46    (4) + Alu            SINE/Alu             95    140   (26) 1161  
   16    0.0  0.0  0.0  Sniffles2.INS.59CS22     21    38   (13) + (T)n           Simple_repeat         1     18    (0) 1162  
   40    0.0  5.8  1.9  Sniffles2.INS.59FS0       1    52    (0) + (CTTT)n        Simple_repeat         1     54    (0) 1163  
  266   18.8  4.2  0.0  Sniffles2.INS.59S2B       1    48    (3) + FRAM           SINE/Alu            104    153   (23) 1164  
   29    5.9  3.4  5.2  Sniffles2.INS.59S33      10    68    (5) + (TAATAT)n      Simple_repeat         1     58    (0) 1165  
  983    2.4  0.0  0.0  Sniffles2.INS.5A1S33      1   125    (0) C L1P1           LINE/L1          (2764)   3382   3258 1166  
  592   20.3 13.0  0.0  Sniffles2.INS.5A2S33     12   188   (67) + L1M5           LINE/L1            4643   4842 (1304) 1167  
  602   24.4  3.6  1.8  Sniffles2.INS.5A4S0       2   168    (1) + L1MB8          LINE/L1            5869   6038  (140) 1168  
   31    5.5  6.8  1.6  Sniffles2.INS.5A5S33     31    89   (15) + (TA)n          Simple_repeat         1     62    (0) 1169  
 1884   10.9  0.0  2.2  Sniffles2.INS.5AES33     43   315   (13) + AluSx          SINE/Alu             36    302    (0) 1170  
  861   11.6  0.7 13.0  Sniffles2.INS.5AS8        1   205    (0) C BSR/Beta       Satellite          (22)    179      1 1171  
  927   14.2  1.1  0.7  Sniffles2.INS.5ASC0       2   507    (0) + ALR/Alpha      Satellite/centr       1    508    (3) 1172  
   40    8.0  0.0  0.0  Sniffles2.INS.5B2S17     14    66    (0) + (A)n           Simple_repeat         1     53    (0) 1173  
   34   25.3  3.2  0.0  Sniffles2.INS.5B5S39      1    95   (13) + (GT)n          Simple_repeat         1     98    (0) 1174  
   33    6.2  3.8  1.9  Sniffles2.INS.5B6S33      1    53    (0) + (TA)n          Simple_repeat         1     54    (0) 1175  
   48   26.1  0.0  6.8  Sniffles2.INS.5BBS17      1   172    (0) + (TTCC)n        Simple_repeat         1    161    (0) 1176  
   62   25.6  0.0  8.0  Sniffles2.INS.5BCS17      1   230    (0) + (TTCC)n        Simple_repeat         1    213    (0) 1177  
  201   25.0  3.8  0.0  Sniffles2.INS.5BDS17     11   544    (0) + (CTCT)n        Simple_repeat         1    554    (0) 1178  
   63   10.3  0.0  0.0  Sniffles2.INS.5BDS33      1    94    (2) + (ATAT)n        Simple_repeat         1     94    (0) 1179  
   14   17.9  6.8  0.0  Sniffles2.INS.5BS18       3    46    (4) + G-rich         Low_complexity        1     47    (0) 1180  
 1081   14.0  1.0  0.5  Sniffles2.INS.5BS25       4   669    (2) C ALR/Alpha      Satellite/centr    (42)    669      1 1181  
   41   14.4  2.9  6.0  Sniffles2.INS.5BS5        4   106    (2) + (CA)n          Simple_repeat         1    100    (0) 1182  
 1246   13.1  0.9  0.1  Sniffles2.INS.5BSC0       3   847    (0) + ALR/Alpha      Satellite/centr       1    851    (0) 1183  
   57    0.0  1.8  0.0  Sniffles2.INS.5C1S0       1    55    (0) + (TTTC)n        Simple_repeat         1     56    (0) 1184  
  172   21.2  2.2  0.2  Sniffles2.INS.5C3S33      1   402    (3) + (ATATAAT)n     Simple_repeat         1    410    (0) 1185  
   15   28.8  0.0  0.0  Sniffles2.INS.5C3S3A     13    54   (25) + GA-rich        Low_complexity        1     42    (0) 1186  
  702    2.4  0.0  0.0  Sniffles2.INS.5C9S33      1    82  (155) C L1P2           LINE/L1           (620)   5534   5453 1187  
  589    2.9  0.0  0.0  Sniffles2.INS.5C9S33    165   234    (3) + L1P1           LINE/L1            2397   2466 (3680) 1188  
  910   13.4  0.0  0.0  Sniffles2.INS.5CS25       1   169    (0) C ALR/Alpha      Satellite/centr    (66)    169      1 1189  
   91   24.4  0.0  0.0  Sniffles2.INS.5CS2B       2   214    (0) + (TGGAG)n       Simple_repeat         1    213    (0) 1190  
 2086   12.3  1.0  0.6  Sniffles2.INS.5CS58      14   323   (38) + AluSx          SINE/Alu              2    312    (0) 1191  
 1018    7.9  0.8  0.0  Sniffles2.INS.5CS6        1   126    (1) + AluSq          SINE/Alu              1    127  (186) 1192  
  790   10.9  1.1  0.4  Sniffles2.INS.5CSC0       5   171    (0) + ALR/Alpha      Satellite/centr       1    168    (0) 1193  
   17    4.9  0.0  0.0  Sniffles2.INS.5D6S22      1    21   (35) + (A)n           Simple_repeat         1     21    (0) 1194  
   32   12.4  0.0  0.0  Sniffles2.INS.5DBS33      1    53    (0) + (ATAT)n        Simple_repeat         1     53    (0) 1195  
  764    1.7  0.0  1.7  Sniffles2.INS.5DCS33      1   122    (2) C SVA_F          Retroposon/SVA    (527)    848    729 1196  
   16    0.0  4.3  0.0  Sniffles2.INS.5DS6        1    23   (28) + (TTCC)n        Simple_repeat         1     24    (0) 1197  
   30    0.0  0.0  0.0  Sniffles2.INS.5DS6       24    51    (0) + (TTCT)n        Simple_repeat         1     28    (0) 1198  
  383   15.9  0.0  1.4  Sniffles2.INS.5DS8        1    70    (0) C BSR/Beta       Satellite          (24)    112     44 1199  
   44   18.7  2.0  7.2  Sniffles2.INS.5E4S33      7   152    (1) + (ATAG)n        Simple_repeat         1    139    (0) 1200  
 1773    8.9  1.9  8.5  Sniffles2.INS.5E7S33      1   573    (1) + SVA_F          Retroposon/SVA      421    862  (520) 1201  
   16   27.9  3.6  1.8  Sniffles2.INS.5E9S0       5    60  (137) + (AT)n          Simple_repeat         1     57    (0) 1202  
  169    0.0  0.7  0.0  Sniffles2.INS.5EBS22      1   147    (0) + (TA)n          Simple_repeat         1    148    (0) 1203  
  331   13.0  1.7  0.0  Sniffles2.INS.5EBS31      3    62    (9) + AluJb          SINE/Alu            156    203   (99) 1204  
   19   15.3  0.0  9.1  Sniffles2.INS.5EES3A      1    60    (5) + G-rich         Low_complexity        1     55    (0) 1205  
   15   17.5  0.0  0.0  Sniffles2.INS.5ES2B       2    34   (60) + (AACGG)n       Simple_repeat         1     33    (0) 1206  
  228   20.9  0.0  0.0  Sniffles2.INS.5ES2B      48    90    (4) + FRAM           SINE/Alu            102    144   (32) 1207  
  338   16.7  1.5  0.0  Sniffles2.INS.5ES8        1    66    (1) C BSR/Beta       Satellite          (27)    109     43 1208  
   36    0.0  9.8  0.0  Sniffles2.INS.5F2S0       1    51    (0) + (TCTT)n        Simple_repeat         1     56    (0) 1209  
   24   11.6  4.5  7.8  Sniffles2.INS.5F4S0       1    66    (0) + (TA)n          Simple_repeat         1     64    (0) 1210  
  482    6.3 14.4  4.1  Sniffles2.INS.5F8S22      8   139    (8) C SVA_D          Retroposon/SVA    (592)    794    650 1211  
  653    1.2  0.0  0.0  Sniffles2.INS.5F9S0       1    83  (141) C L1P1           LINE/L1           (789)   5357   5275 1212 *
 1178    2.1  0.0  0.0  Sniffles2.INS.5F9S0      83   224    (0) + L1P1           LINE/L1            3311   3452 (2694) 1213  
  298   21.4  0.0  0.0  Sniffles2.INS.5FS2B      17    72   (22) + Alu            SINE/Alu             89    144   (22) 1214  
  815   15.1  0.6  0.6  Sniffles2.INS.5FS8        3   205    (0) C BSR/Beta       Satellite          (47)    203      1 1215  
   70    1.8 11.4  0.0  Sniffles2.INS.5S10        1   114    (3) + (AT)n          Simple_repeat         1    127    (0) 1216  
   19    0.0  0.0  0.0  Sniffles2.INS.5S25      392   415  (205) + (CCG)n         Simple_repeat         1     24    (0) 1217  
  836   13.1  0.0  0.0  Sniffles2.INS.5S2F       14   164  (175) + ALR/Alpha      Satellite/centr       1    151    (0) 1218  
  866   13.7  0.0  0.0  Sniffles2.INS.5S2F      177   339    (0) + ALR/Alpha      Satellite/centr       1    163    (0) 1218  
 2837    1.0  0.0  0.0  Sniffles2.INS.5S36       18   319    (0) + AluYa5         SINE/Alu              1    302    (9) 1219  
   26   14.0  0.0  0.0  Sniffles2.INS.5S5D        1    47    (3) + (GGAAT)n       Simple_repeat         1     47    (0) 1220  
  840   13.4  5.0  1.0  Sniffles2.INS.5S8         1   608    (1) + BSR/Beta       Satellite             1    632    (0) 1221  
 1054    7.7  0.9  0.0  Sniffles2.INS.5SA8        2   434    (1) C ACRO1          Satellite/acro      (0)    436      1 1222  
   34   19.4  3.7  3.7  Sniffles2.INS.5SB3        3   110    (1) + G-rich         Low_complexity        1    108    (0) 1223  
  356    9.6  0.0  0.0  Sniffles2.INS.5SB4        1    52   (21) C L1P1           LINE/L1          (6101)     54      3 1224  
   37    2.6  0.0  0.0  Sniffles2.INS.5SBD        8    46    (0) + (ATTCC)n       Simple_repeat         1     39    (0) 1225  
 1236   15.7  0.4  0.8  Sniffles2.INS.5SF         3  3704    (0) + ALR/Alpha      Satellite/centr       1   3687    (0) 1226  
  189    4.2 10.1  1.6  Sniffles2.INS.601S0      14   420    (0) + (CT)n          Simple_repeat         1    441    (0) 1227  
   24   14.0  2.0  2.0  Sniffles2.INS.609S0       1    51    (1) + GA-rich        Low_complexity        1     51    (0) 1228  
   13   12.1  3.6  0.0  Sniffles2.INS.60FS22      1    28   (98) + GA-rich        Low_complexity        1     29    (0) 1229  
  272   20.9  0.0  1.5  Sniffles2.INS.60S8        1    68    (0) C BSR/Beta       Satellite           (2)    134     68 1230  
   27   10.4  7.7  0.0  Sniffles2.INS.614S0       4    55    (5) + (TA)n          Simple_repeat         1     56    (0) 1231  
  338   19.0 21.3  3.0  Sniffles2.INS.61AS33     43   183    (8) C L1M2           LINE/L1          (2771)   3372   3207 1232  
  117   12.4  0.8  5.6  Sniffles2.INS.61FS0       1   243    (0) + (CCA)n         Simple_repeat         1    232    (0) 1233  
   28   14.8  3.8  0.0  Sniffles2.INS.621S33      3    55    (0) + (AT)n          Simple_repeat         1     55    (0) 1234  
   40    7.0  1.7  0.0  Sniffles2.INS.62AS22      1    60    (0) + (ATATAAT)n     Simple_repeat         1     61    (0) 1235  
  773   16.1  0.8  0.0  Sniffles2.INS.62S25       1   167    (1) + ALR/Alpha      Satellite/centr       1    168    (0) 1236  
  808    6.4  0.5  1.0  Sniffles2.INS.62S8        1   135    (0) C BSR/Beta       Satellite          (39)    134      1 1237  
   22   17.1  2.1  2.1  Sniffles2.INS.633S0       2    49    (1) + (TG)n          Simple_repeat         1     48    (0) 1238  
  117    0.0  2.7  0.0  Sniffles2.INS.63AS22      1   110    (1) + (TA)n          Simple_repeat         1    113    (0) 1239  
   28   15.6  0.0  1.9  Sniffles2.INS.63ES22      1    54    (0) + GA-rich        Low_complexity        1     53    (0) 1240  
 2535    2.2  0.0  0.0  Sniffles2.INS.63S25      24   297    (0) C AluYe5         SINE/Alu           (10)    300     27 1241  
 1091    5.4  0.5  3.8  Sniffles2.INS.63S31       5   225    (1) + SVA_F          Retroposon/SVA      523    855  (520) 1242  
  891    8.6  0.0  6.9  Sniffles2.INS.63S8        1   204    (0) C BSR/Beta       Satellite          (14)    189      1 1243  
  140    0.0  0.0  0.0  Sniffles2.INS.642S33      1   119    (1) + (AG)n          Simple_repeat         1    119    (0) 1244  
   51    0.0  0.0  2.0  Sniffles2.INS.645S33      1    51    (0) + (AAAG)n        Simple_repeat         1     50    (0) 1245  
  652   11.4  0.0  0.0  Sniffles2.INS.647S17      1    88   (62) + Tigger1        DNA/TcMar-Tigger   1978   2065  (353) 1246  
  170   12.5  9.9  0.0  Sniffles2.INS.64ES22      4   398    (2) + (CTCT)n        Simple_repeat         1    434    (0) 1247  
   45    0.0  1.9  3.8  Sniffles2.INS.64FS0     190   243    (0) + (TCTT)n        Simple_repeat         1     53    (0) 1248  
  121   19.9  0.0  0.0  Sniffles2.INS.64S2B       1   238    (9) + (CCATT)n       Simple_repeat         1    238    (0) 1249  
   13   20.9  0.0 10.9  Sniffles2.INS.650S17      5    65    (3) + (CCTCC)n       Simple_repeat         1     55    (0) 1250  
  138   19.9  2.4  0.7  Sniffles2.INS.657S22      1   295    (4) + (AT)n          Simple_repeat         1    300    (0) 1251  
   17   16.4  9.1  0.0  Sniffles2.INS.65BS33      1    55    (1) + (TATATA)n      Simple_repeat         1     60    (0) 1252  
  363    9.8  0.0  0.0  Sniffles2.INS.65S58       1    51    (5) + 5S             rRNA                 48     98   (23) 1253  
   29   13.5  5.3  0.0  Sniffles2.INS.65S6        1    57    (0) + (AT)n          Simple_repeat         1     60    (0) 1254  
  989   14.3  2.6  2.9  Sniffles2.INS.65S8        1  1271    (0) C BSR/Beta       Satellite          (39)   1267      1 1255  
  474   19.8  0.0  0.0  Sniffles2.INS.66S25       1    96    (0) + ALR/Alpha      Satellite/centr      47    142   (30) 1256  
   11   16.2  4.3  6.5  Sniffles2.INS.67BS0       1    47    (5) + (TATACA)n      Simple_repeat         1     46    (0) 1257  
   30   16.0  0.0  0.0  Sniffles2.INS.67CS33      1    56    (0) + GA-rich        Low_complexity        1     56    (0) 1258  
  471   18.9  1.1  0.0  Sniffles2.INS.67S25       1    95    (1) + ALR/Alpha      Satellite/centr      41    136   (36) 1259  
  589    5.1  3.9  0.6  Sniffles2.INS.67S2B       1   110   (10) + AluY           SINE/Alu            103    301    (0) 1260  
  309   15.4  0.0  0.0  Sniffles2.INS.67S8        8    59    (0) C BSR/Beta       Satellite          (44)     92     41 1261  
 1233   12.4  0.4  0.0  Sniffles2.INS.68S25       1  1354    (3) + ALR/Alpha      Satellite/centr       1   1359    (0) 1262  
  292   19.1  0.0  0.0  Sniffles2.INS.68S58       1    47   (28) + Tigger1        DNA/TcMar-Tigger   2372   2418    (0) 1263  
  751   12.1  0.0  1.0  Sniffles2.INS.68S8        5   135    (2) C BSR/Beta       Satellite          (18)    129      1 1264  
   13   15.7  2.0  8.5  Sniffles2.INS.690S33     21    70    (2) + (TATAGT)n      Simple_repeat         1     47    (0) 1265  
 2347    9.1  0.0  0.0  Sniffles2.INS.698S0     253   559  (196) + AluYk3         SINE/Alu              1    307    (4) 1266  
 1075    0.8  0.0  0.0  Sniffles2.INS.698S0     569   689   (66) C 5S             rRNA                (0)    121      1 1267  
  453   20.2  0.0  0.0  Sniffles2.INS.69S25       1    94    (0) + ALR/Alpha      Satellite/centr      49    142   (30) 1268  
  254   24.5  0.0  0.0  Sniffles2.INS.69S2B       1    53    (5) + Alu            SINE/Alu             92    144   (22) 1269  
  182   31.3  8.1  4.8  Sniffles2.INS.69S31      80   240  (385) C L2b            LINE/L2           (237)   3138   2973 1270  
  443   24.2 11.8  7.2  Sniffles2.INS.69S31     366   615   (10) C MLT1H2         LTR/ERVL-MaLR       (6)    549    294 1271  
  375   15.2  0.0  1.5  Sniffles2.INS.69S8        2    68    (1) C BSR/Beta       Satellite           (4)    132     67 1272  
   21   20.6  1.8  1.8  Sniffles2.INS.6A5S0      19    73    (1) + (CCTT)n        Simple_repeat         1     55    (0) 1273  
 1041   15.6  0.5  0.2  Sniffles2.INS.6AS25       1   683    (0) + ALR/Alpha      Satellite/centr       1    684    (0) 1274  
  288   20.0  0.0  0.0  Sniffles2.INS.6AS2B       1    45    (5) + AluYa5         SINE/Alu            228    272   (39) 1275  
  133   22.7  6.2  2.6  Sniffles2.INS.6AS58       1   485    (5) + (AC)n          Simple_repeat         1    502    (0) 1276  
  142   10.2  8.5  0.6  Sniffles2.INS.6AS6        1   294    (1) + GA-rich        Low_complexity        1    317    (0) 1277  
  632   15.4  0.5  1.0  Sniffles2.INS.6AS8        1   135    (1) C BSR/Beta       Satellite          (26)    134      1 1278  
  406    9.9  1.9  1.8  Sniffles2.INS.6B5S0       1    95    (3) C AluY           SINE/Alu            (0)    301    241 1279  
   50   13.8  3.2  5.0  Sniffles2.INS.6BBS22      1   123    (1) + (TCC)n         Simple_repeat         1    121    (0) 1280  
   85    1.5 11.2  0.0  Sniffles2.INS.6BFS0       3   136    (5) + (AT)n          Simple_repeat         1    149    (0) 1281  
  685   18.6  0.4  0.0  Sniffles2.INS.6BS25       1   164    (0) + ALR/Alpha      Satellite/centr       1    164    (0) 1282  
  330   15.2  0.0  0.0  Sniffles2.INS.6BS2B       1    46   (26) + FRAM           SINE/Alu             98    143   (33) 1283  
  918   13.8  1.6  0.3  Sniffles2.INS.6BS8        1   470    (1) C BSR/Beta       Satellite           (0)    475      1 1284  
  317   15.2  0.0  0.0  Sniffles2.INS.6CS2B       1    46   (12) + AluSz6         SINE/Alu            235    280   (32) 1285  
   16   24.9  0.0  3.7  Sniffles2.INS.6D7S22      4    59    (8) + (CCCCT)n       Simple_repeat         1     54    (0) 1286  
 1048   15.8  0.2  0.0  Sniffles2.INS.6DS25       3   340    (0) + ALR/Alpha      Satellite/centr       1    338    (0) 1287  
  124   20.2  0.0  0.0  Sniffles2.INS.6DS2B      11   256    (2) + (ATTCC)n       Simple_repeat         1    246    (0) 1288  
 1149   13.9  1.1  0.7  Sniffles2.INS.6ES25       1  1871    (1) + ALR/Alpha      Satellite/centr       1   1877    (0) 1289  
 1814   14.9  1.0  3.3  Sniffles2.INS.6FDS22     27   338  (178) C AluJb          SINE/Alu            (6)    306      2 1290  
 1005   15.3  0.6  0.6  Sniffles2.INS.6FDS22    346   516    (0) + L1MD1          LINE/L1            6064   6234    (8) 1291  
   14   30.9  3.5  2.3  Sniffles2.INS.6FS2        3    89    (0) + (TCCCTCG)n     Simple_repeat         1     88    (0) 1292  
  237   19.1  2.4  0.0  Sniffles2.INS.6FS2B       2    43    (7) + FRAM           SINE/Alu            102    144   (32) 1293  
   25    7.9  0.0  2.4  Sniffles2.INS.6FS37       6    47    (0) + (AGGG)n        Simple_repeat         1     41    (0) 1294  
   33   12.4  1.6  1.6  Sniffles2.INS.6S15        7    69    (0) + (TCCAT)n       Simple_repeat         1     63    (0) 1295  
   27    3.1  0.0  2.9  Sniffles2.INS.6S2B        3    37  (141) + (AATGG)n       Simple_repeat         1     34    (0) 1296  
  282   18.4  0.0  0.0  Sniffles2.INS.6S2B       50    98   (80) + AluYj4         SINE/Alu            224    272   (39) 1297  
   18   20.3  0.0  0.0  Sniffles2.INS.6S2B      112   152   (26) + (AACAG)n       Simple_repeat         1     41    (0) 1298  
   14   18.1  0.0  0.0  Sniffles2.INS.6S2B      141   172    (6) + (GAGTG)n       Simple_repeat         1     32    (0) 1299 *
  957   17.3  1.9  0.4  Sniffles2.INS.6S2F        1   334    (4) + ALR/Alpha      Satellite/centr       1    339    (0) 1300  
 2717    0.3  0.0  0.3  Sniffles2.INS.6S32        4   326    (0) C AluYb9         SINE/Alu            (0)    318      2 1301  
 1263   11.3  0.7  0.1  Sniffles2.INS.6S36        1   848    (1) C ALR/Alpha      Satellite/centr    (62)    853      1 1302  
   88   14.0  0.0  0.0  Sniffles2.INS.6S5D        1   144    (1) + (TGGAA)n       Simple_repeat         1    144    (0) 1303  
  385   14.9  0.0  1.5  Sniffles2.INS.6S8         1    68    (1) + BSR/Beta       Satellite            49    115   (21) 1304  
   30    7.0  2.1  2.1  Sniffles2.INS.6SA7       21    67   (13) + (TC)n          Simple_repeat         1     47    (0) 1305  
 1054    7.3  0.6  0.0  Sniffles2.INS.6SA8        1   581    (1) C ACRO1          Satellite/acro     (50)    584      1 1306  
 1212   13.6  0.8  0.5  Sniffles2.INS.6SAA        1  2721    (1) + ALR/Alpha      Satellite/centr       1   2728    (0) 1307  
 1078    7.2  0.0  0.0  Sniffles2.INS.6SBB        1   288    (6) C ACRO1          Satellite/acro      (6)    288      1 1308  
   28    5.8  0.0  0.0  Sniffles2.INS.6SBD       10    45    (0) + (CATTC)n       Simple_repeat         1     36    (0) 1309  
  311   13.2  7.4  1.8  Sniffles2.INS.703S33      4    57    (0) + MER57-int      LTR/ERV1             94    150 (7387) 1310  
   32   14.0  1.8  0.0  Sniffles2.INS.705S0       2    56    (0) + (TA)n          Simple_repeat         1     56    (0) 1311  
   17   25.2  2.4  6.2  Sniffles2.INS.708S33      8    91   (11) + (GTG)n         Simple_repeat         1     81    (0) 1312  
   13   10.4  8.9  4.3  Sniffles2.INS.709S33     23    67    (0) + (TGTAGT)n      Simple_repeat         1     47    (0) 1313  
  177    6.8  0.7  4.3  Sniffles2.INS.711S0       1   290    (5) + (ATGG)n        Simple_repeat         1    280    (0) 1314  
  238   13.0  3.4  2.7  Sniffles2.INS.714S0       1   477    (0) + G-rich         Low_complexity        1    480    (0) 1315  
  455   20.0  1.1  0.0  Sniffles2.INS.71S25       6   100    (0) + ALR/Alpha      Satellite/centr      32    127   (44) 1316  
  367   16.1  0.0  0.0  Sniffles2.INS.71S2B       1    56    (5) + Alu            SINE/Alu             89    144   (22) 1317  
   66    4.0  4.4  4.4  Sniffles2.INS.72CS22      1   114    (4) + (CA)n          Simple_repeat         1    114    (0) 1318  
   15   38.1  0.0  0.0  Sniffles2.INS.73S23       1    60    (0) + (ATGT)n        Simple_repeat         1     60    (0) 1319  
 1583    4.7  0.0  0.0  Sniffles2.INS.73S25       1   192    (0) C L1PA3          LINE/L1            (72)   6083   5892 1320  
  323   17.6  0.0  0.0  Sniffles2.INS.73S2B      13    63    (0) + Alu            SINE/Alu             90    140   (26) 1321  
 3080    4.4  0.0  0.0  Sniffles2.INS.74S25       3   368   (33) C L1PA3          LINE/L1             (5)   6150   5785 1322  
  377   13.6  1.5  0.0  Sniffles2.INS.74S8        1    66    (1) + BSR/Beta       Satellite            27     93   (43) 1323  
 2857    1.9  0.0  0.0  Sniffles2.INS.75S25       3   312    (9) + AluYe5         SINE/Alu              1    310    (0) 1324  
  271   24.5  0.0  0.0  Sniffles2.INS.75S2B       2    54    (0) + AluYh7         SINE/Alu            227    279   (32) 1325  
  583   13.8  0.5  0.0  Sniffles2.INS.75S8        1   128    (3) + BSR/Beta       Satellite             1    128    (0) 1326  
  322   22.4  3.0  0.0  Sniffles2.INS.760S33     16    82   (11) + MLT2B5         LTR/ERVL              3     71  (646) 1327  
  248    0.0  0.9  0.0  Sniffles2.INS.76S23       1   217    (0) + (TA)n          Simple_repeat         1    219    (0) 1328  
  288   23.6  0.0  0.0  Sniffles2.INS.76S2B       1    55    (0) + AluYj4         SINE/Alu            225    279   (32) 1329  
  809   15.6  0.7  0.0  Sniffles2.INS.76S8        2   195    (1) + BSR/Beta       Satellite             1    195    (0) 1330  
 1426   14.6  7.2  3.6  Sniffles2.INS.77S17       1   349    (1) C SVA_A          Retroposon/SVA    (572)    815    455 1331  
   15   33.4  0.0  0.0  Sniffles2.INS.77S22       3    59    (1) + (TTCA)n        Simple_repeat         1     57    (0) 1332  
  490    0.0  0.0  0.0  Sniffles2.INS.77S2B       1    52   (58) + AluYk11        SINE/Alu            250    301   (10) 1333  
   44    0.0  2.3  0.0  Sniffles2.INS.77S4        7    50    (0) + (CTTT)n        Simple_repeat         1     45    (0) 1334  
  960   13.3  0.0  0.4  Sniffles2.INS.77S8        1   535    (0) + BSR/Beta       Satellite             1    533    (0) 1335  
  292   19.4  1.6  0.0  Sniffles2.INS.78S8        4    65    (0) + BSR/Beta       Satellite            33     95   (41) 1336  
  374   12.2  0.0  0.0  Sniffles2.INS.79S2B      10    58    (0) + Alu            SINE/Alu            224    272   (29) 1337  
  820   10.0  1.0  0.0  Sniffles2.INS.79S8        3   134    (0) + BSR/Beta       Satellite             1    133    (0) 1338  
   76    9.6  0.0  1.7  Sniffles2.INS.79SBF       1   118    (0) + (GGAA)n        Simple_repeat         1    116    (0) 1339  
  316   21.4  0.0  0.0  Sniffles2.INS.7AS2B       2    57    (0) + AluYk2         SINE/Alu            224    279   (32) 1340  
  864   14.1  0.4  0.5  Sniffles2.INS.7AS8        2   270    (1) + BSR/Beta       Satellite             1    268    (0) 1341  
  242   20.4  4.1  0.0  Sniffles2.INS.7BS2B       1    49    (1) + FRAM           SINE/Alu            108    158   (18) 1342  
  862   14.6  0.5  0.4  Sniffles2.INS.7BS8        6   539    (0) + BSR/Beta       Satellite             1    534    (0) 1343  
  350   16.1  0.0  3.6  Sniffles2.INS.7CS2B      15    72    (5) + Alu            SINE/Alu             85    140   (26) 1344  
  989   12.0  0.8  0.8  Sniffles2.INS.7CS8        3  1082    (0) + BSR/Beta       Satellite             1   1080    (0) 1345  
   98   14.8  1.7  0.0  Sniffles2.INS.7DS5        1   172    (0) + (TA)n          Simple_repeat         1    175    (0) 1346  
  843   11.9  0.0  0.8  Sniffles2.INS.7DS8        1   127   (10) + BSR/Beta       Satellite            11    136    (0) 1347  
 1041   12.8  3.0  0.3  Sniffles2.INS.7ES24       1   335    (0) C ALR/Alpha      Satellite/centr    (22)    344      1 1348  
  762   13.2  3.5  2.1  Sniffles2.INS.7ES8        3   207    (1) + BSR/Beta       Satellite             1    207   (21) 1349  
 1092   12.1  1.7  0.0  Sniffles2.INS.7FS24       3   331    (2) C ALR/Alpha      Satellite/centr    (35)    334      1 1350  
  349   10.2  4.1  0.0  Sniffles2.INS.7FS2B       4    52    (0) + AluJb          SINE/Alu            240    290   (22) 1351  
  434   11.1  3.2  0.0  Sniffles2.INS.7FS8        3    65    (1) + BSR/Beta       Satellite            67    131    (5) 1352  
 1024   14.9  0.0  0.0  Sniffles2.INS.7S2F        4   340    (2) + ALR/Alpha      Satellite/centr       1    337    (0) 1353  
  938   15.7  1.7  0.3  Sniffles2.INS.7S30        1   338    (2) + ALR/Alpha      Satellite/centr       1    342    (0) 1354  
  267   14.9  0.0  9.8  Sniffles2.INS.7S5D        8    74    (0) C HSATII         Satellite         (106)     64      4 1355  
  746   12.2  0.0  1.0  Sniffles2.INS.7S8         1   137    (0) + BSR/Beta       Satellite             1    135    (0) 1356  
   27   10.0  0.0  0.0  Sniffles2.INS.7SA7        1    43  (277) + (TCTCTC)n      Simple_repeat         1     43    (0) 1357  
   46    2.3  0.0  0.0  Sniffles2.INS.7SA7       50    93  (227) + (GT)n          Simple_repeat         1     44    (0) 1358  
   71   23.9  1.3  4.1  Sniffles2.INS.7SA7       94   320    (0) + (CTGT)n        Simple_repeat         1    221    (0) 1359  
  245   22.6  3.2  0.0  Sniffles2.INS.80S2B       1    62    (0) + AluYk2         SINE/Alu            226    289   (22) 1360  
  396   15.2  0.0  0.0  Sniffles2.INS.80S8        4    62    (6) + BSR/Beta       Satellite            61    119   (17) 1361  
 1054   12.2  0.0  0.0  Sniffles2.INS.81S24       1   170    (1) C ALR/Alpha      Satellite/centr    (71)    170      1 1362  
  239   20.0  0.0  0.0  Sniffles2.INS.81S6        5    49   (18) + L1MD           LINE/L1            5164   5208  (938) 1363 *
  265    7.5  0.0  0.0  Sniffles2.INS.81S6       28    67    (0) + L1MD           LINE/L1            5120   5159  (987) 1364  
  697   19.0  0.0  0.0  Sniffles2.INS.81S8        4   130    (6) + BSR/Beta       Satellite             1    127    (0) 1365  
  187    5.7  3.1  2.1  Sniffles2.INS.82S23       4   290    (0) + (CCT)n         Simple_repeat         1    290    (0) 1366  
  124   20.2  0.0  0.0  Sniffles2.INS.82S2B       5   250    (4) + (ATTCC)n       Simple_repeat         1    246    (0) 1367  
  801   14.5  0.6  0.6  Sniffles2.INS.82S8        1   203    (0) + BSR/Beta       Satellite             1    203    (0) 1368  
   13   11.9  5.0  5.0  Sniffles2.INS.83SBF       1    40   (14) + G-rich         Low_complexity        1     40    (0) 1369  
 1054   12.2  0.0  0.0  Sniffles2.INS.84S24       1   170    (1) C ALR/Alpha      Satellite/centr    (71)    170      1 1370  
  351   16.4  0.0  0.0  Sniffles2.INS.84S2B       1    55    (3) + Alu            SINE/Alu             90    144   (22) 1371  
  435   16.0  8.8  0.5  Sniffles2.INS.84S8        1   131    (1) + BSR/Beta       Satellite             1    141   (28) 1372  
  975    9.7  0.6  2.0  Sniffles2.INS.85S8        1   208    (1) + BSR/Beta       Satellite             1    205    (0) 1373  
  401   11.9  0.0  0.0  Sniffles2.INS.87S8        8    66    (3) + BSR/Beta       Satellite             4     62   (74) 1374  
   37    1.7  8.2  1.5  Sniffles2.INS.88S33       5    65    (8) + (GTGTG)n       Simple_repeat         1     65    (0) 1375  
  401   14.8  0.0  0.0  Sniffles2.INS.88S8        2    62    (4) + BSR/Beta       Satellite            52    112   (24) 1376  
  609    9.0  6.3  0.3  Sniffles2.INS.89S11       1  1073    (0) + (ATATAAT)n     Simple_repeat         1   1137    (0) 1377  
   55    1.8  0.0  1.7  Sniffles2.INS.89S5        1    59    (1) + (ATGTATAT)n    Simple_repeat         1     58    (0) 1378  
  578   18.3  0.0  1.0  Sniffles2.INS.89S8        2   137    (0) + BSR/Beta       Satellite             1    134    (0) 1379  
  743   16.4  0.5  6.9  Sniffles2.INS.8AS8        1   266    (4) + BSR/Beta       Satellite             1    249    (0) 1380  
  260   17.1  0.0  0.0  Sniffles2.INS.8BS2B       1    41   (10) + FRAM           SINE/Alu            104    144   (32) 1381  
  343   18.8  0.0  1.6  Sniffles2.INS.8BS8        3    67    (2) + BSR/Beta       Satellite            44    107   (29) 1382  
   33    8.0  3.8  0.0  Sniffles2.INS.8CS23       2    54    (0) + (TA)n          Simple_repeat         1     55    (0) 1383  
  354    0.0  0.0  0.0  Sniffles2.INS.8CS2B       6    43   (25) + AluYk11        SINE/Alu            264    301   (10) 1384  
  408   17.8  0.0 13.7  Sniffles2.INS.8CS8        2   130    (8) + BSR/Beta       Satellite             1    111    (0) 1385  
   21   19.6  8.8  5.7  Sniffles2.INS.8DS37      17   153    (3) + (ATAC)n        Simple_repeat         1    141    (0) 1386  
  527   20.3  0.0  1.0  Sniffles2.INS.8ES8        2   137    (0) + BSR/Beta       Satellite             1    134    (0) 1387  
  882   11.9  0.3  0.6  Sniffles2.INS.8FS8        1   198    (5) + BSR/Beta       Satellite             1    197    (1) 1388  
  453   20.6  5.0  5.8  Sniffles2.INS.8S15        1   652   (47) + HSATII         Satellite             1    646    (9) 1389  
   25   14.3  0.0  0.0  Sniffles2.INS.8S15      653   698    (1) + (TCCAT)n       Simple_repeat         1     46    (0) 1390  
  287   23.1  0.0  0.0  Sniffles2.INS.8S2B       21    72    (4) + AluJo          SINE/Alu            225    276   (36) 1391  
 1207   14.6  0.3  0.0  Sniffles2.INS.8S2F        4  1019    (2) + ALR/Alpha      Satellite/centr       1   1019    (0) 1392  
 1027   15.8  0.0  0.3  Sniffles2.INS.8S30        1   341    (1) + ALR/Alpha      Satellite/centr       1    340    (0) 1393  
 2565    0.4  0.0  0.0  Sniffles2.INS.8S32       12   308    (0) C AluYd8         SINE/Alu            (0)    299      2 1394  
  296   19.4  3.0  0.0  Sniffles2.INS.8S34       52   118   (67) C L1M4           LINE/L1          (3095)   3051   2983 1395  
  278   20.0  1.7  0.0  Sniffles2.INS.8S34      111   170   (15) C L1M4           LINE/L1          (3092)   3054   2994 1395 *
 1194   12.8  0.5  0.2  Sniffles2.INS.8S36        1   850    (1) C ALR/Alpha      Satellite/centr    (25)    852      1 1396  
   55    3.5  0.0  0.0  Sniffles2.INS.8S5D        1    59    (1) + (GGAAT)n       Simple_repeat         1     59    (0) 1397  
  240   20.8  6.2  3.0  Sniffles2.INS.8SB9        4   132    (8) + HSATII         Satellite            31    163    (7) 1398  
  284   20.9  0.0  1.5  Sniffles2.INS.90S8        1    68    (1) + BSR/Beta       Satellite            66    132    (4) 1399  
  267   25.0  0.0  0.0  Sniffles2.INS.91S11       1    60    (4) C L1MB7          LINE/L1            (16)   6168   6109 1400  
  936   10.5  0.0  0.6  Sniffles2.INS.93S11       1   172    (6) C SVA_F          Retroposon/SVA    (551)    824    654 1401  
   60    4.8 11.4  0.0  Sniffles2.INS.94S6        4   134    (1) + (AT)n          Simple_repeat         1    146    (0) 1402  
  739    8.8  0.0  0.5  Sniffles2.INS.94S8        1   137    (0) C BSR/Beta       Satellite          (31)    136      1 1403  
  963    9.3  0.0  0.9  Sniffles2.INS.95S8        2   273    (1) C BSR/Beta       Satellite          (38)    269      1 1404  
   31    0.0  0.0  0.0  Sniffles2.INS.96S24       4    32  (700) + (TTTC)n        Simple_repeat         1     29    (0) 1405  
   12   13.9  0.0  0.0  Sniffles2.INS.96S24      37    60  (672) + (CTCG)n        Simple_repeat         1     24    (0) 1406  
   97   10.7  1.1  1.1  Sniffles2.INS.96S24      64   238  (494) + (TC)n          Simple_repeat         1    175    (0) 1407  
   35    0.0  0.0  0.0  Sniffles2.INS.96S24     247   279  (453) + (CTCC)n        Simple_repeat         1     33    (0) 1408  
   18   17.5  1.7  7.0  Sniffles2.INS.96S33       1    60   (12) + (CCCTCC)n      Simple_repeat         1     57    (0) 1409  
  934   22.8  1.2  1.2  Sniffles2.INS.98S4        1   240  (263) + L1MC4          LINE/L1            7562   7801  (241) 1410  
  728   19.5  5.4  1.2  Sniffles2.INS.98S4      248   413   (90) + MIR            SINE/MIR             78    250   (12) 1411  
   23    7.2  6.8  0.0  Sniffles2.INS.99S23       1    44    (6) + (TATAG)n       Simple_repeat         1     47    (0) 1412  
  276   16.3  0.0  0.0  Sniffles2.INS.99S35       1    49   (11) C L1MCa          LINE/L1          (4966)   1542   1494 1413  
  370   18.3  0.0  1.2  Sniffles2.INS.99S4        6    88  (415) + L1MC4          LINE/L1            7720   7801  (241) 1414  
  728   19.5  5.4  1.2  Sniffles2.INS.99S4       96   261  (242) + MIR            SINE/MIR             78    250   (12) 1415  
  625   26.4  1.3  3.9  Sniffles2.INS.99S4      262   498    (5) + L1MC4          LINE/L1            7480   7710  (332) 1416  
   55   22.7  5.0  2.9  Sniffles2.INS.9AS24       7   206    (2) + (CCTCTC)n      Simple_repeat         1    204    (0) 1417  
   37    0.0  6.5  4.8  Sniffles2.INS.9AS25       3    64    (6) + (TTTC)n        Simple_repeat         1     63    (0) 1418  
  577   19.5  4.8  0.0  Sniffles2.INS.9AS8        1   256    (1) C BSR/Beta       Satellite          (54)    268      1 1419  
   76    4.4  7.6  0.0  Sniffles2.INS.9BS24       3   121    (1) + (CT)n          Simple_repeat         1    128    (0) 1420  
  434   15.6  1.9  1.0  Sniffles2.INS.9BS25       1   110  (143) + L1P4           LINE/L1            5281   5390  (793) 1421  
  738   14.6  1.6  1.6  Sniffles2.INS.9BS25     111   235   (18) + FLAM_C         SINE/Alu              9    133    (0) 1422  
  244   19.6  0.0  0.0  Sniffles2.INS.9BS2B       5    50    (5) + AluJb          SINE/Alu            234    279   (23) 1423  
  914   14.7  0.6  1.4  Sniffles2.INS.9BS8        1   404    (1) C BSR/Beta       Satellite          (39)    400      1 1424  
   30   21.3  0.0  0.0  Sniffles2.INS.9CS24       1    60    (0) + (CT)n          Simple_repeat         1     60    (0) 1425  
  257   21.8  0.0  0.0  Sniffles2.INS.9CS2B      15    69    (5) + AluJb          SINE/Alu            225    279   (23) 1426  
   12   25.3  2.6  8.1  Sniffles2.INS.9CS37       1    78    (2) + (ATGT)n        Simple_repeat         1     74    (0) 1427  
  967   14.3  4.5  3.8  Sniffles2.INS.9CS8        1   731    (0) C BSR/Beta       Satellite           (6)    736      1 1428  
  223   20.6  0.0  0.0  Sniffles2.INS.9DS38       8    41   (22) C FRAM           SINE/Alu           (30)    146    113 1429  
  245   14.6  2.4  0.0  Sniffles2.INS.9ES18       3    43   (13) + AluSx          SINE/Alu             39     80  (222) 1430  
  174   22.2  0.3  0.0  Sniffles2.INS.9ES24       3   377    (1) + (TCTC)n        Simple_repeat         1    376    (0) 1431  
  375   14.9  0.0  1.5  Sniffles2.INS.9ES8        1    68    (1) C BSR/Beta       Satellite           (5)    131     65 1432  
  270   18.5  3.4  1.1  Sniffles2.INS.9FS24      55   229    (2) C HERVIP10FH-int LTR/ERV1         (4104)    998    820 1433  
   25    9.7  0.0  4.3  Sniffles2.INS.9FS37       6    53    (1) + (TATATTA)n     Simple_repeat         1     46    (0) 1434  
   30   21.3  0.0  0.0  Sniffles2.INS.9S28        1    60    (0) + (CT)n          Simple_repeat         1     60    (0) 1435  
   48   16.6  0.0  0.0  Sniffles2.INS.9S2A        1    88 (1412) + (TCCAC)n       Simple_repeat         1     88    (0) 1436  
  226   23.2  3.6  1.4  Sniffles2.INS.9S2A       89   228 (1272) + HSATII         Satellite            21    163    (7) 1437 *
  326   19.4  4.5  0.0  Sniffles2.INS.9S2A      226   292 (1208) C AluJb          SINE/Alu            (8)    294    225 1438  
   58   12.8  1.9  0.9  Sniffles2.INS.9S2A      293   397 (1103) + (ATTCC)n       Simple_repeat         1    106    (0) 1439  
  227   19.1 11.3  3.1  Sniffles2.INS.9S2A      405   555  (945) + HSATII         Satellite             1    163    (7) 1440  
  353   18.4  0.0  0.1  Sniffles2.INS.9S2A      556  1207  (293) + (CACTC)n       Simple_repeat         1    651    (0) 1441  
  364   14.3  4.8  0.0  Sniffles2.INS.9S2A     1208  1270  (230) C Alu            SINE/Alu           (12)    154     89 1442  
  267   14.9 10.3  2.2  Sniffles2.INS.9S2A     1270  1374  (126) + HSATII         Satellite             1    113    (4) 1443 *
   62   16.1  0.0  0.0  Sniffles2.INS.9S2A     1377  1487   (13) + (CCACT)n       Simple_repeat         1    111    (0) 1444  
  586    1.6  0.0  0.0  Sniffles2.INS.9S2B        1    63    (0) + AluYb8         SINE/Alu            103    165  (153) 1445  
 1094   14.2  1.0  0.0  Sniffles2.INS.9S2D        4   192    (1) C HSATII         Satellite           (0)    190      1 1446  
  964   15.4  1.7  0.0  Sniffles2.INS.9S2F        1   338    (0) + ALR/Alpha      Satellite/centr       1    343    (0) 1447  
  286   23.4  1.1  7.7  Sniffles2.INS.9S34       10   193   (55) C L1M4           LINE/L1          (3040)   3106   2983 1448  
 2818    1.6  0.0  0.7  Sniffles2.INS.9S36       12   323    (0) + AluYa5         SINE/Alu              1    310    (1) 1449  
  379   17.9  6.2  0.2  Sniffles2.INS.9S39       40   137   (95) + L1PA10         LINE/L1            5946   6048  (124) 1450 *
  398   19.6  6.1  1.0  Sniffles2.INS.9S39      117   214   (18) + L1PA8          LINE/L1            5946   6048  (124) 1451  
  119   22.3  1.9  1.9  Sniffles2.INS.9S77        1   311    (0) + (CTCCA)n       Simple_repeat         1    311    (0) 1452  
  930   12.8  2.2  3.6  Sniffles2.INS.9S8         1   748    (0) + BSR/Beta       Satellite             1    737    (1) 1453  
  905   10.6  0.0  0.0  Sniffles2.INS.9SAD        1   141    (0) C ACRO1          Satellite/acro      (0)    147      7 1454  
 1037    6.5  0.0  0.0  Sniffles2.INS.9SBB        6   143    (2) C ACRO1          Satellite/acro      (9)    138      1 1455  
   18   22.4  6.2  1.5  Sniffles2.INS.A0S11       1    64    (0) + (AT)n          Simple_repeat         1     67    (0) 1456  
  508   22.0  0.8  0.3  Sniffles2.INS.A0S24       1  1117    (5) + (TCTC)n        Simple_repeat         1   1123    (0) 1457  
   43   18.6  0.0  0.0  Sniffles2.INS.A1S24       1    85    (1) + (CTCT)n        Simple_repeat         1     85    (0) 1458  
 1135   13.8  0.4  0.1  Sniffles2.INS.A1S25       1  1366    (0) C ALR/Alpha      Satellite/centr    (26)   1370      1 1459  
   12   32.3  0.0  0.0  Sniffles2.INS.A1S31      11    60   (40) + (TTTTTT)n      Simple_repeat         1     50    (0) 1460  
  515   21.9  0.9  0.3  Sniffles2.INS.A2S24       1  1129    (0) + (CTCT)n        Simple_repeat         1   1136    (0) 1461  
   39   23.5  0.0  0.0  Sniffles2.INS.A2S2B       1    91    (3) + (ATGGA)n       Simple_repeat         1     91    (0) 1462  
   44    0.0  5.9  0.0  Sniffles2.INS.A2S31       1    51    (0) + (TCTT)n        Simple_repeat         1     54    (0) 1463  
   46    0.0  0.0  0.0  Sniffles2.INS.A2S5        4    45    (8) + (AAGA)n        Simple_repeat         1     42    (0) 1464  
  324   17.9  0.0  1.5  Sniffles2.INS.A2S8        2    69    (1) C BSR/Beta       Satellite          (35)    101     35 1465  
   27   18.8  1.4  2.9  Sniffles2.INS.A3S24       7    84    (1) + (TGTC)n        Simple_repeat         1     76    (0) 1466  
 1050   16.6  0.1  0.0  Sniffles2.INS.A3S25       1  1022    (1) C ALR/Alpha      Satellite/centr    (61)   1022      1 1467  
   45   23.1  0.9  0.9  Sniffles2.INS.A3S2B       4   114    (4) + (ATGGA)n       Simple_repeat         1    111    (0) 1468  
   42   15.0  2.3  2.3  Sniffles2.INS.A3S38       1    86    (0) + (TA)n          Simple_repeat         1     86    (0) 1469  
  541   15.2  4.2  0.5  Sniffles2.INS.A3S8        4   132    (1) C BSR/Beta       Satellite          (27)    133      1 1470  
  469   22.6  0.5  0.0  Sniffles2.INS.A4S24       1  1022    (1) + (TCTC)n        Simple_repeat         1   1027    (0) 1471  
  824   18.6  0.0  0.0  Sniffles2.INS.A4S25       1   167    (4) C ALR/Alpha      Satellite/centr     (4)    167      1 1472  
  450    6.8  1.7  0.0  Sniffles2.INS.A4S4        9    67    (3) C Alu            SINE/Alu           (12)    289    230 1473  
  245    2.1  0.0  8.5  Sniffles2.INS.A4S6        1    51    (1) + SVA_F          Retroposon/SVA      721    767  (608) 1474  
   24   24.9  0.0  0.0  Sniffles2.INS.A5S4       14    64   (18) + (C)n           Simple_repeat         1     51    (0) 1475  
   47    0.0  0.0  0.0  Sniffles2.INS.A6S24       9    51    (1) + (TTTA)n        Simple_repeat         1     43    (0) 1476  
   50   11.3  0.0  0.0  Sniffles2.INS.A6S2B      16   101   (86) + (TGGAA)n       Simple_repeat         1     86    (0) 1477  
  372   16.4  0.0  0.0  Sniffles2.INS.A6S2B     115   169   (18) + AluYk3         SINE/Alu            224    278   (33) 1478  
   40   17.2  2.3  1.1  Sniffles2.INS.A6S38       1    88    (3) + (ATAT)n        Simple_repeat         1     89    (0) 1479  
   47   22.6  2.7  0.0  Sniffles2.INS.A6S4        1   111    (2) + (TA)n          Simple_repeat         1    114    (0) 1480  
   30    0.0  0.0  0.0  Sniffles2.INS.A7S18       1    28  (584) + (TAAA)n        Simple_repeat         1     28    (0) 1481  
  640   17.5  0.8  3.3  Sniffles2.INS.A7S18      30   153  (459) C FLAM_C         SINE/Alu           (12)    121      1 1482  
  836   12.7  0.0  0.8  Sniffles2.INS.A7S18     467   593   (19) + AluSx          SINE/Alu              1    126  (176) 1483  
  741   17.6  0.0  0.0  Sniffles2.INS.A7S25       1   167    (4) C ALR/Alpha      Satellite/centr    (51)    167      1 1484  
  112   17.7  4.8  0.0  Sniffles2.INS.A8S38       1   252    (0) + (ATAT)n        Simple_repeat         1    264    (0) 1485  
  101   16.4  0.6  0.0  Sniffles2.INS.A9S2B      44   224    (1) + (GAATG)n       Simple_repeat         1    182    (0) 1486  
   36   12.2  0.0  0.0  Sniffles2.INS.A9S8        1    54    (0) + (A)n           Simple_repeat         1     54    (0) 1487  
   33    9.9  0.0  0.0  Sniffles2.INS.AAS8        1    54    (0) + (GAATG)n       Simple_repeat         1     54    (0) 1488  
   36   11.4  0.0  6.8  Sniffles2.INS.ABS23       3    80    (1) + A-rich         Low_complexity        1     73    (0) 1489  
   38    5.2  4.8  1.5  Sniffles2.INS.ADS1        1    63    (0) + (AAAG)n        Simple_repeat         1     65    (0) 1490  
  246    2.1  0.0  4.3  Sniffles2.INS.ADS13       1    49    (1) C SVA_F          Retroposon/SVA    (612)    763    717 1491  
   28   22.6  0.0  0.0  Sniffles2.INS.AES6        1    55    (0) + G-rich         Low_complexity        1     55    (0) 1492  
   34   11.0  0.0  0.0  Sniffles2.INS.AES8        3    61   (94) + (GAATG)n       Simple_repeat         1     59    (0) 1493  
   29   28.8  0.0  0.0  Sniffles2.INS.AES8       67   154    (1) + (GGAAT)n       Simple_repeat         1     88    (0) 1494  
   47   14.5  2.1  1.1  Sniffles2.INS.AFS24       3    95    (0) + (CTTT)n        Simple_repeat         1     94    (0) 1495  
   16    0.0  0.0  0.0  Sniffles2.INS.AFSBF      40    56    (1) + (A)n           Simple_repeat         1     17    (0) 1496  
   33    0.0  0.0  0.0  Sniffles2.INS.AS15       11    41   (33) + (ATTCC)n       Simple_repeat         1     31    (0) 1497  
   44   14.7 11.7  0.7  Sniffles2.INS.AS29        1    14  (139) + (TA)n          Simple_repeat         1     71   (81) 1498  
   33   17.9  4.5  4.5  Sniffles2.INS.AS29       15   124   (29) + (ATATA)n       Simple_repeat         1    110    (0) 1499  
   44   14.7 11.7  0.7  Sniffles2.INS.AS29      125   137   (16) + (TA)n          Simple_repeat        72    152    (0) 1498  
   46    2.2  0.0  0.0  Sniffles2.INS.AS2B        7    53   (37) + (TGGAA)n       Simple_repeat         1     47    (0) 1500  
 1080   14.8  1.7  0.4  Sniffles2.INS.AS2F        4   341    (0) + ALR/Alpha      Satellite/centr       1    342    (0) 1501  
  993   14.4  0.7  0.3  Sniffles2.INS.AS30        1   342    (0) + ALR/Alpha      Satellite/centr       1    343    (0) 1502  
  270   20.0  1.7  0.0  Sniffles2.INS.AS34        1    60  (434) C L1M4           LINE/L1          (3092)   3054   2994 1503  
  273   21.8  2.8  4.1  Sniffles2.INS.AS34       64   184  (310) C L1M4           LINE/L1          (3040)   3106   2983 1504  
  249   21.7  2.5  8.8  Sniffles2.INS.AS34      187   307  (187) C L1M4           LINE/L1          (3040)   3106   2993 1504  
  249   22.4  3.0  0.0  Sniffles2.INS.AS34      313   379  (115) C L1M4           LINE/L1          (3095)   3051   2983 1505 *
  256   18.3  3.3  0.0  Sniffles2.INS.AS34      372   431   (63) C L1M4           LINE/L1          (3092)   3054   2993 1505  
  257   21.7  1.7  0.0  Sniffles2.INS.AS34      433   492    (2) C L1M4           LINE/L1          (3092)   3054   2994 1505  
  175   22.6  0.8  0.8  Sniffles2.INS.AS77        1   399    (1) + (TCCAC)n       Simple_repeat         1    399    (0) 1506  
  259   23.9  0.0  0.0  Sniffles2.INS.AS8         2    68    (0) + BSR/Beta       Satellite            27     93   (43) 1507  
 1056    8.3  0.7  0.0  Sniffles2.INS.ASA8        1   725    (0) C ACRO1          Satellite/acro      (9)    730      1 1508  
  953    9.5  1.5  0.0  Sniffles2.INS.ASAD        1   283    (5) C ACRO1          Satellite/acro      (2)    287      1 1509  
   32    2.9  0.0  0.0  Sniffles2.INS.ASBD       17    51   (12) + (CATTC)n       Simple_repeat         1     35    (0) 1510  
   44    4.1  0.0  0.0  Sniffles2.INS.B0S4        3    52    (0) + (ATATATATAA)n  Simple_repeat         1     50    (0) 1511  
  445   17.9  6.3  1.0  Sniffles2.INS.B2S25       1   216    (9) C HSATII         Satellite          (31)    227      1 1512  
   47   10.0  4.5  1.1  Sniffles2.INS.B2S4        2    89    (5) + (ATTAT)n       Simple_repeat         1     91    (0) 1513  
   60    0.0  0.0  1.8  Sniffles2.INS.B4S18       1    58    (2) + (CCT)n         Simple_repeat         1     57    (0) 1514  
   49   14.2  5.9  0.0  Sniffles2.INS.B5S1        1   101    (4) + (CA)n          Simple_repeat         1    107    (0) 1515  
   14    9.6  0.0  0.0  Sniffles2.INS.B5S18       1    23  (171) + (CTC)n         Simple_repeat         1     23    (0) 1516  
  209   23.5  0.0  2.0  Sniffles2.INS.B5S18      79   130   (64) C MIR            SINE/MIR            (3)    259    209 1517  
   67    0.0  0.0  0.0  Sniffles2.INS.B5S18     135   193    (1) + (CCT)n         Simple_repeat         1     59    (0) 1518  
   15   13.9  0.0  0.0  Sniffles2.INS.B6S23      19    42  (114) + (A)n           Simple_repeat         1     24    (0) 1519  
   47   19.3  3.0  0.0  Sniffles2.INS.B6S31       1   101    (2) + (TA)n          Simple_repeat         1    104    (0) 1520  
   60    2.9  0.0  0.0  Sniffles2.INS.B6S4        1    70    (0) + (A)n           Simple_repeat         1     70    (0) 1521  
   49    2.1  0.0  0.0  Sniffles2.INS.B7S25       1    49    (0) + (TTTAT)n       Simple_repeat         1     49    (0) 1522  
   25   19.0  0.0  0.0  Sniffles2.INS.B7S33       1    54    (2) + (TATATAT)n     Simple_repeat         1     54    (0) 1523  
  453   11.9  0.0  0.0  Sniffles2.INS.B8S5        1    59    (0) + AluYg6         SINE/Alu            186    244   (67) 1524  
   57    0.0  0.0  0.0  Sniffles2.INS.BAS25       4    52    (0) + (AT)n          Simple_repeat         1     49    (0) 1525  
   37    1.6 12.7  0.0  Sniffles2.INS.BAS5        1    63    (0) + (AT)n          Simple_repeat         1     71    (0) 1526  
   35    2.0  7.8  0.0  Sniffles2.INS.BCS1        1    51    (0) + (TTCT)n        Simple_repeat         1     55    (0) 1527  
 2273   11.2  3.9  6.0  Sniffles2.INS.BCS38      39   427  (280) C THE1D          LTR/ERVL-MaLR       (0)    381      1 1528  
  236   15.8  0.0  0.0  Sniffles2.INS.BCS38     428   465  (242) + THE1D          LTR/ERVL-MaLR       391    428    (0) 1529  
 1596    4.9  0.0  0.0  Sniffles2.INS.BCS38     499   703    (4) + L1P1           LINE/L1            3189   3393 (2753) 1530  
   30   11.9  5.5  0.0  Sniffles2.INS.BES4        1    55    (2) + (TA)n          Simple_repeat         1     58    (0) 1531  
   26   12.2  7.4  0.0  Sniffles2.INS.BFS4        3    56    (0) + (AT)n          Simple_repeat         1     58    (0) 1532  
  127    5.2  7.1  2.3  Sniffles2.INS.BFS5        1   252    (1) + (TA)n          Simple_repeat         1    264    (0) 1533  
  312   18.0  8.8  3.5  Sniffles2.INS.BS15        1   197    (2) + HSATII         Satellite             1    207    (4) 1534  
   16   29.6  1.5  1.5  Sniffles2.INS.BS29       22    89    (2) + (TATAACA)n     Simple_repeat         1     68    (0) 1535  
   15   24.6  0.0  0.0  Sniffles2.INS.BS2B       18    60    (0) + (GAGTG)n       Simple_repeat         1     43    (0) 1536  
  965   17.4  0.0  0.8  Sniffles2.INS.BS2F        1   343    (0) + ALR/Alpha      Satellite/centr       1    340    (0) 1537  
 1027   15.9  0.0  0.2  Sniffles2.INS.BS30        1   341    (0) + ALR/Alpha      Satellite/centr       1    340    (0) 1538  
  247   23.3  3.3  0.0  Sniffles2.INS.BS31        2    61  (230) C MLT1C2         LTR/ERVL-MaLR     (103)    358    297 1539  
  226   25.0  3.3  0.0  Sniffles2.INS.BS31       60   119  (172) C MLT1C2         LTR/ERVL-MaLR     (103)    358    297 1539 *
   38    6.0  1.9  0.0  Sniffles2.INS.BS5D        1    52    (2) + (TGGAA)n       Simple_repeat         1     53    (0) 1540  
   30    7.4  0.0  0.0  Sniffles2.INS.BS77       23    65  (660) + (TTCCGTTCCA)n  Simple_repeat         1     43    (0) 1541  
  283   24.9  0.1  0.1  Sniffles2.INS.BS77       71   724    (1) + (CACTC)n       Simple_repeat         1    654    (0) 1542  
  637   15.0  0.0  1.0  Sniffles2.INS.BS8         2   135    (0) + BSR/Beta       Satellite             1    132    (0) 1543  
   33   12.1  4.6  0.0  Sniffles2.INS.C0S11       1    65    (0) + G-rich         Low_complexity        1     68    (0) 1544  
   30   12.2  0.0  0.0  Sniffles2.INS.C0S5        1    45    (0) + (TA)n          Simple_repeat         1     45    (0) 1545  
   18   14.7  6.1  2.0  Sniffles2.INS.C1S1        4    52    (0) + (CCTT)n        Simple_repeat         1     51    (0) 1546  
   37    0.0  4.9  0.0  Sniffles2.INS.C1S6        1    41    (4) + (TTTC)n        Simple_repeat         1     43    (0) 1547  
   54    0.0  2.0  0.0  Sniffles2.INS.C2S5        1    50    (6) + (TA)n          Simple_repeat         1     51    (0) 1548  
  186   11.4  6.1  1.5  Sniffles2.INS.C6S0        1   379    (3) + G-rich         Low_complexity        1    396    (0) 1549  
   29    8.7  8.2  0.0  Sniffles2.INS.C8S35       1    61    (0) + (TATGATA)n     Simple_repeat         1     66    (0) 1550  
   46   12.7  0.0  0.0  Sniffles2.INS.C8S38       1    87    (1) + (GTATATAC)n    Simple_repeat         1     87    (0) 1551  
   57   15.5  2.7  8.6  Sniffles2.INS.CAS1        4   188    (1) + (GTGG)n        Simple_repeat         1    175    (0) 1552  
  338   11.1 14.8  0.0  Sniffles2.INS.CDS31       8    88    (0) + MER72          LTR/ERV1            123    215  (507) 1553  
   23   20.4  0.0  0.0  Sniffles2.INS.CFS35       3    47   (19) + (C)n           Simple_repeat         1     45    (0) 1554  
  435   19.1  4.9  8.0  Sniffles2.INS.CS15       17   601   (17) + HSATII         Satellite             1    566    (5) 1555  
  754   18.4  0.0  0.0  Sniffles2.INS.CS2F        1   171    (0) + ALR/Alpha      Satellite/centr       1    171    (0) 1556  
 1044   15.3  0.7  0.4  Sniffles2.INS.CS30        1   337    (2) + ALR/Alpha      Satellite/centr       1    337    (0) 1557  
  580    9.8  0.0  0.0  Sniffles2.INS.CS34        1    95    (1) C CER            Satellite          (41)     95      1 1558  
 1293   11.8  0.7  0.1  Sniffles2.INS.CS6F        1   940    (0) + ALR/Alpha      Satellite/centr       1    945    (0) 1559  
  314   19.3  7.4  6.1  Sniffles2.INS.CS77       21   211  (755) + HSATII         Satellite             1    193    (4) 1560  
  357   22.2  0.1  0.3  Sniffles2.INS.CS77      212   966    (0) + (CACTC)n       Simple_repeat         1    754    (0) 1561  
  302   18.8  0.0  1.6  Sniffles2.INS.CS8         3    67    (2) + BSR/Beta       Satellite            42    105   (31) 1562  
  620   15.4  0.0  0.0  Sniffles2.INS.CSAD        1   146    (1) C ACRO1          Satellite/acro     (47)    146      1 1563  
  375   17.0  6.5  8.6  Sniffles2.INS.CSBD       12   175    (5) + HSATII         Satellite             1    160    (3) 1564  
   30   28.3  1.7  3.4  Sniffles2.INS.D0S5        4    16  (108) + (TTCC)n        Simple_repeat         1     23   (95) 1565  
   29   16.2  3.5  0.0  Sniffles2.INS.D0S5       17    73   (51) + (TC)n          Simple_repeat         1     59    (0) 1566  
   30   28.3  1.7  3.4  Sniffles2.INS.D0S5       74   123    (1) + (TTCC)n        Simple_repeat        24    118    (0) 1565  
   62    1.7  0.0  0.0  Sniffles2.INS.D1S1        1    60    (0) + (GAAG)n        Simple_repeat         1     60    (0) 1567  
   63    0.0  0.0  0.0  Sniffles2.INS.D2S6       13    68   (22) + (TTCC)n        Simple_repeat         1     56    (0) 1568  
   17    0.0  0.0  0.0  Sniffles2.INS.D2S6       69    90    (0) + (CTTT)n        Simple_repeat         1     22    (0) 1569  
  404   18.4  8.1  0.0  Sniffles2.INS.D3S25       1    87    (7) C MLT2B4         LTR/ERVL          (164)    392    299 1570  
   78    2.7  0.0  0.0  Sniffles2.INS.D4S24       1    75    (0) + (TA)n          Simple_repeat         1     75    (0) 1571  
 2763    0.3  0.0  0.0  Sniffles2.INS.D5S24      17   306    (0) + AluYd8         SINE/Alu              2    291    (8) 1572  
 1033    0.0  0.1  0.0  Sniffles2.INS.D5S33       1   877    (0) + (AT)n          Simple_repeat         1    878    (0) 1573  
 2864    1.0  0.3  0.0  Sniffles2.INS.D6S11       2   309    (0) C AluYg6         SINE/Alu            (1)    310      2 1574  
  941   10.1  1.1  6.4  Sniffles2.INS.D6S31       3   182    (0) C L1P            LINE/L1           (735)   5428   5258 1575  
   26    6.3  0.0  0.0  Sniffles2.INS.D7S1       17    50    (0) + (CCTT)n        Simple_repeat         1     34    (0) 1576  
 2961    0.3  0.0  0.3  Sniffles2.INS.D7S24      13   327    (0) + AluYb9         SINE/Alu              1    314    (4) 1577  
   24   19.1  3.2  3.2  Sniffles2.INS.D7S4        3    65    (5) + (TA)n          Simple_repeat         1     63    (0) 1578  
   45   13.2  0.0  0.0  Sniffles2.INS.D7S6        3    71    (3) + (AT)n          Simple_repeat         1     69    (0) 1579  
  274   17.1 12.9  0.0  Sniffles2.INS.D9S24       2    71    (1) C L1MB2          LINE/L1           (117)   6054   5976 1580  
  639    3.7  4.5  0.0  Sniffles2.INS.D9S39       3   799    (4) + (AT)n          Simple_repeat         1    833    (0) 1581  
  289   14.3  0.0  0.0  Sniffles2.INS.DAS18       7    48 (1008) C AluSg4         SINE/Alu          (161)    149    108 1582  
  330   35.9  1.3  0.7  Sniffles2.INS.DAS18     168   321  (735) + MIR            SINE/MIR              6    160  (102) 1583  
 1970   12.7  0.3  6.0  Sniffles2.INS.DAS18     325   642  (414) + AluJb          SINE/Alu              1    301   (11) 1584  
 2656    5.2  0.0  0.0  Sniffles2.INS.DAS18     706  1011   (45) + AluYk2         SINE/Alu              1    306    (5) 1585  
  216   10.0  0.0  0.0  Sniffles2.INS.DAS18    1013  1042   (14) + MIR            SINE/MIR            218    247   (15) 1586  
  925    9.9  5.4  2.1  Sniffles2.INS.DBS33       1   186    (0) + L1MA3          LINE/L1            5717   5908  (397) 1587  
  880   16.2  1.9  5.2  Sniffles2.INS.DBS35       1  2136    (2) + (GTGGTGT)n     Simple_repeat         1   2068    (0) 1588  
   12   23.8  1.9  6.0  Sniffles2.INS.DCS11       1    52    (4) + G-rich         Low_complexity        1     50    (0) 1589  
 2198    0.4  0.0  1.6  Sniffles2.INS.DCS25       1   257    (0) + AluY           SINE/Alu             41    293    (8) 1590  
 2563    2.9  0.0  0.0  Sniffles2.INS.DDS25       5   326    (1) C AluY           SINE/Alu            (0)    311      1 1591  
   28   11.7  0.0  2.0  Sniffles2.INS.DDS6        1    50    (2) + (CCTC)n        Simple_repeat         1     49    (0) 1592  
   41    4.1  3.9  0.0  Sniffles2.INS.DES39       8    58    (7) + (TA)n          Simple_repeat         1     53    (0) 1593  
  311   16.0  0.0  2.0  Sniffles2.INS.DFS1        1    50    (1) C AluSg          SINE/Alu          (123)    187    139 1594  
   28   14.1  0.0  0.0  Sniffles2.INS.DFS11       6    54    (0) + (CCTT)n        Simple_repeat         1     49    (0) 1595  
  974   18.6  0.0  0.3  Sniffles2.INS.DS2F        1   341    (1) + ALR/Alpha      Satellite/centr       1    340    (0) 1596  
  974   14.3  2.6  0.0  Sniffles2.INS.DS30        3   330    (5) + ALR/Alpha      Satellite/centr       1    336    (0) 1597  
   14   14.6  5.0  2.4  Sniffles2.INS.DS5D       10    49    (1) + A-rich         Low_complexity        1     41    (0) 1598  
  696   21.5  0.6  0.5  Sniffles2.INS.DS77        1  1476    (1) + (CATTC)n       Satellite             1   1477    (0) 1599  
 1028    9.5  0.0  0.4  Sniffles2.INS.DS8         1   204    (1) + BSR/Beta       Satellite             1    203    (0) 1600  
   17   13.7  0.0  0.0  Sniffles2.INS.DSBD       14    45    (0) + (ATTCC)n       Simple_repeat         1     32    (0) 1601  
   30    6.0  5.8  0.0  Sniffles2.INS.E0S11       1    52    (0) + (TATATAA)n     Simple_repeat         1     55    (0) 1602  
  255   25.5  2.7  3.3  Sniffles2.INS.E0S25       1    22  (896) + (ATAATAT)n     Simple_repeat         1    906    (0) 1603  
  232   19.0  9.4  2.2  Sniffles2.INS.E0S25      23   912    (6) + (TA)n          Simple_repeat         1    953    (0) 1604  
   34    0.0  9.8  1.8  Sniffles2.INS.E0S33       6    56    (2) + (AT)n          Simple_repeat         1     55    (0) 1605  
   17   12.7  0.0  0.0  Sniffles2.INS.E0S5       10    35   (42) + (A)n           Simple_repeat         1     26    (0) 1606  
   16   21.4  0.0  2.3  Sniffles2.INS.E0S5       36    54   (23) + A-rich         Low_complexity        1     44    (0) 1607  
  354    8.5  0.0  0.0  Sniffles2.INS.E2S33       2    48  (173) C Alu            SINE/Alu           (86)     47      1 1608  
   17    0.0  0.0  0.0  Sniffles2.INS.E2S33     129   147   (74) + (TA)n          Simple_repeat         1     19    (0) 1609  
  227   20.5  0.0  0.0  Sniffles2.INS.E2S5       16    54    (0) C MSTB           LTR/ERVL-MaLR     (344)     82     44 1610  
 1190   16.4  7.4  2.2  Sniffles2.INS.E5S3A       8  3328    (4) + (GATGA)n       Simple_repeat         1   3490    (0) 1611  
  250   17.8  0.0  2.2  Sniffles2.INS.E5S5        1    46   (10) C MSTB           LTR/ERVL-MaLR     (351)     75     31 1612  
  109   15.2  6.9  2.0  Sniffles2.INS.E6S0        3   290    (2) + (ACAACAC)n     Simple_repeat         1    302    (0) 1613  
   18    4.8  0.0  0.0  Sniffles2.INS.E6S38      11    32   (28) + (T)n           Simple_repeat         1     22    (0) 1614  
  343   17.3  0.0  0.0  Sniffles2.INS.E6S5        3    54    (0) C MSTB           LTR/ERVL-MaLR     (342)     84     33 1615  
  537    9.0  0.0  0.0  Sniffles2.INS.E6S6        1    67    (0) + AluSc8         SINE/Alu            195    261   (50) 1616  
  289   16.8  6.8  2.5  Sniffles2.INS.E7S3A       8   827    (1) + (GATGA)n       Simple_repeat         1    855    (0) 1617  
   31   10.0  9.4  0.0  Sniffles2.INS.E8S25       1    64    (1) + (AT)n          Simple_repeat         1     70    (0) 1618  
  589   17.1  6.9  2.2  Sniffles2.INS.E8S3A       1  1652    (0) + (GATGA)n       Simple_repeat         1   1728    (0) 1619  
   64   10.9  3.5  0.8  Sniffles2.INS.EAS11       1   114    (0) + A-rich         Low_complexity        1    117    (0) 1620  
 1778   16.6  7.3  2.2  Sniffles2.INS.EAS3A       1  4981    (0) + (GATGA)n       Simple_repeat         1   5228    (0) 1621  
   29   18.4  5.3  0.0  Sniffles2.INS.EASBF       6    80    (5) + (TATAT)n       Simple_repeat         1     79    (0) 1622  
   83   25.0  0.6  0.0  Sniffles2.INS.EBS39       1   183    (3) + (TA)n          Simple_repeat         1    184    (0) 1623  
   37    0.0  5.9  0.0  Sniffles2.INS.EBS5        1    51    (0) + (GAAG)n        Simple_repeat         1     54    (0) 1624  
   38   11.2  7.5  1.2  Sniffles2.INS.ECS38       2    81    (3) + (TA)n          Simple_repeat         1     85    (0) 1625  
   29    0.0  2.1  6.5  Sniffles2.INS.EES24       4    51    (0) + (TCTT)n        Simple_repeat         1     46    (0) 1626  
   95    0.6 12.9  0.6  Sniffles2.INS.EFS25      12   174    (2) + (TA)n          Simple_repeat         1    183    (0) 1627  
  305   15.8 13.7  0.0  Sniffles2.INS.ES25        1    95    (9) + HSATII         Satellite             9    116   (54) 1628  
  695   18.8  0.0  0.0  Sniffles2.INS.ES2F        1   170    (1) + ALR/Alpha      Satellite/centr       1    170    (0) 1629  
 1014   13.9  1.7  0.0  Sniffles2.INS.ES30        1   337    (2) + ALR/Alpha      Satellite/centr       1    342    (0) 1630  
  529   13.1  3.4  0.4  Sniffles2.INS.ES34        1   132    (5) C CER            Satellite          (33)    135      1 1631  
  955   13.9  1.9  1.5  Sniffles2.INS.ES8         1   615    (0) + BSR/Beta       Satellite             1    617    (0) 1632  
 1000    9.8  0.8  0.2  Sniffles2.INS.ESAD       11   437    (0) C ACRO1          Satellite/acro      (0)    429      1 1633  
  446   19.9  0.6 13.3  Sniffles2.INS.ESB9       12   250    (0) + HSATII         Satellite             1    208    (7) 1634  
 1065    9.7  0.0  0.0  Sniffles2.INS.ESBB        1   441    (0) C ACRO1          Satellite/acro     (55)    441      1 1635  
 2797    2.6  0.0  0.6  Sniffles2.INS.F0S25      13   325    (1) + AluY           SINE/Alu              1    311    (0) 1636  
  343   14.7  5.6  1.7  Sniffles2.INS.F1S25       5   794    (0) + (ATATATT)n     Simple_repeat         1    820    (0) 1637  
   19    8.6  0.0  7.5  Sniffles2.INS.F2S39       3    45    (6) + (TATAT)n       Simple_repeat         1     40    (0) 1638  
  392   21.1  0.0  3.3  Sniffles2.INS.F2S6        1    93    (0) C L1MD           LINE/L1          (2438)   5557   5468 1639  
   50    0.0  0.0  0.0  Sniffles2.INS.F3S33       1    45    (0) + (TTTC)n        Simple_repeat         1     45    (0) 1640  
  359    9.4  4.0  4.0  Sniffles2.INS.F3S35       1   700    (2) + (AC)n          Simple_repeat         1    700    (0) 1641  
   24   11.6  7.0  4.1  Sniffles2.INS.F4S2        1    71    (0) + (AATATAT)n     Simple_repeat         1     73    (0) 1642  
  912    9.5  5.1  3.7  Sniffles2.INS.F5S35       1  1856    (0) + (AC)n          Simple_repeat         1   1881    (0) 1643  
 2808    1.3  0.3  0.0  Sniffles2.INS.F6S11       1   304    (3) C AluY           SINE/Alu            (6)    305      1 1644  
 1133    6.8  5.8  4.6  Sniffles2.INS.F6S35       1  3027    (1) + (CA)n          Simple_repeat         1   3062    (0) 1645  
  375   11.1  4.8  3.5  Sniffles2.INS.F8S33       6    89   (11) + L1M1           LINE/L1            2093   2177 (5388) 1646  
 1554   16.2  2.9  1.6  Sniffles2.INS.FAS11      11   317  (112) C L1M3           LINE/L1           (574)   5600   5290 1647  
  383   15.3  1.0  0.1  Sniffles2.INS.FAS11     327   412   (17) C L1M3           LINE/L1           (917)   5325   5232 1647  
  357    3.3  0.0  1.7  Sniffles2.INS.FAS31       1    61    (0) C SVA_F          Retroposon/SVA    (608)    767    708 1648  
   25   14.8  3.7  1.8  Sniffles2.INS.FAS38       1    54    (1) + (TA)n          Simple_repeat         1     55    (0) 1649  
  500    6.2  0.0  2.5  Sniffles2.INS.FAS5        1    83    (7) + LOR1-int       LTR/ERV1           4224   4304 (3816) 1650  
   34    1.9  7.1  1.7  Sniffles2.INS.FASBF       1    56    (0) + (AAGA)n        Simple_repeat         1     59    (0) 1651  
 2820    1.0  0.0  0.0  Sniffles2.INS.FBS11      15   315    (0) + AluYa5         SINE/Alu              1    301   (10) 1652  
  295    7.4 12.8  0.2  Sniffles2.INS.FBS31       2    95    (0) C SVA_F          Retroposon/SVA    (588)    796    648 1653  
 2640    1.1  0.0  0.0  Sniffles2.INS.FCS11       1   309    (9) C AluYa5         SINE/Alu            (0)    311      1 1654  
  448   11.1  0.0  0.0  Sniffles2.INS.FDS25       1    63  (440) + Alu            SINE/Alu             30     92  (209) 1655  
 2450    1.5  0.0  0.0  Sniffles2.INS.FDS25      65   337  (166) + HSATI          Satellite            81    353  (215) 1656  
  259   16.4  0.0  3.6  Sniffles2.INS.FDS25     327   383  (120) C SVA_A          Retroposon/SVA    (933)    454    400 1657 *
 1044   12.9  0.6  0.6  Sniffles2.INS.FDS25     337   492   (11) + AluY           SINE/Alu             13    168  (133) 1658  
   83   13.6  9.7  1.6  Sniffles2.INS.FDS39       3   229    (8) + (AT)n          Simple_repeat         1    245    (0) 1659  
  295    0.0  0.0  2.0  Sniffles2.INS.FES38       1    50    (0) + SVA_F          Retroposon/SVA      687    735  (640) 1660  
  241   20.6  1.4  1.4  Sniffles2.INS.FS23        3    71  (197) C L1MB7          LINE/L1           (117)   6067   5999 1661 *
  295   22.6  1.2  1.2  Sniffles2.INS.FS23       54   138  (130) C L1MB7          LINE/L1           (101)   6083   5999 1662  
  295   22.6  1.2  1.2  Sniffles2.INS.FS23      121   205   (63) C L1MB7          LINE/L1           (101)   6083   5999 1662  
  283   20.3  1.3  1.3  Sniffles2.INS.FS23      188   262    (6) C L1MB7          LINE/L1           (101)   6083   6009 1662 *
 1073   13.7  0.0  0.0  Sniffles2.INS.FS2F        1   340    (2) + ALR/Alpha      Satellite/centr       1    340    (0) 1663  
  518    0.0  0.0  0.0  Sniffles2.INS.FS30        1   441    (1) + (C)n           Simple_repeat         1    441    (0) 1664  
  453   16.9  0.0  0.0  Sniffles2.INS.FS34        4    91    (0) C CER            Satellite          (17)     88      1 1665  
   44   19.1  0.0  0.0  Sniffles2.INS.FS5D        1    89    (0) + (ATGGA)n       Simple_repeat         1     89    (0) 1666  
 1056    8.1  0.8  0.0  Sniffles2.INS.FSA8        1   868    (0) C ACRO1          Satellite/acro     (49)    874      1 1667  
  970   12.3  2.9  0.1  Sniffles2.INS.FSAD        1   581    (1) C ACRO1          Satellite/acro     (30)    597      1 1668  
 1117   15.3  0.6  0.0  Sniffles2.INS.FSB0        1  1697    (1) + ALR/Alpha      Satellite/centr       1   1707    (0) 1669  
 1185   15.0  0.4  0.5  Sniffles2.INS.FSBA        1  1883    (3) + ALR/Alpha      Satellite/centr       1   1882    (0) 1670  
  937    8.2  0.0  0.0  Sniffles2.INS.FSBB        3   147    (0) C ACRO1          Satellite/acro     (15)    145      1 1671  
