   SW   perc perc perc  query                 position in query    matching       repeat              position in repeat
score   div. del. ins.  sequence              begin end   (left)   repeat         class/family      begin  end    (left)   ID

  944   17.2  0.0  0.0  Sniffles2.INS.0S2F        6   341    (1) + ALR/Alpha      Satellite/centr        1    336    (0)    1  
 1052   17.7  0.3  0.1  Sniffles2.INS.0S30        1   680    (3) + ALR/Alpha      Satellite/centr        1    681    (0)    2  
  401    8.5  0.0  0.0  Sniffles2.INS.0S5B        1    81    (1) + SAR            Satellite              1     81    (0)    3  
   38   10.0  0.0  5.7  Sniffles2.INS.0SA5        3    76    (1) + (TCTT)n        Simple_repeat          1     70    (0)    4  
  233   24.0  0.0  0.0  Sniffles2.INS.0SA9        3    52    (0) C LTR13          LTR/ERVK           (609)    398    349    5  
  246   23.1  0.0 12.7  Sniffles2.INS.0SB         1    89  (396) C L1MA7          LINE/L1             (29)   6262   6184    6 *
  324   24.5  0.0 10.1  Sniffles2.INS.0SB        78   186  (299) C L1MA7          LINE/L1              (9)   6282   6184    7  
  323   25.5  0.0 10.1  Sniffles2.INS.0SB       175   283  (202) C L1MA6          LINE/L1              (9)   6291   6193    8 *
  316   25.5  0.0 10.1  Sniffles2.INS.0SB       272   380  (105) C L1MA7          LINE/L1              (9)   6282   6184    9 *
  275   26.5  0.0 10.1  Sniffles2.INS.0SB       369   477    (8) C L1MA7          LINE/L1              (9)   6282   6184    9 *
 2922    1.3  0.0  0.0  Sniffles2.INS.0SB0       13   325    (0) C AluYb8         SINE/Alu             (4)    314      2   10  
 1316   19.4  1.3  5.6  Sniffles2.INS.0SB7        1   372 (2443) C SST1           Satellite/centr    (923)    640    284   11  
   25   23.3  1.7  0.0  Sniffles2.INS.0SB7      390   449 (2366) + GA-rich        Low_complexity         1     61    (0)   12  
   21   10.5  0.0  0.0  Sniffles2.INS.0SB7      449   479 (2336) + (AC)n          Simple_repeat          1     31    (0)   13 *
 4057   18.7  4.5  6.0  Sniffles2.INS.0SB7      484  1780 (1035) C SST1           Satellite/centr      (1)   1562    284   14  
   25   23.3  1.7  0.0  Sniffles2.INS.0SB7     1798  1857  (958) + GA-rich        Low_complexity         1     61    (0)   15  
   21   10.5  0.0  0.0  Sniffles2.INS.0SB7     1857  1887  (928) + (AC)n          Simple_repeat          1     31    (0)   16 *
 2731   18.4  5.8  6.1  Sniffles2.INS.0SB7     1892  2814    (1) C SST1           Satellite/centr      (1)   1562    642   17  
 1457    3.7  0.0  0.0  Sniffles2.INS.0SBC       16   210    (3) C AluYc          SINE/Alu             (0)    299    107   18  
   29   18.4  5.3  0.0  Sniffles2.INS.100SBF      6    80    (5) + (TATAT)n       Simple_repeat          1     79    (0)   19  
  105    2.3 10.9  0.0  Sniffles2.INS.102S33     10   183    (4) + (AT)n          Simple_repeat          1    193    (0)   20  
   57    6.3  0.0  0.0  Sniffles2.INS.103S11      1    67    (1) + (AC)n          Simple_repeat          1     67    (0)   21  
   46   13.5  0.0  4.7  Sniffles2.INS.106S33      5    93    (0) + (AT)n          Simple_repeat          1     85    (0)   22  
   84    0.0  0.0  0.0  Sniffles2.INS.10CS33      3    76    (5) + (G)n           Simple_repeat          1     74    (0)   23  
  417    3.2  3.2  1.0  Sniffles2.INS.10CS38      1    94    (2) + SVA_F          Retroposon/SVA       688    783  (592)   24  
  236    2.6  5.0  2.4  Sniffles2.INS.10CS5       5    44    (7) + L1P2           LINE/L1             1911   1951 (4233)   25  
 1075    6.7  0.0  0.8  Sniffles2.INS.10CS6       1   134    (2) + AluSp          SINE/Alu              21    153  (160)   26  
 1122    2.5  0.0  4.0  Sniffles2.INS.10FS38      3   212   (15) + SVA_F          Retroposon/SVA       654    855  (520)   27  
  227   17.2  0.0 12.3  Sniffles2.INS.10S16       1    73   (72) C HSATII         Satellite           (89)     81     17   28  
   30    7.5  0.0  0.0  Sniffles2.INS.10S16      74   115   (30) + (GAATG)n       Simple_repeat          1     42    (0)   29  
  133    2.4  0.0  0.0  Sniffles2.INS.10S25       1   129    (1) + (TCCAT)n       Simple_repeat          1    129    (0)   30  
   72   19.7  0.0  1.3  Sniffles2.INS.10S28       1   154    (0) + (CTTT)n        Simple_repeat          1    152    (0)   31  
  943   14.8  1.7  0.0  Sniffles2.INS.10S2F       1   338    (0) + ALR/Alpha      Satellite/centr        1    343    (0)   32  
 1089   13.2  1.6  0.0  Sniffles2.INS.10S30       1   336    (1) + ALR/Alpha      Satellite/centr        1    341    (0)   33  
  272   19.7  1.6  0.0  Sniffles2.INS.10S34       9    69   (55) C L1M4           LINE/L1           (3092)   3054   2993   34  
  405   13.6  1.5  0.0  Sniffles2.INS.10S8        1    66    (1) + BSR/Beta       Satellite             21     87   (49)   35  
  592   20.6  0.0  0.2  Sniffles2.INS.10SBB      51   314  (276) C ACRO1          Satellite/acro      (31)    263      1   36  
 2818    0.3  0.0  0.0  Sniffles2.INS.110S11     16   310    (0) + AluY           SINE/Alu               1    295   (16)   37  
   55   12.2  4.3  5.1  Sniffles2.INS.110S18      5   142    (3) + (GGTGGTG)n     Simple_repeat          1    137    (0)   38  
   23   16.0  5.4  0.0  Sniffles2.INS.112S13      1    56    (0) + (TATA)n        Simple_repeat          1     59    (0)   39  
   40    2.2  0.0  4.2  Sniffles2.INS.112S18      5    54    (0) + (TCTT)n        Simple_repeat          1     48    (0)   40  
   65   12.4  2.8  4.3  Sniffles2.INS.112S22      1   143    (1) + (ATAATAT)n     Simple_repeat          1    141    (0)   41  
  230   18.1 18.1  0.0  Sniffles2.INS.113S1      80   151    (0) + L2             LINE/L2             2220   2304 (1115)   42  
   86    9.7  7.8  1.0  Sniffles2.INS.113S2       1   180    (2) + (ATATAAT)n     Simple_repeat          1    192    (0)   43  
   15   14.2  6.0  3.9  Sniffles2.INS.116S18      1    50   (21) + (ATTAATG)n     Simple_repeat          1     51    (0)   44  
  469   19.4  3.2  0.0  Sniffles2.INS.116S25      4    96    (0) C MLT2B1         LTR/ERVL           (157)    410    315   45  
   35    9.8  0.0  0.0  Sniffles2.INS.117S24      1    55    (0) + (TCCAT)n       Simple_repeat          1     55    (0)   46  
   53    0.0  0.0  2.0  Sniffles2.INS.118S22      1    52    (0) + (AAAG)n        Simple_repeat          1     51    (0)   47  
   15   43.5  0.0  0.0  Sniffles2.INS.118S39      6    67    (1) + (TA)n          Simple_repeat          1     62    (0)   48  
  518   10.5  4.0  0.0  Sniffles2.INS.11AS33      5    80  (112) + AluSx          SINE/Alu              55    133  (169)   49  
  375   16.2  4.4  0.0  Sniffles2.INS.11AS33    111   178   (14) + AluSx          SINE/Alu             232    302    (0)   49  
   52    9.1  1.2  0.0  Sniffles2.INS.11BS0       1    82    (0) + (CACAGCA)n     Simple_repeat          1     83    (0)   50  
   15   30.6  0.0  0.0  Sniffles2.INS.11BS18      1    44   (12) + (TG)n          Simple_repeat          1     44    (0)   51  
   56   22.4  2.2  0.0  Sniffles2.INS.11DS13      2   138    (0) + (GGTGGA)n      Simple_repeat          1    140    (0)   52  
   23   10.0  7.0  0.0  Sniffles2.INS.11DS39      1    43   (15) + (TA)n          Simple_repeat          1     46    (0)   53  
  319   26.8  3.0  3.0  Sniffles2.INS.11DSBF    120   219 (1064) + L1M5           LINE/L1             3578   3677 (2469)   54  
 1921   19.9  0.8  0.3  Sniffles2.INS.11DSBF    225   587  (696) + MER47A         DNA/TcMar-Tigger       1    365    (1)   55  
  842   25.0  6.4  1.7  Sniffles2.INS.11DSBF    594   923  (360) + L1M5           LINE/L1             3687   4031 (2115)   54  
 2291   11.3  0.0  0.0  Sniffles2.INS.11DSBF    948  1256   (27) + AluSc          SINE/Alu               1    309    (0)   56  
   15    4.3  4.2  0.0  Sniffles2.INS.11DSBF   1257  1280    (3) + (ACA)n         Simple_repeat          1     25    (0)   57  
   31    6.5  2.0  2.0  Sniffles2.INS.11FS11      1    51    (6) + (GAGAGG)n      Simple_repeat          1     51    (0)   58  
  951    2.9  0.0  0.0  Sniffles2.INS.11FS18      1   104    (6) C AluY           SINE/Alu            (16)    295    192   59  
   21   10.0  9.3  0.0  Sniffles2.INS.11FS5       9    51    (5) + (AT)n          Simple_repeat          1     47    (0)   60  
 2350    7.8  0.0  0.0  Sniffles2.INS.11S1F       1   283  (486) C AluY           SINE/Alu            (22)    289      7   61  
  309   20.3  5.3  1.3  Sniffles2.INS.11S1F     226   300  (469) + SVA_A          Retroposon/SVA       136    213 (1174)   62 *
  382   25.9  6.3  8.6  Sniffles2.INS.11S1F     329   768    (1) C L1MEj          LINE/L1           (3761)   2454   1983   63  
  300   22.4  2.6  1.3  Sniffles2.INS.11S23      46   122  (130) C L1M4           LINE/L1           (3086)   3060   2983   64 *
  304   23.1  2.5  1.2  Sniffles2.INS.11S23     109   187   (65) C L1M4           LINE/L1           (3086)   3060   2981   64  
  226   28.2  2.5  1.2  Sniffles2.INS.11S23     172   250    (2) C L1M4           LINE/L1           (3086)   3060   2981   64 *
  112   18.9  0.0  1.3  Sniffles2.INS.11S28       1   228    (3) + (TTTC)n        Simple_repeat          1    225    (0)   65  
  845   15.2  1.6  0.8  Sniffles2.INS.11S2F       3   166    (2) + ALR/Alpha      Satellite/centr        1    165    (0)   66  
 1042   14.2  0.0  0.0  Sniffles2.INS.11S30       9   337    (4) + ALR/Alpha      Satellite/centr        1    329    (0)   67  
  265   21.2  4.5  0.0  Sniffles2.INS.11S34      39   104   (80) C L1M4           LINE/L1           (3095)   3051   2983   68 *
  278   20.0  1.7  0.0  Sniffles2.INS.11S34      97   156   (28) C L1M4           LINE/L1           (3092)   3054   2994   68  
  994    7.1  1.6  0.3  Sniffles2.INS.11SA8       1   579    (1) C ACRO1          Satellite/acro      (50)    586      1   69  
  817   11.8  0.0  0.0  Sniffles2.INS.11SAD       1   147    (0) C ACRO1          Satellite/acro      (26)    147      1   70  
   36   16.5  0.0  0.0  Sniffles2.INS.11SB9       6    73    (0) + (ATTCC)n       Simple_repeat          1     68    (0)   71  
 1202   12.1  0.0  0.0  Sniffles2.INS.11SBA       8   277    (0) + ALR/Alpha      Satellite/centr        1    270    (0)   72  
   29   13.4  2.0  0.0  Sniffles2.INS.120S18      4    52    (7) + (AT)n          Simple_repeat          1     50    (0)   73  
   32   18.8  1.0  7.1  Sniffles2.INS.121S25      6   109    (9) + (TATATAT)n     Simple_repeat          1     98    (0)   74  
   20   15.6  8.0  0.0  Sniffles2.INS.122S2       2    51    (3) + (TA)n          Simple_repeat          1     54    (0)   75  
   29    7.8  0.0  0.0  Sniffles2.INS.122S25      5    45  (282) + (T)n           Simple_repeat          1     41    (0)   76  
 2536    2.2  0.0  0.0  Sniffles2.INS.122S25     53   326    (1) C AluY           SINE/Alu            (37)    274      1   77  
   54    1.7  3.3  0.0  Sniffles2.INS.122S38      1    60    (0) + (TCTT)n        Simple_repeat          1     62    (0)   78  
  527   16.4  5.3  3.5  Sniffles2.INS.123S1       1   114    (4) + MSTB           LTR/ERVL-MaLR         45    160  (266)   79  
   25   17.4  2.9  2.9  Sniffles2.INS.123S22      7    74    (9) + (TATACTA)n     Simple_repeat          1     68    (0)   80  
   20   16.0  0.0 14.9  Sniffles2.INS.123S22     75    83    (0) + (TA)n          Simple_repeat          1     67    (0)   81  
 1088   13.8  0.0  0.0  Sniffles2.INS.123S23      4   341    (1) + ALR/Alpha      Satellite/centr        1    338    (0)   82  
   37    6.1  8.7  0.0  Sniffles2.INS.127S13      1    69    (1) + (TATATTA)n     Simple_repeat          1     75    (0)   83  
   41    0.0  0.0  8.2  Sniffles2.INS.127S35      1    53    (5) + (TA)n          Simple_repeat          1     49    (0)   84  
   36    2.7 11.2  2.3  Sniffles2.INS.129S22     11    90    (0) + (TA)n          Simple_repeat          1     87    (0)   85  
 2455   16.9  7.3  0.2  Sniffles2.INS.12AS6       2   510  (293) + L1M5           LINE/L1             3414   3958 (2188)   86  
  750   20.7  2.9  2.0  Sniffles2.INS.12AS6     538   779   (24) + L1M5           LINE/L1             5182   5425  (699)   86  
   86    0.0  0.0  0.0  Sniffles2.INS.12BS31      1    76    (0) + (G)n           Simple_repeat          1     76    (0)   87  
  393    8.5  0.0  0.0  Sniffles2.INS.12CS39     14    60    (2) C FAM            SINE/Alu            (99)     86     40   88  
  445    5.5  1.8  0.0  Sniffles2.INS.12CS5       2    56    (6) C AluSp          SINE/Alu           (229)     84     29   89  
   36    3.6  5.1  1.6  Sniffles2.INS.12DS31      8    68    (0) + (AGGGA)n       Simple_repeat          1     63    (0)   90  
   78    0.0  1.4  0.0  Sniffles2.INS.12ES38      5    74    (0) + (TA)n          Simple_repeat          1     71    (0)   91  
  253   21.6  0.0  0.0  Sniffles2.INS.12S2B       1    51    (1) + Alu            SINE/Alu             240    290   (11)   92  
  715   14.7  3.7  0.0  Sniffles2.INS.12S2F       2   165    (0) + ALR/Alpha      Satellite/centr        1    170    (0)   93  
 1159   12.9  0.7  0.0  Sniffles2.INS.12S30       5   336    (2) + ALR/Alpha      Satellite/centr        1    334    (0)   94  
  285   23.4  1.1  7.4  Sniffles2.INS.12S34      10   192   (55) C L1M4           LINE/L1           (3040)   3106   2983   95  
   41   24.5  0.9  0.0  Sniffles2.INS.12S5D       3   108    (1) + (AATGG)n       Simple_repeat          1    107    (0)   96  
  774   12.8  0.0  0.0  Sniffles2.INS.12S6F       1   125    (2) C ALR/Alpha      Satellite/centr      (2)    169     45   97  
  380   15.2 18.8  0.0  Sniffles2.INS.12S8        2   131    (3) + BSR/Beta       Satellite              1    154   (33)   98  
 1012    9.0  0.3  0.0  Sniffles2.INS.12SAD       1   289    (3) C ACRO1          Satellite/acro      (62)    290      1   99  
   42   25.4  0.0  0.0  Sniffles2.INS.12SB9       3   109    (1) + (TCCAT)n       Simple_repeat          1    107    (0)  100  
   37    6.8  4.8  0.0  Sniffles2.INS.130S6       1    62    (1) + (ATATTAT)n     Simple_repeat          1     65    (0)  101  
   58    6.2  5.5  3.9  Sniffles2.INS.132S6       1   128   (10) + (TA)n          Simple_repeat          1    130    (0)  102  
  295    6.7  6.5  3.1  Sniffles2.INS.133S22      3    64    (0) + L1M2           LINE/L1             5085   5148  (995)  103  
   66   13.9  5.2  0.0  Sniffles2.INS.133S25      1   137    (0) + (TATAT)n       Simple_repeat          1    144    (0)  104  
   24   15.9  7.1  0.0  Sniffles2.INS.133S33      3    58    (2) + (TA)n          Simple_repeat          1     60    (0)  105  
  104    8.4  7.2  1.8  Sniffles2.INS.134S25      1   209    (0) + (ATATATA)n     Simple_repeat          1    220    (0)  106  
 2716    3.0  0.7  0.0  Sniffles2.INS.135S25     13   317    (9) + AluY           SINE/Alu               1    307    (4)  107  
   17   11.8  0.0  9.8  Sniffles2.INS.136S0       2    46    (4) + (CAC)n         Simple_repeat          1     41    (0)  108  
   32   10.9  0.0  0.0  Sniffles2.INS.136S11      1    51    (1) + (TATA)n        Simple_repeat          1     51    (0)  109  
  250   11.7  4.4  2.3  Sniffles2.INS.136S25      2   503    (1) + (TATAATA)n     Simple_repeat          1    512    (0)  110  
  511    4.8  0.0  0.0  Sniffles2.INS.137S11      2    63    (2) + Alu            SINE/Alu              43    104  (197)  111  
   40    1.9  3.7  0.0  Sniffles2.INS.139S39      1    54   (10) + (GAAG)n        Simple_repeat          1     56    (0)  112  
   26    9.2  6.5  0.0  Sniffles2.INS.13AS22      1    51    (1) + (TA)n          Simple_repeat          1     54    (0)  113  
   66   12.9  4.8  0.8  Sniffles2.INS.13CS11      1   125    (1) + (AT)n          Simple_repeat          1    130    (0)  114  
   90   18.4  7.9  2.5  Sniffles2.INS.13ES25     16   319   (18) + (TA)n          Simple_repeat          1    320    (0)  115  
   85   26.4  4.6  1.2  Sniffles2.INS.13ES25    320   337    (0) + (ATATTAT)n     Simple_repeat          5    337    (0)  116  
   26   23.9  1.2  2.5  Sniffles2.INS.13FS25      6   101    (4) + (TATAATA)n     Simple_repeat          1     94    (0)  117  
  355   20.5  5.1  0.0  Sniffles2.INS.13FS5       4    81  (285) + FLAM_C         SINE/Alu              52    133    (0)  118  
  449   15.0 13.3  6.6  Sniffles2.INS.13S16       5   147    (1) C HSATII         Satellite           (12)    158      7  119  
 1054   13.2  1.6  0.4  Sniffles2.INS.13S2F       1   336    (2) + ALR/Alpha      Satellite/centr        1    339    (0)  120  
  968   13.8  3.2  0.0  Sniffles2.INS.13S30       1   166    (1) + ALR/Alpha      Satellite/centr        1    171    (0)  121  
  259    5.6  0.0  0.0  Sniffles2.INS.13S34      64    99    (2) C L1MCa          LINE/L1           (4408)   2100   2065  122  
   14   14.6  5.0  2.4  Sniffles2.INS.13S5D      10    49    (1) + A-rich         Low_complexity         1     41    (0)  123  
  915   13.3  2.6  0.5  Sniffles2.INS.13S8        1   272    (1) + BSR/Beta       Satellite              1    277    (0)  124  
 1137    6.8  0.6  0.0  Sniffles2.INS.13SAD       6   579    (2) C ACRO1          Satellite/acro       (0)    577      1  125  
 1018   15.2  0.3  0.0  Sniffles2.INS.13SB0       4   511    (0) + ALR/Alpha      Satellite/centr        1    509    (0)  126  
   50   10.1  1.2  0.0  Sniffles2.INS.13SBD      16   100   (23) + (ATTCC)n       Simple_repeat          1     86    (0)  127  
  628   10.0  4.5  2.2  Sniffles2.INS.140S1      19   151    (8) C L1P1           LINE/L1           (2764)   3382   3247  128  
  109   14.7  5.8  0.0  Sniffles2.INS.140S2       1   226    (2) + (AT)n          Simple_repeat          1    239    (0)  129  
   45   11.9  3.7  0.0  Sniffles2.INS.141S2       1    82    (0) + (ATAT)n        Simple_repeat          1     85    (0)  130  
  187   34.0  6.2  0.0  Sniffles2.INS.144S13     18   114    (1) C L2             LINE/L2            (413)   3006   2904  131  
   35    7.0  0.0  0.0  Sniffles2.INS.146S1       1    46    (5) + (CTT)n         Simple_repeat          1     46    (0)  132  
   52   15.9  9.0  0.0  Sniffles2.INS.147S33      3   136    (2) + (TG)n          Simple_repeat          1    146    (0)  133  
  110   17.8  4.4  4.7  Sniffles2.INS.148S33      1   339    (4) + (GGTTGT)n      Simple_repeat          1    338    (0)  134  
   28   23.3  0.0  0.0  Sniffles2.INS.149S13      1    60   (38) + G-rich         Low_complexity         1     60    (0)  135  
   27    0.0  0.0  0.0  Sniffles2.INS.149S13     68    93    (5) + (G)n           Simple_repeat          1     26    (0)  136  
  922   12.6  0.7  0.7  Sniffles2.INS.149S25      1   135    (0) + AluSz          SINE/Alu              53    187  (125)  137  
  280    1.2 28.4  3.5  Sniffles2.INS.14BS0       1    95    (2) + SVA_F          Retroposon/SVA       673    783  (592)  138  
   55   14.0  1.1  0.0  Sniffles2.INS.14BS31      1    90    (3) + (AT)n          Simple_repeat          1     91    (0)  139  
  548    4.0  0.0  0.0  Sniffles2.INS.14CS13      1    76    (1) C SVA_F          Retroposon/SVA     (548)    827    752  140  
   13   15.3  4.1  6.2  Sniffles2.INS.14CS31      2    50    (1) + A-rich         Low_complexity         1     48    (0)  141  
   54    0.0  0.0  0.0  Sniffles2.INS.14CS38      1    49    (1) + (ATCCC)n       Simple_repeat          1     49    (0)  142  
   85   10.8  5.7  3.5  Sniffles2.INS.14FS18      9   201    (0) + (ACACACC)n     Simple_repeat          1    197    (0)  143  
16973    2.1  0.1  0.0  Sniffles2.INS.14FS31      1  3500    (0) C L1HS           LINE/L1           (2038)   4108    608  144  
  995   17.1  0.0  0.3  Sniffles2.INS.14S2F       1   341    (1) + ALR/Alpha      Satellite/centr        1    340    (0)  145  
 1116   13.6  1.1  0.0  Sniffles2.INS.14S30       1   336    (1) + ALR/Alpha      Satellite/centr        1    339    (0)  146  
  503   10.3  0.0  0.0  Sniffles2.INS.14S8        1    68    (1) + BSR/Beta       Satellite             30     97   (39)  147  
  987    3.8  1.4  0.0  Sniffles2.INS.14SA8       1   144    (0) C ACRO1          Satellite/acro      (59)    146      1  148  
  593   21.5  0.0  0.0  Sniffles2.INS.14SAD      10   272  (313) C ACRO1          Satellite/acro      (31)    263      1  149  
  291   20.7  3.3  5.0  Sniffles2.INS.14SB9      16   137    (7) + HSATII         Satellite             47    166    (4)  150  
 1240   14.6  0.3  0.1  Sniffles2.INS.14SBA       1  2901    (1) + ALR/Alpha      Satellite/centr        1   2906    (0)  151  
   14   17.7  0.0  0.0  Sniffles2.INS.14SBD      15    46   (14) + (ATTCC)n       Simple_repeat          1     32    (0)  152  
  111   13.2  0.0  5.7  Sniffles2.INS.150S1       1   223    (6) + (TA)n          Simple_repeat          1    211    (0)  153  
  110   19.8  6.1  0.3  Sniffles2.INS.150S18      9   304    (2) + (AC)n          Simple_repeat          1    313    (0)  154  
   19   22.1  6.1  2.4  Sniffles2.INS.150S25      3    84    (4) + (ATATA)n       Simple_repeat          1     85    (0)  155  
18456    2.5  0.3  0.0  Sniffles2.INS.150S31      1  2679  (821) C L1HS           LINE/L1           (3330)   2816    131  156  
  431   29.3  2.0  4.6  Sniffles2.INS.150S31   2695  2941  (559) C L1M1           LINE/L1           (4227)   3338   3098  157  
 1653   24.8  1.5  4.3  Sniffles2.INS.150S31   2954  3497    (3) C L1M1           LINE/L1           (4540)   3025   2497  157  
   15   16.2  8.8  1.6  Sniffles2.INS.150S37      3    59    (2) + (ATATTAT)n     Simple_repeat          1     61    (0)  158  
   18   17.5  3.0  7.8  Sniffles2.INS.151S31     13    79    (1) + GA-rich        Low_complexity         1     64    (0)  159  
  396   13.3  0.0  0.0  Sniffles2.INS.151S33     20    79    (0) + L1MB7          LINE/L1             5772   5831  (353)  160  
   95   10.6  8.1  0.9  Sniffles2.INS.152S25      1   198    (6) + (TA)n          Simple_repeat          1    212    (0)  161  
   31   16.6  1.6  0.0  Sniffles2.INS.152S6       1    62    (0) + (CCTT)n        Simple_repeat          1     63    (0)  162  
   90   19.9  6.4  2.0  Sniffles2.INS.153S25      6   286    (0) + (AT)n          Simple_repeat          1    293    (0)  163  
  132    0.8  0.8  0.0  Sniffles2.INS.159S33      1   120    (1) + (TA)n          Simple_repeat          1    121    (0)  164  
   24   18.6  0.0  2.2  Sniffles2.INS.15AS33      7    53    (0) + (TA)n          Simple_repeat          1     46    (0)  165  
  203    0.0  0.0  0.6  Sniffles2.INS.15BS39      4   182    (0) + (TTC)n         Simple_repeat          1    178    (0)  166  
   22   16.3  4.0  2.0  Sniffles2.INS.15ES5       2    51    (0) + (AT)n          Simple_repeat          1     51    (0)  167  
  480   22.6 15.2  0.6  Sniffles2.INS.15FS1     239   376  (285) C MER5A1         DNA/hAT-Charlie      (7)    159      2  168  
  530   16.8  0.0  0.0  Sniffles2.INS.15S14       1    95    (1) C CER            Satellite            (0)     96      2  169  
   62   20.6  0.0  0.0  Sniffles2.INS.15S16       1   129    (1) + (AATGG)n       Simple_repeat          1    129    (0)  170  
 1106   15.9  1.4  0.2  Sniffles2.INS.15S2F       3   679    (0) + ALR/Alpha      Satellite/centr        1    684    (0)  171  
 1074   14.7  0.9  0.0  Sniffles2.INS.15S30       2   680    (0) + ALR/Alpha      Satellite/centr        1    684    (0)  172  
  999   10.6  0.0  0.4  Sniffles2.INS.15S8        1   203    (0) + BSR/Beta       Satellite              1    202    (0)  173  
  452   20.8  4.9  2.9  Sniffles2.INS.15SB9      11   202   (15) + HSATII         Satellite              1    195    (3)  174  
  914   17.1  0.9  0.0  Sniffles2.INS.15SBA       1   338    (0) + ALR/Alpha      Satellite/centr        1    340    (0)  175  
   18   15.4  0.0  0.0  Sniffles2.INS.15SBD      16    51    (4) + (TTCCA)n       Simple_repeat          1     36    (0)  176  
  381    6.0  4.0  0.0  Sniffles2.INS.160S33     44    93    (3) + AluSg          SINE/Alu             134    185  (125)  177  
 1270   11.8  1.8  0.5  Sniffles2.INS.162S11      1  1191    (1) + ALR/Alpha      Satellite/centr        1   1206    (0)  178  
   27    4.3  6.0  1.9  Sniffles2.INS.163S39      1    50    (0) + (CCTT)n        Simple_repeat          1     52    (0)  179  
   33    4.5 10.8  3.8  Sniffles2.INS.163S6       1    74    (0) + (AT)n          Simple_repeat          1     79    (0)  180  
  352    4.4  8.4  0.0  Sniffles2.INS.166S2       1   582    (0) + (AT)n          Simple_repeat          1    631    (0)  181  
   25   17.8  0.0  0.0  Sniffles2.INS.166S33      1    45    (9) + (TA)n          Simple_repeat          1     45    (0)  182  
   27   18.9  0.0  0.0  Sniffles2.INS.169S1       5    53    (0) + (C)n           Simple_repeat          1     49    (0)  183  
   51    0.0  2.0  0.0  Sniffles2.INS.169S31      1    50    (1) + (AAAG)n        Simple_repeat          1     51    (0)  184  
   36   26.9  0.0  0.0  Sniffles2.INS.16AS33      3    91    (1) + (AT)n          Simple_repeat          1     89    (0)  185  
   15    9.6 10.0  5.8  Sniffles2.INS.16BS25      1    50    (5) + (TA)n          Simple_repeat          1     52    (0)  186  
 1045   13.8  0.0  0.0  Sniffles2.INS.16DS23      1   342    (0) + ALR/Alpha      Satellite/centr        1    342    (0)  187  
   31   19.6  2.3  8.9  Sniffles2.INS.16DS37      3   133   (17) + (CCATACT)n     Simple_repeat          1    123    (0)  188  
  235   24.0  3.9  8.1  Sniffles2.INS.16S0       44   120  (248) C L1MD3          LINE/L1           (1266)   6616   6543  189  
  264   28.1  0.0  1.1  Sniffles2.INS.16S0      248   337   (31) C L1MD3          LINE/L1           (1368)   6627   6539  189  
   18    3.9  7.4  0.0  Sniffles2.INS.16S0      339   365    (3) + (TA)n          Simple_repeat          1     29    (0)  190  
  485    9.9  0.0  0.0  Sniffles2.INS.16S11       1    71    (8) C L1MA4A         LINE/L1            (176)   6127   6057  191  
 1191   14.0  0.3  0.0  Sniffles2.INS.16S30       1   680    (0) + ALR/Alpha      Satellite/centr        1    681    (0)  192  
   12   31.1  0.0  1.9  Sniffles2.INS.16S33      14    66    (7) + (GCTCC)n       Simple_repeat          1     52    (0)  193  
  529   13.1  3.4  0.0  Sniffles2.INS.16S34       1   131    (5) C CER            Satellite           (33)    135      1  194  
   13   32.4  0.0  0.0  Sniffles2.INS.16S5D       1    50    (0) + (GGAAT)n       Simple_repeat          1     50    (0)  195  
 1084   12.1  0.5  0.9  Sniffles2.INS.16S8        8  1167    (0) C BSR/Beta       Satellite            (0)   1154      1  196  
  984    7.9  1.9  0.6  Sniffles2.INS.16SA8       2   579    (0) C ACRO1          Satellite/acro      (37)    585      1  197  
  278   10.5 16.9  1.1  Sniffles2.INS.16SB9       7    83    (0) + HSATII         Satellite             49    137   (33)  198  
 4024    1.8  0.0  0.0  Sniffles2.INS.16SBA       1   451  (163) C L1PA2          LINE/L1              (1)   6154   5704  199  
 1233    7.8  0.0  0.0  Sniffles2.INS.16SBA     452   605    (9) + 7SK            snRNA                 87    240   (91)  200  
 1054    7.0  0.8  0.3  Sniffles2.INS.16SBB       1   292    (0) C ACRO1          Satellite/acro      (47)    293      1  201  
   18   24.3  1.9  0.0  Sniffles2.INS.16SBD       1    53    (1) + (CATTC)n       Simple_repeat          1     54    (0)  202  
   15    5.5  0.0  0.0  Sniffles2.INS.172S37     34    52    (0) + (A)n           Simple_repeat          1     19    (0)  203  
   60    0.0  0.0  1.8  Sniffles2.INS.173S22      1    58    (0) + (TTTC)n        Simple_repeat          1     57    (0)  204  
   39    5.9  0.0  0.0  Sniffles2.INS.173S38      1    54    (0) + (GGGAG)n       Simple_repeat          1     54    (0)  205  
 2344    8.8  0.7  0.3  Sniffles2.INS.176S2       1   297  (502) C AluSx3         SINE/Alu            (13)    298      1  206  
  696   19.4  1.6  0.8  Sniffles2.INS.176S2     658   786   (13) C AluJb          SINE/Alu           (181)    131      2  207  
   48    0.0  5.6  0.0  Sniffles2.INS.177S35      3    56    (8) + (TTCT)n        Simple_repeat          1     57    (0)  208  
  258    2.1  0.0  4.3  Sniffles2.INS.179S18      1    49    (1) + SVA_F          Retroposon/SVA       696    742  (633)  209  
  427    5.4  0.0  7.5  Sniffles2.INS.17AS18      1   100    (0) + SVA_F          Retroposon/SVA       654    746  (629)  210  
 1116   14.8  0.7  2.0  Sniffles2.INS.17BS23      1  1360    (0) + ALR/Alpha      Satellite/centr        1   1343    (0)  211  
   82    7.7  6.0  0.0  Sniffles2.INS.17DS22      1   151    (4) + (AT)n          Simple_repeat          1    160    (0)  212  
   38    0.0 10.7  0.0  Sniffles2.INS.17ES38      1    56    (4) + (TTCT)n        Simple_repeat          1     62    (0)  213  
   31   15.9  0.0  0.0  Sniffles2.INS.17S16       3    59    (1) + (TGGAA)n       Simple_repeat          1     57    (0)  214  
  297   23.3  0.0  0.0  Sniffles2.INS.17S2B       2    61    (2) + AluYk2         SINE/Alu             228    287   (24)  215  
 1171   12.3  0.7  0.0  Sniffles2.INS.17S30       2   334    (3) + ALR/Alpha      Satellite/centr        1    335    (0)  216  
  386   16.8  0.0  0.0  Sniffles2.INS.17S34       1    83    (2) C CER            Satellite           (31)     83      1  217  
  918   12.9  0.0  0.0  Sniffles2.INS.17S6F       1   170    (0) C ALR/Alpha      Satellite/centr     (51)    170      1  218  
 4024    1.8  0.0  0.0  Sniffles2.INS.17SBA       1   451  (503) C L1PA2          LINE/L1              (1)   6154   5704  219  
 1262    9.4  0.0  1.2  Sniffles2.INS.17SBA     452   623  (331) + 7SK            snRNA                 87    256   (75)  220  
 1083   15.2  0.8  0.0  Sniffles2.INS.17SBA     615   953    (1) + ALR/Alpha      Satellite/centr        1    341    (0)  221 *
   28   18.1  0.0  1.7  Sniffles2.INS.187S5       2    62    (3) + (TCCCTTC)n     Simple_repeat          1     60    (0)  222  
   36    0.0  0.0  0.0  Sniffles2.INS.189S0     163   193 (1367) + (AC)n          Simple_repeat          1     31    (0)  223  
   21   17.9  0.0  0.0  Sniffles2.INS.189S1       1    44 (1823) + (TCCAT)n       Simple_repeat          1     44    (0)  224  
  579   18.2  4.1  8.3  Sniffles2.INS.189S1      48  1837   (30) + HSATII         Satellite              1   1715    (8)  225  
   84   16.2  5.0  2.7  Sniffles2.INS.18AS31     11   228    (1) + (ATAAT)n       Simple_repeat          1    223    (0)  226  
  133   17.7  5.0  2.0  Sniffles2.INS.18BS5       1   339    (5) + (TA)n          Simple_repeat          1    349    (0)  227  
 2529    3.8  0.0  0.3  Sniffles2.INS.18BS6       2   289   (63) + AluY           SINE/Alu              12    298   (13)  228  
   30   17.1  0.0  0.0  Sniffles2.INS.18CS1       1    59    (1) + (AATGG)n       Simple_repeat          1     59    (0)  229  
   56    0.0  2.0  0.0  Sniffles2.INS.18CSBF      1    51    (0) + (AT)n          Simple_repeat          1     52    (0)  230  
 2921    1.0  0.0  0.0  Sniffles2.INS.18FS0       1   311    (0) C AluYb8         SINE/Alu             (7)    311      1  231  
   16   24.0  0.0  0.0  Sniffles2.INS.18S15       1    44    (6) + (AATGG)n       Simple_repeat          1     44    (0)  232  
  332   17.2  3.5  0.0  Sniffles2.INS.18S2B       7    64   (10) + FRAM           SINE/Alu              98    157   (19)  233  
 1222   13.4  0.9  0.0  Sniffles2.INS.18S2F       2   845    (1) + ALR/Alpha      Satellite/centr        1    851    (0)  234  
  956   13.9  2.0  0.0  Sniffles2.INS.18S30       1   335    (1) + ALR/Alpha      Satellite/centr        1    341    (0)  235  
  586   14.9  0.0  0.4  Sniffles2.INS.18S34       3   288    (0) C CER            Satellite           (29)    284      1  236  
 1174   14.8  0.6  0.2  Sniffles2.INS.18S6F       2  1700   (10) C ALR/Alpha      Satellite/centr     (62)   1704      1  237  
  380   22.2  0.0  0.0  Sniffles2.INS.18SBA       1    81    (0) + ALR/Alpha      Satellite/centr       28    108   (63)  238  
 2970    0.3  0.0  0.3  Sniffles2.INS.190S0      16   331    (0) + AluYb8         SINE/Alu               1    315    (3)  239  
   34    7.7  3.6  0.0  Sniffles2.INS.190S5       1    55    (3) + (GAAG)n        Simple_repeat          1     57    (0)  240  
 1235   13.9  0.6  0.3  Sniffles2.INS.191S18     11  3256    (0) + ALR/Alpha      Satellite/centr        1   3255    (1)  241  
   36   12.9  2.9  0.0  Sniffles2.INS.191S22      1    68    (0) + (TATATAT)n     Simple_repeat          1     70    (0)  242  
 1990   18.4  5.6  1.4  Sniffles2.INS.193SBF      1   697    (0) C L1PBa          LINE/L1           (3681)   3181   2402  243  
  796    5.0  1.9  1.9  Sniffles2.INS.195S25      1   165    (1) + SVA_F          Retroposon/SVA       579    855  (520)  244  
   29   17.5  1.4  2.9  Sniffles2.INS.196SBF      1    69   (59) + (TATA)n        Simple_repeat          1     68    (0)  245  
   63    1.6  0.0  1.6  Sniffles2.INS.19BS0      13    77    (0) + (CTTC)n        Simple_repeat          1     64    (0)  246  
 1119   14.8  0.6  0.2  Sniffles2.INS.19CS11      1  1363 (4952) + ALR/Alpha      Satellite/centr        1   1367    (0)  247  
 1189   15.5  0.9  0.3  Sniffles2.INS.19CS11   1377  6314    (1) + ALR/Alpha      Satellite/centr        1   4966    (0)  247  
   29   20.2  0.0  0.0  Sniffles2.INS.19CS22      1    57    (0) + (AT)n          Simple_repeat          1     57    (0)  248  
  467   15.0  9.2  3.8  Sniffles2.INS.19S15      11   208    (2) C HSATII         Satellite            (4)    208      1  249  
  129   17.8  0.8  0.0  Sniffles2.INS.19S2B      15   258    (8) + (ATTCC)n       Simple_repeat          1    246    (0)  250  
  937   13.8  3.2  0.0  Sniffles2.INS.19S2F       1   166    (1) + ALR/Alpha      Satellite/centr        1    171    (0)  251  
 1026   15.8  0.2  0.0  Sniffles2.INS.19S30       3   340    (1) + ALR/Alpha      Satellite/centr        1    338    (0)  252  
   53    0.0  0.0  0.0  Sniffles2.INS.1A0S0       1    48   (21) + (GGAA)n        Simple_repeat          1     48    (0)  253  
  344    6.6  3.2  3.2  Sniffles2.INS.1A0S1       1    63    (3) C ALR/Alpha      Satellite/centr      (8)    164    102  254  
   51    0.0  0.0  0.0  Sniffles2.INS.1A0S25      5    50    (0) + (CCTT)n        Simple_repeat          1     46    (0)  255  
 1364   12.8  0.7  0.1  Sniffles2.INS.1A1S11      1  1692    (0) + ALR/Alpha      Satellite/centr        1   1702    (2)  256  
  976   16.0  1.1  0.1  Sniffles2.INS.1A3S1       1   500    (9) C ALR/Alpha      Satellite/centr      (6)    505      1  257  
 1142   14.9  0.3  0.2  Sniffles2.INS.1A6S1       8  3085    (1) C ALR/Alpha      Satellite/centr     (57)   3080      1  258  
  101   12.8  4.9  3.1  Sniffles2.INS.1A6S22      1   225    (0) + (TTCT)n        Simple_repeat          1    229    (0)  259  
   39    5.0 10.8  0.0  Sniffles2.INS.1A7S22      1    83   (19) + (AT)n          Simple_repeat          1     92    (0)  260  
  330   13.1 15.4  2.3  Sniffles2.INS.1A9S1      15    92    (9) C ALR/Alpha      Satellite/centr     (66)    105     18  261  
  875   16.1  0.6  0.0  Sniffles2.INS.1AAS1       1   161    (9) C ALR/Alpha      Satellite/centr      (9)    162      1  262  
  445   18.1  4.2  8.1  Sniffles2.INS.1AS15      10  1037   (16) C HSATII         Satellite            (7)    988      1  263  
   43    9.7  1.3  1.3  Sniffles2.INS.1AS16      14    92   (13) + (AATGG)n       Simple_repeat          1     79    (0)  264  
   31   23.5  2.8  2.8  Sniffles2.INS.1AS17       1   106    (0) + (TATGTA)n      Simple_repeat          1    106    (0)  265  
  290   23.6  0.0  0.0  Sniffles2.INS.1AS2B       1    55    (0) + AluYa5         SINE/Alu             225    279   (32)  266  
  998   14.2  0.0  0.0  Sniffles2.INS.1AS2F       5   341    (0) + ALR/Alpha      Satellite/centr        1    337    (0)  267  
 1128   13.9  0.7  0.0  Sniffles2.INS.1AS30       1   336    (2) + ALR/Alpha      Satellite/centr        1    338    (0)  268  
  311   16.4  1.6  3.2  Sniffles2.INS.1AS8        4    66    (0) C BSR/Beta       Satellite           (64)     72     11  269  
  330   18.9  9.2  4.2  Sniffles2.INS.1ASBD       1   317   (27) C HSATII         Satellite           (11)    332      1  270  
   14   12.2  0.0  0.0  Sniffles2.INS.1ASBD     318   344    (0) + (AATGG)n       Simple_repeat          1     27    (0)  271  
   32    8.8  0.0  2.0  Sniffles2.INS.1B1SBF      1    50    (4) + (AT)n          Simple_repeat          1     49    (0)  272  
   24   11.7  0.0  4.2  Sniffles2.INS.1B2S0       1    50    (1) + (TATTATA)n     Simple_repeat          1     48    (0)  273  
   39   16.1  0.0  1.4  Sniffles2.INS.1B2S31      1    71    (1) + (TA)n          Simple_repeat          1     70    (0)  274  
 1280   11.7  2.0  4.5  Sniffles2.INS.1B3S11      1  2572    (1) C HSATII         Satellite           (17)   2507      1  275  
  100   36.1  0.3  0.8  Sniffles2.INS.1B4S6       3   377    (0) + (ACCACC)n      Simple_repeat          1    373    (0)  276  
  533    0.0  0.0  2.6  Sniffles2.INS.1B7S25      1    79    (1) C SVA_F          Retroposon/SVA     (526)    849    773  277  
  963   11.9  0.0  1.5  Sniffles2.INS.1B9S31      1   134    (0) C AluSz6         SINE/Alu           (165)    147     16  278  
 1165   15.4  1.4  0.2  Sniffles2.INS.1BAS17      2  3049    (1) + ALR/Alpha      Satellite/centr        1   3083    (0)  279  
 1070   14.9  0.0  0.0  Sniffles2.INS.1BAS23      1   341    (1) + ALR/Alpha      Satellite/centr        1    341    (0)  280  
  431    9.2  0.0  3.1  Sniffles2.INS.1BCS25      3    69   (13) + HERV17-int     LTR/ERV1            1033   1097 (7529)  281  
   24   14.2  3.6  1.8  Sniffles2.INS.1BDS35      1    56    (0) + (TCTCCC)n      Simple_repeat          1     57    (0)  282  
 2437    5.0  1.0  0.7  Sniffles2.INS.1BS25      17   317    (1) + AluSc          SINE/Alu               1    302    (7)  283  
  327   18.1  1.9  0.0  Sniffles2.INS.1BS2B      14    73   (58) + FRAM           SINE/Alu              90    139   (27)  284  
  270   21.3  0.0  0.0  Sniffles2.INS.1BS2B      77   123    (8) + AluYi6         SINE/Alu             233    279   (32)  285  
  937   13.8  3.2  0.0  Sniffles2.INS.1BS2F       1   166    (1) + ALR/Alpha      Satellite/centr        1    171    (0)  286  
 1037   13.8  1.7  0.2  Sniffles2.INS.1BS30       1   338    (1) + ALR/Alpha      Satellite/centr        1    343    (0)  287  
  258   12.8  0.0  0.0  Sniffles2.INS.1BS34     527   573  (243) + L1P4           LINE/L1             4976   5022 (1124)  288  
  360   16.9  0.0  0.0  Sniffles2.INS.1BS8        1    65    (3) C BSR/Beta       Satellite           (28)    108     44  289  
  778   11.6  0.1  0.0  Sniffles2.INS.1BSA8       1   667    (0) C CER            Satellite            (7)    668      1  290  
   97   21.0  0.9  1.3  Sniffles2.INS.1BSBD       1   225    (0) + (GGAAT)n       Simple_repeat          1    224    (0)  291  
   26   25.9  0.0  0.0  Sniffles2.INS.1C1S25      1    61    (0) + (CC)n          Simple_repeat          1     61    (0)  292  
 1080    8.1  0.4  0.2  Sniffles2.INS.1C4S33      1  1023    (1) C ACRO1          Satellite/acro      (45)   1025      1  293  
  329   11.3  0.0  0.0  Sniffles2.INS.1C5S0       1    53    (2) + LTR1A2         LTR/ERV1              22     74  (763)  294  
   18   10.1  6.2  0.0  Sniffles2.INS.1C7S24      7    38   (24) + (GT)n          Simple_repeat          1     34    (0)  295  
 1223   15.2  0.3  0.1  Sniffles2.INS.1CAS37      3  2546    (4) + ALR/Alpha      Satellite/centr        1   2551    (0)  296  
  105    4.1  9.0  0.0  Sniffles2.INS.1CBS35      1   177    (0) + (AT)n          Simple_repeat          1    193    (0)  297  
 2861    1.3  0.0  0.0  Sniffles2.INS.1CDS33     15   319    (0) + AluYa5         SINE/Alu               1    305    (6)  298  
  347   15.6  2.4  1.3  Sniffles2.INS.1CES33      7   109    (0) C L1M4           LINE/L1           (2376)   3770   3672  299  
   21   30.3  0.0  0.0  Sniffles2.INS.1CS1        1    58    (2) + (CC)n          Simple_repeat          1     58    (0)  300  
  253   23.8  0.0  0.0  Sniffles2.INS.1CS2B      19    81   (21) + AluJb          SINE/Alu             235    276   (26)  301  
 1032   14.8  1.7  0.0  Sniffles2.INS.1CS2F      10   337    (1) + ALR/Alpha      Satellite/centr        1    333    (0)  302  
  742   15.6  0.0  0.0  Sniffles2.INS.1CS30       8   170    (1) + ALR/Alpha      Satellite/centr        1    163    (0)  303  
  283   15.7  0.0  2.0  Sniffles2.INS.1CS8        1    52   (17) C BSR/Beta       Satellite           (30)    106     56  304  
   21    9.7  0.0  0.0  Sniffles2.INS.1CSBD      15    48    (2) + (ATTCC)n       Simple_repeat          1     34    (0)  305  
   30   11.7  0.0  0.0  Sniffles2.INS.1D1SC0      5    60  (353) + (TTCCA)n       Simple_repeat          1     56    (0)  306  
  389   15.6  3.1  0.0  Sniffles2.INS.1D1SC0     64   127  (286) C Alu            SINE/Alu            (12)    290    225  307  
   40   27.5  2.4  0.0  Sniffles2.INS.1D1SC0    128   254  (159) + (ATTCC)n       Simple_repeat          1    130    (0)  308  
   27   28.6  0.0  0.0  Sniffles2.INS.1D1SC0    331   411    (2) + (CATTC)n       Satellite              1     81    (0)  309  
   56   22.3  0.0  0.0  Sniffles2.INS.1D3S38      6   130 (3470) + (CATTC)n       Satellite              1    125    (0)  310  
   49    5.8  4.2  3.1  Sniffles2.INS.1D3S38    185   279 (3321) + (CCATT)n       Simple_repeat          1     96    (0)  311  
  318   28.6 14.8  3.4  Sniffles2.INS.1D3S38    473  1121 (2479) C L1MEg          LINE/L1           (4531)   1656    912  312  
   57    0.0  0.0  0.0  Sniffles2.INS.1D3SC0      1    49    (5) + (TA)n          Simple_repeat          1     49    (0)  313  
  213    6.3  9.7  0.0  Sniffles2.INS.1D5S35      7   462    (8) + (AT)n          Simple_repeat          1    500    (0)  314  
   17   11.4  9.8  3.7  Sniffles2.INS.1D7S35      2    52    (8) + (AT)n          Simple_repeat          1     54    (0)  315  
   67   16.5  3.5  0.0  Sniffles2.INS.1D8S24      3   144    (2) + (ATATATA)n     Simple_repeat          1    147    (0)  316  
   30    4.0  7.8  0.0  Sniffles2.INS.1DAS24      1    51    (1) + (TTCC)n        Simple_repeat          1     55    (0)  317  
   68    1.4  4.1  0.0  Sniffles2.INS.1DCS24      1    73    (2) + (TA)n          Simple_repeat          1     76    (0)  318  
 1360   13.6  0.5  0.1  Sniffles2.INS.1DDS1       5  2704    (9) + ALR/Alpha      Satellite/centr        1   2710    (1)  319  
 1071   14.4  0.1  0.2  Sniffles2.INS.1DES23      1  1025    (1) + ALR/Alpha      Satellite/centr        1   1024    (0)  320  
 1093   13.7  0.0  0.0  Sniffles2.INS.1DFS23      1   340    (2) + ALR/Alpha      Satellite/centr        1    340    (0)  321  
   58    0.0  0.0  0.0  Sniffles2.INS.1DS17       1    52    (0) + (AAAG)n        Simple_repeat          1     52    (0)  322  
  313   21.4  0.0  0.0  Sniffles2.INS.1DS2B      13    68    (1) + AluSz6         SINE/Alu             225    280   (32)  323  
 1148   15.3  1.0  0.0  Sniffles2.INS.1DS2F       1   846    (1) + ALR/Alpha      Satellite/centr        1    854    (0)  324  
 1131   13.2  1.3  0.0  Sniffles2.INS.1DS30       1   336    (0) + ALR/Alpha      Satellite/centr        1    340    (0)  325  
  338   18.5  0.0  0.0  Sniffles2.INS.1DS8        1    65    (1) C BSR/Beta       Satellite           (24)    112     48  326  
  769   13.8  0.0  0.0  Sniffles2.INS.1DSBA       1   169    (0) C ALR/Alpha      Satellite/centr     (37)    169      1  327  
  150    2.3  2.7  2.7  Sniffles2.INS.1E1S25      1   188   (35) + (TGGA)n        Simple_repeat          1    188    (0)  328  
   29    7.9  0.0  0.0  Sniffles2.INS.1E2S24     17    57    (0) + (CTTC)n        Simple_repeat          1     41    (0)  329  
  333   26.0  0.0  0.0  Sniffles2.INS.1E7S0       6    82  (552) + L2a            LINE/L2             3348   3424    (2)  330  
  306   24.0  7.6 11.0  Sniffles2.INS.1E7S0     346   476  (158) + L2b            LINE/L2             3239   3365   (10)  331  
  321   16.2 10.0  0.0  Sniffles2.INS.1EAS0      60   139  (361) C L1MC4          LINE/L1              (0)   8042   7955  332  
 1472   15.6  1.2 12.5  Sniffles2.INS.1EAS0     141   470   (30) C AluJb          SINE/Alu            (14)    298      2  333  
 4909    0.2  0.8  0.3  Sniffles2.INS.1EAS6       4  4369   (32) + (TGGAA)n       Simple_repeat          1   4386    (0)  334  
 1258   10.8  0.3  0.0  Sniffles2.INS.1EES11      1   339    (0) + ALR/Alpha      Satellite/centr        1    339    (2)  335  
  859   16.3  1.6  0.0  Sniffles2.INS.1ES2F       3   166    (0) + ALR/Alpha      Satellite/centr        1    166    (0)  336  
 1112   13.9  1.3  0.0  Sniffles2.INS.1ES30       1   336    (2) + ALR/Alpha      Satellite/centr        1    340    (0)  337  
  685   18.4  2.7  3.5  Sniffles2.INS.1ES34       1   146   (20) C THE1D-int      LTR/ERVL-MaLR      (115)   1516   1372  338  
 1145   12.8  0.4  0.7  Sniffles2.INS.1ES6F       1   342    (1) C ALR/Alpha      Satellite/centr     (63)    341      1  339  
  431   11.9  0.0  0.0  Sniffles2.INS.1ES8        4    62    (5) C BSR/Beta       Satellite           (17)    119     61  340  
   26    8.1  0.0  0.0  Sniffles2.INS.1ESBD      15    53   (35) + (ATTCC)n       Simple_repeat          1     39    (0)  341  
  956    1.8  0.0  1.9  Sniffles2.INS.1F0S0       1   110    (0) C AluYa8         SINE/Alu           (168)    142     35  342  
 1023   11.6  0.9  0.6  Sniffles2.INS.1F1S11      3   336    (2) + ALR/Alpha      Satellite/centr        1    335    (0)  343  
 1347   10.3  0.9  0.9  Sniffles2.INS.1F4S11      1   342    (1) + ALR/Alpha      Satellite/centr        1    341    (1)  344  
   46   18.9  3.0  1.0  Sniffles2.INS.1F6S22      1   101    (1) + (TA)n          Simple_repeat          1    103    (0)  345  
  893    7.3  0.0  5.8  Sniffles2.INS.1F6S6       1   218    (8) C SVA_F          Retroposon/SVA     (607)    768    563  346  
   29    2.3  4.2  4.2  Sniffles2.INS.1F7S0       3    50   (12) + (CTC)n         Simple_repeat          1     48    (0)  347  
   57    0.0  0.0  0.0  Sniffles2.INS.1F9S25      1    62    (0) + (A)n           Simple_repeat          1     62    (0)  348  
   31   28.5  1.9  5.2  Sniffles2.INS.1FBS0       1   158   (10) + G-rich         Low_complexity         1    153    (0)  349  
 2598    0.4  0.0  0.0  Sniffles2.INS.1FBS11     10   313    (0) C AluYa5         SINE/Alu             (0)    311     10  350  
   49    0.0  0.0  0.0  Sniffles2.INS.1FBS5       1    53    (0) + (A)n           Simple_repeat          1     53    (0)  351  
 2598    0.4  0.0  0.0  Sniffles2.INS.1FCS11     10   313    (0) C AluYa5         SINE/Alu             (0)    311     10  352  
 1021   14.9  0.0  0.0  Sniffles2.INS.1FCS23      1   340    (2) + ALR/Alpha      Satellite/centr        1    340    (0)  353  
 2598    0.4  0.0  0.0  Sniffles2.INS.1FDS11     10   312    (0) C AluYa5         SINE/Alu             (0)    311     10  354  
   25   19.6  1.9  0.0  Sniffles2.INS.1FDSBF      4    56    (1) + (AT)n          Simple_repeat          1     54    (0)  355  
 2598    0.4  0.0  0.0  Sniffles2.INS.1FES11     10   312    (0) C AluYa5         SINE/Alu             (0)    311     10  356  
   31    8.1  1.9  1.9  Sniffles2.INS.1FFS22      1    62    (0) + (ATATATT)n     Simple_repeat          1     62    (0)  357  
   24   14.3  0.0  2.1  Sniffles2.INS.1FS16      71   118    (4) + (GAATG)n       Simple_repeat          1     47    (0)  358  
   53   18.7  1.6  3.2  Sniffles2.INS.1FS23       2   128    (7) + (CTTC)n        Simple_repeat          1    125    (0)  359  
  849   17.6  2.1  0.4  Sniffles2.INS.1FS2F       1   339    (0) + ALR/Alpha      Satellite/centr        1    344    (0)  360  
   47   22.9  0.9  0.0  Sniffles2.INS.1FS5D       3   114    (0) + (GAATG)n       Simple_repeat          1    113    (0)  361  
  788   17.9  1.2  1.2  Sniffles2.INS.1FS65       9   172    (0) C ALR/Alpha      Satellite/centr      (0)    172      9  362  
  816   13.8  0.0  0.4  Sniffles2.INS.1FS6F       1   167    (0) C ALR/Alpha      Satellite/centr     (31)    166      1  363  
  236   22.2  3.2  0.0  Sniffles2.INS.1FS8        3    65    (1) C BSR/Beta       Satellite           (69)     67      3  364  
 1392    1.9  0.0  0.0  Sniffles2.INS.1S18        1   154 (2905) C L1P1           LINE/L1            (520)   5634   5481  365  
 1517    4.6  0.0  0.0  Sniffles2.INS.1S18      155   327 (2732) C AluYc          SINE/Alu            (10)    289    117  366  
18267    6.1  0.8  0.0  Sniffles2.INS.1S18      328  2775  (284) C L1P1           LINE/L1            (664)   5490   3021  365  
  854   11.2  0.0  0.0  Sniffles2.INS.1S18     2952  3058    (1) C AluJr          SINE/Alu           (204)    108      2  367  
  961   10.9  0.0  0.0  Sniffles2.INS.1S2E        1   172    (0) + ALR/Alpha      Satellite/centr        1    172    (0)  368  
  929   15.2  0.0  0.0  Sniffles2.INS.1S2F       11   168    (3) + ALR/Alpha      Satellite/centr        1    158   (13)  369  
 1185   15.0  0.1  0.4  Sniffles2.INS.1S45        2  1023    (0) + ALR/Alpha      Satellite/centr        1   1019    (0)  370  
  922   14.8  0.6  0.0  Sniffles2.INS.1S5D        5   166    (4) + ALR/Alpha      Satellite/centr        1    163    (8)  371  
 1083   14.0  0.4  0.0  Sniffles2.INS.1S77        1   340    (1) + ALR/Alpha      Satellite/centr        1    341    (0)  372  
   27   11.3  6.6  1.6  Sniffles2.INS.1SB0        3    63    (1) + (CTTC)n        Simple_repeat          1     64    (0)  373  
 2942    0.3  0.3  0.0  Sniffles2.INS.201S18      6   317    (0) + AluYb8         SINE/Alu               1    313    (5)  374  
 2153   14.2  2.1  0.3  Sniffles2.INS.201S22      2   340   (10) + THE1B          LTR/ERVL-MaLR         20    364    (0)  375  
  469    5.2  4.1  6.3  Sniffles2.INS.202S25      6   150    (0) C SVA_C          Retroposon/SVA     (567)    817    676  376  
 1270   10.3  0.5  0.0  Sniffles2.INS.203S11      5   336    (2) + ALR/Alpha      Satellite/centr        1    333    (2)  377  
  691    1.8  0.0 14.2  Sniffles2.INS.203S25      1   129    (0) + SVA_F          Retroposon/SVA       717    829  (546)  378  
 1402   12.1  0.2  0.0  Sniffles2.INS.204S11      1   679    (1) + ALR/Alpha      Satellite/centr        1    680    (2)  379  
   14   10.4  3.0  3.0  Sniffles2.INS.204SBF      2    34   (51) + (TAATAT)n      Simple_repeat          1     33    (0)  380  
 1281   12.7  0.4  0.0  Sniffles2.INS.205S11      1   676    (3) + ALR/Alpha      Satellite/centr        1    678    (4)  381  
 1190   15.0  0.5  0.3  Sniffles2.INS.205S18      1  4100    (1) C ALR/Alpha      Satellite/centr     (31)   4108      1  382  
 1244   12.7  0.4  0.0  Sniffles2.INS.20AS11      1   334    (6) + ALR/Alpha      Satellite/centr        1    335    (0)  383  
 1159   13.6  2.0  0.0  Sniffles2.INS.20BS11      7   668    (3) + ALR/Alpha      Satellite/centr        1    675    (2)  384  
  890   28.6  6.8  2.2  Sniffles2.INS.20DS0     141   537  (135) + L1ME3G         LINE/L1             5515   5929  (248)  385  
 1229   15.5  0.7  0.0  Sniffles2.INS.20DS11      9   338    (1) + ALR/Alpha      Satellite/centr        1    332    (2)  386  
 1407   11.2  0.6  0.4  Sniffles2.INS.20ES11      2   678    (0) + ALR/Alpha      Satellite/centr        1    678    (0)  387  
  973   14.6  1.0  0.0  Sniffles2.INS.20S15       6   290    (0) + HSATII         Satellite              1    287    (0)  388  
  344   21.6  5.2  0.0  Sniffles2.INS.20S16       8   106  (181) + AluJb          SINE/Alu             192    299    (3)  389 *
  638   14.4  2.3 15.0  Sniffles2.INS.20S16     104   275   (12) C HSATII         Satellite           (17)    153      1  390  
  313   21.4  0.0  0.0  Sniffles2.INS.20S2B       1    56    (3) + AluSz6         SINE/Alu             225    280   (32)  391  
  985   16.1  0.7  0.6  Sniffles2.INS.20S30       1   340    (1) + ALR/Alpha      Satellite/centr        1    340    (0)  392  
  433   11.3  0.0  0.0  Sniffles2.INS.20S8        1    62    (1) C BSR/Beta       Satellite           (13)    123     62  393  
 1198   10.9  0.0  0.0  Sniffles2.INS.20SBA       1   339    (3) C ALR/Alpha      Satellite/centr     (50)    339      1  394  
   24   23.6  1.4  1.4  Sniffles2.INS.20SBD       4    74    (0) + (ATTCC)n       Simple_repeat          1     71    (0)  395  
   15   27.4  0.0  0.0  Sniffles2.INS.211S22     22    58    (1) + (TA)n          Simple_repeat          1     37    (0)  396  
   19    6.0  5.7  0.0  Sniffles2.INS.213S25      1    35  (103) + (TAAAA)n       Simple_repeat          1     37    (0)  397  
   11   27.6  2.0  2.0  Sniffles2.INS.213S25     80   129    (9) + (TCATTTC)n     Simple_repeat          1     50    (0)  398  
  109   27.7  0.3  3.4  Sniffles2.INS.214S24      5   338    (1) + (CCA)n         Simple_repeat          1    324    (0)  399  
   50    0.0  6.8  0.0  Sniffles2.INS.214S5       1    59    (0) + (TCTT)n        Simple_repeat          1     63    (0)  400  
 1239   12.6  0.5  0.0  Sniffles2.INS.215S11      7   338    (2) + ALR/Alpha      Satellite/centr        1    333    (2)  401  
   48   17.4  0.0  3.0  Sniffles2.INS.215S24      7   109    (4) + (ACC)n         Simple_repeat          1    100    (0)  402  
 1270   13.5  0.8  0.0  Sniffles2.INS.216S11      7   677    (3) + ALR/Alpha      Satellite/centr        1    676    (4)  403  
 1298   10.2  0.3  0.0  Sniffles2.INS.217S11      1   340    (0) + ALR/Alpha      Satellite/centr        1    340    (2)  404  
 1122   11.6  0.3  0.0  Sniffles2.INS.218S11      1   339    (1) + ALR/Alpha      Satellite/centr        1    339    (0)  405  
   17    6.7 14.9  0.0  Sniffles2.INS.218S24    283   329   (15) + (CATCCA)n      Simple_repeat          1     54    (0)  406  
   12   18.4  5.4  0.0  Sniffles2.INS.219S6      21    57    (0) + (AGGTGA)n      Simple_repeat          1     39    (0)  407  
 1229   16.0  0.7  0.0  Sniffles2.INS.21AS11      9   338    (1) + ALR/Alpha      Satellite/centr        1    332    (2)  408  
   34   22.6  2.6  0.0  Sniffles2.INS.21BS18      8    84    (6) + (TC)n          Simple_repeat          1     79    (0)  409  
  244   13.6  2.3  0.0  Sniffles2.INS.21S0       30    73    (1) + L1PA11         LINE/L1             5946   5990  (184)  410  
  373   13.6  4.5  0.0  Sniffles2.INS.21S15       2    67    (2) + HSATII         Satellite             22     90   (80)  411  
  999   15.2  0.6  0.0  Sniffles2.INS.21S2F       1   338    (2) + ALR/Alpha      Satellite/centr        1    339    (0)  412  
  449   18.6  6.0  9.4  Sniffles2.INS.21S5D       7   509    (0) C HSATII         Satellite           (31)    485      1  413  
  260   21.2 11.4  2.8  Sniffles2.INS.21SBD      17   147   (27) + HSATII         Satellite             21    162    (8)  414  
 1005    9.4  0.0  0.0  Sniffles2.INS.222S25      8   145    (7) C MST-int        LTR/ERVL-MaLR     (1474)    177     40  415  
   57    0.0  1.8  0.0  Sniffles2.INS.224S18      1    55    (4) + (TCTT)n        Simple_repeat          1     56    (0)  416  
  399   18.6  6.4  6.9  Sniffles2.INS.224SC0      9   553   (16) C HSATII         Satellite            (7)    542      1  417  
 1369   12.2  0.4  0.0  Sniffles2.INS.227S11     10   339    (1) + ALR/Alpha      Satellite/centr        1    331    (2)  418  
 1099   15.7  1.3  0.5  Sniffles2.INS.228S11     10   337    (1) + ALR/Alpha      Satellite/centr        1    330    (0)  419  
   39    7.6  5.8  2.2  Sniffles2.INS.228S37      1    87   (22) + (AT)n          Simple_repeat          1     90    (0)  420  
 1035   11.3  0.3  0.0  Sniffles2.INS.229S11      1   339    (1) + ALR/Alpha      Satellite/centr        1    339    (2)  421  
   33    2.1  3.9  3.9  Sniffles2.INS.229SBF      1    52    (0) + (TATATATGCA)n  Simple_repeat          1     52    (0)  422  
  261    8.3 18.0  1.4  Sniffles2.INS.22BS0       5    65    (1) + AluSx          SINE/Alu             179    249   (53)  423  
  450   18.1  5.8  8.5  Sniffles2.INS.22BSC0      2   641    (3) C HSATII         Satellite            (7)    623      1  424  
  237   27.4  1.6  0.0  Sniffles2.INS.22CS0      10    71   (20) C X1_DNA         DNA/TcMar-Tigger    (95)    651    589  425  
   72   16.5  2.5  2.5  Sniffles2.INS.22CS18      1   158    (7) + (AT)n          Simple_repeat          1    158    (0)  426  
 1026   15.6  0.0  0.0  Sniffles2.INS.22CS23      4   343    (0) + ALR/Alpha      Satellite/centr        1    340    (0)  427  
  932   12.9  0.0  0.7  Sniffles2.INS.22DSBF      5   144   (14) + L1PA14         LINE/L1             5783   5921  (240)  428  
 1377   12.4  0.2  0.0  Sniffles2.INS.22ES11      1   679    (1) + ALR/Alpha      Satellite/centr        1    680    (0)  429  
 1256   12.4  0.5  0.0  Sniffles2.INS.22FS11      1   334    (6) + ALR/Alpha      Satellite/centr        1    335    (2)  430  
   53   12.6  6.1  0.8  Sniffles2.INS.22FS22      1   115    (6) + (TATCTAA)n     Simple_repeat          1    121    (0)  431  
  329   10.6  4.3  0.0  Sniffles2.INS.22S2B       1    47    (0) + AluJb          SINE/Alu             242    290   (22)  432  
  964   12.9  3.2  0.0  Sniffles2.INS.22S2F       1   166    (1) + ALR/Alpha      Satellite/centr        1    171    (0)  433  
 1173   15.3  0.8  0.0  Sniffles2.INS.22S65       1   341    (0) C ALR/Alpha      Satellite/centr     (41)    343      1  434  
 1089   14.7  0.7  0.0  Sniffles2.INS.22SB0       1  1183    (8) + ALR/Alpha      Satellite/centr        1   1190    (0)  435  
   15   11.7  0.0  0.0  Sniffles2.INS.22SBD       5    32   (24) + (ATTCC)n       Simple_repeat          1     28    (0)  436  
   42   17.2  6.2  0.0  Sniffles2.INS.230S0       1    96    (0) + (TA)n          Simple_repeat          1    102    (0)  437  
 1246   13.8  1.1  0.9  Sniffles2.INS.231S37      5  6355    (1) + ALR/Alpha      Satellite/centr        1   6359    (3)  438  
   67    2.4  3.3  3.3  Sniffles2.INS.231SBF      1    90    (6) + (AT)n          Simple_repeat          1     90    (0)  439  
 1407   12.0  0.4  0.0  Sniffles2.INS.232S11      3   337    (3) + ALR/Alpha      Satellite/centr        1    336    (2)  440  
 1376   12.0  0.2  0.0  Sniffles2.INS.233S11      6   678    (2) + ALR/Alpha      Satellite/centr        1    674    (1)  441  
  565   18.1  6.2  8.4  Sniffles2.INS.233SC0      3   621   (13) C HSATII         Satellite            (4)    605      1  442  
 1333   12.1  0.2  0.3  Sniffles2.INS.234S37      4  2883    (0) + ALR/Alpha      Satellite/centr        1   2877    (2)  443  
 1374   12.1  0.3  0.0  Sniffles2.INS.235S11      9  1018    (1) + ALR/Alpha      Satellite/centr        1   1013    (1)  444  
   65    0.0  0.0  0.0  Sniffles2.INS.236S18      1    58    (0) + (AAAG)n        Simple_repeat          1     58    (0)  445  
 1148   15.8  1.4  0.0  Sniffles2.INS.239S11      9   336    (1) + ALR/Alpha      Satellite/centr        1    332    (2)  446  
  241    0.3 12.7  0.0  Sniffles2.INS.239S22      1   387    (0) + (AT)n          Simple_repeat          1    436    (0)  447  
 3459   13.3  9.6  2.4  Sniffles2.INS.239SBF      1  9831    (1) + (TA)n          Simple_repeat          1  10527    (0)  448  
 1061   12.7  0.4  0.0  Sniffles2.INS.23AS11      3   336    (2) + ALR/Alpha      Satellite/centr        1    335    (0)  449  
 1177   15.7  0.7  0.0  Sniffles2.INS.23BS11      9   338    (1) + ALR/Alpha      Satellite/centr        1    332    (2)  450  
   46    7.6  4.3  0.0  Sniffles2.INS.23CS5       1    70    (1) + (TA)n          Simple_repeat          1     73    (0)  451  
 1407   10.8  0.2  0.0  Sniffles2.INS.23DS11      3   680    (0) + ALR/Alpha      Satellite/centr        1    679    (0)  452  
  450   18.1  5.8  8.5  Sniffles2.INS.23DSC0      2   641    (3) C HSATII         Satellite            (7)    623      1  453  
 1212   12.3  0.8  0.0  Sniffles2.INS.23FS11      1   338    (1) + ALR/Alpha      Satellite/centr        1    340    (1)  454  
 1054    5.0  0.0  0.0  Sniffles2.INS.23FS22      1   121   (34) C AluSz          SINE/Alu           (170)    142     22  455  
   62    0.0  0.0  0.0  Sniffles2.INS.23S14       1    53    (1) + (AT)n          Simple_repeat          1     53    (0)  456  
  995   16.5  0.0  0.3  Sniffles2.INS.23S2F       1   341    (1) + ALR/Alpha      Satellite/centr        1    340    (0)  457  
  234   19.2  7.6  5.6  Sniffles2.INS.23S5D      25   129    (5) C HSATII         Satellite           (17)    153     47  458  
  900    8.8  0.0  0.4  Sniffles2.INS.23S6F       1   155    (7) C ALR/Alpha      Satellite/centr     (55)    154      1  459  
   22   20.6  0.0  0.0  Sniffles2.INS.23SBD       1    50    (5) + (CCATT)n       Simple_repeat          1     50    (0)  460  
 1075   12.1  0.5  0.0  Sniffles2.INS.241S11      1   340    (0) + ALR/Alpha      Satellite/centr        1    341    (0)  461  
   44    1.9  1.8  3.6  Sniffles2.INS.242S22      1    57    (0) + (TTCT)n        Simple_repeat          1     56    (0)  462  
 1117   11.5  0.3  0.0  Sniffles2.INS.245S11      1   328   (12) + ALR/Alpha      Satellite/centr        1    328    (0)  463  
   29   15.5  6.9  0.0  Sniffles2.INS.245S5       4    75    (0) + GA-rich        Low_complexity         1     77    (0)  464  
 2568    0.4  0.0  0.4  Sniffles2.INS.246S11     10   312    (0) C AluYa5         SINE/Alu             (0)    311     10  465  
 2598    0.4  0.0  0.0  Sniffles2.INS.247S11      1   302    (9) C AluYa5         SINE/Alu             (0)    311     10  466  
 2598    0.4  0.0  0.0  Sniffles2.INS.248S11     10   312    (0) C AluYa5         SINE/Alu             (0)    311     10  467  
  601   12.8  9.3  1.4  Sniffles2.INS.249S22      1  1504    (7) + A-rich         Low_complexity         1   1622    (0)  468  
 1236   15.3  0.7  0.0  Sniffles2.INS.24FS11      9   338    (1) + ALR/Alpha      Satellite/centr        1    332    (2)  469  
  244   18.6  2.3  0.0  Sniffles2.INS.24S16       6    48   (45) + AluJb          SINE/Alu             234    277   (35)  470  
   23   11.2  0.0  0.0  Sniffles2.INS.24S16      54    92    (1) + (AGTGG)n       Simple_repeat          1     39    (0)  471  
   39    0.0  6.8  3.3  Sniffles2.INS.24S17       1    59    (7) + (AGATATAT)n    Simple_repeat          1     61    (0)  472  
  328   24.2  3.2  0.0  Sniffles2.INS.24S2B       1    62    (0) + AluYa5         SINE/Alu             226    289   (22)  473  
  915   14.2  3.6  0.4  Sniffles2.INS.24S2F       1   166    (1) + ALR/Alpha      Satellite/centr        1    171    (0)  474  
  240   17.1  5.7  6.3  Sniffles2.INS.24S5D      37   129    (6) C HSATII         Satellite           (34)    136     47  475  
 1166   13.2  0.3  0.2  Sniffles2.INS.24S65       1   341    (0) C ALR/Alpha      Satellite/centr     (17)    341      1  476  
 1236   15.5  0.7  0.0  Sniffles2.INS.250S11      7   338    (0) + ALR/Alpha      Satellite/centr        1    334    (2)  477  
 1127   13.3  2.0  0.1  Sniffles2.INS.253S11      3   337    (0) + ALR/Alpha      Satellite/centr        1    341    (2)  478  
 1117   11.5  0.3  0.0  Sniffles2.INS.254S11      1   328   (12) + ALR/Alpha      Satellite/centr        1    328    (0)  479  
 2946    0.3  0.0  0.0  Sniffles2.INS.255S11     14   322    (0) + AluYb8         SINE/Alu               1    309    (9)  480  
 2955    0.3  0.0  0.0  Sniffles2.INS.256S11     14   323    (0) + AluYb8         SINE/Alu               1    310    (8)  481  
 1087   11.5  0.6  0.6  Sniffles2.INS.257S11      1   329   (12) + ALR/Alpha      Satellite/centr        1    329    (0)  482  
 1188   13.7  0.5  0.0  Sniffles2.INS.258S11      1   339    (0) + ALR/Alpha      Satellite/centr        1    340    (2)  483  
   19    9.2 10.6  0.0  Sniffles2.INS.258S18      1    47   (12) + (TACATAG)n     Simple_repeat          1     52    (0)  484  
   22   32.2  2.0  4.0  Sniffles2.INS.258SBF      1   101    (1) + (AT)n          Simple_repeat          1     99    (0)  485  
   18   35.5  0.0  1.5  Sniffles2.INS.258SC0      1    69    (2) + (TA)n          Simple_repeat          1     68    (0)  486  
 1347   12.9  0.3  0.0  Sniffles2.INS.25AS11      1   678    (1) + ALR/Alpha      Satellite/centr        1    680    (2)  487  
  274   13.9  1.3  0.0  Sniffles2.INS.25AS5       6   462    (1) + (AT)n          Simple_repeat          1    463    (0)  488  
   34   10.8  5.0  0.0  Sniffles2.INS.25ASC0      8    67    (0) + (AT)n          Simple_repeat          1     63    (0)  489  
   45   16.9  1.2  0.0  Sniffles2.INS.25DSC0      1    82    (0) + (AT)n          Simple_repeat          1     83    (0)  490  
  271   21.1  0.0  0.0  Sniffles2.INS.25S2B       1    52    (8) + Alu            SINE/Alu             229    280   (22)  491  
  722   14.6  3.2  0.0  Sniffles2.INS.25S2F       1   166    (0) + ALR/Alpha      Satellite/centr        1    171    (0)  492  
 1170   14.3  0.3  0.0  Sniffles2.INS.25S30       1   679    (1) + ALR/Alpha      Satellite/centr        1    681    (0)  493  
  323   14.8  0.0  3.9  Sniffles2.INS.25SBD      11    64    (0) C AluSz6         SINE/Alu            (35)    277    226  494  
 2946    0.3  0.0  0.0  Sniffles2.INS.262S11     14   322    (0) + AluYb8         SINE/Alu               1    309    (9)  495  
  421    3.5  3.5  1.7  Sniffles2.INS.262SBF      6    63    (0) C HERV15-int     LTR/ERV1           (911)   7840   7782  496  
 1368   11.1  0.0  0.0  Sniffles2.INS.263S11      3   340    (0) + ALR/Alpha      Satellite/centr        1    338    (1)  497  
 1114    9.9  0.6  0.0  Sniffles2.INS.264S11      6   338    (0) + ALR/Alpha      Satellite/centr        1    334    (0)  498  
 1402   11.3  0.6  0.2  Sniffles2.INS.265S11      1  1018    (3) + ALR/Alpha      Satellite/centr        1   1021    (0)  499  
 1407   12.6  0.4  0.0  Sniffles2.INS.266S11      1  1014    (5) + ALR/Alpha      Satellite/centr        1   1018    (2)  500  
   20    5.4  0.0 11.6  Sniffles2.INS.266S25      2    49    (9) + (TATGA)n       Simple_repeat          1     43    (0)  501  
 3000    0.3  0.0  0.0  Sniffles2.INS.267S11      5   319    (3) + AluYb8         SINE/Alu               1    315    (3)  502  
 1642    6.6  1.8  6.2  Sniffles2.INS.268S0       1   400    (1) + SVA_F          Retroposon/SVA       422    857  (518)  503  
 3000    0.3  0.0  0.0  Sniffles2.INS.268S11      5   319    (3) + AluYb8         SINE/Alu               1    315    (3)  504  
   73   17.4  4.3  2.6  Sniffles2.INS.26AS25      3   190    (0) + (TGATGG)n      Simple_repeat          1    191    (0)  505  
 1213   12.8  0.5  0.0  Sniffles2.INS.26ES11      7   338    (2) + ALR/Alpha      Satellite/centr        1    333    (4)  506  
  529    2.2  1.0  5.4  Sniffles2.INS.26ESBF      1    96    (0) C SVA_D          Retroposon/SVA     (628)    758    667  507  
  469    9.8  0.0  0.0  Sniffles2.INS.26FS0       1    61   (27) C HUERS-P3-int   LTR/ERV1          (2499)   6420   6360  508  
 1270   13.6  0.8  0.0  Sniffles2.INS.26FS11      7   677    (3) + ALR/Alpha      Satellite/centr        1    676    (2)  509  
   33   14.9  3.3  0.0  Sniffles2.INS.26FS25      2    62    (3) + (GT)n          Simple_repeat          1     63    (0)  510  
   48    5.1  0.0  0.0  Sniffles2.INS.26S25       1    62    (1) + (AGG)n         Simple_repeat          1     62    (0)  511  
  810   15.7  0.0  0.4  Sniffles2.INS.26S30       1   171    (0) + ALR/Alpha      Satellite/centr        1    170    (0)  512  
   17   20.6  4.0  0.0  Sniffles2.INS.26S4        1    55    (1) + (ATCTCT)n      Simple_repeat          1     57    (0)  513  
   30   11.5  0.0  0.0  Sniffles2.INS.26SBD      11   104    (0) + (ATTCC)n       Simple_repeat          1     94    (0)  514  
 1291   13.0  0.9  0.0  Sniffles2.INS.270S11      7  1011    (1) + ALR/Alpha      Satellite/centr        1   1014    (2)  515  
 1389   12.5  0.2  0.0  Sniffles2.INS.271S11      1   679    (1) + ALR/Alpha      Satellite/centr        1    680    (2)  516  
 1383   12.2  0.2  0.0  Sniffles2.INS.272S11      1   679    (1) + ALR/Alpha      Satellite/centr        1    680    (2)  517  
   80    7.9  5.1  3.1  Sniffles2.INS.272S24      2   157    (0) + (GGAGGT)n      Simple_repeat          1    159    (0)  518  
 1243   13.6  1.4  0.3  Sniffles2.INS.274S11      1  1008    (0) + ALR/Alpha      Satellite/centr        1   1018    (6)  519  
   22   16.1  0.0  0.0  Sniffles2.INS.275S0      23    64    (2) + (TGG)n         Simple_repeat          1     42    (0)  520  
 1273   14.0  0.7  0.1  Sniffles2.INS.275S11      1  1016    (0) + ALR/Alpha      Satellite/centr        1   1021    (0)  521  
 1264   13.6  0.8  0.1  Sniffles2.INS.276S31      5  3817  (830) C ALR/Alpha      Satellite/centr     (41)   3838      1  522  
 7193    2.0  0.0  0.0  Sniffles2.INS.276S31   3835  4644    (3) C L1PA2          LINE/L1              (4)   6151   5342  523  
 1097   15.2  0.5  0.0  Sniffles2.INS.276S33      1   679    (1) + ALR/Alpha      Satellite/centr        1    682    (0)  524  
   31   12.5  1.9  0.0  Sniffles2.INS.27BS37      1    52    (5) + (AT)n          Simple_repeat          1     53    (0)  525  
   43   12.2  2.8  0.0  Sniffles2.INS.27CS0       3    74    (0) + (AT)n          Simple_repeat          1     74    (0)  526  
 1230   13.0  0.7  0.1  Sniffles2.INS.27CS11      1   336    (2) + ALR/Alpha      Satellite/centr        1    337    (0)  527  
   46    0.0  0.0  0.0  Sniffles2.INS.27S14       9    50    (0) + (TTTC)n        Simple_repeat          1     42    (0)  528  
  941   14.8  1.7  0.0  Sniffles2.INS.27S2F       1   338    (0) + ALR/Alpha      Satellite/centr        1    343    (0)  529  
 1129   13.7  1.6  0.2  Sniffles2.INS.27S30       9   336    (0) + ALR/Alpha      Satellite/centr        1    332    (0)  530  
   32   17.6  0.0  0.0  Sniffles2.INS.27S65       3    66    (9) + (TGGAG)n       Simple_repeat          1     64    (0)  531  
 1026   12.3  0.7  0.4  Sniffles2.INS.27S8        7  1323    (1) + BSR/Beta       Satellite              1   1319    (0)  532  
 1273   12.6  0.6  0.0  Sniffles2.INS.280S11      9   337    (2) + ALR/Alpha      Satellite/centr        1    330    (0)  533  
  830   12.1  0.4  0.0  Sniffles2.INS.283S33      2   164    (6) + ALR/Alpha      Satellite/centr        1    163    (0)  534  
   38   18.4  4.8  3.9  Sniffles2.INS.283SBF      2   127    (8) + (AATATAT)n     Simple_repeat          1    127    (0)  535  
  978    9.3  0.0  0.8  Sniffles2.INS.286S0       1   129    (1) + AluSg4         SINE/Alu              26    153  (157)  536  
 1248   15.6  0.4  0.2  Sniffles2.INS.286S11      9   340    (1) + ALR/Alpha      Satellite/centr        1    332    (2)  537  
 1067   15.1  0.7  0.1  Sniffles2.INS.286S33      1   679    (1) + ALR/Alpha      Satellite/centr        1    682    (0)  538  
  894   12.9  0.0  0.0  Sniffles2.INS.287S33      6   167    (0) + ALR/Alpha      Satellite/centr        1    162    (0)  539  
  964   13.8  1.8  0.0  Sniffles2.INS.288S33      1   167    (0) + ALR/Alpha      Satellite/centr        1    170    (1)  540  
   12   21.4  4.4  2.2  Sniffles2.INS.28CS0       5    49    (2) + (ACTT)n        Simple_repeat          1     46    (0)  541  
 1035   12.4  0.4  0.0  Sniffles2.INS.28DS11      3   336    (2) + ALR/Alpha      Satellite/centr        1    335    (0)  542  
  894   12.9  0.0  0.0  Sniffles2.INS.28DS33      6   167    (0) + ALR/Alpha      Satellite/centr        1    162    (0)  543  
  348    8.3  4.2  0.0  Sniffles2.INS.28S25       7    54   (47) + MLT1D          LTR/ERVL-MaLR          1     50  (455)  544  
  239    9.5  4.4  6.8  Sniffles2.INS.28S25      56   100    (1) + MLT1D          LTR/ERVL-MaLR          1     44  (461)  544  
  226   20.0  0.0  0.0  Sniffles2.INS.28S2B      15    54   (61) + Alu            SINE/Alu             228    267   (34)  545 *
  246   24.6  1.8  0.0  Sniffles2.INS.28S2B      33   112    (3) + AluJb          SINE/Alu             197    280   (22)  546  
 1222   11.9  1.4  0.0  Sniffles2.INS.28S30       1   328    (9) + ALR/Alpha      Satellite/centr        1    332    (0)  547  
  880   14.4  0.0  0.0  Sniffles2.INS.28SB0       5   168    (0) + ALR/Alpha      Satellite/centr        1    164    (0)  548  
  231   22.8  2.3  7.1  Sniffles2.INS.28SBD       3   134    (1) + HSATII         Satellite             27    152   (18)  549  
 1163   15.8  1.0  0.0  Sniffles2.INS.290S11      9   337    (1) + ALR/Alpha      Satellite/centr        1    332    (2)  550  
 1229   14.3  0.7  0.0  Sniffles2.INS.295S11      1   336    (3) + ALR/Alpha      Satellite/centr        1    338    (2)  551  
   50    0.0  3.9  0.0  Sniffles2.INS.295S37      1    52    (1) + (CTTT)n        Simple_repeat          1     54    (0)  552  
 1097   15.1  0.5  0.0  Sniffles2.INS.296S33      1   679    (1) + ALR/Alpha      Satellite/centr        1    682    (0)  553  
 1264   10.2  1.6  0.4  Sniffles2.INS.298S11      1   337    (0) + ALR/Alpha      Satellite/centr        1    341    (2)  554  
 1114    9.9  0.6  0.0  Sniffles2.INS.299S11      6   338    (0) + ALR/Alpha      Satellite/centr        1    334    (0)  555  
   54    0.0  0.0  0.0  Sniffles2.INS.299S18      1    49    (1) + (GAAA)n        Simple_repeat          1     49    (0)  556  
 1164   13.0  0.5  0.6  Sniffles2.INS.299S33      1   680    (2) + ALR/Alpha      Satellite/centr        1    678    (0)  557  
 1229   15.5  0.7  0.0  Sniffles2.INS.29AS11      9   338    (1) + ALR/Alpha      Satellite/centr        1    332    (2)  558  
 1262   13.7  0.4  0.2  Sniffles2.INS.29BS11      1   675    (4) + ALR/Alpha      Satellite/centr        1    676    (4)  559  
 1098   14.7  0.8  3.7  Sniffles2.INS.29CS33      1   847    (1) + ALR/Alpha      Satellite/centr        1    822    (0)  560  
 1229   15.1  0.7  0.0  Sniffles2.INS.29DS11      9   338    (1) + ALR/Alpha      Satellite/centr        1    332    (2)  561  
 1270   13.0  0.4  0.0  Sniffles2.INS.29ES11      1   337    (3) + ALR/Alpha      Satellite/centr        1    338    (0)  562  
 1240   13.4  0.8  0.1  Sniffles2.INS.29FS11      7   678    (3) + ALR/Alpha      Satellite/centr        1    676    (4)  563  
 2885    1.0  0.0  0.0  Sniffles2.INS.29S14       9   315    (0) + AluY           SINE/Alu               1    307    (4)  564  
  936   14.2  3.1  3.4  Sniffles2.INS.29S15       1   312    (2) + HSATII         Satellite              1    310    (0)  565  
  359    8.3  4.2  0.0  Sniffles2.INS.29S25       9    56  (284) + MLT1D          LTR/ERVL-MaLR          1     50  (455)  566  
  319    6.3  3.8 10.0  Sniffles2.INS.29S25      58   110  (230) + MLT1D          LTR/ERVL-MaLR          1     50  (455)  566  
  318    8.3  4.1  2.0  Sniffles2.INS.29S25     160   208  (132) + MLT1D          LTR/ERVL-MaLR          1     50  (455)  567  
  383    4.2  4.2  0.0  Sniffles2.INS.29S25     210   257   (83) + MLT1D          LTR/ERVL-MaLR          1     50  (455)  567  
  304    8.4  3.9  8.0  Sniffles2.INS.29S25     259   310   (30) + MLT1D          LTR/ERVL-MaLR          1     50  (455)  567  
 1040   12.7  1.7  0.0  Sniffles2.INS.29S2F       1   338    (0) + ALR/Alpha      Satellite/centr        1    343    (0)  568  
 1119   15.2  0.5  3.0  Sniffles2.INS.29S30       4   511    (0) + ALR/Alpha      Satellite/centr        1    495    (0)  569  
   38    7.1  1.6  1.6  Sniffles2.INS.29SBD       1    61    (0) + (CCATT)n       Simple_repeat          1     61    (0)  570  
  977   14.9  0.7  0.9  Sniffles2.INS.2A0S11      6   344    (0) + ALR/Alpha      Satellite/centr        1    338    (0)  571  
 1349   10.8  0.2  0.2  Sniffles2.INS.2A1S11      3   682    (0) + ALR/Alpha      Satellite/centr        1    679    (0)  572  
  472   14.4  0.0  0.0  Sniffles2.INS.2A3S0       1    88  (157) C AluSx          SINE/Alu           (230)     72      2  573  
  929   13.1  0.0  0.7  Sniffles2.INS.2A3S0      89   234   (11) C L1MB1          LINE/L1            (297)   5892   5748  574  
 1229   15.5  0.7  0.0  Sniffles2.INS.2A3S11      9   338    (1) + ALR/Alpha      Satellite/centr        1    332    (2)  575  
   44    8.4  3.7  3.7  Sniffles2.INS.2A4S37      2    82    (0) + (AT)n          Simple_repeat          1     81    (0)  576  
  999   15.4  0.4  0.0  Sniffles2.INS.2A9S11      7   333    (6) + ALR/Alpha      Satellite/centr        1    328    (0)  577  
  817   10.8  0.0  0.0  Sniffles2.INS.2AASC0      2   121    (3) C LTR12B         LTR/ERV1             (0)    667    548  578  
 1229   15.1  0.7  0.0  Sniffles2.INS.2AFS11      9   338    (1) + ALR/Alpha      Satellite/centr        1    332    (2)  579  
  752   11.2  2.6  0.0  Sniffles2.INS.2AS15       1   116    (2) + HSATII         Satellite              3    121   (49)  580  
   54   23.1  7.7  2.4  Sniffles2.INS.2AS17       1   235    (4) + (TA)n          Simple_repeat          1    247    (0)  581  
  733   18.8  0.0  0.0  Sniffles2.INS.2AS30       1   171    (0) + ALR/Alpha      Satellite/centr        1    171    (0)  582  
 1113   15.5  0.8  0.0  Sniffles2.INS.2ASB0       6   510    (0) + ALR/Alpha      Satellite/centr        1    508    (0)  583  
   18   13.2  0.0  0.0  Sniffles2.INS.2ASBD      17    49    (1) + (ATTCC)n       Simple_repeat          1     33    (0)  584  
 2455    5.5  2.7  6.6  Sniffles2.INS.2B9SC0      1  2613    (1) C LTR12B         LTR/ERV1             (0)    667    335  585  
 1115   13.1  0.3  0.5  Sniffles2.INS.2BES33      1   681    (0) + ALR/Alpha      Satellite/centr        1    679    (0)  586  
 2053    6.8  5.4  1.4  Sniffles2.INS.2BFS22      2  3785    (0) + (AGCCAGCCA)n   Simple_repeat          1   3935    (0)  587  
  569   15.9  1.8  2.8  Sniffles2.INS.2BS25       2   111   (48) + MER68          LTR/ERVL             385    493   (70)  588  
  898   15.8  1.6  0.0  Sniffles2.INS.2BS2F       1   338    (0) + ALR/Alpha      Satellite/centr        1    343    (1)  589  
  614   20.6  0.0  0.0  Sniffles2.INS.2BS30       5   171    (0) + ALR/Alpha      Satellite/centr        1    167    (0)  590  
  258   18.1  1.0 10.0  Sniffles2.INS.2BS5D       1    98    (7) C HSATII         Satellite           (34)    136     47  591  
  405   13.3  0.0  0.0  Sniffles2.INS.2BS8        1    60    (6) + BSR/Beta       Satellite             31     90   (46)  592  
  364   16.6  9.0  1.4  Sniffles2.INS.2BSBD       2   135   (34) + HSATII         Satellite             21    164    (6)  593  
 1214   13.3  1.6  0.0  Sniffles2.INS.2C0S11      7   671    (3) + ALR/Alpha      Satellite/centr        1    675    (2)  594  
   18   17.2  0.0  4.7  Sniffles2.INS.2C1S18      4    48    (5) + (TATG)n        Simple_repeat          1     43    (0)  595  
   42    5.9  0.0  0.0  Sniffles2.INS.2C3S0       1    53    (0) + (G)n           Simple_repeat          1     53    (0)  596  
   33   14.2  0.0  9.2  Sniffles2.INS.2C4S37      9    91   (11) + (AT)n          Simple_repeat          1     76    (0)  597  
  282   12.8  0.0  2.2  Sniffles2.INS.2C6S25     13    59   (16) C AluSg          SINE/Alu           (146)    164    119  598  
  814    9.6  6.4  0.0  Sniffles2.INS.2C6SC0      1   125    (0) C LTR12B         LTR/ERV1            (88)    579    447  599  
 1157   11.0  0.3  0.0  Sniffles2.INS.2C8S11      1   339    (0) + ALR/Alpha      Satellite/centr        1    339    (0)  600  
 1177   14.8  0.7  0.0  Sniffles2.INS.2CBS33      1  1190    (0) + ALR/Alpha      Satellite/centr        1   1198    (0)  601  
 2479    6.8  3.7  0.0  Sniffles2.INS.2CES18     92   417    (9) C LTR7           LTR/ERV1             (2)    448    111  602  
  237    6.7  0.0  0.0  Sniffles2.INS.2CES18    397   426    (0) C LTR7           LTR/ERV1           (268)    182    153  602 *
   44   11.2  0.0  0.0  Sniffles2.INS.2CES5       3    79    (1) + (CTGATGGGGA)n  Simple_repeat          1     77    (0)  603  
  174    5.9  2.8  1.2  Sniffles2.INS.2CESF       1   252    (0) + (TGGCTGGCT)n   Simple_repeat          1    256    (0)  604  
 1015   16.1  0.0  0.3  Sniffles2.INS.2CS30       1   338    (3) + ALR/Alpha      Satellite/centr        1    337    (0)  605  
   17    0.0  0.0  0.0  Sniffles2.INS.2D9S11     66    84  (378) + (A)n           Simple_repeat          1     19    (0)  606  
  340   11.4  4.2  0.0  Sniffles2.INS.2DAS18      2    63   (12) + L1MA5          LINE/L1             6075   6148  (149)  607  
   50   19.7  1.7  7.3  Sniffles2.INS.2DFS5       6   178    (0) + G-rich         Low_complexity         1    164    (0)  608  
  294   15.7  3.9  0.0  Sniffles2.INS.2DS2B       1    51    (5) + FRAM           SINE/Alu             105    157   (19)  609  
  973   18.2  0.2  0.3  Sniffles2.INS.2DS2F       1   340    (1) + ALR/Alpha      Satellite/centr        1    339    (0)  610  
  914   14.2  0.0  0.8  Sniffles2.INS.2DS30       1   170    (1) + ALR/Alpha      Satellite/centr        1    168    (0)  611  
 1125   15.4  0.3  0.1  Sniffles2.INS.2DSB0       1   511    (0) + ALR/Alpha      Satellite/centr        1    512    (0)  612  
   33   13.5  0.0  0.0  Sniffles2.INS.2DSBD       1    57 (2476) + (TTCCA)n       Simple_repeat          1     57    (0)  613  
  497   18.3  5.0  8.4  Sniffles2.INS.2DSBD      59  2455   (78) + HSATII         Satellite              1   2315    (4)  614  
   22   27.4  1.3  1.3  Sniffles2.INS.2DSBD    2458  2533    (0) + (ATTCC)n       Simple_repeat          1     76    (0)  615  
   48    8.7  1.3  1.3  Sniffles2.INS.2E1S11      1    77    (0) + (GGAA)n        Simple_repeat          1     77    (0)  616  
  770   13.0  0.8  0.8  Sniffles2.INS.2E2S0       1   120    (4) + AluSx          SINE/Alu              31    151  (151)  617  
  426    8.2  0.0  0.0  Sniffles2.INS.2E2SF     541   601    (1) + Alu            SINE/Alu               1     61  (240)  618  
 1152   14.3  0.8  0.5  Sniffles2.INS.2E3S33      1  1019    (2) + ALR/Alpha      Satellite/centr        1   1022    (0)  619  
   56    3.2  1.5  1.5  Sniffles2.INS.2E5S11      1    67    (2) + (TCCT)n        Simple_repeat          1     67    (0)  620  
   35   21.2  0.0  0.0  Sniffles2.INS.2E7S24      6    76    (2) + (GT)n          Simple_repeat          1     71    (0)  621  
   22   24.8  3.0  0.0  Sniffles2.INS.2E8S11      3    69   (11) + (TATG)n        Simple_repeat          1     69    (0)  622  
  253   19.7  0.6  0.0  Sniffles2.INS.2ECS24      1   485    (1) + (TGG)n         Simple_repeat          1    488    (0)  623  
  704    6.7  1.1  0.5  Sniffles2.INS.2EDS18      1   292    (0) C MSR1           Satellite           (25)    293      1  624  
   22   24.8  0.0  0.0  Sniffles2.INS.2EES11      6    51    (6) + A-rich         Low_complexity         1     46    (0)  625  
   41    9.4  1.5  0.0  Sniffles2.INS.2EFS24      1    68    (3) + (AGGGTC)n      Simple_repeat          1     69    (0)  626  
   16   17.5  4.3  2.1  Sniffles2.INS.2ES16       6    52    (2) + (AATGA)n       Simple_repeat          1     48    (0)  627  
   58    7.5  0.0  0.0  Sniffles2.INS.2ES25       1    72    (0) + (TA)n          Simple_repeat          1     72    (0)  628  
 1012   16.3  0.0  1.0  Sniffles2.INS.2ES2F       1   344    (1) + ALR/Alpha      Satellite/centr        1    340    (0)  629  
  658   20.2  0.0  0.0  Sniffles2.INS.2ES30       3   170    (1) + ALR/Alpha      Satellite/centr        1    168    (0)  630  
 1055   12.5  2.7  0.9  Sniffles2.INS.2ES8        1  2551    (1) + BSR/Beta       Satellite              1   2597    (0)  631  
  869   13.6  0.0  0.0  Sniffles2.INS.2ESB0       5   168    (0) + ALR/Alpha      Satellite/centr        1    164    (0)  632  
   27   11.8  3.5  1.7  Sniffles2.INS.2ESBD       2    58    (1) + (TTCCA)n       Simple_repeat          1     58    (0)  633  
  747    0.3  3.0  0.0  Sniffles2.INS.2F7S18      8   176    (0) C MSR1           Satellite            (0)    174      1  634  
  742   26.6  3.5  2.2  Sniffles2.INS.2F7S5      27   253  (159) + L1MC           LINE/L1             2836   3065 (3081)  635  
  359    6.1 11.7  0.0  Sniffles2.INS.2F9S18      1    98    (0) C MSR1           Satellite           (12)    109      1  636  
   46    2.0  2.0  0.0  Sniffles2.INS.2FAS11      1    50    (0) + (TTTC)n        Simple_repeat          1     51    (0)  637  
  393    7.7  0.0  0.0  Sniffles2.INS.2FES11      1    52    (1) C L1P2           LINE/L1           (4586)   1598   1547  638  
  189    4.8  2.1  3.3  Sniffles2.INS.2FS25      33   311   (18) + (ATATATAC)n    Simple_repeat          1    276    (0)  639  
   14   25.6  0.0  0.0  Sniffles2.INS.2FS2B       8    49    (6) + (TGGAG)n       Simple_repeat          1     42    (0)  640  
 1321   14.2  1.9  1.9  Sniffles2.INS.2FS58      10  3901   (15) + (TGGAA)n       Simple_repeat          1   3896    (0)  641  
  978   13.7  0.3  0.6  Sniffles2.INS.2FS8        1   477    (4) C BSR/Beta       Satellite            (0)    475      1  642  
  781   17.1  0.0  0.0  Sniffles2.INS.2FSB0       2   169    (3) + ALR/Alpha      Satellite/centr        1    168    (0)  643  
  703   15.6  0.2  0.2  Sniffles2.INS.2S14        1   479    (1) C CER            Satellite           (15)    479      1  644  
  475    4.3  0.0  1.4  Sniffles2.INS.2S28        2    72    (0) C SVA_D          Retroposon/SVA     (527)    859    790  645  
   44    5.9  0.0  0.0  Sniffles2.INS.2S2D        1    54    (1) + (AATGG)n       Simple_repeat          1     54    (0)  646  
   61    0.0  0.0  0.0  Sniffles2.INS.2S33        1    54    (0) + (GAA)n         Simple_repeat          1     54    (0)  647  
 1143   14.3  3.2  3.0  Sniffles2.INS.2S36        2  1152    (0) C ALR/Alpha      Satellite/centr     (19)   1152      1  648  
  939   12.9  0.4  0.0  Sniffles2.INS.2S5D        1   169    (1) + ALR/Alpha      Satellite/centr        1    169    (0)  649  
  687   13.4  0.0  0.0  Sniffles2.INS.2S8         3   135    (2) + BSR/Beta       Satellite              1    133    (0)  650  
   39    4.5  2.2  0.0  Sniffles2.INS.2S9         1    46   (14) + (TA)n          Simple_repeat          1     47    (0)  651  
 1125   14.6  0.8  0.0  Sniffles2.INS.302S33      1  1350   (10) + ALR/Alpha      Satellite/centr        1   1360    (0)  652  
   58   16.4  0.9  0.9  Sniffles2.INS.303S37      1   109    (0) + (TTC)n         Simple_repeat          1    109    (0)  653  
  343   19.7  0.0  0.0  Sniffles2.INS.304S24     10    70    (4) C LTR8B          LTR/ERV1           (670)    150     90  654  
  379   21.1  0.0  0.0  Sniffles2.INS.305S24     18    88  (205) C LTR8B          LTR/ERV1           (670)    150     80  655  
  364   17.4  2.9  0.0  Sniffles2.INS.305S24     92   160  (133) C LTR8B          LTR/ERV1           (670)    150     80  655  
  329   21.4  1.4  0.0  Sniffles2.INS.305S24    164   233   (60) C LTR8B          LTR/ERV1           (670)    150     80  655  
  305   21.1  0.0  0.0  Sniffles2.INS.305S24    237   293    (0) C LTR8B          LTR/ERV1           (670)    150     94  655  
  401   16.7  0.0  0.3  Sniffles2.INS.308S24     10    84  (137) C LTR8B          LTR/ERV1           (567)    160     90  656  
  342   25.4  0.0  0.0  Sniffles2.INS.308S24     77   147   (74) C LTR8B          LTR/ERV1           (670)    150     80  656 *
  329   25.4  0.0  0.0  Sniffles2.INS.308S24    151   221    (0) C LTR8B          LTR/ERV1           (670)    150     80  656  
  400    3.4  0.0  0.0  Sniffles2.INS.30ASC0      1    50    (0) + L1P1           LINE/L1              575    658 (5513)  657  
   33    0.0  3.8  7.8  Sniffles2.INS.30CS11      1    53    (6) + (TA)n          Simple_repeat          1     51    (0)  658  
  492    4.0  3.9  2.5  Sniffles2.INS.30FS18      1    78    (4) C MSTA           LTR/ERVL-MaLR      (322)    106     28  659  
   36   23.4  0.0  0.0  Sniffles2.INS.30FS37      1    75    (5) + (TA)n          Simple_repeat          1     75    (0)  660  
 1197   12.4  0.7  0.0  Sniffles2.INS.30S2F       1   331    (2) + ALR/Alpha      Satellite/centr        1    333    (0)  661  
 1012   13.8  2.0  0.4  Sniffles2.INS.30S30       1   336    (0) + ALR/Alpha      Satellite/centr        1    341    (0)  662  
  752   16.9  0.4  0.0  Sniffles2.INS.30SB0       1   163    (7) + ALR/Alpha      Satellite/centr        1    163    (0)  663  
   58    1.8  0.0  0.0  Sniffles2.INS.310S0       1    57    (0) + (AAAG)n        Simple_repeat          1     57    (0)  664  
  419    6.3  1.6  0.0  Sniffles2.INS.311S18     19    81    (3) C MSTA           LTR/ERVL-MaLR      (317)    111     48  665  
 2137   12.9  5.0  2.0  Sniffles2.INS.312SC0      6   345    (0) C THE1B          LTR/ERVL-MaLR        (6)    358      9  666  
   35    4.0  0.0  5.5  Sniffles2.INS.313S11      1    58    (1) + (TATTATA)n     Simple_repeat          1     55    (0)  667  
   22   25.1  0.0  1.9  Sniffles2.INS.31ASF       1    55    (0) + (AT)n          Simple_repeat          1     54    (0)  668  
 2010   13.0  1.3  0.6  Sniffles2.INS.31S25      14   322   (36) + AluSx          SINE/Alu               2    312    (0)  669  
   28    6.8  2.1  2.1  Sniffles2.INS.31S4        1    48    (3) + (TTTAA)n       Simple_repeat          1     48    (0)  670  
 1075   10.6  0.0  0.0  Sniffles2.INS.31S6F       1   171    (0) C ALR/Alpha      Satellite/centr     (72)    171      1  671  
   32   17.2  0.0  1.5  Sniffles2.INS.31SBD       4    70    (6) + (TCCAT)n       Simple_repeat          1     66    (0)  672  
   30   10.3  0.0  3.7  Sniffles2.INS.321S37      1    56    (0) + (ATATATA)n     Simple_repeat          1     54    (0)  673  
 2879    1.0  0.3  0.0  Sniffles2.INS.322S33     16   325   (52) + AluYa5         SINE/Alu               1    311    (0)  674  
   48    0.0  0.0  0.0  Sniffles2.INS.322S33    326   377    (0) + (A)n           Simple_repeat          1     52    (0)  675  
   24   21.2  3.3  5.7  Sniffles2.INS.323S0       1    90    (3) + (CCCT)n        Simple_repeat          1     88    (0)  676  
   44    5.3  0.0 12.4  Sniffles2.INS.323S18      1   100    (0) + (AATT)n        Simple_repeat          1     89    (0)  677  
   20    7.7  4.4  4.4  Sniffles2.INS.324S18      8    52    (0) + (AATTA)n       Simple_repeat          1     45    (0)  678  
 1088   14.6  0.7  0.0  Sniffles2.INS.324S33      1   679    (0) + ALR/Alpha      Satellite/centr        1    683    (0)  679  
 1055    5.5  0.0  0.0  Sniffles2.INS.327S11      1   127    (0) C L1P1           LINE/L1           (5254)    901    775  680  
   22   19.3  2.0  2.0  Sniffles2.INS.327S37      1    50    (0) + (AT)n          Simple_repeat          1     50    (0)  681  
   40    5.1  1.5  4.6  Sniffles2.INS.32AS13      5    71    (4) + (ATATAC)n      Simple_repeat          1     65    (0)  682  
  474    8.3  0.0  3.1  Sniffles2.INS.32BS13      1   100    (0) + SVA_F          Retroposon/SVA       664    760  (615)  683  
   85    8.2  7.2  0.0  Sniffles2.INS.32BS37      4   184    (6) + (TA)n          Simple_repeat          1    194    (0)  684  
   40   11.3  5.4  4.3  Sniffles2.INS.32CSF       1    93    (3) + (AC)n          Simple_repeat          1     94    (0)  685  
  243   23.7  5.3  0.0  Sniffles2.INS.32DS0      20    95    (3) + L1MEc          LINE/L1              675    754 (5646)  686  
 1314   13.1  1.1  0.1  Sniffles2.INS.32ES38      1  3202    (1) + ALR/Alpha      Satellite/centr        1   3231    (0)  687  
 1314   12.4  0.9  0.1  Sniffles2.INS.32FS38      8  3203    (1) + ALR/Alpha      Satellite/centr        1   3221    (0)  688  
  784   15.0  0.0  0.0  Sniffles2.INS.32S25       1   167    (2) + ALR/Alpha      Satellite/centr        1    167    (0)  689  
  968   13.8  3.2  0.0  Sniffles2.INS.32S2F       1   166    (1) + ALR/Alpha      Satellite/centr        1    171    (0)  690  
  290   13.8 10.3  2.2  Sniffles2.INS.32S58       2   127    (2) C HSATII         Satellite           (33)    137      2  691  
 1196   12.8  0.1  0.0  Sniffles2.INS.32S6F       1   337    (4) C ALR/Alpha      Satellite/centr     (21)    337      1  692  
  897   12.1  0.4  0.0  Sniffles2.INS.32SB0       6   169    (0) + ALR/Alpha      Satellite/centr        1    164    (0)  693  
   74   18.3  5.1  4.2  Sniffles2.INS.330S13      3   239    (2) + (ATATATAA)n    Simple_repeat          1    239    (0)  694  
 1075   13.9  0.3  0.0  Sniffles2.INS.331S23      1   337    (4) C ALR/Alpha      Satellite/centr     (45)    338      1  695  
  640    3.5  2.2  2.2  Sniffles2.INS.337S0      19   107    (2) + L1M1           LINE/L1             5579   5667  (638)  696  
 1164   13.3  0.3  0.3  Sniffles2.INS.337S33      1   679    (2) + ALR/Alpha      Satellite/centr        1    678    (0)  697  
   31   12.1  3.7  0.0  Sniffles2.INS.339SF       1    54    (5) + (TC)n          Simple_repeat          1     56    (0)  698  
  756   14.1  0.0  0.0  Sniffles2.INS.33S25      12   168    (0) + ALR/Alpha      Satellite/centr        1    157    (0)  699  
  300   23.2  0.0  0.0  Sniffles2.INS.33S2B       8    63   (19) + AluYi6         SINE/Alu             224    279   (32)  700  
 1052   14.7  1.2  1.1  Sniffles2.INS.33S6F       6   681    (1) C ALR/Alpha      Satellite/centr      (0)    676      1  701  
  445   12.7  0.0  0.0  Sniffles2.INS.33S8        1    63    (5) + BSR/Beta       Satellite             57    119   (17)  702  
   42    6.0  0.0  0.0  Sniffles2.INS.33SBD       1    52   (13) + (TTCCA)n       Simple_repeat          1     52    (0)  703  
 1117   15.1  0.9  0.0  Sniffles2.INS.345S33      1   675    (1) + ALR/Alpha      Satellite/centr        1    681    (0)  704  
   42   11.2  0.0 10.2  Sniffles2.INS.345S35      3    99    (3) + (TA)n          Simple_repeat          1     88    (0)  705  
   30    9.8 10.8  0.0  Sniffles2.INS.348S0       1    65   (10) + (TA)n          Simple_repeat          1     72    (0)  706  
   42    8.1 10.1  2.8  Sniffles2.INS.348S11      1    99    (4) + (TA)n          Simple_repeat          1    106    (0)  707  
   35   30.5  1.6  0.0  Sniffles2.INS.34CSC0      9   132  (635) + (GAATG)n       Satellite              1    126    (0)  708  
  430   18.0  5.0 11.3  Sniffles2.INS.34CSC0    136   758    (9) C HSATII         Satellite           (11)    583      1  709  
   25   20.3  0.0  0.0  Sniffles2.INS.34ES11      7    54    (0) + (AT)n          Simple_repeat          1     48    (0)  710  
   17    0.0  0.0  0.0  Sniffles2.INS.34FSF       1    19   (38) + (TG)n          Simple_repeat          1     19    (0)  711  
  750   15.9  1.2  0.0  Sniffles2.INS.34S25       1   168    (1) + ALR/Alpha      Satellite/centr        1    169    (0)  712  
 1315    9.2 18.8  0.0  Sniffles2.INS.34S2B       1   229   (24) + AluY           SINE/Alu              30    301    (0)  713  
  779   17.7  0.0  0.0  Sniffles2.INS.34S2F       3   170    (0) + ALR/Alpha      Satellite/centr        1    168    (0)  714  
  480   16.9  5.0 10.5  Sniffles2.INS.34S58       2   921    (8) C HSATII         Satellite           (12)    868      1  715  
 1041   15.1  1.1  1.1  Sniffles2.INS.34S6F       6  1363    (1) C ALR/Alpha      Satellite/centr      (0)   1358      1  716  
  683   19.4  0.0  0.0  Sniffles2.INS.34SB0       1   170    (1) + ALR/Alpha      Satellite/centr        1    170    (0)  717  
  430   18.4  4.2 11.7  Sniffles2.INS.350SC0      5   623   (11) C HSATII         Satellite            (7)    572      1  718  
  481   18.9  5.0 10.6  Sniffles2.INS.353SC0     13  1441    (0) C HSATII         Satellite            (4)   1349      1  719  
   68    3.2  0.0  8.5  Sniffles2.INS.356S0       1   115    (7) + (TATATACATG)n  Simple_repeat          1    106    (0)  720  
   22   14.2  6.4  0.0  Sniffles2.INS.357S0       4    50    (0) + (TA)n          Simple_repeat          1     50    (0)  721  
  338   17.2  2.7 13.7  Sniffles2.INS.35BSC0     20   199  (331) C HSATII         Satellite            (7)    163      2  722  
   45   24.6  0.0  0.0  Sniffles2.INS.35BSC0    210   319  (211) + (GAATG)n       Satellite              1    110    (0)  723  
  322   16.8  8.4 13.4  Sniffles2.INS.35BSC0    328   526    (4) C HSATII         Satellite            (5)    189      1  724  
   36   11.7  1.5  0.0  Sniffles2.INS.35CS37      1    66    (2) + (TA)n          Simple_repeat          1     67    (0)  725  
  621    7.6  1.3  0.0  Sniffles2.INS.35DSF       1    79    (1) + AluSx3         SINE/Alu              73    152  (159)  726  
 2813    2.0  0.0  0.0  Sniffles2.INS.35S24      15   317 (2385) + AluYa5         SINE/Alu               1    303    (8)  727  
 1215   14.1  0.3  0.0  Sniffles2.INS.35S24     318  2702    (0) + ALR/Alpha      Satellite/centr        1   2393    (0)  728  
  450    0.0  0.0  0.0  Sniffles2.INS.35S2B       1    48   (24) + AluYk11        SINE/Alu             254    301   (10)  729  
  968   13.8  3.2  0.0  Sniffles2.INS.35S2F       1   166    (1) + ALR/Alpha      Satellite/centr        1    171    (0)  730  
  708   19.5  0.0  0.0  Sniffles2.INS.35S30       1   171    (0) + ALR/Alpha      Satellite/centr        1    171    (0)  731  
 1263   11.2  0.5  0.2  Sniffles2.INS.35S6        7   510    (1) C ALR/Alpha      Satellite/centr      (0)    505      1  732  
   43   24.3  0.0  0.0  Sniffles2.INS.35SBD       1   106    (4) + (TCCAT)n       Simple_repeat          1    106    (0)  733  
 2919    1.0  0.0  0.0  Sniffles2.INS.360S33     15   325   (49) + AluYa5         SINE/Alu               1    311    (0)  734  
   45    0.0  0.0  0.0  Sniffles2.INS.360S33    326   374    (0) + (A)n           Simple_repeat          1     49    (0)  735  
   26    4.9  2.2  4.4  Sniffles2.INS.361S0       7    54    (0) + (TTTG)n        Simple_repeat          1     46    (0)  736  
 2919    1.0  0.0  0.0  Sniffles2.INS.361S33     16   326  (731) + AluYa5         SINE/Alu               1    311    (0)  737  
   49    0.0  0.0  0.0  Sniffles2.INS.361S33    327   379  (678) + (A)n           Simple_repeat          1     53    (0)  738  
 1131   13.9  1.1  0.0  Sniffles2.INS.361S33    380  1056    (1) + ALR/Alpha      Satellite/centr        1    684    (0)  739  
   50    2.0  0.0  0.0  Sniffles2.INS.363SC0      1    50    (0) + (AATGG)n       Simple_repeat          1     50    (0)  740  
   22   22.5  3.0  3.0  Sniffles2.INS.364S0       1    66    (0) + (AT)n          Simple_repeat          1     66    (0)  741  
   38    0.0  0.0  0.0  Sniffles2.INS.365S0       1    35   (16) + (CTTT)n        Simple_repeat          1     35    (0)  742  
  338   17.2  2.7 13.7  Sniffles2.INS.365SC0     20   199  (331) C HSATII         Satellite            (7)    163      2  743  
   45   24.6  0.0  0.0  Sniffles2.INS.365SC0    210   319  (211) + (GAATG)n       Satellite              1    110    (0)  744  
  322   16.8  8.4 13.4  Sniffles2.INS.365SC0    328   526    (4) C HSATII         Satellite            (5)    189      1  745  
  249   12.6  7.0  1.7  Sniffles2.INS.365SF       1   569    (3) + (GTGGTGT)n     Simple_repeat          1    599    (0)  746  
   39   10.8  5.7  0.0  Sniffles2.INS.369S0       2    71    (0) + (AT)n          Simple_repeat          1     74    (0)  747  
  338   17.2  2.7 13.7  Sniffles2.INS.36CSC0     20   199  (331) C HSATII         Satellite            (7)    163      2  748  
   45   24.6  0.0  0.0  Sniffles2.INS.36CSC0    210   319  (211) + (GAATG)n       Satellite              1    110    (0)  749  
  322   16.8  8.4 13.4  Sniffles2.INS.36CSC0    328   526    (4) C HSATII         Satellite            (5)    189      1  750  
   43   13.7  8.2  0.0  Sniffles2.INS.36DS13      1    97    (2) + (AT)n          Simple_repeat          1    105    (0)  751  
   99   17.4  2.5  0.5  Sniffles2.INS.36DS35      1   199    (0) + (CTTC)n        Simple_repeat          1    203    (0)  752  
   27   14.8  1.4  6.0  Sniffles2.INS.36FS11      1    70    (3) + (TGTATA)n      Simple_repeat          1     67    (0)  753  
  464   17.3  3.5 11.2  Sniffles2.INS.36FSC0     10   919   (17) C HSATII         Satellite           (30)    840      1  754  
 1167   12.3  1.3  0.4  Sniffles2.INS.36S2F       3   338    (0) + ALR/Alpha      Satellite/centr        1    338    (0)  755  
  688   14.2  2.0  9.4  Sniffles2.INS.36S8      363   510 (1700) + LSAU           Satellite              2    139  (359)  756  
   18   23.2  0.0  3.9  Sniffles2.INS.36S8      629   682 (1528) + (GGT)n         Simple_repeat          1     52    (0)  757  
 1010   11.7  0.6  0.4  Sniffles2.INS.36S8     1181  2210    (0) C BSR/Beta       Satellite           (47)   1031      1  758  
  489   18.5  6.0 10.0  Sniffles2.INS.370SC0     24  1225  (401) C HSATII         Satellite            (7)   1154      1  759  
  464   20.6  3.6  8.2  Sniffles2.INS.370SC0   1299  1617    (9) C HSATII         Satellite            (7)    304      1  760  
 1328   12.8  0.5  0.1  Sniffles2.INS.372S1       1  1347   (10) + ALR/Alpha      Satellite/centr        1   1352    (1)  761  
 1433   13.2  0.5  0.4  Sniffles2.INS.373S1       1  1359    (0) + ALR/Alpha      Satellite/centr        1   1360    (0)  762  
  477   18.9  3.9 10.7  Sniffles2.INS.373SC0     10  1467    (0) C HSATII         Satellite            (4)   1358      1  763  
 2649    1.1  0.0  0.0  Sniffles2.INS.374S11     12   319    (0) C AluYa5         SINE/Alu             (0)    311      1  764  
   27   17.0  0.0  0.0  Sniffles2.INS.374S13      1    53    (1) + GA-rich        Low_complexity         1     53    (0)  765  
 2861    2.2  0.0  0.0  Sniffles2.INS.375SC0      7   320    (0) C AluYb8         SINE/Alu             (4)    314      1  766  
   29   14.6  0.0  0.0  Sniffles2.INS.376S13      3    55   (11) + (AGAGAC)n      Simple_repeat          1     53    (0)  767  
  338   17.2  2.7 13.7  Sniffles2.INS.376SC0     20   199  (331) C HSATII         Satellite            (7)    163      2  768  
   45   24.6  0.0  0.0  Sniffles2.INS.376SC0    210   319  (211) + (GAATG)n       Satellite              1    110    (0)  769  
  322   16.8  8.4 13.4  Sniffles2.INS.376SC0    328   526    (4) C HSATII         Satellite            (5)    189      1  770  
  295    0.9 11.0  0.0  Sniffles2.INS.377S0       1   436    (0) + (TA)n          Simple_repeat          1    484    (0)  771  
  112   15.1  1.0  0.0  Sniffles2.INS.377S13      1   198    (0) + GA-rich        Low_complexity         1    200    (0)  772  
   29   14.6  0.0  0.0  Sniffles2.INS.378S13      1    53   (11) + (AGAGAC)n      Simple_repeat          1     53    (0)  773  
  293    8.5  4.3  0.0  Sniffles2.INS.379SF      20    66    (0) C AluSz6         SINE/Alu           (181)    131     83  774  
  477   19.1  5.3  9.9  Sniffles2.INS.37ASC0      5  1356   (87) C HSATII         Satellite           (30)   1290      1  775  
   27    9.8  0.0  0.0  Sniffles2.INS.37ASC0   1361  1404   (39) + (AATGG)n       Simple_repeat          1     44    (0)  776  
 1089   14.1  0.8  0.1  Sniffles2.INS.37BS33      1   845    (4) + ALR/Alpha      Satellite/centr        1    850    (0)  777  
   97    8.2  2.1  0.0  Sniffles2.INS.37CSF       5   149    (0) + (CAC)n         Simple_repeat          1    148    (0)  778  
   33   14.6  3.3  0.0  Sniffles2.INS.37DS35      3    63    (0) + (AT)n          Simple_repeat          1     63    (0)  779  
  477   19.0  4.1 10.0  Sniffles2.INS.37FSC0      1  1436    (1) C HSATII         Satellite            (4)   1351      1  780  
 1194   13.1  0.7  0.0  Sniffles2.INS.37S25       9  1864    (5) + ALR/Alpha      Satellite/centr        1   1869    (0)  781  
  319   18.4  0.0  0.0  Sniffles2.INS.37S2B      33    81    (2) + Alu            SINE/Alu             224    272   (29)  782  
 1073   13.7  0.0  0.0  Sniffles2.INS.37S2F       1   336    (7) + ALR/Alpha      Satellite/centr        1    336    (0)  783  
 1126   13.8  0.9  0.0  Sniffles2.INS.37S30       3   679    (1) + ALR/Alpha      Satellite/centr        1    682    (0)  784  
   49    2.1  0.0  0.0  Sniffles2.INS.380SC0      1    49    (1) + (ATGGA)n       Simple_repeat          1     49    (0)  785  
  501    8.3  0.0 12.8  Sniffles2.INS.381S37      1    97    (3) C LTR25          LTR/ERV1           (743)    101     16  786  
  525   17.9  3.2 11.9  Sniffles2.INS.381SC0     12  1193    (2) C HSATII         Satellite           (12)   1079      1  787  
   44    5.5  1.7  1.7  Sniffles2.INS.382S0       1    59    (0) + (AT)n          Simple_repeat          1     59    (0)  788  
   36    9.5  4.4  0.0  Sniffles2.INS.382S37      1    68    (7) + (TA)n          Simple_repeat          1     71    (0)  789  
  484   18.6  2.6 10.6  Sniffles2.INS.382SC0     13  1169    (3) C HSATII         Satellite            (6)   1064      1  790  
  573    2.7  0.0  0.0  Sniffles2.INS.383S13      1    74    (5) + SVA_D          Retroposon/SVA       776    849  (537)  791  
  100   12.1  5.0  0.0  Sniffles2.INS.383S37      2   182    (0) + (AT)n          Simple_repeat          1    190    (0)  792  
 1131   13.8  0.5  0.4  Sniffles2.INS.384S33      1   681    (0) + ALR/Alpha      Satellite/centr        1    681    (0)  793  
 1101   14.9  0.9  0.2  Sniffles2.INS.387S33      3   678    (1) + ALR/Alpha      Satellite/centr        1    680    (0)  794  
   49    0.0  0.0  0.0  Sniffles2.INS.387S35      1    53    (0) + (A)n           Simple_repeat          1     53    (0)  795  
  951   12.9  0.4  0.0  Sniffles2.INS.388S33      1   169    (1) + ALR/Alpha      Satellite/centr        1    169    (0)  796  
  383   18.1  5.4  9.0  Sniffles2.INS.388SC0      5   390  (752) C HSATII         Satellite            (5)    372      1  797  
  444   17.3  5.3  8.3  Sniffles2.INS.388SC0    404  1121   (21) C HSATII         Satellite            (9)    696      1  797  
 1131   13.5  1.0  0.1  Sniffles2.INS.389S33      1   679    (0) + ALR/Alpha      Satellite/centr        1    685    (0)  798  
  398    9.4  0.0  1.6  Sniffles2.INS.38ASF       1    65    (0) C L1PREC2        LINE/L1           (1446)   4700   4637  799  
   37   11.3  2.4  4.9  Sniffles2.INS.38DS35      3    86    (3) + (ATATAAT)n     Simple_repeat          1     82    (0)  800  
  245    3.2  0.0  3.2  Sniffles2.INS.38ES13      1    32  (110) C L1P3           LINE/L1           (6091)    370    340  801 *
  812    8.6  4.3  0.0  Sniffles2.INS.38ES13     27   142    (0) C L1P3           LINE/L1           (5969)    492    372  802  
   62    5.6  0.0  0.0  Sniffles2.INS.38ESC0      1    74    (1) + (AATGG)n       Simple_repeat          1     74    (0)  803  
   18   22.3  0.0  0.0  Sniffles2.INS.38FSF       1    38   (12) + (TA)n          Simple_repeat          1     38    (0)  804  
 1196   14.2  0.8  0.1  Sniffles2.INS.38S30       3  2717    (1) + ALR/Alpha      Satellite/centr        1   2734    (0)  805  
  382   20.9  1.5  8.1  Sniffles2.INS.38SBD       4   180    (5) + HSATII         Satellite              1    165    (5)  806  
   49    0.0  3.6  1.8  Sniffles2.INS.390S0       2    57    (0) + (CTTT)n        Simple_repeat          1     57    (0)  807  
 2861    2.2  0.0  0.0  Sniffles2.INS.390SC0      7   320    (0) C AluYb8         SINE/Alu             (4)    314      1  808  
 2861    2.2  0.0  0.0  Sniffles2.INS.392SC0      7   320    (0) C AluYb8         SINE/Alu             (4)    314      1  809  
   86    3.0  4.8  0.0  Sniffles2.INS.394S35      1   104    (0) + (TA)n          Simple_repeat          1    109    (0)  810  
   21    8.5 10.0  0.0  Sniffles2.INS.395S13      9    58    (3) + (TAGATTA)n     Simple_repeat          1     55    (0)  811  
  423   18.6  5.0  9.2  Sniffles2.INS.395SC0      4  2360    (7) C HSATII         Satellite            (7)   2257      1  812  
   72    6.2 11.0  0.0  Sniffles2.INS.396S13      1   136    (2) + (AT)n          Simple_repeat          1    151    (0)  813  
   51   22.6  0.0  0.0  Sniffles2.INS.397S11      3   110    (1) + (TAC)n         Simple_repeat          1    108    (0)  814  
  474   16.3  7.3  9.0  Sniffles2.INS.397SC0      1   945    (0) C HSATII         Satellite           (56)    928      1  815  
  259   13.6  2.3  0.0  Sniffles2.INS.398S0      15    58    (0) C L1M1           LINE/L1            (439)   5864   5820  816  
   51    0.0  3.5  1.7  Sniffles2.INS.39AS0       1    58    (0) + (TTCT)n        Simple_repeat          1     59    (0)  817  
 2311    2.1  0.0  3.6  Sniffles2.INS.39AS35     14   333    (0) C AluY           SINE/Alu             (0)    301      1  818  
   62    5.6  0.0  0.0  Sniffles2.INS.39ASC0      1    74    (1) + (AATGG)n       Simple_repeat          1     74    (0)  819  
 1106   13.9  0.5  0.1  Sniffles2.INS.39BS33      1   679    (3) + ALR/Alpha      Satellite/centr        1    681    (0)  820  
 2861    2.2  0.0  0.0  Sniffles2.INS.39BSC0      7   320    (0) C AluYb8         SINE/Alu             (4)    314      1  821  
  104    0.0  2.8  0.9  Sniffles2.INS.39CS35      1   106    (0) + (CTCTT)n       Simple_repeat          1    108    (0)  822  
   71    1.5  0.0  0.0  Sniffles2.INS.39ESC0     17    84    (0) + (AATGG)n       Simple_repeat          1     68    (0)  823  
  619   10.3  3.0  3.0  Sniffles2.INS.39S15       1   100    (0) + HSATII         Satellite             19    118   (52)  824  
  347   17.9  0.0  0.0  Sniffles2.INS.39S2B      10    65    (7) + Alu            SINE/Alu              89    144   (22)  825  
 1056   14.0  0.0  0.3  Sniffles2.INS.39S2F       3   333    (9) + ALR/Alpha      Satellite/centr        1    329    (0)  826  
  925   15.8  1.8  0.0  Sniffles2.INS.39S30       1   338    (0) + ALR/Alpha      Satellite/centr        1    344    (0)  827  
  452   24.5  0.0  0.9  Sniffles2.INS.39S8        3   109  (503) C BSR/Beta       Satellite            (3)    133     28  828  
 2557   16.5  0.8  0.6  Sniffles2.INS.39S8      112   605    (7) + LSAU           Satellite              3    497    (1)  829  
  419   15.7 10.7  3.2  Sniffles2.INS.39SBD       7   217   (28) + HSATII         Satellite              1    226    (4)  830  
  338   17.2  2.7 13.7  Sniffles2.INS.3A1SC0     20   199  (331) C HSATII         Satellite            (7)    163      2  831  
   45   24.6  0.0  0.0  Sniffles2.INS.3A1SC0    210   319  (211) + (GAATG)n       Satellite              1    110    (0)  832  
  322   16.8  8.4 13.4  Sniffles2.INS.3A1SC0    328   526    (4) C HSATII         Satellite            (5)    189      1  833  
  377    1.4  2.8  4.2  Sniffles2.INS.3A2S0       4    75    (1) C SVA_F          Retroposon/SVA     (531)    844    774  834  
   30   26.7  1.3  0.0  Sniffles2.INS.3A3S11      1    78    (5) + (TG)n          Simple_repeat          1     79    (0)  835  
  498   18.6  5.1 10.8  Sniffles2.INS.3A3SC0      1  3532    (9) C HSATII         Satellite           (17)   3329      1  836  
   25   14.6  5.7  0.0  Sniffles2.INS.3A6SF       1    53    (2) + (TA)n          Simple_repeat          1     56    (0)  837  
  384    9.8  4.2  1.4  Sniffles2.INS.3A7S13      1    72   (13) + L1P1           LINE/L1             4662   4735 (1411)  838  
   34    4.7  5.3  5.3  Sniffles2.INS.3A8SF       1    75    (2) + (AT)n          Simple_repeat          1     75    (0)  839  
   37    4.9  0.0  0.0  Sniffles2.INS.3A9S38      1    43    (9) + (TCTT)n        Simple_repeat          1     43    (0)  840  
   45    0.0  2.0  2.0  Sniffles2.INS.3AAS35      3    51    (0) + (GAAA)n        Simple_repeat          1     49    (0)  841  
   37   19.1  5.9  0.0  Sniffles2.INS.3ABS31      2   103    (0) + (ACATAT)n      Simple_repeat          1    108    (0)  842  
   21   11.8  0.0  0.0  Sniffles2.INS.3ABSC0      1    37   (18) + (TCCAT)n       Simple_repeat          1     37    (0)  843  
   36    3.8  7.4  0.0  Sniffles2.INS.3ABSF       1    54    (0) + (TA)n          Simple_repeat          1     58    (0)  844  
   87    9.2  0.0  0.0  Sniffles2.INS.3ACS35      1   119    (0) + (A)n           Simple_repeat          1    119    (0)  845  
   51   24.1  3.7  1.8  Sniffles2.INS.3ACS38     31   192    (4) + (CCTCC)n       Simple_repeat          1    165    (0)  846  
   44    2.2  0.0  2.1  Sniffles2.INS.3ADSF       1    49    (1) + (AGAGGGG)n     Simple_repeat          1     48    (0)  847  
  263   13.9  0.0  0.0  Sniffles2.INS.3AS2B       1    36   (13) + AluJb          SINE/Alu             241    276   (36)  848  
 1143   14.0  1.7  0.0  Sniffles2.INS.3AS2F       1   330    (8) + ALR/Alpha      Satellite/centr        1    335    (0)  849  
  780   18.4  0.0  0.0  Sniffles2.INS.3AS30       1   170    (0) + ALR/Alpha      Satellite/centr        1    170    (0)  850  
  422   32.0  2.2  4.1  Sniffles2.INS.3B3S13    153   377   (15) + L2b            LINE/L2             2941   3161  (214)  851  
   54   11.0  1.1  0.0  Sniffles2.INS.3B4S31      1    90    (3) + (TA)n          Simple_repeat          1     91    (0)  852  
 1164   13.1  0.3  0.3  Sniffles2.INS.3B6S33      1   679    (2) + ALR/Alpha      Satellite/centr        1    678    (0)  853  
 1317   13.2  0.6  0.2  Sniffles2.INS.3B8S23      1  6771    (8) + ALR/Alpha      Satellite/centr        1   6799    (1)  854  
  532   13.0  0.0  0.0  Sniffles2.INS.3BCS0       1    69    (0) + AluSg4         SINE/Alu             147    215   (95)  855  
 1004    9.9  0.8  1.1  Sniffles2.INS.3BESC0      6   203    (1) C BSR/Beta       Satellite            (0)    197      1  856  
 1157   14.9  1.0  0.0  Sniffles2.INS.3BS2F       1  1016    (0) + ALR/Alpha      Satellite/centr        1   1025    (0)  857  
 1128   13.2  0.7  0.0  Sniffles2.INS.3BS30       1   331    (7) + ALR/Alpha      Satellite/centr        1    333    (0)  858  
  783   11.6  0.3  0.1  Sniffles2.INS.3BS6        1  2155    (0) + CER            Satellite              1   2159    (2)  859  
   19   24.9  0.0  0.0  Sniffles2.INS.3BSBD       4    55    (0) + (CATTC)n       Simple_repeat          1     52    (0)  860  
   22    9.3  6.1  2.0  Sniffles2.INS.3C5S37      1    49    (0) + (CCCTT)n       Simple_repeat          1     51    (0)  861  
 2296    9.9  0.3  0.0  Sniffles2.INS.3C5S38      1   293  (437) C AluSp          SINE/Alu            (19)    294      1  862  
  291   14.8 14.0  5.6  Sniffles2.INS.3C5S38    296   395  (335) + ORSL           DNA/hAT-Tip100        82    189   (86)  863  
 1529   19.2  1.3  5.0  Sniffles2.INS.3C5S38    401   713   (17) C AluJb          SINE/Alu            (10)    302      1  864  
   90    8.2  3.4  2.2  Sniffles2.INS.3C7S11      1   177    (5) + (TGGA)n        Simple_repeat          1    179    (0)  865  
   24   11.8  4.2  2.0  Sniffles2.INS.3C7S35      1    48    (2) + (AT)n          Simple_repeat          1     49    (0)  866  
   47    2.2  0.0  0.0  Sniffles2.INS.3C7S38      4    50    (0) + (CCTCCC)n      Simple_repeat          1     47    (0)  867  
  894    9.3  0.0  0.5  Sniffles2.INS.3C7SC0      1   137    (0) C BSR/Beta       Satellite           (13)    136      1  868  
   25    9.4  0.0  4.3  Sniffles2.INS.3CAS35      1    49    (2) + (TATATTA)n     Simple_repeat          1     47    (0)  869  
 1164   12.2  0.4  0.3  Sniffles2.INS.3CES33      3   680    (0) + ALR/Alpha      Satellite/centr        1    678    (0)  870  
   72    8.8  1.6  1.6  Sniffles2.INS.3CS2B       1   125    (0) + (TGGAA)n       Simple_repeat          1    125    (0)  871  
  992   14.0  0.0  0.0  Sniffles2.INS.3CS2F       1   164    (7) + ALR/Alpha      Satellite/centr        8    171    (0)  872  
   24   18.1  0.0  0.0  Sniffles2.INS.3CSBD       1    50    (0) + (TCCAT)n       Simple_repeat          1     50    (0)  873  
 4118    5.7  0.4  0.4  Sniffles2.INS.3D1S35      1   531    (0) C SVA_D          Retroposon/SVA     (740)    646    116  874  
 1010    7.7  3.9  0.0  Sniffles2.INS.3D4S37      3   184    (1) + SVA_A          Retroposon/SVA       479    667  (720)  875  
  144    0.7  4.6  0.0  Sniffles2.INS.3D5SF       1   151    (2) + (TA)n          Simple_repeat          1    158    (0)  876  
  540   14.6  0.0  0.0  Sniffles2.INS.3D6S38      1    82 (1619) + AluJb          SINE/Alu             221    302   (10)  877  
  339   15.9  1.6  0.0  Sniffles2.INS.3D6S38     77   139 (1562) + MLT1F2         LTR/ERVL-MaLR        490    553    (7)  878 *
  744   21.2  2.2  0.6  Sniffles2.INS.3D6S38    176   355 (1346) + L4_A_Mam       LINE/RTE-X          4638   4820  (170)  879  
  487   16.6  0.5  1.8  Sniffles2.INS.3D6S38    482   582 (1119) C 7SLRNA         srpRNA              (11)    309    236  880  
  728   14.6  0.8  0.9  Sniffles2.INS.3D6S38    597   728  (973) + FLAM_C         SINE/Alu               1    130    (3)  881  
 1333    8.8  0.0  0.6  Sniffles2.INS.3D6S38    729   899  (802) C AluYj4         SINE/Alu            (18)    293    124  882  
  860   19.0  5.5  0.0  Sniffles2.INS.3D6S38    913  1075  (626) + AluJb          SINE/Alu             130    301    (1)  883  
   12    4.8  4.5  0.0  Sniffles2.INS.3D6S38   1078  1099  (602) + (AACA)n        Simple_repeat          1     23    (0)  884  
  724   16.9  1.4  4.2  Sniffles2.INS.3D6S38   1111  1258  (443) + L1MB7          LINE/L1             6022   6165   (19)  885  
  733   18.8 16.5  0.0  Sniffles2.INS.3D6S38   1328  1503  (198) + MSTA           LTR/ERVL-MaLR          1    205  (223)  886  
  302    8.7  2.2  0.0  Sniffles2.INS.3D6S38   1497  1542  (159) + MER41B         LTR/ERV1             481    527  (107)  887 *
 1234   11.2  0.0  0.0  Sniffles2.INS.3D6S38   1541  1701    (0) C AluSq10        SINE/Alu            (13)    300    140  888  
   56    5.3 10.3  0.0  Sniffles2.INS.3DCS37      2   118   (10) + (TA)n          Simple_repeat          1    129    (0)  889  
 1309   13.6  0.5  0.3  Sniffles2.INS.3DFS4       1  4829 (3413) + ALR/Alpha      Satellite/centr        1   4836    (1)  890  
 2727    0.3  0.0  0.3  Sniffles2.INS.3DFS4    4835  5149 (3093) C AluYb9         SINE/Alu             (0)    318      1  891  
 1284   13.3  0.8  0.1  Sniffles2.INS.3DFS4    5158  6066 (2176) + ALR/Alpha      Satellite/centr        1    915    (2)  892  
 2413    2.8  0.3  0.3  Sniffles2.INS.3DFS4    6068  6396 (1846) C AluY           SINE/Alu             (0)    301      2  893  
 1156   14.9  1.1  0.1  Sniffles2.INS.3DFS4    6377  8241    (1) + ALR/Alpha      Satellite/centr        1   1883    (0)  894 *
  239   25.4  0.0  0.0  Sniffles2.INS.3DS2B       1    55    (0) + AluYj4         SINE/Alu             225    279   (32)  895  
 1141   12.9  1.5  0.0  Sniffles2.INS.3DS2F       3   328    (9) + ALR/Alpha      Satellite/centr        1    330    (0)  896  
  442   19.1  2.4  0.0  Sniffles2.INS.3DS5       52   135    (0) C MER30          DNA/hAT-Charlie    (111)    119     34  897  
  109    2.7 10.5  0.5  Sniffles2.INS.3E1S35      1   190    (7) + (AT)n          Simple_repeat          1    209    (0)  898  
   33    8.3  9.4  0.0  Sniffles2.INS.3EAS13      3    66    (1) + (TA)n          Simple_repeat          1     70    (0)  899  
   29    1.9 13.0  0.0  Sniffles2.INS.3ECS4       2    55    (1) + (AT)n          Simple_repeat          1     61    (0)  900  
  412   15.5  4.0  8.4  Sniffles2.INS.3ES15       4   151    (9) C HSATII         Satellite            (8)    162     21  901  
  287   18.4  0.0  0.0  Sniffles2.INS.3ES2B      12    60    (3) + Alu            SINE/Alu              89    137   (29)  902  
  945   18.1  0.0  0.0  Sniffles2.INS.3ES2F       5   339    (2) + ALR/Alpha      Satellite/centr        1    335    (0)  903  
 2550   15.8  1.0  0.6  Sniffles2.INS.3ES8       25   520 (3693) + LSAU           Satellite              1    498    (0)  904  
  653   15.4  0.7  2.2  Sniffles2.INS.3ES8     1933  2071 (2142) + LSAU           Satellite              3    139  (359)  905  
   15   19.2  0.0  0.0  Sniffles2.INS.3ES8     2218  2253 (1960) + G-rich         Low_complexity         1     36    (0)  906  
   14   26.0  0.0  0.0  Sniffles2.INS.3ES8     3099  3139 (1074) + (CCTC)n        Simple_repeat          1     41    (0)  907  
   34    7.0  0.0  0.0  Sniffles2.INS.3ES8     3169  3213 (1000) + (TCCC)n        Simple_repeat          1     45    (0)  908  
 1784   14.0  2.2  1.1  Sniffles2.INS.3ES8     3324  3683  (530) + LSAU           Satellite            135    498    (0)  905  
  889    9.3  0.5  2.9  Sniffles2.INS.3ES8     4054  4204    (9) C BSR/Beta       Satellite           (57)    147      1  909  
   40    0.0  0.0  2.5  Sniffles2.INS.3F9S31     13    53    (0) + (GAAG)n        Simple_repeat          1     40    (0)  910  
   36    3.8  3.3  5.1  Sniffles2.INS.3F9S35      8    67    (4) + (TA)n          Simple_repeat          1     59    (0)  911  
  331    2.7  1.1 16.7  Sniffles2.INS.3FESF       8    97    (0) + SVA_F          Retroposon/SVA       680    757  (618)  912  
  297   18.4  0.0  0.0  Sniffles2.INS.3FS2B       1    49    (1) + Alu            SINE/Alu              92    140   (26)  913  
   34    7.3  0.0  0.0  Sniffles2.INS.3FS31       1    43   (15) + (AC)n          Simple_repeat          1     43    (0)  914  
  500   19.5  0.0 13.0  Sniffles2.INS.3S19        1   130 (3621) C MST-int        LTR/ERVL-MaLR      (443)   1208   1094  915  
  277   22.9  2.3  5.9  Sniffles2.INS.3S19      145   232 (3519) C MSTA           LTR/ERVL-MaLR      (269)    159     75  916  
  477   19.6  2.1  0.0  Sniffles2.INS.3S19      287   383 (3368) C MSTA           LTR/ERVL-MaLR      (329)     99      1  916  
  900   20.2  3.5  1.0  Sniffles2.INS.3S19      384   583 (3168) C MSTA           LTR/ERVL-MaLR        (0)   1651   1447  916  
14876    1.4  0.0  0.0  Sniffles2.INS.3S19      586  2504 (1247) C L1HS           LINE/L1            (530)   5625   3707  917  
 4892    0.7  0.0  0.0  Sniffles2.INS.3S19     2505  3042  (709) + L1HS           LINE/L1             5618   6155    (0)  917  
   19   14.1  0.0  2.5  Sniffles2.INS.3S19     3218  3258  (493) + A-rich         Low_complexity         1     40    (0)  918  
  657   20.1 13.0  0.0  Sniffles2.INS.3S19     3301  3454  (297) C MER58A         DNA/hAT-Charlie      (1)    223     50  919  
   29    0.0  0.0  0.0  Sniffles2.INS.3S19     3457  3488  (263) + (A)n           Simple_repeat          1     32    (0)  920  
 1008   22.4  1.2  6.5  Sniffles2.INS.3S19     3489  3746    (5) C MSTA           LTR/ERVL-MaLR      (193)   1458   1214  916  
  241   23.1  1.9  0.0  Sniffles2.INS.3S2B       11    62   (35) + AluYe5         SINE/Alu             234    286   (24)  921  
 1228   11.6  0.7  0.0  Sniffles2.INS.3S30        1   335    (4) + ALR/Alpha      Satellite/centr        1    337    (0)  922  
   58   16.5  0.0  0.0  Sniffles2.INS.3S3E        1   104    (1) + (TTCC)n        Simple_repeat          1    104    (0)  923  
  729   16.1  0.0  0.0  Sniffles2.INS.3S5D        1   170    (0) + ALR/Alpha      Satellite/centr        1    170    (0)  924  
  491   10.3  0.0  0.0  Sniffles2.INS.3S8         1    68    (0) + BSR/Beta       Satellite              6     73   (63)  925  
   30   18.1  0.0  0.0  Sniffles2.INS.3SA7        2    57    (1) + (TC)n          Simple_repeat          1     56    (0)  926  
  166    4.6  4.9  0.0  Sniffles2.INS.404S35      1   224    (0) + (TA)n          Simple_repeat          1    235    (0)  927  
 1112   14.3  1.4  0.3  Sniffles2.INS.40BS33      6  1179    (1) + ALR/Alpha      Satellite/centr        1   1186    (0)  928  
  266    5.0  2.5  0.0  Sniffles2.INS.40BS38     29    68    (4) C L1MC           LINE/L1           (2275)   3871   3831  929  
 1089   13.6  1.1  0.1  Sniffles2.INS.40FS33      1   848    (0) + ALR/Alpha      Satellite/centr        1    856    (0)  930  
  335   18.9  0.0  0.0  Sniffles2.INS.40S2B       1    53   (30) + Alu            SINE/Alu              92    144   (22)  931  
 1167   13.9  2.0  0.0  Sniffles2.INS.40S2F       3  1008    (9) + ALR/Alpha      Satellite/centr        1   1025    (0)  932  
   23   23.7  1.6  0.0  Sniffles2.INS.40SBD       8    71    (3) + (TCCAT)n       Simple_repeat          1     65    (0)  933  
   49    3.5 10.0  1.0  Sniffles2.INS.414S38      1    90    (0) + (CTTC)n        Simple_repeat          1     98    (0)  934  
 1336    9.6  1.4  0.5  Sniffles2.INS.418S23      1  3423    (3) + ALR/Alpha      Satellite/centr        1   3456    (0)  935  
   15   19.6  0.0  0.0  Sniffles2.INS.41BS4     270   298  (301) + (T)n           Simple_repeat          1     29    (0)  936 *
   32   19.2  3.9  6.5  Sniffles2.INS.41BS4     298   424  (175) + (TCATCA)n      Simple_repeat          1    124    (0)  937  
  502   14.7 21.7  0.5  Sniffles2.INS.41BS4     443   599    (0) C AluSx          SINE/Alu             (0)    302    113  938  
  381   24.2  2.9 12.6  Sniffles2.INS.41ES11      7   222    (5) C L1MC3          LINE/L1           (1204)   6678   6455  939  
   54    0.0  1.6  3.3  Sniffles2.INS.41FSF       7    67    (7) + (GAAA)n        Simple_repeat          1     60    (0)  940  
   45   11.8  0.0  5.1  Sniffles2.INS.41S23      11    93    (1) + (TA)n          Simple_repeat          1     79    (0)  941  
  372   23.1  1.9  1.9  Sniffles2.INS.41S8        3   108  (498) C BSR/Beta       Satellite            (3)    133     28  942  
 2254   16.4  2.5  1.2  Sniffles2.INS.41S8      111   599    (7) + LSAU           Satellite              3    497    (1)  943  
  326   15.4  3.3  8.7  Sniffles2.INS.41SBD      13   133    (0) + HSATII         Satellite             48    162    (8)  944  
   58   19.2  0.0  0.0  Sniffles2.INS.422S35      8   115    (1) + A-rich         Low_complexity         1    108    (0)  945  
   36   19.9  1.1  3.5  Sniffles2.INS.422S4       7    94    (0) + (TA)n          Simple_repeat          1     86    (0)  946  
 1152   14.7  0.6  0.2  Sniffles2.INS.42CS33      2  1191    (0) + ALR/Alpha      Satellite/centr        1   1194    (0)  947  
  352   17.2  0.0  1.8  Sniffles2.INS.42DS13      2    59    (1) C AluYh3         SINE/Alu           (254)     57      1  948  
  901   16.7  1.2  0.0  Sniffles2.INS.42FS33      2   170    (1) + ALR/Alpha      Satellite/centr        1    171    (0)  949  
 2048   13.0  1.0  0.6  Sniffles2.INS.42S25      42   351    (9) C AluSx          SINE/Alu             (0)    312      2  950  
  260   24.5  0.0  0.0  Sniffles2.INS.42S2B       1    53    (5) + AluJb          SINE/Alu             228    280   (32)  951  
  438   17.4  3.9  7.7  Sniffles2.INS.42SBD      10   915    (4) + HSATII         Satellite              1    871    (5)  952  
 1018   13.6  0.6  0.0  Sniffles2.INS.430S33      1   169    (0) + ALR/Alpha      Satellite/centr        1    170    (1)  953  
 1177   13.7  0.8  0.1  Sniffles2.INS.432S33      1  1177   (14) + ALR/Alpha      Satellite/centr        1   1186    (0)  954  
   20   17.6  3.9  0.0  Sniffles2.INS.432S38      1    51    (3) + A-rich         Low_complexity         1     53    (0)  955  
  666   16.8  0.8  0.8  Sniffles2.INS.433S33      2   165    (5) + ALR/Alpha      Satellite/centr        1    163    (0)  956  
  857   16.8  1.2  0.6  Sniffles2.INS.434S33      2   169    (1) + ALR/Alpha      Satellite/centr        3    171    (0)  957  
  698   17.7  0.4  0.0  Sniffles2.INS.436S33      1   168    (2) + ALR/Alpha      Satellite/centr        1    168    (0)  958  
 2919    1.0  0.0  0.0  Sniffles2.INS.438S33     16   326   (50) + AluYa5         SINE/Alu               1    311    (0)  959  
   46    0.0  0.0  0.0  Sniffles2.INS.438S33    327   376    (0) + (A)n           Simple_repeat          1     50    (0)  960  
 1164   13.3  0.5  0.4  Sniffles2.INS.439S33      4   678    (3) + ALR/Alpha      Satellite/centr        1    675    (0)  961  
  752   17.8  0.4  0.0  Sniffles2.INS.43BS33      2   168    (2) + ALR/Alpha      Satellite/centr        1    167    (0)  962  
  455   26.0  2.4  0.8  Sniffles2.INS.43CS13      6   129    (0) + L1MB8          LINE/L1             6048   6173    (5)  963  
 1089   15.2  0.9  1.3  Sniffles2.INS.43CS33      1   335    (8) + ALR/Alpha      Satellite/centr        1    333    (2)  964  
 1112   14.7  0.8  0.3  Sniffles2.INS.43ES33      1   852    (0) + ALR/Alpha      Satellite/centr        1    856    (0)  965  
   41    1.9  1.8  1.8  Sniffles2.INS.43FS38      1    57    (0) + (AAAG)n        Simple_repeat          1     57    (0)  966  
   56   14.8  0.0  0.0  Sniffles2.INS.43S25       1    91    (1) + (AT)n          Simple_repeat          1     91    (0)  967  
   17   25.9  0.0  0.0  Sniffles2.INS.43S2B       5    51   (22) + (GAATG)n       Simple_repeat          1     47    (0)  968  
   37    8.5  0.0  0.0  Sniffles2.INS.43S3A       1    50    (0) + (TA)n          Simple_repeat          1     50    (0)  969  
   43   18.8  0.0  0.0  Sniffles2.INS.43SBD       3    87    (1) + (ATTCC)n       Simple_repeat          1     85    (0)  970  
  741   15.6  0.0  0.4  Sniffles2.INS.444S0       4   169    (1) + ALR/Alpha      Satellite/centr        1    165    (0)  971  
   30    0.0  0.0  0.0  Sniffles2.INS.444S13      8    35   (56) + (G)n           Simple_repeat          1     28    (0)  972  
   56    0.0  0.0  0.0  Sniffles2.INS.445S1       1    51    (0) + (GAAGA)n       Simple_repeat          1     51    (0)  973  
 1158   14.9  0.7  0.0  Sniffles2.INS.445S33      4   852    (0) + ALR/Alpha      Satellite/centr        1    854    (0)  974  
  737   18.9  0.0  0.0  Sniffles2.INS.446S33      2   169    (1) + ALR/Alpha      Satellite/centr        1    168    (0)  975  
 2958    0.3  0.0  0.0  Sniffles2.INS.446S3A     17   327    (9) + AluYa5         SINE/Alu               1    311    (0)  976  
   28   23.9  0.0  0.0  Sniffles2.INS.448S38      1    58    (4) + (TA)n          Simple_repeat          1     58    (0)  977  
 1116   14.9  0.6  0.1  Sniffles2.INS.449S33      1   678    (0) + ALR/Alpha      Satellite/centr        1    680    (0)  978  
  875    2.0  1.0  0.0  Sniffles2.INS.44DS1       2   103   (10) + L1PA6          LINE/L1             5847   5949  (205)  979  
  327   12.6  9.5  1.6  Sniffles2.INS.44FS3A      4   846    (0) + (ATGAA)n       Simple_repeat          1    908    (0)  980  
   16   17.8  4.3  2.1  Sniffles2.INS.44S17       5    51    (0) + (CCTT)n        Simple_repeat          1     48    (0)  981  
   27   22.9  0.0  0.0  Sniffles2.INS.44SBD       1    66    (3) + (TTCCA)n       Simple_repeat          1     66    (0)  982  
   29   11.4 10.4  0.0  Sniffles2.INS.451S31      4    70    (2) + (TA)n          Simple_repeat          1     74    (0)  983  
   54    0.0  0.0  0.0  Sniffles2.INS.453S35      1    49    (0) + (CCCTC)n       Simple_repeat          1     49    (0)  984  
  871   16.1  1.0  1.0  Sniffles2.INS.454S33      1   341    (1) + ALR/Alpha      Satellite/centr        1    341    (0)  985  
   30    7.9  5.3  3.5  Sniffles2.INS.456S13      1    57    (6) + (AC)n          Simple_repeat          1     58    (0)  986  
  537    5.8  2.9  0.0  Sniffles2.INS.458SF       1    69    (0) + L1HS           LINE/L1               33    103 (5929)  987  
 1154   13.7  0.5  0.2  Sniffles2.INS.459S33      1  1359    (2) + ALR/Alpha      Satellite/centr        1   1361    (0)  988  
   58    0.0  1.9  0.0  Sniffles2.INS.459SF       2    54    (0) + (TC)n          Simple_repeat          1     54    (0)  989  
  243    3.1  0.0  3.1  Sniffles2.INS.45DS1       3    35   (59) C MSTB           LTR/ERVL-MaLR      (382)     44     13  990  
 1925    9.3  0.3  4.6  Sniffles2.INS.45ES1       2   305    (0) C AluY           SINE/Alu             (6)    295      2  991  
  344   19.6  0.0  0.0  Sniffles2.INS.45S2B      13    68    (4) + AluJb          SINE/Alu             225    280   (32)  992  
  454   17.6  8.1  5.8  Sniffles2.INS.45SBD       2   668   (17) + HSATII         Satellite              1    682    (4)  993  
  830   12.1  0.4  0.0  Sniffles2.INS.460S33      2   164    (6) + ALR/Alpha      Satellite/centr        1    163    (0)  994  
   80    0.0  2.4  1.2  Sniffles2.INS.461S1       1    82   (48) + (AAGA)n        Simple_repeat          1     83    (0)  995  
   41    0.0  0.0  0.0  Sniffles2.INS.461S1      83   130    (0) + (GAAG)n        Simple_repeat          1     48    (0)  996  
 2960    0.3  0.0  0.0  Sniffles2.INS.462S1      12   322    (2) + AluYa5         SINE/Alu               1    311    (0)  997  
   22   13.9  3.3  5.0  Sniffles2.INS.463S4       3    63   (12) + (ATATA)n       Simple_repeat          1     60    (0)  998  
   31    9.1  9.5  2.5  Sniffles2.INS.463S4      64    75    (0) + (TA)n          Simple_repeat          3     80    (0)  999  
 1030   11.4  1.2  0.0  Sniffles2.INS.465S33      3   168    (1) + ALR/Alpha      Satellite/centr        1    168    (3) 1000  
 1062   14.7  1.1  0.2  Sniffles2.INS.466S33      3   338    (0) + ALR/Alpha      Satellite/centr        1    339    (0) 1001  
  318   13.0  2.2  0.0  Sniffles2.INS.468S35     15    60    (8) C AluSc8         SINE/Alu           (138)    173    127 1002  
 1164   13.6  0.5  0.1  Sniffles2.INS.469S33      3   676    (4) + ALR/Alpha      Satellite/centr        1    676    (0) 1003  
   16   26.9  0.0  8.6  Sniffles2.INS.46BS38      2    89   (10) + (CCCCTC)n      Simple_repeat          1     81    (0) 1004  
 1164   13.5  0.5  0.4  Sniffles2.INS.46DS33      1   679    (1) + ALR/Alpha      Satellite/centr        1    679    (0) 1005  
  294   24.5  0.0  0.0  Sniffles2.INS.46S2B       1    53    (0) + AluYa5         SINE/Alu             227    279   (32) 1006  
  266   11.1  0.0  0.0  Sniffles2.INS.46S33      29    64    (6) C AluJb          SINE/Alu            (36)    276    241 1007  
  449   12.3  0.0  0.0  Sniffles2.INS.46S58       1    73    (0) + ALR/Alpha      Satellite/centr       58    130   (41) 1008  
  454   15.9  4.9 10.3  Sniffles2.INS.46SBD       7   300   (14) + HSATII         Satellite              1    278    (4) 1009  
 1191   15.1  1.4  0.3  Sniffles2.INS.471S22      1  1354    (0) + ALR/Alpha      Satellite/centr        1   1369    (0) 1010  
   31    0.0  5.9  0.0  Sniffles2.INS.472S31     15    48    (3) + (AT)n          Simple_repeat          1     36    (0) 1011  
  275   14.4  0.2  0.0  Sniffles2.INS.47AS23      3   454    (1) + (TATATA)n      Simple_repeat          1    453    (0) 1012  
   24   18.5  1.7  3.5  Sniffles2.INS.47AS35      1    59   (11) + (TA)n          Simple_repeat          1     58    (0) 1013  
  342    6.5  2.2  0.0  Sniffles2.INS.47CS22     19    64   (10) C HERV17-int     LTR/ERV1          (7612)   1014    968 1014  
18481    1.9  0.5  0.2  Sniffles2.INS.47DS31      1  3577  (894) C L1HS           LINE/L1           (2437)   3709    125 1015  
  203   33.3  2.2  1.1  Sniffles2.INS.47DS31   4067  4157  (314) C MIR3           SINE/MIR             (9)    199    108 1016  
  188   21.8  5.4  1.7  Sniffles2.INS.47DS31   4411  4466    (5) C Tigger19b      DNA/TcMar-Tigger   (146)    404    347 1017  
 1067   15.1  0.6  0.2  Sniffles2.INS.47DS33      1   680    (1) + ALR/Alpha      Satellite/centr        1    682    (0) 1018  
   56    0.0  0.0  0.0  Sniffles2.INS.47FS35      1    50    (1) + (AAG)n         Simple_repeat          1     50    (0) 1019  
   25   24.3  0.0  1.7  Sniffles2.INS.47S17       1    59    (0) + (AT)n          Simple_repeat          1     58    (0) 1020  
  479   14.1  0.7  1.5  Sniffles2.INS.47S25       1    96    (0) C CER            Satellite            (6)     95      1 1021  
   27   24.1  0.0  0.0  Sniffles2.INS.47SBD       6    73    (7) + (TCCAT)n       Simple_repeat          1     68    (0) 1022  
   27    2.2  8.2  1.9  Sniffles2.INS.480S35      1    49    (3) + (AAGGG)n       Simple_repeat          1     52    (0) 1023  
  241   20.1  7.6  2.7  Sniffles2.INS.480S37      5   886   (11) + (GT)n          Simple_repeat          1    924    (0) 1024  
 1623    3.5  1.5  0.0  Sniffles2.INS.480SF       1   261    (0) C L1P1           LINE/L1            (706)   5448   5185 1025  
   31    0.0  0.0  0.0  Sniffles2.INS.481SF      18    46    (4) + (TTTC)n        Simple_repeat          1     29    (0) 1026  
   34    2.0  7.8  0.0  Sniffles2.INS.482S35      4    54    (3) + (TATCATATA)n   Simple_repeat          1     55    (0) 1027  
  141    1.4  5.2  6.1  Sniffles2.INS.487S1       6   254    (2) + (CCTT)n        Simple_repeat          1    247    (0) 1028  
   30    0.0  0.0  0.0  Sniffles2.INS.48AS1       1    56   (11) + (AT)n          Simple_repeat          1     56    (0) 1029  
 1134    6.7  0.0  0.0  Sniffles2.INS.48BS23      1   135    (0) C AluYk2         SINE/Alu           (159)    152     18 1030  
 2262    7.2  0.4  0.0  Sniffles2.INS.48FS1       1   279    (0) C LTR12C         LTR/ERV1           (558)   1021    742 1031  
   45    2.8  9.7  0.0  Sniffles2.INS.48FS2       1    72    (0) + (TA)n          Simple_repeat          1     79    (0) 1032  
  412   25.1  0.2  0.0  Sniffles2.INS.48S2B       1   950    (3) + (GAATG)n       Satellite              1    952    (0) 1033  
  780    6.6  0.0  0.0  Sniffles2.INS.48S58       1   111    (1) + ALR/Alpha      Satellite/centr        1    111    (0) 1034  
  551    6.1  0.0  0.0  Sniffles2.INS.48S8        1    66    (2) C BSR/Beta       Satellite           (44)     92     27 1035  
  279   23.2  0.0  0.0  Sniffles2.INS.48SBD      11    66   (11) C FRAM           SINE/Alu            (32)    144     89 1036  
 1314    9.0  0.0  0.0  Sniffles2.INS.493S23      1   166    (7) + AluSc          SINE/Alu             134    299   (10) 1037  
 2958    0.3  0.0  0.0  Sniffles2.INS.493S3A     17   327    (8) + AluYa5         SINE/Alu               1    311    (0) 1038  
   96   16.8  4.7  0.9  Sniffles2.INS.496S37      1   214    (5) + (TG)n          Simple_repeat          1    222    (0) 1039  
  215    1.7  9.8  2.2  Sniffles2.INS.499S38      1   379    (2) + (AT)n          Simple_repeat          1    407    (0) 1040  
   18   19.8  0.0  7.1  Sniffles2.INS.49BS1       4    63    (1) + A-rich         Low_complexity         1     56    (0) 1041  
   54    0.0  3.6  0.0  Sniffles2.INS.49CS22      1    56    (0) + (ATATATAAAT)n  Simple_repeat          1     58    (0) 1042  
  261    0.0  0.0  4.2  Sniffles2.INS.49CS23      1    50    (0) + SVA_F          Retroposon/SVA       717    764  (611) 1043  
   27   13.3  8.3  0.0  Sniffles2.INS.49CS35      5    64    (0) + (TA)n          Simple_repeat          1     65    (0) 1044  
 3774    9.5  0.7  0.8  Sniffles2.INS.49ES31      1   621    (0) + LTR12C         LTR/ERV1               6   1062  (517) 1045  
   21   35.4  1.4  0.0  Sniffles2.INS.49FS38      2    72    (3) + (TA)n          Simple_repeat          1     72    (0) 1046  
 1054    7.6  0.6  0.0  Sniffles2.INS.49S25       1   290    (1) + ACRO1          Satellite/acro         1    291    (0) 1047  
   26   17.7  0.0  0.0  Sniffles2.INS.49S2B       2    53    (2) + (AATGG)n       Simple_repeat          1     52    (0) 1048  
   89    3.9  5.1  2.1  Sniffles2.INS.49S4        5   142    (0) + (TCC)n         Simple_repeat          1    142    (0) 1049  
  838   14.9  0.0  0.3  Sniffles2.INS.49S8        2   272    (1) C BSR/Beta       Satellite           (17)    270      1 1050  
   17   16.1  5.9  1.9  Sniffles2.INS.4A4SF       1    51    (1) + GA-rich        Low_complexity         1     53    (0) 1051  
 1152   15.1  0.8  0.1  Sniffles2.INS.4A7S33      2  1869    (1) + ALR/Alpha      Satellite/centr        1   1881    (2) 1052  
 1124   14.6  1.0  0.1  Sniffles2.INS.4ABS33      1  1017    (1) + ALR/Alpha      Satellite/centr        1   1025    (0) 1053  
  572    2.8 11.3  0.0  Sniffles2.INS.4ADS38      3  1011    (1) + (TA)n          Simple_repeat          1   1123    (0) 1054  
   38    2.0  0.0  3.9  Sniffles2.INS.4AES3A      1    54    (2) + (AAAG)n        Simple_repeat          1     52    (0) 1055  
   56    2.3  7.5  2.0  Sniffles2.INS.4AFS23      1    93    (0) + (TCTT)n        Simple_repeat          1     98    (0) 1056  
  367   15.4  0.0  0.0  Sniffles2.INS.4AS2B       1    52    (3) + AluSz6         SINE/Alu             226    277   (35) 1057  
   25   21.6  0.0  0.0  Sniffles2.INS.4ASBD       9    67    (3) + (TCCAT)n       Simple_repeat          1     59    (0) 1058  
   16   26.4  4.0  0.0  Sniffles2.INS.4B0S23      1    50    (0) + (CA)n          Simple_repeat          1     52    (0) 1059  
  286    0.7  3.9  0.9  Sniffles2.INS.4B2S3A      1   307    (0) + (AT)n          Simple_repeat          1    316    (0) 1060  
   34   15.6  4.1  1.3  Sniffles2.INS.4B3S38      1    73    (1) + (AT)n          Simple_repeat          1     75    (0) 1061  
  260   18.5  1.9  0.0  Sniffles2.INS.4B4S22     19    72   (77) + L1MEd          LINE/L1             1201   1255 (5831) 1062  
   18   28.0  0.0  1.9  Sniffles2.INS.4B8S4       6    59    (1) + (AT)n          Simple_repeat          1     53    (0) 1063  
   19   29.8  0.0  0.0  Sniffles2.INS.4B9S3A      1    49    (5) + (AT)n          Simple_repeat          1     49    (0) 1064  
  254    9.1  4.5  0.0  Sniffles2.INS.4B9S4       1    44   (11) C L1M1           LINE/L1           (5846)   1719   1674 1065  
  839    8.7  0.0  0.0  Sniffles2.INS.4BCS22      1   115    (1) C SVA_B          Retroposon/SVA     (745)    638    524 1066  
   67    9.7  6.6  0.0  Sniffles2.INS.4BFS23      1   121    (2) + (TA)n          Simple_repeat          1    129    (0) 1067  
  545    5.7  0.0  0.0  Sniffles2.INS.4BS25       1    70    (0) + L1P3           LINE/L1             3354   3423 (2723) 1068  
  318   22.6  0.0  0.0  Sniffles2.INS.4BS2B       1    62    (7) + AluYk2         SINE/Alu             226    287   (24) 1069  
  419   22.0  0.0  4.6  Sniffles2.INS.4BS8        5   137    (0) C BSR/Beta       Satellite           (36)    126      1 1070  
   24   18.8  3.9  3.9  Sniffles2.INS.4C0S35      4    81   (14) + (TATATGT)n     Simple_repeat          1     78    (0) 1071  
   32   24.0  4.3  0.0  Sniffles2.INS.4C0S35     82    94    (1) + (TA)n          Simple_repeat          3     97    (0) 1072  
  326   11.8 11.6  1.3  Sniffles2.INS.4C2S35      1    69    (0) + AluY           SINE/Alu             215    290   (11) 1073  
  163    1.6  0.0  0.0  Sniffles2.INS.4C2S4      11   194    (0) + (A)n           Simple_repeat          1    184    (0) 1074  
 1163   11.6  2.3  4.2  Sniffles2.INS.4C4S0       1  1579 (4320) C HSATII         Satellite           (35)   5785   4215 1075  
   28    2.6  0.0  7.1  Sniffles2.INS.4C4S0    1580  1624 (4275) + (ATCGAATGGA)n  Simple_repeat          1     42    (0) 1076  
 1163   11.6  2.3  4.2  Sniffles2.INS.4C4S0    1625  5146  (753) C HSATII         Satellite         (1606)   4214    709 1075  
   28    2.6  0.0  7.1  Sniffles2.INS.4C4S0    5147  5191  (708) + (ATCGAATGGA)n  Simple_repeat          1     42    (0) 1077  
 1163   11.6  2.3  4.2  Sniffles2.INS.4C4S0    5192  5899    (0) C HSATII         Satellite           (35)    708      1 1075  
   36    7.0 10.1  2.4  Sniffles2.INS.4C5S35      1    79    (0) + (TA)n          Simple_repeat          1     85    (0) 1078  
   39   13.0  6.2  2.0  Sniffles2.INS.4C6S35      1    96    (0) + (ATATTAT)n     Simple_repeat          1    100    (0) 1079  
   42    0.0  7.0  1.7  Sniffles2.INS.4C6S38     12    68    (2) + (ATATA)n       Simple_repeat          1     60    (0) 1080  
   18   24.9  2.0  0.0  Sniffles2.INS.4C7S31      6    57    (0) + (ATATAC)n      Simple_repeat          1     53    (0) 1081  
   18    7.6  0.0  0.0  Sniffles2.INS.4C8S23      1    28   (35) + (TTCC)n        Simple_repeat          1     28    (0) 1082  
   35    0.0  0.0  0.0  Sniffles2.INS.4C8S23     29    61    (2) + (TTCT)n        Simple_repeat          1     33    (0) 1083  
 1158   13.0  0.3  0.3  Sniffles2.INS.4C9S33      1   679    (2) + ALR/Alpha      Satellite/centr        1    678    (0) 1084  
   20   12.4  7.3  1.7  Sniffles2.INS.4CAS38      1    55    (6) + (ATAGATA)n     Simple_repeat          1     58    (0) 1085  
  503   23.8  3.1  0.8  Sniffles2.INS.4CAS3A      1   127    (7) C MIRb           SINE/MIR            (31)    237    108 1086  
  908   12.8  0.0  0.0  Sniffles2.INS.4CBS33      3   167    (0) + ALR/Alpha      Satellite/centr        1    165    (0) 1087  
  503   23.8  3.1  0.8  Sniffles2.INS.4CBS3A      5   131    (2) C MIRb           SINE/MIR            (31)    237    108 1088  
  195   24.2  1.4  1.7  Sniffles2.INS.4CCS3A      1    69  (196) C MIRc           SINE/MIR           (104)    164     99 1089 *
  503   23.8  3.1  0.8  Sniffles2.INS.4CCS3A     67   193   (72) C MIRb           SINE/MIR            (31)    237    108 1090  
  308   19.7  6.1  0.0  Sniffles2.INS.4CCS3A    200   265    (0) C MIRb           SINE/MIR            (31)    237    168 1091  
  887   30.1  7.2  2.5  Sniffles2.INS.4CDS23    438   924  (376) + L2a            LINE/L2             2912   3420    (6) 1092  
 1800   10.6  0.0  0.0  Sniffles2.INS.4CDS23    975  1210   (90) + AluSx          SINE/Alu              66    301   (11) 1093  
   29   22.5  2.8  0.0  Sniffles2.INS.4CDS23   1229  1300    (0) + (GT)n          Simple_repeat          1     74    (0) 1094  
   57    0.0  0.0  0.0  Sniffles2.INS.4CDS31      1    51    (0) + (AAGA)n        Simple_repeat          1     51    (0) 1095  
 1969   12.0  1.0  1.3  Sniffles2.INS.4CS25      12   315    (1) + AluSx          SINE/Alu               2    304    (8) 1096  
 1106   11.5  0.0  0.0  Sniffles2.INS.4CS58       1   170    (1) + ALR/Alpha      Satellite/centr        1    170    (0) 1097  
  114    8.9  0.0  0.0  Sniffles2.INS.4CS6        1   159    (1) + (AGGG)n        Simple_repeat          1    159    (0) 1098  
   42    4.7  0.0  0.0  Sniffles2.INS.4CSBD       1    45    (7) + (AT)n          Simple_repeat          1     45    (0) 1099  
  578   17.6  0.0  0.0  Sniffles2.INS.4D0S4       3    93   (41) C AluSc8         SINE/Alu            (10)    301    211 1100  
  414   14.3  6.0  0.0  Sniffles2.INS.4D4S23     95   178    (1) C MER20          DNA/hAT-Charlie      (3)    216    128 1101  
  482   10.6  0.0  0.0  Sniffles2.INS.4D5S1       2    67 (3055) + Alu            SINE/Alu             232    297    (5) 1102  
  899   21.9 17.3  0.6  Sniffles2.INS.4D5S1      93   381 (2741) + MER46C         DNA/TcMar-Tigger       1    337    (1) 1103  
  363   30.6  4.1  9.4  Sniffles2.INS.4D5S1     486   875 (2247) + L1ME4b         LINE/L1             5724   6094   (51) 1104  
 2077   10.6  2.6  1.3  Sniffles2.INS.4D5S1     904  1208 (1914) C AluSx          SINE/Alu             (3)    309      1 1105  
  922   13.2  9.9  0.0  Sniffles2.INS.4D5S1    1242  1392 (1730) + AluSx          SINE/Alu             137    302    (0) 1106  
  469   25.6  7.9  5.4  Sniffles2.INS.4D5S1    1406  1657 (1465) + L1ME4b         LINE/L1             5601   5858  (287) 1107  
  331   14.6  9.3  4.4  Sniffles2.INS.4D5S1    1971  2056 (1066) + Charlie16a     DNA/hAT-Charlie       64    153  (189) 1108  
 1911   13.9  0.3  0.0  Sniffles2.INS.4D5S1    2062  2355  (767) + AluSx          SINE/Alu               1    295   (17) 1109  
  496   26.2 16.5  2.8  Sniffles2.INS.4D5S1    2736  2959  (163) + Charlie2a      DNA/hAT-Charlie        9    262 (2599) 1110  
  367   16.1  6.7  2.1  Sniffles2.INS.4D5S1    3028  3116    (6) + Charlie2a      DNA/hAT-Charlie     1861   1953  (908) 1111  
 1092    4.0  0.2  0.6  Sniffles2.INS.4D5S35      4   141    (0) + AluY           SINE/Alu               1    220   (82) 1112  
   38    7.7  4.3  1.4  Sniffles2.INS.4D8S31      1    70    (3) + (AT)n          Simple_repeat          1     72    (0) 1113  
  226    5.8  0.0  2.9  Sniffles2.INS.4DBS31      1    71   (22) + SVA_E          Retroposon/SVA         2     70 (1312) 1114  
   93   11.6  0.0  2.0  Sniffles2.INS.4DCS31      1   155    (5) + (TCTCCC)n      Simple_repeat          1    152    (0) 1115  
  471    1.3  1.8  0.2  Sniffles2.INS.4DCS38      1   458    (0) + (TA)n          Simple_repeat          1    465    (0) 1116  
   16   21.0  0.0  9.8  Sniffles2.INS.4DES2       8    74    (6) + (TGCAGG)n      Simple_repeat          1     61    (0) 1117  
   18   21.0  4.8  1.6  Sniffles2.INS.4DES4       1    62    (3) + GA-rich        Low_complexity         1     64    (0) 1118  
 1088    8.3  0.6  6.0  Sniffles2.INS.4DS58       1   368    (1) + ALR/Alpha      Satellite/centr        1    347    (1) 1119  
  333   16.4  0.0  0.0  Sniffles2.INS.4DSBD       1    55   (11) + BSR/Beta       Satellite             38     92   (44) 1120  
   29   12.8  1.9  0.0  Sniffles2.INS.4E0S2       1    53    (0) + (AAAG)n        Simple_repeat          1     54    (0) 1121  
  277    6.3  3.6  0.0  Sniffles2.INS.4E2S35      1   387    (0) + (TA)n          Simple_repeat          1    401    (0) 1122  
   30   19.9  1.5  1.5  Sniffles2.INS.4E3S31      1    66    (1) + (AT)n          Simple_repeat          1     66    (0) 1123  
   24    7.4 12.3  0.0  Sniffles2.INS.4E5S0       4    60    (4) + (TCATT)n       Simple_repeat          1     64    (0) 1124  
   24    9.3  6.3  4.7  Sniffles2.INS.4E5S4       4    66    (0) + (ATATATTA)n    Simple_repeat          1     64    (0) 1125  
  478   13.6 26.2  0.6  Sniffles2.INS.4E7S1       1   141    (1) C L1MEc          LINE/L1           (5393)   1007    831 1126  
  137    7.7  1.9  1.4  Sniffles2.INS.4E8S23      2   215    (3) + (ATGGG)n       Simple_repeat          1    215    (0) 1127  
   46    0.0  2.0  2.0  Sniffles2.INS.4EAS3A      1    50    (8) + (TCTT)n        Simple_repeat          1     50    (0) 1128  
 2883    1.0  0.0  0.0  Sniffles2.INS.4ECS0       9   315    (0) C AluY           SINE/Alu             (4)    307      1 1129  
   33   26.8  1.2  0.0  Sniffles2.INS.4ECS38      1    81    (0) + (TA)n          Simple_repeat          1     82    (0) 1130  
   31    2.0  8.0  0.0  Sniffles2.INS.4EDS31      1    50    (0) + (CCCTC)n       Simple_repeat          1     54    (0) 1131  
   11   17.6  0.0  5.9  Sniffles2.INS.4EDS35    131   166  (332) + (CTTTCT)n      Simple_repeat          1     34    (0) 1132  
  276   17.7  1.9  0.2  Sniffles2.INS.4EDS35    362   419   (79) C MER5A          DNA/hAT-Charlie      (6)    183    113 1133  
  284   18.8  0.0  0.0  Sniffles2.INS.4ES2B       6    53    (4) + AluYg6         SINE/Alu             232    279   (32) 1134  
 1200    9.4  0.6  0.3  Sniffles2.INS.4ES58       1   679    (3) + ALR/Alpha      Satellite/centr        1    680    (0) 1135  
  317   17.5  0.0  1.6  Sniffles2.INS.4ES8        1    64    (3) C BSR/Beta       Satellite           (60)     76     14 1136  
  987   11.4  0.0  0.0  Sniffles2.INS.4F0S1       3   133    (2) C AluSz          SINE/Alu           (175)    137      7 1137  
   68    6.4  3.1  0.0  Sniffles2.INS.4F9S4      12   109    (1) + (GGATGTTG)n    Simple_repeat          1    101    (0) 1138  
   23   11.3  3.8  3.8  Sniffles2.INS.4FAS2       1    53    (0) + A-rich         Low_complexity         1     53    (0) 1139  
   30   18.0  0.0  0.0  Sniffles2.INS.4FAS31      1    53    (5) + (TA)n          Simple_repeat          1     53    (0) 1140  
   30   10.2  5.7  0.0  Sniffles2.INS.4FCS1       1    53    (0) + (TA)n          Simple_repeat          1     56    (0) 1141  
   38    1.9  7.4  0.0  Sniffles2.INS.4FCS31      1    54    (2) + (ATATCATAT)n   Simple_repeat          1     58    (0) 1142  
  882   19.0  1.0  1.0  Sniffles2.INS.4FCS3A      4   200    (2) + L1MA4          LINE/L1             6042   6238   (62) 1143  
  342   22.1  2.3  1.1  Sniffles2.INS.4FES38     31   117    (0) + HERVE-int      LTR/ERV1            7633   7720   (93) 1144  
   46   16.6  4.5  1.8  Sniffles2.INS.4FS37       3   112    (0) + (CTTC)n        Simple_repeat          1    113    (0) 1145  
  444   14.7  0.0  0.0  Sniffles2.INS.4FS8        1    68    (0) C BSR/Beta       Satellite           (17)    119     52 1146  
   38    4.3  2.0  2.0  Sniffles2.INS.4S25       15    64    (0) + (AT)n          Simple_repeat          1     50    (0) 1147  
   32    2.0  7.5  1.8  Sniffles2.INS.4S28       13    65    (0) + (TTTC)n        Simple_repeat          1     56    (0) 1148  
  392   16.0 10.8  3.4  Sniffles2.INS.4S2C        3   202   (23) + HSATII         Satellite              1    214    (4) 1149  
 1228   13.7  1.2  0.4  Sniffles2.INS.4S30        1  1010    (8) + ALR/Alpha      Satellite/centr        1   1018    (1) 1150  
   72    1.5  0.0  0.0  Sniffles2.INS.4S34        1    69    (1) + (GAATG)n       Simple_repeat          1     69    (0) 1151  
  838    7.5  1.0  1.5  Sniffles2.INS.4S8         2   135    (1) + BSR/Beta       Satellite              1    133    (0) 1152  
   35    0.0  0.0  0.0  Sniffles2.INS.4SA7       23    55  (630) + (CTCC)n        Simple_repeat          1     33    (0) 1153  
   43    2.0  3.9  0.0  Sniffles2.INS.4SA7      519   569  (116) + (TTTC)n        Simple_repeat          1     53    (0) 1154  
   12   26.1  0.0  0.0  Sniffles2.INS.4SA7      572   608   (77) + (CTCTCT)n      Simple_repeat          1     37    (0) 1155  
   49    8.4  1.3  1.3  Sniffles2.INS.4SA7      609   685    (0) + (CT)n          Simple_repeat          1     77    (0) 1156  
   20   21.6  0.0  0.0  Sniffles2.INS.4SB9        5    52    (3) + (TTCCA)n       Simple_repeat          1     48    (0) 1157  
   51    3.7  0.0  0.0  Sniffles2.INS.4SBD       12    66   (24) + (CATTC)n       Simple_repeat          1     55    (0) 1158  
   50    2.2  0.0  0.0  Sniffles2.INS.500S0     288   334    (0) + (CA)n          Simple_repeat          1     47    (0) 1159  
  241    0.0  4.2  0.0  Sniffles2.INS.500S4       2   240    (1) + (AT)n          Simple_repeat          1    249    (0) 1160  
   41    6.3  0.0  5.7  Sniffles2.INS.501S1       1    74    (7) + (TATATAC)n     Simple_repeat          1     70    (0) 1161  
   42    2.4  0.0  0.0  Sniffles2.INS.503S22      1    43    (9) + (AGGA)n        Simple_repeat          1     43    (0) 1162  
   98    1.1 10.7  7.1  Sniffles2.INS.503S31      8   334    (0) + (AT)n          Simple_repeat          1    338    (0) 1163  
   47    0.0  2.0  2.0  Sniffles2.INS.505S4       1    51    (0) + (TTTC)n        Simple_repeat          1     51    (0) 1164  
   41    0.0  0.0  4.4  Sniffles2.INS.507S31      1    47    (0) + (AAAG)n        Simple_repeat          1     45    (0) 1165  
   15   45.4  0.0  1.1  Sniffles2.INS.507S35      5    94   (16) + (TA)n          Simple_repeat          1     89    (0) 1166  
   29    5.6 10.3  1.6  Sniffles2.INS.507S4       1    58    (0) + (TA)n          Simple_repeat          1     63    (0) 1167  
   35    0.0 10.0  0.0  Sniffles2.INS.50CS38      5    54    (0) + (TCTT)n        Simple_repeat          1     55    (0) 1168  
  432    3.7  0.0  3.9  Sniffles2.INS.50DS35      5    58    (1) C AluSc5         SINE/Alu            (99)    210    159 1169  
   42   27.3  3.8  0.0  Sniffles2.INS.50ES0       2   134    (4) + (AT)n          Simple_repeat          1    138    (0) 1170  
   30   14.3  0.0  0.0  Sniffles2.INS.50FS3A      6    59    (2) + (TATATTA)n     Simple_repeat          1     54    (0) 1171  
  401   12.7  3.2  0.0  Sniffles2.INS.50S2B      14    76   (90) + Alu            SINE/Alu             224    288   (13) 1172  
  384   17.7  0.0  0.0  Sniffles2.INS.50S2B     102   163    (3) + Alu            SINE/Alu             227    288   (14) 1173  
 1166   10.3  1.6  0.5  Sniffles2.INS.50S58       1   676    (1) + ALR/Alpha      Satellite/centr        1    683    (0) 1174  
  284   23.1  0.0  0.0  Sniffles2.INS.50S8        3    67    (1) C BSR/Beta       Satellite           (13)    123     59 1175  
  860    4.2 10.8  0.0  Sniffles2.INS.512S22      1   120    (1) + AluY           SINE/Alu              22    154  (147) 1176  
   16    5.2  0.0  0.0  Sniffles2.INS.512S31      3    22   (39) + (T)n           Simple_repeat          1     20    (0) 1177  
   23   21.5  4.5  0.0  Sniffles2.INS.513S38      3    68    (1) + (CACCAT)n      Simple_repeat          1     69    (0) 1178  
   39   15.6  2.4  2.4  Sniffles2.INS.514S31      1    82    (8) + (AT)n          Simple_repeat          1     82    (0) 1179  
  916    5.0  0.2  4.0  Sniffles2.INS.515S2       1   224    (2) C SVA_D          Retroposon/SVA     (520)    866    557 1180  
   44   15.4  2.2  2.2  Sniffles2.INS.516S31      1    90   (12) + (AT)n          Simple_repeat          1     90    (0) 1181  
   23   27.3  2.9  0.0  Sniffles2.INS.517S31      1    70   (13) + (AT)n          Simple_repeat          1     72    (0) 1182  
   27   10.4  5.7  0.0  Sniffles2.INS.517S38      1    53    (1) + GA-rich        Low_complexity         1     56    (0) 1183  
  245    4.5  2.2  2.2  Sniffles2.INS.51AS35      1    45    (0) + SVA_F          Retroposon/SVA       690    734  (641) 1184  
  497   15.4  0.0  0.0  Sniffles2.INS.51CS31     18    95   (21) + L1MC           LINE/L1             4170   4247 (1899) 1185  
  178   20.4  1.2  1.8  Sniffles2.INS.51CS3A      1   403    (3) + (GGT)n         Simple_repeat          1    401    (0) 1186  
   23   14.1  4.1  0.0  Sniffles2.INS.51DS4       1    49    (1) + GA-rich        Low_complexity         1     51    (0) 1187  
   60   15.7  3.4  0.0  Sniffles2.INS.51ES4       1   119    (1) + GA-rich        Low_complexity         1    123    (0) 1188  
  430   11.2 30.8  0.0  Sniffles2.INS.51FS0       5   111    (4) C AluSx          SINE/Alu             (9)    293    154 1189  
  331   10.6  0.0  0.0  Sniffles2.INS.51S8       21    67    (1) C BSR/Beta       Satellite           (59)     77     31 1190  
 1092   10.6  0.3  0.6  Sniffles2.INS.51SBD       1   881    (7) + BSR/Beta       Satellite              1    878    (0) 1191  
   23    5.5  0.0 11.6  Sniffles2.INS.526S2       2    49    (0) + (TA)n          Simple_repeat          1     43    (0) 1192  
   21   16.1  3.4  3.4  Sniffles2.INS.526S22      1    60    (0) + (ATATA)n       Simple_repeat          1     60    (0) 1193  
  503    6.3  0.2  1.4  Sniffles2.INS.528S1       1    97    (1) + SVA_C          Retroposon/SVA       691    823  (564) 1194  
   21   27.3  0.0  0.0  Sniffles2.INS.52AS1       1    57    (0) + G-rich         Low_complexity         1     57    (0) 1195  
   38    9.4  4.4  0.0  Sniffles2.INS.52BS2       1    68    (0) + (ATAAAT)n      Simple_repeat          1     71    (0) 1196  
   28   23.3  3.2  5.8  Sniffles2.INS.52BS23      6   128    (4) + (TATC)n        Simple_repeat          1    120    (0) 1197  
   80    9.8  0.0  4.4  Sniffles2.INS.52CS2       1   142    (0) + (ATAAAT)n      Simple_repeat          1    136    (0) 1198  
   78    0.0  0.0  0.0  Sniffles2.INS.52DS1       1    69    (0) + (C)n           Simple_repeat          1     69    (0) 1199  
   34   23.6  0.0  0.0  Sniffles2.INS.52ES2       6    83    (0) + (TATA)n        Simple_repeat          1     78    (0) 1200  
  293   12.5  2.1  0.0  Sniffles2.INS.52S8        2    49    (7) C BSR/Beta       Satellite           (30)    106     58 1201  
  336   13.2  0.0  0.0  Sniffles2.INS.52SBD       1    53    (2) + BSR/Beta       Satellite             28     80   (56) 1202  
  187   19.4  0.3  1.1  Sniffles2.INS.531S0       2   380    (0) + (GGT)n         Simple_repeat          1    376    (0) 1203  
   40    3.9  1.9  0.0  Sniffles2.INS.531S39      1    54    (0) + (AAGA)n        Simple_repeat          1     55    (0) 1204  
   76   16.4  1.9  1.3  Sniffles2.INS.532S0       1   155    (5) + (TGG)n         Simple_repeat          1    156    (0) 1205  
  133   15.2  1.5  1.9  Sniffles2.INS.533S0       3   262   (12) + (GGT)n         Simple_repeat          1    259    (0) 1206  
  287   15.4  9.6  0.0  Sniffles2.INS.533S35      1    52    (0) C L1MA7          LINE/L1             (75)   6216   6160 1207  
   30   19.1  1.4  1.4  Sniffles2.INS.536S3A      2    71    (1) + (AGGTGT)n      Simple_repeat          1     70    (0) 1208  
  889   12.7  3.1  0.6  Sniffles2.INS.537S33      2   160    (7) C ALR/Alpha      Satellite/centr      (8)    163      1 1209  
   31   10.4  1.8  3.6  Sniffles2.INS.538S1       1    56    (2) + (AT)n          Simple_repeat          1     55    (0) 1210  
  720   14.8  4.1  0.0  Sniffles2.INS.538S33      6   168    (0) C ALR/Alpha      Satellite/centr     (67)    169      1 1211  
   51    0.0  0.0  0.0  Sniffles2.INS.538S3A      5    50    (0) + (AAAG)n        Simple_repeat          1     46    (0) 1212  
   36    5.9  1.8  3.6  Sniffles2.INS.539S1       2    58    (0) + (TA)n          Simple_repeat          1     56    (0) 1213  
   29    3.9  9.4  0.0  Sniffles2.INS.539S3A      1    53    (3) + (ATAATAT)n     Simple_repeat          1     58    (0) 1214  
 1262   14.3  1.0  0.5  Sniffles2.INS.53AS33      2  2209    (2) C ALR/Alpha      Satellite/centr     (74)   2219      1 1215  
  720   14.8  4.1  0.0  Sniffles2.INS.53BS33      2   165    (0) C ALR/Alpha      Satellite/centr     (66)    170      1 1216  
  202   10.4  6.7  2.1  Sniffles2.INS.53CS0       2   419    (1) + (GT)n          Simple_repeat          1    437    (0) 1217  
 1121   13.7  0.4  0.5  Sniffles2.INS.53CS33      1   684    (1) C ALR/Alpha      Satellite/centr     (41)    683      1 1218  
  583   25.0 31.7  6.2  Sniffles2.INS.53DS0       7   305  (420) C L1M5           LINE/L1            (383)   5859   5484 1219  
 2363    9.9  0.0  0.6  Sniffles2.INS.53DS0     321   634   (91) + AluSx1         SINE/Alu               1    312    (0) 1220  
  227   24.6  2.9  0.0  Sniffles2.INS.53DS0     657   725    (0) C L1M5           LINE/L1           (1478)   4668   4598 1219  
   52    3.7  0.0  0.0  Sniffles2.INS.53FS1       1    56    (0) + (CCGCCCT)n     Simple_repeat          1     56    (0) 1221  
  422   22.1  0.5 13.3  Sniffles2.INS.53SBD       1   129    (0) + BSR/Beta       Satellite              1    112    (4) 1222  
   14   23.7  1.9  3.9  Sniffles2.INS.540S0       5    57    (8) + (TCC)n         Simple_repeat          1     52    (0) 1223  
  120    7.3  1.6  1.6  Sniffles2.INS.543S38     14   195    (0) + (ACC)n         Simple_repeat          1    182    (0) 1224  
  759    7.7  0.0  0.0  Sniffles2.INS.543S4       1    91  (141) C AluYa5         SINE/Alu           (220)     91      1 1225  
  781   17.1  0.0  5.2  Sniffles2.INS.543S4      92   232    (0) C AluJb          SINE/Alu            (74)    228     95 1226  
   51   17.1  0.0  9.7  Sniffles2.INS.545S3A      1   158    (0) + G-rich         Low_complexity         1    144    (0) 1227  
   43    0.0  0.0  0.0  Sniffles2.INS.546S31      1    40   (16) + (TCTTT)n       Simple_repeat          1     40    (0) 1228  
  126   13.4  4.3  5.3  Sniffles2.INS.547S2      22   343    (6) + (CTTCC)n       Simple_repeat          1    319    (0) 1229  
  375    3.5  5.2  1.7  Sniffles2.INS.547S39      1    58    (3) C L1P1           LINE/L1           (3127)   3019   2960 1230  
  618    7.3  0.0  4.0  Sniffles2.INS.54AS1       1   129    (2) C SVA_A          Retroposon/SVA     (642)    745    622 1231  
   39    0.0  5.7  0.0  Sniffles2.INS.54DS2       1    53    (0) + (GAAA)n        Simple_repeat          1     56    (0) 1232  
   41    0.0  6.2  0.0  Sniffles2.INS.54DS31      1    48    (5) + (TCTT)n        Simple_repeat          1     51    (0) 1233  
   53    7.3  1.0  5.4  Sniffles2.INS.54S1        1    96    (0) + (CCTT)n        Simple_repeat          1     92    (0) 1234  
   43    6.0  0.0  0.0  Sniffles2.INS.54S5        1    53    (0) + (TTTC)n        Simple_repeat          1     53    (0) 1235  
 2058    0.9  0.0  0.5  Sniffles2.INS.54SBD       1   224    (6) + AluYa5         SINE/Alu              79    301   (10) 1236  
   29   15.6  6.8  1.3  Sniffles2.INS.555S2       3    75    (2) + (AT)n          Simple_repeat          1     77    (0) 1237  
   33   18.6  0.0  0.0  Sniffles2.INS.555S23      1    58    (2) + (T)n           Simple_repeat          1     58    (0) 1238  
  466    2.2  0.0  5.4  Sniffles2.INS.555S4       1    98    (0) + SVA_F          Retroposon/SVA       659    751  (624) 1239  
  274   11.5  1.9  0.0  Sniffles2.INS.556S35     32    83   (20) + MSTA           LTR/ERVL-MaLR         58    110  (318) 1240  
   96   12.1  8.0  0.0  Sniffles2.INS.558S2       1   200    (3) + (TA)n          Simple_repeat          1    216    (0) 1241  
   21    2.7  2.2  9.5  Sniffles2.INS.558S3A     33    77    (2) + (ATC)n         Simple_repeat          1     42    (0) 1242  
   50    0.0  0.0  0.0  Sniffles2.INS.55BS2      17    61    (0) + (AAGG)n        Simple_repeat          1     45    (0) 1243  
   22    2.5  9.3  2.2  Sniffles2.INS.55CS2       3    45    (0) + (CCT)n         Simple_repeat          1     46    (0) 1244  
 1265    0.0  0.0  0.0  Sniffles2.INS.55DS1       4   135    (7) + AluYa5         SINE/Alu               1    132  (179) 1245  
   38   15.6  3.5  1.1  Sniffles2.INS.55ES3A      1    87    (0) + (ATATAAT)n     Simple_repeat          1     89    (0) 1246  
  262   18.8  0.0  0.0  Sniffles2.INS.55S2B       6    53    (2) + Alu            SINE/Alu              90    137   (29) 1247  
  276   20.0  1.7  0.0  Sniffles2.INS.55SBD       6    65    (2) + BSR/Beta       Satellite             28     88   (48) 1248  
   27    9.3  0.0  4.2  Sniffles2.INS.560S2       1    50    (1) + (AAGA)n        Simple_repeat          1     48    (0) 1249  
  111    9.5  6.4  0.0  Sniffles2.INS.561S4       1   202    (2) + (TATATTA)n     Simple_repeat          1    215    (0) 1250  
  295   21.8 10.4  4.1  Sniffles2.INS.562S2      11   125    (2) + Tigger9b       DNA/TcMar-Tigger      97    218  (406) 1251  
  177   15.6  4.3  0.0  Sniffles2.INS.567S33      1   350    (3) + (TA)n          Simple_repeat          1    365    (0) 1252  
   58   12.7  2.1  0.0  Sniffles2.INS.568S33      1    96    (0) + (AT)n          Simple_repeat          1     98    (0) 1253  
  539    6.8  0.0  0.0  Sniffles2.INS.569S31      1    74   (11) + L1P2           LINE/L1             2087   2160 (4024) 1254  
   78   14.2  3.5  0.0  Sniffles2.INS.569S33      1   142    (0) + (TA)n          Simple_repeat          1    147    (0) 1255  
 4868    2.7  0.3  1.5  Sniffles2.INS.56AS33     19   614    (4) + L1P1           LINE/L1             4281   4869 (1277) 1256  
   32   16.0  0.0  5.4  Sniffles2.INS.56CS33      2    79    (5) + (TATATAA)n     Simple_repeat          1     74    (0) 1257  
   43   27.3  0.0  0.0  Sniffles2.INS.56DS0       1   105    (3) + (AT)n          Simple_repeat          1    105    (0) 1258  
   24   11.8 10.3  2.7  Sniffles2.INS.56DS33      1    68    (0) + (TA)n          Simple_repeat          1     73    (0) 1259  
   27    0.0  5.3  2.6  Sniffles2.INS.56DS35      8    45    (1) + (CCATCCAC)n    Simple_repeat          1     39    (0) 1260  
   28    8.5  5.5  3.6  Sniffles2.INS.56ES1       1    55    (1) + (AT)n          Simple_repeat          1     56    (0) 1261  
   59    7.2  3.8  4.6  Sniffles2.INS.56FS1      14   144    (1) + (AT)n          Simple_repeat          1    130    (0) 1262  
 1300   10.5  0.3  0.0  Sniffles2.INS.56S58       1  1875    (0) + ALR/Alpha      Satellite/centr        1   1881    (0) 1263  
  740   10.3  1.4  2.9  Sniffles2.INS.56S8      470   609  (398) + LSAU           Satellite              2    139  (359) 1264  
  434    9.7  0.0  0.0  Sniffles2.INS.56SBD       1    62    (6) + BSR/Beta       Satellite             58    119   (17) 1265  
   47    0.0  2.2  0.0  Sniffles2.INS.573S1       3    48    (3) + (AGGA)n        Simple_repeat          1     47    (0) 1266  
   37    4.4 10.0  0.0  Sniffles2.INS.574S1       4    73    (5) + (TA)n          Simple_repeat          1     77    (0) 1267  
   44    1.7  6.3  1.5  Sniffles2.INS.575S1       1    63    (0) + (TCTT)n        Simple_repeat          1     66    (0) 1268  
   17   21.7 12.6  0.8  Sniffles2.INS.575S23      2    27   (87) + (TGTGCA)n      Simple_repeat          1     59   (65) 1269  
   16   26.0  0.0  7.3  Sniffles2.INS.575S23     28    86   (28) + (TG)n          Simple_repeat          1     55    (0) 1270  
   17   21.7 12.6  0.8  Sniffles2.INS.575S23     87   112    (2) + (TGTGCA)n      Simple_repeat         60    124    (0) 1269  
   54   10.0 11.5  2.3  Sniffles2.INS.575S31      1   157    (2) + (CCTGCTG)n     Simple_repeat          1    171    (0) 1271  
   24   17.4  4.8  3.1  Sniffles2.INS.576S23     15    77    (0) + (GT)n          Simple_repeat          1     64    (0) 1272  
   84    0.0  0.0  1.3  Sniffles2.INS.576S4       1    78    (0) + (GGAGAG)n      Simple_repeat          1     77    (0) 1273  
   30   21.1  0.0  0.0  Sniffles2.INS.577S0       2    59    (1) + (TA)n          Simple_repeat          1     58    (0) 1274  
   90    0.0  0.0  0.0  Sniffles2.INS.577S1       1    79    (1) + (G)n           Simple_repeat          1     79    (0) 1275  
  217   24.2 10.6  4.5  Sniffles2.INS.578S38     49   152  (248) C L2a            LINE/L2              (8)   3418   3309 1276  
  520   20.8  2.0 12.1  Sniffles2.INS.578S38    155   400    (0) + L1MD           LINE/L1             3812   4035 (2111) 1277  
   36   21.5  1.6  5.6  Sniffles2.INS.578S39      2    95    (2) + GA-rich        Low_complexity         1     90    (0) 1278  
 2883    1.0  0.0  0.0  Sniffles2.INS.57CS33     14   320    (0) + AluYa5         SINE/Alu               1    307    (4) 1279  
   96    0.7 10.8  0.0  Sniffles2.INS.57DS3A      1   139    (0) + (TA)n          Simple_repeat          1    154    (0) 1280  
   14    0.0  0.0  0.0  Sniffles2.INS.57S25       1    18  (129) + (TAA)n         Simple_repeat          1     18    (0) 1281  
  720   14.2  3.9  0.0  Sniffles2.INS.57S25      21   147    (0) + MER57-int      LTR/ERV1            4451   4582 (2955) 1282  
  407   13.8  3.5  0.0  Sniffles2.INS.57S2B       6    63    (0) + Alu            SINE/Alu             225    284   (17) 1283  
  338   14.6  0.0  1.8  Sniffles2.INS.57S8        1    56    (1) C BSR/Beta       Satellite           (70)     66     12 1284  
  344   18.8  0.0  0.0  Sniffles2.INS.57SBD       3    66    (0) + BSR/Beta       Satellite             54    117   (19) 1285  
   30    0.0  5.7  0.0  Sniffles2.INS.580S4       1    35   (16) + (CTTT)n        Simple_repeat          1     37    (0) 1286  
   42    1.6  5.8  2.8  Sniffles2.INS.581S0       1    69    (1) + (AGAA)n        Simple_repeat          1     71    (0) 1287  
   21   11.7  6.0  3.9  Sniffles2.INS.581S2       9    58    (1) + (TA)n          Simple_repeat          1     51    (0) 1288  
   30   15.8  0.0  0.0  Sniffles2.INS.581S22      1    50    (2) + (AT)n          Simple_repeat          1     50    (0) 1289  
   68   12.7  0.9  0.0  Sniffles2.INS.582S0       1   107    (5) + (AT)n          Simple_repeat          1    108    (0) 1290  
   43    2.3  0.0  0.0  Sniffles2.INS.582S39      6    49    (1) + (AAAG)n        Simple_repeat          1     44    (0) 1291  
   31    0.0 11.4  0.0  Sniffles2.INS.585S33      2    45    (0) + (TA)n          Simple_repeat          1     49    (0) 1292  
   56    0.0  0.0  0.0  Sniffles2.INS.586S1       4    53    (0) + (TCTT)n        Simple_repeat          1     50    (0) 1293  
   35    3.7  8.9  0.0  Sniffles2.INS.58DS1       3    58    (2) + (AT)n          Simple_repeat          1     61    (0) 1294  
   59    0.0  0.0  0.0  Sniffles2.INS.58ES3A      4    56    (0) + (TTTC)n        Simple_repeat          1     53    (0) 1295  
  546   27.2 11.9  1.5  Sniffles2.INS.58S25      28   262  (758) C MER20B         DNA/hAT-Charlie    (406)    377    119 1296  
 2090   15.8  0.3  0.0  Sniffles2.INS.58S25     538   848  (172) C AluSz6         SINE/Alu             (0)    312      1 1297  
  312   26.5  0.0  0.0  Sniffles2.INS.58S25     953  1020    (0) C Tigger5b       DNA/TcMar-Tigger     (0)    472    405 1298  
 4528    4.4  0.2  0.3  Sniffles2.INS.58S58       2   571   (40) + L1P1           LINE/L1             4321   4889 (1257) 1299  
  301    5.3  0.0  0.0  Sniffles2.INS.58S58     573   610    (1) + L1P1           LINE/L1             4281   4318 (1828) 1300  
  922   11.7  0.2  0.3  Sniffles2.INS.58SBD       1   269    (0) + BSR/Beta       Satellite              1    268    (4) 1301  
   89    0.0  0.0  0.0  Sniffles2.INS.592S1       1    78    (0) + (C)n           Simple_repeat          1     78    (0) 1302  
   58    0.0  1.8  0.0  Sniffles2.INS.592S2       3    58    (0) + (CTCC)n        Simple_repeat          1     57    (0) 1303  
   26    8.9  4.0  2.0  Sniffles2.INS.593S0       1    50    (1) + (CTTT)n        Simple_repeat          1     51    (0) 1304  
  576    1.3  0.0  0.0  Sniffles2.INS.597S0       2    77    (0) + SVA_F          Retroposon/SVA       752    827  (548) 1305  
  319   24.1  0.0  0.0  Sniffles2.INS.598S39      7    89    (2) C L1ME1          LINE/L1            (271)   5908   5826 1306  
   57    2.3  7.1  7.8  Sniffles2.INS.599S0       1   155    (1) + (TA)n          Simple_repeat          1    154    (0) 1307  
  959   13.1  0.0  8.4  Sniffles2.INS.599S1       1   183    (0) + AluSx          SINE/Alu               1    301    (1) 1308  
  178   21.3  0.0  1.6  Sniffles2.INS.59BS0       1   389    (4) + (TA)n          Simple_repeat          1    383    (0) 1309  
   50   10.3  0.0  1.2  Sniffles2.INS.59CS2       1    86   (13) + (GTATACAT)n    Simple_repeat          1     85    (0) 1310  
  596   13.9  1.8  0.9  Sniffles2.INS.59ES0       6   114    (4) + AluY           SINE/Alu              86    195  (106) 1311  
   70   17.0  1.6  6.7  Sniffles2.INS.59ES1       1   188   (17) + GA-rich        Low_complexity         1    179    (0) 1312  
   32    1.9 11.3  0.0  Sniffles2.INS.59FS33      2    54    (0) + (TA)n          Simple_repeat          1     59    (0) 1313  
   41    2.3  0.0  2.2  Sniffles2.INS.59FS3A      9    55    (0) + (CCTTT)n       Simple_repeat          1     46    (0) 1314  
  367   11.1  0.0  0.0  Sniffles2.INS.59S25      14    67    (5) C L1P1           LINE/L1           (6099)     56      3 1315  
  282   15.6  4.4  0.0  Sniffles2.INS.59S2B       1    45    (2) + FRAM           SINE/Alu             111    157   (19) 1316  
   40   18.9  3.9 10.3  Sniffles2.INS.59S35       7   213    (7) + (CACCG)n       Simple_repeat          1    195    (0) 1317  
   37    6.6  6.2  0.0  Sniffles2.INS.59S5        1    65    (1) + (GGAGAGG)n     Simple_repeat          1     69    (0) 1318  
  402   11.9  0.0  0.0  Sniffles2.INS.59SBD       4    62    (8) + BSR/Beta       Satellite             27     85   (51) 1319  
 2163    9.9  0.3  0.0  Sniffles2.INS.5A3S33     17   300    (0) + AluSc8         SINE/Alu               2    286   (25) 1320  
  264    5.4  0.7  0.3  Sniffles2.INS.5A4S39      5   314    (0) + (TATATATAG)n   Simple_repeat          1    311    (0) 1321  
   27   20.7  1.6  0.0  Sniffles2.INS.5A8S23      1    63    (9) + (GTGG)n        Simple_repeat          1     64    (0) 1322  
  279    1.9 15.4  0.0  Sniffles2.INS.5AAS0      18    69    (2) + MER101-int     LTR/ERV1            2478   2537 (4102) 1323  
   44    0.0 10.2  0.0  Sniffles2.INS.5ACS2       2    60    (9) + (TA)n          Simple_repeat          1     65    (0) 1324  
   16    0.0  0.0  0.0  Sniffles2.INS.5AS18       3    22   (51) + (AGG)n         Simple_repeat          1     20    (0) 1325  
   50    6.6  0.0  0.0  Sniffles2.INS.5AS31       2    65    (0) + (A)n           Simple_repeat          1     64    (0) 1326  
   25   26.7  0.0  0.0  Sniffles2.INS.5B1S33      1    58    (0) + (TA)n          Simple_repeat          1     58    (0) 1327  
  413    7.5  2.2  1.6  Sniffles2.INS.5B3S1       1   640   (13) + (TTCC)n        Simple_repeat          1    644    (0) 1328  
  340    9.1  0.0  0.0  Sniffles2.INS.5BBS22     19    62    (3) + L1PA10         LINE/L1             6057   6100   (68) 1329  
   60    1.6  3.1  0.0  Sniffles2.INS.5BCS22      1    65    (0) + (AAAG)n        Simple_repeat          1     67    (0) 1330  
  366    9.1  1.8  1.8  Sniffles2.INS.5BES3A     15    69    (0) + AluSx3         SINE/Alu             107    161  (150) 1331  
  111   10.4  0.0  0.6  Sniffles2.INS.5BS18       4   170    (2) + (AGG)n         Simple_repeat          1    166    (0) 1332  
  268   10.3  0.0  0.0  Sniffles2.INS.5BS25       1    58    (0) C TAR1           Satellite/subtelo  (774)   1336   1279 1333  
  958   11.9  0.8  1.2  Sniffles2.INS.5BS58       2   171    (1) C ALR/Alpha      Satellite/centr     (62)    169      1 1334  
   46    5.1  5.7  3.3  Sniffles2.INS.5C0S2       2    89    (2) + (TA)n          Simple_repeat          1     90    (0) 1335  
   26   10.8  1.6  8.8  Sniffles2.INS.5C1S33      1    61    (5) + (AT)n          Simple_repeat          1     57    (0) 1336  
   57    0.0 10.8  6.7  Sniffles2.INS.5CCS33      4   161    (2) + (AT)n          Simple_repeat          1    164    (0) 1337  
  314   22.8 16.8  1.9  Sniffles2.INS.5CES22     13   191   (72) C Plat_L3        LINE/CR1            (97)   3476   3272 1338  
   13   23.2  2.4  0.0  Sniffles2.INS.5CFS2      14    54    (9) + (CACCACC)n     Simple_repeat          1     42    (0) 1339  
  555    7.1  0.0  0.0  Sniffles2.INS.5CFS3A      2    71    (0) + Alu            SINE/Alu              10     79  (222) 1340  
 1016    9.8  0.6  2.6  Sniffles2.INS.5CS13       1   157    (0) + SVA_B          Retroposon/SVA       517    670  (713) 1341  
 1054    7.2  0.6  0.0  Sniffles2.INS.5CS25       1   282    (8) C ACRO1          Satellite/acro       (9)    283      1 1342  
  252   21.8  3.6  0.0  Sniffles2.INS.5CS2B       1    55    (1) + Alu            SINE/Alu              94    150   (16) 1343  
   37    5.8  3.6  0.0  Sniffles2.INS.5CS33       1    55   (83) + (GATG)n        Simple_repeat          1     57    (0) 1344  
 1029   10.2  0.0  1.6  Sniffles2.INS.5CS58       1   172    (1) C ALR/Alpha      Satellite/centr     (64)    169      1 1345  
  441   13.2  0.0  0.0  Sniffles2.INS.5CS8        1    68    (0) C BSR/Beta       Satellite           (38)     98     31 1346  
  301   14.3  0.0  0.0  Sniffles2.INS.5D1S3A      1    42   (16) C Alu            SINE/Alu            (91)     42      1 1347  
 1423    9.4  0.5  0.0  Sniffles2.INS.5D3S22     22   234  (483) C L1PREC2        LINE/L1           (2958)   3188   2975 1348  
  892   11.8 14.7  0.0  Sniffles2.INS.5D3S22    217   386  (331) + L1PREC2        LINE/L1             2975   3169 (2977) 1349 *
  808   19.4  1.1  0.0  Sniffles2.INS.5D3S22    391   531  (186) + AluSx          SINE/Alu               2    212   (90) 1350  
   42    4.6  0.0  0.0  Sniffles2.INS.5D3S22    532   576  (141) + (AC)n          Simple_repeat          1     45    (0) 1351  
  680   21.4  0.7  3.6  Sniffles2.INS.5D3S22    577   717    (0) + AluSx          SINE/Alu             132    268   (34) 1350  
   51    0.0  2.0  0.0  Sniffles2.INS.5D5S2       1    50    (0) + (TTCT)n        Simple_repeat          1     51    (0) 1352  
   24   20.3  0.0  0.0  Sniffles2.INS.5D7S2       8    54    (1) + (TC)n          Simple_repeat          1     47    (0) 1353  
   44    0.0  0.0  0.0  Sniffles2.INS.5DAS2      13    52    (0) + (TCTT)n        Simple_repeat          1     40    (0) 1354  
  221   29.1  2.3  1.1  Sniffles2.INS.5DAS33      2    88    (0) + MIR            SINE/MIR              57    144  (118) 1355  
  281   14.6  0.0  0.0  Sniffles2.INS.5DBS0       8    55    (3) + L1PREC2        LINE/L1             5441   5488  (672) 1356  
   25   16.7  1.7  3.4  Sniffles2.INS.5DBS22      1    60    (1) + GA-rich        Low_complexity         1     59    (0) 1357  
  864    2.1  0.0  0.0  Sniffles2.INS.5DCS3A      1    93    (0) C AluSc8         SINE/Alu           (205)    106     14 1358  
  203   32.3  0.0  0.0  Sniffles2.INS.5DES1      41   105  (312) + L2             LINE/L2             2832   2896  (523) 1359 *
  264   29.4  1.9  3.9  Sniffles2.INS.5DES1     105   210  (207) C L2a            LINE/L2            (408)   3011   2908 1360  
   36   17.4  4.2  2.1  Sniffles2.INS.5DFS4       6   100    (0) + (ATAAT)n       Simple_repeat          1     97    (0) 1361  
   22   12.8  0.0  0.0  Sniffles2.INS.5DS11    1044  1077 (1346) + (CA)n          Simple_repeat          1     34    (0) 1362  
 2272    9.5  0.7  0.0  Sniffles2.INS.5DS11    1717  2021  (402) + AluSx          SINE/Alu               1    307    (5) 1363  
  380   14.4  0.3  0.0  Sniffles2.INS.5DS2B       5    68    (6) + FRAM           SINE/Alu              89    140   (26) 1364  
  872   14.9  0.4  0.0  Sniffles2.INS.5DS58       1   163    (9) C ALR/Alpha      Satellite/centr     (23)    163      1 1365  
  270   18.9  1.9  0.0  Sniffles2.INS.5DS8        1    53   (13) C BSR/Beta       Satellite           (64)     72     19 1366  
  151   11.0  1.2  7.4  Sniffles2.INS.5E1S1       6   335    (2) + (GGAT)n        Simple_repeat          1    311    (0) 1367  
   29   13.4  0.0  0.0  Sniffles2.INS.5E1S2       1    50    (0) + (CCCCT)n       Simple_repeat          1     50    (0) 1368  
  264   17.9  9.0  0.0  Sniffles2.INS.5E4S22      1    78   (62) + L1P4           LINE/L1             3134   3218 (2928) 1369  
  320   10.0 10.0  0.0  Sniffles2.INS.5E4S22     81   140    (0) + L1P4           LINE/L1             3067   3132 (3014) 1370  
  651    4.3  0.3  5.3  Sniffles2.INS.5E7S33      1   127    (0) + SVA_F          Retroposon/SVA       756    855  (520) 1371  
   12   27.0  0.0  4.3  Sniffles2.INS.5E8S39     11    59    (8) + (ATAC)n        Simple_repeat          1     47    (0) 1372  
  397   11.4  3.5  8.8  Sniffles2.INS.5EAS33      1   144    (0) C SVA_F          Retroposon/SVA     (570)    805    669 1373  
  477    2.4  1.2  1.2  Sniffles2.INS.5EBS2       5    89    (0) C SVA_F          Retroposon/SVA     (592)    783    699 1374  
   19   11.7  2.4  5.0  Sniffles2.INS.5EDS33     11    51    (0) + (AT)n          Simple_repeat          1     40    (0) 1375  
  295   11.1  2.2  0.0  Sniffles2.INS.5EDS4       1    45   (14) C Alu            SINE/Alu            (86)     47      2 1376  
   16   27.3  0.0  4.0  Sniffles2.INS.5EES3A      4    55    (0) + (CA)n          Simple_repeat          1     50    (0) 1377  
   22   18.6  3.6  0.0  Sniffles2.INS.5ES33       1    55   (36) + (GATG)n        Simple_repeat          1     57    (0) 1378  
  348   19.4  0.0  0.0  Sniffles2.INS.5ES8        2    63    (0) C BSR/Beta       Satellite           (38)     98     37 1379  
  702    2.4  0.0  1.2  Sniffles2.INS.5F5S39      2    86    (0) + ALR/Alpha      Satellite/centr        2     85   (84) 1380  
  231   11.8  0.0  0.0  Sniffles2.INS.5FDS23     16    49  (366) C L1MD           LINE/L1           (1369)   4777   4744 1381  
  240   15.0  0.0  0.0  Sniffles2.INS.5FDS23     86   125  (290) C L1M5           LINE/L1           (1363)   4783   4744 1382 *
  253   12.5  0.0  0.0  Sniffles2.INS.5FDS23    124   163  (252) C L1M5           LINE/L1           (1363)   4783   4744 1382 *
  286    8.2  0.0  0.5  Sniffles2.INS.5FDS23    157   201  (214) C L1M5           LINE/L1           (1360)   4786   4744 1382  
  253   12.5  0.0  0.0  Sniffles2.INS.5FDS23    237   276  (139) C L1M5           LINE/L1           (1363)   4783   4744 1382 *
  270   10.7  0.0  0.5  Sniffles2.INS.5FDS23    270   314  (101) C L1M5           LINE/L1           (1360)   4786   4744 1382  
  246    9.4  0.0  0.0  Sniffles2.INS.5FDS23    350   389   (26) C L1M5           LINE/L1           (1363)   4783   4744 1382  
   42    7.4  9.4  0.0  Sniffles2.INS.5FDS39      9    93    (0) + (ATATATA)n     Simple_repeat          1     93    (0) 1383  
   24   15.2  5.9  0.0  Sniffles2.INS.5FFS33      1    51    (6) + (AT)n          Simple_repeat          1     54    (0) 1384  
 1015    0.0  0.0  0.0  Sniffles2.INS.5FS2B       1   106   (82) + AluSc8         SINE/Alu              17    122  (189) 1385  
  593   21.1  1.6  0.8  Sniffles2.INS.5FS2B       4   127   (61) C SVA_F          Retroposon/SVA    (1075)    300    176 1386 *
  670    3.7  0.0  0.0  Sniffles2.INS.5FS2B     107   188    (0) + Alu            SINE/Alu             220    301    (0) 1387  
  109   23.8  2.2  0.0  Sniffles2.INS.5FS33       1   267    (0) + (ATGG)n        Simple_repeat          1    273    (0) 1388  
   30    3.1  0.0  0.0  Sniffles2.INS.5FS37       5    37   (18) + (T)n           Simple_repeat          1     33    (0) 1389  
  711   14.8  0.0  0.5  Sniffles2.INS.5FS8        1   136    (1) C BSR/Beta       Satellite           (51)    135      1 1390  
  263   26.0  0.0  2.6  Sniffles2.INS.5S12        1    79   (38) C SVA_B          Retroposon/SVA    (1246)    137     61 1391 *
  855    2.1  0.0  0.0  Sniffles2.INS.5S12       15   107   (10) + AluYb8         SINE/Alu             216    308   (10) 1392  
  259   21.3  0.0  0.0  Sniffles2.INS.5S2B        1    47   (21) + AluJo          SINE/Alu             230    276   (36) 1393  
 1160   11.5  0.9  0.0  Sniffles2.INS.5S30       15   338    (0) + ALR/Alpha      Satellite/centr        1    326    (0) 1394  
   34   18.1  6.7  2.8  Sniffles2.INS.5SA6       19   123  (167) + (AC)n          Simple_repeat          1    109    (0) 1395  
   37    2.2  9.7  5.6  Sniffles2.INS.5SA6      146   248   (42) + (CA)n          Simple_repeat          1    107    (0) 1396  
   47    6.5  0.0  0.0  Sniffles2.INS.5SA8        1    64    (0) + (AAGG)n        Simple_repeat          1     64    (0) 1397  
   25   18.2  2.7  4.0  Sniffles2.INS.5SB3        4    78    (5) + G-rich         Low_complexity         1     74    (0) 1398  
   22   20.8  0.0  0.0  Sniffles2.INS.5SB9        1    50    (5) + (CCATT)n       Simple_repeat          1     50    (0) 1399  
  347   14.9  0.0  0.0  Sniffles2.INS.5SBD        1    47   (16) C Alu            SINE/Alu            (30)    271    225 1400  
   38    0.0  0.0  0.0  Sniffles2.INS.601S22      1    33   (17) + (TA)n          Simple_repeat          1     33    (0) 1401  
   16    0.0  0.0  0.0  Sniffles2.INS.601S22     34    50    (0) + (T)n           Simple_repeat          1     17    (0) 1402  
  238   15.9 13.6  0.0  Sniffles2.INS.602S2      12    55  (126) C MLT1B          LTR/ERVL-MaLR      (195)    195    146 1403  
   35    0.0  0.0  0.0  Sniffles2.INS.602S2      56    85   (96) + (GT)n          Simple_repeat          1     30    (0) 1404  
  228   17.8 13.3  0.0  Sniffles2.INS.602S2      95   139   (42) C MLT1B          LTR/ERVL-MaLR      (195)    195    145 1403  
   38    5.0  0.0  0.0  Sniffles2.INS.602S2     140   181    (0) + (TG)n          Simple_repeat          1     42    (0) 1405  
  422    0.4  8.8  0.2  Sniffles2.INS.602S33      1   535    (0) + (TA)n          Simple_repeat          1    581    (0) 1406  
   33    0.0  0.0  0.0  Sniffles2.INS.603S2       1    28  (394) + (GT)n          Simple_repeat          1     28    (0) 1407  
  245   15.6 13.3  0.0  Sniffles2.INS.603S2      38    82  (340) C MLT1B          LTR/ERVL-MaLR      (195)    195    145 1408  
   36    2.9  0.0  0.0  Sniffles2.INS.603S2      83   117  (305) + (TG)n          Simple_repeat          1     35    (0) 1409  
  281   12.8 12.8  0.0  Sniffles2.INS.603S2     127   173  (249) C MLT1B          LTR/ERVL-MaLR      (195)    195    143 1410  
   21   10.5  0.0  0.0  Sniffles2.INS.603S2     174   204  (218) + (TG)n          Simple_repeat          1     31    (0) 1411  
  238   15.9 13.6  0.0  Sniffles2.INS.603S2     210   253  (169) C MLT1B          LTR/ERVL-MaLR      (195)    195    146 1412  
   35    0.0  0.0  0.0  Sniffles2.INS.603S2     254   283  (139) + (GT)n          Simple_repeat          1     30    (0) 1413  
   18   10.5  0.0  0.0  Sniffles2.INS.603S2     338   368   (54) + (TGTG)n        Simple_repeat          1     31    (0) 1414  
  246   17.0 12.8  0.0  Sniffles2.INS.603S2     374   420    (2) C MLT1B          LTR/ERVL-MaLR      (195)    195    143 1412  
   91    8.3  0.0  0.0  Sniffles2.INS.603S22      1   127    (0) + (AGGA)n        Simple_repeat          1    127    (0) 1415  
   34   13.9  2.7  2.7  Sniffles2.INS.605S22      3    77    (3) + GA-rich        Low_complexity         1     75    (0) 1416  
  136   13.5  1.7  0.8  Sniffles2.INS.607S22      1   240    (2) + GA-rich        Low_complexity         1    242    (0) 1417  
   40    0.0  4.5  0.0  Sniffles2.INS.608S22      1    44    (2) + (AAGA)n        Simple_repeat          1     46    (0) 1418  
   29   28.3  1.3  0.0  Sniffles2.INS.60ES22      1    79    (2) + (TA)n          Simple_repeat          1     80    (0) 1419  
  406   23.3  0.0  0.0  Sniffles2.INS.60FS33      1    97  (572) + L1M5           LINE/L1             5460   5559  (620) 1420  
 3106    4.1  0.0  0.0  Sniffles2.INS.60S25      36   401    (2) + L1PA3          LINE/L1             5785   6150    (5) 1421  
  456   10.6  1.5  0.0  Sniffles2.INS.60S8        1    66    (1) C BSR/Beta       Satellite            (6)    130     64 1422  
   53    0.0  2.0  0.0  Sniffles2.INS.610S2       1    51    (3) + (AAAG)n        Simple_repeat          1     52    (0) 1423  
   31   15.2  5.0  2.4  Sniffles2.INS.613S23      1    80    (0) + (CCCTC)n       Simple_repeat          1     82    (0) 1424  
   47    2.1  2.1  0.0  Sniffles2.INS.615S39      1    48    (2) + (AT)n          Simple_repeat          1     49    (0) 1425  
   19   21.7  0.0  8.7  Sniffles2.INS.617S31      8    82    (5) + (ACTCA)n       Simple_repeat          1     69    (0) 1426  
   40    2.3  2.2  0.0  Sniffles2.INS.619S0       1    45    (7) + (TTTC)n        Simple_repeat          1     46    (0) 1427  
   26   14.1  2.0  0.0  Sniffles2.INS.619S2       2    50    (0) + (TTCT)n        Simple_repeat          1     50    (0) 1428  
   27   20.2  1.8  0.0  Sniffles2.INS.619S31      1    57    (0) + (AT)n          Simple_repeat          1     58    (0) 1429  
 2637    7.2  1.2  0.3  Sniffles2.INS.61BS0       1   332 (1239) + LTR2C          LTR/ERV1             107    441   (60) 1430  
 2444    8.2  0.3  0.0  Sniffles2.INS.61BS0     335   638  (933) C AluYk2         SINE/Alu             (6)    305      1 1431  
  456    3.6  0.0  0.0  Sniffles2.INS.61BS0     639   694  (877) + LTR2C          LTR/ERV1             446    501    (0) 1430  
   13    4.2  8.0  0.0  Sniffles2.INS.61BS0     856   880  (691) + (CTGC)n        Simple_repeat          1     27    (0) 1432  
   13   17.7  5.3  0.0  Sniffles2.INS.61BS0     892   929  (642) + (CTGCC)n       Simple_repeat          1     40    (0) 1433  
  361    8.2  1.6  4.8  Sniffles2.INS.61BS0    1334  1397  (174) C Alu            SINE/Alu            (71)     62      1 1434  
  489    1.7  0.0  0.0  Sniffles2.INS.61BS0    1398  1453  (118) + LTR2C          LTR/ERV1             446    501    (0) 1435  
   27   10.4  7.7  0.0  Sniffles2.INS.61CS0       4    55    (5) + (TA)n          Simple_repeat          1     56    (0) 1436  
  276   12.0  6.7  0.7  Sniffles2.INS.61FS33      1   551    (1) + (AT)n          Simple_repeat          1    584    (0) 1437  
  451   11.4  0.0  0.0  Sniffles2.INS.61S25       1    70    (0) C ALR/Alpha      Satellite/centr     (56)    115     46 1438  
   18   18.1  0.0  0.0  Sniffles2.INS.61S2B      10    47    (8) + (GGAAT)n       Simple_repeat          1     38    (0) 1439  
  632   15.4  0.5  1.0  Sniffles2.INS.61S8        1   135    (1) C BSR/Beta       Satellite           (26)    134      1 1440  
   73   20.3  2.7 13.2  Sniffles2.INS.620S1       5   490   (21) + G-rich         Low_complexity         1    441    (0) 1441  
   14   13.7  3.1  0.0  Sniffles2.INS.622S33     21    52    (3) + A-rich         Low_complexity         1     33    (0) 1442  
   65   11.2  5.5  0.8  Sniffles2.INS.622S39      2   130    (0) + (TTATATA)n     Simple_repeat          1    135    (0) 1443  
   71   13.3  2.4  0.0  Sniffles2.INS.628S1       2   127    (0) + (TCCT)n        Simple_repeat          1    129    (0) 1444  
  675    0.0  0.0  0.0  Sniffles2.INS.628S33      4    81    (0) C Alu            SINE/Alu             (0)    301    224 1445  
  389   12.7  1.9  0.0  Sniffles2.INS.629S1       2   638    (0) + (TCCT)n        Simple_repeat          1    649    (0) 1446  
  686   12.3  2.5  0.2  Sniffles2.INS.62AS1       2  1142    (0) + (TCCT)n        Simple_repeat          1   1167    (0) 1447  
   60   35.5  0.0  0.0  Sniffles2.INS.62CS33      1   181    (5) + (AT)n          Simple_repeat          1    181    (0) 1448  
  747    0.3  1.8  0.0  Sniffles2.INS.62ES22      1   683    (1) + (TA)n          Simple_repeat          1    695    (0) 1449  
 1071   14.2  0.0  0.3  Sniffles2.INS.62S25       4   342    (1) C ALR/Alpha      Satellite/centr      (0)    337      1 1450  
 1196   12.6  0.5  0.1  Sniffles2.INS.62S58       1  1189    (0) C ALR/Alpha      Satellite/centr     (61)   1193      1 1451  
   97    7.0  2.2  0.7  Sniffles2.INS.630S39      1   138    (0) + (TA)n          Simple_repeat          1    140    (0) 1452  
  287    3.9  1.9  5.8  Sniffles2.INS.632S33      1    54  (166) C L1P4           LINE/L1            (698)   5468   5417 1453  
   20    7.9  0.0  0.0  Sniffles2.INS.632S33     57    83  (137) + (T)n           Simple_repeat          1     27    (0) 1454  
  548   11.8  8.2  5.8  Sniffles2.INS.632S33     86   220    (0) C L1P4           LINE/L1            (559)   5607   5470 1455  
   13   26.0  1.8  3.7  Sniffles2.INS.63AS33      1    55    (7) + A-rich         Low_complexity         1     54    (0) 1456  
   26   14.9  0.0  5.3  Sniffles2.INS.63ES3A      1    60    (0) + (GGAT)n        Simple_repeat          1     57    (0) 1457  
  318    6.0  2.0  0.0  Sniffles2.INS.63FS33      1    50    (3) + Tigger3        DNA/TcMar-Tigger     243    293 (2736) 1458  
  469   18.9  0.0  0.0  Sniffles2.INS.63S25       3    92    (2) C ALR/Alpha      Satellite/centr     (36)    136     47 1459  
   18   13.0  0.0  0.0  Sniffles2.INS.644S33      1    34   (77) + (TTTATA)n      Simple_repeat          1     34    (0) 1460  
  366    9.6 13.4  7.0  Sniffles2.INS.645S22      2   135    (2) C SVA_F          Retroposon/SVA     (554)    821    680 1461  
   37   15.4  8.8  0.0  Sniffles2.INS.64DS39      6   107    (5) + (ATATAG)n      Simple_repeat          1    111    (0) 1462  
  471   18.9  1.1  0.0  Sniffles2.INS.64S25       1    95    (0) C ALR/Alpha      Satellite/centr     (36)    136     41 1463  
   27    0.0  0.0  0.0  Sniffles2.INS.64S3A      24    49   (88) + (TAAA)n        Simple_repeat          1     26    (0) 1464  
  548   12.5  8.0  0.0  Sniffles2.INS.64S3A      50   137    (0) C AluJb          SINE/Alu           (179)    123     29 1465  
   17   23.7  0.0  4.3  Sniffles2.INS.651S0       6    53    (1) + (AT)n          Simple_repeat          1     46    (0) 1466  
  562    3.9  0.0  0.0  Sniffles2.INS.653S39      1    77    (0) + SVA_F          Retroposon/SVA       759    835  (540) 1467  
   12   17.5  3.8  7.8  Sniffles2.INS.657S1      14    66   (12) + GA-rich        Low_complexity         1     51    (0) 1468  
   15   13.9  0.0  0.0  Sniffles2.INS.658S33     28    51    (4) + (T)n           Simple_repeat          1     24    (0) 1469  
   65   10.5  9.0  0.0  Sniffles2.INS.659S0      11   143    (0) + (TA)n          Simple_repeat          1    145    (0) 1470  
   31    4.0  5.7  1.8  Sniffles2.INS.65CS39      1    53    (0) + (TTCT)n        Simple_repeat          1     55    (0) 1471  
  898    5.3 11.5  2.6  Sniffles2.INS.65ES39      1   174    (0) C SVA_E          Retroposon/SVA     (546)    836    648 1472  
  523   17.4  2.0  3.1  Sniffles2.INS.65SBD       5   137    (0) C BSR/Beta       Satellite           (52)    131      1 1473  
   42   21.2  0.0  0.0  Sniffles2.INS.661S22      1    81    (1) + (AT)n          Simple_repeat          1     81    (0) 1474  
   24   25.7  3.5  4.4  Sniffles2.INS.661S3A     12   126   (13) + (CCTCA)n       Simple_repeat          1    114    (0) 1475  
   33   21.7  8.3  0.8  Sniffles2.INS.66BS3A      3   122    (0) + GA-rich        Low_complexity         1    129    (0) 1476  
   26   17.0  0.0  5.4  Sniffles2.INS.66DS33      1    59    (5) + (AT)n          Simple_repeat          1     56    (0) 1477  
  616   16.3  1.2  0.0  Sniffles2.INS.66S25       1   160    (0) C ALR/Alpha      Satellite/centr     (56)    161      1 1478  
  244   21.6  0.0  0.0  Sniffles2.INS.66S8        1    51    (0) + LSAU           Satellite            219    269  (229) 1479  
   41    0.0  0.0  0.0  Sniffles2.INS.672S22     14    51    (4) + (TTTC)n        Simple_repeat          1     38    (0) 1480  
   35    0.0  6.1  0.0  Sniffles2.INS.674S33      4    52    (0) + (AAAG)n        Simple_repeat          1     52    (0) 1481  
 1031   16.0  1.1  0.0  Sniffles2.INS.676S17      1   672    (1) C ALR/Alpha      Satellite/centr      (0)    679      1 1482  
 1031   16.6  1.2  0.1  Sniffles2.INS.678S17      1   673    (2) C ALR/Alpha      Satellite/centr     (55)    680      1 1483  
 1031   16.3  1.4  0.1  Sniffles2.INS.679S17      1  1347    (2) C ALR/Alpha      Satellite/centr     (55)   1365      1 1484  
  458    3.2 16.4  2.4  Sniffles2.INS.67FS22      8   145    (1) C SVA_F          Retroposon/SVA     (592)    790    643 1485  
  369   14.3  3.5  3.0  Sniffles2.INS.67S17       1   793    (0) + (ATATAT)n      Simple_repeat          1    797    (0) 1486  
 1245   13.1  0.2  0.4  Sniffles2.INS.67S58       2  3867    (2) C ALR/Alpha      Satellite/centr     (16)   3859      1 1487  
   73    0.0  0.0  0.0  Sniffles2.INS.681S39      1    65    (0) + (GCGGCCG)n     Simple_repeat          1     65    (0) 1488  
   26    0.0  0.0  0.0  Sniffles2.INS.682S0       2    26   (24) + (AAGA)n        Simple_repeat          1     25    (0) 1489  
  454   14.1  7.9  0.0  Sniffles2.INS.687S33      3   128    (0) + L1M2           LINE/L1             4407   4545 (1601) 1490  
  872    3.1  0.0  0.0  Sniffles2.INS.688S1       1    98 (4400) + LTR7Y          LTR/ERV1             375    472    (0) 1491  
 1637    6.8  1.8  0.0  Sniffles2.INS.688S1      99   319 (4179) + HERVH-int      LTR/ERV1               1    225 (7488) 1491 *
18473    7.0  2.4  2.0  Sniffles2.INS.688S1     288  3147 (1351) + HERVH-int      LTR/ERV1             437   2987 (4726) 1491  
 1071    8.1  2.0  0.0  Sniffles2.INS.688S1    3142  3289 (1209) + HERVH-int      LTR/ERV1            3140   3290 (4423) 1491 *
 3370    6.0  0.5  0.9  Sniffles2.INS.688S1    3280  3720  (778) + HERVH-int      LTR/ERV1            3492   3930 (3783) 1491  
  400   13.6  7.6  0.0  Sniffles2.INS.688S1    3721  3786  (712) + HERVH-int      LTR/ERV1            5749   5819 (1894) 1491 *
 2671    6.2  5.1  0.0  Sniffles2.INS.688S1    3785  4157  (341) + HERVH-int      LTR/ERV1            7322   7713    (0) 1491  
 2458    6.2  9.4  0.0  Sniffles2.INS.688S1    4158  4498    (0) + LTR7Y          LTR/ERV1               1    373   (99) 1491  
   48   23.5  0.0  0.9  Sniffles2.INS.68BS39      1   117    (1) + (TATA)n        Simple_repeat          1    116    (0) 1492  
  616   30.9  7.2  6.6  Sniffles2.INS.68ES33    242   601   (48) C ERV3-16A3_I    LTR/ERVL           (911)   4315   3954 1493  
  916   15.2  0.0  0.0  Sniffles2.INS.68FS0      39   170    (0) C AluSc8         SINE/Alu            (12)    299    168 1494  
   16    0.0  0.0  0.0  Sniffles2.INS.68FS22     68    85    (0) + (T)n           Simple_repeat          1     18    (0) 1495  
   13   12.7  0.0 10.5  Sniffles2.INS.68S6        2    43   (33) + (GAGGAGT)n     Simple_repeat          1     38    (0) 1496  
 1010   12.9  1.6  0.5  Sniffles2.INS.68SBD       8   610    (0) C BSR/Beta       Satellite           (38)    609      1 1497  
  304   12.8  1.2  0.0  Sniffles2.INS.69S3A      10    64   (11) + AluY           SINE/Alu             246    312    (8) 1498  
 1288   12.4  0.3  0.1  Sniffles2.INS.69S58       1  3869    (0) C ALR/Alpha      Satellite/centr     (60)   3877      1 1499  
  419    8.9  0.0  0.0  Sniffles2.INS.6A9S33      4    59    (0) + Alu            SINE/Alu              47    102  (199) 1500  
 1192   12.5  0.0  0.0  Sniffles2.INS.6AS25       2   342    (0) + ALR/Alpha      Satellite/centr        1    341    (0) 1501  
 2444    4.4  0.0  0.3  Sniffles2.INS.6B3S33      3   296   (17) C L1PA4          LINE/L1              (8)   6147   5855 1502  
   46    8.8  0.0  0.0  Sniffles2.INS.6BBS17      1    62    (0) + (TA)n          Simple_repeat          1     62    (0) 1503  
   13   29.7  0.0  0.0  Sniffles2.INS.6BS2B       1    45    (9) + (GGAAT)n       Simple_repeat          1     45    (0) 1504  
  231   16.2  0.0  0.0  Sniffles2.INS.6C4S1      56    92    (0) + MLT2B5         LTR/ERVL               3     39  (678) 1505  
   35   10.5  2.5  5.2  Sniffles2.INS.6C4S33     13    91    (5) + (ATATATA)n     Simple_repeat          1     77    (0) 1506  
   27   10.7  7.8  3.0  Sniffles2.INS.6C6S33      1    64    (3) + (TA)n          Simple_repeat          1     67    (0) 1507  
   80   12.2  8.6  3.5  Sniffles2.INS.6C7S33      1   220    (1) + (TA)n          Simple_repeat          1    231    (0) 1508  
   21    8.4  7.9  0.0  Sniffles2.INS.6C9S17      1    44    (1) + (TA)n          Simple_repeat          1     47    (0) 1509  
  778    3.1  0.0  1.9  Sniffles2.INS.6CBS0       1   126    (1) + SVA_F          Retroposon/SVA       696    855  (520) 1510  
  108   19.0  2.9  1.2  Sniffles2.INS.6CBS33      7   244    (0) + (TA)n          Simple_repeat          1    242    (0) 1511  
   47    3.0 12.5  0.9  Sniffles2.INS.6CCS17     13   116    (0) + (AT)n          Simple_repeat          1    116    (0) 1512  
 1268   12.8  0.7  0.4  Sniffles2.INS.6CS58       1  5512    (1) + ALR/Alpha      Satellite/centr        1   5529    (0) 1513  
  826   12.8  2.5  0.2  Sniffles2.INS.6CSBD       1   332    (1) C BSR/Beta       Satellite           (56)    339      1 1514  
   17   21.8  0.0  0.0  Sniffles2.INS.6D0S22     46    79    (0) + A-rich         Low_complexity         1     34    (0) 1515  
  264   20.7  6.9  0.0  Sniffles2.INS.6D1S22      7    64    (5) + L1M3           LINE/L1             3603   3664 (2476) 1516  
   41    0.0  0.0  0.0  Sniffles2.INS.6D2S22     14    51    (3) + (AAGA)n        Simple_repeat          1     38    (0) 1517  
   49    0.0  0.0  0.0  Sniffles2.INS.6D2S33      1    44    (2) + (CCCTCT)n      Simple_repeat          1     44    (0) 1518  
   59    1.9  0.0  0.0  Sniffles2.INS.6D5S0       1    55    (1) + (AT)n          Simple_repeat          1     55    (0) 1519  
   51    5.4  0.0  0.0  Sniffles2.INS.6DCS33     13    71    (0) + (ACC)n         Simple_repeat          1     59    (0) 1520  
  241   29.4  3.6  9.9  Sniffles2.INS.6DES39     79   284   (50) + MIR3           SINE/MIR               2    184   (24) 1521  
  315   19.6  1.8  0.0  Sniffles2.INS.6DS2B       2    57    (0) + Alu            SINE/Alu             232    288   (13) 1522  
   38    4.8  5.8  2.8  Sniffles2.INS.6DS37       1    69    (0) + (GGA)n         Simple_repeat          1     71    (0) 1523  
  989   13.4  0.5  2.0  Sniffles2.INS.6DSBD       3  1083    (1) C BSR/Beta       Satellite            (4)   1064      1 1524  
   49    0.0  0.0  0.0  Sniffles2.INS.6E5S17     15    56    (0) + (TA)n          Simple_repeat          1     42    (0) 1525  
   62   24.5  3.0  3.0  Sniffles2.INS.6E5S22      1   202    (0) + GA-rich        Low_complexity         1    202    (0) 1526  
   38   23.9  0.0  0.0  Sniffles2.INS.6EAS22      1    79    (5) + (TA)n          Simple_repeat          1     79    (0) 1527  
  428    1.8  3.6  3.6  Sniffles2.INS.6EAS33      1    55    (0) + AluYb8         SINE/Alu             133    187  (131) 1528  
 1250   13.5  0.6  0.1  Sniffles2.INS.6ES58       1  1529    (0) + ALR/Alpha      Satellite/centr        1   1537    (0) 1529  
   73   11.3  4.9  1.4  Sniffles2.INS.6F2S17      1   142    (0) + GA-rich        Low_complexity         1    147    (0) 1530  
   43    0.0  0.0  4.3  Sniffles2.INS.6F6S33      8    55    (0) + (AAAG)n        Simple_repeat          1     46    (0) 1531  
  222   20.4  0.5  0.2  Sniffles2.INS.6F9S22      3   438    (1) + (CACCAC)n      Simple_repeat          1    437    (0) 1532  
   21   17.7  5.9  0.0  Sniffles2.INS.6FCS17      3    53    (3) + (TA)n          Simple_repeat          1     54    (0) 1533  
   19   16.8  0.0 11.9  Sniffles2.INS.6FCS33      2    76    (2) + (TATG)n        Simple_repeat          1     67    (0) 1534  
   18   17.2  0.0 12.1  Sniffles2.INS.6FES33      1    74    (3) + (TAGA)n        Simple_repeat          1     66    (0) 1535  
   94   23.8  1.3  0.4  Sniffles2.INS.6FS0       29   252    (0) + (CTCC)n        Simple_repeat          1    226    (0) 1536  
   48   16.6  0.0  0.0  Sniffles2.INS.6S2A        1    88 (1401) + (TCCAC)n       Simple_repeat          1     88    (0) 1537  
  248   21.0  7.4  1.4  Sniffles2.INS.6S2A       89   223 (1266) + HSATII         Satellite             21    163    (7) 1538 *
  326   19.4  4.5  0.0  Sniffles2.INS.6S2A      221   287 (1202) C AluJb          SINE/Alu             (8)    294    225 1539  
   58   15.8  1.8  0.0  Sniffles2.INS.6S2A      288   396 (1093) + (ATTCC)n       Simple_repeat          1    111    (0) 1540  
  227   19.1 11.3  3.1  Sniffles2.INS.6S2A      404   554  (935) + HSATII         Satellite              1    163    (7) 1541  
  355   18.2  0.0  0.1  Sniffles2.INS.6S2A      555  1206  (283) + (CACTC)n       Simple_repeat          1    651    (0) 1542  
  351   15.9  4.8  0.0  Sniffles2.INS.6S2A     1207  1269  (220) C Alu            SINE/Alu            (12)    154     89 1543  
  259   17.0  5.5  0.0  Sniffles2.INS.6S2A     1269  1363  (126) + HSATII         Satellite             61    160   (10) 1544 *
   62   16.1  0.0  0.0  Sniffles2.INS.6S2A     1366  1476   (13) + (CCACT)n       Simple_repeat          1    111    (0) 1545  
 1172   12.6  0.0  0.0  Sniffles2.INS.6S2F        3   338    (0) + ALR/Alpha      Satellite/centr        1    336    (0) 1546  
  127    2.5  6.2  0.0  Sniffles2.INS.6S31        1   161    (5) + (TA)n          Simple_repeat          1    171    (0) 1547  
  115   15.6  0.5  0.0  Sniffles2.INS.6S5D        6   206    (3) + (GAGTG)n       Simple_repeat          1    202    (0) 1548  
  807    9.4  0.5  1.5  Sniffles2.INS.6S8         1   137    (0) + BSR/Beta       Satellite              1    135    (0) 1549  
  871   17.6  0.0  0.0  Sniffles2.INS.6SAA        6   170    (1) + ALR/Alpha      Satellite/centr        2    166    (5) 1550  
 2168    8.8  2.4  7.8  Sniffles2.INS.6SC1        7   369    (8) C LTR12B         LTR/ERV1           (241)   1013    335 1551  
   13   16.3  0.0  5.6  Sniffles2.INS.702S33     88   125   (57) + (TTTATAA)n     Simple_repeat          1     36    (0) 1552  
  193   24.1 17.7  0.0  Sniffles2.INS.705S33      1    79    (9) + MIR            SINE/MIR              81    173   (89) 1553  
   41    0.0  4.4  0.0  Sniffles2.INS.706S17      8    52    (0) + (AGGC)n        Simple_repeat          1     47    (0) 1554  
   44    3.4  6.6  0.0  Sniffles2.INS.707S17      1    61    (0) + (TA)n          Simple_repeat          1     65    (0) 1555  
  323   13.1  2.7  0.5  Sniffles2.INS.70S0       26   589    (2) + (CTCC)n        Simple_repeat          1    576    (0) 1556  
   23   10.1  3.3  6.8  Sniffles2.INS.70S1        6    66    (0) + (CCCCTG)n      Simple_repeat          1     59    (0) 1557  
  303   17.2  1.5  1.5  Sniffles2.INS.70SBD       4    68    (0) + BSR/Beta       Satellite              1     65   (71) 1558  
   30   13.8  0.0  1.8  Sniffles2.INS.70SBF       1    58    (0) + (ATATAAT)n     Simple_repeat          1     57    (0) 1559  
  103   11.3 10.0  0.0  Sniffles2.INS.713S17      1   230    (3) + (TA)n          Simple_repeat          1    253    (0) 1560  
   30    2.7  0.0  5.0  Sniffles2.INS.71CS0       3    44    (9) + (GGAGGGAT)n    Simple_repeat          1     40    (0) 1561  
  573   11.5  3.3  0.6  Sniffles2.INS.71S0        1   975    (0) + (TCCC)n        Simple_repeat          1   1001    (0) 1562  
  756   15.1  0.0  8.9  Sniffles2.INS.71SBD       1   199    (2) + BSR/Beta       Satellite              1    181    (0) 1563  
   37   24.2  3.0  1.0  Sniffles2.INS.726S33     43   141   (35) + (TA)n          Simple_repeat          1    101    (0) 1564  
   25   14.7  2.2  0.0  Sniffles2.INS.72AS33      1    45    (5) + (AT)n          Simple_repeat          1     46    (0) 1565  
   72    1.5  0.0  0.0  Sniffles2.INS.72BS33      1    69    (1) + (ATATATATGG)n  Simple_repeat          1     69    (0) 1566  
  254    7.4  6.1  2.6  Sniffles2.INS.72DS39      2   475    (0) + (CTCCC)n       Simple_repeat          1    490    (0) 1567  
  239   14.3  0.0  0.0  Sniffles2.INS.72S2B      18    52    (4) + Alu            SINE/Alu              89    123   (43) 1568  
  514    9.6  0.0  0.0  Sniffles2.INS.72S58       1    73    (0) + ALR/Alpha      Satellite/centr       14     86   (85) 1569  
  334   16.1  0.0  0.0  Sniffles2.INS.72S8        1    56    (0) C BSR/Beta       Satellite           (54)     82     27 1570  
  961   15.1  0.1  0.5  Sniffles2.INS.72SBD       6   550    (0) + BSR/Beta       Satellite              1    543    (1) 1571  
   29   13.1  0.0  3.9  Sniffles2.INS.733S33      1    54    (2) + (AT)n          Simple_repeat          1     52    (0) 1572  
   89   18.6  1.0  3.1  Sniffles2.INS.737S17      1   198    (2) + (ACAT)n        Simple_repeat          1    194    (0) 1573  
   26    8.3  1.7  7.1  Sniffles2.INS.73ES17      1    59    (0) + (AATAT)n       Simple_repeat          1     56    (0) 1574  
  711   17.0  0.8  0.0  Sniffles2.INS.73S58       1   150    (0) C ALR/Alpha      Satellite/centr     (73)    151      1 1575  
  891   13.4  0.5  2.5  Sniffles2.INS.73SBD       1   746    (2) + BSR/Beta       Satellite              1    731    (1) 1576  
   34    5.8  5.5  0.0  Sniffles2.INS.743S17      1    55    (2) + (TTCT)n        Simple_repeat          1     58    (0) 1577  
  337   23.8  0.0  4.0  Sniffles2.INS.743S33      3   107   (47) C L1M4c          LINE/L1           (5643)    741    641 1578  
   20    8.3  4.8  4.8  Sniffles2.INS.74DS33      7    48    (2) + (TA)n          Simple_repeat          1     42    (0) 1579  
   11   22.9  1.7  7.3  Sniffles2.INS.74S22      44   101    (0) + A-rich         Low_complexity         1     55    (0) 1580  
   22   26.2  0.0  0.0  Sniffles2.INS.74S23      10    58    (0) + (TA)n          Simple_repeat          1     49    (0) 1581  
 1292    7.7  0.3  3.8  Sniffles2.INS.74S2B       9   200    (6) + AluY           SINE/Alu               1    166    (0) 1582  
  910   10.1  0.0  0.0  Sniffles2.INS.74S8        3   133    (0) C BSR/Beta       Satellite           (14)    131      1 1583  
   55    6.6  6.3  0.0  Sniffles2.INS.756S33      1    95    (2) + (TA)n          Simple_repeat          1    101    (0) 1584  
  362    0.0  0.0  0.0  Sniffles2.INS.757S17      1   309    (5) + (GCA)n         Simple_repeat          1    309    (0) 1585  
 1205    5.0  0.0  0.0  Sniffles2.INS.75S2B      24   162  (125) + AluYa5         SINE/Alu               1    139  (172) 1586  
  702    2.6  0.0  0.0  Sniffles2.INS.75S2B     162   238   (49) + AluYa5         SINE/Alu             221    297   (14) 1587 *
  331   16.7  0.0  0.0  Sniffles2.INS.75S2B     238   285    (2) + FRAM           SINE/Alu              96    143   (33) 1588 *
  802   18.1  0.8  0.0  Sniffles2.INS.75S58       1   169    (2) C ALR/Alpha      Satellite/centr     (76)    170      1 1589  
  916   13.2  3.5  4.4  Sniffles2.INS.75S8        1   653    (2) C BSR/Beta       Satellite           (56)    646      1 1590  
  267   23.6  0.0  0.0  Sniffles2.INS.76S2B      10    64   (14) + FRAM           SINE/Alu              98    152   (24) 1591  
  916   11.0  0.8  0.0  Sniffles2.INS.76S58       1   170    (1) C ALR/Alpha      Satellite/centr     (28)    171      1 1592  
  471   18.9  1.1  0.0  Sniffles2.INS.77S25       1    95    (1) + ALR/Alpha      Satellite/centr       41    136   (36) 1593  
 1081   12.2  0.0  0.0  Sniffles2.INS.77S58       2   203    (2) C ALR/Alpha      Satellite/centr     (10)    202      1 1594  
  752   14.1  0.6  0.8  Sniffles2.INS.77SBD       4   204    (0) + BSR/Beta       Satellite              1    200    (5) 1595  
  525   13.8  0.0  0.0  Sniffles2.INS.77SC0      14    93    (0) + L1P3           LINE/L1             4245   4324 (1822) 1596  
   30    4.4  2.0  4.0  Sniffles2.INS.780S33      1    51    (0) + (AAGG)n        Simple_repeat          1     50    (0) 1597  
  111   14.4 10.8  0.3  Sniffles2.INS.784S22      1   315    (1) + (TCCTC)n       Simple_repeat          1    348    (0) 1598  
   30   12.5  4.6  3.0  Sniffles2.INS.786S17      3    67    (0) + (TA)n          Simple_repeat          1     66    (0) 1599  
   36   21.7  4.0  0.0  Sniffles2.INS.78AS33      1   101    (5) + (GTGTGG)n      Simple_repeat          1    105    (0) 1600  
  487   12.2  1.2  0.0  Sniffles2.INS.78BS17      9    90    (0) + L1M2           LINE/L1             2316   2398 (3745) 1601  
   33    1.7  9.0  4.3  Sniffles2.INS.78ES17      7    73    (0) + (TA)n          Simple_repeat          1     70    (0) 1602  
10446    1.9  0.2  0.0  Sniffles2.INS.78S58      16  1212  (943) C L1HS           LINE/L1            (889)   5257   4059 1603  
 8031    0.6  0.2  0.0  Sniffles2.INS.78S58    1209  2098   (57) + L1HS           LINE/L1             5264   6155    (0) 1603 *
   50    1.8  0.0  0.0  Sniffles2.INS.78S58    2099  2155    (0) + (A)n           Simple_repeat          1     57    (0) 1604  
   17    8.2  7.3  2.3  Sniffles2.INS.78S6       18    58    (3) + (ATCTAT)n      Simple_repeat          1     43    (0) 1605  
  713   14.5  6.0  1.6  Sniffles2.INS.78SBD       1   335    (1) + BSR/Beta       Satellite              1    349    (1) 1606  
  308   15.4  0.0  0.0  Sniffles2.INS.799S17      3    54    (2) C L1MA9          LINE/L1             (60)   6252   6201 1607  
   35    5.2  4.7  3.1  Sniffles2.INS.79CS17      7    70    (0) + (ATATATA)n     Simple_repeat          1     65    (0) 1608  
   72    0.0  1.2  3.8  Sniffles2.INS.79FS17      1    81    (0) + (TTCT)n        Simple_repeat          1     79    (0) 1609  
  474   19.8  0.0  0.0  Sniffles2.INS.79S25       1    96    (0) + ALR/Alpha      Satellite/centr       47    142   (30) 1610  
  126   19.2  0.4  0.0  Sniffles2.INS.79S2B       7   251    (2) + (ATTCC)n       Simple_repeat          1    246    (0) 1611  
   87    8.0  3.0  0.0  Sniffles2.INS.7A1S17      1   133    (1) + (TA)n          Simple_repeat          1    137    (0) 1612  
  113   13.8  0.5  1.1  Sniffles2.INS.7A1S33      2   193    (1) + (CAT)n         Simple_repeat          1    191    (0) 1613  
   50   13.8  0.0  0.0  Sniffles2.INS.7A3S33      2    84    (3) + (CATCAT)n      Simple_repeat          1     83    (0) 1614  
  100    6.8  5.2  0.0  Sniffles2.INS.7A7S22      1   154    (0) + (AG)n          Simple_repeat          1    162    (0) 1615  
   15   14.9  1.9  8.2  Sniffles2.INS.7ABS33      9    60   (11) + (GTTATA)n      Simple_repeat          1     49    (0) 1616  
  471   18.9  1.1  0.0  Sniffles2.INS.7AS25       1    95    (1) + ALR/Alpha      Satellite/centr       41    136   (36) 1617  
  269   24.0  0.0  0.0  Sniffles2.INS.7AS2B      12    61    (2) + AluYj4         SINE/Alu             224    273   (38) 1618  
   13   21.6  4.7  0.0  Sniffles2.INS.7B0S17      5    47    (8) + (TTTTAT)n      Simple_repeat          1     45    (0) 1619  
   17   28.9  0.0  0.0  Sniffles2.INS.7BAS17      3    43    (9) + (AC)n          Simple_repeat          1     41    (0) 1620  
   48    0.0  0.0  2.1  Sniffles2.INS.7BDS17      1    48    (0) + (ATCT)n        Simple_repeat          1     47    (0) 1621  
 1061   16.1  1.2  0.6  Sniffles2.INS.7BS25       1   678    (0) + ALR/Alpha      Satellite/centr        1    681    (3) 1622  
   20   27.6  0.0  0.0  Sniffles2.INS.7BS2B       3    63    (1) + (GGAGT)n       Simple_repeat          1     61    (0) 1623  
   50    4.0  0.0  0.0  Sniffles2.INS.7BS58       5    56    (0) + (TA)n          Simple_repeat          1     52    (0) 1624  
 1232   13.5  0.2  0.0  Sniffles2.INS.7CS25       1  1356    (0) + ALR/Alpha      Satellite/centr        1   1359    (0) 1625  
   21   15.9  0.0  0.0  Sniffles2.INS.7CS2B      11    52    (6) + (GAATG)n       Simple_repeat          1     42    (0) 1626  
   35   11.0  0.0  0.0  Sniffles2.INS.7CS8        1    60    (0) + (GAATG)n       Simple_repeat          1     60    (0) 1627  
   11   14.4  7.5  2.4  Sniffles2.INS.7D3S33     97   136 (1030) + (CATGCGA)n     Simple_repeat          1     42    (0) 1628  
   20   21.6  0.0  0.0  Sniffles2.INS.7DS2B       1    48    (2) + (GGAGT)n       Simple_repeat          1     48    (0) 1629  
 2063   12.7  1.0  0.6  Sniffles2.INS.7DS58      14   323   (38) + AluSx          SINE/Alu               2    312    (0) 1630  
   66    4.3  0.0  0.0  Sniffles2.INS.7E2S17      1    72    (0) + (CAC)n         Simple_repeat          1     72    (0) 1631  
 1081   12.9  2.5  0.0  Sniffles2.INS.7ES24       1   332    (1) C ALR/Alpha      Satellite/centr     (44)    340      1 1632  
 1041   15.6  0.5  0.1  Sniffles2.INS.7ES25       1   682    (0) + ALR/Alpha      Satellite/centr        1    684    (0) 1633  
  295   15.7  3.9  0.0  Sniffles2.INS.7ES2B       1    51    (0) + FRAM           SINE/Alu             104    156   (20) 1634  
  301   15.1 11.4  7.2  Sniffles2.INS.7ES8       11   289    (5) C HSATII         Satellite            (4)    290      1 1635  
  453   20.2  0.0  0.0  Sniffles2.INS.7FS25       1    94    (0) + ALR/Alpha      Satellite/centr       49    142   (30) 1636  
  301   13.0  4.3  0.0  Sniffles2.INS.7FS2B       2    47    (0) + FRAM           SINE/Alu             107    154   (22) 1637  
   14   23.0  0.0  0.0  Sniffles2.INS.7S5D        1    37   (18) + (TGGAA)n       Simple_repeat          1     37    (0) 1638  
 1014    7.8  2.1  0.0  Sniffles2.INS.7SA8        2   143    (1) C ACRO1          Satellite/acro       (0)    147      3 1639  
 1017   16.8  0.0  0.0  Sniffles2.INS.7SAA        6   341    (1) + ALR/Alpha      Satellite/centr        1    336    (0) 1640  
  343   19.4  5.1  9.2  Sniffles2.INS.7SBD        6   414   (34) C HSATII         Satellite            (7)    392      1 1641  
   13   18.9  0.0  0.0  Sniffles2.INS.7SBD      419   448    (0) + (ATTCC)n       Simple_repeat          1     30    (0) 1642  
  248   15.3  0.0  8.7  Sniffles2.INS.803S33      6    55   (10) + MER94          DNA/hAT-Blackjack     49     94   (40) 1643  
   31   13.9  4.5  5.7  Sniffles2.INS.80S13       1    89    (1) + (CCT)n         Simple_repeat          1     88    (0) 1644  
 1042   16.4  0.0  0.0  Sniffles2.INS.80S25       4   265    (1) + ALR/Alpha      Satellite/centr        1    262    (1) 1645  
  327   21.4  0.0  0.0  Sniffles2.INS.80S2B       5    60    (5) + AluYi6         SINE/Alu             224    279   (32) 1646  
   58   19.1  4.6  1.3  Sniffles2.INS.817S17      5   155    (3) + (GATG)n        Simple_repeat          1    156    (0) 1647  
 1037   13.5  2.5  0.0  Sniffles2.INS.81S24       1   332    (1) C ALR/Alpha      Satellite/centr     (42)    340      1 1648  
  868   16.4  0.6  0.0  Sniffles2.INS.81S25       2   166    (0) + ALR/Alpha      Satellite/centr        1    166    (5) 1649  
   51    6.8  2.5  1.2  Sniffles2.INS.81S6        1    80    (0) + (TCCC)n        Simple_repeat          1     81    (0) 1650  
 1779    7.3  0.9  0.5  Sniffles2.INS.82S25       1   280  (339) + L1P1           LINE/L1             5077   5432  (719) 1651  
  840    1.9  0.0  1.0  Sniffles2.INS.82S25     282   385  (234) + L1PA3          LINE/L1             5724   5826  (329) 1652  
 1990    3.0  0.0  0.4  Sniffles2.INS.82S25     386   618    (1) + L1PA3          LINE/L1             5915   6146    (9) 1652  
  349   10.7  1.8  1.8  Sniffles2.INS.834S17      4    60    (8) C L1MB7          LINE/L1             (57)   6127   6071 1653  
 1082   14.4  1.0  0.2  Sniffles2.INS.83S25       4   845    (1) + ALR/Alpha      Satellite/centr        1    848    (0) 1654  
  330   16.9  0.0  0.0  Sniffles2.INS.83SC0       1    65    (3) C ALR/Alpha      Satellite/centr     (85)     87     23 1655  
 1149   13.8  1.1  0.8  Sniffles2.INS.84S25      15  1871    (1) + ALR/Alpha      Satellite/centr        1   1862    (0) 1656  
  355   20.0  0.0  0.0  Sniffles2.INS.84S2B      10    64    (5) + AluYk3         SINE/Alu             224    278   (33) 1657  
 2914    7.7  3.7  0.0  Sniffles2.INS.84S4      374   750    (0) + HERVL-int      LTR/ERVL            2353   2743 (2911) 1658  
 1054   12.2  0.0  0.0  Sniffles2.INS.85S24       1   170    (1) C ALR/Alpha      Satellite/centr     (71)    170      1 1659  
  787   14.2  0.0  0.0  Sniffles2.INS.85S25       1   168    (0) + ALR/Alpha      Satellite/centr        1    168    (0) 1660  
  262   21.6  3.9  0.0  Sniffles2.INS.85S2B       2    52    (0) + Alu            SINE/Alu             237    289   (12) 1661  
  322   22.4  3.0  0.0  Sniffles2.INS.86BS33     16    82   (11) + MLT2B5         LTR/ERVL               3     71  (646) 1662  
  337   19.6  4.3  2.1  Sniffles2.INS.86CS33     36   128   (60) + MLT2B5         LTR/ERVL               3     97  (620) 1663  
  286   23.3  3.3  0.0  Sniffles2.INS.86CS33    129   188    (0) + MLT2B5         LTR/ERVL               3     64  (653) 1664  
  285   15.0  0.0  0.0  Sniffles2.INS.86S2B       1    40    (5) + FRAM           SINE/Alu             105    144   (32) 1665  
   32   11.6  7.7  0.0  Sniffles2.INS.86SBF       1    65    (2) + (TA)n          Simple_repeat          1     70    (0) 1666  
  277   18.8  0.0  0.0  Sniffles2.INS.879S17      3    50   (17) C L1M4b          LINE/L1           (3729)   3138   3091 1667  
 1054   12.2  0.0  0.0  Sniffles2.INS.87S24       1   170    (1) C ALR/Alpha      Satellite/centr     (71)    170      1 1668  
 1069   12.9  0.6  0.0  Sniffles2.INS.87S25       1   507    (3) + ALR/Alpha      Satellite/centr        1    510   (50) 1669  
  362   16.4  0.0  0.0  Sniffles2.INS.88S2B      13    67    (0) + AluYk2         SINE/Alu             225    279   (32) 1670  
   53    1.9  0.0  0.0  Sniffles2.INS.88S31       1    52    (0) + (TCTT)n        Simple_repeat          1     52    (0) 1671  
  455   20.0  1.1  0.0  Sniffles2.INS.89S25       6   100    (0) + ALR/Alpha      Satellite/centr       32    127   (44) 1672  
  312   18.2  1.8  0.0  Sniffles2.INS.89S2B      16    70    (5) + Alu            SINE/Alu              89    144   (22) 1673  
   44    0.0  2.3  0.0  Sniffles2.INS.89S31       3    46    (0) + (TTTC)n        Simple_repeat          1     45    (0) 1674  
   12   26.6  3.8  5.1  Sniffles2.INS.89S35      28   106    (4) + (CACCAC)n      Simple_repeat          1     78    (0) 1675  
  790   10.9  0.7  0.4  Sniffles2.INS.89SC0       1   169    (1) + ALR/Alpha      Satellite/centr        1    169    (0) 1676  
 1257   14.1  1.2  0.1  Sniffles2.INS.8AS24       2  1524    (1) C ALR/Alpha      Satellite/centr      (0)   1540      1 1677  
 1852    5.0  0.0  0.0  Sniffles2.INS.8BS25       1   222    (0) C L1PA3          LINE/L1             (72)   6083   5862 1678  
  226   21.4  0.0  0.0  Sniffles2.INS.8BS2B       1    42    (9) + AluJr4         SINE/Alu             238    279   (33) 1679  
  391   10.7  0.0  0.0  Sniffles2.INS.8BS58       1    56    (0) + 5S             rRNA                  48    103   (18) 1680  
  806   11.6  0.4  0.8  Sniffles2.INS.8BSC0       1   167    (5) + ALR/Alpha      Satellite/centr        1    166    (0) 1681  
 1070   12.0  1.0  0.2  Sniffles2.INS.8CS24       1   332    (1) C ALR/Alpha      Satellite/centr     (71)    334      1 1682  
 3122    3.8  0.0  0.0  Sniffles2.INS.8CS25       3   368   (34) C L1PA3          LINE/L1              (5)   6150   5785 1683  
  948   13.3  1.7  0.8  Sniffles2.INS.8DSC0       2   505    (0) + ALR/Alpha      Satellite/centr        1    508    (3) 1684  
 2841    4.0  0.0  0.0  Sniffles2.INS.8ES25      11   361  (814) C L1PA2          LINE/L1            (789)   5357   5007 1685 *
 6905    3.1  0.0  0.0  Sniffles2.INS.8ES25     359  1160   (15) + L1PA2          LINE/L1             5354   6155    (0) 1685  
  337   16.0  0.0  0.0  Sniffles2.INS.8ES2B       1    50    (0) + Alu            SINE/Alu              90    139   (27) 1686  
  292   19.1  0.0  0.0  Sniffles2.INS.8ES58       1    47   (28) + Tigger1        DNA/TcMar-Tigger    2372   2418    (0) 1687  
 2857    1.9  0.0  0.0  Sniffles2.INS.8FS25       3   312   (10) + AluYe5         SINE/Alu               1    310    (0) 1688  
  364    4.5  0.0  0.0  Sniffles2.INS.8FS31       1    44   (29) C L1PA3          LINE/L1             (48)   6107   6064 1689  
  629    0.0  0.4  0.5  Sniffles2.INS.8FS37       1   555    (0) + (AAAG)n        Simple_repeat          1    554    (0) 1690  
   32   20.6  5.0  2.9  Sniffles2.INS.8FS58       1   101   (14) + (CA)n          Simple_repeat          1    103    (0) 1691  
  850   11.7  5.9  6.2  Sniffles2.INS.8S1C        1   220    (1) + HSATII         Satellite              1    219    (0) 1692  
  282   18.4  0.0  0.0  Sniffles2.INS.8S2B       14    62   (15) + AluYj4         SINE/Alu             224    272   (39) 1693  
  754   16.8  0.0  1.6  Sniffles2.INS.8S2F        2   174    (0) + ALR/Alpha      Satellite/centr        1    170    (0) 1694  
 1061   14.2  0.0  0.0  Sniffles2.INS.8S30        7   341    (0) + ALR/Alpha      Satellite/centr        1    335    (0) 1695  
   21   18.8  0.0  2.0  Sniffles2.INS.8S5D        1    50  (326) + (GGAGT)n       Simple_repeat          1     49    (0) 1696  
   32    8.3  0.0  1.9  Sniffles2.INS.8S5D       55   107  (269) + (AATGG)n       Simple_repeat          1     52    (0) 1697  
   14   15.5  0.0  0.0  Sniffles2.INS.8S5D      116   144  (232) + (AGTGG)n       Simple_repeat          1     29    (0) 1698  
   77    8.5  0.9  0.0  Sniffles2.INS.8S5D      153   264  (112) + (TGGAA)n       Simple_repeat          1    113    (0) 1699  
  246   27.5  1.4  0.0  Sniffles2.INS.8S5D      276   344   (32) + FRAM           SINE/Alu              89    158    (8) 1700  
   17   14.0  0.0  0.0  Sniffles2.INS.8S5D      345   376    (0) + (TGGAA)n       Simple_repeat          1     32    (0) 1701  
 1037   12.6  1.6  0.3  Sniffles2.INS.8S8         1   813    (0) + BSR/Beta       Satellite              1    823   (38) 1702  
  356    9.6  0.0  0.0  Sniffles2.INS.8SB4        1    52   (21) C L1P1           LINE/L1           (6101)     54      3 1703  
   19   23.3  0.0  0.0  Sniffles2.INS.8SB9        1    50   (40) + (CATTC)n       Simple_repeat          1     50    (0) 1704  
   28    5.8  0.0  0.0  Sniffles2.INS.8SB9       54    89    (1) + (TCCAT)n       Simple_repeat          1     36    (0) 1705  
   99    4.6  5.3  2.9  Sniffles2.INS.90S25       2   171    (0) + (AT)n          Simple_repeat          1    174    (0) 1706  
  217   27.4  0.0  0.0  Sniffles2.INS.90S2B      11    61   (11) + AluJb          SINE/Alu             226    276   (36) 1707  
  934   10.9  0.0  0.0  Sniffles2.INS.90S38       1   119    (0) + AluSx4         SINE/Alu             132    250   (60) 1708  
  117   23.4  5.7  3.1  Sniffles2.INS.90S58       1   441    (0) + (CA)n          Simple_repeat          1    452    (0) 1709  
 3648    2.1  0.5  0.0  Sniffles2.INS.91S25      18   444  (914) C L1PA3          LINE/L1            (921)   5225   4797 1710 *
 7709    3.6  0.0  0.0  Sniffles2.INS.91S25     435  1354    (4) + L1PA3          LINE/L1             5235   6154    (1) 1710  
  244   20.0  0.0  0.0  Sniffles2.INS.92S2B       2    41    (5) + FRAM           SINE/Alu             104    143   (33) 1711  
   26   23.1  0.0  0.0  Sniffles2.INS.92S6        1    56    (0) + (T)n           Simple_repeat          1     56    (0) 1712  
  326   14.9  0.0  0.0  Sniffles2.INS.93S2B       1    47    (4) + AluJo          SINE/Alu             230    276   (36) 1713  
  365   15.1  0.0  0.0  Sniffles2.INS.94S2B       1    53   (12) + Alu            SINE/Alu             228    280   (22) 1714  
  191    0.0  0.6  0.0  Sniffles2.INS.94SBF       1   168    (0) + (ATAGA)n       Simple_repeat          1    169    (0) 1715  
  271   17.1  0.0  0.0  Sniffles2.INS.95S2B       3    43    (8) + FRAM           SINE/Alu             104    144   (32) 1716  
  405    4.1  0.0  0.0  Sniffles2.INS.95S31       1    49    (1) C LTR12C         LTR/ERV1           (577)   1002    954 1717  
  106   20.6  1.3  1.7  Sniffles2.INS.95S3A       6   242    (0) + (TA)n          Simple_repeat          1    236    (0) 1718  
  338   10.0  0.0  2.0  Sniffles2.INS.95SBF       1    51    (2) C HERVL-int      LTR/ERVL          (5347)    307    258 1719  
   39    0.0  4.7  0.0  Sniffles2.INS.96S1        1    43    (9) + (TTTC)n        Simple_repeat          1     45    (0) 1720  
   48   24.1  2.3  0.8  Sniffles2.INS.96S33       3   131    (8) + (TGG)n         Simple_repeat          1    131    (0) 1721  
   40   10.3  2.7  0.0  Sniffles2.INS.96S5        1    73    (2) + (TA)n          Simple_repeat          1     75    (0) 1722  
   24   18.4  6.8  2.6  Sniffles2.INS.96SBF       6    80    (0) + (TA)n          Simple_repeat          1     78    (0) 1723  
   62   25.5  0.0  0.0  Sniffles2.INS.96SC0       3   156  (112) + (ATTCC)n       Simple_repeat          1    154    (0) 1724  
 1408    3.8  0.0  0.0  Sniffles2.INS.97S31       1   160    (1) C LTR12E         LTR/ERV1           (490)    832    673 1725  
  177   12.6  1.4  0.0  Sniffles2.INS.97S5        1   285    (1) + (TA)n          Simple_repeat          1    289    (0) 1726  
   32    5.0  0.0  2.3  Sniffles2.INS.9AS23       1    44    (9) + (CTTT)n        Simple_repeat          1     43    (0) 1727  
 1129   10.7  0.0  0.0  Sniffles2.INS.9BS25       1   170    (1) + ALR/Alpha      Satellite/centr        1    170    (0) 1728  
   22   21.8  0.0  0.0  Sniffles2.INS.9BS2B       1    50    (0) + (TGGAA)n       Simple_repeat          1     50    (0) 1729  
  593    6.2  1.2  1.2  Sniffles2.INS.9BS37       1    81    (0) + THE1C          LTR/ERVL-MaLR        244    324   (51) 1730  
  583    1.8  1.9  5.8  Sniffles2.INS.9BS39       1   807    (0) + (TA)n          Simple_repeat          1    777    (0) 1731  
  418    3.8  3.8  0.0  Sniffles2.INS.9BS3A       1    53    (7) C AluSg          SINE/Alu           (101)    209    155 1732  
 1036    9.8  0.0  0.4  Sniffles2.INS.9CS25       1   171    (0) + ALR/Alpha      Satellite/centr        1    170    (0) 1733  
 1088    0.9  0.0  0.0  Sniffles2.INS.9CS2B       1   115    (0) + AluYk11        SINE/Alu               7    121  (190) 1734  
  498   24.8  0.0  0.0  Sniffles2.INS.9CS3A       1   109    (0) C L1ME3Cz        LINE/L1            (620)   5630   5522 1735  
  471    0.0  0.0  0.0  Sniffles2.INS.9DS11     119   199    (0) C Alu            SINE/Alu             (0)    301    230 1736  
   46    2.1  0.0  2.0  Sniffles2.INS.9DS23       1    51    (3) + (TTTC)n        Simple_repeat          1     50    (0) 1737  
  860   11.1  0.4  0.4  Sniffles2.INS.9DS25       7   170    (1) + ALR/Alpha      Satellite/centr        1    164    (0) 1738  
  239   21.4  3.6  0.0  Sniffles2.INS.9DS2B       4    59  (299) + AluY           SINE/Alu             228    285   (16) 1739  
 2666    3.7  0.0  0.0  Sniffles2.INS.9DS2B      60   358    (0) + AluYa5         SINE/Alu               3    301   (10) 1740  
   36    1.9  9.4  0.0  Sniffles2.INS.9DS5        4    56    (4) + (TA)n          Simple_repeat          1     58    (0) 1741  
 1240   13.8  0.9  0.4  Sniffles2.INS.9ES25       6  2050    (1) + ALR/Alpha      Satellite/centr        1   2054    (0) 1742  
  155   22.1  1.2  2.6  Sniffles2.INS.9ESC0       1   206  (377) + (TCCAT)n       Simple_repeat          1    206    (0) 1743  
  247   20.5  0.0  0.0  Sniffles2.INS.9ESC0     216   254  (329) C FRAM           SINE/Alu            (32)    144    106 1744  
  155   22.1  1.2  2.6  Sniffles2.INS.9ESC0     271   413  (170) + (TCCAT)n       Simple_repeat          3    147    (0) 1745  
  306   17.9  3.6  0.0  Sniffles2.INS.9FS2B       5    60    (0) + FRAM           SINE/Alu              97    154   (22) 1746  
   55   18.1  1.3  5.5  Sniffles2.INS.9S29        1   152  (136) + (TATATAT)n     Simple_repeat          1    146    (0) 1747  
  705   20.0  0.0  0.0  Sniffles2.INS.9S29      155   279    (9) C AluSc8         SINE/Alu            (29)    282    158 1748  
  286   14.3  0.0  2.0  Sniffles2.INS.9S2B       16    65    (2) + Alu            SINE/Alu             224    272   (29) 1749  
 1119   13.6  0.5  0.0  Sniffles2.INS.9S2F        3   334    (3) + ALR/Alpha      Satellite/centr        1    333    (0) 1750  
 1037   15.6  0.0  0.2  Sniffles2.INS.9S30        1   341    (0) + ALR/Alpha      Satellite/centr        1    340    (0) 1751  
  260   20.8  0.0  0.0  Sniffles2.INS.9S5D       12    59   (10) + AluYe5         SINE/Alu             225    272   (38) 1752  
 1238   13.2  0.1  0.2  Sniffles2.INS.9S6F        4   934    (0) + ALR/Alpha      Satellite/centr        1    929    (0) 1753  
  136   22.8  0.3  1.0  Sniffles2.INS.9S77        2   313    (0) + (TCCAC)n       Simple_repeat          1    310    (0) 1754  
 1054    8.0  0.9  0.0  Sniffles2.INS.9SA8        2   434    (1) C ACRO1          Satellite/acro       (0)    436      1 1755  
  356    9.6  0.0  0.0  Sniffles2.INS.9SB4        1    52   (94) C L1P1           LINE/L1           (6101)     54      3 1756  
  367   11.1  0.0  0.0  Sniffles2.INS.9SB4       72   125   (21) C L1P1           LINE/L1           (6099)     56      3 1756  
   38    8.3  0.0  0.0  Sniffles2.INS.A0S24       1    51    (1) + (TC)n          Simple_repeat          1     51    (0) 1757  
   55   15.5  6.3  0.8  Sniffles2.INS.A1S23       7   132    (0) + (TA)n          Simple_repeat          1    133    (0) 1758  
   42   14.4  0.0  0.0  Sniffles2.INS.A1S24       1    69  (684) + (TC)n          Simple_repeat          1     69    (0) 1759  
   44    0.0  2.3  0.0  Sniffles2.INS.A1S24      70   113  (640) + (CTCC)n        Simple_repeat          1     45    (0) 1760  
   45    0.0  0.0  2.2  Sniffles2.INS.A1S24     577   622  (131) + (TTTC)n        Simple_repeat          1     45    (0) 1761  
   66   18.6  0.0  0.0  Sniffles2.INS.A1S24     625   752    (1) + (CTCT)n        Simple_repeat          1    128    (0) 1762  
   61    0.0  0.0  0.0  Sniffles2.INS.A3S24       1    55    (0) + (GGTGG)n       Simple_repeat          1     55    (0) 1763  
  333   19.6  0.0  0.0  Sniffles2.INS.A3S2B       5    60    (4) + AluJb          SINE/Alu             225    280   (32) 1764  
   63   11.4  1.7  0.0  Sniffles2.INS.A4S31       1   115    (6) + (TA)n          Simple_repeat          1    117    (0) 1765  
 1056    3.4  0.0  0.0  Sniffles2.INS.A5S2B       1   118    (0) + AluYa5         SINE/Alu              13    130  (181) 1766  
   50    0.0  3.5  1.7  Sniffles2.INS.A7S1        1    57    (0) + (TTCT)n        Simple_repeat          1     58    (0) 1767  
   68   15.1  0.0  0.0  Sniffles2.INS.A7S24       1   117 (1001) + (TCTC)n        Simple_repeat          1    117    (0) 1768  
  272   23.2  1.8  0.9  Sniffles2.INS.A7S24     122   338  (780) C HERVIP10FH-int LTR/ERV1          (4105)    997    779 1769  
  339   22.9  1.0  0.2  Sniffles2.INS.A7S24     339  1118    (0) + (TCTC)n        Simple_repeat          1    786    (0) 1770  
 1038    0.9  0.0  0.0  Sniffles2.INS.A7S2B      47   157    (0) + AluYa5         SINE/Alu             182    292   (19) 1771  
   72   17.7  1.4  0.0  Sniffles2.INS.A7S33       1   142    (0) + (CTCA)n        Simple_repeat          1    144    (0) 1772  
   40   15.2  7.5  1.8  Sniffles2.INS.A8S1        4   109    (2) + (TA)n          Simple_repeat          1    112    (0) 1773  
   53    8.5  4.3  2.1  Sniffles2.INS.A8S11       1    92    (0) + (TA)n          Simple_repeat          1     94    (0) 1774  
   29   22.5  0.0  0.0  Sniffles2.INS.A8S24       3    69    (1) + (TCTC)n        Simple_repeat          1     67    (0) 1775  
  276   21.6  0.6  0.0  Sniffles2.INS.A8S2B      14    77    (0) + FRAM           SINE/Alu              89    140   (26) 1776  
  391   10.7  0.0  0.0  Sniffles2.INS.A8S6        1    68    (4) C FLAM_C         SINE/Alu            (82)     51      1 1777  
   54   23.3  0.0  0.8  Sniffles2.INS.A9S24       3   124    (2) + (TC)n          Simple_repeat          1    121    (0) 1778  
   63    4.5  0.0  0.0  Sniffles2.INS.A9S33       7    76   (68) + (TATATACG)n    Simple_repeat          1     70    (0) 1779  
  104   21.9  0.4  0.0  Sniffles2.INS.AAS24       3   228  (905) + (TCTC)n        Simple_repeat          1    227    (0) 1780  
  272   23.2  1.8  0.9  Sniffles2.INS.AAS24     233   449  (684) C HERVIP10FH-int LTR/ERV1          (4105)    997    779 1781  
  315   21.3  1.0  0.3  Sniffles2.INS.AAS24     450  1133    (0) + (TCTC)n        Simple_repeat          1    689    (0) 1782  
  110   19.6  1.2  1.2  Sniffles2.INS.AAS2B       9   249    (7) + (ATTCC)n       Simple_repeat          1    241    (0) 1783  
   30   15.2  0.0  0.0  Sniffles2.INS.ABS11       2    52    (5) + (TA)n          Simple_repeat          1     51    (0) 1784  
   27   18.8  1.4  2.9  Sniffles2.INS.ABS24       7    84    (1) + (TGTC)n        Simple_repeat          1     76    (0) 1785  
  488   23.9  0.6  0.3  Sniffles2.INS.ABS2B       1  1126    (0) + (AGTGG)n       Simple_repeat          1   1129    (0) 1786  
  335   23.5  0.9  0.0  Sniffles2.INS.ACS24       1   774  (250) + (TCTC)n        Simple_repeat          1    781    (0) 1787  
  275   20.9  0.4  3.9  Sniffles2.INS.ACS24     776  1014   (10) C HERVIP10FH-int LTR/ERV1          (4093)   1009    779 1788  
  351   16.4  0.0  0.0  Sniffles2.INS.ACS2B       1    55    (3) + Alu            SINE/Alu              90    144   (22) 1789  
  114    2.6  2.9  3.5  Sniffles2.INS.ACS3A       1   170    (0) + (AAAG)n        Simple_repeat          1    169    (0) 1790  
   63    0.0  0.0  3.1  Sniffles2.INS.ADS1        1    66    (1) + (ATATATATC)n   Simple_repeat          1     64    (0) 1791  
  354   19.6  0.0  0.0  Sniffles2.INS.ADS2B      14    69    (3) + AluYk3         SINE/Alu             224    279   (32) 1792  
   20   26.8  1.3  2.7  Sniffles2.INS.AES2B       1    75    (6) + (GAGTG)n       Simple_repeat          1     74    (0) 1793  
   63    0.0  0.0  0.0  Sniffles2.INS.AFS33       1    56    (1) + (T)n           Simple_repeat          1     56    (0) 1794  
   71    1.3  2.4  2.4  Sniffles2.INS.AS25        1    84    (6) + (TTCCA)n       Simple_repeat          1     84    (0) 1795  
  993   15.3  0.4  0.0  Sniffles2.INS.AS2F        1   340    (1) + ALR/Alpha      Satellite/centr        1    341    (0) 1796  
 1128   12.8  1.5  0.0  Sniffles2.INS.AS30        1   327    (9) + ALR/Alpha      Satellite/centr        1    332    (0) 1797  
   12   19.9  0.0  0.0  Sniffles2.INS.AS34        6    34  (897) + (TTTAT)n       Simple_repeat          1     29    (0) 1798  
 6480    1.1  0.0  0.3  Sniffles2.INS.AS34       35   756  (175) C L1HS           LINE/L1              (0)   6155   5436 1799  
   18   19.6  0.0  0.0  Sniffles2.INS.AS34      757   791  (140) + A-rich         Low_complexity         1     35    (0) 1800  
   26   14.0  0.0  0.0  Sniffles2.INS.AS5D        1    47    (3) + (GGAAT)n       Simple_repeat          1     47    (0) 1801  
 1231   14.0  0.0  0.1  Sniffles2.INS.AS6F        1  1022    (3) + ALR/Alpha      Satellite/centr        1   1021    (0) 1802  
 1054    7.7  0.6  1.5  Sniffles2.INS.ASA8        1   581    (1) C ACRO1          Satellite/acro      (50)    575      1 1803  
  923    8.8  1.7  0.0  Sniffles2.INS.ASAD        7   288    (0) C ACRO1          Satellite/acro       (0)    286      1 1804  
  628   20.5  0.0  0.0  Sniffles2.INS.ASBB       50   312  (276) C ACRO1          Satellite/acro      (31)    263      1 1805  
   39    0.0  0.0  0.0  Sniffles2.INS.B0S11      13    48    (2) + (GAAA)n        Simple_repeat          1     36    (0) 1806  
   37    8.5  0.0  0.0  Sniffles2.INS.B1S1        1    50    (0) + (AT)n          Simple_repeat          1     50    (0) 1807  
   62    2.6  2.5  2.5  Sniffles2.INS.B2S11       1    81    (1) + (CATATATAT)n   Simple_repeat          1     81    (0) 1808  
  341   15.2  0.0  0.0  Sniffles2.INS.B2S2B       3    48    (4) + FRAM           SINE/Alu              99    144   (32) 1809  
  609    8.5  1.9  3.6  Sniffles2.INS.B3S22       1  1024    (0) + (TCCC)n        Simple_repeat          1   1007    (0) 1810  
   21   20.9  0.0  0.0  Sniffles2.INS.B3S6        1    41    (9) + (AT)n          Simple_repeat          1     41    (0) 1811  
   24   29.0  0.0  0.0  Sniffles2.INS.B4S2B       4    78    (2) + (TGGAA)n       Simple_repeat          1     75    (0) 1812  
   48    4.9  1.5  1.5  Sniffles2.INS.B4S35       1    65    (1) + (CCTCAG)n      Simple_repeat          1     65    (0) 1813  
  172   21.4  3.1  3.1  Sniffles2.INS.B5S22       8   494    (0) + (TCT)n         Simple_repeat          1    487    (0) 1814  
   26    3.9  8.9  3.4  Sniffles2.INS.B5S31       1    56    (0) + (ATAG)n        Simple_repeat          1     59    (0) 1815  
   57    0.0  0.0  1.8  Sniffles2.INS.B6S1        1    56    (0) + (TTCT)n        Simple_repeat          1     55    (0) 1816  
   19   12.7  6.7  2.1  Sniffles2.INS.B6S3A       1    45    (0) + (TG)n          Simple_repeat          1     47    (0) 1817  
  116   20.2  0.0  0.0  Sniffles2.INS.B7S2B       1   230   (10) + (TTCCA)n       Simple_repeat          1    230    (0) 1818  
   14   16.9  0.0  2.9  Sniffles2.INS.B8S2B      19    53    (2) + (GAATG)n       Simple_repeat          1     34    (0) 1819  
  329   21.9  1.6  0.0  Sniffles2.INS.B9S2B      12    75   (12) + AluYi6         SINE/Alu             224    288   (23) 1820  
  302   17.0  0.0  0.0  Sniffles2.INS.BAS2B       2    48    (4) + AluJb          SINE/Alu             234    280   (32) 1821  
  352   16.7  0.0  0.0  Sniffles2.INS.BBS2B       1    54    (1) + Alu            SINE/Alu             226    279   (23) 1822  
   23    9.4  3.7  7.7  Sniffles2.INS.BCS33       1    54    (1) + (AT)n          Simple_repeat          1     52    (0) 1823  
   16    0.0  0.0  0.0  Sniffles2.INS.BCSBF       1    17   (39) + (A)n           Simple_repeat          1     17    (0) 1824  
   53    5.8  8.9  0.0  Sniffles2.INS.BDS4        3    92    (0) + (AT)n          Simple_repeat          1     98    (0) 1825  
  354    0.0  0.0  0.0  Sniffles2.INS.BFS2B       6    43   (23) + AluYk11        SINE/Alu             264    301   (10) 1826  
   51    0.0  2.0  0.0  Sniffles2.INS.BFS37       2    51    (0) + (AGAA)n        Simple_repeat          1     51    (0) 1827  
   37   25.9  0.0  2.7  Sniffles2.INS.BS16        1   115    (7) + (AATGG)n       Simple_repeat          1    112    (0) 1828  
  140    9.0  2.2  2.6  Sniffles2.INS.BS25        1   273    (3) + (TCCAT)n       Simple_repeat          1    272    (0) 1829  
   20   19.1  4.2  4.2  Sniffles2.INS.BS28        2    72    (5) + (TCTT)n        Simple_repeat          1     71    (0) 1830  
  114   18.3  8.9  1.7  Sniffles2.INS.BS29        1   383    (3) + (TA)n          Simple_repeat          1    410    (0) 1831  
  287   23.1  0.0  0.0  Sniffles2.INS.BS2B       21    72    (4) + AluJo          SINE/Alu             225    276   (36) 1832  
  863   16.0  1.6  0.0  Sniffles2.INS.BS2F        3   165    (2) + ALR/Alpha      Satellite/centr        1    165    (0) 1833  
   93    2.4  5.3  2.2  Sniffles2.INS.BS31        1   133    (0) + (TTCC)n        Simple_repeat          1    137    (0) 1834  
 2941    1.9  0.0  0.0  Sniffles2.INS.BS34       10   327   (16) + AluYb8         SINE/Alu               1    318    (0) 1835  
   88   14.0  0.0  0.0  Sniffles2.INS.BS5D        1   144    (1) + (TGGAA)n       Simple_repeat          1    144    (0) 1836  
 1010    8.7  0.8  0.0  Sniffles2.INS.BSAD       10   432    (0) C ACRO1          Satellite/acro       (0)    426      1 1837  
  240   20.8  6.2  3.0  Sniffles2.INS.BSB9        4   132    (8) + HSATII         Satellite             31    163    (7) 1838  
   25   15.9  0.0  0.0  Sniffles2.INS.BSBD       11    59    (6) + (ATTCC)n       Simple_repeat          1     49    (0) 1839  
   52   13.5  3.5  3.5  Sniffles2.INS.C0S33       1   113    (0) + (TA)n          Simple_repeat          1    113    (0) 1840  
  837   18.5  0.5  5.6  Sniffles2.INS.C2S6        1   162    (0) C AluJb          SINE/Alu             (6)    296     33 1841  
   41    2.3  0.0  2.2  Sniffles2.INS.C4S18       6    52    (0) + (GGAA)n        Simple_repeat          1     46    (0) 1842  
 1747    6.8 17.9  0.0  Sniffles2.INS.C4S2B       2   253   (20) + AluY           SINE/Alu               1    297    (4) 1843  
  112   21.9  0.0  0.8  Sniffles2.INS.C6S2B       1   242    (0) + (TGGAA)n       Simple_repeat          1    240    (0) 1844  
   37    4.4  2.0  2.0  Sniffles2.INS.C7S24       4    52    (5) + (AT)n          Simple_repeat          1     49    (0) 1845  
   19   20.9  0.0  0.0  Sniffles2.INS.C7S2B       6    49    (1) + (GAATG)n       Simple_repeat          1     44    (0) 1846  
 1234   15.1  0.5  0.1  Sniffles2.INS.C8S23       5  5271    (2) C ALR/Alpha      Satellite/centr      (0)   5287      1 1847  
  307   19.1  0.0  0.0  Sniffles2.INS.C8S2B       1    47    (3) + AluYa5         SINE/Alu             226    272   (39) 1848  
   50    6.6  9.1  1.9  Sniffles2.INS.C8S33       3   101    (1) + (AT)n          Simple_repeat          1    106    (0) 1849  
   51    3.9  0.0  0.0  Sniffles2.INS.C9S24       1    53    (3) + (AT)n          Simple_repeat          1     53    (0) 1850  
  126   19.8  0.0  0.0  Sniffles2.INS.C9S2B      11   255    (0) + (ATTCC)n       Simple_repeat          1    245    (0) 1851  
   88   13.4  6.3  0.5  Sniffles2.INS.C9S33       2   192    (4) + (TATATAA)n     Simple_repeat          1    202    (0) 1852  
  516    2.1  1.0  3.1  Sniffles2.INS.C9S38       1    99    (0) C SVA_F          Retroposon/SVA     (597)    778    682 1853  
   52    1.9  1.8  0.0  Sniffles2.INS.CAS37       3    57    (0) + (AAAG)n        Simple_repeat          1     56    (0) 1854  
  278    2.4  2.1 11.6  Sniffles2.INS.CAS6        5    51    (0) + L1P1           LINE/L1             3895   3937 (2209) 1855  
   24   21.4  0.0  0.0  Sniffles2.INS.CASBF       3    48    (5) + (TA)n          Simple_repeat          1     46    (0) 1856  
   78    8.0  4.3  2.1  Sniffles2.INS.CBS33       2   140    (2) + (TATATTA)n     Simple_repeat          1    142    (0) 1857  
  417    6.8  0.2  0.0  Sniffles2.INS.CCS2        1    60    (0) C AluSx          SINE/Alu            (77)    225    165 1858  
  253   21.3  0.0  0.2  Sniffles2.INS.CCS2B       1   519    (1) + (TGGAA)n       Simple_repeat          1    518    (0) 1859  
  752   11.9  0.0  0.0  Sniffles2.INS.CDS25      94   202   (50) C AluSc8         SINE/Alu            (10)    301    193 1860  
   26   11.2  4.0  0.0  Sniffles2.INS.CFS11       1    50    (0) + G-rich         Low_complexity         1     52    (0) 1861  
   42   17.9  0.0  0.0  Sniffles2.INS.CFS25       1    73    (3) + (TA)n          Simple_repeat          1     73    (0) 1862  
  193    8.7  9.4  0.2  Sniffles2.INS.CFS33       3   383    (1) + (TA)n          Simple_repeat          1    416    (0) 1863  
   31   20.5  0.0  0.0  Sniffles2.INS.CS28        1    62    (0) + (CT)n          Simple_repeat          1     62    (0) 1864  
  921   15.6  1.7  0.0  Sniffles2.INS.CS2F        1   337    (1) + ALR/Alpha      Satellite/centr        1    342    (0) 1865  
   22   23.3  0.0  0.0  Sniffles2.INS.CS5D        5    59    (0) + (TGGAA)n       Simple_repeat          1     55    (0) 1866  
   35   11.4  0.0  0.0  Sniffles2.INS.CSA8        1    57    (3) + (AAGG)n        Simple_repeat          1     57    (0) 1867  
  975    9.3  1.2  0.2  Sniffles2.INS.CSAD        7   575    (1) C ACRO1          Satellite/acro       (0)    574      1 1868  
   21    3.5  0.0  0.0  Sniffles2.INS.CSBD        1    29   (24) + (TTCCA)n       Simple_repeat          1     29    (0) 1869  
 1512   11.1  4.7  1.3  Sniffles2.INS.D0S24       2  1226    (1) C GSATII         Satellite/centr      (0)   1266      1 1870  
  239   25.4  0.0  1.5  Sniffles2.INS.D0S25       1    68  (110) C L1P3           LINE/L1           (1132)   5014   4948 1871  
  247   16.2  0.0  0.0  Sniffles2.INS.D1S2B       4    40   (12) + AluJb          SINE/Alu             240    276   (36) 1872  
  186   15.3  4.7  2.0  Sniffles2.INS.D2S18       3   432    (0) + (TAATATA)n     Simple_repeat          1    441    (0) 1873  
   62    2.2  7.1  1.9  Sniffles2.INS.D2S37       1    98   (10) + (TTTC)n        Simple_repeat          1    103    (0) 1874  
   59    0.0  1.9  0.0  Sniffles2.INS.D2S4        1    54    (1) + (AT)n          Simple_repeat          1     55    (0) 1875  
   44   10.3  1.1  6.7  Sniffles2.INS.D2SBF       1    95    (1) + (TGCCT)n       Simple_repeat          1     90    (0) 1876  
   85   18.8  5.3  1.3  Sniffles2.INS.D3S2        1   228    (0) + (CCA)n         Simple_repeat          1    237    (0) 1877  
  899   12.5  0.0  0.0  Sniffles2.INS.D3S25       7   158    (5) + GSATII         Satellite/centr        1    152   (64) 1878  
   30   10.2  5.7  0.0  Sniffles2.INS.D3S4        1    53    (3) + (TA)n          Simple_repeat          1     56    (0) 1879  
   19    0.0  0.0  0.0  Sniffles2.INS.D4S11      39    59    (0) + (G)n           Simple_repeat          1     21    (0) 1880  
 1036   15.2  0.6  0.0  Sniffles2.INS.D4S25       1   672    (9) C ALR/Alpha      Satellite/centr      (8)    676      1 1881  
   49   29.0  0.7  0.7  Sniffles2.INS.D4S2B      26   175    (4) + (GGAAT)n       Simple_repeat          1    150    (0) 1882  
   85   15.2  1.3  0.0  Sniffles2.INS.D4S4        1   153    (1) + (TATA)n        Simple_repeat          1    155    (0) 1883  
  961   15.5  1.0  0.0  Sniffles2.INS.D5S25       2   339    (1) C ALR/Alpha      Satellite/centr     (12)    341      1 1884  
   18   31.8  0.0  0.0  Sniffles2.INS.D5S33       1    61    (7) + (ATAT)n        Simple_repeat          1     61    (0) 1885  
 1060   14.7  0.0  0.0  Sniffles2.INS.D6S25       3   342    (0) C ALR/Alpha      Satellite/centr     (20)    340      1 1886  
  255   19.2  0.0  1.9  Sniffles2.INS.D6S6       29    81  (706) + LTR67B         LTR/ERVL             136    187  (433) 1887  
 2253    7.1  2.4  0.0  Sniffles2.INS.D6S6       83   376  (411) + AluY           SINE/Alu               3    303    (8) 1888  
  670   17.4  3.7  0.0  Sniffles2.INS.D6S6      377   485  (302) + FRAM           SINE/Alu              33    145   (21) 1889  
   15    0.0  0.0  0.0  Sniffles2.INS.D6S6      486   504  (283) + (AAT)n         Simple_repeat          1     19    (0) 1890  
   54    0.0  0.0  0.0  Sniffles2.INS.D7S33       1    49    (6) + (AAGA)n        Simple_repeat          1     49    (0) 1891  
  813   18.2  0.0  0.0  Sniffles2.INS.D8S25       1   165    (7) C ALR/Alpha      Satellite/centr      (6)    165      1 1892  
  570   11.1  0.0  0.0  Sniffles2.INS.D8S3A       1   128    (1) C HSAT5          Satellite            (4)    128      1 1893  
  859   18.3  0.0  0.0  Sniffles2.INS.DAS25       1   164    (7) C ALR/Alpha      Satellite/centr      (6)    165      2 1894  
   37    7.4  3.5  0.0  Sniffles2.INS.DAS31       4    60    (3) + (AT)n          Simple_repeat          1     59    (0) 1895  
   25    5.3  0.0  9.3  Sniffles2.INS.DAS4        1    47    (3) + (AT)n          Simple_repeat          1     43    (0) 1896  
  829   16.9  0.0  0.0  Sniffles2.INS.DBS25       1   170    (1) C ALR/Alpha      Satellite/centr     (10)    170      1 1897  
  216   25.5  0.2  2.3  Sniffles2.INS.DBS2B       1   586    (1) + (AATGG)n       Simple_repeat          1    574    (0) 1898  
  411    7.8  1.3  1.3  Sniffles2.INS.DCS25       1   112    (1) + ALR/Alpha      Satellite/centr        1    112   (68) 1899  
   41   19.3  0.0  0.0  Sniffles2.INS.DCS2B       2    84    (1) + (GAATG)n       Simple_repeat          1     83    (0) 1900  
   59    5.6  5.2  1.0  Sniffles2.INS.DDS1        1    96    (0) + (TTCT)n        Simple_repeat          1    100    (0) 1901  
   48    7.4  1.3  1.3  Sniffles2.INS.DDS11       1    75    (0) + (CCCCCT)n      Simple_repeat          1     75    (0) 1902  
   16   32.6  0.0  0.0  Sniffles2.INS.DDS25      13    57   (11) + (TA)n          Simple_repeat          1     45    (0) 1903  
   23   21.3  0.0  0.0  Sniffles2.INS.DDS2B       1    54    (1) + (AATGG)n       Simple_repeat          1     54    (0) 1904  
   43   28.9  0.0  0.0  Sniffles2.INS.DES2B       3   125    (0) + (GAATG)n       Simple_repeat          1    123    (0) 1905  
   75   10.3  3.4  0.7  Sniffles2.INS.DFS1        1   149    (1) + (TA)n          Simple_repeat          1    153    (0) 1906  
   23   21.4  0.0  0.0  Sniffles2.INS.DS16        1    54    (1) + (TGGAA)n       Simple_repeat          1     54    (0) 1907  
  305   15.8 13.7  0.0  Sniffles2.INS.DS25        1    95    (9) + HSATII         Satellite              9    116   (54) 1908  
 2678    2.7  0.0  0.0  Sniffles2.INS.DS2B       15   308    (0) + AluYk11        SINE/Alu               2    295   (16) 1909  
  815   15.6  0.4  0.8  Sniffles2.INS.DS2F        2   166    (2) + ALR/Alpha      Satellite/centr        1    164    (0) 1910  
  298    8.9  5.7  0.0  Sniffles2.INS.DSA7        1    60    (1) + AluSx          SINE/Alu             148    211   (91) 1911  
   44    0.0  0.0  7.3  Sniffles2.INS.DSAD        1    59    (3) + (GTGTGCGTGT)n  Simple_repeat          1     55    (0) 1912  
  771   16.5  0.0  0.0  Sniffles2.INS.DSBA        1   170    (1) + ALR/Alpha      Satellite/centr        1    170    (0) 1913  
   13   25.4  2.0  2.0  Sniffles2.INS.DSBD        2    50    (0) + (TTCAT)n       Simple_repeat          1     49    (0) 1914  
   43   21.5  3.3  1.6  Sniffles2.INS.E0S2B       5   126   (17) + (TGGAG)n       Simple_repeat          1    124    (0) 1915  
  128   13.1  8.3  2.5  Sniffles2.INS.E0S3A       4   342    (0) + (ATGAA)n       Simple_repeat          1    358    (0) 1916  
   44   22.5  0.0  0.0  Sniffles2.INS.E1S2B       2   100  (288) + (TGGAG)n       Simple_repeat          1     99    (0) 1917  
  212    7.4  1.1  0.0  Sniffles2.INS.E1S2B     104   386    (2) + (GAATG)n       Satellite              1    286    (0) 1918  
   52    0.0  0.0  0.0  Sniffles2.INS.E1S31       1    47    (1) + (TTC)n         Simple_repeat          1     47    (0) 1919  
  489    5.8  7.1  1.4  Sniffles2.INS.E1S6        4    73    (0) + AluSx          SINE/Alu              89    162  (140) 1920  
 1176   14.4  0.6  0.4  Sniffles2.INS.E3S23       1  1362    (1) C ALR/Alpha      Satellite/centr     (74)   1363      1 1921  
  364    9.4  0.0  0.0  Sniffles2.INS.E3S25       1    53    (0) C ALR/Alpha      Satellite/centr    (108)     64     12 1922  
   22   10.2  2.3  2.3  Sniffles2.INS.E3S2B       3    46    (0) + (TGGAA)n       Simple_repeat          1     44    (0) 1923  
   60    1.8 11.9  1.5  Sniffles2.INS.E3S33       3   120    (2) + (AT)n          Simple_repeat          1    130    (0) 1924  
  438   12.7  0.0  0.0  Sniffles2.INS.E4S11       1    63    (7) + SATR2          Satellite            112    174  (145) 1925  
  516    6.1  0.0  0.0  Sniffles2.INS.E4S24       1    66    (0) + MER9a1         LTR/ERVK             229    294  (219) 1926  
   25   20.1  1.4  4.2  Sniffles2.INS.E5S39      19    92    (1) + (ATACAT)n      Simple_repeat          1     72    (0) 1927  
   33   23.3  2.2  0.0  Sniffles2.INS.E6S39       2    91    (1) + (TATATA)n      Simple_repeat          1     92    (0) 1928  
   27   20.5  4.5  0.0  Sniffles2.INS.E7S38       1    67    (7) + (TA)n          Simple_repeat          1     70    (0) 1929  
  231   20.6 12.3  0.0  Sniffles2.INS.EAS1      132   204   (18) C L2c            LINE/L2             (11)   3376   3295 1930  
  612    8.4  2.4  3.3  Sniffles2.INS.EAS33       1   123    (4) + SVA_A          Retroposon/SVA       634    755  (632) 1931  
 1308   11.5  4.9  1.4  Sniffles2.INS.EBS13       1   203   (23) C AluJb          SINE/Alu             (8)    294     85 1932  
   35    0.0  7.8  0.0  Sniffles2.INS.EBS38       1    51    (0) + (GAAG)n        Simple_repeat          1     55    (0) 1933  
  516    7.7  1.5  0.0  Sniffles2.INS.ECS11       1    65    (1) + AluSg          SINE/Alu             120    185  (125) 1934  
   28    9.3  1.5  7.9  Sniffles2.INS.EDS38       4    70    (1) + (TATATA)n      Simple_repeat          1     63    (0) 1935  
   36   18.8  3.5  6.2  Sniffles2.INS.EDS4        1   116    (0) + (AT)n          Simple_repeat          1    113    (0) 1936  
   39    2.1  0.0  5.8  Sniffles2.INS.EES0       35    89   (16) + (CAGTCTTACA)n  Simple_repeat          1     52    (0) 1937  
  197    6.3  0.0  3.1  Sniffles2.INS.EES2        1    33  (122) + MIR            SINE/MIR             112    143  (119) 1938  
  249   22.1  7.0  0.0  Sniffles2.INS.EFS5        5    90  (240) C HAL1           LINE/L1           (1256)   1251   1160 1939  
  246   25.7 12.4  1.5  Sniffles2.INS.EFS5      152   329    (1) C HAL1           LINE/L1           (1049)   1458   1262 1940  
   69   19.2  4.0  1.1  Sniffles2.INS.ES28        1   175    (6) + (GTCT)n        Simple_repeat          1    180    (0) 1941  
  354    0.0  0.0  0.0  Sniffles2.INS.ES2B        6    43   (23) + AluYk11        SINE/Alu             264    301   (10) 1942  
  984   16.9  0.2  0.0  Sniffles2.INS.ES2F       10   339    (0) + ALR/Alpha      Satellite/centr        1    330    (0) 1943  
 1088   13.1  0.0  0.0  Sniffles2.INS.ES30        1   340    (2) + ALR/Alpha      Satellite/centr        1    340    (0) 1944  
  389   18.8  7.6  3.3  Sniffles2.INS.ES5D        2   226    (3) C HSATII         Satellite            (7)    234      1 1945  
  350   15.9  0.0  0.0  Sniffles2.INS.ESA8       26    88    (0) C ACRO1          Satellite/acro      (28)    119     57 1946  
 1132   14.9  1.2  0.2  Sniffles2.INS.ESB0        1  2873    (1) + ALR/Alpha      Satellite/centr        1   2900    (0) 1947  
  425   10.0  0.0  0.0  Sniffles2.INS.ESBA        1    60    (2) + ALR/Alpha      Satellite/centr       20     79   (93) 1948  
   24   16.6  0.0  0.0  Sniffles2.INS.ESBD        1    47   (22) + (TCCAT)n       Simple_repeat          1     47    (0) 1949  
   16   16.1  5.7  0.0  Sniffles2.INS.F3S35      10    44    (9) + (TA)n          Simple_repeat          1     37    (0) 1950  
   31   41.2  0.0  0.0  Sniffles2.INS.F3S39       4   117    (7) + (TA)n          Simple_repeat          1    114    (0) 1951  
   36    5.7  1.7  3.4  Sniffles2.INS.F4S18       1    60    (0) + (TTCT)n        Simple_repeat          1     59    (0) 1952  
  589   20.6 10.5 12.9  Sniffles2.INS.F4S5       38   309  (372) + MER21C         LTR/ERVL               9    351  (587) 1953  
   40   27.2  2.8  1.4  Sniffles2.INS.F4S5      390   533  (148) + (GCCGCC)n      Simple_repeat          1    146    (0) 1954  
  332    7.8  5.9  0.0  Sniffles2.INS.F5S13       1    51   (11) + AluSx3         SINE/Alu             102    155  (156) 1955  
  421   17.9  1.6  1.6  Sniffles2.INS.F6S22       3   861    (1) + (TCCC)n        Simple_repeat          1    859    (0) 1956  
 2982    0.3  0.0  0.0  Sniffles2.INS.F6S24      16   328    (0) + AluYb8         SINE/Alu               1    313    (5) 1957  
  483   15.3  0.0  1.5  Sniffles2.INS.F6S6        3    87  (386) C FLAM_C         SINE/Alu            (64)     69      5 1958  
   28   14.1  0.0  0.0  Sniffles2.INS.F7S11       6    54    (0) + (CCTT)n        Simple_repeat          1     49    (0) 1959  
   52    7.3  0.0  2.7  Sniffles2.INS.F8S1        1    76    (0) + (TA)n          Simple_repeat          1     74    (0) 1960  
  229    9.7  0.0  0.0  Sniffles2.INS.FAS5        1    31   (19) C MSTB           LTR/ERVL-MaLR      (359)     67     37 1961  
  619    8.9  4.8  3.2  Sniffles2.INS.FBS35       8  1181    (0) + (CA)n          Simple_repeat          1   1192    (0) 1962  
  280   23.3  7.4  4.5  Sniffles2.INS.FBS39       4   111   (12) C MER57-int      LTR/ERV1          (2340)   5197   5087 1963  
  296   16.3  0.0  2.0  Sniffles2.INS.FBS5        5    54    (0) C MSTB           LTR/ERVL-MaLR      (342)     84     36 1964  
   22   17.1  4.2  4.2  Sniffles2.INS.FCS0       32   102    (3) + (CCTCAGC)n     Simple_repeat          1     71    (0) 1965  
   53    9.2  0.0 11.8  Sniffles2.INS.FES1        1   133    (3) + (ATTCC)n       Simple_repeat          1    119    (0) 1966  
   42   10.0  3.7  2.4  Sniffles2.INS.FES38       1    81    (0) + A-rich         Low_complexity         1     82    (0) 1967  
  528   19.0  2.1  9.4  Sniffles2.INS.FS15        1   615   (51) C HSATII         Satellite           (12)    570      1 1968  
   14   17.5  0.0  0.0  Sniffles2.INS.FS15      632   663    (3) + (GAATG)n       Satellite              1     32    (0) 1969  
   40   16.6  0.0  0.0  Sniffles2.INS.FS28        1    74    (4) + (TCTC)n        Simple_repeat          1     74    (0) 1970  
  450    0.0  0.0  0.0  Sniffles2.INS.FS2B        1    48   (56) + AluYk11        SINE/Alu             254    301   (10) 1971  
  930   15.5  1.9  0.0  Sniffles2.INS.FS30        1   337    (0) + ALR/Alpha      Satellite/centr        1    343    (0) 1972  
 2018   13.2  0.0  0.0  Sniffles2.INS.FS34        1   280   (68) + AluSq2         SINE/Alu              21    300   (13) 1973  
  263    8.7  8.7  0.0  Sniffles2.INS.FS34      282   327   (21) C MER57-int      LTR/ERV1          (2585)   4952   4903 1974  
  843    5.2  1.4  0.0  Sniffles2.INS.FSA8        1   143    (0) C ACRO1          Satellite/acro      (49)    145      1 1975  
  885    8.7  0.0  0.0  Sniffles2.INS.FSBB        1   145  (588) C ACRO1          Satellite/acro      (55)    145      1 1976  
  593   21.5  0.0  0.0  Sniffles2.INS.FSBB      424   686   (47) C ACRO1          Satellite/acro      (31)    263      1 1977  
 1276   15.6  0.5  0.2  Sniffles2.INS.FSF         2  2849    (0) + ALR/Alpha      Satellite/centr        1   2855    (0) 1978  
