   SW   perc perc perc  query                 position in query    matching       repeat              position in repeat
score   div. del. ins.  sequence              begin end   (left)   repeat         class/family      begin  end    (left)   ID

 2914    0.0  0.0  0.0  Sniffles2.INS.0S36       11   314    (0) C AluY           SINE/Alu             (7)    304      1    1  
  770   13.2  0.0  0.0  Sniffles2.INS.0S7B        1   170    (1) + ALR/Alpha      Satellite/centr        1    170    (0)    2  
  233   24.0  0.0  0.0  Sniffles2.INS.0SA9        3    52    (0) C LTR13          LTR/ERVK           (609)    398    349    3  
 2932    1.3  0.0  0.0  Sniffles2.INS.0SB0       13   326    (0) C AluYb8         SINE/Alu             (4)    314      1    4  
 2870    1.3  0.0  0.0  Sniffles2.INS.0SBB        7   313    (0) C AluYa5         SINE/Alu             (4)    307      1    5  
  111   22.0  2.9  0.4  Sniffles2.INS.100S0       6   277    (2) + (ATG)n         Simple_repeat          1    279    (0)    6  
   49    0.0  2.1  0.0  Sniffles2.INS.101S11      1    48    (2) + (AGAA)n        Simple_repeat          1     49    (0)    7  
   83   16.8  0.0  0.0  Sniffles2.INS.101SC0      1   149    (1) + (TCCAT)n       Simple_repeat          1    149    (0)    8  
  960   14.9  0.0  0.0  Sniffles2.INS.105S25      1   170    (1) C ALR/Alpha      Satellite/centr     (73)    170      1    9  
  361   11.3  0.0  0.0  Sniffles2.INS.106S25      1    53    (0) C ALR/Alpha      Satellite/centr    (107)     64     12   10  
   40    2.3  2.2  0.0  Sniffles2.INS.107SBF      7    51    (0) + (AGAA)n        Simple_repeat          1     46    (0)   11  
  259   16.3  2.3  0.0  Sniffles2.INS.108S2       1    43   (19) + Alu            SINE/Alu             173    216   (86)   12  
   17   23.3  0.0  4.1  Sniffles2.INS.109S11      1    51    (0) + GA-rich        Low_complexity         1     49    (0)   13  
   87    0.0  0.0  0.0  Sniffles2.INS.10AS31      3    76   (64) + (TA)n          Simple_repeat          1     74    (0)   14  
   23   26.8  0.0  0.0  Sniffles2.INS.10AS31     88   140    (0) + (AT)n          Simple_repeat          1     53    (0)   15  
   41    0.0  0.0  2.4  Sniffles2.INS.10DS13     11    52    (3) + (AGAA)n        Simple_repeat          1     41    (0)   16  
 2260    8.0  1.4  0.0  Sniffles2.INS.10DS31      9   296  (355) C AluY           SINE/Alu            (19)    292      1   17  
 2350    9.8  0.7  0.0  Sniffles2.INS.10DS31    329   633   (18) + AluSg7         SINE/Alu               2    308    (1)   18  
   28   14.4  0.0  0.0  Sniffles2.INS.10ES11      6    51   (26) + (T)n           Simple_repeat          1     46    (0)   19  
   27    5.0  2.3  2.3  Sniffles2.INS.10FS6       1    44    (2) + (AAGA)n        Simple_repeat          1     44    (0)   20  
   21   22.5  1.8  0.0  Sniffles2.INS.10S11       1    57    (2) + (GCCACC)n      Simple_repeat          1     58    (0)   21  
  487   17.3  6.5  6.3  Sniffles2.INS.10S15       1   299    (1) C HSATII         Satellite           (89)    299      1   22  
  449   15.0 13.3  6.6  Sniffles2.INS.10S16       5   147    (1) C HSATII         Satellite           (12)    158      7   23  
   82    7.8  0.6  5.7  Sniffles2.INS.10S1F       1   166    (2) + (GCTG)n        Simple_repeat          1    158    (0)   24  
   49    3.9  0.0  0.0  Sniffles2.INS.10S28       1    53    (0) + (TCT)n         Simple_repeat          1     53    (0)   25  
 1036   13.4  1.3  0.0  Sniffles2.INS.10S2F       1   337    (1) + ALR/Alpha      Satellite/centr        1    341    (0)   26  
  952   13.6  2.5  1.0  Sniffles2.INS.10S30       1   336    (3) + ALR/Alpha      Satellite/centr        1    340    (0)   27  
 1292   12.2  0.8  0.4  Sniffles2.INS.10S36       1  1024    (0) C ALR/Alpha      Satellite/centr     (39)   1028      1   28  
   13   32.4  0.0  0.0  Sniffles2.INS.10S5D       2    51    (0) + (GGAAT)n       Simple_repeat          1     50    (0)   29  
   33    2.2  2.0  4.0  Sniffles2.INS.10SA8       3    53    (0) + (GGAA)n        Simple_repeat          1     50    (0)   30  
  628   20.5  0.0  0.0  Sniffles2.INS.10SBB      50   312  (276) C ACRO1          Satellite/acro      (31)    263      1   31  
   40    4.5  4.0  4.0  Sniffles2.INS.114S22      7    80    (2) + (TGTGGA)n      Simple_repeat          1     74    (0)   32  
   16   27.5  2.1  0.0  Sniffles2.INS.115S18      1    48    (7) + (GT)n          Simple_repeat          1     49    (0)   33  
   80    2.5  1.2  0.0  Sniffles2.INS.116S22    700   782    (0) + (TGTGGA)n      Simple_repeat          1     84    (0)   34  
   11   15.9 12.2  0.0  Sniffles2.INS.117S0      13    61    (5) + (CAGCCAC)n     Simple_repeat          1     55    (0)   35  
 2818    0.3  0.0  0.0  Sniffles2.INS.117S11     16   310    (0) + AluY           SINE/Alu               1    295   (16)   36  
 1657    0.6  0.0  0.0  Sniffles2.INS.118S11      1   175    (9) + AluYa5         SINE/Alu             127    301   (10)   37  
   26    5.7 14.3  2.3  Sniffles2.INS.118S2       6    82    (0) + (TATATCTAGA)n  Simple_repeat          1     86    (0)   38  
   28   16.6  0.0  0.0  Sniffles2.INS.118S25      1    54    (1) + (TGGAA)n       Simple_repeat          1     54    (0)   39  
   21   10.9  9.8  0.0  Sniffles2.INS.11AS1       1    52    (1) + (CTCT)n        Simple_repeat          1     57    (0)   40  
   48   26.1  0.9  0.0  Sniffles2.INS.11AS13      7   119    (1) + (TA)n          Simple_repeat          1    114    (0)   41  
  362   17.0  9.1  4.3  Sniffles2.INS.11AS24      1   154   (21) + HSATII         Satellite              4    164    (6)   42  
   66   18.1  4.2  0.0  Sniffles2.INS.11CS18      5   148    (7) + (AT)n          Simple_repeat          1    150    (0)   43  
   72    6.0  0.0  0.0  Sniffles2.INS.11ES24      1    87    (7) + (CCATT)n       Simple_repeat          1     87    (0)   44  
  487   17.4  3.7  8.6  Sniffles2.INS.11S15       1   320  (265) C HSATII         Satellite           (89)    304      1   45  
   23   28.0  0.0  0.0  Sniffles2.INS.11S15     321   389  (196) + (AATGG)n       Simple_repeat          1     69    (0)   46  
  248   17.2  7.3  8.6  Sniffles2.INS.11S15     392   556   (29) C HSATII         Satellite            (7)    163      1   47  
   60   32.6  0.0  0.6  Sniffles2.INS.11S18       1   184   (14) + (AC)n          Simple_repeat          1    183    (0)   48  
  304   23.1  2.5  1.2  Sniffles2.INS.11S23      48   126  (126) C L1M4           LINE/L1           (3086)   3060   2981   49  
  226   28.2  2.5  1.2  Sniffles2.INS.11S23     111   189   (63) C L1M5           LINE/L1           (3086)   3060   2981   50 *
  256   25.6  2.5  1.2  Sniffles2.INS.11S23     174   252    (0) C L1M4           LINE/L1           (3086)   3060   2981   49  
  305   15.8 13.7  0.0  Sniffles2.INS.11S25       1    95    (9) + HSATII         Satellite              9    116   (54)   51  
   87   14.1  1.2  1.2  Sniffles2.INS.11S28       1   160    (0) + (CTTT)n        Simple_repeat          1    160    (0)   52  
  358   16.4  0.0  0.0  Sniffles2.INS.11S2B      13    67   (63) + Alu            SINE/Alu             225    279   (22)   53  
 1054   13.7  1.4  0.1  Sniffles2.INS.11S2F       1   672    (0) + ALR/Alpha      Satellite/centr        1    681    (0)   54  
  879   14.2  0.0  1.6  Sniffles2.INS.11S30       1   171    (1) + ALR/Alpha      Satellite/centr        1    168    (0)   55  
 1226   13.5  0.3  0.8  Sniffles2.INS.11S6F       1  1025    (3) + ALR/Alpha      Satellite/centr        1   1020    (0)   56  
   95   13.8  1.2  1.2  Sniffles2.INS.11SA7       1   171    (2) + (TTTC)n        Simple_repeat          1    171    (0)   57  
  843    5.2  1.4  0.0  Sniffles2.INS.11SA8       1   143    (0) C ACRO1          Satellite/acro      (49)    145      1   58  
  934   17.0  0.9  0.0  Sniffles2.INS.11SBA       1   338    (0) + ALR/Alpha      Satellite/centr        1    340    (0)   59  
  383   15.5  2.8  0.0  Sniffles2.INS.122S1      18    88    (5) C HERVH-int      LTR/ERV1          (2564)   5149   5077   60  
   16   21.0  2.4  2.4  Sniffles2.INS.122S25      9    49   (24) + (TA)n          Simple_repeat          1     41    (0)   61  
   19   21.7  0.0  2.3  Sniffles2.INS.123S13     14    58    (6) + (TA)n          Simple_repeat          1     44    (0)   62  
 1713    2.1  0.0  0.0  Sniffles2.INS.123S25     17   202    (8) + AluYa5         SINE/Alu             116    301   (10)   63  
  532   18.0 15.2  0.9  Sniffles2.INS.124SBF      8   198 (1079) + L1M5           LINE/L1             2831   3048 (3098)   64  
  852   14.4  0.0  0.0  Sniffles2.INS.124SBF    211   328  (949) + AluJr          SINE/Alu               1    118  (194)   65  
  530   18.4  6.6  0.0  Sniffles2.INS.124SBF    342   477  (800) + L1M5           LINE/L1             4993   5137 (1009)   64  
  300   30.4  0.0  5.7  Sniffles2.INS.124SBF    781   909  (368) C MIR            SINE/MIR             (0)    262    141   66  
 2023   11.3  1.1  0.1  Sniffles2.INS.124SBF    924  1219   (58) + AluSx          SINE/Alu               1    282   (20)   67  
   35    0.0  3.8  5.8  Sniffles2.INS.124SBF   1221  1273    (4) + (AACAA)n       Simple_repeat          1     52    (0)   68  
  577   17.0  3.5  3.5  Sniffles2.INS.126S1       1   116    (4) + MSTB           LTR/ERVL-MaLR         45    160  (266)   69  
   42    0.0  0.0  0.0  Sniffles2.INS.126S11     30    65    (0) + (TA)n          Simple_repeat          1     36    (0)   70  
   51    3.7  0.0  0.0  Sniffles2.INS.126S24      1    55    (0) + (CCATT)n       Simple_repeat          1     55    (0)   71  
   32   14.1  0.0  4.5  Sniffles2.INS.126S5       1    69    (0) + G-rich         Low_complexity         1     66    (0)   72  
   84    2.1  0.0  0.0  Sniffles2.INS.128S39      1    96    (0) + (A)n           Simple_repeat          1     96    (0)   73  
  746    9.9  0.0  0.0  Sniffles2.INS.129S13      1    91  (110) C AluSp          SINE/Alu           (219)     94      4   74  
  412   15.0  0.0  0.0  Sniffles2.INS.129S13    140   199    (2) + Alu            SINE/Alu               6     65  (237)   75  
   29    7.8  0.0  0.0  Sniffles2.INS.12AS6      25    65    (1) + (T)n           Simple_repeat          1     41    (0)   76  
 1620    2.8  0.0  0.0  Sniffles2.INS.12CS25      1   240    (0) + L1HS           LINE/L1              840   1152 (4880)   77  
   35    5.1  4.2  7.2  Sniffles2.INS.12CS33      1    71    (0) + (TA)n          Simple_repeat          1     69    (0)   78  
   24   15.7  0.0  6.7  Sniffles2.INS.12ES22      5    68    (1) + (ATATTGT)n     Simple_repeat          1     60    (0)   79  
   39    0.0  0.0  0.0  Sniffles2.INS.12FS6      15    50    (0) + (TCTT)n        Simple_repeat          1     36    (0)   80  
  478   18.3  4.9  5.6  Sniffles2.INS.12S25      28   860    (0) + HSATII         Satellite              1    827    (4)   81  
  335   17.9  0.0  0.0  Sniffles2.INS.12S2B      12    67    (5) + Alu            SINE/Alu              89    144   (22)   82  
  937   13.8  3.2  0.0  Sniffles2.INS.12S2F       1   166    (1) + ALR/Alpha      Satellite/centr        1    171    (0)   83  
  258   12.8  0.0  0.0  Sniffles2.INS.12S34     526   572  (243) + L1P4           LINE/L1             4976   5022 (1124)   84  
 1048    7.6  0.0  0.0  Sniffles2.INS.12SAD       2   146    (0) C ACRO1          Satellite/acro       (0)    147      3   85  
  785    7.4  0.9  0.0  Sniffles2.INS.12SBB       2   146    (0) C ACRO1          Satellite/acro      (37)    146      1   86  
   32    5.3  0.0  0.0  Sniffles2.INS.12SBD       7    45   (20) + (TCCAT)n       Simple_repeat          1     39    (0)   87  
   32    8.5  0.0  2.0  Sniffles2.INS.132S11      1    52    (1) + (GAAG)n        Simple_repeat          1     51    (0)   88  
  664    0.0  0.0  0.0  Sniffles2.INS.132S13     15    93    (0) + Alu            SINE/Alu               1     79  (222)   89  
  636   11.9  0.0  0.0  Sniffles2.INS.132S38      1   101    (0) + L1PREC2        LINE/L1             3606   3706 (2440)   90  
 2715    1.0  0.0  0.0  Sniffles2.INS.134S3A      5   324    (0) C AluYb9         SINE/Alu             (0)    318      1   91  
  350    7.0  0.0  0.0  Sniffles2.INS.135S25      1    43 (1900) C Alu            SINE/Alu            (89)     44      2   92  
 1675   19.0  1.0  0.0  Sniffles2.INS.135S25    384   672 (1271) + AluJb          SINE/Alu               2    293   (19)   93  
  696   27.2 10.9  0.9  Sniffles2.INS.135S25    935  1238  (705) + L2a            LINE/L2             2519   2852  (567)   94  
 2429   11.0  0.0  0.0  Sniffles2.INS.135S25   1241  1550  (393) C AluSg          SINE/Alu             (0)    310      1   95  
  246   30.1 17.7  1.1  Sniffles2.INS.135S25   1553  1777  (166) + L2a            LINE/L2             2856   3115  (311)   94  
   55    0.0  5.0  0.0  Sniffles2.INS.136S31      1    60    (0) + (TTTC)n        Simple_repeat          1     63    (0)   96  
   66    0.0 13.3  0.0  Sniffles2.INS.136S5       1   105    (3) + (TA)n          Simple_repeat          1    119    (0)   97  
   17    3.6  3.2  3.2  Sniffles2.INS.137S11      3    33  (109) + (AAGA)n        Simple_repeat          1     31    (0)   98  
  235    7.1  4.8  0.0  Sniffles2.INS.137S11     34    75   (67) + L1M5           LINE/L1             5429   5472  (707)   99  
   60    0.0  0.0  4.7  Sniffles2.INS.137S11     76   142    (0) + (AAAG)n        Simple_repeat          1     64    (0)  100  
  377   12.1  0.0  1.8  Sniffles2.INS.138S6       1    58   (10) C AluSg          SINE/Alu           (148)    162    106  101  
 1047   15.5  0.0  0.0  Sniffles2.INS.139S23      4   339    (3) + ALR/Alpha      Satellite/centr        1    336    (0)  102  
   91   10.4  2.5  1.9  Sniffles2.INS.139S39      1   161    (0) + (ATTATAT)n     Simple_repeat          1    162    (0)  103  
  102    6.3  2.6  1.3  Sniffles2.INS.13BS11      3   156    (0) + (ATAATAT)n     Simple_repeat          1    156    (0)  104  
   40    0.0  0.0  0.0  Sniffles2.INS.13CS13     52    88    (0) + (T)n           Simple_repeat          1     37    (0)  105  
 1014   15.6  0.0  0.0  Sniffles2.INS.13CS23      1   340    (1) + ALR/Alpha      Satellite/centr        1    340    (0)  106  
  187   34.0  6.2  0.0  Sniffles2.INS.13DS13     18   114    (1) C L2             LINE/L2            (413)   3006   2904  107  
  675   15.8  4.5  0.0  Sniffles2.INS.13DS25      5   137    (5) C MLT2B4         LTR/ERVL           (119)    437    299  108  
   36    2.7  0.0  0.0  Sniffles2.INS.13DS39      1    38   (14) + (AGGA)n        Simple_repeat          1     38    (0)  109  
   37    0.0  0.0  0.0  Sniffles2.INS.13ES35      7    40   (12) + (CCCT)n        Simple_repeat          1     34    (0)  110  
   21   17.8  4.5  2.9  Sniffles2.INS.13FS6       9    75    (8) + (TGATACT)n     Simple_repeat          1     68    (0)  111  
 1177   13.2  1.0  0.0  Sniffles2.INS.13S2F       1   336    (1) + ALR/Alpha      Satellite/centr        1    339    (0)  112  
 1054    8.1  0.5  0.0  Sniffles2.INS.13SA8       1   429    (9) C ACRO1          Satellite/acro       (9)    431      1  113  
 1060    8.0  0.0  0.0  Sniffles2.INS.13SAD       1   292    (2) C ACRO1          Satellite/acro       (0)    292      1  114  
 1131   15.4  0.8  0.1  Sniffles2.INS.13SBA       1  1874    (0) + ALR/Alpha      Satellite/centr        1   1885    (0)  115  
  517   19.3  7.6  5.7  Sniffles2.INS.13SBD      12   280  (122) C HSATII         Satellite            (7)    274      1  116  
   61   14.0  0.0  0.0  Sniffles2.INS.13SBD     301   402    (0) + (AATGG)n       Simple_repeat          1    102    (0)  117  
   43    3.1  7.3  1.4  Sniffles2.INS.141S38      1    68    (0) + (AT)n          Simple_repeat          1     72    (0)  118  
  548    4.0  0.0  0.0  Sniffles2.INS.145S13      1    76    (1) C SVA_F          Retroposon/SVA     (548)    827    752  119  
   38    8.3  0.0  0.0  Sniffles2.INS.146S39      8    58    (0) + (A)n           Simple_repeat          1     51    (0)  120  
  451   21.9  0.9  0.9  Sniffles2.INS.147S22      1   106    (7) C MLT1A          LTR/ERVL-MaLR      (101)    273    168  121  
   44    5.8  1.8  0.0  Sniffles2.INS.148S11      1    55    (0) + (TA)n          Simple_repeat          1     56    (0)  122  
   76    9.1  2.5  0.0  Sniffles2.INS.149S11      1   120    (3) + (TA)n          Simple_repeat          1    123    (0)  123  
  198    6.6  0.0  0.0  Sniffles2.INS.149S6       1   238   (45) + (T)n           Simple_repeat          1    238    (0)  124  
  511    4.8  0.0  0.0  Sniffles2.INS.14AS11      2    63    (1) + Alu            SINE/Alu              43    104  (197)  125  
   24   15.7  3.9  0.0  Sniffles2.INS.14AS18      1    52  (204) + GA-rich        Low_complexity         1     54    (0)  126  
  353   20.7  0.8  1.4  Sniffles2.INS.14AS18     56   125  (131) + MSTC           LTR/ERVL-MaLR         41    119  (255)  127  
  820   10.8  0.0  0.9  Sniffles2.INS.14AS18    146   256    (0) + AluJo          SINE/Alu               1    110  (202)  128  
   24   13.2  6.9  0.0  Sniffles2.INS.14ES33      1    58    (1) + (TGGTTG)n      Simple_repeat          1     62    (0)  129  
   14    8.2  3.9  0.0  Sniffles2.INS.14FS0      19    44    (6) + (CATA)n        Simple_repeat          1     27    (0)  130  
   57   16.9  1.9  0.0  Sniffles2.INS.14FS11      1   107    (3) + (TA)n          Simple_repeat          1    109    (0)  131  
  652   18.1 11.3  0.0  Sniffles2.INS.14FS31      1   133  (205) + AluSx          SINE/Alu             147    294    (8)  132  
  456    4.8  1.6  0.0  Sniffles2.INS.14FS31    259   321   (17) C Alu            SINE/Alu             (0)    302    239  133  
 1126   13.2  1.6  0.2  Sniffles2.INS.14S2F       1   672    (1) + ALR/Alpha      Satellite/centr        1    681    (0)  134  
   19    0.0  0.0  0.0  Sniffles2.INS.14S31      59    79  (497) + (A)n           Simple_repeat          1     21    (0)  135  
   13    9.3  0.0  0.0  Sniffles2.INS.14S31     232   254  (322) + (AAAC)n        Simple_repeat          1     23    (0)  136  
  199   20.7  6.5  6.5  Sniffles2.INS.14S31     329   390  (186) C L2             LINE/L2            (467)   2952   2891  137  
   34   18.3  0.0  0.0  Sniffles2.INS.14S58       2    69    (1) + (GGAAT)n       Simple_repeat          1     68    (0)  138  
  997   14.2  2.4  0.4  Sniffles2.INS.14S6F       5   335    (0) + ALR/Alpha      Satellite/centr        1    337    (0)  139  
 1054    9.0  4.4  0.6  Sniffles2.INS.14SA8       1   579    (6) C ACRO1          Satellite/acro      (42)    600      1  140  
  380   22.2  0.0  0.0  Sniffles2.INS.14SBA       1    81    (0) + ALR/Alpha      Satellite/centr       28    108   (63)  141  
   43   15.0  5.4  2.6  Sniffles2.INS.150S0       4   114    (0) + (ACCATC)n      Simple_repeat          1    114    (0)  142  
  198   29.1  0.0  0.0  Sniffles2.INS.150S33     17    71    (5) C L2a            LINE/L2              (3)   3423   3369  143  
   19   12.2  0.0  2.7  Sniffles2.INS.154S0       1    38   (55) + (GGAT)n        Simple_repeat          1     37    (0)  144  
   21   17.3  0.0  0.0  Sniffles2.INS.154S22      1    41    (7) + G-rich         Low_complexity         1     41    (0)  145  
  737   18.9  1.6  1.7  Sniffles2.INS.157S0       2   391    (1) C MLT2B4         LTR/ERVL           (151)    566    385  146  
  885   10.5  0.0  0.0  Sniffles2.INS.158S11      4   117   (18) + AluSc8         SINE/Alu             188    301   (10)  147  
   51    0.0  0.0  0.0  Sniffles2.INS.159S39      3    48    (0) + (GAA)n         Simple_repeat          1     46    (0)  148  
 1273   10.9  0.0  0.0  Sniffles2.INS.159S6       1   165  (419) + AluSg4         SINE/Alu             132    296   (14)  149  
 1022   29.0  3.8  0.7  Sniffles2.INS.159S6     174   461  (123) C L1MEb          LINE/L1           (5768)    302      6  150  
   24   17.5  4.5  1.5  Sniffles2.INS.159S6     515   580    (4) + (TACATT)n      Simple_repeat          1     68    (0)  151  
   36   17.8  0.0  6.1  Sniffles2.INS.15AS39      1    87    (1) + (AT)n          Simple_repeat          1     82    (0)  152  
   40    0.0  4.9  0.0  Sniffles2.INS.15AS5       4    44    (7) + (AT)n          Simple_repeat          1     43    (0)  153  
   76    0.0  2.8  0.0  Sniffles2.INS.15BS2       1    72    (3) + (AT)n          Simple_repeat          1     74    (0)  154  
   51    8.5  3.8 11.5  Sniffles2.INS.15BS38      1   159    (0) + G-rich         Low_complexity         1    148    (0)  155  
 2263   10.6  0.6  1.0  Sniffles2.INS.15CS1       9   320    (1) C AluY           SINE/Alu             (0)    311      1  156  
   66   13.9  5.2  0.0  Sniffles2.INS.15CS25      1   137    (0) + (TATAT)n       Simple_repeat          1    144    (0)  157  
  104    8.4  7.2  1.8  Sniffles2.INS.15DS25      1   209    (0) + (ATATATA)n     Simple_repeat          1    220    (0)  158  
   90   15.0  7.2  0.5  Sniffles2.INS.15ES18      5   213    (5) + (AC)n          Simple_repeat          1    223    (0)  159  
 2716    3.0  0.7  0.0  Sniffles2.INS.15ES25     13   317    (9) + AluY           SINE/Alu               1    307    (4)  160  
  450   13.1  4.3  2.9  Sniffles2.INS.15FS25      2   977    (1) + (TATAATA)n     Simple_repeat          1    989    (0)  161  
   33   18.6  0.0  0.0  Sniffles2.INS.15S16       2    68    (5) + (TGGAG)n       Simple_repeat          1     67    (0)  162  
   97    3.1  0.0  0.0  Sniffles2.INS.15S25       1    99    (1) + (TCCAT)n       Simple_repeat          1     99    (0)  163  
  937   13.8  3.2  0.0  Sniffles2.INS.15S2F       1   166    (1) + ALR/Alpha      Satellite/centr        1    171    (0)  164  
   19   15.2  2.2  2.2  Sniffles2.INS.15S58       5    50    (0) + (TGGAA)n       Simple_repeat          1     46    (0)  165  
 1061    9.0  2.9  0.5  Sniffles2.INS.15SA8       1  1160    (1) C ACRO1          Satellite/acro       (1)   1188      1  166  
 1055    6.9  0.0  0.0  Sniffles2.INS.15SAD       1   145  (590) C ACRO1          Satellite/acro       (0)    147      3  167  
  593   21.5  0.0  0.0  Sniffles2.INS.15SAD     445   707   (28) C ACRO1          Satellite/acro      (31)    263      1  168  
   18   24.3  1.9  0.0  Sniffles2.INS.15SBD       1    53    (1) + (CATTC)n       Simple_repeat          1     54    (0)  169  
  472   22.3 15.1  1.8  Sniffles2.INS.161S1     232   377  (287) C MER5A1         DNA/hAT-Charlie      (0)    166      2  170  
  872    0.0  0.0  1.6  Sniffles2.INS.161S22      2   128    (0) C SVA_D          Retroposon/SVA     (527)    859    735  171  
 1234   13.2  1.5  0.0  Sniffles2.INS.161S23      2   675    (1) + ALR/Alpha      Satellite/centr        1    683    (0)  172  
  190   17.9  2.6  0.0  Sniffles2.INS.161S6      24    62  (741) C MIRb           SINE/MIR            (10)    258    219  173  
 1747   24.7  8.6  0.5  Sniffles2.INS.161S6      75   620  (183) + Kanga1d        DNA/TcMar-Tc2         18    607    (2)  174  
 1234   14.3  1.1  0.2  Sniffles2.INS.162S23      4  1358    (0) + ALR/Alpha      Satellite/centr        1   1367    (0)  175  
  134    0.0  2.4  0.0  Sniffles2.INS.163S2       1   124    (0) + (TA)n          Simple_repeat          1    127    (0)  176  
  505   20.4  7.5  0.7  Sniffles2.INS.164S35      2   134   (27) + MER63D         DNA/hAT-Tip100       816    957  (104)  177  
   29    8.7  6.1  0.0  Sniffles2.INS.165S6       1    49    (2) + (AT)n          Simple_repeat          1     52    (0)  178  
   18   29.7  0.0  0.0  Sniffles2.INS.167S38      3    55    (0) + (TA)n          Simple_repeat          1     53    (0)  179  
   22   19.1  0.0  0.0  Sniffles2.INS.168S1       8    55    (0) + (ATGGA)n       Simple_repeat          1     48    (0)  180  
   40    4.2  7.8  2.5  Sniffles2.INS.16BS5       3    79    (0) + (TATATTA)n     Simple_repeat          1     81    (0)  181  
   22   17.1  0.0  4.0  Sniffles2.INS.16CS2       1    52    (0) + GA-rich        Low_complexity         1     50    (0)  182  
  758   24.4  0.1  4.1  Sniffles2.INS.16CS6     231   434  (119) + MIR            SINE/MIR              34    230   (32)  183  
  708    1.6  0.8  3.9  Sniffles2.INS.16ES0      13   146    (3) + SVA_F          Retroposon/SVA       654    783  (592)  184  
  528   19.0  2.2  9.3  Sniffles2.INS.16S15       1   620   (51) C HSATII         Satellite           (12)    576      1  185  
   14   17.5  0.0  0.0  Sniffles2.INS.16S15     637   668    (3) + (GAATG)n       Satellite              1     32    (0)  186  
   21   19.6  0.0  0.0  Sniffles2.INS.16S16       8    54    (1) + (TGGAA)n       Simple_repeat          1     47    (0)  187  
  937   13.8  3.2  0.0  Sniffles2.INS.16S2F       1   166    (1) + ALR/Alpha      Satellite/centr        1    171    (0)  188  
 1117   14.1  0.7  0.1  Sniffles2.INS.16SB0       1  1013    (7) + ALR/Alpha      Satellite/centr        1   1019    (0)  189  
 1040    8.4  0.0  0.0  Sniffles2.INS.16SBB       3   294    (0) C ACRO1          Satellite/acro      (15)    292      1  190  
   16   25.7  0.0  0.0  Sniffles2.INS.16SBD       3    48    (0) + (ATTCC)n       Simple_repeat          1     46    (0)  191  
  374   12.5  0.0  0.0  Sniffles2.INS.170S2      70   133    (3) C L1MC4          LINE/L1              (0)   8042   7979  192  
   60   23.7  0.7  0.0  Sniffles2.INS.170S33      1   135    (2) + (AT)n          Simple_repeat          1    136    (0)  193  
   57    1.1 12.0  0.0  Sniffles2.INS.173S0       3    94    (0) + (TA)n          Simple_repeat          1    103    (0)  194  
   28    9.4  4.8  8.8  Sniffles2.INS.173S6       1    83    (0) + (TCTT)n        Simple_repeat          1     80    (0)  195  
   95   10.6  8.1  0.9  Sniffles2.INS.174S25      1   198    (6) + (TA)n          Simple_repeat          1    212    (0)  196  
   16    0.0  4.3  0.0  Sniffles2.INS.175S37      2    24   (27) + (CCTC)n        Simple_repeat          1     24    (0)  197  
   28    0.0  0.0  0.0  Sniffles2.INS.175S37     25    51    (0) + (CCTT)n        Simple_repeat          1     27    (0)  198  
   54    3.0  4.3  0.0  Sniffles2.INS.175S38      8    76    (0) + (AATTATATG)n   Simple_repeat          1     72    (0)  199  
   41   23.0  4.8  2.0  Sniffles2.INS.176S25      1   147    (3) + (TATAATA)n     Simple_repeat          1    151    (0)  200  
   86   17.9  6.8  1.5  Sniffles2.INS.177S25      3   254    (5) + (TTATATA)n     Simple_repeat          1    265    (0)  201  
   61    0.0  0.0  0.0  Sniffles2.INS.177S31      1    55    (0) + (TTTC)n        Simple_repeat          1     55    (0)  202  
   27   23.1  0.0  0.0  Sniffles2.INS.178S2       1    57    (0) + G-rich         Low_complexity         1     57    (0)  203  
   21   13.4  0.0 12.5  Sniffles2.INS.178S22      5    68    (0) + (TA)n          Simple_repeat          1     56    (0)  204  
  293   11.8  1.9  1.9  Sniffles2.INS.17AS33      3    54    (2) C L1P            LINE/L1            (776)   5355   5304  205  
   19   12.8  1.6 10.3  Sniffles2.INS.17AS35      1    63    (5) + (TATTA)n       Simple_repeat          1     58    (0)  206  
   41    0.0  1.8  3.6  Sniffles2.INS.17BS2       1    57    (2) + (AAAG)n        Simple_repeat          1     56    (0)  207  
   26   20.2  0.0  0.0  Sniffles2.INS.17CS38      1    51    (1) + (AT)n          Simple_repeat          1     51    (0)  208  
   78    6.5  3.6  3.6  Sniffles2.INS.17ES0       1   139    (0) + (ATAATAT)n     Simple_repeat          1    139    (0)  209  
   48    0.0  0.0  2.1  Sniffles2.INS.17FS35      1    48    (5) + (TTCC)n        Simple_repeat          1     47    (0)  210  
  424   17.9  1.9  9.9  Sniffles2.INS.17S16      10   238   (33) C HSATII         Satellite            (4)    210      1  211  
   18   13.9  0.0  0.0  Sniffles2.INS.17S16     239   271    (0) + (AGTGG)n       Simple_repeat          1     33    (0)  212  
  278   20.4  0.0  0.0  Sniffles2.INS.17S2B       7    55    (0) + AluSz6         SINE/Alu             229    277   (35)  213  
  438   12.1  0.0 27.0  Sniffles2.INS.17S8        6   118   (18) + BSR/Beta       Satellite              4     92   (44)  214  
 1117   15.2  0.7  0.6  Sniffles2.INS.17SB0       1  1707    (0) + ALR/Alpha      Satellite/centr        1   1709    (0)  215  
 1082    8.6  0.0  0.0  Sniffles2.INS.17SBB       3   581    (9) C ACRO1          Satellite/acro       (9)    579      1  216  
  550   18.4  4.1  9.7  Sniffles2.INS.180S1       2  1852   (25) C HSATII         Satellite            (4)   1747      1  217  
   42   16.6  0.0  0.0  Sniffles2.INS.183S18      2    75    (1) + (TA)n          Simple_repeat          1     74    (0)  218  
   15   21.8  2.3  0.0  Sniffles2.INS.186S5       1    43    (5) + (ATATAT)n      Simple_repeat          1     44    (0)  219  
   50    0.0  5.4  0.0  Sniffles2.INS.189S2       3    58    (8) + (TTTC)n        Simple_repeat          1     59    (0)  220  
 1253   12.8  0.4  0.0  Sniffles2.INS.18BS39      1  1072    (0) + ALR/Alpha      Satellite/centr        1   1075    (0)  221  
  263   20.5  3.0  0.8  Sniffles2.INS.18DS25      1   626    (2) + (TCACCA)n      Simple_repeat          1    640    (0)  222  
  543    2.6  0.0  1.3  Sniffles2.INS.18ES38      1    77    (1) C SVA_F          Retroposon/SVA     (529)    846    771  223  
   38   10.4  0.0  0.0  Sniffles2.INS.18S25       1    62    (2) + (TCCAT)n       Simple_repeat          1     62    (0)  224  
  332   17.2  3.5  0.0  Sniffles2.INS.18S2B       7    64   (10) + FRAM           SINE/Alu              98    157   (19)  225  
 1110   14.7  1.2  0.3  Sniffles2.INS.18S2F       1   677    (1) + ALR/Alpha      Satellite/centr        1    683    (0)  226  
  778   11.6  0.1  0.0  Sniffles2.INS.18SA8       1   667    (0) C CER            Satellite            (7)    668      1  227  
  850   14.9  0.0  0.0  Sniffles2.INS.18SB0       6   168    (0) + ALR/Alpha      Satellite/centr        1    163    (0)  228  
  520   15.0  0.0  1.2  Sniffles2.INS.194S6      26   106    (1) C LTR23          LTR/ERV1            (60)    377    298  229  
 1071   17.7  0.7  0.1  Sniffles2.INS.195S39      1  1182    (3) + ALR/Alpha      Satellite/centr        1   1189    (0)  230  
  858   15.3  0.0  0.0  Sniffles2.INS.196S25      2   132 (3442) + AluSc8         SINE/Alu             158    288   (23)  231  
  799    8.9 11.6  1.6  Sniffles2.INS.196S25    134  2076 (1498) + (TA)n          Simple_repeat          1   2133    (0)  232  
 5020    0.7  0.4  0.0  Sniffles2.INS.196S25   2082  2642  (932) + HSATI          Satellite              6    568    (0)  233  
 1099   12.3  0.7  0.0  Sniffles2.INS.196S25   2642  2796  (778) + AluY           SINE/Alu              13    168  (133)  234 *
  189    2.4 11.6  0.3  Sniffles2.INS.196S25   2834  3170  (404) + (AT)n          Simple_repeat          1    375    (0)  235  
   96    2.2 13.0  0.0  Sniffles2.INS.196S25   3391  3574    (0) + (TA)n          Simple_repeat          1    208    (0)  236  
  337   17.5 14.0  4.9  Sniffles2.INS.197S33      2   151   (13) + HSATII         Satellite              1    163    (7)  237  
  132    4.8 10.7  0.3  Sniffles2.INS.197S38      1   280    (0) + (AT)n          Simple_repeat          1    309    (0)  238  
  654   23.3  1.9  6.3  Sniffles2.INS.197SBF      1   246    (2) + ERVL-B4-int    LTR/ERVL             591    899 (4815)  239  
 1216   13.9  0.9  0.3  Sniffles2.INS.198S23      2   680    (0) + ALR/Alpha      Satellite/centr        1    683    (0)  240  
 1076    8.1  4.0  0.0  Sniffles2.INS.19DS0       1   149    (0) + HERVIP10FH-int LTR/ERV1             981   1135 (3967)  241  
  854   16.8  0.6  0.0  Sniffles2.INS.19DS1       1   161    (9) C ALR/Alpha      Satellite/centr      (9)    162      1  242  
   30    5.9  9.4  0.0  Sniffles2.INS.19DS35      1    53    (2) + (AT)n          Simple_repeat          1     58    (0)  243  
  883   13.4  3.6  0.4  Sniffles2.INS.19S2F       1   166    (1) + ALR/Alpha      Satellite/centr        1    171    (0)  244  
 1172   12.9  0.7  0.0  Sniffles2.INS.19S30       1   337    (0) + ALR/Alpha      Satellite/centr        1    339    (0)  245  
 1029   12.5  1.0  3.4  Sniffles2.INS.19S8        1  1348    (9) + BSR/Beta       Satellite              1   1315    (0)  246  
   12   29.9  2.0  0.0  Sniffles2.INS.19SBD       5    53    (6) + (CATTC)n       Simple_repeat          1     50    (0)  247  
  230   17.3  1.9  1.9  Sniffles2.INS.1A0S6       3    55   (31) C MLT2C1         LTR/ERVL           (323)     74     22  248  
   33   15.8  7.8  1.9  Sniffles2.INS.1A1S37      1   102    (0) + (CACACT)n      Simple_repeat          1    108    (0)  249  
  760    0.1  1.6  0.0  Sniffles2.INS.1A3S22      1   686    (0) + (TA)n          Simple_repeat          1    697    (0)  250  
  865   14.4  0.0  0.8  Sniffles2.INS.1A3S25      2   133 (3858) + AluSc8         SINE/Alu             158    288   (23)  251  
 1233   16.6  3.8  2.9  Sniffles2.INS.1A3S25    134  3093  (898) + (TTATA)n       Simple_repeat          1   2985    (0)  252  
   36    7.2  3.3  1.6  Sniffles2.INS.1A3S25   3118  3177  (814) + (TA)n          Simple_repeat          1     61    (0)  253  
 4640    2.0  1.6  0.2  Sniffles2.INS.1A3S25   3178  3737  (254) + HSATI          Satellite              1    568    (0)  254  
 1008   12.9  0.6  1.9  Sniffles2.INS.1A3S25   3737  3894   (97) + AluY           SINE/Alu              13    168  (133)  255 *
   69    0.0  0.0  0.0  Sniffles2.INS.1A3S25   3933  3991    (0) + (TA)n          Simple_repeat          1     59    (0)  256  
  100    5.1  9.1  1.3  Sniffles2.INS.1A4S25      3   212    (3) + (TA)n          Simple_repeat          1    226    (0)  257  
   47   28.9  1.9  1.3  Sniffles2.INS.1A6S0       4   161    (4) + (GT)n          Simple_repeat          1    159    (0)  258  
 1164   15.5  1.2  0.2  Sniffles2.INS.1A9S23      1  1351    (5) + ALR/Alpha      Satellite/centr        1   1365    (0)  259  
   16   16.8  0.0  0.0  Sniffles2.INS.1ADS24     38    64    (2) + (T)n           Simple_repeat          1     27    (0)  260  
  967   16.9  0.0  0.0  Sniffles2.INS.1AES23      1   340    (2) + ALR/Alpha      Satellite/centr        1    340    (0)  261  
 1201   15.0  0.8  0.0  Sniffles2.INS.1AS65       1   341    (0) C ALR/Alpha      Satellite/centr     (41)    343      1  262  
  457   12.3  0.0  0.0  Sniffles2.INS.1AS8        1    65    (0) + BSR/Beta       Satellite             59    123   (13)  263  
 1070   14.2  0.0  0.0  Sniffles2.INS.1ASB0       1   341    (1) + ALR/Alpha      Satellite/centr        1    341    (0)  264  
 1168   13.9  0.2  0.0  Sniffles2.INS.1B0S23      1  1363    (0) + ALR/Alpha      Satellite/centr        1   1366    (0)  265  
   39   18.4  4.4  0.0  Sniffles2.INS.1B0S24      1    91    (1) + (ATATAT)n      Simple_repeat          1     95    (0)  266  
  141   19.2  7.9  1.8  Sniffles2.INS.1B0S6       1   467    (1) + (TA)n          Simple_repeat          1    495    (0)  267  
   41    2.4  0.0  0.0  Sniffles2.INS.1B1S0       1    42   (32) + (T)n           Simple_repeat          1     42    (0)  268  
 1113   12.4  0.4  0.0  Sniffles2.INS.1B1S23      1   340    (0) + ALR/Alpha      Satellite/centr        1    341    (0)  269  
  546    7.1  0.0  0.0  Sniffles2.INS.1B2SBF      4    73    (1) + L1P1           LINE/L1             4802   4871 (1275)  270  
  260   13.6  2.3  0.0  Sniffles2.INS.1B4S0      36    79 (2690) + L1MB7          LINE/L1             5947   5991  (193)  271  
 2529   11.3  1.1  1.6  Sniffles2.INS.1B4S0      91   467 (2302) + THE1C          LTR/ERVL-MaLR          1    375    (0)  272  
  627   13.6  1.7  1.7  Sniffles2.INS.1B4S0     470   589 (2180) + L1MB7          LINE/L1             5996   6115   (69)  271  
  439   27.7  7.1  0.2  Sniffles2.INS.1B4S0    1087  1268 (1501) + MIR3           SINE/MIR               3    193   (15)  273  
 1617   18.2  1.2  1.5  Sniffles2.INS.1B4S0    2330  2659  (110) + L1MB7          LINE/L1             5856   6184    (0)  274  
  243   18.4  2.0  0.0  Sniffles2.INS.1B4S25     82   130    (0) C MER5A          DNA/hAT-Charlie      (0)    189    140  275  
 1135   14.8  0.6  0.2  Sniffles2.INS.1B5S11      1  1361 (4948) + ALR/Alpha      Satellite/centr        1   1366    (0)  276  
 1164   15.4  1.0  0.3  Sniffles2.INS.1B5S11   1375  6308    (1) + ALR/Alpha      Satellite/centr        1   4969    (0)  276  
  324   10.8  0.0  0.0  Sniffles2.INS.1B6S11      1    52    (0) + ALR/Alpha      Satellite/centr        1     52    (0)  277  
   25   11.2  0.0  9.4  Sniffles2.INS.1B6S6       1    58    (4) + (AT)n          Simple_repeat          1     53    (0)  278  
 2921    1.0  0.0  0.0  Sniffles2.INS.1B7S0       1   311    (0) C AluYb8         SINE/Alu             (7)    311      1  279  
  831    4.8  1.4  1.8  Sniffles2.INS.1B8S25      1   168    (0) + SVA_F          Retroposon/SVA       579    855  (520)  280  
 1071   15.2  0.0  0.0  Sniffles2.INS.1B9S23      4   339    (3) + ALR/Alpha      Satellite/centr        1    336    (0)  281  
  276   11.6  0.0  0.0  Sniffles2.INS.1B9S25      1    43  (277) + Alu            SINE/Alu             257    299    (3)  282  
 1721   13.7  0.8  0.0  Sniffles2.INS.1B9S25     54   319    (1) + AluSx          SINE/Alu               1    255   (47)  283  
 1783   13.3  0.3  8.9  Sniffles2.INS.1BAS25      4   336    (1) C AluSx          SINE/Alu             (0)    302      1  284  
   63    0.0  0.0  0.0  Sniffles2.INS.1BES24      5    58    (0) + (TA)n          Simple_repeat          1     54    (0)  285  
 2439    8.2  0.0  0.3  Sniffles2.INS.1BFS25     17   321    (1) C AluSp          SINE/Alu             (5)    308      5  286  
  971   13.8  2.0  0.0  Sniffles2.INS.1BS2F       1   337    (0) + ALR/Alpha      Satellite/centr        1    343    (0)  287  
 2559    3.8  0.0  0.0  Sniffles2.INS.1C2S6       2   288   (64) + AluY           SINE/Alu              12    298   (13)  288  
   56   12.7  3.4 10.2  Sniffles2.INS.1C3S24      1   178    (0) + (TA)n          Simple_repeat          1    167    (0)  289  
   30   20.7  1.6  0.0  Sniffles2.INS.1C5S31      1    63    (7) + (AT)n          Simple_repeat          1     64    (0)  290  
   22   29.8  0.0  0.0  Sniffles2.INS.1C6S0       1    59    (3) + (TG)n          Simple_repeat          1     59    (0)  291  
 1014   14.7  0.0  0.0  Sniffles2.INS.1C6S23      1   341    (1) + ALR/Alpha      Satellite/centr        1    341    (0)  292  
   36    0.0 12.7  0.0  Sniffles2.INS.1C6S25      1    55   (11) + (AT)n          Simple_repeat          1     62    (0)  293  
   27   14.2  8.1  0.0  Sniffles2.INS.1C6S31      1    62    (3) + (AT)n          Simple_repeat          1     67    (0)  294  
   24   22.9  1.4  4.5  Sniffles2.INS.1C6S37      2    70    (1) + (TA)n          Simple_repeat          1     67    (0)  295  
  142    6.3  6.9  0.0  Sniffles2.INS.1C7S25      1   233    (0) + (ATAATAT)n     Simple_repeat          1    249    (0)  296  
   56   21.6  2.0  3.4  Sniffles2.INS.1C7S37      1   149    (4) + (TA)n          Simple_repeat          1    147    (0)  297  
   24   22.1  2.9  2.9  Sniffles2.INS.1C8S37      1    69    (3) + (TA)n          Simple_repeat          1     69    (0)  298  
  644   16.0  1.1  0.0  Sniffles2.INS.1C9S22     29   122    (0) + AluJo          SINE/Alu               1     95  (217)  299  
 1192   13.9  0.9  0.2  Sniffles2.INS.1CBS23      2  3050    (4) + ALR/Alpha      Satellite/centr        1   3070    (0)  300  
   23   21.0  0.0  0.0  Sniffles2.INS.1CES6       1    50    (1) + (TGG)n         Simple_repeat          1     50    (0)  301  
  822   12.4  0.0  0.0  Sniffles2.INS.1CFS25      1   113    (0) C AluSx          SINE/Alu           (142)    170     58  302  
 1115   15.3  0.5  1.4  Sniffles2.INS.1CS2F       1   680    (0) + ALR/Alpha      Satellite/centr        1    673    (0)  303  
 1061   15.1  0.0  0.2  Sniffles2.INS.1D1S23      1   341    (2) + ALR/Alpha      Satellite/centr        1    340    (0)  304  
   17   18.5  0.0  0.0  Sniffles2.INS.1D3SBF      1    31   (21) + (AT)n          Simple_repeat          1     31    (0)  305  
  343   16.5  2.2  6.9  Sniffles2.INS.1D6S22      2    92    (3) + LTR8B          LTR/ERV1              93    179  (641)  306  
  849    5.7  0.0  0.8  Sniffles2.INS.1D6S25      1   125    (0) C SVA_F          Retroposon/SVA     (544)    831    708  307  
   48    7.2  0.0  0.0  Sniffles2.INS.1D8SBF      1    59    (1) + (TA)n          Simple_repeat          1     59    (0)  308  
   34    6.4  2.0  2.0  Sniffles2.INS.1D9SBF      1    51    (4) + (TA)n          Simple_repeat          1     51    (0)  309  
   91    4.0  9.2  0.0  Sniffles2.INS.1DCS35      1   153    (4) + (AT)n          Simple_repeat          1    167    (0)  310  
  379    9.5  2.6  2.4  Sniffles2.INS.1DCS5       1   764    (0) + (TA)n          Simple_repeat          1    766    (0)  311  
   33   13.5  9.9  0.0  Sniffles2.INS.1DCS6       3    83    (0) + (TA)n          Simple_repeat          1     89    (0)  312  
  143    0.0  0.0  0.0  Sniffles2.INS.1DDS25      1   124    (1) + (GGAAA)n       Simple_repeat          1    124    (0)  313  
   73    2.8  0.0  0.0  Sniffles2.INS.1DS15       1    74    (1) + (AATGG)n       Simple_repeat          1     74    (0)  314  
  987   13.4  2.0  0.0  Sniffles2.INS.1DS2F       2   336    (1) + ALR/Alpha      Satellite/centr        1    341    (0)  315  
 1137   13.7  1.5  0.0  Sniffles2.INS.1DS30       3   676    (1) + ALR/Alpha      Satellite/centr        1    684    (0)  316  
  660   17.8  1.2  0.0  Sniffles2.INS.1DS6F       5   167    (2) C ALR/Alpha      Satellite/centr     (61)    164      1  317  
  397   15.7  1.4  0.0  Sniffles2.INS.1DS8        1    70    (0) + BSR/Beta       Satellite             62    132    (4)  318  
 1173   13.3  0.8  0.1  Sniffles2.INS.1DSB0       1  1868    (0) + ALR/Alpha      Satellite/centr        1   1882    (0)  319  
  769   13.8  0.0  0.0  Sniffles2.INS.1DSBA       1   169    (0) C ALR/Alpha      Satellite/centr     (37)    169      1  320  
   22   14.6  0.0  8.6  Sniffles2.INS.1E0S5       8    70    (1) + (TACTATA)n     Simple_repeat          1     58    (0)  321  
 1127   13.1  0.6  0.0  Sniffles2.INS.1E1S23      1   339    (2) + ALR/Alpha      Satellite/centr        1    340    (0)  322  
  393   13.1  0.0  0.0  Sniffles2.INS.1E2S25      3    63    (0) C L1M1           LINE/L1           (1370)   4776   4716  323  
   33    3.1  0.0  0.0  Sniffles2.INS.1E3S25      1    33   (17) + (AT)n          Simple_repeat          1     33    (0)  324  
   15    0.0  0.0  0.0  Sniffles2.INS.1E3S25     34    50    (0) + (CA)n          Simple_repeat          1     17    (0)  325  
   18    9.7  6.2  4.1  Sniffles2.INS.1EAS37      3    50    (1) + (TATAAT)n      Simple_repeat          1     49    (0)  326  
   21   11.0  5.7  3.7  Sniffles2.INS.1EBS5       2    54    (0) + GA-rich        Low_complexity         1     54    (0)  327  
   26   15.1  1.9  0.0  Sniffles2.INS.1ECS25      1    52    (2) + (TATA)n        Simple_repeat          1     53    (0)  328  
   48   13.7  4.9  0.9  Sniffles2.INS.1EDS5       1   102    (6) + GA-rich        Low_complexity         1    106    (0)  329  
  347   17.7  0.0  0.0  Sniffles2.INS.1EES0       1    62   (50) + LTR1A2         LTR/ERV1              33     94  (743)  330 *
  434   16.1  0.0  0.0  Sniffles2.INS.1EES0      31   111    (1) + LTR1A2         LTR/ERV1               7     87  (750)  330  
   27   11.6  5.0  1.6  Sniffles2.INS.1EES5       1    60    (0) + GA-rich        Low_complexity         1     62    (0)  331  
   45    0.0  0.0  0.0  Sniffles2.INS.1EESBF      1    41   (13) + (CTT)n         Simple_repeat          1     41    (0)  332  
  445   18.1  4.3  8.2  Sniffles2.INS.1ES15      10  1038   (16) C HSATII         Satellite            (7)    988      1  333  
  377   19.4  4.2  0.0  Sniffles2.INS.1ES16      26    97  (165) + AluYk2         SINE/Alu             224    298   (13)  334 *
  632   13.5  5.0  3.7  Sniffles2.INS.1ES16      90   250   (12) C HSATII         Satellite            (7)    163      1  335  
   46   25.4  3.1  2.5  Sniffles2.INS.1ES17      18   177    (1) + (TATG)n        Simple_repeat          1    161    (0)  336  
  899   12.5  0.0  0.0  Sniffles2.INS.1ES25       7   158    (5) + GSATII         Satellite/centr        1    152   (64)  337  
  995   15.7  0.4  0.7  Sniffles2.INS.1ES2F       1   341    (1) + ALR/Alpha      Satellite/centr        1    340    (0)  338  
  739   16.6  0.0  0.0  Sniffles2.INS.1ES30       2   170    (2) + ALR/Alpha      Satellite/centr        1    169    (1)  339  
 1174   14.9  0.6  0.2  Sniffles2.INS.1ES6F       2  1700   (10) C ALR/Alpha      Satellite/centr     (62)   1704      1  340  
  871   12.5  0.0  1.2  Sniffles2.INS.1ES8        1   205    (0) + BSR/Beta       Satellite              1    202    (1)  341  
 1173   13.6  0.9  0.1  Sniffles2.INS.1ESB0       1  3739    (1) + ALR/Alpha      Satellite/centr        1   3767    (0)  342  
  531   13.6  0.0  0.0  Sniffles2.INS.1F0S0      13   100   (12) + LTR1A2         LTR/ERV1               7     94  (743)  343  
  328    4.8  0.0  0.0  Sniffles2.INS.1F0S0      69   110    (2) + LTR1A2         LTR/ERV1               7     48  (789)  343 *
  808    7.7  0.0  0.0  Sniffles2.INS.1F0S33      1   147    (0) C ACRO1          Satellite/acro      (44)    147      1  344  
  265    0.0  0.0  4.1  Sniffles2.INS.1F4S25      1    51    (0) C SVA_F          Retroposon/SVA     (614)    761    713  345  
 1080    7.0  0.2  0.0  Sniffles2.INS.1F4S33      1   437    (0) C ACRO1          Satellite/acro      (63)    437      1  346  
   46    2.3  0.0  0.0  Sniffles2.INS.1F5S22      4    47    (3) + (GA)n          Simple_repeat          1     44    (0)  347  
  611    2.4 22.2  1.3  Sniffles2.INS.1F5S25      1   126    (1) C SVA_F          Retroposon/SVA     (527)    848    697  348  
 1510    5.4  0.8  2.0  Sniffles2.INS.1F6S25      1   253    (0) C SVA_A          Retroposon/SVA     (543)    844    544  349  
  295    4.1  0.0  2.0  Sniffles2.INS.1F7S25      1    50    (0) C SVA_F          Retroposon/SVA     (624)    751    703  350  
 1603    5.4  0.0  3.2  Sniffles2.INS.1F8S25     19   304    (0) C SVA_F          Retroposon/SVA     (520)    855    579  351  
   46    8.5  0.0  0.0  Sniffles2.INS.1FAS6       1    63    (0) + (A)n           Simple_repeat          1     63    (0)  352  
   26   12.0  3.6  1.8  Sniffles2.INS.1FBS6       1    56    (0) + (TCCTCC)n      Simple_repeat          1     57    (0)  353  
  174    0.0  0.0  0.0  Sniffles2.INS.1FCS22      1   150    (0) + (C)n           Simple_repeat          1    150    (0)  354  
   31   19.2  3.9  3.9  Sniffles2.INS.1FCS25      1   102    (0) + (TATTA)n       Simple_repeat          1    102    (0)  355  
  108    8.2  4.9  1.1  Sniffles2.INS.1FDS6       1   184    (0) + (CTC)n         Simple_repeat          1    191    (0)  356  
  313   21.4  0.0  0.0  Sniffles2.INS.1FS2B      13    68    (1) + AluSz6         SINE/Alu             225    280   (32)  357  
 1031   16.1  0.0  0.3  Sniffles2.INS.1FS2F       1   341    (1) + ALR/Alpha      Satellite/centr        1    340    (0)  358  
  430   14.1  0.0  0.0  Sniffles2.INS.1FS8        2    65    (2) + BSR/Beta       Satellite             49    112   (24)  359  
  683   19.9  0.0  0.0  Sniffles2.INS.1FSB0       1   168    (3) + ALR/Alpha      Satellite/centr        1    168    (0)  360  
 1204   11.0  0.0  0.0  Sniffles2.INS.1FSBA       1   342    (0) C ALR/Alpha      Satellite/centr     (51)    342      1  361  
  135    9.5  1.3  0.9  Sniffles2.INS.1S16        1   227   (12) + (TGGAA)n       Simple_repeat          1    228    (0)  362  
  692   13.6  0.2  0.0  Sniffles2.INS.1S1A        3   382    (0) + CER            Satellite              1    380    (3)  363  
   79   11.0 11.1  0.5  Sniffles2.INS.1S2A       19   216    (1) + (TCATT)n       Simple_repeat          1    219    (0)  364  
 1112   15.1  0.0  0.0  Sniffles2.INS.1S30        1   340    (2) + ALR/Alpha      Satellite/centr        1    340    (0)  365  
  951   14.2  0.6  0.0  Sniffles2.INS.1S5D        5   166    (4) + ALR/Alpha      Satellite/centr        1    163    (8)  366  
  801   16.9  0.4  0.8  Sniffles2.INS.1S65        1   169    (1) + ALR/Alpha      Satellite/centr        1    168    (0)  367  
 1083   13.9  0.0  0.0  Sniffles2.INS.1S77        1   341    (1) + ALR/Alpha      Satellite/centr        1    341    (0)  368  
  777   14.6  0.8  0.0  Sniffles2.INS.1S7B        1   168    (1) C ALR/Alpha      Satellite/centr     (38)    169      1  369  
  324   20.6  0.0  0.0  Sniffles2.INS.1S8         2    69    (1) + BSR/Beta       Satellite             27     94   (42)  370  
  900    1.0  0.0  0.0  Sniffles2.INS.1SA5       14   149    (0) + AluYb8         SINE/Alu             213    318    (0)  371  
   95   13.8  1.2  1.2  Sniffles2.INS.1SA7        1   171    (2) + (TTTC)n        Simple_repeat          1    171    (0)  372  
 2953    0.6  0.0  0.0  Sniffles2.INS.1SB7       12   324    (0) C AluYb8         SINE/Alu             (4)    314      2  373  
   24   12.9  4.5  0.0  Sniffles2.INS.202S24      8    51    (1) + (TA)n          Simple_repeat          1     46    (0)  374  
   48    1.7  0.0  6.3  Sniffles2.INS.203S22     17    83    (1) + (TATAGATAT)n   Simple_repeat          1     63    (0)  375  
 1407   13.1  0.4  0.0  Sniffles2.INS.20AS11      9   678    (1) + ALR/Alpha      Satellite/centr        1    672    (2)  376  
 1234   14.4  0.8  0.1  Sniffles2.INS.20AS23      3  1018    (0) + ALR/Alpha      Satellite/centr        1   1023    (0)  377  
28647    1.5  0.1  0.0  Sniffles2.INS.20ES11     18  4508    (0) C L1HS           LINE/L1              (0)   6155   1664  378  
 1032   13.8  1.7  0.0  Sniffles2.INS.20S2F       1   335    (3) + ALR/Alpha      Satellite/centr        1    340    (0)  379  
 1100   15.0  0.0  0.0  Sniffles2.INS.20S30       1   682    (2) + ALR/Alpha      Satellite/centr        1    682    (0)  380  
   39   28.1  0.9  0.0  Sniffles2.INS.210S25      1   106    (1) + (ATCC)n        Simple_repeat          1    107    (0)  381  
  316    9.6  0.0  1.9  Sniffles2.INS.211S22      3    55    (1) C L1M1           LINE/L1           (4794)   2771   2720  382  
   30    5.7  0.0  0.0  Sniffles2.INS.214S24     15    51    (0) + (TCCT)n        Simple_repeat          1     37    (0)  383  
  916    8.3  0.0  0.0  Sniffles2.INS.216S0       1   109  (523) C AluSq          SINE/Alu           (204)    109      1  384  
 2012   13.8  0.0  0.0  Sniffles2.INS.216S0     141   437  (195) + AluSx          SINE/Alu               2    298   (14)  385  
  389   23.1 17.4  1.2  Sniffles2.INS.216S0     484   632    (0) C MIRb           SINE/MIR            (36)    232     60  386  
 2840    0.0  0.0  0.0  Sniffles2.INS.217SF      15   310    (0) + AluYa5         SINE/Alu               1    296   (15)  387  
 1173   10.7  0.3  0.0  Sniffles2.INS.218S11      1   336    (4) + ALR/Alpha      Satellite/centr        1    336    (0)  388  
 1407   11.5  0.6  0.4  Sniffles2.INS.21AS11      7   678    (1) + ALR/Alpha      Satellite/centr        1    673    (0)  389  
 1143    7.9  4.5  1.6  Sniffles2.INS.21ASF       1  2189   (19) + (CTGGCTTGG)n   Simple_repeat          1   2253    (0)  390  
 1372   10.6  1.2  0.0  Sniffles2.INS.21CS11      1   336    (1) + ALR/Alpha      Satellite/centr        1    340    (1)  391  
 1341    9.8  0.0  0.0  Sniffles2.INS.21DS11      4   337    (0) + ALR/Alpha      Satellite/centr        1    334    (1)  392  
   84   29.5  0.0  2.0  Sniffles2.INS.21ES24      1   249  (110) + (ATC)n         Simple_repeat          1    244    (0)  393  
   34    7.7  3.6  0.0  Sniffles2.INS.21ES24    258   313   (46) + (ACC)n         Simple_repeat          1     58    (0)  394  
   23   20.8  0.0  3.5  Sniffles2.INS.21FS24      7    66    (4) + (ACC)n         Simple_repeat          1     58    (0)  395  
  606   14.9  0.0  0.0  Sniffles2.INS.21S14       1    94    (2) C CER            Satellite            (2)     94      1  396  
  762   17.5  0.0  0.0  Sniffles2.INS.21S24       1   171    (1) C ALR/Alpha      Satellite/centr     (27)    171      1  397  
   26    9.1  2.1  0.0  Sniffles2.INS.21S25      16    62   (96) + (CATCTATC)n    Simple_repeat          1     48    (0)  398  
   34   22.1  3.1  1.0  Sniffles2.INS.21S25      63   158    (0) + (TATC)n        Simple_repeat          1     98    (0)  399  
  875   14.4  2.0  0.6  Sniffles2.INS.21S2F       1   339    (0) + ALR/Alpha      Satellite/centr        1    343    (0)  400  
  815   17.2  0.0  0.0  Sniffles2.INS.21S30       2   171    (0) + ALR/Alpha      Satellite/centr        1    170    (0)  401  
  941   12.5  0.0  0.5  Sniffles2.INS.21S6F       2   342    (0) C ALR/Alpha      Satellite/centr     (24)    339      1  402  
  286   17.1 12.4  0.0  Sniffles2.INS.21SBD       1   105    (5) + HSATII         Satellite             22    139   (31)  403  
 1377   12.5  0.2  0.0  Sniffles2.INS.222S11      1   679    (1) + ALR/Alpha      Satellite/centr        1    680    (2)  404  
 1266   12.7  0.5  0.0  Sniffles2.INS.223S11      1   675    (3) + ALR/Alpha      Satellite/centr        1    678    (2)  405  
  118   13.4  1.5  0.5  Sniffles2.INS.228S22      1   202    (0) + (CAC)n         Simple_repeat          1    204    (0)  406  
 1402   12.0  0.5  0.1  Sniffles2.INS.22BS11      1   679    (0) + ALR/Alpha      Satellite/centr        1    682    (1)  407  
  244   14.3  0.0  0.5  Sniffles2.INS.22BS25      1    47   (31) C AluSx          SINE/Alu           (170)    132     87  408  
 2942    0.3  0.3  0.0  Sniffles2.INS.22DS18      6   317    (0) + AluYb8         SINE/Alu               1    313    (5)  409  
   46    2.2  0.0  0.0  Sniffles2.INS.22DS5       3    49    (5) + (TATATATGTA)n  Simple_repeat          1     47    (0)  410  
   65   14.6  0.0  0.0  Sniffles2.INS.22ES5       1   103    (7) + (TA)n          Simple_repeat          1    103    (0)  411  
   22   22.1  0.0  0.0  Sniffles2.INS.22S16       1    53    (5) + (GAATG)n       Simple_repeat          1     53    (0)  412  
  114   19.5  4.3  1.3  Sniffles2.INS.22S25       1   299    (0) + (ATCT)n        Simple_repeat          1    308    (0)  413  
 1084   13.3  1.5  0.1  Sniffles2.INS.22S2F      11   337    (0) + ALR/Alpha      Satellite/centr        1    331    (0)  414  
 1147   11.3  2.0  0.0  Sniffles2.INS.22S30       1   334    (1) + ALR/Alpha      Satellite/centr        1    340    (0)  415  
   27    4.9  0.0  6.7  Sniffles2.INS.22S4        1    48    (3) + (TCTCTA)n      Simple_repeat          1     45    (0)  416  
 2974    0.6  0.0  0.0  Sniffles2.INS.232SF      15   329    (0) + AluYb9         SINE/Alu               1    315    (3)  417  
 2767    1.6  0.0  4.2  Sniffles2.INS.233SF      15   337    (0) + AluY           SINE/Alu               1    310    (1)  418  
 1058   13.6  0.1  0.0  Sniffles2.INS.234S11      2   339    (0) + ALR/Alpha      Satellite/centr        1    338    (0)  419  
   31    5.9  3.3  5.1  Sniffles2.INS.234S22      1    60    (1) + (CTTC)n        Simple_repeat          1     59    (0)  420  
   24    7.1  4.1  4.1  Sniffles2.INS.234S25      1    51    (0) + (TTCT)n        Simple_repeat          1     51    (0)  421  
 1220   12.5  0.4  0.0  Sniffles2.INS.236S11      5   339    (0) + ALR/Alpha      Satellite/centr        1    336    (0)  422  
 1190   14.9  0.5  0.5  Sniffles2.INS.236S18      1  4103    (1) C ALR/Alpha      Satellite/centr     (31)   4105      1  423  
 1590    8.7  0.9 12.2  Sniffles2.INS.237S6       1   613    (0) C SVA_F          Retroposon/SVA     (515)    872    421  424  
 2840    0.0  0.0  0.0  Sniffles2.INS.237SF      15   310    (0) + AluYa5         SINE/Alu               1    296   (15)  425  
 1270   13.6  0.8  0.0  Sniffles2.INS.238S11      7   677    (3) + ALR/Alpha      Satellite/centr        1    676    (2)  426  
 1234   13.9  1.1  0.0  Sniffles2.INS.23AS23      1   675    (0) + ALR/Alpha      Satellite/centr        1    682    (0)  427  
   18   28.3  0.0  0.0  Sniffles2.INS.23ASBF      1    47    (7) + (TA)n          Simple_repeat          1     47    (0)  428  
  800    0.1  1.6  0.8  Sniffles2.INS.23CS22      1   753    (0) + (AAGGA)n       Simple_repeat          1    759    (0)  429  
   35    0.0  3.8  3.8  Sniffles2.INS.23CSBF      1    53    (0) + (CTTT)n        Simple_repeat          1     53    (0)  430  
 1193   14.7  0.9  0.1  Sniffles2.INS.23FS23      3  2717    (0) + ALR/Alpha      Satellite/centr        1   2736    (0)  431  
  371   10.0  0.8  0.7  Sniffles2.INS.23FSBF      1   588    (0) + (AT)n          Simple_repeat          1    589    (0)  432  
  763   15.5  0.0  0.8  Sniffles2.INS.23S30       2   169    (2) + ALR/Alpha      Satellite/centr        1    166    (0)  433  
  314   12.1  1.7  1.7  Sniffles2.INS.23S8        4    62    (4) C BSR/Beta       Satellite           (54)     82     24  434  
   15   17.7  8.5  0.0  Sniffles2.INS.242S0       8    54    (5) + (TCTC)n        Simple_repeat          1     51    (0)  435  
   32    5.4  0.0  0.0  Sniffles2.INS.242S5       4    42    (3) + (TGGA)n        Simple_repeat          1     39    (0)  436  
   33   12.3  1.9  0.0  Sniffles2.INS.244S5       3    56    (0) + (TG)n          Simple_repeat          1     55    (0)  437  
 1063   12.6  0.1  0.0  Sniffles2.INS.245S11      1   339    (1) + ALR/Alpha      Satellite/centr        1    339    (0)  438  
   18   15.1  6.5  0.0  Sniffles2.INS.247S18      1    46    (4) + (CTTTT)n       Simple_repeat          1     49    (0)  439  
 1058   14.1  0.5  0.2  Sniffles2.INS.24BS11      1   340    (1) + ALR/Alpha      Satellite/centr        1    340    (0)  440  
  979    8.6  0.7  0.0  Sniffles2.INS.24BS25      1   134    (0) C AluY           SINE/Alu            (82)    220      1  441  
 2669    0.4  0.0  0.0  Sniffles2.INS.24CSF      12   338    (1) C AluYa5         SINE/Alu             (0)    311      1  442  
 1210   13.3  0.5  0.0  Sniffles2.INS.24DS11      4   341    (0) + ALR/Alpha      Satellite/centr        1    339    (2)  443  
 2731    0.7  0.0  0.0  Sniffles2.INS.24DSF      13   330    (0) C AluYb9         SINE/Alu             (0)    318      1  444  
 1220   13.0  0.5  0.0  Sniffles2.INS.24FS11      7   338    (2) + ALR/Alpha      Satellite/centr        1    333    (2)  445  
   30   17.2  0.0  0.0  Sniffles2.INS.24S16       1    59    (1) + (AATGG)n       Simple_repeat          1     59    (0)  446  
  364   27.5  1.2  0.0  Sniffles2.INS.24S25       3    82    (2) + MLT1A1         LTR/ERVL-MaLR        211    291  (117)  447  
  432   13.4  0.0  0.0  Sniffles2.INS.24S8        1    67    (1) C BSR/Beta       Satellite           (43)     93     27  448  
 1052   11.8  0.3  0.0  Sniffles2.INS.251S11      1   336    (4) + ALR/Alpha      Satellite/centr        1    336    (0)  449  
  698   13.3  0.0  1.0  Sniffles2.INS.252S25      1   105    (0) + AluSx4         SINE/Alu              56    159  (151)  450  
 1220   13.0  0.5  0.0  Sniffles2.INS.253S11      7   338    (2) + ALR/Alpha      Satellite/centr        1    333    (2)  451  
   19   19.0  3.6  1.8  Sniffles2.INS.254S0      19    74   (49) + (GGCCCT)n      Simple_repeat          1     57    (0)  452  
 1399   10.3  0.5  0.4  Sniffles2.INS.254S11      8   340    (1) + ALR/Alpha      Satellite/centr        1    333    (2)  453  
   60    3.0  1.4  1.4  Sniffles2.INS.255S18     16    86    (1) + (CCTC)n        Simple_repeat          1     71    (0)  454  
 1291   12.9  0.9  0.5  Sniffles2.INS.256S11      6  1018    (0) + ALR/Alpha      Satellite/centr        1   1016    (2)  455  
 1314   12.5  0.9  0.0  Sniffles2.INS.25AS11      1  1014    (0) + ALR/Alpha      Satellite/centr        1   1022    (0)  456  
 1402   12.2  0.5  0.0  Sniffles2.INS.25BS11      1   677    (1) + ALR/Alpha      Satellite/centr        1    680    (2)  457  
   42   17.6  2.1  3.2  Sniffles2.INS.25BS18      1    96    (1) + (TA)n          Simple_repeat          1     95    (0)  458  
  622   15.2  1.3 13.2  Sniffles2.INS.25FS24      1   152  (958) C MLT2C2         LTR/ERVL           (328)    136      1  459  
  358   30.6  5.3  9.2  Sniffles2.INS.25FS24    186   523  (587) C MamGypLTR2c    LTR/Gypsy          (710)    358     33  460  
 1636   13.5  6.9  1.1  Sniffles2.INS.25FS24    847  1108    (2) C MLT1A0         LTR/ERVL-MaLR        (0)    365     89  461  
  423   14.8  0.0  0.0  Sniffles2.INS.25S13       8    68  (902) + FRAM           SINE/Alu             106    166   (10)  462  
   47    6.8  8.2  1.9  Sniffles2.INS.25S13      69   165  (805) + GA-rich        Low_complexity         1    103    (0)  463  
  391   19.4  6.8  3.3  Sniffles2.INS.25S13     175   291  (679) C EuthAT-N1      DNA/hAT-Tip100     (117)    218     98  464  
  609   25.6  9.1  8.4  Sniffles2.INS.25S13     299   605  (365) + L1ME4b         LINE/L1             5748   6056   (89)  465  
 1228   13.7  2.4  0.0  Sniffles2.INS.25S13     668   872   (98) + L1MB4          LINE/L1             5932   6141   (39)  466  
  729   13.3  0.0  0.0  Sniffles2.INS.25S13     873   970    (0) + AluSp          SINE/Alu               1     98  (215)  467  
   12   14.7  3.3  0.0  Sniffles2.INS.25S18      18    47    (7) + (GAGTGA)n      Simple_repeat          1     31    (0)  468  
   29   24.1  0.0  0.0  Sniffles2.INS.25S31       1    68    (0) + (ATATAT)n      Simple_repeat          1     68    (0)  469  
  983   14.1  0.1  0.1  Sniffles2.INS.25S6F       3   339    (0) C ALR/Alpha      Satellite/centr     (15)    337      1  470  
  851    7.4  0.0  0.0  Sniffles2.INS.25S8        2   135    (1) C BSR/Beta       Satellite           (27)    134      1  471  
 1095   13.2  0.4  0.0  Sniffles2.INS.25SBA       1   849    (0) C ALR/Alpha      Satellite/centr     (51)    852      1  472  
 1079   14.4  0.4  0.0  Sniffles2.INS.260S11      7   333    (6) + ALR/Alpha      Satellite/centr        1    328    (0)  473  
  707    5.3  2.1  0.0  Sniffles2.INS.261S22      2    96    (4) + L1P1           LINE/L1             2841   2937 (3209)  474  
 1066   11.5  0.3  0.0  Sniffles2.INS.263S11      1   336    (4) + ALR/Alpha      Satellite/centr        1    336    (0)  475  
 1384   12.5  0.4  0.0  Sniffles2.INS.265S11      3   337    (3) + ALR/Alpha      Satellite/centr        1    336    (2)  476  
 3436   13.4  9.5  2.4  Sniffles2.INS.266SBF      1  9801    (0) + (TA)n          Simple_repeat          1  10484    (0)  477  
   34    0.0 12.0  0.0  Sniffles2.INS.269S22      3    52    (0) + (TA)n          Simple_repeat          1     56    (0)  478  
   96   11.9  1.3  0.0  Sniffles2.INS.26AS25      4   157    (3) + (TGG)n         Simple_repeat          1    156    (0)  479  
   28    7.9  0.0  0.0  Sniffles2.INS.26BS25      1    40    (5) + (GTG)n         Simple_repeat          1     40    (0)  480  
   51    0.0  0.0  2.0  Sniffles2.INS.26CS18      1    51    (0) + (AAAG)n        Simple_repeat          1     50    (0)  481  
   66   12.7  1.8  0.0  Sniffles2.INS.26CS25      3   114    (0) + (GGT)n         Simple_repeat          1    114    (0)  482  
   43    0.0  2.1  2.1  Sniffles2.INS.26DS24      3    50    (0) + (ATATATATAA)n  Simple_repeat          1     48    (0)  483  
 1114   10.9  0.9  0.3  Sniffles2.INS.26FS11      1   340    (0) + ALR/Alpha      Satellite/centr        1    342    (0)  484  
   37    0.0  0.0  8.2  Sniffles2.INS.26S31       1    53    (9) + (ATATACAT)n    Simple_repeat          1     49    (0)  485  
   31   18.2  0.0  2.9  Sniffles2.INS.26S4        1    72  (102) + (ATCTCT)n      Simple_repeat          1     70    (0)  486  
   48    0.0  0.0  0.0  Sniffles2.INS.26S4       98   140   (34) + (TCTATC)n      Simple_repeat          1     43    (0)  487  
  698   17.5  1.6  0.4  Sniffles2.INS.26S6F       1   169    (0) C ALR/Alpha      Satellite/centr     (32)    171      1  488  
 1311   11.8  4.1  0.0  Sniffles2.INS.270S0       2   196  (262) C LTR5B          LTR/ERVK           (206)    796    594  489  
  520    9.1  0.0  0.0  Sniffles2.INS.270S0     194   259  (199) + tRNA-Lys-AAG   tRNA                  11     76    (0)  490 *
 1433    6.7  4.1  0.5  Sniffles2.INS.270S0     262   457    (1) C LTR5B          LTR/ERVK             (0)   1002    800  491  
 1210   13.4  0.5  0.0  Sniffles2.INS.270S11      1   334    (6) + ALR/Alpha      Satellite/centr        1    335    (2)  492  
   31    6.1  1.8  3.7  Sniffles2.INS.271S22      1    55    (0) + (ATATTAT)n     Simple_repeat          1     54    (0)  493  
   33    2.3  4.1  4.1  Sniffles2.INS.273S37      6    54    (4) + (TA)n          Simple_repeat          1     49    (0)  494  
 1243   12.4  0.9  0.0  Sniffles2.INS.274S11      1   338    (1) + ALR/Alpha      Satellite/centr        1    341    (1)  495  
  276    7.7  0.0  0.0  Sniffles2.INS.274S5       3    41   (41) + MER1B          DNA/hAT-Charlie       90    128  (211)  496  
  301    5.1  0.0  0.0  Sniffles2.INS.274S5      44    82    (0) + MER1B          DNA/hAT-Charlie       90    128  (211)  496  
   28   14.9  4.8  0.0  Sniffles2.INS.274SC0      1    62    (1) + (ATATAT)n      Simple_repeat          1     65    (0)  497  
 1058   13.9  0.3  0.0  Sniffles2.INS.275S11      1   339    (1) + ALR/Alpha      Satellite/centr        1    339    (0)  498  
 1229   15.1  0.7  0.0  Sniffles2.INS.276S11      9   338    (1) + ALR/Alpha      Satellite/centr        1    332    (2)  499  
   34    6.5  2.8  5.7  Sniffles2.INS.277S22      3    74    (1) + (TA)n          Simple_repeat          1     70    (0)  500  
23306    3.6  1.0  0.1  Sniffles2.INS.277S31      3  3560  (461) C L1PA3          LINE/L1              (0)   6155   2571  501  
 3927    3.2  0.2  0.2  Sniffles2.INS.277S31   3552  4016    (5) C L1PA3          LINE/L1           (4191)   1964   1500  501 *
  100    9.5  8.4  0.0  Sniffles2.INS.277S5       1   191    (4) + (AT)n          Simple_repeat          1    207    (0)  502  
  536    3.0  0.0  0.0  Sniffles2.INS.277SC0      1    66    (1) C L1P1           LINE/L1           (1934)   4212   4147  503  
   39    7.6  5.7  0.0  Sniffles2.INS.278S5       2    71    (0) + (AT)n          Simple_repeat          1     74    (0)  504  
 1231   12.6  0.9  0.0  Sniffles2.INS.27AS11      1   333    (3) + ALR/Alpha      Satellite/centr        1    335    (0)  505  
   35    3.7  3.4  3.4  Sniffles2.INS.27BS25      1    59    (0) + (AAGA)n        Simple_repeat          1     59    (0)  506  
 1197   14.0  0.6  0.0  Sniffles2.INS.27CS11      1   338    (3) + ALR/Alpha      Satellite/centr        1    339    (2)  507  
 1270   13.1  0.3  0.0  Sniffles2.INS.27DS11      1   677    (3) + ALR/Alpha      Satellite/centr        1    679    (2)  508  
 1332   10.5  1.7  0.1  Sniffles2.INS.27ES11      1   335    (1) + ALR/Alpha      Satellite/centr        1    340    (1)  509  
 1407   12.8  0.7  0.0  Sniffles2.INS.27FS11      1   678    (0) + ALR/Alpha      Satellite/centr        1    682    (1)  510  
  228   20.9  0.0  0.0  Sniffles2.INS.27S2B      12    54   (71) + FRAM           SINE/Alu             102    144   (32)  511  
  123   16.9  0.8  1.6  Sniffles2.INS.27S4        1   246    (6) + (ATCTCT)n      Simple_repeat          1    244    (0)  512  
 1002   13.9  0.6  0.3  Sniffles2.INS.27S8        3   541    (0) C BSR/Beta       Satellite           (41)    540      1  513  
  450   16.9  6.1  8.2  Sniffles2.INS.27SBD       5   929    (1) + HSATII         Satellite              1    905    (4)  514  
   23   10.3  7.7  0.0  Sniffles2.INS.280S37     14    65  (378) + (CATACA)n      Simple_repeat          1     56    (0)  515  
 1353   10.7  0.5  0.9  Sniffles2.INS.281S11      2   343    (1) + ALR/Alpha      Satellite/centr        1    340    (1)  516  
 1214   14.7  0.6  0.3  Sniffles2.INS.281S35      1  2724    (1) + ALR/Alpha      Satellite/centr        1   2732    (0)  517  
   36    0.0  1.9  8.2  Sniffles2.INS.281SBF      1    52    (4) + (AT)n          Simple_repeat          1     49    (0)  518  
 1244   15.2  0.6  1.1  Sniffles2.INS.285S35     10  2728    (1) + ALR/Alpha      Satellite/centr        1   2705    (0)  519  
   16   18.2  4.3  4.3  Sniffles2.INS.287SF      14    60    (1) + (AT)n          Simple_repeat          1     47    (0)  520  
   33    0.0  0.0  0.0  Sniffles2.INS.28ASF      20    50    (2) + (CCTC)n        Simple_repeat          1     31    (0)  521  
  432   14.1  1.4  4.2  Sniffles2.INS.28BS18     68   141    (0) C AluJb          SINE/Alu            (34)    268    197  522  
   15   26.4  2.1  2.1  Sniffles2.INS.28DS0       7    54    (2) + (TA)n          Simple_repeat          1     48    (0)  523  
  255   17.0  2.1  0.0  Sniffles2.INS.28DSF       5    51   (11) C MSTA           LTR/ERVL-MaLR        (1)    427    380  524  
  294   15.7  3.9  0.0  Sniffles2.INS.28S2B       1    51    (5) + FRAM           SINE/Alu             105    157   (19)  525  
20337    3.1  0.7  0.2  Sniffles2.INS.28S3A       1  3249  (838) + L1PA4          LINE/L1             2890   6152    (3)  526  
 5898    5.9  1.2  0.6  Sniffles2.INS.28S3A    3247  4087    (0) + L1P1           LINE/L1             2103   2952 (3257)  527 *
   31    6.4  2.0  2.0  Sniffles2.INS.28S5D       9    59    (0) + (GAATG)n       Simple_repeat          1     51    (0)  528  
  982   17.1  0.6  0.3  Sniffles2.INS.28S6F       1   501   (11) C ALR/Alpha      Satellite/centr     (11)    502      1  529  
  959   13.4  0.8  1.7  Sniffles2.INS.28S8        1   742    (4) C BSR/Beta       Satellite           (30)    735      1  530  
  285   20.4  0.0  0.0  Sniffles2.INS.28SBD       5    53    (2) C Alu            SINE/Alu            (29)    272    224  531  
  623    2.6  0.0  0.0  Sniffles2.INS.291S0      10    85    (0) + Alu            SINE/Alu               1     76  (225)  532  
  277    5.3  2.6  0.0  Sniffles2.INS.293SBF      1    38  (154) + L1MA2          LINE/L1             5877   5915  (389)  533 *
  919   11.2 12.9  0.2  Sniffles2.INS.293SBF     15   190    (2) + L1MA2          LINE/L1             5674   5873  (431)  534  
  497   19.1  3.8  0.0  Sniffles2.INS.294SBF      2   106    (1) C L1M4           LINE/L1           (1888)   4258   4150  535  
  567   13.5  9.2  2.0  Sniffles2.INS.298S22      1  1525    (1) + A-rich         Low_complexity         1   1633    (0)  536  
   24   14.0  4.3  0.0  Sniffles2.INS.29CSF       2    48    (1) + (CT)n          Simple_repeat          1     49    (0)  537  
   30    2.1  9.8  1.8  Sniffles2.INS.29FSF       1    51    (0) + (AT)n          Simple_repeat          1     55    (0)  538  
 3001    0.6  0.0  0.0  Sniffles2.INS.29S0       17   333    (2) + AluYb8         SINE/Alu               1    317    (1)  539  
  290   21.1  3.5  0.0  Sniffles2.INS.29S2B       1    57    (0) + AluYh7         SINE/Alu             229    287   (24)  540  
  952   17.2  0.3  0.4  Sniffles2.INS.29S2F       3   341    (0) + ALR/Alpha      Satellite/centr        1    338    (0)  541  
  762   20.0  0.0  0.0  Sniffles2.INS.29S6F       8   162    (8) C ALR/Alpha      Satellite/centr      (0)    171     17  542  
  364   18.3  0.0  0.0  Sniffles2.INS.29S8        1    60    (7) C BSR/Beta       Satellite           (44)     92     33  543  
  436   18.1  7.7  4.7  Sniffles2.INS.29SBD       7   662   (17) + HSATII         Satellite              1    675    (0)  544  
   19   18.3  3.7  1.8  Sniffles2.INS.2A0S0       1    54    (1) + (CCTCCTT)n     Simple_repeat          1     55    (0)  545  
 1165   14.5  0.6  0.1  Sniffles2.INS.2A1S33      1  1188    (2) + ALR/Alpha      Satellite/centr        1   1193    (0)  546  
   23    5.1  7.3  0.0  Sniffles2.INS.2A3S37      3    43   (11) + (ATATAG)n      Simple_repeat          1     44    (0)  547  
   16   20.0  5.6  1.8  Sniffles2.INS.2A3S37     44    54    (0) + (ATAG)n        Simple_repeat          3     56    (0)  548  
 1293   13.0  0.8  0.0  Sniffles2.INS.2A4S11      7   677    (3) + ALR/Alpha      Satellite/centr        1    676    (2)  549  
 1315   13.0  0.8  0.0  Sniffles2.INS.2A5S11      7  1011    (1) + ALR/Alpha      Satellite/centr        1   1013    (2)  550  
 1373   12.8  0.2  0.1  Sniffles2.INS.2A6S11      1   680    (1) + ALR/Alpha      Satellite/centr        1    680    (2)  551  
 1319   12.0  0.7  0.3  Sniffles2.INS.2A7S11      3   680    (0) + ALR/Alpha      Satellite/centr        1    680    (0)  552  
 1177   13.0  0.3  4.2  Sniffles2.INS.2A7S33      5   674    (6) + ALR/Alpha      Satellite/centr        1    643    (0)  553  
   32   10.1  3.8  0.0  Sniffles2.INS.2A7SF       2    54    (0) + (TA)n          Simple_repeat          1     55    (0)  554  
   28    9.3  4.3  0.0  Sniffles2.INS.2ACS0       5    50    (0) + (AT)n          Simple_repeat          1     48    (0)  555  
   26   18.8  2.0  0.0  Sniffles2.INS.2ADSBF      1    51    (0) + (TA)n          Simple_repeat          1     52    (0)  556  
  231    5.7 26.4  0.0  Sniffles2.INS.2AESBF      2    54    (0) + L1PA8A         LINE/L1             5845   5911  (220)  557  
 2467    6.9  2.6  6.7  Sniffles2.INS.2AFSC0      1  2619    (8) C LTR12B         LTR/ERV1             (0)    826    318  558  
  878   12.6  2.0  3.0  Sniffles2.INS.2AS2F       2   343    (0) + ALR/Alpha      Satellite/centr        1    338    (0)  559  
  480   17.1  5.3 10.2  Sniffles2.INS.2AS58       2   917    (8) C HSATII         Satellite           (12)    870      1  560  
  861   18.7  0.8  0.2  Sniffles2.INS.2AS6F       1   339    (1) C ALR/Alpha      Satellite/centr     (62)    340      1  561  
  257   21.9  0.0  1.6  Sniffles2.INS.2AS8        4    68    (1) C BSR/Beta       Satellite           (60)     76     13  562  
  786   13.2  1.2  0.4  Sniffles2.INS.2ASB0       1   168    (2) + ALR/Alpha      Satellite/centr        1    169    (0)  563  
  446   17.6  6.1  5.6  Sniffles2.INS.2ASBD       4  1001    (3) + HSATII         Satellite              1   1002    (4)  564  
   54    0.0  7.2  3.5  Sniffles2.INS.2B5S37      1    83    (2) + (TTTC)n        Simple_repeat          1     86    (0)  565  
   32    6.7  2.0  2.0  Sniffles2.INS.2B6S37      1    49    (5) + (AT)n          Simple_repeat          1     49    (0)  566  
   59   13.8  7.6  0.0  Sniffles2.INS.2B7S24      2   133    (0) + (CATC)n        Simple_repeat          1    142    (0)  567  
  284   23.3  0.0  0.0  Sniffles2.INS.2B8S18      1    60   (16) C L1M4           LINE/L1            (304)   5870   5811  568  
  191   16.5  8.2  0.2  Sniffles2.INS.2B8S24     12   502    (0) + (CCAT)n        Simple_repeat          1    530    (0)  569  
 1407   11.4  0.9  0.1  Sniffles2.INS.2BAS11      2   675    (0) + ALR/Alpha      Satellite/centr        1    679    (0)  570  
 1229   15.5  0.7  0.0  Sniffles2.INS.2BBS11      9   338    (1) + ALR/Alpha      Satellite/centr        1    332    (2)  571  
 1384   11.1  0.3  0.0  Sniffles2.INS.2BCS11      1   676    (3) + ALR/Alpha      Satellite/centr        1    677    (0)  572  
  283    5.5  5.5  0.0  Sniffles2.INS.2BCS37      5    59   (24) + L1PA14         LINE/L1             1955   2012 (4677)  573  
  967    9.1  5.8  1.9  Sniffles2.INS.2BES18      2   157    (6) C MER21-int      LTR/ERVL          (1965)   2226   2065  574  
   13    8.4  0.0  7.4  Sniffles2.INS.2BES25     51    79    (4) + (TAT)n         Simple_repeat          1     27    (0)  575  
 1257   11.3  1.0  0.5  Sniffles2.INS.2BFS11      1   339    (1) + ALR/Alpha      Satellite/centr        1    340    (1)  576  
  233   15.2  7.8  0.5  Sniffles2.INS.2BFSF       6   571    (0) + (GT)n          Simple_repeat          1    607    (0)  577  
 1022   12.8  1.9  0.2  Sniffles2.INS.2BS2F       1   335    (3) + ALR/Alpha      Satellite/centr        1    340    (0)  578  
   35    9.9  0.0  0.0  Sniffles2.INS.2BS58      16    70   (20) + (GGAAT)n       Simple_repeat          1     55    (0)  579  
  759   13.6  0.0  1.0  Sniffles2.INS.2BS8        1   132    (4) C BSR/Beta       Satellite           (19)    130      1  580  
   25   24.4  0.0  1.5  Sniffles2.INS.2BSBD       6    74    (7) + (TCCAT)n       Simple_repeat          1     68    (0)  581  
 1393   11.3  0.3  0.0  Sniffles2.INS.2C0S11      2   678    (0) + ALR/Alpha      Satellite/centr        1    679    (0)  582  
 1730   13.5  0.0  3.6  Sniffles2.INS.2C0SF       1   284  (750) + AluJb          SINE/Alu              27    300    (2)  583  
  411   22.4  3.0 15.5  Sniffles2.INS.2C0SF     309   540  (494) C hAT-1_Mam      DNA/hAT-Tag1         (0)   3469   3263  584  
  372   20.4  0.0  5.8  Sniffles2.INS.2C0SF     745   817  (217) + MER45R         DNA/hAT-Tip100        24     92 (1489)  585  
 1134   17.6  0.5  1.5  Sniffles2.INS.2C0SF     830  1034    (0) C AluJr4         SINE/Alu            (22)    290     88  586  
 1203   12.5  0.7  0.0  Sniffles2.INS.2C1S11      7   337    (2) + ALR/Alpha      Satellite/centr        1    333    (2)  587  
 2359    6.5  3.4 10.4  Sniffles2.INS.2C3SC0      1  2240    (1) C LTR12B         LTR/ERV1            (12)   1242    335  588  
 2376    6.8  3.5  8.0  Sniffles2.INS.2C4SC0      1  3123    (0) C LTR12B         LTR/ERV1           (227)   1027    335  589  
 2144    8.3  4.4  7.9  Sniffles2.INS.2C7SC0      1   623    (1) C LTR12B         LTR/ERV1             (0)    667    332  590  
 1696    7.5  3.9  0.3  Sniffles2.INS.2C8SC0      7   248    (1) C LTR12B         LTR/ERV1             (0)    667    434  591  
  337   10.4  2.1  0.0  Sniffles2.INS.2C9S37      4    51    (5) C AluSx4         SINE/Alu           (185)    125     77  592  
  887    6.5  6.5  0.0  Sniffles2.INS.2C9SC0      1   124    (1) C LTR12B         LTR/ERV1            (25)    642    511  593  
  279   27.7  1.1  1.1  Sniffles2.INS.2CFSF     175   269    (8) + L1ME3E         LINE/L1             6105   6199   (43)  594  
  530   16.8  0.0  0.0  Sniffles2.INS.2CS14       1    95    (1) C CER            Satellite            (0)     96      2  595  
  993   15.2  0.0  0.0  Sniffles2.INS.2CS2F       4   341    (0) + ALR/Alpha      Satellite/centr        1    338    (0)  596  
  755   18.5  0.0  0.4  Sniffles2.INS.2CS6F       1   171    (0) C ALR/Alpha      Satellite/centr      (3)    170      1  597  
  837   12.7  0.0 17.2  Sniffles2.INS.2CS8        5   195    (5) C BSR/Beta       Satellite           (44)    158      1  598  
  317   21.4  0.0  0.0  Sniffles2.INS.2CSBD       6    61   (11) C AluYa5         SINE/Alu            (32)    279    224  599  
 1394   12.7  0.4  0.0  Sniffles2.INS.2D2S11      1   339    (1) + ALR/Alpha      Satellite/centr        1    340    (2)  600  
   48   11.7  6.5  2.7  Sniffles2.INS.2D2S24      1   108    (5) + (TG)n          Simple_repeat          1    112    (0)  601  
   82   16.7  7.5  2.4  Sniffles2.INS.2D3S24      3   242    (3) + (GT)n          Simple_repeat          1    252    (0)  602  
 1303   12.3  0.7  0.0  Sniffles2.INS.2D4S11      4   335    (3) + ALR/Alpha      Satellite/centr        1    334    (2)  603  
 1314   12.2  0.4  0.0  Sniffles2.INS.2D7S11      1   339    (1) + ALR/Alpha      Satellite/centr        1    340    (2)  604  
  254    2.9  2.9  0.0  Sniffles2.INS.2D8S37      4    37   (17) C L1P1           LINE/L1           (5287)    868    834  605  
 1078   11.7  0.6  0.1  Sniffles2.INS.2DBS11      1   340    (0) + ALR/Alpha      Satellite/centr        1    341    (0)  606  
   32   21.3  1.4  1.4  Sniffles2.INS.2DBSBF      1    71   (11) + (TA)n          Simple_repeat          1     71    (0)  607  
   95   18.5  3.9  3.1  Sniffles2.INS.2DCS0       8   261    (6) + (TA)n          Simple_repeat          1    256    (0)  608  
  752   11.2  2.6  0.0  Sniffles2.INS.2DS15       1   116    (2) + HSATII         Satellite              3    121   (49)  609  
  373    6.2  4.2  0.0  Sniffles2.INS.2DS25      31    78  (259) + MLT1D          LTR/ERVL-MaLR          1     50  (455)  610  
  272   10.4  3.9  6.0  Sniffles2.INS.2DS25      80   130  (207) + MLT1D          LTR/ERVL-MaLR          1     50  (455)  610  
  333   10.4  4.2  0.0  Sniffles2.INS.2DS25     132   179  (158) + MLT1D          LTR/ERVL-MaLR          1     50  (455)  610  
  373    6.2  4.2  0.0  Sniffles2.INS.2DS25     181   228  (109) + MLT1D          LTR/ERVL-MaLR          1     50  (455)  610  
  272    7.7 10.3  0.0  Sniffles2.INS.2DS25     233   271   (66) + MLT1D          LTR/ERVL-MaLR          8     50  (455)  610  
  296   19.1  0.0  0.0  Sniffles2.INS.2DS2B       1    47   (18) + AluJo          SINE/Alu             230    276   (36)  611  
  267   16.3 11.3  6.3  Sniffles2.INS.2DS58       1   151    (9) C HSATII         Satellite           (10)    160      3  612  
  418   13.6  0.0  0.0  Sniffles2.INS.2DS8        6    64    (3) C BSR/Beta       Satellite           (17)    119     61  613  
 1138   15.1  0.3  0.1  Sniffles2.INS.2DSB0      14   511    (1) + ALR/Alpha      Satellite/centr        1    499    (0)  614  
  279   25.4  0.0  1.6  Sniffles2.INS.2DSBD      20    83    (3) C AluY           SINE/Alu            (14)    287    225  615  
 1407   11.0  0.3  0.1  Sniffles2.INS.2E0S11      6  1022    (1) + ALR/Alpha      Satellite/centr        1   1019    (1)  616  
 1258   13.8  0.8  0.0  Sniffles2.INS.2E1S11      7   677    (3) + ALR/Alpha      Satellite/centr        1    676    (4)  617  
   30   17.3  0.0  0.0  Sniffles2.INS.2E1SF       2    54    (0) + (T)n           Simple_repeat          1     53    (0)  618  
 1270   13.7  0.8  0.0  Sniffles2.INS.2E3S11      7   677    (3) + ALR/Alpha      Satellite/centr        1    676    (2)  619  
 1159   14.9  0.6  0.1  Sniffles2.INS.2E3S2       1  2547    (2) + ALR/Alpha      Satellite/centr        1   2561    (0)  620  
   16   14.4  0.0  7.3  Sniffles2.INS.2E7SF       3    48    (4) + (ATAA)n        Simple_repeat          1     42    (0)  621  
 1002   13.2  0.6  0.0  Sniffles2.INS.2E8S33      1   166    (4) + ALR/Alpha      Satellite/centr        5    171    (0)  622  
  510   12.2  3.3  0.0  Sniffles2.INS.2E9S37      1    90    (1) C L1M3           LINE/L1           (1856)   4284   4192  623  
  763    6.6  2.5  0.1  Sniffles2.INS.2EES18      1  2533    (0) C MSR1           Satellite            (6)   2593      1  624  
 1028   16.1  0.4  0.0  Sniffles2.INS.2ES2F       7   339    (1) + ALR/Alpha      Satellite/centr        1    334    (0)  625  
  433   11.3  0.0  0.0  Sniffles2.INS.2ES8        1    62    (1) C BSR/Beta       Satellite           (13)    123     62  626  
  880   14.4  0.0  0.0  Sniffles2.INS.2ESB0       5   168    (0) + ALR/Alpha      Satellite/centr        1    164    (0)  627  
  283   17.5  0.0  0.0  Sniffles2.INS.2F2S37      1    40   (20) + AluSp          SINE/Alu             206    245   (68)  628  
   15    5.6  0.0  0.0  Sniffles2.INS.2F2S37     41    59    (1) + (T)n           Simple_repeat          1     19    (0)  629  
 1191   15.2  1.0  0.0  Sniffles2.INS.2F4S11      9   337    (1) + ALR/Alpha      Satellite/centr        1    332    (2)  630  
 1110   13.9  1.5  0.2  Sniffles2.INS.2F4S33      4  1016    (0) + ALR/Alpha      Satellite/centr        1   1026    (0)  631  
  496    8.3  0.0  0.0  Sniffles2.INS.2F6S18      1    60    (1) + AluJo          SINE/Alu              94    153  (159)  632  
  727   16.9  0.4  0.0  Sniffles2.INS.2F6S33      1   168    (2) + ALR/Alpha      Satellite/centr        1    168    (0)  633  
  668    5.0  3.7  2.9  Sniffles2.INS.2F7S13     14   165    (5) + SVA_A          Retroposon/SVA       600    877  (505)  634  
  852   12.6  0.4  0.0  Sniffles2.INS.2F7S33      1   169    (0) + ALR/Alpha      Satellite/centr        1    169    (0)  635  
 1066   11.3  0.8  0.0  Sniffles2.INS.2F8S11      1   334    (4) + ALR/Alpha      Satellite/centr        1    336    (0)  636  
 1213   13.2  0.9  0.3  Sniffles2.INS.2F8S23      2  1870    (2) + ALR/Alpha      Satellite/centr        1   1879    (0)  637  
   37    2.2 16.1  0.0  Sniffles2.INS.2FBSF       3    95    (2) + (TA)n          Simple_repeat          1    108    (0)  638  
  875   17.9  0.6  0.0  Sniffles2.INS.2FDS33      2   169    (1) + ALR/Alpha      Satellite/centr        3    171    (0)  639  
  966   13.5  0.6  0.0  Sniffles2.INS.2FFS33      1   163    (9) + ALR/Alpha      Satellite/centr        8    171    (0)  640  
  466   14.5  5.3  0.0  Sniffles2.INS.2FFSF      29   104   (27) C MER20          DNA/hAT-Charlie    (136)     83      4  641  
   27   10.0  0.0  0.0  Sniffles2.INS.2FS16      11    54    (1) + (TGGAA)n       Simple_repeat          1     44    (0)  642  
  803    0.0  0.8  0.8  Sniffles2.INS.2FS23       1   120    (5) + SVA_F          Retroposon/SVA       736    855  (520)  643  
  272   10.4  3.9  6.0  Sniffles2.INS.2FS25      20    70  (177) + MLT1D          LTR/ERVL-MaLR          1     50  (455)  644  
  359    8.3  4.2  0.0  Sniffles2.INS.2FS25      72   119  (128) + MLT1D          LTR/ERVL-MaLR          1     50  (455)  644  
  373    6.2  4.2  0.0  Sniffles2.INS.2FS25     121   168   (79) + MLT1D          LTR/ERVL-MaLR          1     50  (455)  644  
  255    9.1 11.4  0.0  Sniffles2.INS.2FS25     170   213   (34) + MLT1D          LTR/ERVL-MaLR          1     49  (456)  644  
  243   23.1  0.0  0.0  Sniffles2.INS.2FS2B       9    60    (1) + AluJb          SINE/Alu             229    280   (22)  645  
 1059   14.7  0.0  0.0  Sniffles2.INS.2FS2F       1   341    (1) + ALR/Alpha      Satellite/centr        1    341    (0)  646  
 1047   16.7  0.2  0.2  Sniffles2.INS.2FSB0      10   512    (1) + ALR/Alpha      Satellite/centr        1    503    (0)  647  
  368   13.2  0.0  0.0  Sniffles2.INS.2FSBD       6    58    (2) + BSR/Beta       Satellite             47     99   (37)  648  
 1074   14.4  0.9  0.0  Sniffles2.INS.2S2F        1   678    (2) + ALR/Alpha      Satellite/centr        1    683    (0)  649  
  858   11.6  0.0  0.0  Sniffles2.INS.2S36        1   165    (6) C ALR/Alpha      Satellite/centr     (33)    165      1  650  
 2722    1.4  0.0  0.0  Sniffles2.INS.2S7B       15   306  (348) + AluYb8         SINE/Alu              17    308   (10)  651  
 1047   13.8  0.0  0.0  Sniffles2.INS.2S7B      314   652    (2) C ALR/Alpha      Satellite/centr     (49)    339      1  652  
  318   19.1  1.6  0.0  Sniffles2.INS.2S8         1    63    (0) + BSR/Beta       Satellite             25     88   (48)  653  
   53    0.0  0.0  0.0  Sniffles2.INS.2SA         1    45    (5) + (TA)n          Simple_repeat          1     45    (0)  654  
   20   16.6  3.3  5.1  Sniffles2.INS.2SA7        1    60    (1) + (GGC)n         Simple_repeat          1     59    (0)  655  
 1127   17.8  5.5  3.0  Sniffles2.INS.2SB7       60   389   (39) C SST1           Satellite/centr    (562)   1001    664  656  
  768   11.0  0.0  0.0  Sniffles2.INS.2SBE        3   384    (0) + CER            Satellite              1    382    (0)  657  
   16   20.3  0.0  0.0  Sniffles2.INS.301S0       5    34   (19) + A-rich         Low_complexity         1     30    (0)  658  
   28   11.4  0.0  3.9  Sniffles2.INS.301S0      35    53    (0) + GA-rich        Low_complexity         5     51    (0)  659  
   35   16.9  5.6  2.1  Sniffles2.INS.301S37      9    98    (5) + GA-rich        Low_complexity         1     93    (0)  660  
 1377   11.1  0.9  0.4  Sniffles2.INS.302S11      1  1019    (0) + ALR/Alpha      Satellite/centr        1   1024    (2)  661  
  289   25.9  2.4  0.0  Sniffles2.INS.302SC0     50   134   (21) C X6a_DNA        DNA/TcMar-Tigger   (226)    150     64  662  
 1270   13.8  0.8  0.0  Sniffles2.INS.303S11      7   677    (3) + ALR/Alpha      Satellite/centr        1    676    (2)  663  
 2392    8.4  0.7  0.0  Sniffles2.INS.303SC0      7   304    (5) C AluSc8         SINE/Alu            (11)    300      1  664  
   41    6.6  4.6  0.0  Sniffles2.INS.307SC0      1    65   (17) + (AAGA)n        Simple_repeat          1     68    (0)  665  
  221   37.5  5.1  4.0  Sniffles2.INS.309SC0   1791  1965  (418) C L3             LINE/CR1           (292)   3807   3631  666  
  304   31.1  4.6  3.4  Sniffles2.INS.309SC0   2137  2309   (74) C L3             LINE/CR1          (1631)   2468   2294  666  
  225    6.2  4.3  0.0  Sniffles2.INS.30BS0       1   325   (25) + (TA)n          Simple_repeat          1    339    (0)  667  
   16   13.7  0.0  0.0  Sniffles2.INS.30BS0     326   350    (0) + (GT)n          Simple_repeat          1     25    (0)  668  
 1229   15.8  0.7  0.0  Sniffles2.INS.30CS11      9   338    (1) + ALR/Alpha      Satellite/centr        1    332    (2)  669  
   41    8.2  0.0  0.0  Sniffles2.INS.30ES37      1    53    (3) + (TA)n          Simple_repeat          1     53    (0)  670  
 1239   12.0  0.7  0.0  Sniffles2.INS.30FS11      1   677    (0) + ALR/Alpha      Satellite/centr        1    681    (2)  671  
  303    4.9  4.9  0.0  Sniffles2.INS.30S25       1    41  (544) + MLT1D          LTR/ERVL-MaLR          7     49  (456)  672  
  243   19.1  4.3  0.0  Sniffles2.INS.30S25      43    89  (496) + MLT1D          LTR/ERVL-MaLR          1     49  (456)  672  
  313   12.5  4.2  0.0  Sniffles2.INS.30S25      91   138  (447) + MLT1D          LTR/ERVL-MaLR          1     50  (455)  672  
  348    8.3  4.2  0.0  Sniffles2.INS.30S25     140   187  (398) + MLT1D          LTR/ERVL-MaLR          1     50  (455)  672  
  323    8.9  4.4  0.0  Sniffles2.INS.30S25     191   235  (350) + MLT1D          LTR/ERVL-MaLR          3     49  (456)  672  
  375    4.2  4.2  0.0  Sniffles2.INS.30S25     237   284  (301) + MLT1D          LTR/ERVL-MaLR          1     50  (455)  672  
  342    8.3  4.2  0.0  Sniffles2.INS.30S25     286   333  (252) + MLT1D          LTR/ERVL-MaLR          1     50  (455)  672  
  353    6.2  4.2  0.0  Sniffles2.INS.30S25     335   382  (203) + MLT1D          LTR/ERVL-MaLR          1     50  (455)  672  
  342    8.3  4.2  0.0  Sniffles2.INS.30S25     384   431  (154) + MLT1D          LTR/ERVL-MaLR          1     50  (455)  672  
  337    6.4  4.3  0.0  Sniffles2.INS.30S25     434   480  (105) + MLT1D          LTR/ERVL-MaLR          2     50  (455)  672  
  366    6.2  4.2  0.0  Sniffles2.INS.30S25     482   529   (56) + MLT1D          LTR/ERVL-MaLR          1     50  (455)  672  
  336    8.3  4.2  0.0  Sniffles2.INS.30S25     531   578    (7) + MLT1D          LTR/ERVL-MaLR          1     50  (455)  672  
   21   19.9  1.9  0.0  Sniffles2.INS.30S2B       2    53    (0) + (GAATG)n       Simple_repeat          1     53    (0)  673  
 1071   15.1  0.3  0.0  Sniffles2.INS.30S2F       1   680    (0) + ALR/Alpha      Satellite/centr        1    681    (0)  674  
  374    8.3  0.0  0.0  Sniffles2.INS.30S4        3    50    (0) C Alu            SINE/Alu            (89)    213    166  675  
  433   13.8  0.0  0.0  Sniffles2.INS.30S8        1    65    (3) C BSR/Beta       Satellite           (10)    126     62  676  
  349   20.0  0.0  0.0  Sniffles2.INS.30SBD       4    68    (0) + BSR/Beta       Satellite              1     65   (71)  677  
  503   17.8  9.2  5.5  Sniffles2.INS.310SC0     22   299 (6259) C HSATII         Satellite            (4)    288      1  678  
   30    9.4  0.0  0.0  Sniffles2.INS.310SC0    300   345 (6213) + (AGTGG)n       Simple_repeat          1     46    (0)  679  
  538   19.2  6.3  6.5  Sniffles2.INS.310SC0    346   997 (5561) C HSATII         Satellite            (4)    651      1  680  
   30   26.2  0.0  0.0  Sniffles2.INS.310SC0    998  1076 (5482) + (AATGG)n       Simple_repeat          1     79    (0)  681  
  387   21.1  8.6  1.5  Sniffles2.INS.310SC0   1077  1296 (5262) C HSATII         Satellite            (7)    235      1  682  
   60   24.7  0.0  0.7  Sniffles2.INS.310SC0   1304  1453 (5105) + (TGGAA)n       Simple_repeat          1    149    (0)  683  
  458   21.1  6.2  5.0  Sniffles2.INS.310SC0   1454  1919 (4639) C HSATII         Satellite            (4)    471      1  684  
   40   22.9  0.0  0.0  Sniffles2.INS.310SC0   1920  2011 (4547) + (AGTGG)n       Simple_repeat          1     92    (0)  685  
  594   16.2  7.2  2.7  Sniffles2.INS.310SC0   2015  2278 (4280) C HSATII         Satellite            (8)    275      1  686  
   41   27.8  0.0  0.0  Sniffles2.INS.310SC0   2280  2392 (4166) + (GTGGA)n       Simple_repeat          1    113    (0)  687  
  403   22.3  4.4  6.5  Sniffles2.INS.310SC0   2393  2836 (3722) C HSATII         Satellite           (33)    434      1  688  
   19   12.8  0.0  0.0  Sniffles2.INS.310SC0   2838  2871 (3687) + (AGTGG)n       Simple_repeat          1     34    (0)  689  
  426   22.2  5.3  7.9  Sniffles2.INS.310SC0   2874  3126 (3432) C HSATII         Satellite            (4)    246      1  690  
   60   16.6  0.0  0.0  Sniffles2.INS.310SC0   3129  3237 (3321) + (TGGAG)n       Simple_repeat          1    109    (0)  691  
  510   20.1  7.8  6.5  Sniffles2.INS.310SC0   3241  3530 (3028) C HSATII         Satellite            (7)    293      1  692  
   30   25.7  0.0  1.2  Sniffles2.INS.310SC0   3533  3617 (2941) + (TGGAA)n       Simple_repeat          1     84    (0)  693  
  479   19.2  5.0  8.7  Sniffles2.INS.310SC0   3618  4142 (2416) C HSATII         Satellite            (4)    505      1  694  
  497   18.4  6.1  6.6  Sniffles2.INS.310SC0   4191  4738 (1820) C HSATII         Satellite            (4)    545      1  694  
   58   23.7  0.7  0.0  Sniffles2.INS.310SC0   4740  4876 (1682) + (GTGGA)n       Simple_repeat          1    138    (0)  695  
  468   19.9  4.0  8.0  Sniffles2.INS.310SC0   4877  5363 (1195) C HSATII         Satellite            (7)    467      1  696  
   33   15.3  1.5  0.0  Sniffles2.INS.310SC0   5382  5446 (1112) + (GGAGT)n       Simple_repeat          1     66    (0)  697  
  362   20.3  4.4  9.6  Sniffles2.INS.310SC0   5447  5870  (688) C HSATII         Satellite            (7)    401      1  698  
   49   21.9  1.6  0.8  Sniffles2.INS.310SC0   5871  5993  (565) + (AGTGG)n       Simple_repeat          1    124    (0)  699  
  534   17.9  9.6  0.6  Sniffles2.INS.310SC0   5994  6238  (320) C HSATII         Satellite            (7)    266      1  700  
   21    6.5  0.0  0.0  Sniffles2.INS.310SC0   6240  6271  (287) + (TGGAG)n       Simple_repeat          1     32    (0)  701  
  228   25.0  4.3  3.1  Sniffles2.INS.310SC0   6272  6432  (126) C HSATII         Satellite            (7)    163      1  702  
   48   22.2  0.0  0.9  Sniffles2.INS.310SC0   6433  6557    (1) + (GGAGT)n       Simple_repeat          1    123    (0)  703  
 1072   11.7  0.8  0.0  Sniffles2.INS.311S11      1   335    (3) + ALR/Alpha      Satellite/centr        1    337    (0)  704  
   41    0.0  5.4  0.0  Sniffles2.INS.312SF       1    56    (1) + (GGGGAGG)n     Simple_repeat          1     59    (0)  705  
 1210   12.2  0.8  0.1  Sniffles2.INS.313S11      7   674    (3) + ALR/Alpha      Satellite/centr        1    673    (2)  706  
   76    4.4 11.7  0.0  Sniffles2.INS.317S37      1   163    (0) + (AT)n          Simple_repeat          1    182    (0)  707  
 1382   10.0  0.0  0.0  Sniffles2.INS.318S11      7   343    (0) + ALR/Alpha      Satellite/centr        1    337    (2)  708  
 1349   12.1  0.4  0.0  Sniffles2.INS.319S11      1   675    (4) + ALR/Alpha      Satellite/centr        1    677    (0)  709  
   41    6.1  8.6  0.0  Sniffles2.INS.31CS0       1    70    (1) + (TA)n          Simple_repeat          1     76    (0)  710  
 1210   13.3  0.7  0.0  Sniffles2.INS.31CS11      1   340    (0) + ALR/Alpha      Satellite/centr        1    342    (2)  711  
   63    8.4  7.7  1.4  Sniffles2.INS.31DS0       1   130    (0) + (TATATTA)n     Simple_repeat          1    138    (0)  712  
  464   18.1  0.0 10.5  Sniffles2.INS.31DS25      2   171    (1) C AluJb          SINE/Alu            (97)    205      1  713  
   67    0.0  0.0  0.0  Sniffles2.INS.31FS13      1    60    (0) + (TTCT)n        Simple_repeat          1     60    (0)  714  
  329   14.9  0.0  0.0  Sniffles2.INS.31S2B       7    53    (2) + FRAM           SINE/Alu              98    144   (32)  715  
 1073   15.2  0.0  0.0  Sniffles2.INS.31S2F       8   338    (1) + ALR/Alpha      Satellite/centr        1    331    (0)  716  
  842   14.9  0.0  0.0  Sniffles2.INS.31SB0       5   168    (0) + ALR/Alpha      Satellite/centr        1    164    (0)  717  
  235   27.0  3.2  0.0  Sniffles2.INS.321S25      1    63   (30) + MLT2B3         LTR/ERVL               8     72  (482)  718  
   11   24.7  5.6  4.1  Sniffles2.INS.321S5       7    78   (47) + (CCTGCT)n      Simple_repeat          1     73    (0)  719  
  800   17.4  3.3  0.4  Sniffles2.INS.327S11      2   324    (6) + ALR/Alpha      Satellite/centr        1    332    (0)  720  
 1218   10.6  0.0  0.6  Sniffles2.INS.328S5       1   161 (1134) C AluSq4         SINE/Alu           (151)    160      1  721  
 1444   11.2 19.9  0.6  Sniffles2.INS.328S5     384   644  (651) + AluY           SINE/Alu               1    311    (0)  722  
 1632   17.3  1.8  0.3  Sniffles2.INS.328S5     858  1141  (154) + AluJb          SINE/Alu               3    290   (12)  723  
  663    7.2  3.1  1.6  Sniffles2.INS.329S13      1   127    (1) + SVA_B          Retroposon/SVA       681    809  (574)  724  
  675   12.6  4.3  3.5  Sniffles2.INS.32AS37    125   264  (181) + AluY           SINE/Alu             161    301    (0)  725  
   57    0.0  1.9  0.0  Sniffles2.INS.32BS13      2    53    (3) + (TA)n          Simple_repeat          1     53    (0)  726  
  751   12.1  0.0  0.0  Sniffles2.INS.32FS11     15   113   (11) + AluSq10        SINE/Alu             151    249   (64)  727  
   19   11.8 12.3  1.6  Sniffles2.INS.32FSF       1    57    (4) + (TA)n          Simple_repeat          1     63    (0)  728  
  730   16.7  5.4 10.2  Sniffles2.INS.32S16       1   586    (7) C HSATII         Satellite            (8)    557      1  729  
 1234    9.0  0.6  0.0  Sniffles2.INS.32S23       1   156   (24) C AluSq2         SINE/Alu            (35)    278    122  730  
   29   22.3  0.0  0.0  Sniffles2.INS.32S2B       2    69    (0) + (GAGTG)n       Simple_repeat          1     68    (0)  731  
  987   13.5  2.0  0.0  Sniffles2.INS.32S2F       1   337    (0) + ALR/Alpha      Satellite/centr        1    343    (0)  732  
 1317   13.5  0.7  0.6  Sniffles2.INS.331S4       1  4821 (3431) + ALR/Alpha      Satellite/centr        1   4827    (1)  733  
 2632    0.3  1.1  0.3  Sniffles2.INS.331S4    4827  5141 (3111) C AluYb9         SINE/Alu             (0)    318      1  734  
 1225   13.5  0.7  0.2  Sniffles2.INS.331S4    5152  6061 (2191) + ALR/Alpha      Satellite/centr        1    913    (0)  735  
 2269    3.5  0.7  1.0  Sniffles2.INS.331S4    6063  6394 (1858) C AluY           SINE/Alu             (0)    301      2  736  
 1181   14.7  1.4  0.6  Sniffles2.INS.331S4    6376  8252    (0) + ALR/Alpha      Satellite/centr        1   1892    (0)  737 *
   47   18.6  0.0  0.0  Sniffles2.INS.334S37      1    90    (0) + (ATAT)n        Simple_repeat          1     90    (0)  738  
  489   17.9  4.4  9.1  Sniffles2.INS.339SC0      1   922    (5) C HSATII         Satellite           (12)    879      1  739  
   57    0.0  0.0  0.0  Sniffles2.INS.33BS35      1    51    (3) + (TCTT)n        Simple_repeat          1     51    (0)  740  
  786    7.3  0.0  0.0  Sniffles2.INS.33CS13      1    96    (0) + AluSp          SINE/Alu             150    245   (68)  741  
   43   19.8  7.6  2.4  Sniffles2.INS.33CS35     12   168    (0) + (TCTCC)n       Simple_repeat          1    165    (0)  742  
   32   29.7  0.8  1.7  Sniffles2.INS.33ESC0      9   126 (1457) + (GAATG)n       Satellite              1    117    (0)  743  
  479   18.1  4.0 10.2  Sniffles2.INS.33ESC0    136  1573   (10) C HSATII         Satellite            (4)   1347      1  744  
   82    5.6  0.0  0.0  Sniffles2.INS.33S25       7    98    (0) + (TA)n          Simple_repeat          1     92    (0)  745  
 1186   12.4  0.9  0.0  Sniffles2.INS.33S2F       1   672    (3) + ALR/Alpha      Satellite/centr        1    678    (0)  746  
  780   16.2  0.0  0.0  Sniffles2.INS.341S11     10   120    (0) + AluJo          SINE/Alu               1    111  (201)  747  
   43   13.7  8.2  0.0  Sniffles2.INS.341S13      1    97    (2) + (AT)n          Simple_repeat          1    105    (0)  748  
   29   13.4  5.3  0.0  Sniffles2.INS.343S37      1    57    (3) + (TA)n          Simple_repeat          1     60    (0)  749  
 1314   12.4  0.9  0.1  Sniffles2.INS.343S38      8  3204    (1) + ALR/Alpha      Satellite/centr        1   3221    (0)  750  
  481   18.9  5.0 10.6  Sniffles2.INS.345SC0     13  1441    (0) C HSATII         Satellite            (4)   1349      1  751  
 1957    9.8  4.4  2.7  Sniffles2.INS.346S11     66   359    (0) + AluY           SINE/Alu               1    299   (12)  752  
   29   16.4  0.0  3.2  Sniffles2.INS.348S11      1    65    (0) + (AATATAT)n     Simple_repeat          1     63    (0)  753  
  338   17.2  2.7 13.7  Sniffles2.INS.348SC0     20   199  (331) C HSATII         Satellite            (7)    163      2  754  
   45   24.6  0.0  0.0  Sniffles2.INS.348SC0    210   319  (211) + (GAATG)n       Satellite              1    110    (0)  755  
  322   16.8  8.4 13.4  Sniffles2.INS.348SC0    328   526    (4) C HSATII         Satellite            (5)    189      1  756  
 1932    9.0  4.5  0.8  Sniffles2.INS.349S22      2  3807    (4) + (TGGCTTGGC)n   Simple_repeat          1   3947    (0)  757  
  507    3.3  1.1  1.1  Sniffles2.INS.34AS11      8    98    (2) C SVA_F          Retroposon/SVA     (592)    783    693  758  
   27   17.0  0.0  0.0  Sniffles2.INS.34AS13      1    53    (1) + GA-rich        Low_complexity         1     53    (0)  759  
  560    2.6  0.0  2.6  Sniffles2.INS.34BS35      3    82    (0) C L1P1           LINE/L1           (3714)   2432   2355  760  
  716    6.3  1.4  0.3  Sniffles2.INS.34DS18      1   328    (0) C MSR1           Satellite           (62)    331      1  761  
   57   15.5  0.0  0.0  Sniffles2.INS.34DSC0      1   101    (4) + (AATGG)n       Simple_repeat          1    101    (0)  762  
   49    2.1  0.0  0.0  Sniffles2.INS.34FSC0      1    49    (1) + (ATGGA)n       Simple_repeat          1     49    (0)  763  
   26    9.8  0.0  0.0  Sniffles2.INS.34S16       1    44  (110) + (ATGGAATCAA)n  Simple_repeat          1     44    (0)  764  
  388   13.9  9.3  3.9  Sniffles2.INS.34S16      49   145    (9) C HSATII         Satellite           (48)    122     21  765  
  189    4.8  2.1  3.3  Sniffles2.INS.34S25      33   311   (18) + (ATATATAC)n    Simple_repeat          1    276    (0)  766  
  971   15.8  0.3  0.0  Sniffles2.INS.34S2F       1   342    (0) + ALR/Alpha      Satellite/centr        1    342    (0)  767  
  118   13.7  1.5  0.5  Sniffles2.INS.350S13      1   202    (0) + GA-rich        Low_complexity         1    204    (0)  768  
  477   18.9  3.9 10.7  Sniffles2.INS.350SC0     10  1467    (0) C HSATII         Satellite            (4)   1358      1  769  
   54    5.9  1.4  1.4  Sniffles2.INS.351S5       1    72    (0) + (CA)n          Simple_repeat          1     72    (0)  770  
   57   15.5  0.0  0.0  Sniffles2.INS.351SC0      1   101    (4) + (AATGG)n       Simple_repeat          1    101    (0)  771  
  326    4.6  0.0 24.8  Sniffles2.INS.352SF       1    98    (0) + SVA_F          Retroposon/SVA       680    774  (601)  772  
   48    1.9  3.6  0.0  Sniffles2.INS.353S4       1    55    (0) + (TTTC)n        Simple_repeat          1     57    (0)  773  
  237   14.1  2.1 11.4  Sniffles2.INS.355SC0      9   104    (0) C HSATII         Satellite           (82)     88      1  774  
   90    0.0  4.3  0.0  Sniffles2.INS.356S4       1    93    (0) + (AAAG)n        Simple_repeat          1     97    (0)  775  
  444   13.9 10.1  0.3  Sniffles2.INS.357S11      3   109    (0) + AluY           SINE/Alu               2    187  (115)  776  
   39    2.1  4.2  0.0  Sniffles2.INS.357S35      1    48    (0) + (TATATATATG)n  Simple_repeat          1     50    (0)  777  
 1323   12.8  0.3  0.2  Sniffles2.INS.359S23      6  2895    (1) + ALR/Alpha      Satellite/centr        1   2895    (0)  778  
  338   17.2  2.7 13.7  Sniffles2.INS.359SC0     20   199  (331) C HSATII         Satellite            (7)    163      2  779  
   45   24.6  0.0  0.0  Sniffles2.INS.359SC0    210   319  (211) + (GAATG)n       Satellite              1    110    (0)  780  
  322   16.8  8.4 13.4  Sniffles2.INS.359SC0    328   526    (4) C HSATII         Satellite            (5)    189      1  781  
  477   18.3  3.8 11.2  Sniffles2.INS.35BSC0      3  1378   (63) C HSATII         Satellite            (7)   1274      1  782  
   12   19.9  0.0  0.0  Sniffles2.INS.35BSC0   1411  1439    (2) + (AATGC)n       Simple_repeat          1     29    (0)  783  
   51    0.0  0.0  0.0  Sniffles2.INS.35BSF       1    44   (12) + (GT)n          Simple_repeat          1     44    (0)  784  
  206    5.1  4.9  0.0  Sniffles2.INS.35DS0       1   287    (0) + (CT)n          Simple_repeat          1    301    (0)  785  
  477   18.9  3.9 10.7  Sniffles2.INS.35ESC0     10  1467    (0) C HSATII         Satellite            (4)   1358      1  786  
   23    7.5  6.8  2.2  Sniffles2.INS.35FS35      7    50    (0) + (AT)n          Simple_repeat          1     46    (0)  787  
   26    9.8  0.0  0.0  Sniffles2.INS.35S16       1    44  (230) + (ATGGAATCAA)n  Simple_repeat          1     44    (0)  788  
  574   19.3  4.6  1.2  Sniffles2.INS.35S16      50   262   (12) C HSATII         Satellite            (0)    220      1  789  
 1132   12.9  0.2  0.3  Sniffles2.INS.35S24       1   446 (2260) + ALR/Alpha      Satellite/centr        1    445    (0)  790  
 2841    2.3  0.0  0.0  Sniffles2.INS.35S24     449   756 (1950) + AluYa5         SINE/Alu               1    308    (3)  791  
 1215   14.2  0.4  0.1  Sniffles2.INS.35S24     765  2705    (1) + ALR/Alpha      Satellite/centr        1   1946    (0)  792  
  992   14.9  0.0  0.0  Sniffles2.INS.35S2F       1   340    (2) + ALR/Alpha      Satellite/centr        1    340    (0)  793  
   39    7.9  0.0  0.0  Sniffles2.INS.35S58       1    54    (0) + (GGAAT)n       Simple_repeat          1     54    (0)  794  
  789    7.3  0.8  1.6  Sniffles2.INS.35S8       65   189 (1624) C LSAU           Satellite            (1)    497    374  795  
  622   16.1  0.7 10.1  Sniffles2.INS.35S8      279   430 (1383) C LSAU           Satellite          (359)    139      1  795  
 2060    0.9  0.0  0.5  Sniffles2.INS.35SBD       1   224    (3) + AluYa5         SINE/Alu              79    301   (10)  796  
  338   17.2  2.7 13.7  Sniffles2.INS.360SC0     20   199  (331) C HSATII         Satellite            (7)    163      2  797  
   45   24.6  0.0  0.0  Sniffles2.INS.360SC0    210   319  (211) + (GAATG)n       Satellite              1    110    (0)  798  
  322   16.8  8.4 13.4  Sniffles2.INS.360SC0    328   526    (4) C HSATII         Satellite            (5)    189      1  799  
  480    4.1  1.0  2.1  Sniffles2.INS.361S37      3    98    (0) + SVA_F          Retroposon/SVA       680    811  (573)  800  
   71    1.5  0.0  0.0  Sniffles2.INS.361SC0     12    79    (0) + (AATGG)n       Simple_repeat          1     68    (0)  801  
   15   13.7 12.5  0.0  Sniffles2.INS.362S11     13    68   (46) + (TTAATAT)n     Simple_repeat          1     63    (0)  802  
   21   21.1  5.8  3.4  Sniffles2.INS.362S11     69    98   (16) + (ATTAAT)n      Simple_repeat          2     89    (0)  803  
   54    0.0  9.0  0.0  Sniffles2.INS.363S0       1    67    (0) + (AT)n          Simple_repeat          1     73    (0)  804  
  481   19.1  5.2  9.9  Sniffles2.INS.363SC0      2  1435    (7) C HSATII         Satellite            (7)   1366      1  805  
  432   20.1  4.2  9.5  Sniffles2.INS.364SC0      5  1140    (7) C HSATII         Satellite            (4)   1075      1  806  
  469   18.2  3.6 10.0  Sniffles2.INS.365SC0      7  1163    (9) C HSATII         Satellite            (6)   1083      1  807  
   62   23.2  0.0  0.8  Sniffles2.INS.366S35      5   168    (1) + (TA)n          Simple_repeat          1    162    (0)  808  
   68    5.2  0.0  0.0  Sniffles2.INS.366SC0      1    79    (1) + (AATGG)n       Simple_repeat          1     79    (0)  809  
  387   12.7  0.0  0.0  Sniffles2.INS.368S18      1    55   (30) C MSTB           LTR/ERVL-MaLR      (351)     75     21  810  
  279    2.8  0.0  0.0  Sniffles2.INS.368S18     50    85    (0) C MSTA           LTR/ERVL-MaLR      (317)    111     76  811 *
   22   24.1  4.1  1.3  Sniffles2.INS.368S5       3    75    (3) + (CCAT)n        Simple_repeat          1     75    (0)  812  
  383   18.1  5.4  9.0  Sniffles2.INS.368SC0      5   390  (752) C HSATII         Satellite            (5)    372      1  813  
  444   17.3  5.3  8.3  Sniffles2.INS.368SC0    404  1121   (21) C HSATII         Satellite            (9)    696      1  813  
   58    0.0  0.0  0.0  Sniffles2.INS.368SF       1    52    (0) + (T)n           Simple_repeat          1     52    (0)  814  
  329   18.9  5.1  8.7  Sniffles2.INS.369SC0     11   247  (894) C HSATII         Satellite            (4)    228      1  815  
  444   19.2  4.7 10.1  Sniffles2.INS.369SC0    261  1141    (0) C HSATII         Satellite            (9)    833      1  815  
  375   12.0  0.0  0.0  Sniffles2.INS.36AS18      1    50   (34) C MSTB1          LTR/ERVL-MaLR      (362)     70     21  816  
  308    2.6  0.0  0.0  Sniffles2.INS.36AS18     45    83    (1) C MSTA           LTR/ERVL-MaLR      (317)    111     73  817 *
  484   18.9  4.1  9.1  Sniffles2.INS.36DSC0      1  1161    (6) C HSATII         Satellite            (7)   1103      1  818  
   79    0.0  0.0  0.0  Sniffles2.INS.36ES13     12    81  (280) + (T)n           Simple_repeat          1     70    (0)  819  
 2664    0.0  0.4  0.0  Sniffles2.INS.36ES13     82   361    (0) C AluYg6         SINE/Alu            (30)    281      1  820  
  310   19.8  2.0 13.6  Sniffles2.INS.36ESC0      1   332  (579) C HSATII         Satellite            (7)    293      1  821  
   39   25.1  0.0  0.0  Sniffles2.INS.36ESC0    333   431  (480) + (AATGG)n       Simple_repeat          1     99    (0)  822  
  495   17.4  3.6 13.6  Sniffles2.INS.36ESC0    440   910    (1) C HSATII         Satellite            (5)    424      1  823  
   57   15.5  0.0  0.0  Sniffles2.INS.36FSC0      1   101    (4) + (AATGG)n       Simple_repeat          1    101    (0)  824  
 2056   12.3  1.0  1.0  Sniffles2.INS.36S25      14   324   (36) + AluSx          SINE/Alu               2    312    (0)  825  
  419   18.8  3.3  9.7  Sniffles2.INS.36S58       5   420    (0) C HSATII         Satellite            (4)    389      1  826  
  974   13.4  0.8  0.5  Sniffles2.INS.36S8        1  2602    (6) C BSR/Beta       Satellite           (48)   2609      1  827  
 1129   14.9  0.4  0.0  Sniffles2.INS.36SB0       4  1705    (1) + ALR/Alpha      Satellite/centr        1   1708    (0)  828  
  523   17.1  4.1 10.4  Sniffles2.INS.371SC0      1   926    (9) C HSATII         Satellite            (9)    867      1  829  
   62    5.6  0.0  0.0  Sniffles2.INS.372SC0      1    74    (1) + (AATGG)n       Simple_repeat          1     74    (0)  830  
  432   20.1  4.2  9.5  Sniffles2.INS.373SC0      5  1140    (7) C HSATII         Satellite            (4)   1075      1  831  
  450   17.4  1.6 16.6  Sniffles2.INS.374SC0     18   247  (661) C HSATII         Satellite            (8)    195      1  832  
   19   23.3  0.0  0.0  Sniffles2.INS.374SC0    253   302  (606) + (AATGG)n       Simple_repeat          1     50    (0)  833  
  258   19.4  2.8 14.8  Sniffles2.INS.374SC0    313   493  (415) C HSATII         Satellite            (7)    163      2  834  
   12   21.7  0.0  0.0  Sniffles2.INS.374SC0    504   535  (373) + (GAATG)n       Satellite              1     32    (0)  835  
  435   17.0  7.7 10.8  Sniffles2.INS.374SC0    536   895   (13) C HSATII         Satellite            (4)    349      1  836  
   12   25.8  0.0  0.0  Sniffles2.INS.375SC0      1    37 (1544) + (GGAAT)n       Simple_repeat          1     37    (0)  837  
  444   19.2  5.4  7.8  Sniffles2.INS.375SC0     40  1581    (0) C HSATII         Satellite            (5)   1504      1  838  
  480   17.8  4.2 10.6  Sniffles2.INS.376SC0      5   517    (4) C HSATII         Satellite            (4)    480      1  839  
  440   11.4  2.9  2.9  Sniffles2.INS.377S13     12    81    (6) C AluSg          SINE/Alu           (170)    140     71  840  
  464   18.1  4.1  9.3  Sniffles2.INS.378SC0      3   708    (9) C HSATII         Satellite            (4)    669      1  841  
  578   14.3  3.1  2.0  Sniffles2.INS.37AS35      1    98   (15) C AluJo          SINE/Alu           (213)     99      1  842  
 1142   14.6  0.9  0.4  Sniffles2.INS.37CS33      1  1530    (1) + ALR/Alpha      Satellite/centr        1   1538    (0)  843  
   63    5.3  1.3  0.0  Sniffles2.INS.37DSC0      1    78    (1) + (AATGG)n       Simple_repeat          1     79    (0)  844  
  217   27.4  0.0  0.0  Sniffles2.INS.37S2B      13    63    (7) + AluJb          SINE/Alu             226    276   (36)  845  
   34    4.6  4.4  0.0  Sniffles2.INS.37S37       1    45    (0) + (TA)n          Simple_repeat          1     47    (0)  846  
  854   15.2  0.0  0.0  Sniffles2.INS.37SB0       5   168    (0) + ALR/Alpha      Satellite/centr        1    164    (0)  847  
  338   13.0  0.0  8.1  Sniffles2.INS.37SBD       5    71    (2) + BSR/Beta       Satellite             15     76   (60)  848  
  724    6.0  0.0  0.0  Sniffles2.INS.380S11      1    84    (0) C AluSc          SINE/Alu            (62)    247    164  849  
  928   17.0  0.6  7.7  Sniffles2.INS.381S13      1   166    (2) C AluSx          SINE/Alu            (54)    248     94  850  
  550    6.7 10.7  1.5  Sniffles2.INS.382S0       3   123    (3) + L1P1           LINE/L1             4993   5124 (1022)  851  
 1058   12.7  2.2  1.8  Sniffles2.INS.383S3A      1   994    (3) C ALR/Alpha      Satellite/centr     (67)    998      1  852  
   57   15.5  0.0  0.0  Sniffles2.INS.384SC0      1   101    (4) + (AATGG)n       Simple_repeat          1    101    (0)  853  
  853   12.0  0.0  0.0  Sniffles2.INS.386S38      1   117  (338) + AluSp          SINE/Alu             186    302   (11)  854  
   25   17.9  3.6  4.9  Sniffles2.INS.386S38    118   200  (255) + A-rich         Low_complexity         1     82    (0)  855  
 1200   13.1  1.1  0.0  Sniffles2.INS.386S38    262   451    (4) + AluSx          SINE/Alu               2    219   (83)  856  
   62    5.6  0.0  0.0  Sniffles2.INS.386SC0      1    74    (1) + (AATGG)n       Simple_repeat          1     74    (0)  857  
  236   17.2  6.6  4.8  Sniffles2.INS.387S11     26    37   (79) C AluSx          SINE/Alu           (233)     69     45  858  
  237   11.8  0.0  0.0  Sniffles2.INS.387S11     38    71   (45) + SVA_F          Retroposon/SVA       384    417  (958)  859  
  236   17.2  6.6  4.8  Sniffles2.INS.387S11     72    86   (30) C AluSx          SINE/Alu           (233)     44      8  858  
  524   19.8  0.0  4.6  Sniffles2.INS.389S0       1   145    (0) C AluSx          SINE/Alu            (90)    212      1  860  
   34   15.0  0.0  0.0  Sniffles2.INS.389S11      5    58    (0) + A-rich         Low_complexity         1     54    (0)  861  
   26   15.0  3.7  0.0  Sniffles2.INS.38CS11      3    56    (1) + GA-rich        Low_complexity         1     56    (0)  862  
   17   26.9  1.9  1.9  Sniffles2.INS.38DS13      4    55    (4) + (TA)n          Simple_repeat          1     52    (0)  863  
  212   20.0  4.4  0.0  Sniffles2.INS.38DS4     376   420   (64) + AmnL2-1        LINE/L2             2342   2388  (225)  864  
   39    0.0  1.9  5.9  Sniffles2.INS.38FS4       1    53    (0) + (TTTC)n        Simple_repeat          1     51    (0)  865  
   72    8.8  1.6  1.6  Sniffles2.INS.38S2B       1   125    (0) + (TGGAA)n       Simple_repeat          1    125    (0)  866  
 1229   14.3  1.2  0.0  Sniffles2.INS.38SB0       1  1184    (2) + ALR/Alpha      Satellite/centr        1   1197    (0)  867  
  253   23.3  1.7  0.0  Sniffles2.INS.38SBD       6    65    (2) + BSR/Beta       Satellite             28     88   (48)  868  
  504   17.1  4.6  8.1  Sniffles2.INS.390S1       8  2797    (7) C HSATII         Satellite            (4)   2693      1  869  
   62    0.0  1.8  0.0  Sniffles2.INS.390S4       1    56    (3) + (TA)n          Simple_repeat          1     57    (0)  870  
  228   13.6  4.1  9.7  Sniffles2.INS.392SC0     14   111    (9) C HSATII         Satellite            (8)    162     70  871  
  351   17.3  2.7  0.0  Sniffles2.INS.393S4      23    97   (16) C L1MC4          LINE/L1            (734)   7308   7232  872  
   27    0.0  0.0  0.0  Sniffles2.INS.394S13      3    28   (83) + (T)n           Simple_repeat          1     26    (0)  873  
   36    2.7  0.0  0.0  Sniffles2.INS.394S13     57    94   (17) + (T)n           Simple_repeat          1     38    (0)  873  
   21    2.6 10.0  0.0  Sniffles2.INS.395S35      1    40   (12) + (TTTCCTT)n     Simple_repeat          1     44    (0)  874  
   61    0.0  1.7  0.0  Sniffles2.INS.397S4       1    58    (0) + (AAGA)n        Simple_repeat          1     59    (0)  875  
  253   27.4  1.4  0.0  Sniffles2.INS.399S13    284   356   (84) + MIR            SINE/MIR             100    173   (89)  876  
  248    2.1  0.0  4.3  Sniffles2.INS.399S37      1    49    (1) C SVA_F          Retroposon/SVA     (612)    763    717  877  
  681    7.0  0.0  0.0  Sniffles2.INS.39AS11      3    88  (131) C MER41A         LTR/ERV1           (468)     86      1  878  
 1158   14.2  0.7  0.0  Sniffles2.INS.39AS33      1   850    (0) + ALR/Alpha      Satellite/centr        1    855    (0)  879  
  347    4.4  2.0  7.5  Sniffles2.INS.39BS35      1    98    (1) + SVA_F          Retroposon/SVA       659    751  (624)  880  
   16   14.2  7.3  2.3  Sniffles2.INS.39DS11     22    62    (2) + (AT)n          Simple_repeat          1     43    (0)  881  
 1164   13.1  0.7  0.4  Sniffles2.INS.39DS33      1   678    (1) + ALR/Alpha      Satellite/centr        1    679    (0)  882  
   46    8.5  0.0  0.0  Sniffles2.INS.39ES37     34    95    (0) + (A)n           Simple_repeat          1     62    (0)  883  
  305   24.2  0.0  0.0  Sniffles2.INS.39S2B       1    62    (1) + FRAM           SINE/Alu              94    155   (11)  884  
  466   16.2  4.9  9.3  Sniffles2.INS.39S58       1  1911    (4) C HSATII         Satellite           (10)   1826      1  885  
 1702   18.6  0.9  0.3  Sniffles2.INS.39S8       13   347    (3) + LSAU           Satellite              1    337  (161)  886  
  865   14.8  0.0  0.0  Sniffles2.INS.39SB0       5   168    (0) + ALR/Alpha      Satellite/centr        1    164    (0)  887  
  281   14.2  1.5 16.9  Sniffles2.INS.39SBD       6    73    (3) + BSR/Beta       Satellite             61    119   (17)  888  
   23   12.5  0.0  6.2  Sniffles2.INS.3A1S37      1    51    (0) + G-rich         Low_complexity         1     48    (0)  889  
 1341   13.2  0.5  0.2  Sniffles2.INS.3A3S23      1  6780    (8) + ALR/Alpha      Satellite/centr        1   6797    (1)  890  
   80    4.7  7.2  2.1  Sniffles2.INS.3A4S0       1   138    (0) + (TA)n          Simple_repeat          1    145    (0)  891  
   43    0.0  0.0  0.0  Sniffles2.INS.3A4S11      1    39   (38) + (TTCC)n        Simple_repeat          1     39    (0)  892  
   20    9.4  0.0  2.9  Sniffles2.INS.3A4S11     42    77    (0) + (TCTT)n        Simple_repeat          1     35    (0)  893  
  233    0.0  0.0  0.0  Sniffles2.INS.3A5S4       1   200    (0) + (T)n           Simple_repeat          1    200    (0)  894  
 1131   13.8  1.0  0.1  Sniffles2.INS.3A8S33      1   842    (9) + ALR/Alpha      Satellite/centr        1    849    (0)  895  
   29   19.8  3.1  0.0  Sniffles2.INS.3ACS37      6    69    (1) + (TA)n          Simple_repeat          1     66    (0)  896  
   53    0.0  2.0  0.0  Sniffles2.INS.3ACS38      1    51    (0) + (TTTC)n        Simple_repeat          1     52    (0)  897  
   29   12.1  0.0  3.6  Sniffles2.INS.3AFS0       2    59    (1) + (ATATATT)n     Simple_repeat          1     56    (0)  898  
 1234   13.5  0.6  0.1  Sniffles2.INS.3AS25       1  1872    (1) + ALR/Alpha      Satellite/centr        1   1880    (2)  899  
  327   18.2  0.0  0.0  Sniffles2.INS.3AS2B       1    55    (0) + Alu            SINE/Alu              90    144   (22)  900  
   30   23.7  0.0  0.0  Sniffles2.INS.3B0S13      1    65    (1) + (AT)n          Simple_repeat          1     65    (0)  901  
   29   10.3  5.8  0.0  Sniffles2.INS.3B0S4       1    52    (3) + (TA)n          Simple_repeat          1     55    (0)  902  
  899    0.0  1.1  0.0  Sniffles2.INS.3B1S0       1   792    (2) + (AT)n          Simple_repeat          1    801    (0)  903  
  945   11.9  1.2  0.0  Sniffles2.INS.3B1S33      1   168    (1) + ALR/Alpha      Satellite/centr        1    169    (0)  904  
   48   29.4  0.0  0.0  Sniffles2.INS.3B2S11      1   117    (9) + (AC)n          Simple_repeat          1    117    (0)  905  
   36    0.0  2.7  0.0  Sniffles2.INS.3B3S0       1    37   (13) + (AGA)n         Simple_repeat          1     38    (0)  906  
   30   25.5  0.0  0.0  Sniffles2.INS.3B3S11      1    65    (7) + (AC)n          Simple_repeat          1     65    (0)  907  
   53   28.3  0.0  0.0  Sniffles2.INS.3B4S11      1   125    (7) + (AC)n          Simple_repeat          1    125    (0)  908  
  894    9.3  0.0  0.5  Sniffles2.INS.3B5SC0      1   137    (0) C BSR/Beta       Satellite           (13)    136      1  909  
   50    3.3  3.2  0.0  Sniffles2.INS.3B6S38      1    62    (0) + (TATGTATATA)n  Simple_repeat          1     64    (0)  910  
   20   25.4  6.0  0.0  Sniffles2.INS.3BAS38      2    68    (0) + (TA)n          Simple_repeat          1     71    (0)  911  
   35    6.3  8.6  2.7  Sniffles2.INS.3BDS4       1    71    (4) + (TA)n          Simple_repeat          1     75    (0)  912  
   37   12.1  0.0  6.6  Sniffles2.INS.3BFS0       3    83    (1) + (ATAT)n        Simple_repeat          1     76    (0)  913  
 1103   14.9  0.1  1.2  Sniffles2.INS.3BS25       1   686    (2) + ALR/Alpha      Satellite/centr        1    678    (0)  914  
  373   16.1  0.0  0.0  Sniffles2.INS.3BS2B       1    56    (8) + Alu            SINE/Alu              89    144   (22)  915  
  597   18.3  1.9  8.1  Sniffles2.INS.3C0S11     28   274    (2) + MLT1C          LTR/ERVL-MaLR        143    358  (109)  916  
  234   15.3  0.0  8.7  Sniffles2.INS.3C0S37      5    54    (0) + AluSx          SINE/Alu              86    131  (171)  917  
   47    3.0  1.3  6.8  Sniffles2.INS.3C2S13      1    78    (0) + (TCTT)n        Simple_repeat          1     74    (0)  918  
   15   15.9  2.9  0.0  Sniffles2.INS.3C3S37      3    37   (79) + (GTCCC)n       Simple_repeat          1     36    (0)  919  
 2664    0.7  0.0  0.0  Sniffles2.INS.3CBS11     12   318    (0) C AluYa5         SINE/Alu             (0)    311      1  920  
  241   14.7  0.0  0.0  Sniffles2.INS.3CS2B      13    46    (6) + Alu            SINE/Alu             224    257   (44)  921  
 1196   12.8  0.1  0.0  Sniffles2.INS.3CS6F       1   337    (4) C ALR/Alpha      Satellite/centr     (21)    337      1  922  
  982    8.1  0.8  0.0  Sniffles2.INS.3D4S38      1   123 (1082) C AluSq          SINE/Alu           (189)    124      1  923  
  526   33.8  3.2  0.0  Sniffles2.INS.3D4S38    287   505  (700) + MLT1I          LTR/ERVL-MaLR        186    411    (0)  924  
 2212   12.2  0.0  0.0  Sniffles2.INS.3D4S38    727  1022  (183) C AluSz          SINE/Alu            (16)    296      1  925  
   28    0.0  3.3  0.0  Sniffles2.INS.3D4S38   1028  1057  (148) + (TTTTTGT)n     Simple_repeat          1     31    (0)  926  
  789   20.3  6.1  0.0  Sniffles2.INS.3D4S38   1058  1205    (0) C AluJb          SINE/Alu            (20)    282    126  927  
   96    8.0  6.8  8.0  Sniffles2.INS.3D6S35      1   268    (1) + (TA)n          Simple_repeat          1    264    (0)  928  
   35   13.2  2.9  2.9  Sniffles2.INS.3D6S4       1    70    (0) + (TA)n          Simple_repeat          1     70    (0)  929  
  308   15.2  0.0  0.0  Sniffles2.INS.3D9S38      4    49    (1) C Alu            SINE/Alu            (82)     51      6  930  
   69    1.4  2.7  0.0  Sniffles2.INS.3DBS1       1    73    (1) + (AGAA)n        Simple_repeat          1     75    (0)  931  
   35    0.0  0.0  0.0  Sniffles2.INS.3DBS13      1    32   (18) + (AGA)n         Simple_repeat          1     32    (0)  932  
   55    0.0  0.0  0.0  Sniffles2.INS.3DES38      1    50    (0) + (TTGGTTTTGG)n  Simple_repeat          1     50    (0)  933  
 2063   12.7  1.0  0.6  Sniffles2.INS.3DS25      42   351    (9) C AluSx          SINE/Alu             (0)    312      2  934  
 1114   14.9  0.5  0.6  Sniffles2.INS.3DS6F       1   681    (1) C ALR/Alpha      Satellite/centr     (23)    680      1  935  
  330    0.3  1.0  0.0  Sniffles2.INS.3E1S38      1   294    (0) + (AG)n          Simple_repeat          1    297    (0)  936  
  290   16.1  1.8  1.8  Sniffles2.INS.3E3S0       1    57   (77) C L1MD1          LINE/L1            (263)   5979   5923  937  
   15    3.6 10.0  3.1  Sniffles2.INS.3E4S1       4    33   (18) + (GT)n          Simple_repeat          1     32    (0)  938  
   34    7.5  0.0  6.6  Sniffles2.INS.3E5S35      1    65    (1) + (TA)n          Simple_repeat          1     61    (0)  939  
  263    4.1  0.0  2.0  Sniffles2.INS.3E7S0       2    51    (0) C SVA_F          Retroposon/SVA     (634)    741    693  940  
  416    3.3  1.1  3.3  Sniffles2.INS.3E8S0       7    99    (1) C SVA_F          Retroposon/SVA     (592)    783    693  941  
   52    0.0  0.0  0.0  Sniffles2.INS.3E8S4       1    47    (1) + (TTCC)n        Simple_repeat          1     47    (0)  942  
   72    2.8  1.4  0.0  Sniffles2.INS.3EBS1       1    74    (0) + (AT)n          Simple_repeat          1     75    (0)  943  
   78   22.6  7.5  0.0  Sniffles2.INS.3ECS37      5   256    (1) + (CA)n          Simple_repeat          1    271    (0)  944  
   26    5.2  2.4  2.4  Sniffles2.INS.3ES58      34    75 (1018) + (TGGAA)n       Simple_repeat          1     42    (0)  945  
  449   16.8  5.5 10.0  Sniffles2.INS.3ES58     105  1093    (0) C HSATII         Satellite           (33)    944      1  946  
 1033   16.5  0.8  1.0  Sniffles2.INS.3ES6F       4  1369    (0) C ALR/Alpha      Satellite/centr     (46)   1363      1  947  
  847   11.6  0.8  0.0  Sniffles2.INS.3ESB0       4   160    (9) + ALR/Alpha      Satellite/centr        1    158    (0)  948  
   21    5.2  7.1  2.3  Sniffles2.INS.3F6S1       8    49    (1) + (TCTT)n        Simple_repeat          1     44    (0)  949  
  435    8.4  4.2  2.8  Sniffles2.INS.3F6S37      1    71    (2) C AluSx4         SINE/Alu           (164)    146     75  950  
   82    8.1 10.5  0.0  Sniffles2.INS.3F8S4       1   171    (0) + (TATATAA)n     Simple_repeat          1    189    (0)  951  
 2501    1.1  0.0  0.0  Sniffles2.INS.3FES1       1   274    (5) C L1P1           LINE/L1            (497)   5658   5385  952  
   30   26.7  1.3  0.0  Sniffles2.INS.3FFS11      1    78    (5) + (TG)n          Simple_repeat          1     79    (0)  953  
  412   25.1  0.2  0.0  Sniffles2.INS.3FS2B       1   950    (3) + (GAATG)n       Satellite              1    952    (0)  954  
  454   18.1  5.4  7.8  Sniffles2.INS.3FS58       3  1610    (0) C HSATII         Satellite            (4)   1568      1  955  
 1093   17.0  0.3  0.1  Sniffles2.INS.3FSB0       1   511    (0) + ALR/Alpha      Satellite/centr        1    512    (0)  956  
   37    3.5  8.6  0.0  Sniffles2.INS.3S10        1    58    (2) + (TA)n          Simple_repeat          1     63    (0)  957  
   11   13.2  5.7  2.8  Sniffles2.INS.3S12       80   114    (1) + (GGATAG)n      Simple_repeat          1     36    (0)  958  
   19    0.0  0.0  0.0  Sniffles2.INS.3S25      392   415  (206) + (CCG)n         Simple_repeat          1     24    (0)  959  
  274   17.1 12.9  0.0  Sniffles2.INS.3S32        3    72    (0) + L1MB2          LINE/L1             5976   6054  (117)  960  
 1039    9.7  0.0  0.0  Sniffles2.INS.3S36        1   172    (0) C ALR/Alpha      Satellite/centr     (26)    172      1  961  
   24   19.7  0.0  0.0  Sniffles2.INS.3SA7        2    53    (1) + (TCTC)n        Simple_repeat          1     52    (0)  962  
   71    2.9  0.0  0.0  Sniffles2.INS.3SA8        1    72    (0) + (GGAA)n        Simple_repeat          1     72    (0)  963  
 2953    0.6  0.0  0.0  Sniffles2.INS.3SB7       12   324    (0) C AluYb8         SINE/Alu             (4)    314      2  964  
   61    0.0  3.8  3.8  Sniffles2.INS.40CS1       1    79    (0) + (CTTC)n        Simple_repeat          1     79    (0)  965  
   18    4.8  0.0  0.0  Sniffles2.INS.40CS37    147   168   (33) + (T)n           Simple_repeat          1     22    (0)  966  
   66    0.0  6.1  4.0  Sniffles2.INS.40DS1       4   101    (0) + (TTCC)n        Simple_repeat          1    100    (0)  967  
 2435    5.6  0.3  6.0  Sniffles2.INS.40FS31     11   339  (318) C AluY           SINE/Alu             (0)    301    139  968  
   41    0.0  0.0  0.0  Sniffles2.INS.40FS31    340   377  (280) + (T)n           Simple_repeat          1     38    (0)  969  
 2435    5.6  0.3  6.0  Sniffles2.INS.40FS31    378   657    (0) C AluY           SINE/Alu            (20)    138      1  968  
 2832    0.3  0.0  0.0  Sniffles2.INS.40FS3A     17   313    (2) + AluYa5         SINE/Alu               1    297   (14)  970  
  449   12.3  0.0  0.0  Sniffles2.INS.40S58       1    73    (0) + ALR/Alpha      Satellite/centr       58    130   (41)  971  
 1081   12.5  1.2  0.0  Sniffles2.INS.40SB0       1   336    (2) + ALR/Alpha      Satellite/centr        1    340    (0)  972  
   18   14.2  2.2  6.8  Sniffles2.INS.412S38      6    51    (0) + (AT)n          Simple_repeat          1     44    (0)  973  
 1165   14.5  0.7  0.2  Sniffles2.INS.413S33      6  1187    (1) + ALR/Alpha      Satellite/centr        1   1187    (0)  974  
   21   16.3  1.9  3.8  Sniffles2.INS.415S38      4    57    (0) + (CCTTCCC)n     Simple_repeat          1     53    (0)  975  
  312    2.8  0.0  0.0  Sniffles2.INS.416S3A      1    36   (36) C AluYd8         SINE/Alu            (17)    282    247  976  
   90    8.2  3.4  2.2  Sniffles2.INS.41AS11      1   177    (5) + (TGGA)n        Simple_repeat          1    179    (0)  977  
  455   26.0  2.4  0.8  Sniffles2.INS.41AS13      6   129    (0) + L1MB8          LINE/L1             6048   6173    (5)  978  
   93   27.5  1.1  1.1  Sniffles2.INS.41BS1       2   263    (0) + (AT)n          Simple_repeat          1    262    (0)  979  
  309   11.2  9.6  2.6  Sniffles2.INS.41BS37     29   101    (0) C L1M1           LINE/L1           (3735)   2411   2334  980  
   50    9.0  2.9  4.9  Sniffles2.INS.41CS31      1   104    (1) + (ATATATA)n     Simple_repeat          1    102    (0)  981  
  107    0.0  2.0  0.0  Sniffles2.INS.41CS4      26   123    (3) + (AT)n          Simple_repeat          1    100    (0)  982  
   59   19.6  5.1  1.2  Sniffles2.INS.41FS13      2   157    (0) + (CAT)n         Simple_repeat          1    162    (0)  983  
  420    3.9  0.0  0.0  Sniffles2.INS.41S25       1    51   (18) C L1P3           LINE/L1           (3599)   2547   2497  984  
  597    8.4  0.7  0.1  Sniffles2.INS.41S2B       1    88   (57) + AluY           SINE/Alu              81    174  (128)  985  
  576    3.1  0.0  0.0  Sniffles2.INS.41S2B      78   141    (4) + AluYa5         SINE/Alu             234    297   (14)  986 *
  313   12.3 10.1  1.8  Sniffles2.INS.420S3A      1   834    (3) + A-rich         Low_complexity         1    902    (0)  987  
  595   16.6  7.3  2.2  Sniffles2.INS.421S3A      1  1677    (3) + (GATGA)n       Simple_repeat          1   1760    (0)  988  
  732    7.6  1.1  0.0  Sniffles2.INS.422S1       2    93   (10) + AluSq          SINE/Alu              40    132  (181)  989  
   27    0.0  0.0  0.0  Sniffles2.INS.422S38      1    26   (40) + (ATAG)n        Simple_repeat          1     26    (0)  990  
   18   29.2  2.2  3.4  Sniffles2.INS.423S13      3    91    (0) + G-rich         Low_complexity         1     88    (0)  991  
   68    0.0  1.6  0.0  Sniffles2.INS.423S38      3    66    (0) + (AAAAT)n       Simple_repeat          1     65    (0)  992  
   36   19.2  4.3  5.8  Sniffles2.INS.424S13     11   149    (6) + G-rich         Low_complexity         1    137    (0)  993  
   38   15.4  6.1  0.0  Sniffles2.INS.428S3A      1    82    (0) + (AT)n          Simple_repeat          1     87    (0)  994  
   19   17.0  6.5  0.0  Sniffles2.INS.429S4       7    52    (1) + (TA)n          Simple_repeat          1     49    (0)  995  
   31   22.0  1.1  5.6  Sniffles2.INS.42AS1      15   108   (18) + (TA)n          Simple_repeat          1     90    (0)  996  
   46    4.1  0.0  0.0  Sniffles2.INS.42AS37      1    51    (0) + (AGGAAAGA)n    Simple_repeat          1     51    (0)  997  
  246   23.5  2.4  2.4  Sniffles2.INS.42BS38     27   109    (2) + L1MD           LINE/L1             2410   2492 (3654)  998  
   35    2.0  5.8  0.0  Sniffles2.INS.42CS38      1    52    (0) + (AAAG)n        Simple_repeat          1     55    (0)  999  
   23   10.0  2.1  4.3  Sniffles2.INS.42DS38      3    50    (1) + GA-rich        Low_complexity         1     47    (0) 1000  
  905    9.4  0.0  0.0  Sniffles2.INS.42S24       1   169    (1) + ALR/Alpha      Satellite/centr        1    169    (0) 1001  
  367   15.4  0.0  0.0  Sniffles2.INS.42S2B       1    52    (3) + AluSz6         SINE/Alu             226    277   (35) 1002  
  954    6.6  0.0  0.0  Sniffles2.INS.42S58       8   128    (0) + ALR/Alpha      Satellite/centr        1    121   (50) 1003  
   23   18.7  0.0  6.9  Sniffles2.INS.430S1       8    69    (4) + (AT)n          Simple_repeat          1     58    (0) 1004  
  304   10.8  2.3  0.0  Sniffles2.INS.430S4       3    56    (1) + L1P1           LINE/L1             3932   3986 (2160) 1005  
  390   22.6  2.8  0.9  Sniffles2.INS.431S4       4   110    (0) C L1MD           LINE/L1           (3119)   3027   2919 1006  
   22   12.6  4.4  0.0  Sniffles2.INS.436S1       1    45    (1) + A-rich         Low_complexity         1     47    (0) 1007  
   37    9.7  0.0  0.0  Sniffles2.INS.436S13      1    57    (0) + (CATCAT)n      Simple_repeat          1     57    (0) 1008  
   30    7.9  5.3  3.5  Sniffles2.INS.43CS13      1    57    (6) + (AC)n          Simple_repeat          1     58    (0) 1009  
   53   10.3  5.7  4.0  Sniffles2.INS.43FS35      1   124    (1) + (ATATATT)n     Simple_repeat          1    126    (0) 1010  
   42   37.6  0.0  1.0  Sniffles2.INS.43S8      389   589   (37) + (TCCC)n        Simple_repeat          1    199    (0) 1011  
  880   14.4  0.0  0.0  Sniffles2.INS.43SB0       5   168    (0) + ALR/Alpha      Satellite/centr        1    164    (0) 1012  
   23   10.8  0.0  8.9  Sniffles2.INS.444S35      2    50    (3) + (TA)n          Simple_repeat          1     45    (0) 1013  
   28    8.7  3.9  1.9  Sniffles2.INS.448S31      1    52    (1) + (AAGA)n        Simple_repeat          1     53    (0) 1014  
 1030    6.6  0.0  0.0  Sniffles2.INS.448S4       1   122    (0) C AluYc          SINE/Alu           (130)    169     48 1015  
   37    0.0  0.0  0.0  Sniffles2.INS.449S1       1    34   (19) + (TTTC)n        Simple_repeat          1     34    (0) 1016  
  129    7.8  0.6  0.0  Sniffles2.INS.44AS2       2   168   (11) + (TA)n          Simple_repeat          1    168    (0) 1017  
 1165   14.4  0.9  0.3  Sniffles2.INS.44ES33      5  1190    (1) + ALR/Alpha      Satellite/centr        1   1192    (0) 1018  
 1120   13.0  0.0  0.1  Sniffles2.INS.44S24       2   854    (1) + ALR/Alpha      Satellite/centr        1    852    (8) 1019  
 2795   13.7  0.6  0.6  Sniffles2.INS.44S8       44   541  (461) + LSAU           Satellite              1    498    (0) 1020  
   23   22.1  3.6  0.0  Sniffles2.INS.451S35      2    56    (0) + (TA)n          Simple_repeat          1     57    (0) 1021  
   31    8.8  0.0  0.0  Sniffles2.INS.454S4       1    48    (2) + (TATATAT)n     Simple_repeat          1     48    (0) 1022  
   22   21.3  0.0  0.0  Sniffles2.INS.456S35      8    51    (9) + A-rich         Low_complexity         1     44    (0) 1023  
   49    4.1  0.0  0.0  Sniffles2.INS.45ES2       1    51    (1) + (TA)n          Simple_repeat          1     51    (0) 1024  
   47    3.4  5.0  0.0  Sniffles2.INS.45FS31      4    63    (3) + (AT)n          Simple_repeat          1     63    (0) 1025  
  319   22.6  3.2  0.0  Sniffles2.INS.45S31       1    62    (0) + MLT1D          LTR/ERVL-MaLR        289    352  (153) 1026  
  467   10.9  0.0  0.0  Sniffles2.INS.45S8        5    68    (0) C BSR/Beta       Satellite           (15)    121     58 1027  
 1090   16.5  0.2  0.0  Sniffles2.INS.45SB0       1   511    (0) + ALR/Alpha      Satellite/centr        1    512    (0) 1028  
   19   28.5  0.0  0.0  Sniffles2.INS.461S31      5    50   (11) + (AT)n          Simple_repeat          1     46    (0) 1029  
   63    0.0  3.3  0.0  Sniffles2.INS.462S4       3    63    (0) + (TA)n          Simple_repeat          1     63    (0) 1030  
   32   14.0  4.8  0.0  Sniffles2.INS.464S37      1    63    (0) + (AT)n          Simple_repeat          1     66    (0) 1031  
  364    8.2  8.0  2.5  Sniffles2.INS.466S4       9    83    (1) C L1M2           LINE/L1           (1319)   4824   4746 1032  
   31   10.5  0.0  0.0  Sniffles2.INS.46BS11      6    56    (0) + (TCCCACC)n     Simple_repeat          1     51    (0) 1033  
 1200    9.4  0.6  0.3  Sniffles2.INS.46S58       1   679    (3) + ALR/Alpha      Satellite/centr        1    680    (0) 1034  
  443   24.5  0.0  0.9  Sniffles2.INS.46S8        3   109  (503) C BSR/Beta       Satellite            (3)    133     28 1035  
 2591   16.1  0.8  0.6  Sniffles2.INS.46S8      112   605    (7) + LSAU           Satellite              3    497    (1) 1036  
  853   14.8  0.0  0.0  Sniffles2.INS.46SB0       5   168    (0) + ALR/Alpha      Satellite/centr        1    164    (0) 1037  
   32   16.0  4.5  3.3  Sniffles2.INS.471S31      1    89    (0) + (CCTT)n        Simple_repeat          1     90    (0) 1038  
   31   15.9  3.1  0.0  Sniffles2.INS.471S35      1    65    (1) + (TATGTA)n      Simple_repeat          1     67    (0) 1039  
   22   28.0  3.4  1.1  Sniffles2.INS.476S13      5    92    (7) + (CCA)n         Simple_repeat          1     90    (0) 1040  
   26   22.9  3.0  4.1  Sniffles2.INS.476S13     93    99    (0) + (ATCCCC)n      Simple_repeat          5     98    (0) 1041  
  845   10.2  6.2  0.7  Sniffles2.INS.47CS38      1   128    (0) + AluJb          SINE/Alu              16    150  (152) 1042  
   34    2.0  7.8  0.0  Sniffles2.INS.47ES35      4    54    (3) + (TATCATATA)n   Simple_repeat          1     55    (0) 1043  
  322   17.0  0.0  0.0  Sniffles2.INS.47S2B       5    51    (4) + Alu            SINE/Alu              89    135   (31) 1044  
   19   17.3  0.0  0.0  Sniffles2.INS.47S3A       4    42    (8) + (ATAT)n        Simple_repeat          1     39    (0) 1045  
 1110   14.2  0.3  0.0  Sniffles2.INS.47SB0       1   680    (0) + ALR/Alpha      Satellite/centr        1    682    (0) 1046  
   37    7.4  5.0  5.0  Sniffles2.INS.481S37      1    80    (0) + GA-rich        Low_complexity         1     80    (0) 1047  
   13   18.7  8.2  0.0  Sniffles2.INS.482S39      5    53   (17) + (TATACAG)n     Simple_repeat          1     53    (0) 1048  
   33   10.5  3.0  4.5  Sniffles2.INS.482S39     54    67    (3) + (TA)n          Simple_repeat          5     66    (0) 1049  
  299   20.6  2.6  6.7  Sniffles2.INS.483S1     224   301   (65) C L1MD1          LINE/L1              (7)   6235   6161 1050  
   39    0.0  0.0  0.0  Sniffles2.INS.483S1     304   339   (27) + (TTTA)n        Simple_repeat          1     36    (0) 1051  
   18    4.7  0.0  0.0  Sniffles2.INS.483S1     345   366    (0) + (T)n           Simple_repeat          1     22    (0) 1052  
   31   16.8  0.0  0.0  Sniffles2.INS.485S38      1    54    (0) + A-rich         Low_complexity         1     54    (0) 1053  
   13    4.1  3.7  3.7  Sniffles2.INS.486S37    109   135    (0) + (ACTCT)n       Simple_repeat          1     27    (0) 1054  
 1108    2.4  0.0  0.0  Sniffles2.INS.488S38     10   136    (0) + L1P1           LINE/L1             5649   5775  (380) 1055  
  340    8.0  6.0  0.0  Sniffles2.INS.489S1      56   105    (0) C L1MC           LINE/L1           (1377)   4769   4717 1056  
  686   12.8  9.9  0.0  Sniffles2.INS.489S35      2   147    (0) C AluSx          SINE/Alu             (7)    295     85 1057  
  245   15.4  0.0  2.6  Sniffles2.INS.489S39     15    54    (4) C L1MCa          LINE/L1           (5947)    561    523 1058  
   41   13.7  5.0  0.0  Sniffles2.INS.48BS35      1    80    (3) + (AT)n          Simple_repeat          1     84    (0) 1059  
   38    1.9  1.8  3.6  Sniffles2.INS.48BS3A      1    57    (2) + (AAAG)n        Simple_repeat          1     56    (0) 1060  
   11   20.2  2.9  0.0  Sniffles2.INS.48CS23     68   101   (34) + GA-rich        Low_complexity         1     35    (0) 1061  
  290   18.0  0.0  0.0  Sniffles2.INS.48S2B       2    51    (0) + FRAM           SINE/Alu             104    153   (23) 1062  
   53    4.6  4.1  4.1  Sniffles2.INS.490S1       1    98    (7) + (TATATAC)n     Simple_repeat          1     98    (0) 1063  
   43    0.0  0.0  0.0  Sniffles2.INS.497S37    156   192  (127) + (GT)n          Simple_repeat          1     37    (0) 1064  
  241    7.5  2.2  0.8  Sniffles2.INS.499S1       1   358    (1) + (ATATATT)n     Simple_repeat          1    363    (0) 1065  
  238   29.4  0.0  0.0  Sniffles2.INS.49BS3A      7   595    (7) + (ATAT)n        Simple_repeat          1    589    (0) 1066  
  636    7.9  0.0  3.5  Sniffles2.INS.49BS4       1    89  (249) + AluYh7         SINE/Alu             204    289   (22) 1067  
   13   11.5  7.5  2.4  Sniffles2.INS.49S18       1    40   (35) + G-rich         Low_complexity         1     42    (0) 1068  
 1529   13.8  2.6  5.2  Sniffles2.INS.49S23      85   368 (2233) + AluJb          SINE/Alu               2    302    (0) 1069  
  220   24.3  8.1  0.4  Sniffles2.INS.49S23     762   865 (1736) C MIR1_Amn       SINE/MIR            (74)    194     80 1070  
 1998   12.1  1.7  0.3  Sniffles2.INS.49S23    1990  2288  (313) C AluSx          SINE/Alu             (9)    303      1 1071  
  237   36.9  2.2  2.9  Sniffles2.INS.49S23    2340  2476  (125) C L2a            LINE/L2              (0)   3426   3291 1072  
 1019    7.2  1.4  0.3  Sniffles2.INS.49S25       2   289    (0) C ACRO1          Satellite/acro       (0)    291      1 1073  
  281   25.0  0.0  0.0  Sniffles2.INS.49S2B       1    56    (1) + AluSz6         SINE/Alu             225    280   (32) 1074  
  444   16.8  0.7  1.4  Sniffles2.INS.49SBD       2   135    (1) C BSR/Beta       Satellite           (18)    133      1 1075  
   23    9.1  7.7  3.7  Sniffles2.INS.4A0S4       1    52    (1) + (AT)n          Simple_repeat          1     54    (0) 1076  
  387    8.2 35.6  3.0  Sniffles2.INS.4A5S1       6   106   (70) C AluSx          SINE/Alu           (161)    141      9 1077  
  302   18.2  0.0  1.8  Sniffles2.INS.4A5S1      61   116   (60) + SVA_A          Retroposon/SVA       144    198 (1189) 1078 *
   15   41.3  0.0  1.0  Sniffles2.INS.4A5S38     16   119   (31) + (GGTGG)n       Simple_repeat          1    103    (0) 1079  
   62    1.7  0.0  0.0  Sniffles2.INS.4ABS2       1    60    (0) + (AAGG)n        Simple_repeat          1     60    (0) 1080  
   62   13.9  1.6  2.5  Sniffles2.INS.4ADS3A      3   123    (0) + GA-rich        Low_complexity         1    120    (0) 1081  
  461   18.4  3.9  0.9  Sniffles2.INS.4AFS38      1   104  (188) C L1M5           LINE/L1           (1483)   4663   4557 1082  
  405    0.0  0.3  0.0  Sniffles2.INS.4AFS39      1   346    (0) + (AT)n          Simple_repeat          1    347    (0) 1083  
  294    8.9  0.0  2.1  Sniffles2.INS.4AS18      38    96    (0) + FLAM_C         SINE/Alu               1     37   (96) 1084  
 1054    7.8  0.6  0.0  Sniffles2.INS.4AS25       1   581    (1) C ACRO1          Satellite/acro       (1)    584      1 1085  
  515   14.3  1.6  0.0  Sniffles2.INS.4ASBD       1    68  (322) C BSR/Beta       Satellite           (54)     88     19 1086  
 2935    1.3  0.0  0.0  Sniffles2.INS.4ASBD      78   390    (0) C AluYb8         SINE/Alu             (5)    313      1 1087  
   12   25.5  0.0  0.0  Sniffles2.INS.4B1S13    151   187  (198) + (GCCGG)n       Simple_repeat          1     37    (0) 1088  
   39    4.5  0.0  0.0  Sniffles2.INS.4B2S31      4    49    (3) + (GTATATATAC)n  Simple_repeat          1     46    (0) 1089  
   57    0.0  1.8  0.0  Sniffles2.INS.4B3S31      1    55    (0) + (CTTT)n        Simple_repeat          1     56    (0) 1090  
   53    1.8 14.6  0.0  Sniffles2.INS.4B4S38      1   110    (1) + (TA)n          Simple_repeat          1    126    (0) 1091  
  383   15.4  4.2  0.0  Sniffles2.INS.4B6S38      1   755    (5) + (AT)n          Simple_repeat          1    787    (0) 1092  
   12   19.5  2.9  0.0  Sniffles2.INS.4BAS31     21    55    (3) + (TTTTCTT)n     Simple_repeat          1     36    (0) 1093  
   39    0.0  0.0  0.0  Sniffles2.INS.4BBS31     17    52    (0) + (AGGC)n        Simple_repeat          1     36    (0) 1094  
   39   13.0  6.2  2.0  Sniffles2.INS.4BBS35      1    96    (0) + (ATATTAT)n     Simple_repeat          1    100    (0) 1095  
   45    1.7  4.6  3.0  Sniffles2.INS.4BES2      19    83    (0) + (ACGTATAC)n    Simple_repeat          1     66    (0) 1096  
   32   19.3  1.5  0.0  Sniffles2.INS.4BES38      2    66    (0) + (AT)n          Simple_repeat          1     66    (0) 1097  
   96    0.8  3.1  4.7  Sniffles2.INS.4BFS2       6   135   (19) + (ACGTATAC)n    Simple_repeat          1    128    (0) 1098  
   18   12.6  4.4  2.2  Sniffles2.INS.4BS25       1    45    (5) + (GCGCCT)n      Simple_repeat          1     46    (0) 1099  
 1295   10.5  0.4  0.0  Sniffles2.INS.4BS58       3  1876    (1) + ALR/Alpha      Satellite/centr        1   1881    (0) 1100  
  799   16.2  8.4  0.9  Sniffles2.INS.4BSBD       1   542    (1) C BSR/Beta       Satellite           (23)    582      1 1101  
   43    4.3  0.0  0.0  Sniffles2.INS.4C2S1      18    65    (0) + (GGAGGG)n      Simple_repeat          1     48    (0) 1102  
  508   28.5  2.1  0.4  Sniffles2.INS.4C2S22      2   202  (440) + MIRc           SINE/MIR              17    223   (45) 1103  
   53    2.0  0.0  0.0  Sniffles2.INS.4C3S4       1    50    (0) + (TC)n          Simple_repeat          1     50    (0) 1104  
   27    8.9  3.9  1.9  Sniffles2.INS.4C4S38      1    51    (0) + (AAAG)n        Simple_repeat          1     52    (0) 1105  
   56    0.0  1.9  0.0  Sniffles2.INS.4C6S39      1    54    (0) + (AAGA)n        Simple_repeat          1     55    (0) 1106  
   54    7.9  6.1  1.0  Sniffles2.INS.4C6S4       1    98    (0) + (TTTC)n        Simple_repeat          1    103    (0) 1107  
  263   22.7  0.0  3.8  Sniffles2.INS.4C7S1       3    57   (52) C Alu            SINE/Alu            (80)     53      1 1108  
  335   11.1  0.0  0.0  Sniffles2.INS.4C7S1      65   109    (0) C AluSq2         SINE/Alu            (12)    301    257 1109  
   30   12.5  4.9  0.0  Sniffles2.INS.4C8S23      2    62    (0) + (TATA)n        Simple_repeat          1     64    (0) 1110  
  115   12.9  3.9  0.0  Sniffles2.INS.4CAS23      1   205    (1) + (AT)n          Simple_repeat          1    213    (0) 1111  
   29    9.3  3.4  1.7  Sniffles2.INS.4CAS31      1    59    (3) + (AT)n          Simple_repeat          1     60    (0) 1112  
   45   24.3  0.0  5.7  Sniffles2.INS.4CDS23      9   156    (1) + (AATA)n        Simple_repeat          1    140    (0) 1113  
   50    2.0  0.0  0.0  Sniffles2.INS.4CES22      1    50    (0) + (T)n           Simple_repeat          1     50    (0) 1114  
   38    5.0  0.0  0.0  Sniffles2.INS.4CS17       1    42   (29) + (TA)n          Simple_repeat          1     42    (0) 1115  
  256   25.4  0.0  0.0  Sniffles2.INS.4CS2B       1    55    (4) + FRAM           SINE/Alu              90    144   (22) 1116  
  256    8.8 10.4  5.2  Sniffles2.INS.4D1S39    158   234   (57) + L1PA17         LINE/L1             6075   6153    (3) 1117  
   47    0.0  2.0  2.0  Sniffles2.INS.4D2S23      1    51    (0) + (AAGA)n        Simple_repeat          1     51    (0) 1118  
   43    0.0  7.8  0.0  Sniffles2.INS.4D2S38      1    51    (1) + (AT)n          Simple_repeat          1     55    (0) 1119  
   23   21.4  0.0  0.0  Sniffles2.INS.4D4S22      1    54    (0) + (ATAT)n        Simple_repeat          1     54    (0) 1120  
   35    0.0 10.0  0.0  Sniffles2.INS.4D9S39      4    53    (0) + (TTCT)n        Simple_repeat          1     55    (0) 1121  
   53    0.0  0.0  0.0  Sniffles2.INS.4D9S3A      9    56    (0) + (CCTT)n        Simple_repeat          1     48    (0) 1122  
   71   24.5  3.1  0.0  Sniffles2.INS.4DAS23      4   195    (1) + (TG)n          Simple_repeat          1    198    (0) 1123  
   38    5.2  3.1  3.1  Sniffles2.INS.4DBS31      2    65    (0) + (AAAG)n        Simple_repeat          1     64    (0) 1124  
  648    6.4  0.3  6.2  Sniffles2.INS.4DDS1       1   186    (0) C SVA_F          Retroposon/SVA     (518)    857    581 1125  
   12   22.4  2.7  0.0  Sniffles2.INS.4DES38     52    88    (4) + (CAGCCCT)n     Simple_repeat          1     38    (0) 1126  
   62   21.5  8.1  1.3  Sniffles2.INS.4DES39      1   223    (3) + (AT)n          Simple_repeat          1    238    (0) 1127  
  518    2.6  0.0  1.3  Sniffles2.INS.4DFS1       1    77    (2) C SVA_F          Retroposon/SVA     (523)    852    777 1128  
   60    0.0  3.3  0.0  Sniffles2.INS.4DS23       1    61    (0) + (TTTC)n        Simple_repeat          1     63    (0) 1129  
 1286   10.5  0.5  0.1  Sniffles2.INS.4DS58       1  1875    (0) + ALR/Alpha      Satellite/centr        1   1882    (0) 1130  
 1113   15.0  0.3  0.1  Sniffles2.INS.4DSB0       1   510    (1) + ALR/Alpha      Satellite/centr        1    511    (0) 1131  
 1139    9.2  4.3  5.6  Sniffles2.INS.4E1S3A      1   254    (0) C SVA_E          Retroposon/SVA     (545)    837    587 1132  
  240   19.7  0.0  4.5  Sniffles2.INS.4E8S38      1    69    (5) + L1MC           LINE/L1             3866   3931 (2215) 1133  
   51    0.0  2.0  0.0  Sniffles2.INS.4EBS35      1    50    (0) + (TTCT)n        Simple_repeat          1     51    (0) 1134  
   17    5.0  0.0  0.0  Sniffles2.INS.4EDS39      1    21   (47) + (TG)n          Simple_repeat          1     21    (0) 1135  
   31    5.3  6.2  4.5  Sniffles2.INS.4EES23      3    67    (5) + GA-rich        Low_complexity         1     66    (0) 1136  
   62    1.8  0.0  0.0  Sniffles2.INS.4EFS31    149   205  (415) + (TG)n          Simple_repeat          1     57    (0) 1137  
  301   20.0  1.7  0.0  Sniffles2.INS.4ES2B      11    70    (3) + Alu            SINE/Alu             229    289   (13) 1138  
  856   12.9  0.0  0.5  Sniffles2.INS.4ESBD       2   204    (1) C BSR/Beta       Satellite           (57)    201      1 1139  
  567    4.0  2.5  1.9  Sniffles2.INS.4F0S2       1   727    (0) + (AT)n          Simple_repeat          1    731    (0) 1140  
  225   30.3  0.0  1.3  Sniffles2.INS.4F1S31      1    77   (86) C SVA_A          Retroposon/SVA    (1284)    103     28 1141  
  578   11.9  2.1  8.8  Sniffles2.INS.4F1S31     78   159    (4) + AluJb          SINE/Alu              85    301    (1) 1142  
   36    0.0  0.0  0.0  Sniffles2.INS.4F2S38      1    31   (19) + (TA)n          Simple_repeat          1     31    (0) 1143  
   17    0.0  0.0  0.0  Sniffles2.INS.4F2S38     32    50    (0) + (T)n           Simple_repeat          1     19    (0) 1144  
  339   14.0 12.3  0.0  Sniffles2.INS.4F5S1       3    59    (0) + AluSx          SINE/Alu              16     79  (223) 1145  
   29   18.4  1.6  0.0  Sniffles2.INS.4F5S2       1    62    (0) + (ATAT)n        Simple_repeat          1     63    (0) 1146  
   57   16.9  3.3  0.0  Sniffles2.INS.4F6S2       3   122    (0) + (TATA)n        Simple_repeat          1    124    (0) 1147  
   19   11.8  2.7  0.0  Sniffles2.INS.4F9S4       1    37   (10) + (GGGCCGA)n     Simple_repeat          1     38    (0) 1148  
  839    8.7  0.0  0.0  Sniffles2.INS.4FBS22      1   115    (1) C SVA_B          Retroposon/SVA     (745)    638    524 1149  
  536    9.6  0.0  2.7  Sniffles2.INS.4FBS38      7    81    (0) + AluY           SINE/Alu              90    162  (139) 1150  
  391   16.7  0.0  0.0  Sniffles2.INS.4FSBD       2    67    (1) C BSR/Beta       Satellite           (38)     98     33 1151  
 5241    3.9  0.2  0.0  Sniffles2.INS.4S1F        4   626  (646) C L1PA2          LINE/L1              (4)   6151   5528 1152  
 4255    3.1  0.8  0.0  Sniffles2.INS.4S1F      627  1272    (0) + L1PA2          LINE/L1             4876   5524  (631) 1152  
  980   16.7  0.1  0.4  Sniffles2.INS.4S2F        1   341    (0) + ALR/Alpha      Satellite/centr        1    340    (0) 1153  
  967   14.7  1.7  0.0  Sniffles2.INS.4S30        1   338    (0) + ALR/Alpha      Satellite/centr        1    343    (0) 1154  
   12   19.9  0.0  0.0  Sniffles2.INS.4S34        6    34  (898) + (TTTAT)n       Simple_repeat          1     29    (0) 1155  
 6480    1.1  0.0  0.3  Sniffles2.INS.4S34       35   756  (176) C L1HS           LINE/L1              (0)   6155   5436 1156  
   18   19.6  0.0  0.0  Sniffles2.INS.4S34      757   791  (141) + A-rich         Low_complexity         1     35    (0) 1157  
 1272   13.1  2.4  2.7  Sniffles2.INS.4S36        2  1150    (0) C ALR/Alpha      Satellite/centr     (19)   1145      1 1158  
  807   12.8  0.0  5.3  Sniffles2.INS.4S8         4   201    (1) + BSR/Beta       Satellite              1    187    (0) 1159  
  134   15.0  0.0  0.4  Sniffles2.INS.4SA7        3   232  (507) + (TCTCTC)n      Simple_repeat          1    229    (0) 1160  
   35    0.0  0.0  0.0  Sniffles2.INS.4SA7      237   269  (470) + (CTCC)n        Simple_repeat          1     33    (0) 1161  
   17   27.1  0.0  0.0  Sniffles2.INS.4SA7      696   739    (0) + (TT)n          Simple_repeat          1     44    (0) 1162  
  843    5.2  1.4  0.0  Sniffles2.INS.4SA8        1   143    (0) C ACRO1          Satellite/acro      (49)    145      1 1163  
 2962    0.6  0.0  0.0  Sniffles2.INS.4SB7       12   325    (0) C AluYb8         SINE/Alu             (3)    315      2 1164  
   22   20.8  0.0  0.0  Sniffles2.INS.4SB9        1    50    (5) + (CCATT)n       Simple_repeat          1     50    (0) 1165  
   21   23.8  0.0  0.0  Sniffles2.INS.4SBD        1    54    (0) + (TCCAT)n       Simple_repeat          1     54    (0) 1166  
   59    0.0  3.3  0.0  Sniffles2.INS.506S38      1    60    (0) + (TTTC)n        Simple_repeat          1     62    (0) 1167  
   55    0.0  3.3  1.6  Sniffles2.INS.507S1       2    62    (0) + (AAGA)n        Simple_repeat          1     62    (0) 1168  
  419    0.0  2.5  0.7  Sniffles2.INS.50BS38      1   406    (0) + (AAGGA)n       Simple_repeat          1    413    (0) 1169  
   26   20.3  4.2  1.4  Sniffles2.INS.50DS38      3    74    (2) + (CAT)n         Simple_repeat          1     74    (0) 1170  
  118    0.0  7.2  0.0  Sniffles2.INS.50ES4       1   138    (0) + (GGAGT)n       Simple_repeat          1    148    (0) 1171  
  394   13.8  0.0  0.0  Sniffles2.INS.50SBD       4    68    (1) C BSR/Beta       Satellite            (6)    130     66 1172  
  509   16.5  8.2  0.0  Sniffles2.INS.510S31     11   107   (25) C MER63A         DNA/hAT-Tip100       (0)    210    106 1173  
  451    3.0  6.9  0.1  Sniffles2.INS.515S3A      1   653    (2) + (GA)n          Simple_repeat          1    697    (0) 1174  
   60   18.1  5.2  1.3  Sniffles2.INS.519S2       2   154    (0) + (AT)n          Simple_repeat          1    159    (0) 1175  
  285    4.3  0.0  2.1  Sniffles2.INS.519S22      2    49    (2) + SVA_F          Retroposon/SVA       705    751  (624) 1176  
   96   11.3  5.8  0.0  Sniffles2.INS.519S39      1   174    (0) + (TA)n          Simple_repeat          1    184    (0) 1177  
   34   13.3  8.4  0.0  Sniffles2.INS.51AS35      2    84   (16) + (GTGTGT)n      Simple_repeat          1     90    (0) 1178  
 1526   11.4  2.4  2.4  Sniffles2.INS.51FS22      1   251    (0) + THE1B          LTR/ERVL-MaLR         50    300   (64) 1179  
  313   19.6  3.6  0.0  Sniffles2.INS.51S2B       2    57    (0) + FRAM           SINE/Alu             102    159   (17) 1180  
 1105    8.7  0.8  0.0  Sniffles2.INS.51S58       3   169    (1) C ALR/Alpha      Satellite/centr     (17)    168      1 1181  
   34   10.0  1.8  0.0  Sniffles2.INS.520S2       1    55    (1) + (AT)n          Simple_repeat          1     56    (0) 1182  
   29    2.1  5.5  5.5  Sniffles2.INS.522S1       1    55    (0) + (TTCT)n        Simple_repeat          1     55    (0) 1183  
  121   13.3  5.0  0.8  Sniffles2.INS.525S23      4   245    (0) + (TCCC)n        Simple_repeat          1    252    (0) 1184  
  519   18.0  5.4  0.8  Sniffles2.INS.526S38     12   123    (4) + FRAM           SINE/Alu              45    161    (5) 1185  
  745    8.8  0.0  0.0  Sniffles2.INS.527S23      3    93    (2) C AluSx4         SINE/Alu           (155)    155     65 1186  
   34    0.0  0.0  0.0  Sniffles2.INS.528S1       1    32   (21) + (AGGA)n        Simple_repeat          1     32    (0) 1187  
   16    0.0  0.0  0.0  Sniffles2.INS.528S1      33    53    (0) + (GGGA)n        Simple_repeat          1     21    (0) 1188  
  525   13.9  0.0  0.0  Sniffles2.INS.52AS22     39   110    (0) + AluSp          SINE/Alu               1     72  (241) 1189  
   49    1.8  0.0  0.0  Sniffles2.INS.52ES2       1    56    (0) + (A)n           Simple_repeat          1     56    (0) 1190  
   27   21.2  0.0  0.0  Sniffles2.INS.52ES35      1    52    (0) + G-rich         Low_complexity         1     52    (0) 1191  
   26   17.4  0.0  3.7  Sniffles2.INS.52FS31      2    57    (5) + (TA)n          Simple_repeat          1     54    (0) 1192  
  354   15.3 10.3  2.1  Sniffles2.INS.52FS35     10    96   (15) + AluSx          SINE/Alu             208    301    (1) 1193  
  261   15.8  0.0  0.0  Sniffles2.INS.52S2B       4    41    (9) + Alu            SINE/Alu             232    269   (32) 1194  
  334   15.2  1.5  1.5  Sniffles2.INS.52S8        1    67    (1) C BSR/Beta       Satellite           (53)     83     17 1195  
  279   22.1  0.0  1.5  Sniffles2.INS.52SBD       1    69    (0) C BSR/Beta       Satellite            (4)    132     65 1196  
   24    6.5  0.0  0.0  Sniffles2.INS.52SBF       1    32 (1180) + (TC)n          Simple_repeat          1     32    (0) 1197  
   38    2.8  0.0  0.0  Sniffles2.INS.52SBF      88   124 (1088) + (CT)n          Simple_repeat          1     37    (0) 1198  
   43    2.5  0.0  0.0  Sniffles2.INS.52SBF     180   220  (992) + (CT)n          Simple_repeat          1     41    (0) 1198  
   12   13.9  0.0  0.0  Sniffles2.INS.52SBF     257   280  (932) + (GTCT)n        Simple_repeat          1     24    (0) 1199  
   33    5.6  0.0  0.0  Sniffles2.INS.52SBF     287   323  (889) + (CT)n          Simple_repeat          1     37    (0) 1200  
   33    7.5  0.0  0.0  Sniffles2.INS.52SBF     381   422  (790) + (TC)n          Simple_repeat          1     42    (0) 1201  
   12   13.9  0.0  0.0  Sniffles2.INS.52SBF     459   482  (730) + (GTCT)n        Simple_repeat          1     24    (0) 1202  
   40    4.8  0.0  0.0  Sniffles2.INS.52SBF     489   531  (681) + (CT)n          Simple_repeat          1     43    (0) 1203  
   33    7.5  0.0  0.0  Sniffles2.INS.52SBF     589   630  (582) + (TC)n          Simple_repeat          1     42    (0) 1204  
   12   13.9  0.0  0.0  Sniffles2.INS.52SBF     667   690  (522) + (GTCT)n        Simple_repeat          1     24    (0) 1205  
   33    5.6  0.0  0.0  Sniffles2.INS.52SBF     697   733  (479) + (CT)n          Simple_repeat          1     37    (0) 1206  
   33    7.5  0.0  0.0  Sniffles2.INS.52SBF     791   832  (380) + (TC)n          Simple_repeat          1     42    (0) 1207  
   12   13.9  0.0  0.0  Sniffles2.INS.52SBF     869   892  (320) + (GTCT)n        Simple_repeat          1     24    (0) 1208  
   30    6.0  0.0  0.0  Sniffles2.INS.52SBF     899   933  (279) + (CT)n          Simple_repeat          1     35    (0) 1209  
   33    7.5  0.0  0.0  Sniffles2.INS.52SBF     991  1032  (180) + (TC)n          Simple_repeat          1     42    (0) 1210  
   12   13.9  0.0  0.0  Sniffles2.INS.52SBF    1069  1092  (120) + (GTCT)n        Simple_repeat          1     24    (0) 1211  
   30    6.0  0.0  0.0  Sniffles2.INS.52SBF    1099  1133   (79) + (CT)n          Simple_repeat          1     35    (0) 1212  
   17   20.1  0.0  0.0  Sniffles2.INS.52SBF    1170  1212    (0) + (GTCT)n        Simple_repeat          1     43    (0) 1213  
   33    2.0  8.0  0.0  Sniffles2.INS.531S38      1    50    (0) + (ATTATATAC)n   Simple_repeat          1     54    (0) 1214  
  551    0.0  0.2  0.8  Sniffles2.INS.532S1       1   490    (1) + (AGAA)n        Simple_repeat          1    487    (0) 1215  
  626   11.0  0.0  0.0  Sniffles2.INS.534S39      2    83    (0) + AluSg          SINE/Alu               1     82  (228) 1216  
   93   29.5  0.4  0.4  Sniffles2.INS.538S1       4   270    (5) + (AT)n          Simple_repeat          1    267    (0) 1217  
   45    0.0  2.0  2.0  Sniffles2.INS.539S23      7    55    (0) + (CTTC)n        Simple_repeat          1     49    (0) 1218  
   95    0.0  4.2  0.0  Sniffles2.INS.539S39      1    95    (0) + (TA)n          Simple_repeat          1     99    (0) 1219  
   23   14.7  0.0  4.1  Sniffles2.INS.53AS23      1    51    (0) + (TTTC)n        Simple_repeat          1     49    (0) 1220  
   61    0.0  0.0  3.4  Sniffles2.INS.53BS23      3    63    (0) + (AT)n          Simple_repeat          1     59    (0) 1221  
   15   17.2  7.7  0.0  Sniffles2.INS.53CS23      8    46   (31) + (TG)n          Simple_repeat          1     42    (0) 1222  
   25   10.7  2.8  8.8  Sniffles2.INS.53S0        1    72    (5) + (CCCAGC)n      Simple_repeat          1     68    (0) 1223  
  671   10.5  9.7  0.0  Sniffles2.INS.53S25       9   132    (0) + MER51-int      LTR/ERV1            4946   5081 (2735) 1224  
  256   14.4  8.3  2.8  Sniffles2.INS.53S31      11   734   (11) + (GT)n          Simple_repeat          1    763    (0) 1225  
  942   11.5  0.0  0.3  Sniffles2.INS.53S8        5   204    (0) C BSR/Beta       Satellite           (30)    199      1 1226  
  998   15.6  1.0  0.1  Sniffles2.INS.545S33      1   678    (0) C ALR/Alpha      Satellite/centr     (67)    684      1 1227  
   18   21.2  5.7  1.8  Sniffles2.INS.548S38      3    55    (7) + (AT)n          Simple_repeat          1     55    (0) 1228  
   34    7.5  0.0  0.0  Sniffles2.INS.54ES39      5    47    (3) + (AT)n          Simple_repeat          1     43    (0) 1229  
  539   26.0 12.8  1.6  Sniffles2.INS.54S25      44   262  (760) C MER20B         DNA/hAT-Charlie    (422)    361    119 1230  
 2090   15.8  0.3  0.0  Sniffles2.INS.54S25     539   849  (173) C AluSz6         SINE/Alu             (0)    312      1 1231  
  312   26.5  0.0  0.0  Sniffles2.INS.54S25     955  1022    (0) C Tigger5b       DNA/TcMar-Tigger     (0)    472    405 1232  
   99    5.2  4.3  0.0  Sniffles2.INS.550S22      2   140    (1) + (CATGAGA)n     Simple_repeat          1    145    (0) 1233  
   30    0.0  0.0  0.0  Sniffles2.INS.552S31      1    28  (120) + (AAGG)n        Simple_repeat          1     28    (0) 1234  
   46   19.1  0.9  2.9  Sniffles2.INS.552S31     39   144    (4) + GA-rich        Low_complexity         1    104    (0) 1235  
   51   10.6  5.8  0.9  Sniffles2.INS.552S39      1   103    (4) + (TATTATA)n     Simple_repeat          1    108    (0) 1236  
  347   13.6  4.5  0.0  Sniffles2.INS.553S23     19    84    (1) + MADE1          DNA/TcMar-Mariner      6     74    (6) 1237  
 2203   10.6  3.3  4.7  Sniffles2.INS.55AS2      24   413    (2) + L1PBa1         LINE/L1             1551   2028 (4907) 1238  
  351    0.3  2.1  0.3  Sniffles2.INS.55CS38      3   333    (0) + (AT)n          Simple_repeat          1    337    (0) 1239  
  149    5.8  8.4  0.3  Sniffles2.INS.55FS22      1   287    (0) + (TA)n          Simple_repeat          1    310    (0) 1240  
   39   16.6  3.2  3.2  Sniffles2.INS.55FS31      1    93    (1) + (TA)n          Simple_repeat          1     93    (0) 1241  
   89    0.0  0.0  0.0  Sniffles2.INS.55FS39      1    97    (0) + (A)n           Simple_repeat          1     97    (0) 1242  
  356    9.6  0.0  0.0  Sniffles2.INS.55S25       1    52   (21) C L1P1           LINE/L1           (6101)     54      3 1243  
  839   13.8  3.2  0.5  Sniffles2.INS.55SBD       2   406    (1) C BSR/Beta       Satellite           (18)    416      1 1244  
   32   19.6  0.0  6.8  Sniffles2.INS.560S23      3    96    (6) + (AGAT)n        Simple_repeat          1     88    (0) 1245  
  339    5.4  5.4  0.0  Sniffles2.INS.560S39      1    56    (1) C L1P3           LINE/L1           (3201)   2945   2887 1246  
   44    1.9  3.9  0.0  Sniffles2.INS.567S22      4    55    (0) + (TATATCTA)n    Simple_repeat          1     54    (0) 1247  
   41   13.5  1.9  8.1  Sniffles2.INS.56AS31      1   105   (11) + (TA)n          Simple_repeat          1     99    (0) 1248  
   22   23.7  1.9  0.0  Sniffles2.INS.56BS33      1    52    (6) + (AT)n          Simple_repeat          1     53    (0) 1249  
   56    4.8  1.5  0.0  Sniffles2.INS.56BS39      1    65    (0) + (TA)n          Simple_repeat          1     66    (0) 1250  
   24   21.9  1.9  0.0  Sniffles2.INS.56CS33      5    58    (1) + (TA)n          Simple_repeat          1     55    (0) 1251  
   35    2.8  0.0  0.0  Sniffles2.INS.56DS39     28    64    (0) + (T)n           Simple_repeat          1     37    (0) 1252  
  580   10.8 11.5  1.6  Sniffles2.INS.56FS1       1   113   (12) C L1M4           LINE/L1            (981)   5165   5042 1253  
   51    0.0  0.0  3.8  Sniffles2.INS.56FS3A      1    55    (0) + (CTTT)n        Simple_repeat          1     53    (0) 1254  
  517    6.1  0.0  0.0  Sniffles2.INS.56S25       1    66    (0) + MER9a1         LTR/ERVK             229    294  (219) 1255  
  989   13.6  0.3  2.0  Sniffles2.INS.56SBD       3  1092    (1) C BSR/Beta       Satellite            (4)   1071      1 1256  
   76    0.0  2.8  0.0  Sniffles2.INS.570S22      1    72    (0) + (AT)n          Simple_repeat          1     74    (0) 1257  
   43    2.5  0.0  0.0  Sniffles2.INS.572S4       1    41    (9) + (TA)n          Simple_repeat          1     41    (0) 1258  
  186    6.5  3.0  5.6  Sniffles2.INS.575S1       7   406   (29) + (GGAT)n        Simple_repeat          1    390    (0) 1259  
   28    6.6  8.3  0.0  Sniffles2.INS.575S2       1    48    (2) + (TA)n          Simple_repeat          1     52    (0) 1260  
 1030   13.5  1.0  0.1  Sniffles2.INS.577S1       1   403    (0) + ALR/Alpha      Satellite/centr        1    406    (0) 1261  
   23    9.1  6.0  1.9  Sniffles2.INS.577S23      1    50    (0) + (TCCT)n        Simple_repeat          1     52    (0) 1262  
   30    6.6 10.9  0.0  Sniffles2.INS.57AS3A      5    68    (6) + (TATTATA)n     Simple_repeat          1     71    (0) 1263  
   46    4.1  0.0  0.0  Sniffles2.INS.57DS33      1    51    (1) + (TTCT)n        Simple_repeat          1     51    (0) 1264  
   35    8.4  0.0  0.0  Sniffles2.INS.581S33      1    51    (5) + (GGATGGAA)n    Simple_repeat          1     51    (0) 1265  
  495   11.7  1.3  0.0  Sniffles2.INS.581S38     13    89  (140) C HERVE-int      LTR/ERV1          (4487)   3326   3249 1266  
   19   29.4  2.3  2.3  Sniffles2.INS.582S1       1    86    (1) + (TGT)n         Simple_repeat          1     86    (0) 1267  
  387    4.8  3.2  1.6  Sniffles2.INS.583S38     20    82    (0) + Alu            SINE/Alu               1     64  (237) 1268  
   14   11.7  7.7  2.4  Sniffles2.INS.589S0       7    45    (0) + (GCC)n         Simple_repeat          1     41    (0) 1269  
  372    9.3  5.6  0.0  Sniffles2.INS.58AS2       3    56    (1) + MER52-int      LTR/ERV1            6064   6120  (971) 1270  
 2874    1.0  0.0  0.0  Sniffles2.INS.58ES0       9   314    (0) C AluY           SINE/Alu             (5)    306      1 1271  
  605    1.5  1.4  8.2  Sniffles2.INS.58ES3A      4   146    (1) + SVA_E          Retroposon/SVA       646    779  (603) 1272  
  523    6.1  0.0  0.0  Sniffles2.INS.58S25       1    66    (0) C MER9a1         LTR/ERVK           (214)    299    234 1273  
   16   21.7  0.0  0.0  Sniffles2.INS.590S0      16    47   (17) + (T)n           Simple_repeat          1     32    (0) 1274  
   35    1.6 11.3  0.0  Sniffles2.INS.590S3A      3    64    (0) + (AGAA)n        Simple_repeat          1     69    (0) 1275  
   43    0.0  7.5  0.0  Sniffles2.INS.591S2       1    53    (0) + (CTTT)n        Simple_repeat          1     57    (0) 1276  
   21    0.0  0.0  0.0  Sniffles2.INS.592S38      5    27   (41) + (A)n           Simple_repeat          1     23    (0) 1277  
   17   17.5  4.4  0.0  Sniffles2.INS.593S3A      8    52    (0) + (CATGTA)n      Simple_repeat          1     47    (0) 1278  
 1090    0.4  1.3  0.1  Sniffles2.INS.594S33      1   990    (0) + (AT)n          Simple_repeat          1   1002    (0) 1279  
   48    6.3 12.0  3.7  Sniffles2.INS.595S31      1   125    (3) + (GT)n          Simple_repeat          1    135    (0) 1280  
   17   26.0  2.0  0.0  Sniffles2.INS.599S1       2    52    (0) + (CCT)n         Simple_repeat          1     52    (0) 1281  
   41    1.8  7.0  0.0  Sniffles2.INS.599S39      1    57    (0) + (ATATATCAT)n   Simple_repeat          1     61    (0) 1282  
 1042   16.8  1.9  0.0  Sniffles2.INS.59S25       1   525  (384) C ALR/Alpha      Satellite/centr      (5)    534      1 1283  
 3095    4.1  0.0  0.0  Sniffles2.INS.59S25     541   906    (3) + L1PA3          LINE/L1             5785   6150    (5) 1284  
  250   25.0  3.1  0.0  Sniffles2.INS.59S2B       1    64  (118) + FRAM           SINE/Alu              89    154   (12) 1285  
  373   16.1  0.0  0.0  Sniffles2.INS.59S2B     119   174    (8) + Alu            SINE/Alu              89    144   (22) 1286  
 1245   13.1  0.2  0.4  Sniffles2.INS.59S58       2  3866    (2) C ALR/Alpha      Satellite/centr     (16)   3858      1 1287  
  728   16.6  1.2  0.4  Sniffles2.INS.59SB0       1   162    (7) + ALR/Alpha      Satellite/centr        1    163    (0) 1288  
  717   14.9  0.0  0.5  Sniffles2.INS.59SBD       2   136    (1) + BSR/Beta       Satellite              1    134    (0) 1289  
   68    9.5  7.3  0.0  Sniffles2.INS.5A3S39      1   124    (1) + (TA)n          Simple_repeat          1    133    (0) 1290  
  554    5.2  1.0  1.0  Sniffles2.INS.5A3S3A     12   109    (0) C SVA_F          Retroposon/SVA     (592)    783    686 1291  
   32    1.9 11.3  0.0  Sniffles2.INS.5A6S33      2    54    (0) + (TA)n          Simple_repeat          1     59    (0) 1292  
   30   13.1  4.2  2.8  Sniffles2.INS.5A9S1       1    71    (7) + (ATTATAT)n     Simple_repeat          1     72    (0) 1293  
   40    1.9  5.2  3.4  Sniffles2.INS.5AAS1       5    62    (3) + (AT)n          Simple_repeat          1     59    (0) 1294  
   25   16.5  1.9  0.0  Sniffles2.INS.5ABS1       1    54    (0) + (ATTATAT)n     Simple_repeat          1     55    (0) 1295  
  477    2.4  1.2  1.2  Sniffles2.INS.5ABS2       5    89    (0) C SVA_F          Retroposon/SVA     (592)    783    699 1296  
 1712    6.4  0.9  0.0  Sniffles2.INS.5AS25       1   220    (0) + L1PA3          LINE/L1             5862   6083   (72) 1297  
   12   28.7  0.0  0.0  Sniffles2.INS.5AS2B       7    48    (7) + (GAATG)n       Simple_repeat          1     42    (0) 1298  
 1245   13.2  0.2  0.4  Sniffles2.INS.5AS58       2  3867    (2) C ALR/Alpha      Satellite/centr     (16)   3859      1 1299  
  756   15.1  2.9  5.6  Sniffles2.INS.5ASBD       1   269    (1) + BSR/Beta       Satellite              1    261    (0) 1300  
 1155    8.9  0.0  5.5  Sniffles2.INS.5ASC0       1   178    (1) + AluSx          SINE/Alu              20    302    (0) 1301  
  977    4.7  1.0  4.5  Sniffles2.INS.5B0S2       1   273    (0) C SVA_A          Retroposon/SVA     (520)    855    549 1302  
  127   12.1  4.8  1.2  Sniffles2.INS.5B6S33      2   250    (2) + (ATATT)n       Simple_repeat          1    258    (0) 1303  
 2722    2.0  0.0  4.9  Sniffles2.INS.5B8S0      17   339    (0) + AluY           SINE/Alu               1    308    (3) 1304  
   30   21.2  0.0  0.0  Sniffles2.INS.5B8S38      1    65   (10) + (CCA)n         Simple_repeat          1     65    (0) 1305  
   27   18.4  1.9  0.0  Sniffles2.INS.5BAS33      7    58    (1) + (TA)n          Simple_repeat          1     53    (0) 1306  
 1413    4.8  1.7  9.6  Sniffles2.INS.5BCS39      1   349    (3) C SVA_E          Retroposon/SVA     (544)    838    515 1307  
  240    9.9  2.7  0.4  Sniffles2.INS.5BDS33      1    54    (3) C L1P5           LINE/L1            (657)   5494   5440 1308  
   29    6.4  1.9  3.9  Sniffles2.INS.5BFS0       1    58    (0) + (TATATTA)n     Simple_repeat          1     56    (0) 1309  
 3122    3.8  0.0  0.0  Sniffles2.INS.5BS25      35   400    (2) + L1PA3          LINE/L1             5785   6150    (5) 1310  
   24   27.4  4.8  0.0  Sniffles2.INS.5C0S39      1    84    (3) + (AT)n          Simple_repeat          1     88    (0) 1311  
  389    0.0  0.3  0.0  Sniffles2.INS.5C3S0       1   333    (1) + (TA)n          Simple_repeat          1    334    (0) 1312  
   29    7.9  0.0  0.0  Sniffles2.INS.5C6S23     17    57   (10) + (GGTG)n        Simple_repeat          1     41    (0) 1313  
   15    5.6  0.0  0.0  Sniffles2.INS.5C7S2       1    19  (167) + (TG)n          Simple_repeat          1     19    (0) 1314  
  245   15.6 13.3  0.0  Sniffles2.INS.5C7S2      25    69  (117) C MLT1B          LTR/ERVL-MaLR      (195)    195    145 1315  
   33    3.1  0.0  0.0  Sniffles2.INS.5C7S2      70   102   (84) + (TG)n          Simple_repeat          1     33    (0) 1316  
  281   12.8 12.8  0.0  Sniffles2.INS.5C7S2     112   158   (28) C MLT1B          LTR/ERVL-MaLR      (195)    195    143 1317  
   22    3.9  0.0  0.0  Sniffles2.INS.5C7S2     159   185    (1) + (TG)n          Simple_repeat          1     27    (0) 1318  
  265    0.0  0.0  0.0  Sniffles2.INS.5CAS31      1   227   (14) + (T)n           Simple_repeat          1    227    (0) 1319  
   49   18.4  4.0  1.6  Sniffles2.INS.5CES23      7   132    (3) + (CCTC)n        Simple_repeat          1    129    (0) 1320  
  147   15.4  2.3  2.3  Sniffles2.INS.5CFS23      1   307    (1) + (TCCC)n        Simple_repeat          1    307    (0) 1321  
   57    0.0  4.9  0.0  Sniffles2.INS.5CS23       1    61    (0) + (AAG)n         Simple_repeat          1     64    (0) 1322  
  388   20.2  1.2  0.0  Sniffles2.INS.5CS25      16    99    (0) C ALR/Alpha      Satellite/centr     (40)    131     47 1323  
  326   17.4  0.0  0.0  Sniffles2.INS.5CS2B       3    48    (4) + FRAM           SINE/Alu              99    144   (32) 1324  
  287    1.4 25.7  0.0  Sniffles2.INS.5CS31       1    70    (0) + AluY           SINE/Alu             168    255   (46) 1325  
   15   34.7  0.0  0.0  Sniffles2.INS.5D1S0       1    65   (18) + (ATGT)n        Simple_repeat          1     65    (0) 1326  
   45    0.0  8.9  0.0  Sniffles2.INS.5D4S22      1    56    (1) + (AT)n          Simple_repeat          1     61    (0) 1327  
   28    7.6  0.0 11.3  Sniffles2.INS.5D4S3A      1    69    (1) + (GTCTCT)n      Simple_repeat          1     62    (0) 1328  
   45   16.8  0.8  7.1  Sniffles2.INS.5DCS3A     12   131    (2) + (CCTT)n        Simple_repeat          1    113    (0) 1329  
   62    0.0  0.0  0.0  Sniffles2.INS.5DDS39      1    67    (0) + (A)n           Simple_repeat          1     67    (0) 1330  
  865   21.7  0.0  0.0  Sniffles2.INS.5DS25       2   170    (1) C ALR/Alpha      Satellite/centr     (77)    169      1 1331  
  280   17.1  0.0  0.0  Sniffles2.INS.5DS2B       2    42    (4) + FRAM           SINE/Alu             104    144   (32) 1332  
   39   15.5  5.0  0.0  Sniffles2.INS.5E1S2       2    81    (1) + (TA)n          Simple_repeat          1     84    (0) 1333  
  667    7.6  0.0  0.0  Sniffles2.INS.5E1S33      1    79    (2) C AluY           SINE/Alu            (23)    288    210 1334  
   93    1.2  0.0  0.0  Sniffles2.INS.5E2S22      2    87    (0) + (G)n           Simple_repeat          1     86    (0) 1335  
   34   14.7  0.0  0.0  Sniffles2.INS.5E5S2       1    55    (1) + (TA)n          Simple_repeat          1     55    (0) 1336  
  830    0.1  0.7  0.0  Sniffles2.INS.5E5S3A      1   724    (0) + (AT)n          Simple_repeat          1    729    (0) 1337  
   31   11.8  3.5  0.0  Sniffles2.INS.5E6S33      1    57    (0) + (TCCT)n        Simple_repeat          1     59    (0) 1338  
   46    3.4  1.6  0.0  Sniffles2.INS.5E7S39      1    61    (0) + (AGAA)n        Simple_repeat          1     62    (0) 1339  
   30    0.0  0.0  0.0  Sniffles2.INS.5E7S3A     26    53   (48) + (GATG)n        Simple_repeat          1     28    (0) 1340  
   16   18.1  0.0  0.0  Sniffles2.INS.5E7S3A     64    96    (5) + (GGAT)n        Simple_repeat          1     33    (0) 1341  
  748    6.0  0.0  4.0  Sniffles2.INS.5E8S33     68   172    (0) + L1P4           LINE/L1             5642   5742  (432) 1342  
   24   20.8  3.5  0.0  Sniffles2.INS.5EAS3A      2    58    (1) + (AT)n          Simple_repeat          1     59    (0) 1343  
 2007    0.5  0.5  0.0  Sniffles2.INS.5EBS33     19   233    (1) + AluYg6         SINE/Alu              86    301   (10) 1344  
  246   15.6  6.1  0.0  Sniffles2.INS.5ECS38     65   143  (209) C L1M5           LINE/L1            (749)   5493   5410 1345  
   27    0.0  0.0  0.0  Sniffles2.INS.5EDS33     76   101    (0) + (TTTA)n        Simple_repeat          1     26    (0) 1346  
  411   19.1  1.2  0.0  Sniffles2.INS.5ES25      10    93    (7) C ALR/Alpha      Satellite/centr     (40)    131     47 1347  
  242   22.9  0.0  0.0  Sniffles2.INS.5ES2B       2    49   (14) + Alu            SINE/Alu             232    279   (22) 1348  
  616    4.3  2.1  4.8  Sniffles2.INS.5F3S33      1   126    (0) + SVA_F          Retroposon/SVA       631    855  (520) 1349  
   18   15.2  5.5  3.6  Sniffles2.INS.5F3S3A      1    55    (1) + (GTG)n         Simple_repeat          1     56    (0) 1350  
  884    6.0  5.3 17.3  Sniffles2.INS.5F4S33      4   305   (22) + SVA_E          Retroposon/SVA       592    862  (520) 1351  
   18   20.6  2.0  4.2  Sniffles2.INS.5F9S33      1    49    (1) + (AT)n          Simple_repeat          1     48    (0) 1352  
  384    9.6  1.9  0.0  Sniffles2.INS.5FAS1       1    52    (0) C AluSg          SINE/Alu           (111)    199    147 1353  
   67    2.8  5.9  4.2  Sniffles2.INS.5FAS39      2   119    (0) + (TA)n          Simple_repeat          1    120    (0) 1354  
  259   11.8  3.9  0.0  Sniffles2.INS.5FES2       1    51  (105) C L1M4           LINE/L1           (1612)   4534   4482 1355  
  402   20.7  1.2  0.0  Sniffles2.INS.5FES2      71   152    (4) C L1M4           LINE/L1           (1526)   4620   4538 1356  
   36    8.9  5.6  0.0  Sniffles2.INS.5FFS1       1    72    (9) + (TG)n          Simple_repeat          1     76    (0) 1357  
  422   14.3  0.0  0.0  Sniffles2.INS.5FS25       1    70    (0) C ALR/Alpha      Satellite/centr     (56)    115     46 1358  
  318   13.5  0.0  0.0  Sniffles2.INS.5FS8        1    52    (1) C BSR/Beta       Satellite           (54)     82     31 1359  
   33   18.6  0.0  0.0  Sniffles2.INS.5S28        1    61    (0) + (CT)n          Simple_repeat          1     61    (0) 1360  
  237   23.3  1.7  0.0  Sniffles2.INS.5S2B        1    60    (0) + FRAM           SINE/Alu              93    153   (13) 1361  
 1007   16.6  0.2  0.0  Sniffles2.INS.5S30        1   339    (0) + ALR/Alpha      Satellite/centr        1    339    (0) 1362  
  980   15.5  0.3  0.6  Sniffles2.INS.5S36        1   341    (0) C ALR/Alpha      Satellite/centr     (28)    340      1 1363  
 1226   14.3  1.6  0.5  Sniffles2.INS.5S6         2  2539    (0) + ALR/Alpha      Satellite/centr        1   2564    (0) 1364  
  875   16.0  6.3  6.0  Sniffles2.INS.5S8         1   328  (140) + BSR/Beta       Satellite              1    328    (0) 1365  
  529   15.8  9.8  0.0  Sniffles2.INS.5S8       340   467    (1) + BSR/Beta       Satellite              1    140    (2) 1365  
   44    1.6  7.5  1.4  Sniffles2.INS.5SA5       10    76    (0) + (TTCT)n        Simple_repeat          1     71    (0) 1366  
   27   21.2  0.0  0.0  Sniffles2.INS.5SA7        1    60    (0) + (TCTC)n        Simple_repeat          1     60    (0) 1367  
 2953    0.6  0.0  0.0  Sniffles2.INS.5SB7       12   324    (0) C AluYb8         SINE/Alu             (4)    314      2 1368  
   21    9.5  0.0  0.0  Sniffles2.INS.5SBD        1    34   (21) + (ATTCC)n       Simple_repeat          1     34    (0) 1369  
 1250   15.1  0.6  0.5  Sniffles2.INS.5SF         1  2723    (7) + ALR/Alpha      Satellite/centr        1   2725    (0) 1370  
 1861   14.9  0.4  1.1  Sniffles2.INS.600S33      7   287   (18) C AluSg4         SINE/Alu            (31)    279      1 1371  
   42    2.8  9.7  0.0  Sniffles2.INS.602S33      1    72    (0) + (ATATATAT)n    Simple_repeat          1     79    (0) 1372  
  263   11.4  0.0  0.0  Sniffles2.INS.603S1      12    46   (12) + L1MD           LINE/L1             4506   4540 (1606) 1373  
   46    0.0  2.0  2.0  Sniffles2.INS.605S33      1    50    (0) + (AGAA)n        Simple_repeat          1     50    (0) 1374  
   60    4.3  4.8  3.8  Sniffles2.INS.606S33      1   105    (0) + (AAAG)n        Simple_repeat          1    106    (0) 1375  
   24   10.0  2.2  2.2  Sniffles2.INS.60DS0       4    49    (1) + (CCCCT)n       Simple_repeat          1     46    (0) 1376  
 1085   14.9  0.8  0.0  Sniffles2.INS.60S25       1   674    (2) C ALR/Alpha      Satellite/centr     (52)    679      1 1377  
  127   20.3  0.8  0.0  Sniffles2.INS.60S2B       1   262    (0) + (ATTCC)n       Simple_repeat          1    264    (0) 1378  
  503    4.8  0.0  0.0  Sniffles2.INS.60S58       1    63    (0) + ALR/Alpha      Satellite/centr       50    112   (59) 1379  
  379    5.8 12.9  1.3  Sniffles2.INS.612S0       1    70    (0) + L1P1           LINE/L1             2878   2955 (3191) 1380  
  331    0.0  6.8  0.0  Sniffles2.INS.615S33      1   368    (0) + (AT)n          Simple_repeat          1    393    (0) 1381  
   23    0.0  0.0  0.0  Sniffles2.INS.618S33     20    44    (9) + (A)n           Simple_repeat          1     25    (0) 1382  
  349    8.2  0.0  2.1  Sniffles2.INS.619S33      2    50    (0) C AluSz6         SINE/Alu           (170)    142     95 1383  
   30   21.1  0.0  0.0  Sniffles2.INS.61AS0       2    59    (1) + (TA)n          Simple_repeat          1     58    (0) 1384  
  964    9.9  1.9  2.6  Sniffles2.INS.61S13       1   156    (0) + SVA_B          Retroposon/SVA       454    608  (775) 1385  
 1065   14.1  1.0  0.5  Sniffles2.INS.61S25       2   337    (2) C ALR/Alpha      Satellite/centr     (58)    337      1 1386  
  711   17.0  0.8  0.0  Sniffles2.INS.61S58       1   150    (0) C ALR/Alpha      Satellite/centr     (73)    151      1 1387  
  577   17.9  1.0  0.5  Sniffles2.INS.61S8        1   135    (1) C BSR/Beta       Satellite           (51)    135      1 1388  
   29    6.5  4.2  0.0  Sniffles2.INS.622S0       4    51    (1) + (ATAGTAT)n     Simple_repeat          1     50    (0) 1389  
  234   34.0  1.0  0.0  Sniffles2.INS.624S0       7   109  (557) + MIR            SINE/MIR             153    256    (6) 1390  
  900   24.4 12.7  1.8  Sniffles2.INS.624S0     279   665    (1) + MLT1G3         LTR/ERVL-MaLR         21    472  (107) 1391  
  236    9.4  0.0  0.0  Sniffles2.INS.624S23     74   105  (541) C L1M5           LINE/L1           (1371)   4775   4744 1392 *
  286    8.2  0.0  0.5  Sniffles2.INS.624S23     99   143  (503) C L1M5           LINE/L1           (1360)   4786   4744 1392  
  236    9.4  0.0  0.0  Sniffles2.INS.624S23    188   219  (427) C L1M5           LINE/L1           (1371)   4775   4744 1392 *
  270   10.7  0.0  0.5  Sniffles2.INS.624S23    213   257  (389) C L1M5           LINE/L1           (1360)   4786   4744 1392  
  246    9.4  0.0  0.0  Sniffles2.INS.624S23    293   332  (314) C L1M5           LINE/L1           (1363)   4783   4744 1392  
  235   15.0  0.0  0.0  Sniffles2.INS.624S23    368   407  (239) C L1M5           LINE/L1           (1363)   4783   4744 1392  
  271   10.7  0.0  0.5  Sniffles2.INS.624S23    461   505  (141) C L1M5           LINE/L1           (1360)   4786   4744 1392  
  240   15.0  0.0  0.0  Sniffles2.INS.624S23    542   581   (65) C L1M5           LINE/L1           (1363)   4783   4744 1392 *
  270   10.7  0.0  0.5  Sniffles2.INS.624S23    575   619   (27) C L1M5           LINE/L1           (1360)   4786   4744 1392  
 1031   15.6  1.5  0.1  Sniffles2.INS.628S17      1   663   (12) C ALR/Alpha      Satellite/centr     (12)    672      1 1393  
  103   23.4  0.8  1.6  Sniffles2.INS.62CS22      1   247    (0) + A-rich         Low_complexity         1    245    (0) 1394  
 1096   24.6  0.1  8.3  Sniffles2.INS.62ES23      2   131  (165) C SVA_A          Retroposon/SVA     (961)    421    164 1395  
 1187   14.6  0.0  0.0  Sniffles2.INS.62ES23    132   296    (0) + AluSx          SINE/Alu               1    165  (137) 1396  
  469   18.9  0.0  0.0  Sniffles2.INS.62S25       3    92    (2) C ALR/Alpha      Satellite/centr     (36)    136     47 1397  
 1136   11.1 11.3  0.8  Sniffles2.INS.62S6        1   387    (2) + GSATII         Satellite/centr        1    427    (0) 1398  
  882   17.0  0.4  7.5  Sniffles2.INS.62S8        3   268    (1) C BSR/Beta       Satellite           (14)    247      1 1399  
   30    9.7  7.1  0.0  Sniffles2.INS.631S33      1    56    (4) + (AT)n          Simple_repeat          1     60    (0) 1400  
   27    8.9  5.9  1.9  Sniffles2.INS.632S33      2    52    (0) + (AT)n          Simple_repeat          1     53    (0) 1401  
   25   10.8  8.0  0.0  Sniffles2.INS.633S33      1    50    (0) + (TA)n          Simple_repeat          1     54    (0) 1402  
   37   16.2  4.1  4.1  Sniffles2.INS.635S38      4   100    (0) + (TG)n          Simple_repeat          1     97    (0) 1403  
  701   13.2 14.5  0.3  Sniffles2.INS.638S1       1   237    (0) + AluSx          SINE/Alu              17    215   (87) 1404  
 2843    1.0  0.3  0.3  Sniffles2.INS.638S33     16   326   (49) + AluYg6         SINE/Alu               1    311    (0) 1405  
   45    0.0  0.0  0.0  Sniffles2.INS.638S33    327   375    (0) + (A)n           Simple_repeat          1     49    (0) 1406  
   24   10.9  6.0  0.0  Sniffles2.INS.63BS2       1    50    (1) + (CACCAT)n      Simple_repeat          1     53    (0) 1407  
 1042   10.6  0.0  0.7  Sniffles2.INS.63CS1       1   152  (145) + AluSx          SINE/Alu             147    297    (5) 1408  
  852   20.8  1.7 15.6  Sniffles2.INS.63CS1       5   152  (145) C SVA_A          Retroposon/SVA     (941)    446    191 1409 *
 1256    4.9  0.0  0.0  Sniffles2.INS.63CS1     153   295    (2) + AluSc8         SINE/Alu               1    143  (168) 1410  
   63   30.6  2.0  0.0  Sniffles2.INS.63ES38      1   199    (0) + (ATC)n         Simple_repeat          1    203    (0) 1411  
  471   18.9  1.1  0.0  Sniffles2.INS.63S25       1    95    (0) C ALR/Alpha      Satellite/centr     (36)    136     41 1412  
  878   16.6  0.8  0.0  Sniffles2.INS.63S58       3   166    (1) C ALR/Alpha      Satellite/centr     (78)    165      1 1413  
   57    0.0  0.0  0.0  Sniffles2.INS.641S22      1    51    (0) + (CCCCTCT)n     Simple_repeat          1     51    (0) 1414  
  178   20.8  0.2  1.8  Sniffles2.INS.643S0       1   393    (4) + (TA)n          Simple_repeat          1    387    (0) 1415  
   18   17.6  0.0  0.0  Sniffles2.INS.646S33     24    55   (23) + A-rich         Low_complexity         1     32    (0) 1416  
  270   20.4  0.0  0.0  Sniffles2.INS.64S2B       5    53   (12) + Alu            SINE/Alu             228    276   (25) 1417  
 1128   15.0  0.5  0.6  Sniffles2.INS.64S58       1  1009    (0) C ALR/Alpha      Satellite/centr      (1)   1008      1 1418  
  916   13.2  3.3  4.4  Sniffles2.INS.64S8        1   654    (2) C BSR/Beta       Satellite           (56)    646      1 1419  
   13   26.0  1.8  3.7  Sniffles2.INS.650S33      1    55    (7) + A-rich         Low_complexity         1     54    (0) 1420  
  368   18.7  3.7  2.4  Sniffles2.INS.652S22    134   215  (107) C AluY           SINE/Alu           (218)     83      1 1421  
  509    9.7  0.0  0.0  Sniffles2.INS.654S33      1    62    (0) C AluSg          SINE/Alu           (110)    200    139 1422  
   29   26.3  4.3  0.0  Sniffles2.INS.656S39      3    94   (12) + (GT)n          Simple_repeat          1     96    (0) 1423  
   16   23.8  0.0  8.7  Sniffles2.INS.657S31     10    84    (3) + (ACTCA)n       Simple_repeat          1     69    (0) 1424  
  105   13.2  0.8  7.5  Sniffles2.INS.65AS0       1   241    (2) + (TA)n          Simple_repeat          1    226    (0) 1425  
   29    5.2  2.4  2.4  Sniffles2.INS.65DS22      5    46    (4) + (TA)n          Simple_repeat          1     42    (0) 1426  
   27    0.0  2.9  2.9  Sniffles2.INS.65ES33     20    53    (0) + (ATAA)n        Simple_repeat          1     34    (0) 1427  
   61    0.0  6.9  0.0  Sniffles2.INS.65FS0       1    72    (0) + (GATA)n        Simple_repeat          1     77    (0) 1428  
  264   21.2  5.8  1.1  Sniffles2.INS.65FS1       1    86    (4) + MLT2B5         LTR/ERVL               9     98  (619) 1429  
 1232   13.8  0.3  0.2  Sniffles2.INS.65S25       1  5210    (4) C ALR/Alpha      Satellite/centr     (18)   5217      1 1430  
   19    6.4  2.9  2.9  Sniffles2.INS.661S3A      1    35   (15) + (GGAG)n        Simple_repeat          1     35    (0) 1431  
   16   27.3  0.0  0.0  Sniffles2.INS.666S33      8    45    (3) + (TA)n          Simple_repeat          1     38    (0) 1432  
  293    9.4 15.4  1.4  Sniffles2.INS.667S17      4    68   (94) C L1P2           LINE/L1            (361)   5794   5721 1433  
   68    0.0  1.6  0.0  Sniffles2.INS.66AS17      1    64    (1) + (AAG)n         Simple_repeat          1     65    (0) 1434  
 1000   16.1  0.8  0.6  Sniffles2.INS.66S58       1   853    (1) C ALR/Alpha      Satellite/centr     (41)    854      1 1435  
 1151    0.6  0.0  1.2  Sniffles2.INS.672S22      1   171    (0) + SVA_F          Retroposon/SVA       680    848  (527) 1436  
   54   17.7  0.0  0.0  Sniffles2.INS.674S33      1    94    (0) + (T)n           Simple_repeat          1     94    (0) 1437  
   31   20.8  6.2  3.5  Sniffles2.INS.676S0      15   127    (0) + (CA)n          Simple_repeat          1    116    (0) 1438  
   18   22.8  0.0  4.2  Sniffles2.INS.678S33      3    52    (0) + (AT)n          Simple_repeat          1     48    (0) 1439  
   57    0.0  4.8  0.0  Sniffles2.INS.67AS0       1    62    (4) + (TTTC)n        Simple_repeat          1     65    (0) 1440  
   20   12.8  7.8  0.0  Sniffles2.INS.67AS17      1    51    (0) + (TATTATA)n     Simple_repeat          1     55    (0) 1441  
  388   11.4  0.0  4.5  Sniffles2.INS.67AS33      1    70    (3) C AluYh7         SINE/Alu           (178)    133     67 1442  
   13   22.0  2.3  2.3  Sniffles2.INS.67S2B       1    50    (0) + (AATAG)n       Simple_repeat          1     50    (0) 1443  
   30   15.0  5.8  1.4  Sniffles2.INS.680S0       7    75    (3) + (AT)n          Simple_repeat          1     72    (0) 1444  
   27    8.9  5.9  1.9  Sniffles2.INS.681S22      1    51    (0) + (AT)n          Simple_repeat          1     53    (0) 1445  
   45    8.3 10.1  0.0  Sniffles2.INS.682S22      1    89    (0) + (TA)n          Simple_repeat          1     98    (0) 1446  
  376   16.5  1.5  0.0  Sniffles2.INS.688S31      1    73    (0) + AluJb          SINE/Alu             147    203   (99) 1447  
  228   26.0  8.9  4.0  Sniffles2.INS.68AS33    125   292  (266) + MER112         DNA/hAT-Charlie       22    197   (64) 1448  
   90    0.0  1.2  0.0  Sniffles2.INS.68DS22      1    80    (0) + (AT)n          Simple_repeat          1     81    (0) 1449  
  316    0.0  6.2  0.0  Sniffles2.INS.68ES0       1   341    (2) + (TA)n          Simple_repeat          1    362    (0) 1450  
  236   14.3  4.8  0.0  Sniffles2.INS.68S17       9    50    (3) C L1MD           LINE/L1           (2082)   4064   4021 1451  
   80    0.0 13.3  0.0  Sniffles2.INS.692S17     13   140    (0) + (TA)n          Simple_repeat          1    145    (0) 1452  
  462   24.8  0.0  0.0  Sniffles2.INS.692S33      1   102   (90) C FRAM           SINE/Alu           (199)    103      1 1453  
  230   17.9  3.5  1.7  Sniffles2.INS.692S33    103   159   (33) C L1M4           LINE/L1           (1489)   4657   4600 1454  
 1093   10.8  0.6  3.0  Sniffles2.INS.69BS17     12   183    (0) + L1M3           LINE/L1             5341   5508  (675) 1455  
   24   11.2  8.2  0.0  Sniffles2.INS.69DS22      1    49    (1) + (TA)n          Simple_repeat          1     53    (0) 1456  
   49    3.9  0.0  0.0  Sniffles2.INS.6A3S33      1    54    (0) + (ACATATATAT)n  Simple_repeat          1     54    (0) 1457  
  361    7.3  5.3  8.2  Sniffles2.INS.6A8S22     45   119    (0) + L1P3           LINE/L1             4638   4710 (1436) 1458  
   21   12.7  7.0  0.0  Sniffles2.INS.6ACS17      8    50    (3) + (TA)n          Simple_repeat          1     46    (0) 1459  
   49   20.9  4.8  0.0  Sniffles2.INS.6ADS17      1   126    (4) + (TA)n          Simple_repeat          1    132    (0) 1460  
   48    4.0  6.3  1.2  Sniffles2.INS.6ADS33      1    79    (0) + (AAAG)n        Simple_repeat          1     83    (0) 1461  
  121   19.9  0.0  0.0  Sniffles2.INS.6AS2B       1   238    (9) + (CCATT)n       Simple_repeat          1    238    (0) 1462  
   27   18.4  1.5  4.5  Sniffles2.INS.6B0S33      8    85    (7) + (AC)n          Simple_repeat          1     75    (0) 1463  
  121    1.4  2.6  4.0  Sniffles2.INS.6B3S0       1   153    (1) + (AT)n          Simple_repeat          1    151    (0) 1464  
   40    0.0  2.2  2.2  Sniffles2.INS.6B3S22     13    57    (0) + (AAGA)n        Simple_repeat          1     45    (0) 1465  
   53    0.0  1.8  1.8  Sniffles2.INS.6B4S0       3    58    (0) + (AAGA)n        Simple_repeat          1     56    (0) 1466  
 1005    8.7  0.0  0.0  Sniffles2.INS.6BDS3A     18   143    (0) C AluSc8         SINE/Alu            (14)    297    172 1467  
   37    0.0  8.2  3.1  Sniffles2.INS.6BES33      6    66   (65) + (GAAT)n        Simple_repeat          1     64    (0) 1468  
   59    0.0  0.0  0.0  Sniffles2.INS.6BES3A      1    50    (0) + (AT)n          Simple_repeat          1     50    (0) 1469  
  366   20.6  1.6  0.0  Sniffles2.INS.6BS2B       1    63    (1) + Alu            SINE/Alu             225    288   (13) 1470  
  415    0.3  1.1  0.0  Sniffles2.INS.6BS3A       1   370    (0) + (TA)n          Simple_repeat          1    374    (0) 1471  
  211    3.1  2.1  3.3  Sniffles2.INS.6BS58      11   289   (18) + (ATATATAC)n    Simple_repeat          1    276    (0) 1472  
   35   11.0  0.0  0.0  Sniffles2.INS.6BS8        1    60    (0) + (GAATG)n       Simple_repeat          1     60    (0) 1473  
   29    3.6 14.0  0.0  Sniffles2.INS.6C7S17      1    57    (0) + (AT)n          Simple_repeat          1     65    (0) 1474  
   67   11.0  1.6  3.2  Sniffles2.INS.6CES0       1   125    (0) + (ACC)n         Simple_repeat          1    123    (0) 1475  
   49    4.1  0.0  0.0  Sniffles2.INS.6CFS22      1    51    (1) + (TA)n          Simple_repeat          1     51    (0) 1476  
 2086   12.3  1.0  0.6  Sniffles2.INS.6CS58      14   323   (38) + AluSx          SINE/Alu               2    312    (0) 1477  
   33    1.9 11.1  0.0  Sniffles2.INS.6D5S17      1    56    (0) + (TA)n          Simple_repeat          1     62    (0) 1478  
   21   17.2  6.2  0.0  Sniffles2.INS.6D6S33     10    57    (0) + (CT)n          Simple_repeat          1     51    (0) 1479  
   18   14.4  2.4  4.9  Sniffles2.INS.6DCS17     14    55    (0) + (AT)n          Simple_repeat          1     41    (0) 1480  
   14   24.3  0.0  7.0  Sniffles2.INS.6DS23      71   131    (1) + (CCCCAT)n      Simple_repeat          1     57    (0) 1481  
  297   18.8  0.0  0.0  Sniffles2.INS.6DS2B       6    53    (5) + FRAM           SINE/Alu              97    144   (32) 1482  
   12   22.8  4.2  2.0  Sniffles2.INS.6E0S17    377   424  (304) + (CTCTCCA)n     Simple_repeat          1     49    (0) 1483  
  319   14.1 14.1  0.0  Sniffles2.INS.6E5S0      29    99    (0) C L1PB3          LINE/L1            (186)   5968   5888 1484  
   21    9.6 10.9  0.0  Sniffles2.INS.6E5S22     13    58    (0) + (TC)n          Simple_repeat          1     51    (0) 1485  
   22   17.1  2.1  2.1  Sniffles2.INS.6E7S0       2    49    (1) + (TG)n          Simple_repeat          1     48    (0) 1486  
   23    6.5  9.6  3.6  Sniffles2.INS.6E8S33      1    52    (2) + (AT)n          Simple_repeat          1     55    (0) 1487  
 1806   11.4  4.9  0.0  Sniffles2.INS.6ECS17      1   263    (0) C AluSx          SINE/Alu            (11)    291     16 1488  
   13   22.0  5.6  3.6  Sniffles2.INS.6EES0      28    81   (23) + GA-rich        Low_complexity         1     55    (0) 1489  
   39    7.8  0.0  0.0  Sniffles2.INS.6ES8        3    56    (4) + (TGGAA)n       Simple_repeat          1     54    (0) 1490  
  251   21.5  6.2  0.0  Sniffles2.INS.6F4S22     31    95    (8) + HERVH-int      LTR/ERV1            7322   7390  (323) 1491  
  300   17.5  9.5  0.0  Sniffles2.INS.6F7S0       2    64    (1) C AluJb          SINE/Alu            (57)    245    177 1492  
   61    0.0  0.0  0.0  Sniffles2.INS.6F8S17      1    55    (0) + (GGGAA)n       Simple_repeat          1     55    (0) 1493  
   26    8.3  1.7  7.1  Sniffles2.INS.6F9S17      1    59    (0) + (AATAT)n       Simple_repeat          1     56    (0) 1494  
  470   20.8  0.0  0.6  Sniffles2.INS.6FES33      1    93  (172) C FRAM           SINE/Alu            (89)     77      1 1495  
  846    6.1  1.2  3.0  Sniffles2.INS.6FS11       1   170    (3) + SVA_F          Retroposon/SVA       617    783  (592) 1496  
   35   12.3  5.6  4.4  Sniffles2.INS.6FS18       3    92   (10) + G-rich         Low_complexity         1     91    (0) 1497  
   43   10.6  0.0  0.0  Sniffles2.INS.6FS8       36   106    (9) + (AATGG)n       Simple_repeat          1     71    (0) 1498  
   23    7.4  4.4  2.2  Sniffles2.INS.6S11        4    48    (2) + (GCGGG)n       Simple_repeat          1     46    (0) 1499  
 1055   14.2  1.3  0.5  Sniffles2.INS.6S30        2   338    (1) + ALR/Alpha      Satellite/centr        1    339    (0) 1500  
  109   15.5  0.0  0.0  Sniffles2.INS.6S5D        6   192    (3) + (GAGTG)n       Simple_repeat          1    187    (0) 1501  
 1122   14.5  2.4  0.3  Sniffles2.INS.6S65        2  2342    (0) + ALR/Alpha      Satellite/centr        1   2391    (1) 1502  
  904   13.9  2.1  0.8  Sniffles2.INS.6S8        12   656    (3) + BSR/Beta       Satellite              1    653    (0) 1503  
 1054    8.1  0.5  0.0  Sniffles2.INS.6SA8        1   429    (9) C ACRO1          Satellite/acro       (9)    431      1 1504  
  893   17.0  0.0  0.0  Sniffles2.INS.6SAA        6   170    (1) + ALR/Alpha      Satellite/centr        2    166    (5) 1505  
 2953    0.6  0.0  0.0  Sniffles2.INS.6SB7       12   324    (0) C AluYb8         SINE/Alu             (4)    314      2 1506  
   18    7.6  0.0  0.0  Sniffles2.INS.6SBD        1    28   (20) + (TTCCA)n       Simple_repeat          1     28    (0) 1507  
   62    6.9  0.0  0.0  Sniffles2.INS.700S33      1    78    (4) + (TATTG)n       Simple_repeat          1     78    (0) 1508  
 3681    8.5  1.6  0.2  Sniffles2.INS.701S22      1   743  (408) + L1PB           LINE/L1             5029   5780  (371) 1509  
   15    0.0  0.0  0.0  Sniffles2.INS.701S22    744   760  (391) + (TG)n          Simple_repeat          1     17    (0) 1510  
 2573    7.8  0.3  0.6  Sniffles2.INS.701S22    773  1132   (19) + L1PB           LINE/L1             4673   5031 (1115) 1511  
   17    0.0  0.0  0.0  Sniffles2.INS.701S22   1133  1151    (0) + (TA)n          Simple_repeat          1     19    (0) 1512  
   27    6.8  1.9  5.9  Sniffles2.INS.701S33      1    53    (1) + (CCA)n         Simple_repeat          1     51    (0) 1513  
   24   12.5  3.6  3.6  Sniffles2.INS.702S33      1    67  (114) + (AAT)n         Simple_repeat          1     67    (0) 1514  
   66    8.2  1.9  0.9  Sniffles2.INS.702S33     75   180    (1) + (CAC)n         Simple_repeat          1    107    (0) 1515  
   60    4.5  7.4  2.4  Sniffles2.INS.703S33      5   125    (0) + (CCA)n         Simple_repeat          1    127    (0) 1516  
   23    4.7  9.1  0.0  Sniffles2.INS.706S22      1    44    (1) + (GTTATAT)n     Simple_repeat          1     48    (0) 1517  
  451   11.7  0.0  0.0  Sniffles2.INS.70S13       1    60    (6) C AluJo          SINE/Alu           (240)     72     13 1518  
  446   19.6  5.4  7.6  Sniffles2.INS.70S8        7   203   (22) C HSATII         Satellite            (4)    192      1 1519  
  400   24.9  1.8  3.0  Sniffles2.INS.712S17      4   173   (32) C L1M5           LINE/L1           (1016)   5130   4963 1520  
  778   11.3  1.5  6.3  Sniffles2.INS.71S23       1   132    (2) + AluSx          SINE/Alu              69    194  (108) 1521  
  275   22.9  0.0  0.0  Sniffles2.INS.71S2B       1    48    (0) + Alu            SINE/Alu              93    140   (26) 1522  
   46    0.0  4.1  0.0  Sniffles2.INS.71S3A       1    49    (4) + (TTCT)n        Simple_repeat          1     51    (0) 1523  
  448   18.6  5.1  7.7  Sniffles2.INS.71S8        3  1425   (15) C HSATII         Satellite            (7)   1385      1 1524  
   25   14.7  0.0  2.1  Sniffles2.INS.720S0       1    49    (1) + (CTCC)n        Simple_repeat          1     48    (0) 1525  
   20   16.8  1.4  9.1  Sniffles2.INS.727S33      1    71    (3) + (TAGA)n        Simple_repeat          1     66    (0) 1526  
 1243    7.4  0.0  0.0  Sniffles2.INS.728S33      1   148   (13) + AluSp          SINE/Alu             148    295   (18) 1527  
  998   13.3  0.0  0.4  Sniffles2.INS.72S25       1   171    (1) + ALR/Alpha      Satellite/centr        1    170    (0) 1528  
  237   19.1  2.4  0.0  Sniffles2.INS.72S2B       2    43    (7) + FRAM           SINE/Alu             102    144   (32) 1529  
   65    0.0  0.0  0.0  Sniffles2.INS.731S0       1    58    (0) + (TCTT)n        Simple_repeat          1     58    (0) 1530  
  743    2.0  0.0  1.6  Sniffles2.INS.735S22      1   127    (1) + SVA_F          Retroposon/SVA       750    855  (520) 1531  
   13   17.1  2.3  4.8  Sniffles2.INS.737S33      3    45   (13) + (ATATAGA)n     Simple_repeat          1     42    (0) 1532  
   21   14.2  0.0  9.8  Sniffles2.INS.737S33     46    57    (1) + (TA)n          Simple_repeat          2     51    (0) 1533  
   60    8.3  1.4 10.8  Sniffles2.INS.738S33      1   142    (1) + (TA)n          Simple_repeat          1    130    (0) 1534  
   21    6.9  3.2  0.0  Sniffles2.INS.73AS33      3    33   (81) + (TA)n          Simple_repeat          1     32    (0) 1535  
   15   20.2  7.8  1.5  Sniffles2.INS.73AS33     39   102   (12) + (CACTA)n       Simple_repeat          1     68    (0) 1536  
   22   11.7  8.5  3.2  Sniffles2.INS.73AS33    103   114    (0) + (AC)n          Simple_repeat          6     85    (0) 1537  
  381    0.0  2.5  0.0  Sniffles2.INS.73DS0       1   354    (0) + (AC)n          Simple_repeat          1    363    (0) 1538  
   71   11.6  3.8  0.7  Sniffles2.INS.73DS17      1   132    (0) + (TATTATA)n     Simple_repeat          1    136    (0) 1539  
  230   12.8  0.0  0.0  Sniffles2.INS.73S25       2    40   (10) + ALR/Alpha      Satellite/centr      131    169    (2) 1540  
  271   25.4  0.0  0.0  Sniffles2.INS.73S2B       1    55    (0) + AluSz6         SINE/Alu             226    280   (32) 1541  
   17   15.9  9.1  0.0  Sniffles2.INS.73S3A       9    52   (32) + (TC)n          Simple_repeat          1     48    (0) 1542  
  139    0.7  4.8  0.0  Sniffles2.INS.740S22      3   149    (0) + (TA)n          Simple_repeat          1    154    (0) 1543  
  257    3.0  0.0  3.0  Sniffles2.INS.745S22     27    60    (0) + L1P2           LINE/L1             5561   5593  (562) 1544  
  505    1.7  0.0  0.0  Sniffles2.INS.748S33      1    58    (0) + L1P3           LINE/L1             4346   4403 (1743) 1545  
   17   12.5  0.0  0.0  Sniffles2.INS.74AS0      13    38   (16) + (CG)n          Simple_repeat          1     26    (0) 1546  
   40   19.6  0.0  0.0  Sniffles2.INS.74CS22      2    75    (1) + (TA)n          Simple_repeat          1     74    (0) 1547  
  243   17.0  4.3  0.0  Sniffles2.INS.74S2B      18    64    (0) + Alu            SINE/Alu             242    290   (11) 1548  
   31    9.1  2.1  0.0  Sniffles2.INS.753S33      9    56    (5) + (AT)n          Simple_repeat          1     49    (0) 1549  
   15   26.2  2.2  2.2  Sniffles2.INS.757S33   1704  1748    (0) + (TA)n          Simple_repeat          1     45    (0) 1550  
   47   10.4  0.0  0.0  Sniffles2.INS.75CS17      6    78    (0) + (TATATAT)n     Simple_repeat          1     73    (0) 1551  
   71    0.0  0.0  0.0  Sniffles2.INS.75ES17      1    63   (11) + (AGAA)n        Simple_repeat          1     63    (0) 1552  
   31   12.5  0.0  3.7  Sniffles2.INS.75FS33      4    59    (0) + (AT)n          Simple_repeat          1     54    (0) 1553  
   24    9.8  0.0  6.4  Sniffles2.INS.768S22      1    50    (1) + (CAC)n         Simple_repeat          1     47    (0) 1554  
  612   12.2  0.0  1.1  Sniffles2.INS.769S33      6    96    (0) + ERVL-int       LTR/ERVL            2494   2583 (3174) 1555  
   51    0.0  2.0  0.0  Sniffles2.INS.76AS33      1    50    (0) + (TAGA)n        Simple_repeat          1     51    (0) 1556  
   22   22.1  5.1  0.0  Sniffles2.INS.773S0      14    72   (13) + (TG)n          Simple_repeat          1     62    (0) 1557  
  585   22.0  2.2  1.5  Sniffles2.INS.778S17      1   134    (0) + AluSx          SINE/Alu              66    200  (102) 1558  
  778    3.1  0.0  1.9  Sniffles2.INS.779S0       1   126    (1) + SVA_F          Retroposon/SVA       696    855  (520) 1559  
   40    6.4  0.0  0.0  Sniffles2.INS.779S33      1    50    (3) + (C)n           Simple_repeat          1     50    (0) 1560  
  194   21.4  2.8  0.9  Sniffles2.INS.77S0        1   458    (0) + (CCTT)n        Simple_repeat          1    467    (0) 1561  
 1232   14.1  0.8  0.0  Sniffles2.INS.77S25       1  1355    (1) + ALR/Alpha      Satellite/centr        1   1365    (8) 1562  
 1606    1.7  0.0  0.0  Sniffles2.INS.77S2B      29   201   (84) + AluYk11        SINE/Alu               2    174  (137) 1563  
   23    0.0  0.0  0.0  Sniffles2.INS.77S2B     208   232   (53) + (A)n           Simple_repeat          1     25    (0) 1564  
  315   14.0  2.0  0.0  Sniffles2.INS.782S17      3    52    (4) + Alu            SINE/Alu               2     52   (81) 1565  
   41    0.0  4.4  0.0  Sniffles2.INS.78AS33      1    45    (9) + (AAGA)n        Simple_repeat          1     47    (0) 1566  
 1042   16.4  0.0  0.0  Sniffles2.INS.78S25       4   265    (1) + ALR/Alpha      Satellite/centr        1    262    (1) 1567  
   42   19.0  4.1  4.1  Sniffles2.INS.78S58       9   131    (0) + (CA)n          Simple_repeat          1    123    (0) 1568  
   41    0.0  0.0  0.0  Sniffles2.INS.791S33     16    53    (0) + (AGAA)n        Simple_repeat          1     38    (0) 1569  
  143   13.5  0.0  0.0  Sniffles2.INS.797S17      1   228    (4) + (CTCC)n        Simple_repeat          1    228    (0) 1570  
   16   27.7  1.7  3.4  Sniffles2.INS.79AS17     63   122   (87) + (GT)n          Simple_repeat          1     59    (0) 1571  
  868   16.4  0.6  0.0  Sniffles2.INS.79S25       2   166    (0) + ALR/Alpha      Satellite/centr        1    166    (5) 1572  
  338   19.6  0.0  0.0  Sniffles2.INS.79S2B       3    58    (0) + FRAM           SINE/Alu              98    153   (23) 1573  
   31   14.7  3.2  0.0  Sniffles2.INS.79S5        8    70    (2) + (TATATG)n      Simple_repeat          1     65    (0) 1574  
  133   22.7  6.2  2.6  Sniffles2.INS.79S58       1   485    (5) + (AC)n          Simple_repeat          1    502    (0) 1575  
   30    8.9  0.0  3.9  Sniffles2.INS.79SC0       1    53    (0) + (CCTC)n        Simple_repeat          1     51    (0) 1576  
   39    4.7  0.0  0.0  Sniffles2.INS.7A0S0       8    52    (0) + (TCT)n         Simple_repeat          1     45    (0) 1577  
   36    0.0  7.5  0.0  Sniffles2.INS.7A1S33      1    53    (0) + (AAAG)n        Simple_repeat          1     57    (0) 1578  
  966    0.0  0.7  0.0  Sniffles2.INS.7A2S0       1   838    (0) + (AT)n          Simple_repeat          1    844    (0) 1579  
   51    0.0  2.0  0.0  Sniffles2.INS.7A3S0       1    50    (0) + (AAGA)n        Simple_repeat          1     51    (0) 1580  
  303   14.8  1.9  0.0  Sniffles2.INS.7ACS0      22    75   (23) C MLT1A0         LTR/ERVL-MaLR      (253)    112     58 1581  
   22   21.6  2.7  2.7  Sniffles2.INS.7AS17       1    73   (11) + (CCCTCCT)n     Simple_repeat          1     73    (0) 1582  
 1149   13.9  1.1  0.7  Sniffles2.INS.7AS25       1  1871    (1) + ALR/Alpha      Satellite/centr        1   1877    (0) 1583  
  308   10.5  0.0  0.0  Sniffles2.INS.7AS2B      13    50    (0) + FRAM           SINE/Alu             106    143   (33) 1584  
  584   13.6  1.9 14.3  Sniffles2.INS.7AS4        4   165    (0) C AluSx          SINE/Alu             (2)    300     85 1585  
   20   25.8  0.0  1.8  Sniffles2.INS.7B0S17      1    58    (3) + (GTG)n         Simple_repeat          1     57    (0) 1586  
   69   19.1  1.3  1.3  Sniffles2.INS.7B1S17      2   152    (0) + (TGGTGA)n      Simple_repeat          1    151    (0) 1587  
  108    0.0  0.0  0.0  Sniffles2.INS.7B8S0       1    94    (0) + (T)n           Simple_repeat          1     94    (0) 1588  
 2329    8.0  0.3  0.3  Sniffles2.INS.7BSBF      22   309 (1062) + AluSc8         SINE/Alu               1    288   (23) 1589  
   80    0.0  4.7  0.0  Sniffles2.INS.7BSBF     311   395  (976) + (GAAA)n        Simple_repeat          1     89    (0) 1590  
   53    1.6  0.0  0.0  Sniffles2.INS.7BSBF     396   458  (913) + (GAAG)n        Simple_repeat          1     63    (0) 1591  
  709   19.4 18.2  1.2  Sniffles2.INS.7BSBF     461   669  (702) + MER90a         LTR/ERV1             244    487  (127) 1592  
 1648   15.8  4.6  1.4  Sniffles2.INS.7BSBF     683   965  (406) C AluSx          SINE/Alu            (10)    292      1 1593  
  562   18.9  0.0  4.5  Sniffles2.INS.7BSBF     966  1081  (290) + MER90a         LTR/ERV1             469    579   (35) 1592  
  236   26.4 12.9  9.2  Sniffles2.INS.7BSBF    1109  1371    (0) C L2c            LINE/L2             (66)   3321   3050 1594  
  125    3.0  6.8  3.1  Sniffles2.INS.7C5S0       8   227   (11) + (GGAT)n        Simple_repeat          1    228    (0) 1595  
  802    9.6  2.0  7.3  Sniffles2.INS.7C8S33     15   260    (3) C SVA_F          Retroposon/SVA     (590)    785    552 1596  
   36   13.2  2.6  2.6  Sniffles2.INS.7D6S17      1    78    (1) + (ACCCCAC)n     Simple_repeat          1     78    (0) 1597  
   42    7.2  0.0  0.0  Sniffles2.INS.7DS11       1    60    (0) + (GGAGAG)n      Simple_repeat          1     60    (0) 1598  
  310   16.4  3.6  0.0  Sniffles2.INS.7DS2B       1    55    (3) + AluJb          SINE/Alu             235    291   (21) 1599  
  455   20.0  1.1  0.0  Sniffles2.INS.7ES25       6   100    (0) + ALR/Alpha      Satellite/centr       32    127   (44) 1600  
  383   14.6  0.0  0.0  Sniffles2.INS.7ES2B       5    59    (5) + Alu            SINE/Alu             226    280   (22) 1601  
   71   16.7  4.0  6.4  Sniffles2.INS.7F9S17      1   224    (3) + (ATGG)n        Simple_repeat          1    219    (0) 1602  
  112   18.7  4.6  3.4  Sniffles2.INS.7FAS17      1   323    (4) + (ATGG)n        Simple_repeat          1    327    (0) 1603  
 1079   12.6  1.7  0.0  Sniffles2.INS.7FS24       1   332    (1) C ALR/Alpha      Satellite/centr     (39)    337      1 1604  
  342   21.7  0.0  0.0  Sniffles2.INS.7FS2B      12    71    (1) + Alu            SINE/Alu              89    148   (18) 1605  
  615   26.9 15.3  1.2  Sniffles2.INS.7FS5        3   224  (357) C L1MDa          LINE/L1           (5884)    749    497 1606  
  870   17.7  1.8  0.6  Sniffles2.INS.7FS5      227   391  (190) + MLT1A1         LTR/ERVL-MaLR          4    170  (238) 1607  
  281   21.3 18.4  0.8  Sniffles2.INS.7FS5      469   577    (4) C L1ME4a         LINE/L1             (10)   6114   5987 1608  
   29   17.4  0.0  0.0  Sniffles2.INS.7S16        1    58    (2) + (GAATG)n       Simple_repeat          1     58    (0) 1609  
   13    0.0  9.4  6.1  Sniffles2.INS.7S2B       12    43   (11) + (GAACAA)n      Simple_repeat          1     33    (0) 1610  
 1105   13.6  0.7  0.0  Sniffles2.INS.7S30        2   334    (5) + ALR/Alpha      Satellite/centr        1    335    (0) 1611  
 1255   11.0  0.4  0.0  Sniffles2.INS.7S36        1   334    (7) C ALR/Alpha      Satellite/centr     (48)    335      1 1612  
  981   13.2  1.2  5.2  Sniffles2.INS.7S8         1  1078    (0) + BSR/Beta       Satellite              1   1034    (0) 1613  
 1054    7.4  0.7  0.0  Sniffles2.INS.7SA8        2   581    (1) C ACRO1          Satellite/acro       (0)    584      1 1614  
 1017   16.6  0.0  0.0  Sniffles2.INS.7SAA        6   341    (1) + ALR/Alpha      Satellite/centr        1    336    (0) 1615  
  356    9.6  0.0  0.0  Sniffles2.INS.7SB4        1    52   (21) C L1P1           LINE/L1           (6101)     54      3 1616  
 2935    1.0  0.0  0.0  Sniffles2.INS.7SB7       12   325    (0) C AluYb8         SINE/Alu             (3)    315      2 1617  
  360   19.5  3.7 10.1  Sniffles2.INS.7SBD       15   423   (16) C HSATII         Satellite            (7)    382      1 1618  
   50    2.0  2.0  0.0  Sniffles2.INS.80SC0       1    51    (0) + (AT)n          Simple_repeat          1     52    (0) 1619  
 1505    4.2  0.0  1.6  Sniffles2.INS.81S25       1   195    (0) C L1PA3          LINE/L1             (72)   6083   5892 1620  
   40   13.1  5.7  2.2  Sniffles2.INS.81S31       8    95    (0) + (AT)n          Simple_repeat          1     91    (0) 1621  
   15   27.0  0.0  5.5  Sniffles2.INS.81SBF       1    58    (2) + (ATAT)n        Simple_repeat          1     55    (0) 1622  
 3080    4.4  0.0  0.0  Sniffles2.INS.82S25       3   368   (33) C L1PA3          LINE/L1              (5)   6150   5785 1623  
  572   16.5  3.5  0.0  Sniffles2.INS.82S6        3   117   (19) C L1MC3          LINE/L1           (1505)   6280   6162 1624  
   13    0.0  0.0  0.0  Sniffles2.INS.82S6      120   136    (0) + (TTG)n         Simple_repeat          1     17    (0) 1625  
   56    2.0  0.0  0.0  Sniffles2.INS.82SC0       1    52    (0) + (AT)n          Simple_repeat          1     52    (0) 1626  
  141    5.0  4.4  4.4  Sniffles2.INS.833S22      1   270    (4) + (CA)n          Simple_repeat          1    270    (0) 1627  
   35    5.9  3.6  1.8  Sniffles2.INS.834S22      1    55    (3) + (CA)n          Simple_repeat          1     56    (0) 1628  
  351   14.9  0.0  0.0  Sniffles2.INS.83S23       1    47   (39) C AluSp          SINE/Alu           (221)     92     46 1629  
  309   11.1  2.2  0.0  Sniffles2.INS.83S23      42    86    (0) C AluSz6         SINE/Alu           (170)    142     97 1630 *
 2848    1.9  0.0  0.0  Sniffles2.INS.83S25       3   311    (0) + AluYe5         SINE/Alu               1    309    (1) 1631  
  330   18.2  0.0  0.0  Sniffles2.INS.83S2B       1    55    (4) + Alu            SINE/Alu              90    144   (22) 1632  
  261   18.4  0.0  0.0  Sniffles2.INS.84S2B       9    57    (0) + AluY           SINE/Alu             228    277   (25) 1633  
   19   18.4  2.0  2.0  Sniffles2.INS.85S18      43   133   (15) + (CCCTC)n       Simple_repeat          1     91    (0) 1634  
  292   17.0  0.0  0.0  Sniffles2.INS.85S2B       3    49    (3) + FRAM           SINE/Alu              98    144   (32) 1635  
  470    0.5  1.2  0.0  Sniffles2.INS.85S6        1   424    (0) + (TA)n          Simple_repeat          1    429    (0) 1636  
   43    1.8  1.7  1.7  Sniffles2.INS.86S11       1    59    (0) + (AGGA)n        Simple_repeat          1     59    (0) 1637  
  320   21.7  1.7  0.0  Sniffles2.INS.86S2B      12    71    (1) + AluYi6         SINE/Alu             224    284   (27) 1638  
   28    0.0  0.0  0.0  Sniffles2.INS.86S3A      21    47    (4) + (GGAA)n        Simple_repeat          1     27    (0) 1639  
   26   11.8  0.0  2.1  Sniffles2.INS.87AS33      1    48    (6) + (GGAA)n        Simple_repeat          1     47    (0) 1640  
  346   18.2  0.0  0.0  Sniffles2.INS.87S2B       3    57    (0) + Alu            SINE/Alu             226    280   (22) 1641  
 1292    1.4  0.0  0.0  Sniffles2.INS.88S2B       1   138    (0) + AluYk11        SINE/Alu              30    167  (144) 1642  
  446   22.1  0.0  0.0  Sniffles2.INS.8AS1        1    77    (1) C AluJb          SINE/Alu            (60)    252    176 1643  
  439   18.7  0.0  0.0  Sniffles2.INS.8AS25       1    94    (1) + CER            Satellite              1     94    (2) 1644  
  322   22.4  3.0  0.0  Sniffles2.INS.8B5S33     16    82   (11) + MLT2B5         LTR/ERVL               3     71  (646) 1645  
  688   12.4  2.3  2.5  Sniffles2.INS.8BS25       2   762    (1) + CER            Satellite              1    759    (0) 1646  
  755   14.0  0.1  1.1  Sniffles2.INS.8CS25       1  1004    (0) + CER            Satellite              1    994    (0) 1647  
   26   11.3  0.0  0.0  Sniffles2.INS.8CS31       7    44    (6) + (G)n           Simple_repeat          1     38    (0) 1648  
  259   24.0  0.0  0.0  Sniffles2.INS.8DS2B       1    50    (0) + AluYi6         SINE/Alu             225    274   (37) 1649  
  982   14.1  1.8  0.2  Sniffles2.INS.8DSC0       2   504    (2) + ALR/Alpha      Satellite/centr        1    510    (3) 1650  
  280    8.3 10.4  0.0  Sniffles2.INS.8ES11       4    51    (0) + AluYa5         SINE/Alu             206    258   (53) 1651  
  350   16.1  0.0  3.6  Sniffles2.INS.8ES2B      15    72    (5) + Alu            SINE/Alu              85    140   (26) 1652  
   60   10.7  0.0  0.0  Sniffles2.INS.8FS22       3    93    (1) + (AGAG)n        Simple_repeat          1     91    (0) 1653  
  143    0.0  0.0  0.0  Sniffles2.INS.8FS3A       1   155    (0) + (A)n           Simple_repeat          1    155    (0) 1654  
  351   20.9 10.6  3.6  Sniffles2.INS.8FSBF       2   105   (19) + AluJb          SINE/Alu             107    217   (85) 1655  
  453   20.2  5.2  5.6  Sniffles2.INS.8S15        1   684   (10) + HSATII         Satellite              1    681    (9) 1656  
  355   17.9  7.2  3.8  Sniffles2.INS.8S25        4   290    (1) + HSATII         Satellite              1    296    (4) 1657  
  119   20.0  3.0  3.3  Sniffles2.INS.8S29        5   338    (1) + (ATATATA)n     Simple_repeat          1    333    (0) 1658  
 1059   13.7  1.7  0.3  Sniffles2.INS.8S30        4   335    (4) + ALR/Alpha      Satellite/centr        1    336    (0) 1659  
 1090   12.4  0.5  0.1  Sniffles2.INS.8S36        3   787    (0) C ALR/Alpha      Satellite/centr     (41)    788      1 1660  
   37    4.0  5.9  0.0  Sniffles2.INS.8S37        1    51    (0) + (TA)n          Simple_repeat          1     54    (0) 1661  
   26   14.0  0.0  0.0  Sniffles2.INS.8S5D        1    47    (3) + (GGAAT)n       Simple_repeat          1     47    (0) 1662  
  128   23.1  1.0  0.3  Sniffles2.INS.8S77        1   299    (0) + (CTCCA)n       Simple_repeat          1    301    (0) 1663  
  464   10.8  0.0  0.0  Sniffles2.INS.8S8         1    65    (4) + BSR/Beta       Satellite             28     92   (44) 1664  
   37    8.6  0.0  0.0  Sniffles2.INS.8SA8        2    51    (1) + (GT)n          Simple_repeat          1     50    (0) 1665  
  701    7.2  2.4  0.0  Sniffles2.INS.8SAD        1   141    (2) C ACRO1          Satellite/acro      (28)    144      1 1666  
 2962    0.6  0.0  0.0  Sniffles2.INS.8SB7       12   325    (0) C AluYb8         SINE/Alu             (3)    315      2 1667  
  240   20.8  6.2  3.0  Sniffles2.INS.8SB9        4   132    (8) + HSATII         Satellite             31    163    (7) 1668  
  269   19.3  3.5  7.9  Sniffles2.INS.8SBD        6   219   (35) + HSATII         Satellite              1    204    (4) 1669  
  264   30.6  2.0  0.0  Sniffles2.INS.91S22       1    98   (10) + L1MC           LINE/L1             5376   5475 (2407) 1670  
   96   27.9  0.7  0.7  Sniffles2.INS.91S2B       1   277    (3) + (GGAAT)n       Simple_repeat          1    277    (0) 1671  
   19    8.3  5.0  2.4  Sniffles2.INS.91S33      14    53   (37) + (ATA)n         Simple_repeat          1     41    (0) 1672  
  289   23.6  0.0  0.0  Sniffles2.INS.92S2B       1    55    (0) + AluYk3         SINE/Alu             225    279   (32) 1673  
  135    0.0  0.8  0.0  Sniffles2.INS.92S6        1   118    (0) + (TA)n          Simple_repeat          1    119    (0) 1674  
  332   16.3  0.0  0.0  Sniffles2.INS.93S2B      10    58    (0) + AluYk2         SINE/Alu             224    272   (39) 1675  
   39    4.1  0.0  3.8  Sniffles2.INS.94S1        1    55   (13) + (GTGTGTATAT)n  Simple_repeat          1     53    (0) 1676  
  860   11.1  0.4  0.4  Sniffles2.INS.94S25       7   170    (2) + ALR/Alpha      Satellite/centr        1    164    (0) 1677  
  306   18.8  0.0  0.0  Sniffles2.INS.94S2B      17    64    (0) + AluJo          SINE/Alu             229    276   (36) 1678  
  417   30.4  5.1  2.1  Sniffles2.INS.95S13     321   458  (979) + MER117         DNA/hAT-Charlie        6    147   (50) 1679  
  304   19.2  0.0  0.0  Sniffles2.INS.96S2B      13    64    (0) + Alu            SINE/Alu              89    140   (26) 1680  
  252   21.7  0.0  0.0  Sniffles2.INS.97S2B       1    46    (8) + FRAM           SINE/Alu              99    144   (32) 1681  
 3635    1.4  0.0  2.1  Sniffles2.INS.98S24       1   446    (0) + LSU-rRNA_Hsa   rRNA                3726   4162  (873) 1682  
   46   17.0  4.4  2.6  Sniffles2.INS.99S23       1   113    (0) + (AT)n          Simple_repeat          1    115    (0) 1683  
   36    4.0  0.0  5.5  Sniffles2.INS.99S24       1    58    (1) + (GAGG)n        Simple_repeat          1     55    (0) 1684  
  347   21.7  2.9  0.0  Sniffles2.INS.99S2B       8    76    (1) + AluYh7         SINE/Alu             224    294   (17) 1685  
   61    9.2  0.9  5.4  Sniffles2.INS.99SBF       1   116    (0) + (TATATAA)n     Simple_repeat          1    111    (0) 1686  
  296   17.3  6.8  3.8  Sniffles2.INS.9AS11      20   165  (311) + ALR/Alpha      Satellite/centr        1    150    (0) 1687  
  796   14.7  2.3  0.8  Sniffles2.INS.9AS11     298   473    (3) + ALR/Alpha      Satellite/centr        1    178    (0) 1688  
   27   21.2  0.0  0.0  Sniffles2.INS.9AS24       1    60    (0) + (TCTC)n        Simple_repeat          1     60    (0) 1689  
  253   18.9  0.0  0.0  Sniffles2.INS.9AS2B       6    42   (16) + Alu            SINE/Alu              99    135   (31) 1690  
  762    3.6  0.0  0.0  Sniffles2.INS.9CS13       1    84   (55) C AluSz          SINE/Alu           (194)    118     35 1691  
  295   23.4  3.1  0.0  Sniffles2.INS.9CS2B       6    69    (0) + AluYa5         SINE/Alu             224    289   (22) 1692  
  187   21.8  0.7  0.2  Sniffles2.INS.9ES24       1   410 (1503) + (CTCTCT)n      Simple_repeat          1    412    (0) 1693  
  272   23.2  1.8  0.9  Sniffles2.INS.9ES24     415   631 (1282) C HERVIP10FH-int LTR/ERV1          (4105)    997    779 1694  
  579   22.1  0.9  0.3  Sniffles2.INS.9ES24     632  1911    (2) + (TCTCTC)n      Simple_repeat          1   1287    (0) 1695  
  329   17.3  0.0  0.0  Sniffles2.INS.9ES2B      10    61    (8) + Alu            SINE/Alu              89    140   (26) 1696  
   29   11.0  8.5  0.0  Sniffles2.INS.9ES5        1    59    (0) + (AT)n          Simple_repeat          1     64    (0) 1697  
  391   18.8  0.0  0.0  Sniffles2.INS.9FS2B      11    74    (0) + Alu            SINE/Alu             225    288   (14) 1698  
   22   28.4  1.2  2.4  Sniffles2.INS.9FS33       1    85    (1) + (CCCATCC)n     Simple_repeat          1     84    (0) 1699  
   37    5.0  6.2  1.5  Sniffles2.INS.9FS37       1    65    (0) + (CTTC)n        Simple_repeat          1     68    (0) 1700  
  453   20.4  4.2  7.2  Sniffles2.INS.9S15        1  1347   (47) + HSATII         Satellite              1   1306    (9) 1701  
   25   14.3  0.0  0.0  Sniffles2.INS.9S15     1348  1393    (1) + (TCCAT)n       Simple_repeat          1     46    (0) 1702  
   12   30.4  0.0  0.0  Sniffles2.INS.9S16        6    49    (1) + (GAATG)n       Satellite              1     44    (0) 1703  
  407   17.8  4.9  6.8  Sniffles2.INS.9S25       14   327   (10) + HSATII         Satellite              1    308    (4) 1704  
   16   29.6  1.5  1.5  Sniffles2.INS.9S29       22    89    (2) + (TATAACA)n     Simple_repeat          1     68    (0) 1705  
 1012    7.5  1.3  1.4  Sniffles2.INS.9S2B        1   163   (59) + AluY           SINE/Alu               5    166    (0) 1706  
 1099   11.8  1.2  0.0  Sniffles2.INS.9S2F        3   337    (1) + ALR/Alpha      Satellite/centr        1    339    (0) 1707  
 1002   15.7  0.4  0.0  Sniffles2.INS.9S30        3   340    (1) + ALR/Alpha      Satellite/centr        1    339    (0) 1708  
 1265   10.9  0.5  0.3  Sniffles2.INS.9S36        3  1361    (1) C ALR/Alpha      Satellite/centr      (0)   1361      1 1709  
   88   14.0  0.0  0.0  Sniffles2.INS.9S5D        1   144    (1) + (TGGAA)n       Simple_repeat          1    144    (0) 1710  
  325   23.7  0.1  0.1  Sniffles2.INS.9S77        1   717   (13) + (CATTC)n       Satellite              1    717    (0) 1711  
  746   12.2  0.0  1.0  Sniffles2.INS.9S8         1   137    (0) + BSR/Beta       Satellite              1    135    (0) 1712  
   29    2.6  5.1  0.0  Sniffles2.INS.9SA7        9    47    (3) + (TCTCTG)n      Simple_repeat          1     41    (0) 1713  
   51    3.8  0.0  0.0  Sniffles2.INS.9SA8        1    55    (1) + (GGAA)n        Simple_repeat          1     55    (0) 1714  
  995    7.6  1.5  0.0  Sniffles2.INS.9SAD        5   281    (6) C ACRO1          Satellite/acro       (8)    281      1 1715  
   14   25.3  0.0  0.0  Sniffles2.INS.9SBD        1    42    (3) + (TCCAT)n       Simple_repeat          1     42    (0) 1716  
   20    0.0  0.0  0.0  Sniffles2.INS.A0S1      667   688  (293) + (GT)n          Simple_repeat          1     22    (0) 1717  
  982   15.6  0.7  0.5  Sniffles2.INS.A0S25       2   333    (6) + ALR/Alpha      Satellite/centr        1    332    (0) 1718  
 1047    0.9  0.0  0.0  Sniffles2.INS.A0S2B      47   158    (0) + AluYa5         SINE/Alu             182    293   (18) 1719  
   18   39.6  0.0  0.0  Sniffles2.INS.A2S2B       6    96    (3) + (GGAGT)n       Simple_repeat          1     91    (0) 1720  
   29    2.6  5.1  0.0  Sniffles2.INS.A3S24       9    47    (3) + (TCTCTG)n      Simple_repeat          1     41    (0) 1721  
 1008   15.8  3.4  0.1  Sniffles2.INS.A3S25       1   510    (0) + ALR/Alpha      Satellite/centr        1    527    (0) 1722  
   38   23.3  0.0  0.0  Sniffles2.INS.A3S2B       6    95    (0) + (TGGAA)n       Simple_repeat          1     90    (0) 1723  
  342   25.3  0.0  0.0  Sniffles2.INS.A3S31      66   144  (118) C L1MC4          LINE/L1            (672)   7370   7292 1724 *
  502   24.8  0.8  0.8  Sniffles2.INS.A3S31     140   257    (5) + L1MC4          LINE/L1             7261   7378  (664) 1724  
   52   23.7  0.0  0.8  Sniffles2.INS.A4S24       3   122    (2) + (TC)n          Simple_repeat          1    119    (0) 1725  
  958   16.4  0.6  0.3  Sniffles2.INS.A4S25       1   504    (6) + ALR/Alpha      Satellite/centr        1    505    (0) 1726  
  312   23.1  0.0  0.0  Sniffles2.INS.A4S2B      13    77    (0) + Alu            SINE/Alu              89    153   (13) 1727  
   30    0.0  0.0  0.0  Sniffles2.INS.A4S37       1    28  (124) + (T)n           Simple_repeat          1     28    (0) 1728  
   20   18.2  1.9  3.8  Sniffles2.INS.A4S37      99   152    (0) + (TAT)n         Simple_repeat          1     53    (0) 1729  
  328   12.9 11.6  1.9  Sniffles2.INS.A5S11       6   100   (14) C L1MEg          LINE/L1           (4686)   1398   1295 1730  
   68   15.1  0.0  0.0  Sniffles2.INS.A6S24       1   117 (1009) + (TCTC)n        Simple_repeat          1    117    (0) 1731  
  272   23.2  1.8  0.9  Sniffles2.INS.A6S24     122   338  (788) C HERVIP10FH-int LTR/ERV1          (4105)    997    779 1732  
  348   22.8  0.8  0.2  Sniffles2.INS.A6S24     339  1126    (0) + (TCTCTC)n      Simple_repeat          1    792    (0) 1733  
   39   20.5  0.0  0.0  Sniffles2.INS.A6S2B       4    87    (8) + (TGGAA)n       Simple_repeat          1     84    (0) 1734  
   27    7.0  6.7  0.0  Sniffles2.INS.A7S3A       1    45    (6) + (AT)n          Simple_repeat          1     48    (0) 1735  
   12   18.5  2.4  5.0  Sniffles2.INS.A8S1       38    78  (124) + (GTT)n         Simple_repeat          1     40    (0) 1736  
  341   23.6  0.5  0.0  Sniffles2.INS.A8S24       1   775  (243) + (TCTC)n        Simple_repeat          1    779    (0) 1737  
  282   21.9  0.4  4.0  Sniffles2.INS.A8S24     776  1008   (10) C HERVIP10FH-int LTR/ERV1          (4099)   1003    779 1738  
   18   18.1 10.3  4.9  Sniffles2.INS.A8S37       8   124    (1) + (ATAC)n        Simple_repeat          1    123    (0) 1739  
 1186    3.6  1.4  0.0  Sniffles2.INS.A9S2B       2   141    (0) + AluYa5         SINE/Alu               1    142  (169) 1740  
  982   16.2  0.6  0.3  Sniffles2.INS.AAS25       1   504    (6) + ALR/Alpha      Satellite/centr        1    505    (0) 1741  
  579    0.2  1.9  0.0  Sniffles2.INS.AAS37       1   532    (2) + (AAAG)n        Simple_repeat          1    542    (0) 1742  
  277   24.1 16.6  5.6  Sniffles2.INS.AAS3A       8   152  (342) + MLT1A          LTR/ERVL-MaLR        100    259  (115) 1743  
  275   19.8  1.4  7.5  Sniffles2.INS.AAS3A     127   197  (297) + MLT1A          LTR/ERVL-MaLR         45    111  (263) 1743 *
 2209   12.8  0.0  0.0  Sniffles2.INS.AAS3A     198   494    (0) + AluSx          SINE/Alu               1    297   (15) 1744  
  821   18.0  0.0  0.0  Sniffles2.INS.ABS25       1   170    (0) + ALR/Alpha      Satellite/centr        1    170    (0) 1745  
  759   18.0  0.0  0.0  Sniffles2.INS.ACS25       1   171    (0) + ALR/Alpha      Satellite/centr        1    171    (0) 1746  
   52    0.0  0.0  0.0  Sniffles2.INS.ADS24       1    47    (5) + (GGTGG)n       Simple_repeat          1     47    (0) 1747  
  262   25.0  0.0  0.0  Sniffles2.INS.AFS2B      12    67    (5) + AluYk2         SINE/Alu             224    279   (32) 1748  
   43   11.5  0.0  0.0  Sniffles2.INS.AFS6        1    68    (1) + (CTCC)n        Simple_repeat          1     68    (0) 1749  
  703   15.4  0.2  0.2  Sniffles2.INS.AS14        1   477    (3) C CER            Satellite           (31)    477      1 1750  
  259   16.0 20.2  0.0  Sniffles2.INS.AS15        7   125    (0) + HSATII         Satellite             19    161    (9) 1751  
  272   19.7  1.6  0.0  Sniffles2.INS.AS34        9    69   (55) C L1M4           LINE/L1           (3092)   3054   2993 1752  
  821   12.1  1.1  1.5  Sniffles2.INS.AS8         1   270    (0) + BSR/Beta       Satellite              1    268    (0) 1753  
  521   21.7  0.9  0.3  Sniffles2.INS.ASA7        1  1133    (0) + (TCTC)n        Simple_repeat          1   1140    (0) 1754  
  843    5.2  1.4  0.0  Sniffles2.INS.ASA8        1   143    (0) C ACRO1          Satellite/acro      (49)    145      1 1755  
  593   21.5  0.0  0.0  Sniffles2.INS.ASBB        6   268  (319) C ACRO1          Satellite/acro      (31)    263      1 1756  
  270   19.1  7.2  7.4  Sniffles2.INS.ASBD       17   288    (9) + HSATII         Satellite              1    271    (4) 1757  
   25   11.4  7.0  0.0  Sniffles2.INS.B1S1        1    57    (7) + (TATATTC)n     Simple_repeat          1     61    (0) 1758  
   23   17.3  1.6  4.8  Sniffles2.INS.B1S1       58    64    (0) + (TATAT)n       Simple_repeat          1     62    (0) 1759  
  733   18.8  0.0  0.0  Sniffles2.INS.B1S25       1   171    (0) + ALR/Alpha      Satellite/centr        1    171    (0) 1760  
   73   11.2  6.9  1.8  Sniffles2.INS.B2S22       1   160    (0) + (CAC)n         Simple_repeat          1    168    (0) 1761  
 1008   16.3  3.4  0.3  Sniffles2.INS.B2S25       1   510    (0) + ALR/Alpha      Satellite/centr        1    525    (0) 1762  
  117    0.0  0.0  9.2  Sniffles2.INS.B2S33       1   166    (0) + (GTATATATAC)n  Simple_repeat          1    152    (0) 1763  
  240    2.1  0.0  6.4  Sniffles2.INS.B3S13       1    50    (1) C SVA_F          Retroposon/SVA     (612)    763    717 1764  
   33    5.6  0.0  0.0  Sniffles2.INS.B3S24       1    37 (1279) + (CT)n          Simple_repeat          1     37    (0) 1765  
  560   22.5  1.0  0.3  Sniffles2.INS.B3S24      48  1316    (0) + (TCTC)n        Simple_repeat          1   1278    (0) 1766  
  982   16.4  0.6  0.3  Sniffles2.INS.B3S25       1   504    (6) + ALR/Alpha      Satellite/centr        1    505    (0) 1767  
   27   25.8  1.3  0.0  Sniffles2.INS.B4S24       3    80   (13) + (TCTCTC)n      Simple_repeat          1     79    (0) 1768  
  276   25.4  0.0  0.0  Sniffles2.INS.B4S2B       1    55    (5) + AluYa5         SINE/Alu             225    279   (32) 1769  
 1108   14.6  0.8  0.0  Sniffles2.INS.B5S25       5   678    (1) + ALR/Alpha      Satellite/centr        1    679    (0) 1770  
   16   25.0  0.0  0.0  Sniffles2.INS.B5S2B       1    44    (1) + (GAATG)n       Simple_repeat          1     44    (0) 1771  
   47   14.5  2.1  1.1  Sniffles2.INS.B6S24       3    95    (0) + (CTTT)n        Simple_repeat          1     94    (0) 1772  
   22   27.9  0.0  0.0  Sniffles2.INS.B6S2B       1    65    (0) + (AGTGG)n       Simple_repeat          1     65    (0) 1773  
   59    0.0  0.0  3.3  Sniffles2.INS.B7S1        1    62    (3) + (ATATATCAT)n   Simple_repeat          1     60    (0) 1774  
   56    3.5  0.0  0.0  Sniffles2.INS.B7S24       1    59    (1) + (CTTT)n        Simple_repeat          1     59    (0) 1775  
  119    0.0  0.0  6.1  Sniffles2.INS.B8S1        1   140    (3) + (ATATATCAT)n   Simple_repeat          1    132    (0) 1776  
   41    9.8  1.5  0.0  Sniffles2.INS.B8S23       1    65    (0) + (AGAA)n        Simple_repeat          1     66    (0) 1777  
 1683    6.3 16.9  0.0  Sniffles2.INS.B8S2B      11   265   (24) + AluY           SINE/Alu               1    298   (13) 1778  
   91    0.0  0.0  5.1  Sniffles2.INS.B9S1        1   103    (0) + (CATATATAT)n   Simple_repeat          1     98    (0) 1779  
  768    0.0  1.7  0.0  Sniffles2.INS.B9S11       1   692    (0) + (TA)n          Simple_repeat          1    704    (0) 1780  
  186   21.5  1.0  0.2  Sniffles2.INS.B9S24       1   409 (1515) + (CTCTCT)n      Simple_repeat          1    412    (0) 1781  
  272   23.2  1.8  0.9  Sniffles2.INS.B9S24     414   630 (1294) C HERVIP10FH-int LTR/ERV1          (4105)    997    779 1782  
  592   22.1  0.7  0.2  Sniffles2.INS.B9S24     631  1923    (1) + (TCTCTC)n      Simple_repeat          1   1299    (0) 1783  
  321   15.4  4.5  1.5  Sniffles2.INS.B9S2B      17    82    (0) + AluY           SINE/Alu             224    291   (10) 1784  
   20    2.5  3.9 10.4  Sniffles2.INS.B9S5        1    51    (0) + (TACAC)n       Simple_repeat          1     48    (0) 1785  
   30    9.0  5.1  0.0  Sniffles2.INS.BAS31       1    59    (4) + (TA)n          Simple_repeat          1     62    (0) 1786  
   23    9.7  0.0  6.4  Sniffles2.INS.BAS37       5    54    (2) + (TATATTA)n     Simple_repeat          1     47    (0) 1787  
  454   16.0 24.4  0.0  Sniffles2.INS.BBS18       5   135    (0) + AluSx          SINE/Alu              49    211   (91) 1788  
   37    0.0  7.4  0.0  Sniffles2.INS.BCS23       1    54    (0) + (AGAA)n        Simple_repeat          1     58    (0) 1789  
 1197    7.2  0.0  1.5  Sniffles2.INS.BCS2B       1   213   (53) + AluY           SINE/Alu              30    301    (0) 1790  
   29    9.6  0.0  0.0  Sniffles2.INS.BCS33      33    77  (141) + (GTGATG)n      Simple_repeat          1     45    (0) 1791  
   49   17.5  6.2  0.0  Sniffles2.INS.BCS37       9   136    (3) + (ATATATA)n     Simple_repeat          1    136    (0) 1792  
   58   17.2  0.0  2.6  Sniffles2.INS.BDS11       1   119    (0) + (TCCC)n        Simple_repeat          1    116    (0) 1793  
   96   23.7  0.0  0.9  Sniffles2.INS.BES2B       1   222    (0) + (TGGAA)n       Simple_repeat          1    220    (0) 1794  
   50    0.0  0.0  0.0  Sniffles2.INS.BFS11       1    45    (0) + (TTTC)n        Simple_repeat          1     45    (0) 1795  
   19   20.9  0.0  0.0  Sniffles2.INS.BFS2B       6    49    (1) + (GAATG)n       Simple_repeat          1     44    (0) 1796  
   74    0.0  3.3  3.3  Sniffles2.INS.BS25        1    90    (0) + (TTCCA)n       Simple_repeat          1     90    (0) 1797  
 1015   11.8  2.2  2.2  Sniffles2.INS.BS2D        1   213    (6) C HSATII         Satellite           (29)    213      1 1798  
 1023   16.1  0.4  0.0  Sniffles2.INS.BS2F        3   340    (0) + ALR/Alpha      Satellite/centr        1    339    (0) 1799  
  991   15.2  0.0  0.4  Sniffles2.INS.BS30        1   339    (3) + ALR/Alpha      Satellite/centr        1    337    (0) 1800  
  259    5.6  0.0  0.0  Sniffles2.INS.BS34       65   100    (1) C L1MCa          LINE/L1           (4408)   2100   2065 1801  
 1280   11.2  0.6  0.1  Sniffles2.INS.BS36        1   507    (1) C ALR/Alpha      Satellite/centr     (39)    509      1 1802  
   77   24.2  0.6  0.0  Sniffles2.INS.BS77        1   180    (0) + (TTCCA)n       Simple_repeat          1    181    (0) 1803  
  387   13.3  0.0  0.0  Sniffles2.INS.BS8         9    68    (0) + BSR/Beta       Satellite             40     99   (37) 1804  
  721   14.6  0.0  0.0  Sniffles2.INS.BSAD        1   146    (1) C ACRO1          Satellite/acro      (30)    146      1 1805  
  267   26.6  0.0  0.0  Sniffles2.INS.C0S2B      15    78    (3) + AluYj4         SINE/Alu             224    287   (24) 1806  
   22   17.8  4.9  3.2  Sniffles2.INS.C1S11       9    69    (6) + (TA)n          Simple_repeat          1     62    (0) 1807  
   30   11.6  5.4  0.0  Sniffles2.INS.C1S3A       3    58    (1) + (AT)n          Simple_repeat          1     59    (0) 1808  
   22   15.3  4.5  0.0  Sniffles2.INS.C2S33       6    49   (36) + (GT)n          Simple_repeat          1     46    (0) 1809  
   20   18.4  5.4  0.0  Sniffles2.INS.C2S33      50    61   (24) + G-rich         Low_complexity         1     59    (0) 1810  
  125   18.8  0.8  0.0  Sniffles2.INS.C3S2B      11   254    (8) + (ATTCC)n       Simple_repeat          1    246    (0) 1811  
   16   20.4  2.1  2.1  Sniffles2.INS.C3S38       3    49    (1) + (TTATAT)n      Simple_repeat          1     47    (0) 1812  
  682   15.7  1.6  0.5  Sniffles2.INS.C3S3A       1   157    (4) + AluJb          SINE/Alu              41    296    (6) 1813  
  303   20.4  0.0  0.0  Sniffles2.INS.C4S2B       1    54    (1) + Alu            SINE/Alu              90    143   (23) 1814  
  551    2.1  0.0  3.1  Sniffles2.INS.C5S38       1   100    (0) C SVA_F          Retroposon/SVA     (597)    778    682 1815  
  367    1.8  3.5  1.7  Sniffles2.INS.C6S1       33    89    (4) + L1P            LINE/L1             5341   5398  (757) 1816  
   39    0.0 10.5  0.0  Sniffles2.INS.C6S31       1    57    (7) + (GATA)n        Simple_repeat          1     63    (0) 1817  
   36    1.9  9.4  0.0  Sniffles2.INS.C6S5        4    56    (4) + (TA)n          Simple_repeat          1     58    (0) 1818  
   16   22.7  0.0  0.0  Sniffles2.INS.C7S2B       1    41    (9) + (AGTGG)n       Simple_repeat          1     41    (0) 1819  
   33    5.4  6.7  1.6  Sniffles2.INS.CBS11       5    64    (1) + (AT)n          Simple_repeat          1     63    (0) 1820  
   13   24.2  0.0  0.0  Sniffles2.INS.CBS13      90   128  (203) + (GCCCCCC)n     Simple_repeat          1     39    (0) 1821  
   13   24.2  0.0  0.0  Sniffles2.INS.CBS13     219   257   (74) + (GCCCCCC)n     Simple_repeat          1     39    (0) 1822  
   13   24.2  0.0  0.0  Sniffles2.INS.CBS13     287   325    (6) + (GCCCCCC)n     Simple_repeat          1     39    (0) 1822  
   35   21.8  1.2  0.0  Sniffles2.INS.CCS13       2    82    (0) + (TAA)n         Simple_repeat          1     82    (0) 1823  
   29   13.0  0.0  0.0  Sniffles2.INS.CCS33       1    51    (2) + (TATATAA)n     Simple_repeat          1     51    (0) 1824  
 1085   13.1  1.4  0.0  Sniffles2.INS.CFS25       5   333    (1) + ALR/Alpha      Satellite/centr        1    333    (0) 1825  
  311   20.0 11.2  1.9  Sniffles2.INS.CS16        1   143   (10) C HSATII         Satellite           (10)    160      5 1826  
   69    1.2  3.3  3.3  Sniffles2.INS.CS25        1    90    (0) + (TTCCA)n       Simple_repeat          1     90    (0) 1827  
  255   23.4  0.0  0.0  Sniffles2.INS.CS2B        1    47    (6) + AluJo          SINE/Alu             230    276   (36) 1828  
  992   17.5  0.0  0.6  Sniffles2.INS.CS2F        4   343    (1) + ALR/Alpha      Satellite/centr        1    337    (0) 1829  
 1170   14.0  0.7  0.0  Sniffles2.INS.CS30        1  1018    (0) + ALR/Alpha      Satellite/centr        1   1024    (0) 1830  
  580    9.8  0.0  0.0  Sniffles2.INS.CS34        1    95    (1) C CER            Satellite           (41)     95      1 1831  
 1179   12.3  0.3  0.1  Sniffles2.INS.CS36        3   850    (1) C ALR/Alpha      Satellite/centr     (80)    849      1 1832  
  637   15.0  0.0  1.0  Sniffles2.INS.CS8         2   135    (0) + BSR/Beta       Satellite              1    132    (0) 1833  
 1054    8.1  0.5  0.0  Sniffles2.INS.CSA8        1   429    (9) C ACRO1          Satellite/acro       (9)    431      1 1834  
 1000   12.3  0.5  0.0  Sniffles2.INS.CSAD        1   290    (1) C ACRO1          Satellite/acro      (30)    291      1 1835  
   26    3.4  0.0  0.0  Sniffles2.INS.CSBD        9    38   (20) + (ATTCC)n       Simple_repeat          1     30    (0) 1836  
   42    1.8  8.6  0.0  Sniffles2.INS.D0S6        5    62    (0) + (AT)n          Simple_repeat          1     63    (0) 1837  
   28    6.4  6.0  0.0  Sniffles2.INS.D1S11       1    51    (0) + (GGGGGGA)n     Simple_repeat          1     54    (0) 1838  
   54    0.0  0.0  0.0  Sniffles2.INS.D2S13       4    52    (0) + (CCAT)n        Simple_repeat          1     49    (0) 1839  
 1028   15.3  0.0  0.0  Sniffles2.INS.D2S25       8   389   (10) + ALR/Alpha      Satellite/centr        1    382    (0) 1840  
 1176   15.7  0.4  0.0  Sniffles2.INS.D3S25       1   853    (0) + ALR/Alpha      Satellite/centr        1    856    (0) 1841  
  343   15.3 16.2  2.2  Sniffles2.INS.D4S11       5    84    (8) C MLT1C2         LTR/ERVL-MaLR      (218)    243    153 1842  
   44   10.3  1.1  6.7  Sniffles2.INS.D4SBF       1    95    (1) + (TGCCT)n       Simple_repeat          1     90    (0) 1843  
   74   17.0  5.4  2.9  Sniffles2.INS.D6S13       3   206    (1) + (GGT)n         Simple_repeat          1    209    (0) 1844  
   35   18.2  0.0  0.0  Sniffles2.INS.D7S2        1    63   (33) + (T)n           Simple_repeat          1     63    (0) 1845  
   16   43.8  0.0  0.0  Sniffles2.INS.D7SBF      11    80    (0) + (AC)n          Simple_repeat          1     70    (0) 1846  
  764   11.8  0.9  1.8  Sniffles2.INS.D8S13      42   151    (2) C AluSc8         SINE/Alu            (10)    301    193 1847  
 1200   15.1  0.6  0.1  Sniffles2.INS.D8S23       6  4589    (2) C ALR/Alpha      Satellite/centr      (0)   4606      1 1848  
   20   12.5  0.0  5.4  Sniffles2.INS.D9S35       1    50    (0) + (AT)n          Simple_repeat          1     47    (0) 1849  
 1135   15.4  0.4  0.1  Sniffles2.INS.DAS25       1   850    (1) + ALR/Alpha      Satellite/centr        1    852    (0) 1850  
  386    9.3  0.0  1.9  Sniffles2.INS.DAS4        1    55    (1) + THE1C          LTR/ERVL-MaLR         60    113  (262) 1851  
   58    0.0  0.0  1.8  Sniffles2.INS.DASBF       1    57    (0) + (GGAAA)n       Simple_repeat          1     56    (0) 1852  
   89   11.3  7.6  1.9  Sniffles2.INS.DBS1        6   203    (2) + (TA)n          Simple_repeat          1    209    (0) 1853  
   28   18.8  0.0  0.0  Sniffles2.INS.DBS11       3    53    (1) + (AT)n          Simple_repeat          1     51    (0) 1854  
 1084   12.7  0.0  0.0  Sniffles2.INS.DBS25       1   165    (5) + ALR/Alpha      Satellite/centr        7    171    (0) 1855  
   29   13.2  3.5  0.0  Sniffles2.INS.DBS39       1    58    (0) + (GTGT)n        Simple_repeat          1     60    (0) 1856  
 1150   14.6  0.9  0.0  Sniffles2.INS.DCS25       1   506    (3) + ALR/Alpha      Satellite/centr        1    510    (0) 1857  
   38   21.0  0.0  0.0  Sniffles2.INS.DDS2B       2    84    (1) + (GAATG)n       Simple_repeat          1     83    (0) 1858  
   23   21.3  0.0  0.0  Sniffles2.INS.DES2B       1    54    (1) + (AATGG)n       Simple_repeat          1     54    (0) 1859  
   15   34.7  0.0  0.0  Sniffles2.INS.DES38       1    44  (826) + (AT)n          Simple_repeat          1     44    (0) 1860  
   15    0.0  5.3  0.0  Sniffles2.INS.DES38      44    62  (808) + (TG)n          Simple_repeat          1     20    (0) 1861  
   65    3.2  0.0  0.0  Sniffles2.INS.DES38      63   126  (744) + (TA)n          Simple_repeat          1     64    (0) 1862  
   16   11.2  6.7  0.0  Sniffles2.INS.DES38     127   156  (714) + (CA)n          Simple_repeat          1     32    (0) 1863 *
   21   28.2  0.0  0.0  Sniffles2.INS.DES38     148   156  (714) + (TA)n          Simple_repeat          1     11   (69) 1864  
   19    0.0  0.0  0.0  Sniffles2.INS.DES38     157   177  (693) + (TG)n          Simple_repeat          1     21    (0) 1865  
   21   28.2  0.0  0.0  Sniffles2.INS.DES38     178   227  (643) + (TA)n          Simple_repeat         12     80    (0) 1864  
   17    0.0  4.8  0.0  Sniffles2.INS.DES38     227   247  (623) + (TG)n          Simple_repeat          1     22    (0) 1866 *
   51    3.3  3.1  1.5  Sniffles2.INS.DES38     248   311  (559) + (TA)n          Simple_repeat          1     65    (0) 1867  
   16    0.0  5.0  0.0  Sniffles2.INS.DES38     313   332  (538) + (AC)n          Simple_repeat          1     21    (0) 1868  
   16    0.0  5.0  0.0  Sniffles2.INS.DES38     342   361  (509) + (TG)n          Simple_repeat          1     21    (0) 1869 *
  170   28.5  1.2  0.0  Sniffles2.INS.DES38     361   792   (78) + (TA)n          Simple_repeat          1    437    (0) 1870  
   18    0.0  0.0  0.0  Sniffles2.INS.DES38     792   811   (59) + (TG)n          Simple_repeat          1     20    (0) 1871 *
   55    3.7  0.0  0.0  Sniffles2.INS.DES38     812   867    (3) + (TA)n          Simple_repeat          1     56    (0) 1872  
   43   28.9  0.0  0.0  Sniffles2.INS.DFS2B       3   125    (0) + (GAATG)n       Simple_repeat          1    123    (0) 1873  
   34    0.0  0.0  0.0  Sniffles2.INS.DFS37      14    45   (10) + (T)n           Simple_repeat          1     32    (0) 1874  
   50    6.3  2.9  0.0  Sniffles2.INS.DFS39       1    68    (7) + (AT)n          Simple_repeat          1     70    (0) 1875  
  133    8.3  1.9  2.7  Sniffles2.INS.DS25        1   264    (3) + (TCCAT)n       Simple_repeat          1    261    (0) 1876  
 1031   16.1  0.0  0.3  Sniffles2.INS.DS2F        1   341    (1) + ALR/Alpha      Satellite/centr        1    340    (0) 1877  
 1221   11.7  0.1  0.0  Sniffles2.INS.DS36        1   850    (2) C ALR/Alpha      Satellite/centr     (28)    851      1 1878  
   14   14.6  5.0  2.4  Sniffles2.INS.DS5D       10    49    (1) + A-rich         Low_complexity         1     41    (0) 1879  
 1033    9.6  0.0  0.4  Sniffles2.INS.DS8         1   204    (1) + BSR/Beta       Satellite              1    203    (0) 1880  
 1054    8.4  0.5  0.1  Sniffles2.INS.DSA8        1   582    (1) C ACRO1          Satellite/acro      (56)    583      1 1881  
 1020    9.6  0.7  0.3  Sniffles2.INS.DSAD       11   438    (0) C ACRO1          Satellite/acro       (0)    429      1 1882  
   38   19.3  0.0  0.0  Sniffles2.INS.E0S2B       8    85   (34) + (GGAGT)n       Simple_repeat          1     78    (0) 1883  
   27    0.0  0.0  0.0  Sniffles2.INS.E0S2B      93   118    (1) + (GGAAT)n       Simple_repeat          1     26    (0) 1884  
   32    1.9  7.7  0.0  Sniffles2.INS.E1S11       1    53    (0) + (ATAATAT)n     Simple_repeat          1     57    (0) 1885  
   44   22.5  0.0  0.0  Sniffles2.INS.E1S2B       2   100  (279) + (TGGAG)n       Simple_repeat          1     99    (0) 1886  
  196    7.7  1.1  0.4  Sniffles2.INS.E1S2B     104   377    (2) + (GAATG)n       Satellite              1    276    (0) 1887  
   42    9.3  8.6  0.0  Sniffles2.INS.E1S4        2    82    (0) + (TA)n          Simple_repeat          1     88    (0) 1888  
   16   21.4  3.5  3.5  Sniffles2.INS.E2S2B      22    79    (1) + (GGAGT)n       Simple_repeat          1     58    (0) 1889  
   56    0.0  0.0  0.0  Sniffles2.INS.E2S38       1    48    (2) + (AT)n          Simple_repeat          1     48    (0) 1890  
   43   10.6  7.3  0.0  Sniffles2.INS.E2S4        2    83    (0) + (TA)n          Simple_repeat          1     88    (0) 1891  
   49    3.8  1.9  0.0  Sniffles2.INS.E3S38       1    54    (1) + (TA)n          Simple_repeat          1     55    (0) 1892  
  516    6.1  0.0  0.0  Sniffles2.INS.E5S24       1    66    (0) + MER9a1         LTR/ERVK             229    294  (219) 1893  
  488   15.9  4.0  0.0  Sniffles2.INS.E5S38       1   131    (1) + AluY           SINE/Alu              85    297    (4) 1894  
  890   12.0  0.0  0.8  Sniffles2.INS.E5S3A      60   184   (15) C AluSg          SINE/Alu           (184)    126      3 1895  
  133    0.9  0.0  0.0  Sniffles2.INS.E6S24       1   117    (0) + (TA)n          Simple_repeat          1    117    (0) 1896  
  752   11.9  0.0  0.0  Sniffles2.INS.E6S25     144   252    (3) C AluSc8         SINE/Alu            (10)    301    193 1897  
   36    3.8  7.4  0.0  Sniffles2.INS.E6S33       1    54    (0) + (TA)n          Simple_repeat          1     58    (0) 1898  
   46    4.1  0.0  0.0  Sniffles2.INS.E7S18       1    51    (1) + (GAAA)n        Simple_repeat          1     51    (0) 1899  
  434   15.6  1.9  1.0  Sniffles2.INS.E7S25       1   110  (143) + L1P4           LINE/L1             5281   5390  (793) 1900  
  738   14.6  1.6  1.6  Sniffles2.INS.E7S25     111   235   (18) + FLAM_C         SINE/Alu               9    133    (0) 1901  
   61   16.5  3.2  0.8  Sniffles2.INS.E7S33       1   123  (213) + (AT)n          Simple_repeat          1    126    (0) 1902  
   80    7.0  6.9  3.0  Sniffles2.INS.E7S3A       1   160    (3) + (CGC)n         Simple_repeat          1    166    (0) 1903  
   13   20.5  0.0  4.9  Sniffles2.INS.E7S5        1    43   (15) + (TTTCA)n       Simple_repeat          1     41    (0) 1904  
  516    7.7  1.5  0.0  Sniffles2.INS.E8S11       1    65    (1) + AluSg          SINE/Alu             120    185  (125) 1905  
  591   16.7  7.2  2.1  Sniffles2.INS.E9S3A       1  1651    (0) + (GATGA)n       Simple_repeat          1   1733    (0) 1906  
  274   17.1 12.9  0.0  Sniffles2.INS.EAS24       2    71    (1) C L1MB2          LINE/L1            (117)   6054   5976 1907  
   48    0.0  1.9  1.9  Sniffles2.INS.EAS38       1    52    (0) + (TTTC)n        Simple_repeat          1     52    (0) 1908  
  281   19.0  9.9  0.9  Sniffles2.INS.EBS33       7   107  (203) + AluSx          SINE/Alu             190    299    (3) 1909 *
  618   18.3  3.0  3.9  Sniffles2.INS.EBS33      98   228   (82) + LTR84a         LTR/ERVL             121    250  (507) 1910  
 1967   12.2  9.4  1.8  Sniffles2.INS.EBS3A       1  4965    (0) + (ATGAA)n       Simple_repeat          1   5337    (0) 1911  
 1135   13.8  0.4  0.0  Sniffles2.INS.ECS25       1  1364    (0) C ALR/Alpha      Satellite/centr     (26)   1369      1 1912  
 1135   14.1  0.4  0.2  Sniffles2.INS.EDS25       2  1365    (1) C ALR/Alpha      Satellite/centr      (0)   1366      1 1913  
  956   14.5  4.3  0.2  Sniffles2.INS.EES25       1   329    (1) C ALR/Alpha      Satellite/centr     (37)    342      1 1914  
   24    7.8  7.3  0.0  Sniffles2.INS.EES6        1    41    (9) + (TA)n          Simple_repeat          1     44    (0) 1915  
  956   14.5  4.3  0.2  Sniffles2.INS.EFS25       1   329    (1) C ALR/Alpha      Satellite/centr     (37)    342      1 1916  
 4988   18.1  3.5  4.0  Sniffles2.INS.EFS4        2   994    (1) + L1M1           LINE/L1              181   1168 (6397) 1917  
  344   15.5  5.2  0.0  Sniffles2.INS.ES16        1    58    (0) + AluJb          SINE/Alu             226    286   (26) 1918  
  453   18.9  3.7  7.2  Sniffles2.INS.ES25        2   369    (1) + HSATII         Satellite              1    355    (5) 1919  
  244   21.7  3.3  0.0  Sniffles2.INS.ES2B        6    65    (0) + AluYk2         SINE/Alu             232    293   (18) 1920  
  898   11.6  5.7  1.6  Sniffles2.INS.ES30        1   166    (0) + ALR/Alpha      Satellite/centr        1    172    (0) 1921  
  529   13.1  3.4  0.0  Sniffles2.INS.ES34        1   131    (5) C CER            Satellite           (33)    135      1 1922  
 1192   11.7  0.3  0.0  Sniffles2.INS.ES36        2   504    (0) C ALR/Alpha      Satellite/centr      (0)    504      1 1923  
 1001    7.7  1.4  0.0  Sniffles2.INS.ESBB        1   288    (0) C ACRO1          Satellite/acro      (41)    292      1 1924  
 1004   14.7  0.5  0.0  Sniffles2.INS.F0S25       4   677    (2) C ALR/Alpha      Satellite/centr      (0)    677      1 1925  
  964   15.5  1.0  0.0  Sniffles2.INS.F1S25       2   339    (1) C ALR/Alpha      Satellite/centr     (12)    341      1 1926  
  942   15.4  0.0  0.7  Sniffles2.INS.F2S25       1   343    (1) C ALR/Alpha      Satellite/centr     (69)    340      1 1927  
  947   15.2  0.0  0.0  Sniffles2.INS.F4S25       2   166    (5) C ALR/Alpha      Satellite/centr      (6)    165      1 1928  
   24   16.4  3.9  1.9  Sniffles2.INS.F5S33       1    52    (0) + (AT)n          Simple_repeat          1     53    (0) 1929  
   18   11.6 15.8  0.0  Sniffles2.INS.F6S11       2    58    (5) + (TA)n          Simple_repeat          1     66    (0) 1930  
  442    2.7  5.4  0.0  Sniffles2.INS.F6S4        1    74    (0) + SVA_F          Retroposon/SVA       752    829  (546) 1931  
  795    9.4  1.1  0.1  Sniffles2.INS.F6S5        5   121    (0) C AluSx          SINE/Alu             (0)    302    198 1932  
   29   12.5  1.8  1.8  Sniffles2.INS.F7S11       1    56    (0) + (CTTC)n        Simple_repeat          1     56    (0) 1933  
  148    7.7  3.8  0.8  Sniffles2.INS.F8S18       2   238    (2) + (TATATAT)n     Simple_repeat          1    244    (0) 1934  
   51    0.0  5.6  0.0  Sniffles2.INS.F9S4        1    54    (0) + (TA)n          Simple_repeat          1     57    (0) 1935  
   50   21.6  0.0  0.0  Sniffles2.INS.FAS33       1    97    (0) + G-rich         Low_complexity         1     97    (0) 1936  
   26   10.5  7.8  0.0  Sniffles2.INS.FCS2        1    51    (2) + (AT)n          Simple_repeat          1     55    (0) 1937  
   25   18.7  2.7  5.6  Sniffles2.INS.FCS4        1    74    (4) + (TA)n          Simple_repeat          1     72    (0) 1938  
  177   18.4  4.8  0.5  Sniffles2.INS.FES0        1   412    (0) + G-rich         Low_complexity         1    430    (0) 1939  
  899   11.8  0.8  0.4  Sniffles2.INS.FFS25       3   169    (1) C ALR/Alpha      Satellite/centr      (8)    167      1 1940  
   29   18.4  5.3  0.0  Sniffles2.INS.FFSBF       6    80    (5) + (TATAT)n       Simple_repeat          1     79    (0) 1941  
   17   18.4  0.0  0.0  Sniffles2.INS.FS16        1    37   (83) + (GAGTG)n       Simple_repeat          1     37    (0) 1942  
   37    6.6  0.0  0.0  Sniffles2.INS.FS16       45    92   (28) + (GGAAT)n       Simple_repeat          1     48    (0) 1943  
 1060   14.6  0.0  2.3  Sniffles2.INS.FS2F        1   683    (2) + ALR/Alpha      Satellite/centr        1    667    (0) 1944  
  453   16.9  0.0  0.0  Sniffles2.INS.FS34        4    91    (0) C CER            Satellite           (17)     88      1 1945  
 1221   11.8  0.3  0.0  Sniffles2.INS.FS36        1   849    (2) C ALR/Alpha      Satellite/centr     (28)    851      1 1946  
  227   15.8  1.4 10.8  Sniffles2.INS.FS5D       12    82    (7) C HSATII         Satellite           (10)    160     96 1947  
  942   14.1  0.2  0.6  Sniffles2.INS.FS8         1   884    (2) + BSR/Beta       Satellite              1    880    (0) 1948  
   46    2.3  0.0  0.0  Sniffles2.INS.FSA7       24    67  (245) + (GT)n          Simple_repeat          1     44    (0) 1949  
   87   27.6  0.4  0.0  Sniffles2.INS.FSA7       74   311    (1) + (TCTC)n        Simple_repeat          1    239    (0) 1950  
   22   18.9  0.0  0.0  Sniffles2.INS.FSBD        1    48    (2) + (TTCCA)n       Simple_repeat          1     48    (0) 1951  
