   SW   perc perc perc  query                 position in query    matching       repeat              position in repeat
score   div. del. ins.  sequence              begin end   (left)   repeat         class/family      begin  end    (left)   ID

  330   15.6  0.0  0.0  Sniffles2.INS.0S2B        4    48   (10) + FRAM           SINE/Alu              98    142   (34)    1  
 1457    3.7  0.0  0.0  Sniffles2.INS.0S32       16   214    (2) C AluYc          SINE/Alu             (0)    299    107    2  
 1223   14.7  0.0  0.0  Sniffles2.INS.0S36        1   341    (1) C ALR/Alpha      Satellite/centr     (13)    341      1    3  
  890   14.1  0.0  0.6  Sniffles2.INS.0S5D        1   157    (6) + ALR/Alpha      Satellite/centr        4    159   (12)    4  
  777   11.4  2.0  2.0  Sniffles2.INS.0S7B        1   166    (4) + ALR/Alpha      Satellite/centr        1    166    (0)    5  
 2882    0.7  0.0  0.7  Sniffles2.INS.0SB3       17   326    (0) + AluYi6         SINE/Alu               1    308    (3)    6  
  101   19.8  2.7  0.0  Sniffles2.INS.100S18      2   221    (7) + (AT)n          Simple_repeat          1    226    (0)    7  
   43    0.0  2.1  2.1  Sniffles2.INS.101S31      1    47    (0) + (TTC)n         Simple_repeat          1     47    (0)    8  
  516    6.1  0.0  0.0  Sniffles2.INS.102S24      1    66    (0) + MER9a1         LTR/ERVK             229    294  (219)    9  
   27    9.0  6.4  0.0  Sniffles2.INS.103S1       2    48    (2) + (AT)n          Simple_repeat          1     50    (0)   10  
   46    5.9  0.0  0.0  Sniffles2.INS.103S11      1    53    (1) + (TG)n          Simple_repeat          1     53    (0)   11  
   31   12.3  0.0  0.0  Sniffles2.INS.103S39      1    53    (1) + (ATTTTAT)n     Simple_repeat          1     53    (0)   12  
  807   17.6  0.4  0.0  Sniffles2.INS.104S25      1   170    (1) C ALR/Alpha      Satellite/centr     (32)    170      1   13  
  274   17.1 12.9  0.0  Sniffles2.INS.105S24      2    71    (1) C L1MB2          LINE/L1            (117)   6054   5976   14  
  361   11.3  0.0  0.0  Sniffles2.INS.105S25      1    53    (0) C ALR/Alpha      Satellite/centr    (107)     64     12   15  
   23   33.3  0.0  0.0  Sniffles2.INS.105S33      1    68    (2) + (AT)n          Simple_repeat          1     68    (0)   16  
   40    3.3  4.5  3.0  Sniffles2.INS.105S35      1    66    (0) + (AAAG)n        Simple_repeat          1     67    (0)   17  
  638   15.8  2.5  4.3  Sniffles2.INS.106S33      4   122    (0) C AluJb          SINE/Alu           (177)    125      9   18  
   36    6.5  2.0  0.0  Sniffles2.INS.107S22      3    51    (0) + (GA)n          Simple_repeat          1     50    (0)   19  
  228    4.0  0.0  2.0  Sniffles2.INS.107S38      1    51    (0) + SVA_F          Retroposon/SVA       687    736  (639)   20  
  402    3.9  3.9  0.0  Sniffles2.INS.107S6       1    51    (0) C Alu            SINE/Alu           (234)     68     16   21  
   24   21.4  0.0  0.0  Sniffles2.INS.109S39      1    46    (8) + (TA)n          Simple_repeat          1     46    (0)   22  
   21   15.0  0.0  6.1  Sniffles2.INS.10AS18      1    52    (4) + G-rich         Low_complexity         1     49    (0)   23  
   16   23.7  2.5  0.0  Sniffles2.INS.10CS22      1    40   (14) + (AT)n          Simple_repeat          1     41    (0)   24  
   27   15.6  0.0  6.3  Sniffles2.INS.10CS39      2    68    (1) + (TATGTG)n      Simple_repeat          1     63    (0)   25  
   24   24.0  0.0  0.0  Sniffles2.INS.10DS22      1    54    (4) + (AT)n          Simple_repeat          1     54    (0)   26  
   32   13.7  0.0  0.0  Sniffles2.INS.10S16       2    57   (11) + (AGTGG)n       Simple_repeat          1     56    (0)   27  
   58   17.4 10.1  1.4  Sniffles2.INS.10S29       1   199    (2) + (TA)n          Simple_repeat          1    216    (0)   28  
  256   13.9  0.0  0.0  Sniffles2.INS.10S2B      10    45    (0) + Alu            SINE/Alu              93    128   (38)   29  
  980   15.3  0.2  1.6  Sniffles2.INS.10S2F       1   344    (2) + ALR/Alpha      Satellite/centr        1    338    (0)   30  
  615    9.0  0.0  0.0  Sniffles2.INS.10S34       1    96    (0) C CER            Satellite           (40)     96      1   31  
 1263   11.4  0.5  0.1  Sniffles2.INS.10S36       2   852    (0) C ALR/Alpha      Satellite/centr     (12)    854      1   32  
   24   16.6  0.0  0.0  Sniffles2.INS.10S5C       8    54   (11) + (GAGTG)n       Simple_repeat          1     47    (0)   33  
   26   14.0  0.0  0.0  Sniffles2.INS.10S5D       1    47    (3) + (GGAAT)n       Simple_repeat          1     47    (0)   34  
   39    2.4  0.0  2.3  Sniffles2.INS.10SAD       1    45    (0) + (AGGA)n        Simple_repeat          1     44    (0)   35  
  367   11.1  0.0  0.0  Sniffles2.INS.10SB4      16    69   (75) C L1P1           LINE/L1           (6099)     56      3   36  
  367   11.1  0.0  0.0  Sniffles2.INS.10SB4      88   141    (3) C L1P1           LINE/L1           (6099)     56      3   36  
   34   14.2  0.0  0.0  Sniffles2.INS.110S38     23    77    (0) + (A)n           Simple_repeat          1     55    (0)   37  
   22    3.1  0.0  5.7  Sniffles2.INS.111S11     14    50    (1) + (AGGG)n        Simple_repeat          1     35    (0)   38  
 1092    2.2  1.4  1.4  Sniffles2.INS.113S1      66   206    (0) C TAR1           Satellite/subtelo   (43)   2067   1927   39  
  179    7.5  5.4  0.6  Sniffles2.INS.113S22      1   298    (0) + (ATATATG)n     Simple_repeat          1    312    (0)   40  
  234    6.1 14.0  1.8  Sniffles2.INS.113S31      3    52   (33) + AluSx          SINE/Alu              54    109  (193)   41  
   43    8.9  0.0  8.8  Sniffles2.INS.113S35      1    87    (5) + (TA)n          Simple_repeat          1     80    (0)   42  
 1681   19.9 11.3  0.7  Sniffles2.INS.115S24    167   581  (176) + MER65C         LTR/ERV1               1    459    (2)   43  
   33    8.0  0.0  3.6  Sniffles2.INS.116S13      1    57    (1) + (ATATATT)n     Simple_repeat          1     55    (0)   44  
   68    2.1  4.7  4.7  Sniffles2.INS.116S4       8   114    (3) + (AT)n          Simple_repeat          1    107    (0)   45  
   30    0.0  0.0  3.1  Sniffles2.INS.118S6       1    33   (17) + (TTTC)n        Simple_repeat          1     32    (0)   46  
   24    7.6  7.1  0.0  Sniffles2.INS.119S22      5    46    (0) + (TA)n          Simple_repeat          1     45    (0)   47  
   16   21.0  2.4  2.4  Sniffles2.INS.11BS25      9    49   (24) + (TA)n          Simple_repeat          1     41    (0)   48  
   23   37.2  1.2  0.0  Sniffles2.INS.11CS1       3    82    (3) + (AT)n          Simple_repeat          1     81    (0)   49  
   35    9.3  4.0  4.0  Sniffles2.INS.11CS18      5    79    (1) + (GAGT)n        Simple_repeat          1     75    (0)   50  
   47    0.0  2.0  2.0  Sniffles2.INS.11CS2       1    51    (0) + (TTCT)n        Simple_repeat          1     51    (0)   51  
   73    5.0  7.3  3.8  Sniffles2.INS.11DS18      7   184    (2) + (GAGT)n        Simple_repeat          1    184    (0)   52  
 1713    2.1  0.0  0.0  Sniffles2.INS.11DS25     17   202   (10) + AluYa5         SINE/Alu             116    301   (10)   53  
   61    2.6  4.9  1.2  Sniffles2.INS.11DS37      1    82    (4) + (CCTT)n        Simple_repeat          1     85    (0)   54  
   38    3.6  5.2  0.0  Sniffles2.INS.11FS22      1    60    (0) + (GGGGGA)n      Simple_repeat          1     63    (0)   55  
  795    1.1  0.0  0.0  Sniffles2.INS.11FS25      1    89    (0) + L1P1           LINE/L1             4000   4088 (2058)   56  
 1364   10.6  2.5  2.1  Sniffles2.INS.11FS5       3   243    (5) + L1MA3          LINE/L1             5835   6076  (229)   57  
  474   17.3  5.6  6.5  Sniffles2.INS.11S15       5   299    (1) C HSATII         Satellite            (0)    292      1   58  
   82    7.8  0.6  5.7  Sniffles2.INS.11S1F       1   166    (2) + (GCTG)n        Simple_repeat          1    158    (0)   59  
  316   21.8  2.5  1.2  Sniffles2.INS.11S23       4    82  (230) C L1M4           LINE/L1           (3086)   3060   2981   60  
  234   26.3  2.6  1.3  Sniffles2.INS.11S23      67   143  (169) C L1M5           LINE/L1           (3086)   3060   2983   61 *
  278   23.7  2.6  1.3  Sniffles2.INS.11S23     130   206  (106) C L1M4           LINE/L1           (3086)   3060   2983   60  
  262   21.1  0.0  0.0  Sniffles2.INS.11S23     193   244   (68) C L1M4           LINE/L1           (3086)   3060   3009   62 *
   69    2.3  3.2  3.2  Sniffles2.INS.11S25       1    95    (0) + (TTCCA)n       Simple_repeat          1     95    (0)   63  
 1012   16.3  0.2  0.3  Sniffles2.INS.11S2F       1   339    (2) + ALR/Alpha      Satellite/centr        1    338    (0)   64  
 1027   17.1  0.0  0.7  Sniffles2.INS.11S30       1   342    (1) + ALR/Alpha      Satellite/centr        1    339    (0)   65  
  987   14.5  0.0  0.0  Sniffles2.INS.11S36       1   170    (1) C ALR/Alpha      Satellite/centr     (12)    170      1   66  
  347    2.5  8.6  0.0  Sniffles2.INS.11S3A       1   498    (0) + (GT)n          Simple_repeat          1    541    (0)   67  
  340    4.6  0.3  0.0  Sniffles2.INS.11S4        1   366    (1) + (ATCC)n        Simple_repeat          1    367    (0)   68  
   88   14.0  0.0  0.0  Sniffles2.INS.11S5D       1   144    (1) + (TGGAA)n       Simple_repeat          1    144    (0)   69  
  420   13.6  0.0  0.0  Sniffles2.INS.11S8        4    62    (5) C BSR/Beta       Satellite           (17)    119     61   70  
 1048    7.6  0.0  0.0  Sniffles2.INS.11SAD       1   145    (2) C ACRO1          Satellite/acro       (0)    147      3   71  
 1080   17.3  0.2  0.2  Sniffles2.INS.11SB0       1   509    (3) + ALR/Alpha      Satellite/centr        1    509    (0)   72  
   51    0.0  3.5  1.7  Sniffles2.INS.120S22      1    58    (0) + (CTTT)n        Simple_repeat          1     59    (0)   73  
   43    1.9  1.8  3.6  Sniffles2.INS.121S13      1    57    (1) + (GGCTGAGG)n    Simple_repeat          1     56    (0)   74  
   54   27.0  0.0  0.0  Sniffles2.INS.122S6       1   134    (0) + (AT)n          Simple_repeat          1    134    (0)   75  
 1088   14.8  0.0  0.0  Sniffles2.INS.124S23      1   683    (0) + ALR/Alpha      Satellite/centr        1    683    (0)   76  
  235   15.8  0.0  0.0  Sniffles2.INS.124S5       3    40   (12) C MSTB           LTR/ERVL-MaLR      (356)     70     33   77  
   28   12.8  5.4  4.0  Sniffles2.INS.125S18      6    79    (2) + (GAGT)n        Simple_repeat          1     75    (0)   78  
   59    0.0  0.0  0.0  Sniffles2.INS.125S39      1    53    (0) + (AAAAG)n       Simple_repeat          1     53    (0)   79  
   40    0.0  7.8  0.0  Sniffles2.INS.126S33      1    51    (0) + (TTTC)n        Simple_repeat          1     55    (0)   80  
   24   25.7  0.0  3.0  Sniffles2.INS.12AS22     37   104    (0) + (GT)n          Simple_repeat          1     66    (0)   81  
  294   16.7  5.0  0.0  Sniffles2.INS.12AS31      1    60    (5) + AluSx          SINE/Alu             136    198  (104)   82  
   38    0.0  0.0  4.8  Sniffles2.INS.12AS33      1    44    (1) + (ATATATA)n     Simple_repeat          1     42    (0)   83  
 2446    9.5  0.0  0.0  Sniffles2.INS.12CS5      22   327  (432) C AluSx1         SINE/Alu             (6)    306      1   84  
  366   18.5  0.0  0.0  Sniffles2.INS.12CS5     331   395  (364) C MLT1J          LTR/ERVL-MaLR      (447)     65      1   85  
   21   13.9  0.0  0.0  Sniffles2.INS.12CS5     519   551  (208) + (AT)n          Simple_repeat          1     33    (0)   86  
   42   10.4  0.0  0.0  Sniffles2.INS.12CS5     552   614  (145) + (TG)n          Simple_repeat          1     63    (0)   87  
  887   11.9  0.7  2.2  Sniffles2.INS.12CS5     621   757    (2) C LTR23          LTR/ERV1             (2)    435    301   88  
   58   20.7  0.9 10.5  Sniffles2.INS.12DS22      1   219    (7) + (TA)n          Simple_repeat          1    200    (0)   89  
 1410   16.8  6.9  1.0  Sniffles2.INS.12DS6       1   288   (71) C L1MC3          LINE/L1            (276)   7509   7205   90  
   21    0.0  0.0 12.8  Sniffles2.INS.12FS4       1    44    (9) + (GGGGA)n       Simple_repeat          1     39    (0)   91  
  329   18.3  7.0  6.0  Sniffles2.INS.12S15      17   484    (1) C HSATII         Satellite            (4)    472      1   92  
   62   20.6  0.0  0.0  Sniffles2.INS.12S16       1   129    (1) + (AATGG)n       Simple_repeat          1    129    (0)   93  
  262   22.7  4.0  1.3  Sniffles2.INS.12S23      27   102  (401) C L1M4           LINE/L1           (3086)   3060   2983   94 *
  285   23.7  2.6  1.3  Sniffles2.INS.12S23      89   165  (338) C L1M4           LINE/L1           (3086)   3060   2983   94 *
  286   23.7  2.6  1.3  Sniffles2.INS.12S23     152   228  (275) C L1M4           LINE/L1           (3086)   3060   2983   94 *
  310   21.8  2.5  2.5  Sniffles2.INS.12S23     215   294  (209) C L1M4           LINE/L1           (3086)   3060   2981   94  
  226   26.3  2.6  1.3  Sniffles2.INS.12S23     343   419   (84) C L1M4           LINE/L1           (3086)   3060   2983   94 *
  262   21.1  0.0  0.0  Sniffles2.INS.12S23     406   457   (46) C L1M4           LINE/L1           (3086)   3060   3009   95  
  133    8.9  1.9  2.3  Sniffles2.INS.12S25       1   268    (3) + (TCCAT)n       Simple_repeat          1    266    (0)   96  
   19   32.0  0.0  0.0  Sniffles2.INS.12S29       3    69    (2) + (TATAACA)n     Simple_repeat          1     67    (0)   97  
  311   19.6  0.0  0.0  Sniffles2.INS.12S2B       5    55    (9) + AluYe5         SINE/Alu             225    275   (35)   98  
   37    0.0  0.0  0.0  Sniffles2.INS.12S30       2    35  (746) + (T)n           Simple_repeat          1     34    (0)   99  
 5967    1.1  0.0  0.1  Sniffles2.INS.12S30     121   781    (0) C L1HS           LINE/L1              (0)   6155   5496  100  
  529   13.1  3.4  0.0  Sniffles2.INS.12S34       1   131    (5) C CER            Satellite           (33)    135      1  101  
  273   19.1  3.2  0.0  Sniffles2.INS.12S8        3    65    (1) C BSR/Beta       Satellite           (69)     67      3  102  
 1054    7.2  0.6  0.0  Sniffles2.INS.12SAD       1   281   (10) C ACRO1          Satellite/acro      (10)    282      1  103  
   18   15.4  0.0  0.0  Sniffles2.INS.12SBD      16    51    (4) + (TTCCA)n       Simple_repeat          1     36    (0)  104  
   35   10.5  3.1  1.5  Sniffles2.INS.130S11      1    65    (0) + GA-rich        Low_complexity         1     66    (0)  105  
   21   18.4  2.0  0.0  Sniffles2.INS.131S33      1    49    (3) + (ATAT)n        Simple_repeat          1     50    (0)  106  
   26   13.0  1.8  3.6  Sniffles2.INS.136S1       1    56    (0) + GA-rich        Low_complexity         1     55    (0)  107  
   49    0.0 13.8  0.0  Sniffles2.INS.137S5       4    83    (0) + (TA)n          Simple_repeat          1     91    (0)  108  
   49   22.9  1.1  8.0  Sniffles2.INS.13BS11      1   188   (13) + (AT)n          Simple_repeat          1    176    (0)  109  
   82   14.4  7.8  0.5  Sniffles2.INS.13BS18      5   197    (0) + (AC)n          Simple_repeat          1    207    (0)  110  
  282   15.0  0.0  0.0  Sniffles2.INS.13BS25      1    40  (141) C AluYc3         SINE/Alu           (260)     40      1  111  
  981    0.0  0.0  2.6  Sniffles2.INS.13BS25     63   181    (0) C SVA_F          Retroposon/SVA       (0)   1375   1260  112  
   31   15.2  0.0  0.0  Sniffles2.INS.13CS1       3    53    (5) + (C)n           Simple_repeat          1     51    (0)  113  
 1256   12.0  0.3  0.7  Sniffles2.INS.13CS3A      1   822    (0) + ALR/Alpha      Satellite/centr        1    818    (0)  114  
   32    4.2  3.9  1.9  Sniffles2.INS.13FS22      2    53    (0) + (AAAAG)n       Simple_repeat          1     53    (0)  115  
   17    0.0  0.0  0.0  Sniffles2.INS.13FS24      1    19  (189) + (A)n           Simple_repeat          1     19    (0)  116  
  328   24.2  5.2  2.9  Sniffles2.INS.13FS24     20   155   (53) + HAL1ME         LINE/L1              877   1015 (1450)  117  
  347   20.5  0.0  0.0  Sniffles2.INS.13FS4      43   120   (78) C MER33          DNA/hAT-Charlie     (12)    312    235  118  
  430   16.0  5.3  0.0  Sniffles2.INS.13FS4     124   198    (0) + AluJb          SINE/Alu             109    187  (115)  119  
  137    0.0  0.8  0.0  Sniffles2.INS.13S12       1   120    (0) + (AT)n          Simple_repeat          1    121    (0)  120  
  531   18.2  5.3  5.5  Sniffles2.INS.13S15      10   567   (85) C HSATII         Satellite            (4)    557      1  121  
   23   23.7  0.0  0.0  Sniffles2.INS.13S15     584   642   (10) + (GAATG)n       Satellite              1     59    (0)  122  
  477   18.6  3.7  7.2  Sniffles2.INS.13S25       2   369    (1) + HSATII         Satellite              1    355    (5)  123  
 1109   13.0  1.6  0.2  Sniffles2.INS.13S2F       5   337    (1) + ALR/Alpha      Satellite/centr        1    337    (0)  124  
 1087   13.1  1.8  0.0  Sniffles2.INS.13S30       1   334    (1) + ALR/Alpha      Satellite/centr        1    339    (0)  125  
   22   23.3  0.0  0.0  Sniffles2.INS.13S5D       5    59    (0) + (TGGAA)n       Simple_repeat          1     55    (0)  126  
  367   17.2  0.0  1.6  Sniffles2.INS.13S8        4    68    (1) C BSR/Beta       Satellite           (29)    107     44  127  
   35    9.8  0.0  0.0  Sniffles2.INS.140S24      1    55    (0) + (TCCAT)n       Simple_repeat          1     55    (0)  128  
  284    2.4  3.0  2.7  Sniffles2.INS.141S38      1   402    (0) + (GAA)n         Simple_repeat          1    403    (0)  129  
   19   30.3  4.5  0.0  Sniffles2.INS.142S33      2    67    (0) + (TA)n          Simple_repeat          1     69    (0)  130  
 1012    2.9  0.0  4.7  Sniffles2.INS.143S13      1   179    (0) + SVA_F          Retroposon/SVA       659    829  (546)  131  
   58    6.0  0.0  0.0  Sniffles2.INS.143S25      1    70    (0) + (ATATT)n       Simple_repeat          1     70    (0)  132  
   28   11.7  0.0  0.0  Sniffles2.INS.144S13      3    49    (2) + (AATAC)n       Simple_repeat          1     47    (0)  133  
   39    0.0  0.0  0.0  Sniffles2.INS.144S24      1    36   (14) + (CCATT)n       Simple_repeat          1     36    (0)  134  
   91    8.6  2.6  2.6  Sniffles2.INS.144S25      1   156    (0) + (ATATT)n       Simple_repeat          1    156    (0)  135  
   40   19.1  1.2  0.0  Sniffles2.INS.145S1       1    82    (0) + (TCCT)n        Simple_repeat          1     83    (0)  136  
   38    0.0  2.6  0.0  Sniffles2.INS.145S31      1    39   (11) + (AAAG)n        Simple_repeat          1     40    (0)  137  
  142   13.5  2.2  5.1  Sniffles2.INS.146S25      6   327    (0) + (TTATATA)n     Simple_repeat          1    313    (0)  138  
   26   13.6  1.6  4.9  Sniffles2.INS.146S33      1    63    (0) + (TGAGTG)n      Simple_repeat          1     61    (0)  139  
   32    7.6  5.4  0.0  Sniffles2.INS.146S38      1    56    (2) + (AT)n          Simple_repeat          1     59    (0)  140  
  261    0.0  0.0  4.2  Sniffles2.INS.147S11      1    50    (0) + SVA_F          Retroposon/SVA       708    755  (620)  141  
  198   29.1  0.0  0.0  Sniffles2.INS.147S33     17    71    (5) C L2a            LINE/L2              (3)   3423   3369  142  
   60    6.2  3.7  3.7  Sniffles2.INS.148S5       1   110    (0) + (TATATAT)n     Simple_repeat          1    110    (0)  143  
   31   15.3  0.0  0.0  Sniffles2.INS.14AS24      1    58    (1) + (ATTCC)n       Simple_repeat          1     58    (0)  144  
   82    5.0  2.9  0.0  Sniffles2.INS.14AS31      1   103    (0) + (AT)n          Simple_repeat          1    106    (0)  145  
  101    0.0  0.0  0.0  Sniffles2.INS.14BS6       1    88    (0) + (C)n           Simple_repeat          1     88    (0)  146  
  445   20.0  2.6  6.4  Sniffles2.INS.14CS24      4   200    (2) + HSATII         Satellite              1    189    (7)  147  
   46    4.1  0.0  0.0  Sniffles2.INS.14DS38      1    51    (0) + (TTCT)n        Simple_repeat          1     51    (0)  148  
 1441    9.3  6.4  0.0  Sniffles2.INS.14FS1       1   204  (170) C LTR45B         LTR/ERV1           (271)    218      2  149  
  633   12.2  3.2  0.5  Sniffles2.INS.14FS1     255   374    (0) + AluSx          SINE/Alu               7    220   (82)  150  
   25   20.9  0.0  0.0  Sniffles2.INS.14S16       1    56    (4) + (GGAAT)n       Simple_repeat          1     56    (0)  151  
  251   20.6  1.4  1.4  Sniffles2.INS.14S23       1    69   (65) C L1MB7          LINE/L1            (117)   6067   5999  152 *
  292   21.9  1.2  1.2  Sniffles2.INS.14S23      52   134    (0) C L1MB7          LINE/L1            (101)   6083   6001  153  
   29   21.7  0.0  1.4  Sniffles2.INS.14S28       1    71    (2) + (TTTC)n        Simple_repeat          1     70    (0)  154  
  827   16.2  0.4  1.2  Sniffles2.INS.14S30       1   171    (1) + ALR/Alpha      Satellite/centr        1    169    (0)  155  
 1213   14.4  0.0  0.0  Sniffles2.INS.14S65       1   683    (1) + ALR/Alpha      Satellite/centr        1    683    (0)  156  
  432   14.1  0.0  0.0  Sniffles2.INS.14S8        2    65    (0) C BSR/Beta       Satellite           (37)     99     36  157  
  884   11.3  0.0  0.0  Sniffles2.INS.14SBA       2   169    (3) + ALR/Alpha      Satellite/centr        1    168    (5)  158  
 1088    5.0  1.0  3.7  Sniffles2.INS.151S22      1   263    (8) C SVA_F          Retroposon/SVA     (520)    855    523  159  
 1261   14.8  0.6  1.0  Sniffles2.INS.152SBF      1  6065    (0) + ALR/Alpha      Satellite/centr        1   6041    (0)  160  
  524    4.5  0.0  0.0  Sniffles2.INS.153S33      1    67   (24) + Alu            SINE/Alu             235    301    (0)  161  
28042    1.5  0.3  0.2  Sniffles2.INS.153SBF      1  6054    (7) C L1HS           LINE/L1              (0)   6155    124  162  
 1086   15.4  1.2  0.2  Sniffles2.INS.156S23      1  1018    (0) + ALR/Alpha      Satellite/centr        1   1028    (0)  163  
 1088   14.8  0.0  0.0  Sniffles2.INS.157S23      4   339    (4) + ALR/Alpha      Satellite/centr        1    336    (0)  164  
 1073   14.1  0.7  1.1  Sniffles2.INS.158S23      4   339    (3) + ALR/Alpha      Satellite/centr        1    334    (0)  165  
  388   17.2  0.0  0.0  Sniffles2.INS.158S6     106   163    (0) C Alu            SINE/Alu            (16)    285    228  166  
 2865    0.3  0.0  0.0  Sniffles2.INS.15BS11     15   314    (0) + AluYb8         SINE/Alu               1    300   (18)  167  
  186   11.4  3.2  3.5  Sniffles2.INS.15BS25      2   375    (4) + (TATAATA)n     Simple_repeat          1    373    (0)  168  
   38    6.2  0.0  1.9  Sniffles2.INS.15CS1       1    53    (0) + (CTT)n         Simple_repeat          1     52    (0)  169  
  401    2.9  0.0  1.5  Sniffles2.INS.15CS37      1    69    (0) C SVA_F          Retroposon/SVA     (604)    771    704  170  
   45    0.0  2.2  0.0  Sniffles2.INS.15ES18      1    45    (0) + (TTCTC)n       Simple_repeat          1     46    (0)  171  
   89    0.7 12.2  0.6  Sniffles2.INS.15ES25     12   159    (2) + (TA)n          Simple_repeat          1    165    (0)  172  
  329    0.0  0.0  0.0  Sniffles2.INS.15ES33     16    51   (10) C HERVL-int      LTR/ERVL          (4258)   1396   1361  173  
  184   31.5  3.2  1.1  Sniffles2.INS.15S12       1    93    (1) + L2             LINE/L2             2828   2922  (497)  174  
  288   20.5  2.4  1.2  Sniffles2.INS.15S23       3    86  (168) C L1MB7          LINE/L1            (101)   6083   5999  175  
 1302   12.6  0.5  0.8  Sniffles2.INS.15S24       1   514    (0) + ALR/Alpha      Satellite/centr        1    512    (0)  176  
  876   15.0  0.0  0.8  Sniffles2.INS.15S30       1   170    (1) + ALR/Alpha      Satellite/centr        1    168    (0)  177  
 1213   14.0  0.0  0.0  Sniffles2.INS.15S65       6   679    (4) + ALR/Alpha      Satellite/centr        1    674    (0)  178  
  940    8.9  1.7  0.7  Sniffles2.INS.15SBB       1   296    (0) C ACRO1          Satellite/acro       (3)    298      1  179  
 1145   11.5  2.6  0.0  Sniffles2.INS.160S33      5   195  (703) + L1M1           LINE/L1             5254   5449  (856)  180 *
 1843    3.7  0.0  0.0  Sniffles2.INS.160S33    189   488  (410) + L1P1           LINE/L1             5184   5483  (672)  181 *
 2200   14.6  8.8  1.1  Sniffles2.INS.160S33    474   896    (2) C L1M1           LINE/L1            (884)   5262   4808  182  
  762    7.8  0.0  0.0  Sniffles2.INS.162S1       1    90    (1) C AluSc          SINE/Alu            (68)    241    152  183  
   21    0.0  0.0  0.0  Sniffles2.INS.162S6      31    53    (0) + (T)n           Simple_repeat          1     23    (0)  184  
  428    7.5  0.0  0.0  Sniffles2.INS.164S0       7    59   (10) + Alu            SINE/Alu              21     73  (228)  185  
 1161   11.8  2.0  6.8  Sniffles2.INS.164S2       1   246    (0) C MER57A1        LTR/ERV1             (6)    426    192  186  
 1088   14.8  0.0  0.0  Sniffles2.INS.164S23      4   339    (3) + ALR/Alpha      Satellite/centr        1    336    (0)  187  
   20   12.5  0.0  5.4  Sniffles2.INS.166S1       1    39   (10) + (TA)n          Simple_repeat          1     37    (0)  188  
   17   22.5  0.0  0.0  Sniffles2.INS.166S31      2    37   (65) + G-rich         Low_complexity         1     36    (0)  189  
  109    0.0  0.0  0.0  Sniffles2.INS.16AS2       1    95    (1) + (C)n           Simple_repeat          1     95    (0)  190  
   95    5.0 11.7  0.5  Sniffles2.INS.16BS31      4   191    (3) + G-rich         Low_complexity         1    209    (0)  191  
  304   29.5  4.9  0.0  Sniffles2.INS.16CS38    258   362    (0) + MIR3           SINE/MIR              55    159   (49)  192  
  427    5.4  0.0  7.5  Sniffles2.INS.16DS18      1   100    (0) + SVA_F          Retroposon/SVA       654    746  (629)  193  
  686   22.9  2.6  1.7  Sniffles2.INS.16ES31      2   254  (353) + MSTB2          LTR/ERVL-MaLR         17    334  (123)  194  
 2080    9.5  1.8  0.0  Sniffles2.INS.16ES31    255   539   (68) + AluSx          SINE/Alu               1    290   (12)  195  
   56    0.0  2.0  0.0  Sniffles2.INS.16ES33      3    53    (1) + (TA)n          Simple_repeat          1     52    (0)  196  
   31    4.8  7.2  2.8  Sniffles2.INS.16FS0      81   149   (38) + (TCCA)n        Simple_repeat          1     72    (0)  197  
  877   18.4  1.4  0.1  Sniffles2.INS.16FS33      2   399  (381) + ALR/Alpha      Satellite/centr        1    403    (0)  198 *
 2030   14.4  2.0  3.8  Sniffles2.INS.16FS33    397   407  (373) + AluSx          SINE/Alu               2     89  (213)  199  
  510   26.0  5.6 17.6  Sniffles2.INS.16FS33    408   748   (32) C SVA_A          Retroposon/SVA     (951)    436    131  200  
 2030   14.4  2.0  3.8  Sniffles2.INS.16FS33    749   770   (10) + AluSx          SINE/Alu              90    297    (5)  199  
  395    4.9  0.7  0.2  Sniffles2.INS.16S16       7   453    (9) + (GGAAT)n       Simple_repeat          1    449    (0)  201  
 1110   11.8  0.4  0.9  Sniffles2.INS.16S24       1   515    (0) + ALR/Alpha      Satellite/centr        1    512    (0)  202  
   91    2.3  0.0  0.0  Sniffles2.INS.16S25       1    89    (1) + (TCCAT)n       Simple_repeat          1     89    (0)  203  
  270   17.8  0.0  0.0  Sniffles2.INS.16S2B       3    47    (3) + Alu            SINE/Alu             228    272   (29)  204  
  389   20.0  2.5  6.9  Sniffles2.INS.16S5D       2   221    (3) C HSATII         Satellite            (7)    210      1  205  
 1119    6.9  0.8  0.0  Sniffles2.INS.16SBB       1   434    (0) C ACRO1          Satellite/acro      (59)    437      1  206  
  345    6.7  0.0  0.0  Sniffles2.INS.170S38      1    45    (7) C Alu            SINE/Alu            (68)    233    189  207  
 1253    8.9  0.0  0.0  Sniffles2.INS.171S37      1   158    (0) C AluSc          SINE/Alu            (20)    289    132  208  
   46    8.8  0.0  0.0  Sniffles2.INS.171SBF      1    62    (2) + (AT)n          Simple_repeat          1     62    (0)  209  
  360   14.5  8.6  5.9  Sniffles2.INS.172S24      9   147    (2) + HSATII         Satellite              1    142   (12)  210  
  603   15.7  2.5  3.4  Sniffles2.INS.172SBF      5   123    (0) C AluJb          SINE/Alu            (82)    220    103  211  
  528    3.6  9.1  5.6  Sniffles2.INS.173S0       1   147    (1) + SVA_E          Retroposon/SVA       627    870  (517)  212  
  921   12.1  0.0  0.8  Sniffles2.INS.173S38    176   307  (502) + AluJo          SINE/Alu               1    131  (181)  213  
  435   20.2  4.8  0.0  Sniffles2.INS.173S38    316   419  (390) C MLT1B          LTR/ERVL-MaLR      (281)    109      1  214  
  238    0.0  3.3  0.0  Sniffles2.INS.174S33      1    30   (24) C L1P2           LINE/L1            (527)   5627   5597  215  
   37    1.9  9.3  0.0  Sniffles2.INS.174S35      1    54    (2) + (AT)n          Simple_repeat          1     59    (0)  216  
  459   19.2  4.8  0.0  Sniffles2.INS.174S38     38   141  (672) C MLT1B          LTR/ERVL-MaLR      (281)    109      1  217  
  762   11.8  0.0  0.0  Sniffles2.INS.174S38    710   811    (2) + AluJo          SINE/Alu               1    102  (210)  218  
  553    4.9  0.8  6.1  Sniffles2.INS.175S0       3   138    (1) + SVA_F          Retroposon/SVA       609    773  (602)  219  
  310    6.5  4.3  0.0  Sniffles2.INS.176S0       3    48   (16) C HERVK9-int     LTR/ERVK          (5883)    138     91  220  
   43    5.5  5.0  2.4  Sniffles2.INS.177S18      5    84 (1674) + (CTC)n         Simple_repeat          1     82    (0)  221  
  540   23.3  5.2  1.1  Sniffles2.INS.177S18     98  1754    (4) + (CTC)n         Simple_repeat          1   1725    (0)  221  
   37    7.8  5.5  2.7  Sniffles2.INS.178S38      1    73    (1) + (TCCTT)n       Simple_repeat          1     75    (0)  222  
   30   14.4  0.0  0.0  Sniffles2.INS.178S5       1    48    (2) + (AT)n          Simple_repeat          1     48    (0)  223  
   47    2.0 14.7  0.0  Sniffles2.INS.17AS0       1   102   (10) + (TA)n          Simple_repeat          1    117    (0)  224  
 4110    9.4  3.2  1.0  Sniffles2.INS.17BS31      1   570    (0) + THE1-int       LTR/ERVL-MaLR        355    936  (644)  225  
  608   21.2  0.0  0.0  Sniffles2.INS.17BS5     162   274  (532) C MER44B         DNA/TcMar-Tigger     (0)    550    438  226  
  890   26.0  5.9  0.0  Sniffles2.INS.17BS5     287   490  (316) C MER44B         DNA/TcMar-Tigger   (333)    217      2  226  
   21    4.9  6.5  4.3  Sniffles2.INS.17BS5     514   559  (247) + (TTTAT)n       Simple_repeat          1     47    (0)  227  
 1702   12.7  0.0  0.4  Sniffles2.INS.17BS5     562   806    (0) C AluSq          SINE/Alu            (18)    295     52  228  
   18   21.0  3.9  1.9  Sniffles2.INS.17CS25     10    60    (2) + (TA)n          Simple_repeat          1     52    (0)  229  
   44   14.7 11.7  0.7  Sniffles2.INS.17DS25      1    14  (139) + (TA)n          Simple_repeat          1     71   (81)  230  
   33   17.9  4.5  4.5  Sniffles2.INS.17DS25     15   124   (29) + (ATATA)n       Simple_repeat          1    110    (0)  231  
   44   14.7 11.7  0.7  Sniffles2.INS.17DS25    125   137   (16) + (TA)n          Simple_repeat         72    152    (0)  230  
   63   15.8 11.5  0.9  Sniffles2.INS.17ES25      1   208    (2) + (TA)n          Simple_repeat          1    230    (0)  232  
  256   20.8  0.0  0.0  Sniffles2.INS.17S2B       5    52    (4) + FRAM           SINE/Alu             105    152   (24)  233  
 1178   13.5  1.2  0.4  Sniffles2.INS.17S2F       3   338    (0) + ALR/Alpha      Satellite/centr        1    338    (0)  234  
  847    0.0  0.0  0.0  Sniffles2.INS.17S65       1    89    (1) + AluYb8         SINE/Alu             220    308   (10)  235  
   40    6.6  7.3  1.1  Sniffles2.INS.180S22      1    82    (0) + (TA)n          Simple_repeat          1     87    (0)  236  
   35   16.9  7.8  3.7  Sniffles2.INS.180S25      1   129    (0) + (TATAAT)n      Simple_repeat          1    134    (0)  237  
  555   23.7  4.4  0.7  Sniffles2.INS.183S6      62   197    (0) C LTR8           LTR/ERV1            (83)    608    468  238  
  240    1.5  5.0  4.4  Sniffles2.INS.183SBF      5   368    (2) + (ATATATATC)n   Simple_repeat          1    366    (0)  239  
   25   15.8  0.0  0.0  Sniffles2.INS.185S39      1    42   (12) + (T)n           Simple_repeat          1     42    (0)  240  
  627    6.9  2.3  0.0  Sniffles2.INS.185S6       3    89  (287) + LTR5B          LTR/ERVK             914   1002    (0)  241  
  345   24.2  1.3  8.6  Sniffles2.INS.185S6     228   274  (102) + SVA_A          Retroposon/SVA         8    146 (1241)  242  
  696   12.8  2.0  0.0  Sniffles2.INS.185S6     275   376    (0) C AluSx          SINE/Alu            (10)    292    189  243  
 2774    3.2  0.0  0.6  Sniffles2.INS.188S25      5   317    (0) C AluYk4         SINE/Alu             (0)    311      1  244  
  443    5.9  0.0  0.0  Sniffles2.INS.189S13      1    51    (0) + AluSq          SINE/Alu              58    108  (205)  245  
 2807    2.3  0.0  0.0  Sniffles2.INS.18FS11     16   322    (0) + AluY           SINE/Alu               1    307    (4)  246  
   29    8.8  4.0  2.0  Sniffles2.INS.18FS5       6    55    (0) + (TA)n          Simple_repeat          1     51    (0)  247  
  349   17.9  0.0  0.0  Sniffles2.INS.18S2B      27    82    (5) + Alu            SINE/Alu              89    144   (22)  248  
   38    0.0  0.0  0.0  Sniffles2.INS.18S2F       1    35  (747) + (T)n           Simple_repeat          1     35    (0)  249  
 5939    1.4  0.0  0.1  Sniffles2.INS.18S2F     121   782    (0) C L1HS           LINE/L1              (1)   6154   5494  250  
   31    0.0  0.0  0.0  Sniffles2.INS.18S30       1    29   (26) + (T)n           Simple_repeat          1     29    (0)  251  
  552   19.3  6.9  3.3  Sniffles2.INS.18S34       1   145   (15) C MST-int        LTR/ERVL-MaLR      (115)   1536   1387  252  
   16   15.9  6.5  4.8  Sniffles2.INS.18S38       3    64    (8) + (CTCCCA)n      Simple_repeat          1     63    (0)  253  
  774   12.8  0.0  0.0  Sniffles2.INS.18S6F       1   125    (2) C ALR/Alpha      Satellite/centr      (2)    169     45  254  
 1175   12.6  0.1  0.1  Sniffles2.INS.190S24      1   853    (0) + ALR/Alpha      Satellite/centr        1    853    (0)  255  
   14   20.8  4.5  0.0  Sniffles2.INS.190S6       7    50    (6) + (ATATCC)n      Simple_repeat          1     46    (0)  256  
   62   11.1  7.5  7.5  Sniffles2.INS.193S38      1   225    (6) + (ATT)n         Simple_repeat          1    225    (0)  257  
   35   14.9  1.6  0.0  Sniffles2.INS.199S5       1    61   (11) + (TA)n          Simple_repeat          1     62    (0)  258  
 1094   15.4  0.2  0.3  Sniffles2.INS.19BS1       1  2059    (0) C ALR/Alpha      Satellite/centr     (27)   2058      1  259  
   99    2.1  1.0  1.0  Sniffles2.INS.19BS6       2   102    (1) + (TA)n          Simple_repeat          1    101    (0)  260  
   44    3.4  1.5  6.2  Sniffles2.INS.19CS6       1    68    (1) + (AT)n          Simple_repeat          1     65    (0)  261  
   56    0.0  0.0  0.0  Sniffles2.INS.19FS0       5    52    (0) + (TA)n          Simple_repeat          1     48    (0)  262  
  459   18.1  3.9  8.7  Sniffles2.INS.19S15       1  1051   (16) C HSATII         Satellite           (34)    999      1  263  
   95   22.7  0.9  0.9  Sniffles2.INS.19S16       1   226    (3) + (GTGGA)n       Simple_repeat          1    226    (0)  264  
  863   16.0  1.6  0.0  Sniffles2.INS.19S2F       3   165    (2) + ALR/Alpha      Satellite/centr        1    165    (0)  265  
  538    1.0  2.0  0.0  Sniffles2.INS.19S30       2    82  (208) C L1HS           LINE/L1            (105)   6050   5966  266 *
 1810    2.3 10.4  0.0  Sniffles2.INS.19S30      70   290    (0) C L1P1           LINE/L1            (411)   5744   5501  267  
   18   27.0  0.0  0.0  Sniffles2.INS.19S5D      31    83    (2) + (GAATA)n       Simple_repeat          1     53    (0)  268  
 2938    0.6  0.0  0.0  Sniffles2.INS.19S65       9   319    (0) + AluYb8         SINE/Alu               1    311    (7)  269  
  920    8.1  1.6  0.8  Sniffles2.INS.19S6F       1   168    (0) C ALR/Alpha      Satellite/centr     (23)    169      1  270  
  536   19.8  0.9  0.0  Sniffles2.INS.19SBA       1   106    (0) + ALR/Alpha      Satellite/centr       21    127   (45)  271  
   15   18.8  0.0  5.0  Sniffles2.INS.1A0S5       5    46    (4) + (ATATAC)n      Simple_repeat          1     40    (0)  272  
  409   21.1  0.0  0.0  Sniffles2.INS.1A1S39      1    71   (26) C MER46C         DNA/TcMar-Tigger   (101)    237    167  273  
   23   20.9  3.6  0.0  Sniffles2.INS.1A2S35      5    59    (0) + (AT)n          Simple_repeat          1     57    (0)  274  
 1049   14.6  0.6  0.0  Sniffles2.INS.1A2S6       1   164    (0) + L1PA16         LINE/L1             5944   6108   (58)  275  
  192   22.8 15.8  0.0  Sniffles2.INS.1A4SBF     40    96    (3) C L2a            LINE/L2             (25)   3401   3336  276  
  119   14.6  2.3  0.9  Sniffles2.INS.1A6S22      2   217  (116) + (AT)n          Simple_repeat          1    219    (0)  277  
  806    7.7  0.0  1.0  Sniffles2.INS.1A6S22    230   333    (0) + AluSz          SINE/Alu              12    114  (198)  278  
  238   22.4 13.3  1.8  Sniffles2.INS.1A6S35    214   363   (42) C L1ME4a         LINE/L1              (6)   6118   5952  279  
   47    2.2  0.0  0.0  Sniffles2.INS.1A7S37      1    47   (98) + (CCCTCC)n      Simple_repeat          1     47    (0)  280  
   72    0.0  0.0  0.0  Sniffles2.INS.1A7S37     82   145    (0) + (CTCTCC)n      Simple_repeat          1     64    (0)  281  
  224    0.0  0.4  3.2  Sniffles2.INS.1A8S37      1   227    (0) + (CTCCCT)n      Simple_repeat          1    221    (0)  282  
   34    4.0  5.7  1.8  Sniffles2.INS.1A9S25      1    53  (760) + (TA)n          Simple_repeat          1     55    (0)  283  
 5032    1.4  0.2  0.0  Sniffles2.INS.1A9S25     54   620  (193) + HSATI          Satellite              1    568    (0)  284  
 1044   12.9  0.6  0.6  Sniffles2.INS.1A9S25    620   775   (38) + AluY           SINE/Alu              13    168  (133)  285 *
  100    5.1  9.1  1.3  Sniffles2.INS.1AAS25      3   212    (3) + (TA)n          Simple_repeat          1    226    (0)  286  
 1026   14.8  0.0  0.4  Sniffles2.INS.1ADS23      1   344    (0) + ALR/Alpha      Satellite/centr        1    342    (0)  287  
   15    8.5  0.0  0.0  Sniffles2.INS.1AES38      5    29   (35) + (AGAA)n        Simple_repeat          1     25    (0)  288  
   45    2.1  0.0  2.0  Sniffles2.INS.1AES5       1    50    (0) + (AAAG)n        Simple_repeat          1     49    (0)  289  
   14   16.8  5.0  0.0  Sniffles2.INS.1AS11       4    43    (9) + (CCCCGGC)n     Simple_repeat          1     42    (0)  290  
  297   18.8  0.0  0.0  Sniffles2.INS.1AS2B       5    52    (4) + FRAM           SINE/Alu              97    144   (32)  291  
 1007   16.8  0.1  0.6  Sniffles2.INS.1AS2F       1   341    (1) + ALR/Alpha      Satellite/centr        1    339    (0)  292  
  886   14.1  0.4  1.2  Sniffles2.INS.1AS30       1   170    (1) + ALR/Alpha      Satellite/centr        1    168    (0)  293  
   47   28.9  1.9  1.3  Sniffles2.INS.1B0S0       4   161    (4) + (GT)n          Simple_repeat          1    159    (0)  294  
  242   20.9  1.3  5.5  Sniffles2.INS.1B2S22      2    77   (69) C MIR3           SINE/MIR            (76)    132     60  295  
   41    3.3  8.1  0.0  Sniffles2.INS.1B5S22      1    62    (2) + (TA)n          Simple_repeat          1     67    (0)  296  
   54    0.0  0.0  0.0  Sniffles2.INS.1B6S6      33    81   (48) + (T)n           Simple_repeat          1     49    (0)  297  
 2881    1.0  0.0  0.0  Sniffles2.INS.1B7S22     16   322    (0) + AluYa5         SINE/Alu               1    307    (4)  298  
  104    0.0 11.9  0.0  Sniffles2.INS.1BAS37      1   151    (0) + (AT)n          Simple_repeat          1    169    (0)  299  
  423   18.1  0.0  1.1  Sniffles2.INS.1BCS5      13   107    (5) + L1MA8          LINE/L1             6013   6106  (185)  300  
  288   31.6  1.3  6.0  Sniffles2.INS.1BCS6      95   252  (364) C MIRb           SINE/MIR            (13)    255    105  301  
   18    8.5  0.0  0.0  Sniffles2.INS.1BCS6     485   509  (107) + (G)n           Simple_repeat          1     25    (0)  302  
 2891    1.0  0.0  0.3  Sniffles2.INS.1BES0       1   312    (0) C AluYb8         SINE/Alu             (7)    311      1  303  
   52    4.5  8.4  1.0  Sniffles2.INS.1BES25      1    95  (194) + (TA)n          Simple_repeat          1    102    (0)  304  
 1071   12.9  0.7  0.0  Sniffles2.INS.1BES25    134   288    (1) C AluY           SINE/Alu           (133)    168     13  305  
  313   21.4  0.0  0.0  Sniffles2.INS.1BS2B      13    68    (1) + AluSz6         SINE/Alu             225    280   (32)  306  
 1161   14.5  0.4  0.0  Sniffles2.INS.1BS2F       1   678    (1) + ALR/Alpha      Satellite/centr        1    680    (0)  307  
  907   13.8  0.0  0.8  Sniffles2.INS.1BS30       1   170    (1) + ALR/Alpha      Satellite/centr        1    168    (0)  308  
  689    3.9  0.9  1.1  Sniffles2.INS.1C1S25      1   111    (6) + SVA_F          Retroposon/SVA       758    855  (520)  309  
  734    7.0  1.8  1.6  Sniffles2.INS.1C2S25      1   167    (1) + SVA_F          Retroposon/SVA       579    855  (520)  310  
   13    0.0  3.7  7.7  Sniffles2.INS.1C2SBF     47    73    (2) + (AAC)n         Simple_repeat          1     26    (0)  311  
  276   11.6  0.0  0.0  Sniffles2.INS.1C3S25      1    43  (277) + Alu            SINE/Alu             257    299    (3)  312  
 1721   13.7  0.8  0.0  Sniffles2.INS.1C3S25     54   319    (1) + AluSx          SINE/Alu               1    255   (47)  313  
   30   12.0  1.7  3.4  Sniffles2.INS.1C3S31      1    60    (7) + (CCT)n         Simple_repeat          1     59    (0)  314  
   28   11.7  9.0  0.0  Sniffles2.INS.1C3S31     61    67    (0) + (CCTCTT)n      Simple_repeat          1     73    (0)  315  
 1783   13.3  0.3  8.9  Sniffles2.INS.1C4S25      4   337    (1) C AluSx          SINE/Alu             (0)    302      1  316  
   45    4.2  8.2  0.0  Sniffles2.INS.1C4S5       1    73    (0) + (TA)n          Simple_repeat          1     79    (0)  317  
 2227    8.2  0.0  1.4  Sniffles2.INS.1C6S25     15   306   (18) + AluSc          SINE/Alu               2    289   (20)  318  
 1271   17.7  9.9  0.7  Sniffles2.INS.1C7S25    132   404  (760) + L1M4           LINE/L1             4473   4770 (1376)  319  
  979   17.2  4.2  1.6  Sniffles2.INS.1C7S25    390   624  (540) + L1M4           LINE/L1             5407   5649  (642)  319 *
 2201   10.0  0.0  4.2  Sniffles2.INS.1C7S25    655   978  (186) C AluSx          SINE/Alu             (1)    311      1  320  
 1134   12.6  1.6  1.6  Sniffles2.INS.1C7S25    979  1163    (1) + L1M4           LINE/L1             5602   5786  (398)  319  
 2448    8.2  0.0  0.3  Sniffles2.INS.1C8S25     12   317    (6) + AluSp          SINE/Alu               5    309    (4)  321  
  335    5.1  0.0  0.0  Sniffles2.INS.1C9S25      1    39 (1048) C AluYm1         SINE/Alu           (272)     39      1  322  
 7219   10.5  1.2  1.8  Sniffles2.INS.1C9S25     41  1087    (0) C L1PBa1         LINE/L1           (5067)   1545    505  323  
 2439    8.2  0.0  0.3  Sniffles2.INS.1CAS25     17   321    (1) C AluSp          SINE/Alu             (5)    308      5  324  
 2227    8.2  0.0  1.4  Sniffles2.INS.1CBS25     21   312   (12) C AluSc          SINE/Alu            (20)    289      2  325  
 2178   12.0  0.7  0.0  Sniffles2.INS.1CCS25      1   299   (10) C AluSq2         SINE/Alu            (12)    301      1  326  
  963   22.2  8.3  1.2  Sniffles2.INS.1CES5       2   229    (0) + ERVL-B4-int    LTR/ERVL            2042   2285 (3429)  327  
 1102   13.9  0.8  0.0  Sniffles2.INS.1CFS24      1   508    (0) C ALR/Alpha      Satellite/centr     (53)    512      1  328  
  339   18.2  1.8  0.0  Sniffles2.INS.1CS16      12    66 (1308) + AluYk2         SINE/Alu             224    279   (32)  329  
  310   23.7  0.7  0.6  Sniffles2.INS.1CS16      71   796  (578) + (GAATG)n       Satellite              1    727    (0)  330  
  522   19.3  6.7  9.2  Sniffles2.INS.1CS16     797  1374    (0) C HSATII         Satellite            (4)    563      1  331  
  337   16.0  0.0  0.0  Sniffles2.INS.1CS2B      18    67   (10) + Alu            SINE/Alu              90    139   (27)  332  
  952   16.1  0.6  0.7  Sniffles2.INS.1CS2F       1   341    (1) + ALR/Alpha      Satellite/centr        1    340    (0)  333  
   43    7.8  1.4  1.4  Sniffles2.INS.1CS5D       1    70   (34) + (ATGGA)n       Simple_repeat          1     70    (0)  334  
 1266   13.9  0.4  0.1  Sniffles2.INS.1CS65       1  4325 (1088) + ALR/Alpha      Satellite/centr        1   4338    (0)  335  
 2956    0.6  0.0  0.0  Sniffles2.INS.1CS65    4326  4638  (775) + AluYb8         SINE/Alu               1    313    (5)  336  
 1256   12.0  0.6  0.2  Sniffles2.INS.1CS65    4639  5412    (1) + ALR/Alpha      Satellite/centr        1    777    (0)  337  
  660   17.8  1.2  0.0  Sniffles2.INS.1CS6F       5   167    (2) C ALR/Alpha      Satellite/centr     (61)    164      1  338  
   35    0.0  4.1  4.1  Sniffles2.INS.1D0S22      9    57    (1) + (ATATTATAG)n   Simple_repeat          1     49    (0)  339  
  257   22.2  0.0  0.0  Sniffles2.INS.1D0S25      1    54   (96) + HAL1M8         LINE/L1             2466   2519  (472)  340  
  493   15.2  8.6  1.0  Sniffles2.INS.1D0S25     58   150    (0) + L1MC5          LINE/L1             7001   7100  (847)  341  
   91    2.2  0.0  2.1  Sniffles2.INS.1D2S0       1    98    (0) + (GGAT)n        Simple_repeat          1     96    (0)  342  
   61    2.7  5.3  0.0  Sniffles2.INS.1D2S25      3    77    (0) + (TA)n          Simple_repeat          1     79    (0)  343  
   39    1.8  8.6  0.0  Sniffles2.INS.1D2S6       1    58    (0) + (ATCT)n        Simple_repeat          1     63    (0)  344  
   56    3.0  4.5  0.0  Sniffles2.INS.1D9S6       5    71    (0) + (AT)n          Simple_repeat          1     70    (0)  345  
 1080    8.1  0.6  0.1  Sniffles2.INS.1DBS33      1  1021    (1) C ACRO1          Satellite/acro      (45)   1025      1  346  
   30    8.3  0.0  0.0  Sniffles2.INS.1DBS6       3    41    (5) + (TA)n          Simple_repeat          1     39    (0)  347  
   30   19.2  0.0  0.0  Sniffles2.INS.1DES22      2    62    (0) + G-rich         Low_complexity         1     61    (0)  348  
  698   18.7  7.1  0.7  Sniffles2.INS.1DES31      3   142  (148) C MER57B2        LTR/ERV1           (254)    149      1  349  
  464   17.6  0.0  0.0  Sniffles2.INS.1DES31    217   290    (0) + AluJb          SINE/Alu               6     79  (233)  350  
   29    4.4  1.8  9.4  Sniffles2.INS.1DES5       2    58    (6) + (TA)n          Simple_repeat          1     53    (0)  351  
  849    5.7  0.0  0.8  Sniffles2.INS.1DFS25      1   125    (0) C SVA_F          Retroposon/SVA     (544)    831    708  352  
   89    6.7  0.0  0.0  Sniffles2.INS.1DS16       1   110    (0) + (TGGAA)n       Simple_repeat          1    110    (0)  353  
 1109   14.0  1.3  0.0  Sniffles2.INS.1DS2F       1   336    (2) + ALR/Alpha      Satellite/centr        1    340    (0)  354  
 1057   15.0  1.7  0.2  Sniffles2.INS.1DS30       4   338    (1) + ALR/Alpha      Satellite/centr        1    340    (0)  355  
 1281    9.2  0.3  0.2  Sniffles2.INS.1E2S38      9  1024    (0) + ALR/Alpha      Satellite/centr        1   1016    (0)  356  
 2942    0.3  0.3  0.0  Sniffles2.INS.1E5S18      6   317    (0) + AluYb8         SINE/Alu               1    313    (5)  357  
  165   15.0  0.0  0.7  Sniffles2.INS.1E5S22      1   281    (0) + (GTG)n         Simple_repeat          1    279    (0)  358  
 2861    1.3  0.0  0.0  Sniffles2.INS.1E5S33     15   319    (0) + AluYa5         SINE/Alu               1    305    (6)  359  
   96   36.7  0.3  0.8  Sniffles2.INS.1E6S6       1   375    (0) + (ACC)n         Simple_repeat          1    373    (0)  360  
   52   19.4  3.2  8.6  Sniffles2.INS.1E7S24      5   225    (0) + (ATAATAC)n     Simple_repeat          1    210    (0)  361  
 1190   15.1  0.6  0.4  Sniffles2.INS.1E8S18      1  4099    (1) C ALR/Alpha      Satellite/centr     (31)   4109      1  362  
   23    9.7  4.5  0.0  Sniffles2.INS.1E8S6       6    49    (2) + (GCCCTC)n      Simple_repeat          1     46    (0)  363  
  310   30.0  1.1  0.0  Sniffles2.INS.1ECS25     41   130    (0) + MER58B         DNA/hAT-Charlie        1     91  (250)  364  
  234   31.3  0.0  0.0  Sniffles2.INS.1EDS0       2    68  (342) C MIRc           SINE/MIR            (30)    238    172  365  
  184   27.1  3.4  0.0  Sniffles2.INS.1EDS0     339   397   (13) C MIRb           SINE/MIR            (96)    172    112  366  
   27    0.0  0.0  3.5  Sniffles2.INS.1EES0      21    50    (0) + (TCCT)n        Simple_repeat          1     29    (0)  367  
   37    0.0  2.6  0.0  Sniffles2.INS.1EFS0      11    48    (5) + (AAAG)n        Simple_repeat          1     39    (0)  368  
  270   21.3  0.0  0.0  Sniffles2.INS.1ES2B       4    50    (3) + AluYi6         SINE/Alu             233    279   (32)  369  
   44   19.1  0.0  0.0  Sniffles2.INS.1ES5D       1    89    (0) + (ATGGA)n       Simple_repeat          1     89    (0)  370  
 1048   16.0  0.5  0.0  Sniffles2.INS.1ESB0       2   337    (1) + ALR/Alpha      Satellite/centr        1    337    (0)  371  
  343   19.4  7.1  5.0  Sniffles2.INS.1ESBD       2   267  (104) C HSATII         Satellite            (7)    271      1  372  
   56   16.4  0.0  0.0  Sniffles2.INS.1ESBD     270   371    (0) + (AATGG)n       Simple_repeat          1    102    (0)  373  
 1389    8.8  0.6  0.2  Sniffles2.INS.1F1SBF      1   192  (425) + AluSx          SINE/Alu             114    319    (1)  374  
 1279   21.6  8.7  1.4  Sniffles2.INS.1F1SBF    194   597   (20) + L1ME2          LINE/L1             5731   6163    (1)  375  
   49   16.3  5.7  0.0  Sniffles2.INS.1F8S18     11   116    (0) + (CT)n          Simple_repeat          1    112    (0)  376  
  265    4.1  0.0  2.0  Sniffles2.INS.1F8S25      1    50    (0) C SVA_F          Retroposon/SVA     (632)    743    695  377  
  195   13.5  5.5  3.5  Sniffles2.INS.1F9S0       1   471    (0) + (CA)n          Simple_repeat          1    480    (0)  378  
  611    2.4 22.2  1.3  Sniffles2.INS.1F9S25      1   126    (1) C SVA_F          Retroposon/SVA     (527)    848    697  379  
  310   34.2  5.0  2.1  Sniffles2.INS.1FAS0      68   283  (401) + L2d            LINE/L2             3000   3219  (168)  380  
 1351   12.8  0.5  3.9  Sniffles2.INS.1FAS0     473   684    (0) + AluJb          SINE/Alu               1    205   (97)  381  
 1583    5.1  0.3  3.2  Sniffles2.INS.1FAS25     11   295    (9) C SVA_F          Retroposon/SVA     (520)    855    579  382  
  108    8.2  4.9  1.1  Sniffles2.INS.1FBS6       1   184    (0) + (CTC)n         Simple_repeat          1    191    (0)  383  
  732   14.8  2.0 16.6  Sniffles2.INS.1FDS11      1   312    (0) C HSATII         Satellite           (31)    266      1  384  
   38   18.4  2.2  1.1  Sniffles2.INS.1FS16       1    89  (263) + (GAGTG)n       Simple_repeat          1     90    (0)  385  
  283   20.6  4.1  5.9  Sniffles2.INS.1FS16      90   320   (32) C HSATII         Satellite           (33)    226      1  386  
  342   16.1  0.0  0.0  Sniffles2.INS.1FS2B      21    76    (1) + Alu            SINE/Alu             225    280   (22)  387  
  815   17.2  0.0  0.0  Sniffles2.INS.1FS30       2   171    (0) + ALR/Alpha      Satellite/centr        1    170    (0)  388  
 1094   15.6  0.3  0.4  Sniffles2.INS.1FSBA       1  1368    (1) + ALR/Alpha      Satellite/centr        1   1366    (0)  389  
  674    5.4  1.2  0.0  Sniffles2.INS.1S22        1   166    (7) C SUBTEL_sat     Satellite            (6)    168      1  390  
  250    6.5  0.0  0.0  Sniffles2.INS.1S22      112   173    (0) C SUBTEL2_sat    Satellite/subtelo    (3)     84     23  391 *
 2905    1.3  0.0  0.0  Sniffles2.INS.1S25       11   321    (0) + AluYb8         SINE/Alu               1    311    (7)  392  
  475    4.3  0.0  1.4  Sniffles2.INS.1S28        2    72    (0) C SVA_D          Retroposon/SVA     (527)    859    790  393  
   37    3.8  0.0  6.9  Sniffles2.INS.1S2A        8    69   (27) + (TCATTTCA)n    Simple_repeat          1     58    (0)  394  
  959   16.0  0.0  0.0  Sniffles2.INS.1S2F        4   172    (0) + ALR/Alpha      Satellite/centr        1    169    (2)  395  
 1018   12.8  1.8  1.2  Sniffles2.INS.1S30        9   340    (0) + ALR/Alpha      Satellite/centr        1    334    (0)  396  
   52    2.0  0.0  0.0  Sniffles2.INS.1S33        1    51    (0) + (GAA)n         Simple_repeat          1     51    (0)  397  
  858   11.6  0.0  0.0  Sniffles2.INS.1S36        1   165    (6) C ALR/Alpha      Satellite/centr     (33)    165      1  398  
 1121    9.7  0.0  0.0  Sniffles2.INS.1S60        1   171    (0) C ALR/Alpha      Satellite/centr     (21)    171      1  399  
  990   16.0  0.1  3.7  Sniffles2.INS.1S65        3   840    (0) + ALR/Alpha      Satellite/centr        1    808   (13)  400  
  979   14.2  0.1  0.3  Sniffles2.INS.1S77        1   341    (1) + ALR/Alpha      Satellite/centr        1    340    (0)  401  
  782   15.1  0.0  0.0  Sniffles2.INS.1S7B        1   166    (3) C ALR/Alpha      Satellite/centr     (46)    166      1  402  
  333   23.5  0.0 10.1  Sniffles2.INS.1SB        28   136  (349) C L1MA7          LINE/L1              (9)   6282   6184  403  
  310   21.9  4.0  5.9  Sniffles2.INS.1SB       125   243  (242) C L1MA7          LINE/L1              (9)   6282   6165  404 *
  268   29.0  0.8  8.4  Sniffles2.INS.1SB       214   341  (144) C L1MA7          LINE/L1              (9)   6282   6164  404 *
  329   25.6  0.8  8.4  Sniffles2.INS.1SB       311   438   (47) C L1MA7          LINE/L1              (9)   6282   6164  404  
  290   23.0  0.0  0.3  Sniffles2.INS.1SB       408   479    (6) C L1MA6          LINE/L1              (9)   6291   6218  405 *
 2830   18.8  5.7  5.2  Sniffles2.INS.1SB7        1   977    (0) C SST1           Satellite/centr     (14)   1549    568  406  
  260   18.2  0.0  0.0  Sniffles2.INS.201S0       1    55    (0) + LTR1A2         LTR/ERV1              30     84  (753)  407  
   22   23.6  0.0  4.8  Sniffles2.INS.201S6       3    67    (5) + (TA)n          Simple_repeat          1     62    (0)  408  
   38    3.1 10.6  0.0  Sniffles2.INS.203S24      1    66    (0) + (AT)n          Simple_repeat          1     73    (0)  409  
 1077   15.5  1.2  0.2  Sniffles2.INS.206S23      3  1021    (0) + ALR/Alpha      Satellite/centr        1   1028    (0)  410  
  283    3.0  6.8  0.0  Sniffles2.INS.207SBF      6    53    (0) C L1PA10         LINE/L1           (4505)   1848   1791  411  
  935    5.2  0.0  0.0  Sniffles2.INS.209S5       3   118    (0) C L1P3           LINE/L1            (354)   5818   5703  412  
  259    0.0  2.7  1.1  Sniffles2.INS.20AS22      1   260   (31) + (GAAAG)n       Simple_repeat          1    264    (0)  413  
  494   25.7  5.2  1.1  Sniffles2.INS.20DS5       2   174    (0) C L1M5           LINE/L1            (429)   5735   5556  414  
  731    9.8  0.0  0.0  Sniffles2.INS.20S12       1    92    (0) + AluY           SINE/Alu             207    298   (13)  415  
  973   14.6  1.0  0.0  Sniffles2.INS.20S15       6   290    (0) + HSATII         Satellite              1    287    (0)  416  
  607   19.4  6.7  7.6  Sniffles2.INS.20S16       6   547   (53) C HSATII         Satellite           (18)    537      1  417  
   16   21.7  0.0  2.3  Sniffles2.INS.20S16     550   594    (6) + (TGGAA)n       Simple_repeat          1     44    (0)  418  
   25   32.6  0.0  0.0  Sniffles2.INS.20S2B       2    92   (14) + (GGAAT)n       Simple_repeat          1     91    (0)  419  
   13   32.4  0.0  0.0  Sniffles2.INS.20S5D       1    50    (0) + (GGAAT)n       Simple_repeat          1     50    (0)  420  
  991   17.9  0.9  6.2  Sniffles2.INS.20S6F       1   341    (1) C ALR/Alpha      Satellite/centr     (63)    322      1  421  
   72   18.1  5.4  2.9  Sniffles2.INS.210S25      3   206    (0) + (CA)n          Simple_repeat          1    209    (0)  422  
   96   18.2  2.5  3.8  Sniffles2.INS.211S18      5   242    (3) + (TA)n          Simple_repeat          1    235    (0)  423  
   39   28.1  0.9  0.0  Sniffles2.INS.211S25      1   106    (1) + (ATCC)n        Simple_repeat          1    107    (0)  424  
  293   14.3  0.0  4.1  Sniffles2.INS.213S5       4    54    (1) + L1M4           LINE/L1             5617   5665  (509)  425  
   43    0.0  0.0  0.0  Sniffles2.INS.215S0      18    56    (0) + (GGAA)n        Simple_repeat          1     39    (0)  426  
   40    0.0  0.0  4.5  Sniffles2.INS.215S24      1    46    (2) + (GAAG)n        Simple_repeat          1     44    (0)  427  
   22   16.3  0.0  2.4  Sniffles2.INS.219S24      6    48    (9) + (AT)n          Simple_repeat          1     42    (0)  428  
   20   17.7  4.3  4.3  Sniffles2.INS.21AS24      2    70   (11) + (ATAATT)n      Simple_repeat          1     69    (0)  429  
  300   13.7  0.3  0.0  Sniffles2.INS.21AS25     79   136    (3) + L1M4a2         LINE/L1             1446   1504 (1152)  430  
  444   25.7  0.0  1.0  Sniffles2.INS.21BS24      1   102  (113) + MLT1H2         LTR/ERVL-MaLR        389    489    (0)  431  
 2598    0.4  0.0  0.0  Sniffles2.INS.21DS11     10   325    (0) C AluYa5         SINE/Alu             (0)    311     10  432  
 1014   14.7  0.0  0.0  Sniffles2.INS.21ES23      3   343    (0) + ALR/Alpha      Satellite/centr        1    341    (0)  433  
   24   23.7  3.0  0.0  Sniffles2.INS.21ES6       1    67    (0) + (CAT)n         Simple_repeat          1     69    (0)  434  
 2598    0.4  0.0  0.0  Sniffles2.INS.21FS11     10   321    (0) C AluYa5         SINE/Alu             (0)    311     10  435  
  373   13.6  4.5  0.0  Sniffles2.INS.21S15       2    67    (2) + HSATII         Satellite             22     90   (80)  436  
   30   19.9  0.0  0.0  Sniffles2.INS.21S2B       3    66    (0) + (TGGAG)n       Simple_repeat          1     64    (0)  437  
  919   17.9  0.1  0.3  Sniffles2.INS.21S2F       1   340    (1) + ALR/Alpha      Satellite/centr        1    339    (0)  438  
 1090   13.5  0.4  0.2  Sniffles2.INS.21S30       1   508    (1) + ALR/Alpha      Satellite/centr        1    509    (0)  439  
  904   17.4  0.9  0.2  Sniffles2.INS.21SBA       1   339    (0) + ALR/Alpha      Satellite/centr        1    341    (0)  440  
   27    7.9  0.0  0.0  Sniffles2.INS.21SBD       1    40   (20) + (CATTC)n       Simple_repeat          1     40    (0)  441  
   59    0.0  1.8  0.0  Sniffles2.INS.220S25      2    57    (0) + (TCT)n         Simple_repeat          1     57    (0)  442  
 2414    8.9  0.0  0.3  Sniffles2.INS.222S0      20   322  (264) + AluSz          SINE/Alu               1    302   (10)  443  
 1101   15.4  2.8  0.0  Sniffles2.INS.222S0     398   579    (7) C AluSx          SINE/Alu             (0)    302    116  444  
 1027   10.9  0.3  0.4  Sniffles2.INS.222S11      1   341    (1) + ALR/Alpha      Satellite/centr        1    340    (2)  445  
   20   33.6  1.1  8.4  Sniffles2.INS.223S6       2   180    (2) + (TGTA)n        Simple_repeat          1    167    (0)  446  
   24    4.7  3.7  9.8  Sniffles2.INS.225SBF      3    56    (6) + (AT)n          Simple_repeat          1     51    (0)  447  
 2541    7.6  0.3  0.6  Sniffles2.INS.227S0       2   358    (0) C LTR12C         LTR/ERV1           (908)    671    316  448  
   45    7.2  1.7  0.0  Sniffles2.INS.227S25      1    60    (1) + (TC)n          Simple_repeat          1     61    (0)  449  
 1379   12.3  0.2  0.0  Sniffles2.INS.22AS11      1   679    (1) + ALR/Alpha      Satellite/centr        1    680    (2)  450  
 1208   12.3  1.0  0.4  Sniffles2.INS.22BS11      1   331    (6) + ALR/Alpha      Satellite/centr        1    332    (0)  451  
  939    2.7  0.0  1.9  Sniffles2.INS.22CS0       1   110    (0) C AluYa8         SINE/Alu           (168)    142     35  452  
 1066   11.6  0.3  0.0  Sniffles2.INS.22ES11      1   336    (4) + ALR/Alpha      Satellite/centr        1    336    (0)  453  
 2437    5.0  1.0  0.7  Sniffles2.INS.22S25      17   317    (1) + AluSc          SINE/Alu               1    302    (7)  454  
  975   16.8  2.2  0.3  Sniffles2.INS.22S2F       1   681    (1) + ALR/Alpha      Satellite/centr        1    694    (0)  455  
 1055   14.5  1.0  0.2  Sniffles2.INS.22S30       1   677    (3) + ALR/Alpha      Satellite/centr        1    682    (0)  456  
 3948    2.7  0.0  0.0  Sniffles2.INS.22SBA       1   451  (503) C L1PA2          LINE/L1              (1)   6154   5704  457  
 1233    7.8  0.0  0.0  Sniffles2.INS.22SBA     452   605  (349) + 7SK            snRNA                 87    240   (91)  458  
  950   16.5  0.5  0.0  Sniffles2.INS.22SBA     612   953    (1) + ALR/Alpha      Satellite/centr        1    343    (0)  459  
  382   20.9  1.5  8.1  Sniffles2.INS.22SBD       4   180    (5) + HSATII         Satellite              1    165    (5)  460  
 1050   10.9  0.3  0.0  Sniffles2.INS.230S11      1   339    (1) + ALR/Alpha      Satellite/centr        1    339    (2)  461  
   16   15.8  0.0  2.8  Sniffles2.INS.233S24     30    66    (0) + (TTCTT)n       Simple_repeat          1     36    (0)  462  
  512    4.8  1.6  0.0  Sniffles2.INS.233S25      1    62    (1) C AluSz6         SINE/Alu           (176)    136     74  463  
   16   10.8  0.0  3.2  Sniffles2.INS.233SBF     39    70    (4) + (AATC)n        Simple_repeat          1     31    (0)  464  
   77    1.4  0.0  0.0  Sniffles2.INS.233SC0      1    73    (0) + (C)n           Simple_repeat          1     73    (0)  465  
 1278   13.6  0.8  0.0  Sniffles2.INS.235S11      7   677    (3) + ALR/Alpha      Satellite/centr        1    676    (2)  466  
  344   22.5  0.0  1.4  Sniffles2.INS.235S24      1    72    (6) + MER65C         LTR/ERV1             144    214  (247)  467  
  588   14.4  1.9  0.0  Sniffles2.INS.236S25      1   104    (0) C ALR/Alpha      Satellite/centr     (45)    126     21  468  
 1826    7.5  1.6  8.4  Sniffles2.INS.238S6      15   604    (8) C SVA_F          Retroposon/SVA     (518)    864    421  469  
 1285   14.2  0.4  0.1  Sniffles2.INS.239S11      1   679    (1) + ALR/Alpha      Satellite/centr        1    680    (2)  470  
  426    0.0  0.0  1.9  Sniffles2.INS.239SBF      2    54   (23) + L1P2           LINE/L1             2185   2236 (3948)  471  
   22   21.1  3.1  3.1  Sniffles2.INS.23BS0      11    74    (8) + (AT)n          Simple_repeat          1     64    (0)  472  
   43    4.3  8.4  0.0  Sniffles2.INS.23BS22      1    71    (2) + (AT)n          Simple_repeat          1     77    (0)  473  
 1085   14.6  0.3  0.0  Sniffles2.INS.23CS11      4   339    (1) + ALR/Alpha      Satellite/centr        1    337    (0)  474  
  455    3.8  0.0  7.6  Sniffles2.INS.23DS25      1   101    (2) + SVA_C          Retroposon/SVA       674    775  (609)  475  
   21    7.7  2.1  6.7  Sniffles2.INS.23FS24     93   139    (0) + (CTTC)n        Simple_repeat          1     45    (0)  476  
 1223    5.7  3.0  7.7  Sniffles2.INS.23FS25      5   308    (0) + SVA_E          Retroposon/SVA       436    862  (520)  477  
  296   22.0  0.0  0.0  Sniffles2.INS.23S2B      14    63    (0) + Alu            SINE/Alu             226    275   (26)  478  
 1100   13.8  0.2  0.0  Sniffles2.INS.23S30       1   340    (1) + ALR/Alpha      Satellite/centr        1    340    (0)  479  
   19   15.2  2.2  2.2  Sniffles2.INS.23S58       5    50    (0) + (TGGAA)n       Simple_repeat          1     46    (0)  480  
 1222   15.6  0.2  0.3  Sniffles2.INS.23SBA       4  1881    (0) + ALR/Alpha      Satellite/centr        1   1877    (0)  481  
  419   15.7 10.7  3.2  Sniffles2.INS.23SBD       7   217   (28) + HSATII         Satellite              1    226    (4)  482  
   24   13.1  2.4  0.0  Sniffles2.INS.247S5       1    42    (9) + (TA)n          Simple_repeat          1     43    (0)  483  
  473    0.0  2.5  7.4  Sniffles2.INS.24CSBF      1   676    (4) + (AT)n          Simple_repeat          1    645    (0)  484  
 1246   12.1  0.5  0.4  Sniffles2.INS.24DS0       1  2175    (1) + (TGG)n         Simple_repeat          1   2177    (0)  485  
   27   16.5  0.0  1.8  Sniffles2.INS.24DS37      2    57    (0) + (TATA)n        Simple_repeat          1     55    (0)  486  
  269   21.3  0.0  0.0  Sniffles2.INS.24S2B       5    51    (0) + FRAM           SINE/Alu              98    144   (32)  487  
  616   15.0  1.6  0.8  Sniffles2.INS.24S8        2   129    (0) + LSAU           Satellite            203    331  (167)  488  
 1090   15.3  0.4  0.3  Sniffles2.INS.24SB0       1   493   (21) + ALR/Alpha      Satellite/centr        1    493    (0)  489  
  380   22.2  0.0  0.0  Sniffles2.INS.24SBA       1    81    (0) + ALR/Alpha      Satellite/centr       28    108   (63)  490  
   84    5.7  6.9  0.0  Sniffles2.INS.251S18      2   132    (0) + (AG)n          Simple_repeat          1    140    (0)  491  
  107   23.0  3.4  2.7  Sniffles2.INS.251S24      9   336    (5) + (AT)n          Simple_repeat          1    330    (0)  492  
 1306   12.5  0.9  0.2  Sniffles2.INS.253S11      1   676    (1) + ALR/Alpha      Satellite/centr        1    680    (0)  493  
  319   13.9  0.0  0.0  Sniffles2.INS.254S25      1    43   (72) C Alu            SINE/Alu            (90)     43      1  494  
  319   13.9  0.0  0.0  Sniffles2.INS.254S25     59   101   (14) C Alu            SINE/Alu            (90)     43      1  495  
 1365   12.6  0.2  0.0  Sniffles2.INS.258S11      1  1020    (0) + ALR/Alpha      Satellite/centr        1   1021    (2)  496  
 1196    7.8  2.2  8.4  Sniffles2.INS.258S18      4   329    (1) + SVA_E          Retroposon/SVA       462    862  (520)  497  
 1351   11.6  0.9  0.3  Sniffles2.INS.259S37      2  4234    (7) + ALR/Alpha      Satellite/centr        1   4262    (0)  498  
   33    7.5  7.1  0.0  Sniffles2.INS.25BS24      1    56    (5) + (AT)n          Simple_repeat          1     60    (0)  499  
  446   18.4  5.8  7.9  Sniffles2.INS.25BSC0      9   573    (1) C HSATII         Satellite            (7)    553      1  500  
 1407   12.0  0.4  0.0  Sniffles2.INS.25CS11      3   337    (3) + ALR/Alpha      Satellite/centr        1    336    (2)  501  
 1239   12.7  0.3  0.0  Sniffles2.INS.25DS11      1  1016    (3) + ALR/Alpha      Satellite/centr        1   1019    (0)  502  
  803    5.7  0.0  2.8  Sniffles2.INS.25ES18      1   109   (52) + L1PA6          LINE/L1             6047   6152    (2)  503  
   70   23.0  1.1  1.7  Sniffles2.INS.25ES25      2   179   (11) + (ATGGTG)n      Simple_repeat          1    177    (0)  504  
  509   13.0  0.0  0.3  Sniffles2.INS.25ESBF      1    80   (23) C AluY           SINE/Alu             (5)    296    226  505  
 1029   11.8  1.1  0.2  Sniffles2.INS.25FS11      1   337    (2) + ALR/Alpha      Satellite/centr        1    339    (0)  506  
  512    5.4  0.0  0.0  Sniffles2.INS.25FS18      1    74    (0) + MSR1           Satellite              9     82   (29)  507  
  307    8.8  4.3  2.8  Sniffles2.INS.25FSBF     17    86   (38) C L1M1           LINE/L1           (5394)   2171   2101  508  
   24   14.3  0.0  2.1  Sniffles2.INS.25S16      71   118    (4) + (GAATG)n       Simple_repeat          1     47    (0)  509  
 1034   16.0  1.7  0.0  Sniffles2.INS.25S2F       1   335    (3) + ALR/Alpha      Satellite/centr        1    340    (0)  510  
 1053   15.0  0.2  0.1  Sniffles2.INS.25SB0       4   851    (1) + ALR/Alpha      Satellite/centr        1    849    (0)  511  
  258   20.3  1.4  2.9  Sniffles2.INS.25SBD      19    89    (1) + HSATII         Satellite             21     90   (80)  512  
   62    7.9  3.1  0.0  Sniffles2.INS.262S37      1    96    (0) + (AAGA)n        Simple_repeat          1     99    (0)  513  
 1365   13.6  0.6  0.0  Sniffles2.INS.263S11      1   681    (0) + ALR/Alpha      Satellite/centr        1    684    (2)  514  
   39    0.0  0.0  0.0  Sniffles2.INS.264S0       1    36    (9) + (CTTC)n        Simple_repeat          1     36    (0)  515  
 1259   13.6  0.7  0.1  Sniffles2.INS.265S11      7   678    (3) + ALR/Alpha      Satellite/centr        1    676    (4)  516  
  129    9.9  0.4  4.6  Sniffles2.INS.265S25      1   228    (0) + (AGGG)n        Simple_repeat          1    219    (0)  517  
  435   18.2  6.5  8.1  Sniffles2.INS.265SC0      8   618    (0) C HSATII         Satellite            (4)    601      1  518  
 1342   11.9  0.9  0.6  Sniffles2.INS.267S11      1   678    (3) + ALR/Alpha      Satellite/centr        1    680    (2)  519  
  427   18.2  6.9  7.5  Sniffles2.INS.267SC0      3   636   (13) C HSATII         Satellite            (4)    629      1  520  
   48    6.1  4.3  0.0  Sniffles2.INS.269S0       1    70    (0) + (GA)n          Simple_repeat          1     73    (0)  521  
 2571    0.7  0.0  0.0  Sniffles2.INS.269S11     10   323    (0) C AluYa5         SINE/Alu             (0)    311     10  522  
  251   13.9  0.0  0.0  Sniffles2.INS.26AS0       1    36   (23) C AluSz6         SINE/Alu           (203)    109     74  523  
   27    4.0  6.8  6.8  Sniffles2.INS.26AS5       1    59    (0) + (AT)n          Simple_repeat          1     59    (0)  524  
 1236   12.6  0.7  0.0  Sniffles2.INS.26BS11     10   337    (1) + ALR/Alpha      Satellite/centr        1    330    (0)  525  
  446   18.2  5.8  8.5  Sniffles2.INS.26BSC0      2   641    (8) C HSATII         Satellite            (7)    623      1  526  
 1150   10.8  0.4  0.0  Sniffles2.INS.26ES11      3   339    (0) + ALR/Alpha      Satellite/centr        1    338    (0)  527  
 1129   11.4  0.3  0.4  Sniffles2.INS.26FS11      1   338    (2) + ALR/Alpha      Satellite/centr        1    337    (2)  528  
  377   19.4  4.2  0.0  Sniffles2.INS.26S16      26    97  (165) + AluYk2         SINE/Alu             224    298   (13)  529 *
  632   13.5  5.0  3.7  Sniffles2.INS.26S16      90   250   (12) C HSATII         Satellite            (7)    163      1  530  
  351   15.7  0.0  0.0  Sniffles2.INS.26S2B       1    51    (8) + AluSz6         SINE/Alu             230    280   (32)  531  
 1034   15.7  2.5  0.0  Sniffles2.INS.26S2F       1   336    (0) + ALR/Alpha      Satellite/centr        1    344    (0)  532  
   19   26.6  0.0  1.7  Sniffles2.INS.26S5D       1    60    (1) + (AATGG)n       Simple_repeat          1     59    (0)  533  
   19   24.9  0.0  0.0  Sniffles2.INS.26SBD       4    55    (0) + (CATTC)n       Satellite              1     52    (0)  534  
  471   17.3  6.3 10.0  Sniffles2.INS.270SC0      9   660    (0) C HSATII         Satellite            (4)    628      1  535  
  511   16.5  7.0  8.2  Sniffles2.INS.271SC0      1   649   (11) C HSATII         Satellite            (4)    641      1  536  
 1273   12.6  0.6  0.0  Sniffles2.INS.273S11      9   337    (2) + ALR/Alpha      Satellite/centr        1    330    (0)  537  
   38   15.6  0.0  0.0  Sniffles2.INS.273S24      3    69    (2) + GA-rich        Low_complexity         1     67    (0)  538  
  114    6.4  5.6  3.6  Sniffles2.INS.274S24      2   216    (0) + GA-rich        Low_complexity         1    219    (0)  539  
 1131   13.8  1.0  0.1  Sniffles2.INS.274S33      1   679    (0) + ALR/Alpha      Satellite/centr        1    685    (0)  540  
   23   23.0  7.0  0.0  Sniffles2.INS.275S5       3    88   (10) + (TACATA)n      Simple_repeat          1     92    (0)  541  
 2598    0.4  0.0  0.0  Sniffles2.INS.276S11     10   325    (0) C AluYa5         SINE/Alu             (0)    311     10  542  
 1019   12.6  0.6  0.0  Sniffles2.INS.276S33      3   169    (0) + ALR/Alpha      Satellite/centr        1    168    (3)  543  
 2598    0.4  0.0  0.0  Sniffles2.INS.278S11     10   326    (0) C AluYa5         SINE/Alu             (0)    311     10  544  
 1129    0.8  0.8  0.0  Sniffles2.INS.279S24      1   123    (0) + AluYa5         SINE/Alu              17    140  (171)  545  
 1383   12.9  0.4  0.0  Sniffles2.INS.27FS11      2   341    (0) + ALR/Alpha      Satellite/centr        1    341    (2)  546  
  333   18.5  4.6  6.5  Sniffles2.INS.27FS2       8   180    (2) + HSATII         Satellite              1    170    (0)  547  
 3018    0.3  0.0  0.0  Sniffles2.INS.27S0       19   335    (0) + AluYb8         SINE/Alu               1    317    (1)  548  
  556    8.1  0.0  0.0  Sniffles2.INS.27S15       1    74    (1) + HSATII         Satellite             35    108   (62)  549  
 1034   16.0  1.7  0.2  Sniffles2.INS.27S2F       1   336    (3) + ALR/Alpha      Satellite/centr        1    341    (0)  550  
 1022   15.3  0.0  0.0  Sniffles2.INS.27S30       1   341    (1) + ALR/Alpha      Satellite/centr        1    341    (0)  551  
 1383   11.6  0.5  0.0  Sniffles2.INS.280S11      1   340    (0) + ALR/Alpha      Satellite/centr        1    341    (1)  552  
  244    6.5  0.0  2.2  Sniffles2.INS.281S0       1    47    (3) C SVA_F          Retroposon/SVA     (607)    768    723  553  
23461    3.4  0.9  0.2  Sniffles2.INS.282S31      6  3568  (457) C L1PA3          LINE/L1              (0)   6155   2571  554  
 3957    3.2  0.2  0.0  Sniffles2.INS.282S31   3560  4023    (2) C L1PA3          LINE/L1           (4191)   1964   1500  554 *
 1407   12.2  0.8  0.0  Sniffles2.INS.283S11      3   336    (3) + ALR/Alpha      Satellite/centr        1    336    (2)  555  
   42    0.0  1.6  5.0  Sniffles2.INS.284SC0      5    66    (0) + (AGAA)n        Simple_repeat          1     60    (0)  556  
   50    1.8  3.5  0.0  Sniffles2.INS.286SC0      1    57    (4) + (TTTC)n        Simple_repeat          1     59    (0)  557  
 1117    0.1  0.9  0.0  Sniffles2.INS.288SC0      1   981    (0) + (AT)n          Simple_repeat          1    990    (0)  558  
  596   12.1  0.0  0.0  Sniffles2.INS.289S33     11   101    (1) + ALR/Alpha      Satellite/centr       15    105   (66)  559  
 1402   12.6  0.3  0.0  Sniffles2.INS.28BS11      1   675    (5) + ALR/Alpha      Satellite/centr        1    677    (2)  560  
  829    4.0  0.4  0.0  Sniffles2.INS.28BS18      1   368    (0) C MSR1           Satellite           (19)    369      1  561  
 1402   10.8  0.3  0.2  Sniffles2.INS.28CS11      1   678    (3) + ALR/Alpha      Satellite/centr        1    678    (2)  562  
  936   14.2  3.1  3.4  Sniffles2.INS.28S15       1   312    (2) + HSATII         Satellite              1    310    (0)  563  
  228   20.9  0.0  0.0  Sniffles2.INS.28S2B      12    54   (71) + FRAM           SINE/Alu             102    144   (32)  564  
 1046   12.2  1.7  0.1  Sniffles2.INS.28S2F       1   338    (0) + ALR/Alpha      Satellite/centr        1    343    (0)  565  
20527    3.3  0.6  0.1  Sniffles2.INS.28S3A       1  3250  (835) + L1PA4          LINE/L1             2890   6152    (3)  566  
 5988    5.5  1.1  0.3  Sniffles2.INS.28S3A    3224  4085    (0) + L1P1           LINE/L1             2727   3591 (3257)  567 *
 1402   10.9  0.3  0.0  Sniffles2.INS.290S11      1   677    (3) + ALR/Alpha      Satellite/centr        1    679    (4)  568  
   55   24.1  0.0  0.0  Sniffles2.INS.296S25      2   116    (5) + (AT)n          Simple_repeat          1    115    (0)  569  
  468    5.3  2.6  0.0  Sniffles2.INS.298S25      1    69    (0) C L1P1           LINE/L1           (4508)   2181   2105  570  
 1115   13.4  0.6  0.9  Sniffles2.INS.299S33      1   684    (0) + ALR/Alpha      Satellite/centr        1    681    (0)  571  
   24    0.0  0.0  0.0  Sniffles2.INS.29AS22     22    47    (8) + (A)n           Simple_repeat          1     26    (0)  572  
 1383   12.2  0.2  0.3  Sniffles2.INS.29DS11      1   681    (1) + ALR/Alpha      Satellite/centr        1    680    (2)  573  
 1127   11.1  0.9  0.3  Sniffles2.INS.29S2F       8   339    (0) + ALR/Alpha      Satellite/centr        1    334    (0)  574  
  769   13.8  0.0  0.0  Sniffles2.INS.29SBA       1   169    (0) C ALR/Alpha      Satellite/centr     (37)    169      1  575  
   47    4.3  0.0  0.0  Sniffles2.INS.2A0S2       1    49    (3) + (TA)n          Simple_repeat          1     49    (0)  576  
 1329   13.9  0.7  0.0  Sniffles2.INS.2A1S11      7  1013    (1) + ALR/Alpha      Satellite/centr        1   1013    (0)  577  
   46    0.0  0.0  4.1  Sniffles2.INS.2A5S2       1    51    (0) + (ATGG)n        Simple_repeat          1     49    (0)  578  
  127   22.0  2.3  1.0  Sniffles2.INS.2A6S18     10   315    (2) + GA-rich        Low_complexity         1    310    (0)  579  
  572   22.5  1.8  3.1  Sniffles2.INS.2A9S37      3   167  (224) + MER5A1         DNA/hAT-Charlie        1    163    (3)  580  
  281   15.4  0.0  0.0  Sniffles2.INS.2ADS2      11    49    (3) + AluJb          SINE/Alu             123    161  (151)  581  
  840   16.5  1.0  1.0  Sniffles2.INS.2AFS33      1   341    (1) + ALR/Alpha      Satellite/centr        1    341    (0)  582  
  121   16.6  0.0  0.0  Sniffles2.INS.2AS24       1   215    (0) + (GGAAT)n       Simple_repeat          1    215    (0)  583  
 2483    2.0  0.7  2.0  Sniffles2.INS.2AS25      18   324    (0) + AluY           SINE/Alu               1    303    (8)  584  
 1002   16.5  0.1  0.0  Sniffles2.INS.2AS2F       1   341    (0) + ALR/Alpha      Satellite/centr        1    341    (0)  585  
   28   36.6  0.0  1.5  Sniffles2.INS.2AS8       20   152  (474) + (TCCC)n        Simple_repeat          1    131    (0)  586  
 2042   11.8  0.8  0.8  Sniffles2.INS.2AS8      189   547   (79) + LSAU           Satellite            140    498    (0)  587  
 1134   14.0  0.8  0.1  Sniffles2.INS.2ASB0       1   679    (2) + ALR/Alpha      Satellite/centr        1    683    (0)  588  
   39    6.3  0.0  0.0  Sniffles2.INS.2ASBD       3    52    (3) + (TCCAT)n       Simple_repeat          1     50    (0)  589  
 1182   13.8  0.6  1.3  Sniffles2.INS.2B0S11      1   341    (2) + ALR/Alpha      Satellite/centr        1    338    (2)  590  
 1094   13.5  0.4  0.2  Sniffles2.INS.2B1S33      1   850    (0) + ALR/Alpha      Satellite/centr        1    851    (0)  591  
  852   12.6  0.4  0.0  Sniffles2.INS.2B2S33      1   169    (0) + ALR/Alpha      Satellite/centr        1    169    (0)  592  
 1402   11.3  0.5  0.0  Sniffles2.INS.2B3S11      1   339    (0) + ALR/Alpha      Satellite/centr        1    340    (1)  593  
 1383   12.6  0.2  0.0  Sniffles2.INS.2B4S11      1   679    (1) + ALR/Alpha      Satellite/centr        1    680    (0)  594  
 1002   13.2  0.6  0.0  Sniffles2.INS.2B4S33      1   166    (4) + ALR/Alpha      Satellite/centr        5    171    (0)  595  
 1140   14.2  1.0  0.1  Sniffles2.INS.2B5S33      1  1016    (1) + ALR/Alpha      Satellite/centr        1   1025    (0)  596  
 1313   13.7  0.7  4.4  Sniffles2.INS.2B6S2       1   299    (3) C AluSx          SINE/Alu             (1)    301      1  597  
  789   11.3  0.8  0.4  Sniffles2.INS.2B7S33      5   169    (1) + ALR/Alpha      Satellite/centr        1    165    (0)  598  
 1638    7.1  0.6  8.3  Sniffles2.INS.2B8S0      12   403    (0) + SVA_F          Retroposon/SVA       421    855  (520)  599  
  730    2.4  0.7  0.3  Sniffles2.INS.2BBS18      1   147    (1) + MSR1           Satellite              1    147    (0)  600  
 1183   13.3  0.5  0.8  Sniffles2.INS.2BCS11      1   339    (5) + ALR/Alpha      Satellite/centr        1    337    (4)  601  
  178    4.6  8.6  0.0  Sniffles2.INS.2BDS24      1   292    (1) + (GAGGTG)n      Simple_repeat          1    317    (0)  602  
  900   14.1  2.8  1.9  Sniffles2.INS.2BS8        4   955    (1) C BSR/Beta       Satellite           (28)    961      1  603  
 1011   11.2  1.3  0.3  Sniffles2.INS.2C5S11      1   338    (0) + ALR/Alpha      Satellite/centr        1    341    (0)  604  
 1075   13.9  0.3  0.0  Sniffles2.INS.2C5S23      1   337    (4) C ALR/Alpha      Satellite/centr     (45)    338      1  605  
  372    2.0  2.0  2.0  Sniffles2.INS.2C6S2       1    50   (16) + HERVK-int      LTR/ERVK            5303   5352 (2184)  606  
  390    6.0  3.5  1.3  Sniffles2.INS.2C6SF       1   591    (2) + (TGGCTGGCT)n   Simple_repeat          1    604    (0)  607  
 1273   11.9  0.4  0.1  Sniffles2.INS.2C7S11      2   678    (1) + ALR/Alpha      Satellite/centr        1    679    (0)  608  
 1273   12.6  0.6  0.0  Sniffles2.INS.2C8S11     10   338    (1) + ALR/Alpha      Satellite/centr        1    330    (0)  609  
 1698    6.8  5.0  1.6  Sniffles2.INS.2C8SF       1  3059    (2) + (CTTGGCTGG)n   Simple_repeat          1   3162    (0)  610  
   30    2.8  2.7  0.0  Sniffles2.INS.2CBS2      94   130   (82) + (AAAAC)n       Simple_repeat          1     38    (0)  611  
   31    8.3  0.0  5.5  Sniffles2.INS.2CFS37      2    59    (3) + (AAAG)n        Simple_repeat          1     55    (0)  612  
   37   23.7  1.1  0.0  Sniffles2.INS.2CS5D       2    95    (3) + (ATGGA)n       Simple_repeat          1     95    (0)  613  
 1152   13.8  1.2  0.2  Sniffles2.INS.2CSB0      11   508    (1) + ALR/Alpha      Satellite/centr        1    503    (0)  614  
  916   10.8  0.0  0.0  Sniffles2.INS.2CSBA       3   167    (2) C ALR/Alpha      Satellite/centr     (46)    165      1  615  
   38    6.4  0.0  0.0  Sniffles2.INS.2CSBD       1    49    (1) + (CCATT)n       Simple_repeat          1     49    (0)  616  
  267    6.2  0.0  2.1  Sniffles2.INS.2D0S0       1    49    (1) + SVA_F          Retroposon/SVA       693    740  (635)  617  
 2455    5.5  2.7  6.7  Sniffles2.INS.2D1SC0      1  1616    (1) C LTR12B         LTR/ERV1             (0)    667    335  618  
  977    5.1  0.6  1.3  Sniffles2.INS.2D3S24      1   158   (16) + SVA_F          Retroposon/SVA       699    855  (520)  619  
 1240   13.5  0.8  0.2  Sniffles2.INS.2D5S11      7   678    (3) + ALR/Alpha      Satellite/centr        1    676    (2)  620  
 1283   13.0  0.5  0.3  Sniffles2.INS.2D6S31      1  3411 (1238) C ALR/Alpha      Satellite/centr     (24)   3418      1  621  
 7121    3.3  2.1  0.0  Sniffles2.INS.2D6S31   3413  4649    (0) C L1PA3          LINE/L1              (0)   6155   4894  622  
 1278   13.6  0.8  0.0  Sniffles2.INS.2D8S11      7   677    (3) + ALR/Alpha      Satellite/centr        1    676    (4)  623  
   39   11.1  8.9  1.9  Sniffles2.INS.2D9SF       3   103    (0) + (CTCCTG)n      Simple_repeat          1    108    (0)  624  
 1378   12.3  0.4  0.2  Sniffles2.INS.2DAS11      1   679    (3) + ALR/Alpha      Satellite/centr        1    679    (2)  625  
 1104    3.3  0.0  0.0  Sniffles2.INS.2DDS18      1   121 (1119) C AluSc8         SINE/Alu           (189)    122      2  626  
 2003   11.8  0.7  1.0  Sniffles2.INS.2DDS18    149   440  (800) + AluSx          SINE/Alu               2    292   (10)  627  
  280   30.1 10.1  5.1  Sniffles2.INS.2DDS18    603   770  (470) + MER5B          DNA/hAT-Charlie        1    176    (2)  628  
 1557    1.8  0.0  0.0  Sniffles2.INS.2DDS18   1073  1240    (0) C AluYc          SINE/Alu            (20)    279    112  629  
  262   34.6  0.0  0.0  Sniffles2.INS.2DESBF     49   126  (313) + L2b            LINE/L2             3024   3101  (274)  630  
 2267   10.2  0.0  0.0  Sniffles2.INS.2DESBF    134   428   (11) C AluSq          SINE/Alu            (18)    295      1  631  
   33   25.3  1.1  0.0  Sniffles2.INS.2DS16       1    87    (2) + (TGGAG)n       Simple_repeat          1     88    (0)  632  
   45    7.1  5.3  0.0  Sniffles2.INS.2DS31       1    75    (1) + (CA)n          Simple_repeat          1     79    (0)  633  
  443   24.5  0.0  0.9  Sniffles2.INS.2DS8        3   109  (503) C BSR/Beta       Satellite            (3)    133     28  634  
 2585   16.3  0.8  0.6  Sniffles2.INS.2DS8      112   605    (7) + LSAU           Satellite              3    497    (1)  635  
   27    6.0  0.0  0.0  Sniffles2.INS.2DSBD      15    49    (1) + (TCCAT)n       Simple_repeat          1     35    (0)  636  
 1173    9.6  0.2  0.0  Sniffles2.INS.2E1S11      1   339    (1) + ALR/Alpha      Satellite/centr        1    339    (0)  637  
 1348   11.3  0.2  0.2  Sniffles2.INS.2E2S11      2   340    (1) + ALR/Alpha      Satellite/centr        1    339    (1)  638  
   48   16.9  0.7  9.2  Sniffles2.INS.2E3S37      2   143    (2) + (AT)n          Simple_repeat          1    131    (0)  639  
 5295    1.2  0.0  0.0  Sniffles2.INS.2E6S11      7   602 (3898) C L1HS           LINE/L1           (3896)   2136   1541  640  
 1417   12.6  0.5  0.1  Sniffles2.INS.2E6S11    603  4500    (0) + ALR/Alpha      Satellite/centr        1   3915    (0)  641  
  548    0.0  0.0  0.0  Sniffles2.INS.2E9S0       1   466    (0) + (G)n           Simple_repeat          1    466    (0)  642  
   36    2.1  2.0  2.0  Sniffles2.INS.2ECS25      1    51    (0) + (GAAG)n        Simple_repeat          1     51    (0)  643  
   20   13.6  0.0  4.7  Sniffles2.INS.2EFS5       1    45    (7) + (CCCT)n        Simple_repeat          1     43    (0)  644  
   22   19.4  0.0  0.0  Sniffles2.INS.2ES16       6    53    (2) + (GGAAT)n       Simple_repeat          1     48    (0)  645  
   15   19.6  0.0  0.0  Sniffles2.INS.2ES58       1    35  (516) + (GGAAT)n       Simple_repeat          1     35    (0)  646  
  515   17.3  9.6  7.9  Sniffles2.INS.2ES58      57   446  (105) C HSATII         Satellite            (7)    396      1  647  
   36   24.6  0.9  1.9  Sniffles2.INS.2ES58     447   551    (0) + (GAATG)n       Satellite              1    104    (0)  648  
 1212   10.2  0.4  0.4  Sniffles2.INS.2ESBA       1   338    (2) C ALR/Alpha      Satellite/centr      (4)    338      1  649  
  277   21.4  4.4  1.7  Sniffles2.INS.2ESBD      10   123    (1) + HSATII         Satellite             47    163    (7)  650  
 1202   12.6  0.9  0.0  Sniffles2.INS.2F1S11      1   334    (3) + ALR/Alpha      Satellite/centr        1    337    (0)  651  
 1210   12.1  0.3  0.0  Sniffles2.INS.2F9S23     10   847    (4) + ALR/Alpha      Satellite/centr        1    840    (0)  652  
   84    5.3 11.5  0.0  Sniffles2.INS.2F9S37      1   156    (0) + (AT)n          Simple_repeat          1    174    (0)  653  
 1383   11.6  0.3  0.0  Sniffles2.INS.2FBS11      2   678    (0) + ALR/Alpha      Satellite/centr        1    679    (0)  654  
   48   10.0  2.1  4.3  Sniffles2.INS.2FCS2       1    95    (5) + G-rich         Low_complexity         1     93    (0)  655  
  310   19.1  0.0  1.5  Sniffles2.INS.2FCS25      1    69    (1) + L1MB3          LINE/L1             5973   6040  (143)  656  
 1214   12.8  0.4  0.1  Sniffles2.INS.2FDS11      7   676    (3) + ALR/Alpha      Satellite/centr        1    672    (2)  657  
  165   24.2  0.0  0.0  Sniffles2.INS.2FES18      1   344    (1) + (C)n           Simple_repeat          1    344    (0)  658  
  336   20.6  3.2  0.0  Sniffles2.INS.2FS2B      10    72    (0) + FRAM           SINE/Alu              89    153   (13)  659  
  524   18.9  3.7  6.5  Sniffles2.INS.2FSBD       2   767   (18) + HSATII         Satellite              1    744    (7)  660  
   42    4.2  0.0  2.0  Sniffles2.INS.2S24        1    52    (3) + (CCTTC)n       Simple_repeat          1     51    (0)  661  
  843   15.6  0.4  0.8  Sniffles2.INS.2S2F        1   171    (0) + ALR/Alpha      Satellite/centr        1    170    (0)  662  
 1112   13.0  1.3  0.0  Sniffles2.INS.2S30        1   335    (3) + ALR/Alpha      Satellite/centr        1    339    (0)  663  
  951   14.2  0.6  0.0  Sniffles2.INS.2S5D        5   166    (4) + ALR/Alpha      Satellite/centr        1    163    (8)  664  
  878   19.4  0.4  0.0  Sniffles2.INS.2S65        1   167    (1) + ALR/Alpha      Satellite/centr        1    167    (0)  665  
 2431    2.8  0.7  1.4  Sniffles2.INS.2S7B       16   304  (338) + AluYb8         SINE/Alu              17    303   (15)  666  
 1031   14.2  0.0  0.5  Sniffles2.INS.2S7B      301   640    (2) C ALR/Alpha      Satellite/centr     (49)    338      1  667 *
   35    8.1  0.0  0.0  Sniffles2.INS.2SA8        1    52    (0) + (AAGG)n        Simple_repeat          1     52    (0)  668  
   25   15.9  0.0  0.0  Sniffles2.INS.2SBD       11    59    (6) + (ATTCC)n       Simple_repeat          1     49    (0)  669  
  693   15.5  7.2  2.3  Sniffles2.INS.300S24    307  2160    (0) + (GT)n          Simple_repeat          1   1942    (0)  670  
   32    0.0  4.2  2.0  Sniffles2.INS.301S0       1    48    (5) + (GGGAGAG)n     Simple_repeat          1     49    (0)  671  
   43   19.7  4.3  4.3  Sniffles2.INS.302S0       2   139    (0) + (AT)n          Simple_repeat          1    138    (0)  672  
   83   17.4  4.8  3.5  Sniffles2.INS.303S0       1   228    (1) + (TA)n          Simple_repeat          1    231    (0)  673  
   24   14.7  0.0  4.3  Sniffles2.INS.303SC0      6    54    (1) + (TA)n          Simple_repeat          1     47    (0)  674  
  502   17.5  4.8  2.6  Sniffles2.INS.304S18      2   279    (1) + MER51E         LTR/ERV1             132    552  (292)  675  
   16   15.9  0.0  0.0  Sniffles2.INS.304SC0   1295  1322 (1061) + (T)n           Simple_repeat          1     28    (0)  676  
  225   38.1  5.2  3.4  Sniffles2.INS.304SC0   1781  1954  (429) C L3             LINE/CR1           (292)   3807   3631  677  
  304   31.1  4.6  3.4  Sniffles2.INS.304SC0   2126  2298   (85) C L3             LINE/CR1          (1631)   2468   2294  677  
25403    1.6  0.0  0.1  Sniffles2.INS.305S11      1  3367 (1134) C L1HS           LINE/L1           (1117)   5029   1664  678  
 1417   11.8  0.6  0.3  Sniffles2.INS.305S11   3368  4501    (0) + ALR/Alpha      Satellite/centr        1   1136    (0)  679  
   31   11.7  0.0  2.0  Sniffles2.INS.307S37      1    50    (0) + (AT)n          Simple_repeat          1     49    (0)  680  
   50    0.0  2.0  0.0  Sniffles2.INS.30CS0       1    49    (7) + (GATA)n        Simple_repeat          1     50    (0)  681  
  527   20.0  0.6 23.3  Sniffles2.INS.30FS0       2   164    (0) + AluJb          SINE/Alu              49    181  (121)  682  
 1252   15.8  0.4 11.9  Sniffles2.INS.30S17       2   253  (860) + AluJb          SINE/Alu              58    283   (19)  683  
  640   23.5  5.1  1.4  Sniffles2.INS.30S17     296   433  (680) C MLT1F1         LTR/ERVL-MaLR      (377)    192     50  684 *
 2045   10.7  0.3  2.8  Sniffles2.INS.30S17     431   728  (385) C AluSx          SINE/Alu             (0)    302     12  685  
   59    5.5  0.0  0.0  Sniffles2.INS.30S25       1    77    (1) + (AGG)n         Simple_repeat          1     77    (0)  686  
  254   20.0  0.0  0.0  Sniffles2.INS.30S2B       1    40   (10) + AluYg6         SINE/Alu             228    267   (44)  687  
   47    1.9  1.8  1.8  Sniffles2.INS.311S22      1    55    (1) + (GGCT)n        Simple_repeat          1     55    (0)  688  
  297    5.3  2.6  0.0  Sniffles2.INS.311S25     19    56  (219) C LTR8           LTR/ERV1           (368)    323    285  689  
  315    5.1  0.0  0.0  Sniffles2.INS.311S25     57    95  (180) C LTR8           LTR/ERV1           (368)    323    285  689  
  286    5.2  0.0 10.3  Sniffles2.INS.311S25     96   138  (137) C LTR8           LTR/ERV1           (368)    323    285  689  
  262    7.9  2.6  0.0  Sniffles2.INS.311S25    139   176   (99) C LTR8           LTR/ERV1           (368)    323    285  689  
  278    2.6  2.6  2.6  Sniffles2.INS.311S25    177   215   (60) C LTR8           LTR/ERV1           (368)    323    285  689  
  345    2.6  0.0  0.0  Sniffles2.INS.311S25    216   254   (21) C LTR8           LTR/ERV1           (368)    323    285  689  
   33    0.0  8.9  0.0  Sniffles2.INS.31CS18      6    50    (0) + (TCTT)n        Simple_repeat          1     49    (0)  690  
  527   11.8  0.0  0.0  Sniffles2.INS.31ES11     18    85    (0) + AluSc          SINE/Alu             210    277   (32)  691  
  305    2.7  0.0  0.0  Sniffles2.INS.31FS0     104   140  (231) C L1MCc          LINE/L1           (4993)   1430   1394  692  
  333   19.5  2.4  3.6  Sniffles2.INS.31FS0     251   335   (36) C MLT1K          LTR/ERVL-MaLR       (11)    584    501  693  
   42    1.7  3.1  4.8  Sniffles2.INS.31FS24      9    72    (7) + (GTGAGTG)n     Simple_repeat          1     63    (0)  694  
  317   15.7  2.0  0.0  Sniffles2.INS.31S16       1    51  (133) + FRAM           SINE/Alu             102    153   (23)  695  
  338   21.2  3.0  0.0  Sniffles2.INS.31S16      54   119   (65) + AluYk3         SINE/Alu             231    298   (13)  696  
   21   22.2  0.0  0.0  Sniffles2.INS.31S2B       3    54    (1) + (GAATG)n       Satellite              1     52    (0)  697  
  273   19.9  3.4 12.4  Sniffles2.INS.31S5D      20   168    (2) C HSATII         Satellite            (8)    162     26  698  
 1075   10.6  0.0  0.0  Sniffles2.INS.31S6F       1   171    (0) C ALR/Alpha      Satellite/centr     (72)    171      1  699  
  744   18.2  0.0  0.0  Sniffles2.INS.31SB0       1   170    (1) + ALR/Alpha      Satellite/centr        1    170    (0)  700  
   27   22.9  0.0  0.0  Sniffles2.INS.31SBD       1    66    (3) + (TTCCA)n       Simple_repeat          1     66    (0)  701  
   48    0.0  3.9  0.0  Sniffles2.INS.328S0       1    51    (0) + (ATACATAG)n    Simple_repeat          1     53    (0)  702  
   32    7.6 10.1  0.0  Sniffles2.INS.32AS37      4    72    (0) + (TATATAA)n     Simple_repeat          1     76    (0)  703  
 2947    0.6  0.0  0.0  Sniffles2.INS.32FS0      12   322    (9) + AluY           SINE/Alu               1    311    (0)  704  
  340    8.7  4.3  0.0  Sniffles2.INS.32S25       9    54  (144) + MLT1D          LTR/ERVL-MaLR          1     48  (457)  705  
  350    8.5  4.3  0.0  Sniffles2.INS.32S25      85   131   (67) + MLT1D          LTR/ERVL-MaLR          2     50  (455)  706  
 1196   12.8  0.1  0.0  Sniffles2.INS.32S6F       1   337    (4) C ALR/Alpha      Satellite/centr     (21)    337      1  707  
  454   16.8  5.2  9.8  Sniffles2.INS.32SBD       7   297   (14) + HSATII         Satellite              1    277    (4)  708  
 2669    5.8  0.0  0.0  Sniffles2.INS.330S0      12   322  (473) + AluYk3         SINE/Alu               1    311    (0)  709  
 2947    0.6  0.0  0.0  Sniffles2.INS.330S0     476   786    (9) + AluY           SINE/Alu               1    311    (0)  710  
  106    0.0  0.0  0.0  Sniffles2.INS.330S11      1    93    (0) + (C)n           Simple_repeat          1     93    (0)  711  
   30   16.4  0.0  0.0  Sniffles2.INS.331S2       3    52    (0) + (AT)n          Simple_repeat          1     50    (0)  712  
   39   19.8  2.3  0.0  Sniffles2.INS.332S0       1    88    (0) + (TAGA)n        Simple_repeat          1     90    (0)  713  
 1368   13.5  0.6  0.3  Sniffles2.INS.333S31      1  3900    (0) C ALR/Alpha      Satellite/centr     (22)   3912      1  714  
   67   28.2  1.0  0.5  Sniffles2.INS.334SC0      9   210    (1) + (GAATG)n       Satellite              1    203    (0)  715  
  332   22.4  3.5  6.9  Sniffles2.INS.335SC0     14   596  (202) C HSATII         Satellite            (4)    563      1  716  
  353   21.4  6.9  2.7  Sniffles2.INS.335SC0    646   789    (9) C HSATII         Satellite            (7)    163     14  716  
   38    7.3  1.7  0.0  Sniffles2.INS.335SF       1    58    (0) + (ATATAAT)n     Simple_repeat          1     59    (0)  717  
  146   13.3  7.3  0.3  Sniffles2.INS.337S2       3   317    (1) + (AT)n          Simple_repeat          1    337    (0)  718  
   38   23.9  0.0  0.0  Sniffles2.INS.337SC0      7    99   (10) + (AATGG)n       Simple_repeat          1     93    (0)  719  
   23    9.8  0.0  0.0  Sniffles2.INS.339S35      1    33   (24) + (A)n           Simple_repeat          1     33    (0)  720  
   33   14.2  1.6  0.0  Sniffles2.INS.33AS2       1    62    (1) + (TATATA)n      Simple_repeat          1     63    (0)  721  
   60    1.8  0.0  0.0  Sniffles2.INS.33BS35      1    58    (0) + (TTTC)n        Simple_repeat          1     58    (0)  722  
  406    5.4  3.6  0.0  Sniffles2.INS.33DS35      1    56    (1) + L1M1           LINE/L1             4712   4769 (1377)  723  
   12   17.7  2.4  4.9  Sniffles2.INS.33ES11     10    51    (1) + (AATATAA)n     Simple_repeat          1     41    (0)  724  
  249   18.2  9.0  6.1  Sniffles2.INS.33FSC0      1   111    (3) C HSATII         Satellite           (36)    134     21  725  
   19   20.4  0.0  0.0  Sniffles2.INS.33FSF       6    50    (5) + (ATATAAC)n     Simple_repeat          1     45    (0)  726  
  376   16.9  0.0  0.0  Sniffles2.INS.33S15       1    71    (1) + HSATII         Satellite              1     71   (99)  727  
   25   20.7  0.0  0.0  Sniffles2.INS.33S16       1    56    (4) + (TGGAG)n       Simple_repeat          1     56    (0)  728  
  361   16.1  0.0  0.0  Sniffles2.INS.33S2B      10    65    (9) + Alu            SINE/Alu              89    144   (22)  729  
 1052   14.7  1.3  1.2  Sniffles2.INS.33S6F       6   681    (1) C ALR/Alpha      Satellite/centr      (0)    676      1  730  
 1236   13.1  0.5  0.5  Sniffles2.INS.33SBA       1  1191    (0) C ALR/Alpha      Satellite/centr     (71)   1191      1  731  
   89   13.9  2.1  4.3  Sniffles2.INS.342S24      1   192    (4) + (TGG)n         Simple_repeat          1    188    (0)  732  
  249   18.2  9.0  6.1  Sniffles2.INS.342SC0      1   111    (3) C HSATII         Satellite           (36)    134     21  733  
  466    4.3  1.1  2.1  Sniffles2.INS.345S37      4    96    (1) + SVA_F          Retroposon/SVA       680    811  (573)  734  
   27    2.9  0.0  5.3  Sniffles2.INS.347S11      5    44    (9) + (TATATACG)n    Simple_repeat          1     38    (0)  735  
  417   15.2  6.0  0.8  Sniffles2.INS.347S24      1   141    (6) C LTR12_v        LTR/ERV1           (197)    629    424  736  
  476   18.3  9.5  5.6  Sniffles2.INS.348S24      1   280   (10) C LTR12_v        LTR/ERV1            (54)    634    349  737  
   50   18.7  3.6  0.0  Sniffles2.INS.348S5       1   112    (0) + GA-rich        Low_complexity         1    116    (0)  738  
  338   17.2  2.7 13.7  Sniffles2.INS.349SC0     20   199  (331) C HSATII         Satellite            (7)    163      2  739  
   45   24.6  0.0  0.0  Sniffles2.INS.349SC0    210   319  (211) + (GAATG)n       Satellite              1    110    (0)  740  
  322   16.8  8.4 13.4  Sniffles2.INS.349SC0    328   526    (4) C HSATII         Satellite            (5)    189      1  741  
   92    0.7 11.5  0.0  Sniffles2.INS.34AS37      1   139    (0) + (AT)n          Simple_repeat          1    155    (0)  742  
  474   17.6  4.9 10.5  Sniffles2.INS.34BSC0     35  1397    (3) C HSATII         Satellite            (5)   1287      1  743  
   57    0.0  0.0  0.0  Sniffles2.INS.34CS0       1    51    (0) + (AAGA)n        Simple_repeat          1     51    (0)  744  
   41    0.0  4.4  0.0  Sniffles2.INS.34CS11      1    45    (0) + (TTCT)n        Simple_repeat          1     47    (0)  745  
   71    6.6  8.4  0.0  Sniffles2.INS.34DS0       1   143   (73) + (AT)n          Simple_repeat          1    155    (0)  746  
   31   15.5  0.0  8.3  Sniffles2.INS.34DS11      1    78    (1) + (AT)n          Simple_repeat          1     72    (0)  747  
  338   17.2  2.7 13.7  Sniffles2.INS.34DSC0     20   199  (331) C HSATII         Satellite            (7)    163      2  748  
   45   24.6  0.0  0.0  Sniffles2.INS.34DSC0    210   319  (211) + (GAATG)n       Satellite              1    110    (0)  749  
  322   16.8  8.4 13.4  Sniffles2.INS.34DSC0    328   526    (4) C HSATII         Satellite            (5)    189      1  750  
 1314   12.7  1.4  0.3  Sniffles2.INS.34FS38      1  3206    (2) + ALR/Alpha      Satellite/centr        1   3240    (0)  751  
   61   19.7  2.9  0.0  Sniffles2.INS.34S16       1   140    (0) + (GGAGT)n       Simple_repeat          1    144    (0)  752  
  279    9.8  4.9  0.0  Sniffles2.INS.34S25       1    41  (204) + MLT1D          LTR/ERVL-MaLR          7     49  (456)  753  
  375    4.2  4.2  0.0  Sniffles2.INS.34S25      43    90  (155) + MLT1D          LTR/ERVL-MaLR          1     50  (455)  753  
  342    8.3  4.2  0.0  Sniffles2.INS.34S25      92   139  (106) + MLT1D          LTR/ERVL-MaLR          1     50  (455)  753  
  353    6.2  4.2  0.0  Sniffles2.INS.34S25     141   188   (57) + MLT1D          LTR/ERVL-MaLR          1     50  (455)  753  
  356    8.2  2.0  0.0  Sniffles2.INS.34S25     190   238    (7) + MLT1D          LTR/ERVL-MaLR          1     50  (455)  753  
  287   19.6  0.0  0.0  Sniffles2.INS.34S2B       1    51   (12) + FRAM           SINE/Alu              94    144   (32)  754  
 1096   14.9  1.1  1.2  Sniffles2.INS.34S6F       6  1367    (1) C ALR/Alpha      Satellite/centr      (0)   1359      1  755  
 2538   16.3  0.8  0.8  Sniffles2.INS.34S8        3   497    (7) + LSAU           Satellite              3    497    (1)  756  
   27   24.1  0.0  0.0  Sniffles2.INS.34SBD       6    73    (7) + (TCCAT)n       Simple_repeat          1     68    (0)  757  
   35    5.9  1.8  1.8  Sniffles2.INS.350SC0      4    58  (272) + (GAATGGAATC)n  Simple_repeat          1     55    (0)  758  
  440   18.2  3.3 11.2  Sniffles2.INS.350SC0     70   326    (4) C HSATII         Satellite            (8)    236      1  759  
 1656    7.9  1.5  9.7  Sniffles2.INS.351SF       1   493   (14) + SVA_E          Retroposon/SVA       421    862  (520)  760  
   35    0.0  3.6  7.5  Sniffles2.INS.352S11      1    55    (6) + (TA)n          Simple_repeat          1     53    (0)  761  
  460   17.7  4.7 10.5  Sniffles2.INS.352SC0     35  1397    (3) C HSATII         Satellite            (5)   1283      1  762  
  476   19.9  4.0 10.2  Sniffles2.INS.354SC0     15   956    (9) C HSATII         Satellite            (7)    883      1  763  
   50    2.0  0.0  0.0  Sniffles2.INS.355SC0      1    50    (0) + (AATGG)n       Simple_repeat          1     50    (0)  764  
   46    0.0  0.0  0.0  Sniffles2.INS.355SF       1    42    (6) + (AAGA)n        Simple_repeat          1     42    (0)  765  
   67    0.0  4.3  0.0  Sniffles2.INS.356S37      1    70    (0) + (TTCT)n        Simple_repeat          1     73    (0)  766  
  249   18.2  9.0  6.1  Sniffles2.INS.356SC0      1   111    (3) C HSATII         Satellite           (36)    134     21  767  
  490   18.5  4.5 10.4  Sniffles2.INS.357SC0     35  1397    (3) C HSATII         Satellite            (5)   1282      1  768  
  360   22.5  0.0  0.0  Sniffles2.INS.358S24     13    83   (64) C LTR8B          LTR/ERV1           (670)    150     80  769  
  292   18.5  0.0  1.9  Sniffles2.INS.358S24     87   141    (6) C LTR8B          LTR/ERV1           (670)    150     97  770  
   22   24.1  4.1  1.3  Sniffles2.INS.358S5       3    75    (3) + (CCAT)n        Simple_repeat          1     75    (0)  771  
   56    1.8  0.0  0.0  Sniffles2.INS.358SC0      1    55    (0) + (AATGG)n       Simple_repeat          1     55    (0)  772  
  249   23.8  1.6  1.6  Sniffles2.INS.359S24      1    64  (152) C LTR8B          LTR/ERV1           (677)    143     80  773  
  235   20.8  2.1  0.0  Sniffles2.INS.359S24    104   151   (65) C LTR8B          LTR/ERV1           (670)    150    102  774  
  402   19.9  6.0  6.7  Sniffles2.INS.359SC0      2   958   (13) C HSATII         Satellite            (7)    950      1  775  
  466   17.6  4.2 12.0  Sniffles2.INS.35ASC0      1  1425    (0) C HSATII         Satellite            (8)   1313      1  776  
  423   18.3  3.6 10.3  Sniffles2.INS.35BSC0      3  1128   (11) C HSATII         Satellite            (4)   1050      1  777  
  396   19.7  0.0  0.0  Sniffles2.INS.35CS24     11    81  (436) C LTR8B          LTR/ERV1           (670)    150     80  778  
  330   22.5  0.0  1.4  Sniffles2.INS.35CS24     85   156  (361) C LTR8B          LTR/ERV1           (670)    150     80  778  
  379   21.1  0.0  0.0  Sniffles2.INS.35CS24    160   230  (287) C LTR8B          LTR/ERV1           (670)    150     80  778  
  396   21.4  0.0  0.2  Sniffles2.INS.35CS24    234   315  (202) C LTR8B          LTR/ERV1           (670)    150     70  778  
  303   20.4  0.0  0.0  Sniffles2.INS.35CS24    308   361  (156) C LTR8B          LTR/ERV1           (670)    150     97  779 *
  342   25.4  0.0  0.0  Sniffles2.INS.35CS24    380   450   (67) C LTR8B          LTR/ERV1           (670)    150     80  780  
  322   18.5  0.0  0.0  Sniffles2.INS.35CS24    454   507   (10) C LTR8B          LTR/ERV1           (670)    150     97  781  
   54    1.5  5.9  0.0  Sniffles2.INS.35ES35      1    68    (1) + (TATGTATATA)n  Simple_repeat          1     72    (0)  782  
  444   17.7  5.2  8.8  Sniffles2.INS.35ESC0      5  1121   (21) C HSATII         Satellite            (5)   1076      1  783  
   72    1.5  0.0  0.0  Sniffles2.INS.35FSC0      1    69    (1) + (ATGGA)n       Simple_repeat          1     69    (0)  784  
   22   31.2  0.0  5.6  Sniffles2.INS.360S5     436   548   (53) + (CTGT)n        Simple_repeat          1    107    (0)  785  
  470   17.4  4.8  7.5  Sniffles2.INS.363S1       8  1285    (4) C HSATII         Satellite            (4)   1244      1  786  
 1329    6.2  0.6  0.0  Sniffles2.INS.363S2       4   163    (0) C AluSg          SINE/Alu            (73)    237     77  787  
 1341   13.2  0.5  0.2  Sniffles2.INS.363S23      1  6782    (8) + ALR/Alpha      Satellite/centr        1   6800    (1)  788  
  474   17.8  4.2 11.8  Sniffles2.INS.364SC0      1  1398   (17) C HSATII         Satellite           (10)   1290      1  789  
 2807    0.7  0.0  0.7  Sniffles2.INS.365S2      14   315    (0) + AluYk11        SINE/Alu               1    300   (11)  790  
  270    0.0  0.0  0.4  Sniffles2.INS.366S11      1   236    (0) + (AATAA)n       Simple_repeat          1    235    (0)  791  
   56    1.8  0.0  0.0  Sniffles2.INS.366SC0      1    55    (0) + (AATGG)n       Simple_repeat          1     55    (0)  792  
  249   18.2  9.0  6.1  Sniffles2.INS.367SC0      1   111    (3) C HSATII         Satellite           (36)    134     21  793  
  360   14.5  4.3  0.0  Sniffles2.INS.368S11     19    87    (0) C Tigger3c       DNA/TcMar-Tigger   (336)    266    195  794  
  283   19.8  2.7 12.6  Sniffles2.INS.368SC0     10   198    (7) C HSATII         Satellite            (7)    170      1  795  
  311   16.4  7.2 11.7  Sniffles2.INS.369SC0     20   221  (311) C HSATII         Satellite            (7)    192      1  796  
   35   25.2  0.0  0.0  Sniffles2.INS.369SC0    233   321  (211) + (AATGG)n       Simple_repeat          1     89    (0)  797  
  322   16.8  8.4 13.4  Sniffles2.INS.369SC0    330   528    (4) C HSATII         Satellite            (5)    189      1  798  
   51    0.0  2.0  0.0  Sniffles2.INS.36DS2       1    50    (4) + (GAAG)n        Simple_repeat          1     51    (0)  799  
  473   18.4  3.7 12.1  Sniffles2.INS.36FSC0      5   886    (1) C HSATII         Satellite            (7)    807      1  800  
  463    9.9  0.0  7.7  Sniffles2.INS.36S23       1    84   (17) + L1PA10         LINE/L1             6097   6163    (0)  801  
  319   18.4  0.0  0.0  Sniffles2.INS.36S2B      33    81    (2) + Alu            SINE/Alu             224    272   (29)  802  
  793   17.9  1.2  1.2  Sniffles2.INS.36S65       9   172    (0) C ALR/Alpha      Satellite/centr      (0)    172      9  803  
   31   24.3  1.2  0.0  Sniffles2.INS.36SBD       1    82    (2) + (TCCAT)n       Simple_repeat          1     83    (0)  804  
  525   18.3  3.4 10.6  Sniffles2.INS.373SC0     49   866   (11) C HSATII         Satellite           (10)    759      1  805  
  440   18.0  7.7  8.3  Sniffles2.INS.374SC0     26   939    (7) C HSATII         Satellite            (5)    909      1  806  
  294    0.4  0.0  0.0  Sniffles2.INS.375S11      1   256    (0) + (C)n           Simple_repeat          1    256    (0)  807  
   31   13.1  3.5  6.0  Sniffles2.INS.375S35      1    85    (1) + (ATACATA)n     Simple_repeat          1     83    (0)  808  
  338   17.2  2.7 13.7  Sniffles2.INS.376SC0     20   199  (331) C HSATII         Satellite            (7)    163      2  809  
   45   24.6  0.0  0.0  Sniffles2.INS.376SC0    210   319  (211) + (GAATG)n       Satellite              1    110    (0)  810  
  322   16.8  8.4 13.4  Sniffles2.INS.376SC0    328   526    (4) C HSATII         Satellite            (5)    189      1  811  
   53    0.0  2.0  0.0  Sniffles2.INS.37CSF       6    54    (0) + (AG)n          Simple_repeat          1     50    (0)  812  
   21    0.0  8.8  0.0  Sniffles2.INS.37DSF      29    62    (0) + (GAAA)n        Simple_repeat          1     37    (0)  813  
  474   17.6  4.9 10.5  Sniffles2.INS.37FSC0     35  1398    (3) C HSATII         Satellite            (5)   1288      1  814  
  320   16.7  0.0  0.0  Sniffles2.INS.37S2B       1    48    (7) + Alu            SINE/Alu              90    137   (29)  815  
 1349    0.0  0.0  0.0  Sniffles2.INS.37S6F      14   154   (12) + AluY           SINE/Alu             161    301   (10)  816  
  299   20.3  0.0  0.0  Sniffles2.INS.37S8        1    64    (4) C BSR/Beta       Satellite           (70)     66      3  817  
   28   12.1  0.0  0.0  Sniffles2.INS.37SBD      73   126   (14) + (ATTCC)n       Simple_repeat          1     54    (0)  818  
   50    6.9  0.0  0.0  Sniffles2.INS.386S38      1    61    (3) + (TA)n          Simple_repeat          1     61    (0)  819  
  921   15.3  0.0  6.6  Sniffles2.INS.387S0       1   161  (104) C AluJb          SINE/Alu           (151)    151      1  820  
  182   27.1  0.0  0.0  Sniffles2.INS.387S0     216   263    (2) + MIR            SINE/MIR              70    117  (145)  821  
 1143   13.7  0.4  0.4  Sniffles2.INS.38DS33      1   681    (0) + ALR/Alpha      Satellite/centr        1    681    (0)  822  
   45    6.1  0.0  0.0  Sniffles2.INS.38S25       1    52    (0) + (TA)n          Simple_repeat          1     52    (0)  823  
  732   13.8  0.8  0.8  Sniffles2.INS.38S8       11   134    (0) C BSR/Beta       Satellite            (8)    128      5  824  
   31    9.8  7.1  4.7  Sniffles2.INS.391S11      1    84    (9) + (TAGTATA)n     Simple_repeat          1     86    (0)  825  
  164    3.9  8.8  2.5  Sniffles2.INS.392S37      9   347    (0) + (TA)n          Simple_repeat          1    360    (0)  826  
   17   15.3  0.0  8.5  Sniffles2.INS.394SF       2    52   (14) + (ATATAA)n      Simple_repeat          1     47    (0)  827  
 1217    0.0  0.0  0.0  Sniffles2.INS.397S11      3   129    (0) + AluYb8         SINE/Alu               1    127  (191)  828  
  894    9.3  0.0  0.5  Sniffles2.INS.397SC0      1   137    (0) C BSR/Beta       Satellite           (13)    136      1  829  
   30   10.7  1.9  1.9  Sniffles2.INS.398S38      1    54    (1) + (AGA)n         Simple_repeat          1     54    (0)  830  
   30    1.7 16.4  0.0  Sniffles2.INS.398SF       1    61    (2) + (TA)n          Simple_repeat          1     71    (0)  831  
  683   18.0  1.2  0.0  Sniffles2.INS.399S33      1   168    (0) + ALR/Alpha      Satellite/centr        1    170    (0)  832  
   58    0.0 10.2  2.9  Sniffles2.INS.39AS0       1    98    (2) + (TA)n          Simple_repeat          1    105    (0)  833  
   25    9.6  4.3  0.0  Sniffles2.INS.39BS1       1    46    (0) + (GAAA)n        Simple_repeat          1     48    (0)  834  
   48    0.0  2.1  0.0  Sniffles2.INS.39CS37      3    49    (1) + (TCTT)n        Simple_repeat          1     48    (0)  835  
   30   28.8  0.0  3.4  Sniffles2.INS.39DS11      4    94    (9) + (AT)n          Simple_repeat          1     88    (0)  836  
  189    4.8  2.1  3.3  Sniffles2.INS.39S25      33   311   (18) + (ATATATAC)n    Simple_repeat          1    276    (0)  837  
 1201   15.0  0.8  0.0  Sniffles2.INS.39S65       1   341    (0) C ALR/Alpha      Satellite/centr     (41)    343      1  838  
  885   14.2  0.3  0.8  Sniffles2.INS.39S8        1   544    (2) C BSR/Beta       Satellite           (21)    541      1  839  
   26   21.9  3.1  0.0  Sniffles2.INS.3A1S37      6    69    (1) + (TA)n          Simple_repeat          1     66    (0)  840  
   29   23.3  0.0  0.0  Sniffles2.INS.3A4SC0      7    65  (134) + (AT)n          Simple_repeat          1     59    (0)  841  
  999   10.4  0.0  0.8  Sniffles2.INS.3A4SC0     66   199    (0) C AluSc          SINE/Alu           (120)    189     57  842  
  335   11.1  1.6  4.8  Sniffles2.INS.3ADS11     28   117  (700) + MLT1C          LTR/ERVL-MaLR        143    223  (167)  843 *
  520   23.3  3.5  0.7  Sniffles2.INS.3ADS11     86   270  (547) + MLT1C          LTR/ERVL-MaLR        171    355  (112)  843  
 1780   16.3  0.0  2.7  Sniffles2.INS.3ADS11    271   573  (244) + AluSx          SINE/Alu               1    295    (7)  844  
  342   11.1  1.6  3.2  Sniffles2.INS.3ADS11    570   658  (159) + MLT1C          LTR/ERVL-MaLR        143    223  (167)  845 *
  603   21.7  3.3  1.2  Sniffles2.INS.3ADS11    627   815    (2) + MLT1C          LTR/ERVL-MaLR        171    358  (109)  845  
  619   18.9  7.8  0.7  Sniffles2.INS.3AFSF       1   128    (1) + AluJb          SINE/Alu              55    191  (111)  846  
   72    8.8  1.6  1.6  Sniffles2.INS.3AS2B       1   125    (0) + (TGGAA)n       Simple_repeat          1    125    (0)  847  
   88    5.4  4.8  3.5  Sniffles2.INS.3AS4        2   169    (8) + (TCC)n         Simple_repeat          1    170    (0)  848  
  398   16.7  0.0  0.0  Sniffles2.INS.3AS8        1    66    (2) C BSR/Beta       Satellite            (3)    133     68  849  
   29   24.8  0.0  1.4  Sniffles2.INS.3B5S0       1    73    (7) + (TA)n          Simple_repeat          1     72    (0)  850  
 1925    9.3  0.3  4.6  Sniffles2.INS.3B5S1       2   305    (0) C AluY           SINE/Alu             (6)    295      2  851  
   48    7.4 15.6  0.0  Sniffles2.INS.3B5S13      5   132    (6) + (ATGAA)n       Simple_repeat          1    148    (0)  852  
  770    8.6  0.0  0.0  Sniffles2.INS.3B6S11      1    93    (1) C AluSz          SINE/Alu           (206)    106     14  853  
   35    8.5  0.0  0.0  Sniffles2.INS.3B8S11      1    51    (2) + (T)n           Simple_repeat          1     51    (0)  854  
   22   17.7  2.1  0.0  Sniffles2.INS.3BAS38      3    49    (2) + (TCCC)n        Simple_repeat          1     48    (0)  855  
   40    1.8  5.0  1.6  Sniffles2.INS.3BDS1       1    60    (0) + (AAAG)n        Simple_repeat          1     62    (0)  856  
 2664    0.7  0.0  0.0  Sniffles2.INS.3BDS11     12   320    (0) C AluYa5         SINE/Alu             (0)    311      1  857  
 1107   13.7  1.1  0.2  Sniffles2.INS.3BDS33      4   506    (1) + ALR/Alpha      Satellite/centr        1    507    (0)  858  
   29   27.3  0.0  0.0  Sniffles2.INS.3BDS35     18    89    (0) + GA-rich        Low_complexity         1     72    (0)  859  
 1165   14.5  0.7  0.3  Sniffles2.INS.3BES33      6  1188    (1) + ALR/Alpha      Satellite/centr        1   1187    (0)  860  
   51    0.0  2.0  0.0  Sniffles2.INS.3BES35      1    50    (0) + (AAGA)n        Simple_repeat          1     51    (0)  861  
  703   13.5  6.9  9.2  Sniffles2.INS.3BS16       2   367  (247) C HSATII         Satellite            (4)    357      1  862  
   50   20.1  4.0  0.0  Sniffles2.INS.3BS16     377   502  (112) + (GAATG)n       Satellite              1    131    (0)  863  
  300   14.6 13.6  0.0  Sniffles2.INS.3BS16     507   609    (5) C HSATII         Satellite            (7)    163     47  864  
 2063   12.7  1.0  0.6  Sniffles2.INS.3BS25      14   323   (38) + AluSx          SINE/Alu               2    312    (0)  865  
  308   19.6  0.0  0.0  Sniffles2.INS.3BS2B       3    53    (5) + FRAM           SINE/Alu              94    144   (32)  866  
   44   12.0  0.0  0.0  Sniffles2.INS.3BS58       1    81    (4) + (GGAAT)n       Simple_repeat          1     81    (0)  867  
 1166   13.2  0.3  0.2  Sniffles2.INS.3BS65       1   341    (0) C ALR/Alpha      Satellite/centr     (17)    341      1  868  
   34   25.8  0.0  0.0  Sniffles2.INS.3BSBD       3    90   (65) + (TCCAT)n       Simple_repeat          1     88    (0)  869  
   34   11.0  0.0  0.0  Sniffles2.INS.3BSBD      96   154    (1) + (ATTCC)n       Simple_repeat          1     59    (0)  870  
   28    0.0  5.3  2.6  Sniffles2.INS.3C0S2       9    46    (9) + (ATATAAT)n     Simple_repeat          1     39    (0)  871  
 1165   14.5  0.8  0.2  Sniffles2.INS.3C0S33      1  1191    (0) + ALR/Alpha      Satellite/centr        1   1198    (2)  872  
   57    0.0  0.0  0.0  Sniffles2.INS.3C1S38      1    51    (1) + (TCTT)n        Simple_repeat          1     51    (0)  873  
  725   14.6  1.5  3.8  Sniffles2.INS.3C5SF       5   139    (0) + AluJb          SINE/Alu              73    204   (98)  874  
 1353    9.1  0.3  0.5  Sniffles2.INS.3C7S23      1  4785    (1) + ALR/Alpha      Satellite/centr        1   4778    (0)  875  
   41    0.0  0.0  2.4  Sniffles2.INS.3CBS38      1    42    (4) + (TCTT)n        Simple_repeat          1     41    (0)  876  
  415   21.1  3.0  9.3  Sniffles2.INS.3CS16       7   245  (670) C HSATII         Satellite            (8)    223      1  877  
  340   17.2  1.7  0.0  Sniffles2.INS.3CS16     266   323  (592) + AluJr4         SINE/Alu             234    292   (20)  878  
   26    5.6  0.0  2.6  Sniffles2.INS.3CS16     325   363  (552) + (GGAAT)n       Simple_repeat          1     38    (0)  879  
  577   17.3  7.2  3.4  Sniffles2.INS.3CS16     371   580  (335) C HSATII         Satellite            (0)    218      1  880  
  367   22.9  5.9  3.9  Sniffles2.INS.3CS16     610   858   (57) C HSATII         Satellite           (33)    253      1  880  
   29    5.6  0.0  0.0  Sniffles2.INS.3CS16     879   915    (0) + (AGTGG)n       Simple_repeat          1     37    (0)  881  
  335   18.9  0.0  0.0  Sniffles2.INS.3CS2B       1    53   (30) + Alu            SINE/Alu              92    144   (22)  882  
   43    0.0  6.4  0.0  Sniffles2.INS.3D0S35      1    47    (4) + (TA)n          Simple_repeat          1     50    (0)  883  
   56   18.7  2.2  2.9  Sniffles2.INS.3D5S2       7   145    (1) + G-rich         Low_complexity         1    138    (0)  884  
  556    1.5  0.0  0.0  Sniffles2.INS.3D9S0       1    67    (0) + L1P1           LINE/L1             4994   5060 (1086)  885  
  680    6.3  0.0  0.0  Sniffles2.INS.3DAS1       1    79    (1) + AluYc          SINE/Alu             123    201   (98)  886  
   26   10.9  7.8  0.0  Sniffles2.INS.3DCS37      1    51    (0) + GA-rich        Low_complexity         1     55    (0)  887  
  748   17.7  0.5  0.0  Sniffles2.INS.3DES33      1   169    (0) + ALR/Alpha      Satellite/centr        1    169    (0)  888  
   50    1.6  3.0  3.0  Sniffles2.INS.3DFS1       3    68    (0) + (TTCC)n        Simple_repeat          1     66    (0)  889  
   31   26.7  0.0  0.0  Sniffles2.INS.3DS16       1    85    (0) + (TGGAG)n       Simple_repeat          1     85    (0)  890  
   18   23.3  0.0  0.0  Sniffles2.INS.3DS3A      13    52   (38) + (T)n           Simple_repeat          1     40    (0)  891  
  890   12.3  0.8  0.0  Sniffles2.INS.3E0S33      1   167    (2) + ALR/Alpha      Satellite/centr        1    168    (0)  892  
   35    7.0  0.0  0.0  Sniffles2.INS.3E0S38      7    52    (0) + (ATACAT)n      Simple_repeat          1     46    (0)  893  
 1140   14.2  1.0  0.1  Sniffles2.INS.3E3S33      1  1016    (1) + ALR/Alpha      Satellite/centr        1   1025    (0)  894  
  453    5.3  1.4  5.2  Sniffles2.INS.3E4S0       1   738    (1) + (AT)n          Simple_repeat          1    711    (0)  895  
  860   12.3  0.8  0.8  Sniffles2.INS.3E4S33      1   168    (2) + ALR/Alpha      Satellite/centr        1    168    (0)  896  
   43   14.1  0.0  5.6  Sniffles2.INS.3E5S0       1    95    (1) + (ATAT)n        Simple_repeat          1     90    (0)  897  
   36   21.9  0.0  0.0  Sniffles2.INS.3E6S11      1    77    (1) + (ACT)n         Simple_repeat          1     77    (0)  898  
  872   12.4  0.8  0.0  Sniffles2.INS.3E6S33      4   168    (1) + ALR/Alpha      Satellite/centr        1    166    (0)  899  
  295   19.0 10.1  0.0  Sniffles2.INS.3E7S35    108   186    (0) + MLT2F          LTR/ERVL               1     87  (576)  900  
  619   13.8  2.3  0.2  Sniffles2.INS.3E8S37      1   108  (700) C MSTA           LTR/ERVL-MaLR      (245)    130     14  901  
  355   17.9 12.0  7.9  Sniffles2.INS.3E8S37    162   319  (489) + L1MC4a         LINE/L1             7723   7844   (38)  902  
  311   22.3  6.5  0.0  Sniffles2.INS.3E8S37    340   431  (377) + MIRb           SINE/MIR             140    240   (28)  903  
   16    9.3  0.0  0.0  Sniffles2.INS.3E8S37    436   458  (350) + (T)n           Simple_repeat          1     23    (0)  904  
  664   27.2  7.1  9.7  Sniffles2.INS.3E8S37    460   797   (11) + LTR89B         LTR/ERVL             354    683   (61)  905  
   40    1.7 10.0  0.0  Sniffles2.INS.3E8SF       8    67    (0) + (AT)n          Simple_repeat          1     66    (0)  906  
 1010   16.3  0.8  1.0  Sniffles2.INS.3E9S33      1   341    (1) + ALR/Alpha      Satellite/centr        1    340    (0)  907  
  890   12.3  0.8  0.0  Sniffles2.INS.3EAS33      1   167    (2) + ALR/Alpha      Satellite/centr        1    168    (0)  908  
   66    1.4  0.0  0.0  Sniffles2.INS.3EFS2       1    74    (0) + (A)n           Simple_repeat          1     74    (0)  909  
 1218   12.9  0.9  0.1  Sniffles2.INS.3ES25       1  1869    (2) + ALR/Alpha      Satellite/centr        1   1884    (0)  910  
  480   17.1  5.0 10.5  Sniffles2.INS.3ES58       2   921   (13) C HSATII         Satellite           (12)    868      1  911  
  243   21.1  0.0  1.8  Sniffles2.INS.3ES8       10    67    (0) C BSR/Beta       Satellite           (49)     87     31  912  
   15   26.6  0.0  0.0  Sniffles2.INS.3F1S1       6    42   (10) + (AT)n          Simple_repeat          1     37    (0)  913  
 1124   13.4  0.4  0.3  Sniffles2.INS.3F1S33     11   850    (0) + ALR/Alpha      Satellite/centr        1    841    (0)  914  
   17   29.3  1.8  1.8  Sniffles2.INS.3F2S1       1    57    (3) + (TA)n          Simple_repeat          1     57    (0)  915  
 1585   10.4 10.1  1.0  Sniffles2.INS.3F3S37      5  3643    (0) + (TA)n          Simple_repeat          1   3967    (0)  916  
   62    0.0  1.8  0.0  Sniffles2.INS.3F4S1       1    56    (1) + (TA)n          Simple_repeat          1     57    (0)  917  
   31    8.9 12.5  0.0  Sniffles2.INS.3F4SF       8    79    (2) + (AT)n          Simple_repeat          1     81    (0)  918  
   42    0.0  0.0  7.5  Sniffles2.INS.3F5S38      1    57    (3) + (TATATGTA)n    Simple_repeat          1     53    (0)  919  
   76    0.0  0.0  0.0  Sniffles2.INS.3F6SF       1    67    (0) + (TTCT)n        Simple_repeat          1     67    (0)  920  
  400    9.4  0.0  0.0  Sniffles2.INS.3F8S11      6    58    (1) C FRAM           SINE/Alu            (12)    164    112  921  
  840   16.5  1.0  1.0  Sniffles2.INS.3F8S33      1   341    (1) + ALR/Alpha      Satellite/centr        1    341    (0)  922  
   19    4.5  0.0  0.0  Sniffles2.INS.3F8S37    148   170   (33) + (T)n           Simple_repeat          1     23    (0)  923  
   15    5.6  0.0  0.0  Sniffles2.INS.3FAS35      1    19   (31) + (AT)n          Simple_repeat          1     19    (0)  924  
   39    6.8  0.0  0.0  Sniffles2.INS.3FBS38      1    47   (10) + (AT)n          Simple_repeat          1     47    (0)  925  
   19    7.5  0.0  3.5  Sniffles2.INS.3FCS0     284   313   (87) + (CA)n          Simple_repeat          1     29    (0)  926  
  226   32.0  1.3  0.0  Sniffles2.INS.3FFS35     59   133   (46) + MamSINE1       SINE/tRNA-RTE        213    288    (2)  927  
  573   15.0  0.0  0.0  Sniffles2.INS.3FS25       1    92    (3) C CER            Satellite           (42)     92      1  928  
 1079   14.4  0.6  0.0  Sniffles2.INS.3FS65       1   681    (1) C ALR/Alpha      Satellite/centr     (53)    684      1  929  
  271   19.7  0.0  3.0  Sniffles2.INS.3FSBD       1    68    (2) + BSR/Beta       Satellite             53    118   (18)  930  
  703   15.4  0.2  0.2  Sniffles2.INS.3S14        1   477    (3) C CER            Satellite           (31)    477      1  931  
  270   18.5  0.0  0.0  Sniffles2.INS.3S2B        1    51    (7) + AluJb          SINE/Alu             229    280   (22)  932  
  983   16.0  0.8  3.6  Sniffles2.INS.3S2F        1   506    (2) + ALR/Alpha      Satellite/centr        1    492    (0)  933  
 1039   12.7  1.2  0.0  Sniffles2.INS.3S30        3   337    (1) + ALR/Alpha      Satellite/centr        1    339    (0)  934  
   55    1.9  0.0  0.0  Sniffles2.INS.3S34        1    54    (1) + (GAATG)n       Simple_repeat          1     54    (0)  935  
 1272   13.0  2.1  2.6  Sniffles2.INS.3S36        2  1152    (0) C ALR/Alpha      Satellite/centr     (19)   1145      1  936  
  953   13.3  0.0  0.0  Sniffles2.INS.3S5D        1   170    (1) + ALR/Alpha      Satellite/centr        1    170    (0)  937  
  996   14.2  0.7  3.1  Sniffles2.INS.3S65        1   338    (0) + ALR/Alpha      Satellite/centr        1    329    (0)  938  
  536   21.3  0.0 15.3  Sniffles2.INS.3SA7     2131  2296  (370) + AluJb          SINE/Alu             137    280   (22)  939  
   28    0.0  0.0  0.0  Sniffles2.INS.3SA7     2298  2324  (342) + (CAGG)n        Simple_repeat          1     27    (0)  940  
 1909   11.8  0.4  0.0  Sniffles2.INS.3SA7     2395  2665    (1) C AluSp          SINE/Alu            (14)    299     28  941  
   21    9.5  0.0  0.0  Sniffles2.INS.3SBD       10    43   (32) + (ATTCC)n       Simple_repeat          1     34    (0)  942  
  317    7.8 25.6  2.1  Sniffles2.INS.403SF       1    78    (2) + L1P4           LINE/L1             5425   5520  (646)  943  
 1037   12.0  0.6  0.0  Sniffles2.INS.406S33      3   169    (1) + ALR/Alpha      Satellite/centr        1    168    (3)  944  
 1102   19.1  0.0  0.0  Sniffles2.INS.407S0      54   231    (0) C AluJb          SINE/Alu            (14)    298    121  945  
 1108   14.2  0.8  0.2  Sniffles2.INS.407S33      2  1188    (0) + ALR/Alpha      Satellite/centr        1   1194    (0)  946  
   37    1.7  8.2  1.5  Sniffles2.INS.407S35      1    61    (0) + (CTTT)n        Simple_repeat          1     65    (0)  947  
   29   19.0  0.0  0.0  Sniffles2.INS.407SF       1    54    (0) + (T)n           Simple_repeat          1     54    (0)  948  
   43   33.0  0.8  0.0  Sniffles2.INS.40DS37      1   132    (5) + (AT)n          Simple_repeat          1    133    (0)  949  
  604   12.7  0.0  0.8  Sniffles2.INS.40S25       2   139    (3) C CER            Satellite           (33)    136      1  950  
  251   25.4  0.0  0.0  Sniffles2.INS.40S2B       3    57    (0) + FRAM           SINE/Alu              98    152   (24)  951  
  350   16.2  0.0  1.5  Sniffles2.INS.40SBD       1    69    (0) + BSR/Beta       Satellite             52    119   (17)  952  
  827    7.6  3.5  0.0  Sniffles2.INS.410S37      3   147    (1) + SVA_A          Retroposon/SVA       518    667  (720)  953  
   29   17.2  0.0  0.0  Sniffles2.INS.412SF       1    52    (3) + (C)n           Simple_repeat          1     52    (0)  954  
   41   11.2  1.1  9.1  Sniffles2.INS.415S37      1    95    (8) + (TA)n          Simple_repeat          1     88    (0)  955  
   93   21.3  0.0  0.0  Sniffles2.INS.416S38      1   179    (2) + (AT)n          Simple_repeat          1    179    (0)  956  
  259   13.3  0.0  0.0  Sniffles2.INS.41BS1       4    48  (283) C L1ME4b         LINE/L1            (149)   5996   5952  957  
  803   15.7  1.6  0.0  Sniffles2.INS.41BS1     209   329    (2) + AluJo          SINE/Alu               1    123  (189)  958  
   21    0.0  0.0  0.0  Sniffles2.INS.41CS13     10    32   (32) + (A)n           Simple_repeat          1     23    (0)  959  
  184   21.7 11.7  0.0  Sniffles2.INS.41CS2      37    96    (3) C L3             LINE/CR1           (904)   3195   3129  960  
  334   19.7  0.0  0.0  Sniffles2.INS.41SBD       2    67    (1) + BSR/Beta       Satellite             31     96   (40)  961  
   25   18.9  0.0  0.0  Sniffles2.INS.424S38      2    49    (1) + (AT)n          Simple_repeat          1     48    (0)  962  
   35    0.0  0.0  0.0  Sniffles2.INS.426S2       1    30  (152) + (GT)n          Simple_repeat          1     30    (0)  963  
  228   17.8 13.3  0.0  Sniffles2.INS.426S2      40    84   (98) C MLT1B          LTR/ERVL-MaLR      (195)    195    145  964  
   37    5.1  0.0  0.0  Sniffles2.INS.426S2      85   125   (57) + (TG)n          Simple_repeat          1     41    (0)  965  
  246   17.0 12.8  0.0  Sniffles2.INS.426S2     135   181    (1) C MLT1B          LTR/ERVL-MaLR      (195)    195    143  966  
   48    0.0  0.0  0.0  Sniffles2.INS.427S2       1    41  (381) + (TG)n          Simple_repeat          1     41    (0)  967  
  265   14.9 12.8  0.0  Sniffles2.INS.427S2      51    97  (325) C MLT1B          LTR/ERVL-MaLR      (195)    195    143  968  
   16    9.3  0.0  0.0  Sniffles2.INS.427S2      98   120  (302) + (TG)n          Simple_repeat          1     23    (0)  969  
  281   12.8 12.8  0.0  Sniffles2.INS.427S2     126   172  (250) C MLT1B          LTR/ERVL-MaLR      (195)    195    143  970  
   21   10.5  0.0  0.0  Sniffles2.INS.427S2     173   203  (219) + (TG)n          Simple_repeat          1     31    (0)  971  
  238   15.9 13.6  0.0  Sniffles2.INS.427S2     209   252  (170) C MLT1B          LTR/ERVL-MaLR      (195)    195    146  972  
   42    0.0  0.0  0.0  Sniffles2.INS.427S2     253   288  (134) + (GT)n          Simple_repeat          1     36    (0)  973  
   18   10.5  0.0  0.0  Sniffles2.INS.427S2     343   373   (49) + (TGTG)n        Simple_repeat          1     31    (0)  974  
  238   15.9 13.6  0.0  Sniffles2.INS.427S2     379   422    (0) C MLT1B          LTR/ERVL-MaLR      (195)    195    146  972  
   36    1.8  3.3  5.0  Sniffles2.INS.429S1       1    61    (0) + (GAAA)n        Simple_repeat          1     60    (0)  975  
   35    3.6  7.0  0.0  Sniffles2.INS.42AS1       1    57    (0) + (AAAG)n        Simple_repeat          1     61    (0)  976  
  259    5.4  0.0  0.0  Sniffles2.INS.42S2        1    37  (262) + Alu            SINE/Alu             261    297    (4)  977  
  298   29.4  6.9  1.4  Sniffles2.INS.42S2      144   274   (25) C MIR            SINE/MIR           (118)    144      7  978  
  276   22.2  0.3  0.2  Sniffles2.INS.42S2B       1   584  (370) + (GAATG)n       Satellite              1    585    (0)  979  
   30    0.0  0.0  0.0  Sniffles2.INS.42S2B     586   614  (340) + (AGTGG)n       Simple_repeat          1     29    (0)  980  
   38   27.9  0.0  0.0  Sniffles2.INS.42S2B     621   728  (226) + (AATGG)n       Simple_repeat          1    108    (0)  981  
   36    8.2  0.0  0.0  Sniffles2.INS.42S2B     730   781  (173) + (GAGTG)n       Simple_repeat          1     52    (0)  982  
   68   25.1  0.0  0.0  Sniffles2.INS.42S2B     788   952    (2) + (TGGAG)n       Simple_repeat          1    165    (0)  983  
  427   12.3  1.5  0.0  Sniffles2.INS.42SBD       1    65    (2) + BSR/Beta       Satellite             43    108   (28)  984  
   33    2.0  3.6  5.5  Sniffles2.INS.432S23      1    56    (0) + (AATGG)n       Simple_repeat          1     55    (0)  985  
  798    4.0  1.8  0.4  Sniffles2.INS.433S31      1   162    (0) C L1HS           LINE/L1            (203)   5952   5709  986  
   37    4.1  1.9  1.9  Sniffles2.INS.433SF       5    56    (1) + (TATATATGA)n   Simple_repeat          1     52    (0)  987  
   71    6.6  0.0  1.0  Sniffles2.INS.434S2       1    99    (0) + (AAAG)n        Simple_repeat          1     98    (0)  988  
   53    6.2  0.0  0.0  Sniffles2.INS.434S38      1    68    (1) + (A)n           Simple_repeat          1     68    (0)  989  
  453    7.3  0.0  0.0  Sniffles2.INS.435S2       3    57    (0) + AluSz6         SINE/Alu              90    144  (168)  990  
   26   19.9  0.0  1.9  Sniffles2.INS.436S2       1    55    (4) + (TA)n          Simple_repeat          1     54    (0)  991  
  302    2.0  0.0  2.0  Sniffles2.INS.437S1       3    53    (0) C SVA_F          Retroposon/SVA     (634)    741    692  992  
  250    2.1  0.0  2.1  Sniffles2.INS.43BS23      1    49    (2) C SVA_F          Retroposon/SVA     (648)    727    680  993  
  243   12.9  3.1  1.1  Sniffles2.INS.43CS23      3   452    (0) + (TATTTA)n      Simple_repeat          1    459    (0)  994  
  318   19.1  4.8  0.0  Sniffles2.INS.43S16       1    63   (14) + FRAM           SINE/Alu              98    163   (13)  995  
  260   21.3  4.3  3.2  Sniffles2.INS.43S58      28   119    (1) C HSATII         Satellite           (57)    113     21  996  
  508   18.4  0.0  1.1  Sniffles2.INS.43SBD       1   132    (0) + BSR/Beta       Satellite              1    130    (9)  997  
   15   18.1  2.4  5.0  Sniffles2.INS.441S38      1    41    (9) + (AT)n          Simple_repeat          1     40    (0)  998  
   36    0.0  1.9  3.9  Sniffles2.INS.442S13      1    52    (0) + (AAGA)n        Simple_repeat          1     51    (0)  999  
 1808   10.6  0.0  0.0  Sniffles2.INS.445S1     331   567    (3) C AluSx1         SINE/Alu            (14)    298     62 1000  
   95   10.6  4.9  2.1  Sniffles2.INS.445S23      2   186    (4) + GA-rich        Low_complexity         1    190    (0) 1001  
  277   13.5  6.6  3.2  Sniffles2.INS.446S38     14    74    (1) + HAL1M8         LINE/L1             1908   1970 (1021) 1002  
  334   25.7  3.0  0.0  Sniffles2.INS.447S13     36   136  (662) + MIR            SINE/MIR             159    262    (0) 1003  
 2353    7.7  0.3  1.0  Sniffles2.INS.447S13    426   723   (75) C AluSp          SINE/Alu            (10)    303      8 1004  
  444   10.3  2.4  6.2  Sniffles2.INS.447S13    705   787   (11) + AluSx          SINE/Alu             210    290   (12) 1005 *
   29    6.5  4.0  2.0  Sniffles2.INS.448S23      1    50    (0) + (AT)n          Simple_repeat          1     51    (0) 1006  
   14   18.7  0.0  0.0  Sniffles2.INS.448SF     215   246  (153) + (TCTTC)n       Simple_repeat          1     32    (0) 1007  
  290    3.9 10.3  0.0  Sniffles2.INS.449SF       1   525    (2) + (TA)n          Simple_repeat          1    579    (0) 1008  
   40   11.7  8.3  0.0  Sniffles2.INS.44AS13      3    86   (10) + (AT)n          Simple_repeat          1     91    (0) 1009  
 2084    0.5  0.0  0.5  Sniffles2.INS.44SBD       1   224    (8) + AluYa5         SINE/Alu              79    301   (10) 1010  
 1719    0.0  0.5  0.0  Sniffles2.INS.450S13    177   362  (469) C U2             snRNA                (1)    187      1 1011  
   11   24.0  2.6  0.0  Sniffles2.INS.450S13    611   649  (182) + (GCCTCC)n      Simple_repeat          1     40    (0) 1012  
  476    5.6  0.0  0.0  Sniffles2.INS.450S23      2    55    (4) + AluSz          SINE/Alu              30     83  (229) 1013  
   27   17.0  0.0  0.0  Sniffles2.INS.454S13      1    53    (1) + GA-rich        Low_complexity         1     53    (0) 1014  
  296    0.0  0.0  2.0  Sniffles2.INS.456S31      1    50    (0) C SVA_F          Retroposon/SVA     (607)    768    720 1015  
   36   15.1  0.0  0.0  Sniffles2.INS.457S13      1    66    (0) + GA-rich        Low_complexity         1     66    (0) 1016  
  321   12.2  0.0  0.0  Sniffles2.INS.457S23     69   109    (0) + AluYc3         SINE/Alu               1     41  (259) 1017  
  256   15.0  5.4  0.0  Sniffles2.INS.458S13      5   151    (3) + HERVIP10FH-int LTR/ERV1             840    994 (4108) 1018  
  251   19.4  2.3  0.0  Sniffles2.INS.459S13      5   179   (29) + HERVIP10FH-int LTR/ERV1             820    998 (4104) 1019  
   22    7.2  0.0  0.0  Sniffles2.INS.459S13    180   208    (0) + (GA)n          Simple_repeat          1     29    (0) 1020  
   50   11.3  3.4  1.1  Sniffles2.INS.45FS2       2    89    (3) + (TA)n          Simple_repeat          1     90    (0) 1021  
   75    9.8  0.0  0.0  Sniffles2.INS.45S18       1   109    (2) + (AGG)n         Simple_repeat          1    109    (0) 1022  
 1092   10.9  0.2  0.8  Sniffles2.INS.45SBD       1   881    (7) + BSR/Beta       Satellite              1    875    (0) 1023  
   33    8.3  0.0  3.8  Sniffles2.INS.460S31      1    55    (3) + (AT)n          Simple_repeat          1     53    (0) 1024  
 1220   20.4  9.4  0.3  Sniffles2.INS.461S1       4   268   (17) + L1M3           LINE/L1             5314   5602  (581) 1025  
   48    5.6  0.0  0.0  Sniffles2.INS.461S13      1    57    (2) + (CCTTC)n       Simple_repeat          1     57    (0) 1026  
   27    0.0  0.0  9.3  Sniffles2.INS.466S38      2    48    (3) + (GGGA)n        Simple_repeat          1     43    (0) 1027  
  441   24.9  1.8  1.8  Sniffles2.INS.468S1     190   348  (438) + L1ME4c         LINE/L1             5697   5850 (2032) 1028  
   12   19.7  0.0  0.0  Sniffles2.INS.468S1     688   716   (70) + (TTAAT)n       Simple_repeat          1     29    (0) 1029  
   27    0.0  0.0  0.0  Sniffles2.INS.468S1     756   781    (5) + (T)n           Simple_repeat          1     26    (0) 1030  
  178   10.6  0.0  0.0  Sniffles2.INS.468S13      1   255    (1) + (G)n           Simple_repeat          1    255    (0) 1031  
  465    5.5  0.0  0.0  Sniffles2.INS.469S13      2    56    (0) + AluYh3         SINE/Alu              88    142  (169) 1032  
   57    4.6  3.1  4.1  Sniffles2.INS.46AS1       1    98    (8) + (TATATAG)n     Simple_repeat          1     97    (0) 1033  
   26   24.9  0.0  0.0  Sniffles2.INS.46CS38      1    56    (4) + (TA)n          Simple_repeat          1     56    (0) 1034  
   46   10.9  3.1  5.2  Sniffles2.INS.46FS39      1    98    (3) + (TA)n          Simple_repeat          1     96    (0) 1035  
   19   23.4  0.0  0.0  Sniffles2.INS.46S2B       1    50    (0) + (TGGAG)n       Simple_repeat          1     50    (0) 1036  
  433   14.5  1.4  0.0  Sniffles2.INS.46SBD       1    69    (0) + BSR/Beta       Satellite             10     79   (57) 1037  
   64    0.0  1.6  0.0  Sniffles2.INS.473S35      1    61    (0) + (TATATCATA)n   Simple_repeat          1     62    (0) 1038  
   31   26.0  1.4  0.0  Sniffles2.INS.474S1       2    75    (5) + (AT)n          Simple_repeat          1     75    (0) 1039  
   25   14.8  5.7  0.0  Sniffles2.INS.474S23     12    64    (4) + (CT)n          Simple_repeat          1     56    (0) 1040  
   47    3.7  3.6  0.0  Sniffles2.INS.476SF       3    58    (0) + (AT)n          Simple_repeat          1     58    (0) 1041  
  538   11.1  0.0  1.4  Sniffles2.INS.477S31      1    72    (1) C AluYe5         SINE/Alu            (62)    248    178 1042  
   76    6.4  4.4  0.0  Sniffles2.INS.477SF       1   114    (2) + (AT)n          Simple_repeat          1    119    (0) 1043  
  981    9.6  0.0  0.0  Sniffles2.INS.478S11     18   142    (0) C AluSc8         SINE/Alu            (15)    296    172 1044  
  286   21.4  3.6  0.0  Sniffles2.INS.478S23     15    70    (8) + AluSg          SINE/Alu              37     94  (216) 1045  
   57   10.3  2.9  0.0  Sniffles2.INS.479SF       1   104    (1) + (AT)n          Simple_repeat          1    107    (0) 1046  
 2854    0.3  0.3  0.0  Sniffles2.INS.47AS13      9   311    (0) C AluYg6         SINE/Alu             (7)    304      1 1047  
  118    9.1  4.5  0.0  Sniffles2.INS.47ASF       1   221    (2) + (AT)n          Simple_repeat          1    231    (0) 1048  
  513   10.0  0.0  0.0  Sniffles2.INS.47BS23      1    70  (436) C Alu            SINE/Alu           (230)     71      2 1049  
 1696    8.8  0.0  0.5  Sniffles2.INS.47BS23    287   502    (4) C AluSc          SINE/Alu            (18)    291     77 1050  
  228   10.0  4.0  0.0  Sniffles2.INS.47CS39      3    52    (0) + SVA_F          Retroposon/SVA       657    708  (667) 1051  
  369   25.8  8.0  2.5  Sniffles2.INS.47DS31     20   170   (68) + Charlie15a     DNA/hAT-Charlie       52    210   (14) 1052  
   63    9.9  1.7  3.5  Sniffles2.INS.47ESF       1   117    (4) + (ATATATT)n     Simple_repeat          1    115    (0) 1053  
  317   17.9  0.0  0.0  Sniffles2.INS.47SBD       3    58    (9) + BSR/Beta       Satellite             54    109   (27) 1054  
   31    4.5  4.3  0.0  Sniffles2.INS.480S13      6    51    (5) + (ATATATATGG)n  Simple_repeat          1     48    (0) 1055  
   21    8.6  5.1  2.5  Sniffles2.INS.480S31      1    39    (7) + (TA)n          Simple_repeat          1     40    (0) 1056  
   30    8.2  1.8  3.6  Sniffles2.INS.481SF       1    56    (6) + (TATAT)n       Simple_repeat          1     55    (0) 1057  
  244   12.1  5.3  0.0  Sniffles2.INS.484S23      1   453    (0) + (ATAT)n        Simple_repeat          1    477    (0) 1058  
 2763   18.1  0.6  1.2  Sniffles2.INS.484SF       1   513   (97) C L1M2           LINE/L1            (489)   5811   5302 1059  
   20   10.6  3.3  8.8  Sniffles2.INS.485S1       4    63    (6) + GA-rich        Low_complexity         1     57    (0) 1060  
   24   19.7  1.9  0.0  Sniffles2.INS.485S39      2    53    (0) + (TA)n          Simple_repeat          1     53    (0) 1061  
   38   13.6  0.0  0.0  Sniffles2.INS.488S37      1    65    (0) + (TAGTG)n       Simple_repeat          1     65    (0) 1062  
   52    0.0  0.0  2.0  Sniffles2.INS.48AS1       1    51    (1) + (ATG)n         Simple_repeat          1     50    (0) 1063  
   22   18.5  8.1  0.0  Sniffles2.INS.48DS1       1    62    (2) + (TA)n          Simple_repeat          1     67    (0) 1064  
  376   20.9  0.0  0.0  Sniffles2.INS.48S2B      10    76    (1) + Alu            SINE/Alu              89    155   (11) 1065  
  721   14.0  0.0  0.0  Sniffles2.INS.48SBD       1   264    (0) + BSR/Beta       Satellite              1    264   (47) 1066  
   14    0.0  0.0  4.8  Sniffles2.INS.490S2      14    35   (23) + (AGAC)n        Simple_repeat          1     21    (0) 1067  
   17   13.6  0.0 13.0  Sniffles2.INS.490S31      1    52    (3) + (AT)n          Simple_repeat          1     46    (0) 1068  
   13   12.1  0.0  3.6  Sniffles2.INS.491S4     351   379    (7) + (ATTT)n        Simple_repeat          1     28    (0) 1069  
   61   13.6  0.0  0.0  Sniffles2.INS.492S13      1    97   (14) + (TA)n          Simple_repeat          1     97    (0) 1070  
   29   22.5  2.8  0.0  Sniffles2.INS.493S23      3    74    (0) + (GT)n          Simple_repeat          1     74    (0) 1071  
   31    5.9  7.4  0.0  Sniffles2.INS.493S4       4    57   (14) + (AT)n          Simple_repeat          1     58    (0) 1072  
  229   21.6  3.9  0.0  Sniffles2.INS.494S23    270   320  (248) + MamGypLTR1a    LTR/Gypsy            199    251  (533) 1073  
   76    0.0  0.0  0.0  Sniffles2.INS.494S23    322   388  (180) + (AGAA)n        Simple_repeat          1     67    (0) 1074  
  520   22.0 17.3  0.0  Sniffles2.INS.494S23    401   568    (0) C MIR            SINE/MIR             (2)    260     64 1075  
   23   19.3  4.0  0.0  Sniffles2.INS.494S4       1    50    (1) + (AT)n          Simple_repeat          1     52    (0) 1076  
   17    0.0  0.0  0.0  Sniffles2.INS.497S35      1    22   (30) + (TCCT)n        Simple_repeat          1     22    (0) 1077  
   31    0.0  0.0  0.0  Sniffles2.INS.497S35     23    51    (1) + (TTCT)n        Simple_repeat          1     29    (0) 1078  
  293    6.8  0.0  0.0  Sniffles2.INS.498S13      3    46   (21) + Alu            SINE/Alu             258    301    (0) 1079  
   26    2.3  1.9 10.0  Sniffles2.INS.498S23      3    56    (1) + (TTC)n         Simple_repeat          1     50    (0) 1080  
  457   15.4  3.9  0.3  Sniffles2.INS.49BS38     29   136  (131) + AluY           SINE/Alu             180    297    (5) 1081  
  840   16.2  0.0  0.0  Sniffles2.INS.49BS38    137   253   (14) C AluJr          SINE/Alu           (195)    117      1 1082  
   70    9.5  8.8  0.0  Sniffles2.INS.49CS39      2   137    (0) + (AT)n          Simple_repeat          1    148    (0) 1083  
   46    7.8  7.2  0.0  Sniffles2.INS.49S23       3    85   (56) + GA-rich        Low_complexity         1     89    (0) 1084  
  518   18.4  0.5  0.0  Sniffles2.INS.49S8        1   122    (0) C BSR/Beta       Satellite           (54)    122      1 1085  
  425   13.6  0.0  0.0  Sniffles2.INS.49SBD       2    67    (0) + BSR/Beta       Satellite             33     98   (38) 1086  
  315   19.5  4.6  0.0  Sniffles2.INS.4A0S13    101   187   (22) + MER6           DNA/TcMar-Tigger     341    431  (434) 1087  
   44    1.4  9.0  2.4  Sniffles2.INS.4A0S23      1    78    (0) + (AAGA)n        Simple_repeat          1     83    (0) 1088  
   28    2.7  0.0  7.3  Sniffles2.INS.4A0SF       1    44    (1) + (CTC)n         Simple_repeat          1     41    (0) 1089  
   20   18.6  0.0  2.2  Sniffles2.INS.4A1S13    152   163  (958) + (TCTT)n        Simple_repeat          1     40    (0) 1090  
   17   16.1  0.0  0.0  Sniffles2.INS.4A1S13    164   192  (929) + (T)n           Simple_repeat          1     29    (0) 1091  
   17    8.1  4.4  6.8  Sniffles2.INS.4A1S13    843   887  (234) + A-rich         Low_complexity         1     44    (0) 1092  
  202   31.9  1.4  0.0  Sniffles2.INS.4A3S1       5    76   (93) C MIRb           SINE/MIR            (99)    169     97 1093  
  468    0.0  1.3  3.9  Sniffles2.INS.4A4S1       1    79    (0) C SVA_F          Retroposon/SVA     (520)    855    779 1094  
 1644    2.2  6.1  0.8  Sniffles2.INS.4A7S13      4   231    (0) + L1HS           LINE/L1               24    263 (5769) 1095  
  503    6.3  0.2  1.4  Sniffles2.INS.4AAS1       1    97    (1) + SVA_C          Retroposon/SVA       691    823  (564) 1096  
  155    7.6  2.9  0.4  Sniffles2.INS.4AAS23      4   243   (14) + (ATGGG)n       Simple_repeat          1    246    (0) 1097  
  214   41.7  1.0  7.0  Sniffles2.INS.4ABS39     47   242    (3) C MIRb           SINE/MIR            (48)    220     36 1098  
  560    3.4  3.3  3.2  Sniffles2.INS.4ACS38      1   840    (0) + (ATATTAT)n     Simple_repeat          1    841    (0) 1099  
 1289    9.0  9.0  0.0  Sniffles2.INS.4ADS35      1   178   (24) + AluSx          SINE/Alu             109    302    (0) 1100  
  731   26.7  7.9  1.9  Sniffles2.INS.4ADS35    179   202    (0) C SVA_A          Retroposon/SVA    (1161)    226     13 1101  
  658   27.0  0.0 12.7  Sniffles2.INS.4ADS3A      1   204 (1327) C AluJb          SINE/Alu           (121)    181      1 1102  
  285   24.2  0.0  0.0  Sniffles2.INS.4ADS3A    244   309 (1222) C Charlie7       DNA/hAT-Charlie   (2511)    104     39 1103  
  663   27.6  9.6  6.0  Sniffles2.INS.4ADS3A    433   848  (683) C L1ME5          LINE/L1             (11)   6183   5754 1104  
 1274   18.5  6.6  3.9  Sniffles2.INS.4ADS3A    945  1246  (285) C MSTB           LTR/ERVL-MaLR        (0)    426    117 1105  
  476   16.3  7.0  0.0  Sniffles2.INS.4ADS3A   1247  1332  (199) + Charlie12      DNA/hAT-Charlie        1     92 (2778) 1106  
   41    4.7  0.0  0.0  Sniffles2.INS.4ADS3A   1343  1386  (145) + (TG)n          Simple_repeat          1     44    (0) 1107  
  660   13.7  5.0  1.6  Sniffles2.INS.4ADS3A   1404  1522    (9) + MER30B         DNA/hAT-Charlie       68    190    (0) 1108  
   23   14.0  3.4  3.4  Sniffles2.INS.4AES35     13    71    (0) + (ATATGTT)n     Simple_repeat          1     59    (0) 1109  
  279   23.4  3.1  0.0  Sniffles2.INS.4AS2B       1    64    (0) + FRAM           SINE/Alu              89    154   (12) 1110  
   30    9.5  9.6  2.6  Sniffles2.INS.4B0S35      3    75    (1) + (TA)n          Simple_repeat          1     78    (0) 1111  
   13   22.4  0.0  8.0  Sniffles2.INS.4B0S39      1    54   (24) + G-rich         Low_complexity         1     50    (0) 1112  
   22   15.1  1.5  7.8  Sniffles2.INS.4B1S1       4    71   (25) + (TTTCT)n       Simple_repeat          1     64    (0) 1113  
  329   12.4  9.3  1.6  Sniffles2.INS.4B1S3A      1   827    (0) + (ATGAA)n       Simple_repeat          1    890    (0) 1114  
   30   22.7  4.3  0.0  Sniffles2.INS.4B2S35      1    92    (0) + (TATATAT)n     Simple_repeat          1     96    (0) 1115  
   27    9.1  9.8  1.5  Sniffles2.INS.4B3S35      1    61    (0) + (AT)n          Simple_repeat          1     66    (0) 1116  
  279   17.1  7.2  2.2  Sniffles2.INS.4B3S3A      2   809    (2) + (ATGAG)n       Simple_repeat          1    847    (0) 1117  
   16    8.5  0.0  0.0  Sniffles2.INS.4B6S13    427   451   (31) + (GTT)n         Simple_repeat          1     25    (0) 1118  
   60    0.0  1.8  0.0  Sniffles2.INS.4B7S39      1    57    (0) + (AGAA)n        Simple_repeat          1     58    (0) 1119  
   38   15.4  6.1  0.0  Sniffles2.INS.4B7S3A      1    82    (0) + (AT)n          Simple_repeat          1     87    (0) 1120  
  192   25.5  0.0  2.1  Sniffles2.INS.4BCS39     11    58   (31) + MIRb           SINE/MIR              78    124  (144) 1121  
  280    8.9  0.0  0.0  Sniffles2.INS.4BDS4       1    45   (87) + Alu            SINE/Alu             257    301    (0) 1122  
   75   11.3  4.7  1.3  Sniffles2.INS.4BES4       1   148    (2) + (TATAATA)n     Simple_repeat          1    153    (0) 1123  
   30    2.5  7.3  0.0  Sniffles2.INS.4BFS38      2    42    (9) + (TA)n          Simple_repeat          1     44    (0) 1124  
 2086   12.3  1.0  0.6  Sniffles2.INS.4BS25      43   352    (9) C AluSx          SINE/Alu             (0)    312      2 1125  
  319   19.1  3.2  0.0  Sniffles2.INS.4BS2B      11    73    (4) + Alu            SINE/Alu             229    293    (9) 1126  
  536   20.4  1.0  0.0  Sniffles2.INS.4BS8        1   134    (1) C BSR/Beta       Satellite           (51)    135      1 1127  
   80   20.0  4.2  0.5  Sniffles2.INS.4C1S37      1   193    (5) + (TG)n          Simple_repeat          1    200    (0) 1128  
  574   13.0  0.0  0.0  Sniffles2.INS.4C5S39      1    77    (0) + AluSc8         SINE/Alu             204    280   (31) 1129  
   39    0.0  5.3  1.7  Sniffles2.INS.4C7S1       1    57    (0) + (AAGA)n        Simple_repeat          1     59    (0) 1130  
  256    9.1  0.0  4.5  Sniffles2.INS.4CAS39     15    60   (37) + L1PA17         LINE/L1             6110   6153    (3) 1131  
 1277   14.3  0.9  0.2  Sniffles2.INS.4CDS33      1  1524    (0) C ALR/Alpha      Satellite/centr     (36)   1534      1 1132  
 1222   15.6  0.9  0.1  Sniffles2.INS.4CES22      1  1360    (0) + ALR/Alpha      Satellite/centr        1   1371    (0) 1133  
  793    4.6  3.3  2.6  Sniffles2.INS.4CFS1       1   174    (1) C SVA_F          Retroposon/SVA     (531)    844    563 1134  
 1277   13.8  0.6  0.2  Sniffles2.INS.4CFS33      1  1699    (5) C ALR/Alpha      Satellite/centr     (59)   1705      1 1135  
   20   16.4  0.0  0.0  Sniffles2.INS.4CS2B      30    70    (5) + (ATGGA)n       Simple_repeat          1     41    (0) 1136  
  331   15.1  0.0  0.0  Sniffles2.INS.4CS4        1    53  (116) C MER3           DNA/hAT-Charlie     (13)    196    144 1137  
  568   17.2  8.1  0.2  Sniffles2.INS.4CS8        1   190    (1) C BSR/Beta       Satellite           (33)    204      1 1138  
 1358    7.1  1.5 12.1  Sniffles2.INS.4D0S1       1   402    (3) C SVA_F          Retroposon/SVA     (547)    828    465 1139  
  518    2.6  0.0  1.3  Sniffles2.INS.4D2S1       1    77    (1) C SVA_F          Retroposon/SVA     (523)    852    777 1140  
  956    3.5  0.0  2.3  Sniffles2.INS.4D3S1       1   175    (1) C SVA_F          Retroposon/SVA     (524)    851    681 1141  
   72   17.4  2.4  3.0  Sniffles2.INS.4D3S23     19   187    (0) + (CCCT)n        Simple_repeat          1    168    (0) 1142  
  782    2.5  0.0  1.7  Sniffles2.INS.4D4S1       1   122    (5) + SVA_F          Retroposon/SVA       736    855  (520) 1143  
   32   20.4  2.7  0.0  Sniffles2.INS.4D4S4       1    73    (1) + (AT)n          Simple_repeat          1     75    (0) 1144  
   16   27.5  0.0  0.0  Sniffles2.INS.4D8S1      18    65    (0) + (ACC)n         Simple_repeat          1     48    (0) 1145  
  375   12.5  0.0  3.1  Sniffles2.INS.4D8S33      1    99    (1) + SVA_F          Retroposon/SVA       688    783  (592) 1146  
  515   11.1  4.2  1.1  Sniffles2.INS.4D9S35      1   102   (54) + L1P4           LINE/L1             3974   4078 (2068) 1147  
  274   17.1  0.0  0.0  Sniffles2.INS.4DS2B      17    57    (0) + Alu            SINE/Alu              89    129   (37) 1148  
   48    0.0  0.0  2.1  Sniffles2.INS.4E2S39      1    48    (5) + (TTCT)n        Simple_repeat          1     47    (0) 1149  
   60    0.0  0.0  1.8  Sniffles2.INS.4E4S13      1    58    (0) + (TTTC)n        Simple_repeat          1     57    (0) 1150  
  429   13.3  9.7  3.0  Sniffles2.INS.4E4S33      2    94    (0) + MLT1B          LTR/ERVL-MaLR        254    352   (38) 1151  
  714    9.3  3.7  0.9  Sniffles2.INS.4E6S38      7   114    (0) C AluSg          SINE/Alu           (152)    158     48 1152  
 1736   14.3  4.2  1.0  Sniffles2.INS.4E8S22     35   317  (234) C AluSx          SINE/Alu            (10)    292      1 1153  
  258   27.1  0.0  1.4  Sniffles2.INS.4E8S22    422   492   (59) + MER5A1         DNA/hAT-Charlie       42    111   (67) 1154  
  114    6.9  4.2  4.2  Sniffles2.INS.4EAS13      1   214    (3) + (TATATAT)n     Simple_repeat          1    214    (0) 1155  
   28   15.0  1.9  1.9  Sniffles2.INS.4EAS23      1    54    (0) + (TA)n          Simple_repeat          1     54    (0) 1156  
 4221    7.1  0.0  0.4  Sniffles2.INS.4EAS39      1   539    (0) + L1P3           LINE/L1             3643   4179 (1967) 1157  
 1225    5.6  0.0  3.2  Sniffles2.INS.4EBS1       1   172    (1) + AluY           SINE/Alu              20    301    (0) 1158  
   36    2.3  0.0  4.3  Sniffles2.INS.4EBS38     14    61    (2) + (ATTCATATAT)n  Simple_repeat          1     46    (0) 1159  
   48    0.0  8.2  0.0  Sniffles2.INS.4EES35      1    61    (3) + (TTCT)n        Simple_repeat          1     66    (0) 1160  
   67    0.0 12.1  0.0  Sniffles2.INS.4EFS38      1    99    (0) + (AT)n          Simple_repeat          1    111    (0) 1161  
 1054    7.3  0.6  0.3  Sniffles2.INS.4ES25       1   291    (1) + ACRO1          Satellite/acro         1    291    (0) 1162  
   49    5.2  0.0  0.0  Sniffles2.INS.4ES4        1    61    (0) + (G)n           Simple_repeat          1     61    (0) 1163  
 1260   11.4  0.4  0.3  Sniffles2.INS.4ES6        1  1023    (2) C ALR/Alpha      Satellite/centr     (35)   1023      1 1164  
  926   13.2  3.3  4.3  Sniffles2.INS.4ES8        1   654    (2) C BSR/Beta       Satellite           (56)    647      1 1165  
   63    0.0  0.0  0.0  Sniffles2.INS.4F0S1       1    56    (0) + (G)n           Simple_repeat          1     56    (0) 1166  
   22    8.8  2.4  5.0  Sniffles2.INS.4F2S1       9    49    (1) + (AT)n          Simple_repeat          1     40    (0) 1167  
   36   19.0  3.6  1.2  Sniffles2.INS.4F5S3A      1    83    (4) + (TA)n          Simple_repeat          1     85    (0) 1168  
  298   19.8  6.2  5.2  Sniffles2.INS.4F7S4       2    97    (0) + MLT1B          LTR/ERVL-MaLR         80    176  (214) 1169  
  240   23.4  3.9  1.2  Sniffles2.INS.4F8S22    116   193   (19) C L1MEb          LINE/L1           (5285)    785    706 1170  
   39   14.2  4.1  0.0  Sniffles2.INS.4F8S23      1    73    (2) + (AT)n          Simple_repeat          1     76    (0) 1171  
  727    9.0  0.0  0.0  Sniffles2.INS.4FBS13      3    91  (712) + AluSc8         SINE/Alu             213    301   (10) 1172  
 2215   10.0  0.0  2.0  Sniffles2.INS.4FBS13    357   661  (142) C AluSx          SINE/Alu            (13)    299      1 1173  
   30   13.9  3.6  0.0  Sniffles2.INS.4FBS33      1    56    (0) + (AT)n          Simple_repeat          1     58    (0) 1174  
   90   10.2  6.0  1.1  Sniffles2.INS.4FBS38      1   167    (0) + (AT)n          Simple_repeat          1    175    (0) 1175  
   29    4.9  4.4  2.2  Sniffles2.INS.4FCS38      4    48    (3) + (TA)n          Simple_repeat          1     46    (0) 1176  
   40   10.8  5.6  0.0  Sniffles2.INS.4FCS4       1    71    (1) + (AT)n          Simple_repeat          1     75    (0) 1177  
   24   12.2  9.1  2.9  Sniffles2.INS.4FDS33      1    66    (0) + (TA)n          Simple_repeat          1     70    (0) 1178  
   37    0.0 12.5  0.0  Sniffles2.INS.4FDS39      3    58    (2) + (AT)n          Simple_repeat          1     63    (0) 1179  
   33    9.7  9.9  2.3  Sniffles2.INS.4FDS4       8    88    (0) + (AT)n          Simple_repeat          1     87    (0) 1180  
 1239    5.6  0.0  0.0  Sniffles2.INS.4FS2B      21   164  (109) + AluYa5         SINE/Alu               1    144  (167) 1181  
  692    2.6  0.0  0.0  Sniffles2.INS.4FS2B     165   240   (33) + AluYa5         SINE/Alu             222    297   (14) 1182  
  246   14.7  0.0  0.0  Sniffles2.INS.4FS2B     240   273    (0) + Alu            SINE/Alu              96    129   (37) 1183 *
   91    0.0  0.0  0.0  Sniffles2.INS.4FS6        1    80    (4) + (G)n           Simple_repeat          1     80    (0) 1184  
  230    0.0  0.0  5.0  Sniffles2.INS.4S17       16    57   (10) C TAR1           Satellite/subtelo (1464)    646    607 1185  
  913   16.2  0.0  0.0  Sniffles2.INS.4S2F        1   167    (3) + ALR/Alpha      Satellite/centr        5    171    (0) 1186  
  982   15.2  1.7  0.0  Sniffles2.INS.4S30        1   337    (0) + ALR/Alpha      Satellite/centr        1    342    (0) 1187  
  274   17.1 12.9  0.0  Sniffles2.INS.4S32        3    72    (0) + L1MB2          LINE/L1             5976   6054  (117) 1188  
 1038   14.7  0.3  0.0  Sniffles2.INS.4S36        1   340    (0) C ALR/Alpha      Satellite/centr     (24)    340      1 1189  
  729   16.1  0.0  0.0  Sniffles2.INS.4S5D        1   170    (0) + ALR/Alpha      Satellite/centr        1    170    (0) 1190  
   16   28.4  0.0  3.3  Sniffles2.INS.4SA        34    96   (25) + (CCTGCG)n      Simple_repeat          1     61    (0) 1191  
   45    0.0  6.2  3.0  Sniffles2.INS.4SA7        1    64    (0) + (TCTT)n        Simple_repeat          1     66    (0) 1192  
  843    5.2  1.4  0.0  Sniffles2.INS.4SA8        1   143    (0) C ACRO1          Satellite/acro      (49)    145      1 1193  
  330   20.0  6.7  0.0  Sniffles2.INS.4SB1       11    85   (68) C L1PA10         LINE/L1            (143)   6025   5946 1194  
  295   20.1  6.9  0.2  Sniffles2.INS.4SB1       65   153    (0) C L1PA10         LINE/L1            (124)   6048   5955 1195 *
   67    1.2  8.1  0.0  Sniffles2.INS.508S33      1    86    (0) + (TA)n          Simple_repeat          1     93    (0) 1196  
   49   26.4  0.8  2.3  Sniffles2.INS.508S38      6   137    (3) + (AT)n          Simple_repeat          1    130    (0) 1197  
   92    9.8  7.4  0.5  Sniffles2.INS.50BS1       1   176    (3) + (TA)n          Simple_repeat          1    188    (0) 1198  
  449    8.9  0.0  0.0  Sniffles2.INS.50S23       1    56  (125) + AluSq2         SINE/Alu             243    298   (15) 1199  
   12   19.4  4.7  2.3  Sniffles2.INS.50S25       1    43    (6) + (GCCGGC)n      Simple_repeat          1     44    (0) 1200  
  247   16.2  0.0  0.0  Sniffles2.INS.50S2B       2    38   (12) + AluJb          SINE/Alu             240    276   (36) 1201  
  844    4.2  0.0  0.0  Sniffles2.INS.510S23      1    95    (0) C AluSz          SINE/Alu           (204)    108     14 1202  
  212   29.6  2.8  1.4  Sniffles2.INS.511S22     33   104   (66) C MamSINE1       SINE/tRNA-RTE      (207)     83     11 1203  
  276   17.9  0.0  0.0  Sniffles2.INS.513S13     13    51    (2) + 7SLRNA         srpRNA                 4     42  (278) 1204  
  235    3.5  0.0  0.0  Sniffles2.INS.514S33     17    45    (8) + L1PA2          LINE/L1             5924   5952  (203) 1205  
   23   11.3  8.3  0.0  Sniffles2.INS.514S39      6    53    (0) + (AT)n          Simple_repeat          1     52    (0) 1206  
   45    0.0  6.1  0.0  Sniffles2.INS.516S33      1    49    (3) + (TA)n          Simple_repeat          1     52    (0) 1207  
   30    0.0  3.1  0.0  Sniffles2.INS.518S4      24    55   (14) + (GATGGGAT)n    Simple_repeat          1     33    (0) 1208  
   55   23.8  0.0  1.6  Sniffles2.INS.51CS1       3   127    (1) + (AT)n          Simple_repeat          1    123    (0) 1209  
   45    0.0  2.2  0.0  Sniffles2.INS.51DS22      1    45    (0) + (TCTT)n        Simple_repeat          1     46    (0) 1210  
   85    0.0  0.0  0.0  Sniffles2.INS.51ES22     11    85  (287) + (T)n           Simple_repeat          1     75    (0) 1211  
 2732    0.0  0.3  0.0  Sniffles2.INS.51ES22     86   372    (0) C AluYb8         SINE/Alu            (30)    288      1 1212  
   51    0.0  2.0  0.0  Sniffles2.INS.51FS38      1    50    (0) + (TTTC)n        Simple_repeat          1     51    (0) 1213  
  352   17.2  0.0  1.8  Sniffles2.INS.520S13      2    59    (1) C AluYh3         SINE/Alu           (254)     57      1 1214  
  240   15.4 23.2  9.2  Sniffles2.INS.520S31      1   250   (85) + L1P1           LINE/L1             4942   5223  (923) 1215  
  909   14.8  1.2  0.0  Sniffles2.INS.523S38      8   169    (0) + ALR/Alpha      Satellite/centr        1    164    (7) 1216  
   23    9.1  2.9  0.0  Sniffles2.INS.523S39      2    36   (22) + (AT)n          Simple_repeat          1     36    (0) 1217  
  109   21.2  2.0  3.1  Sniffles2.INS.525S13      3   294   (25) + (GGT)n         Simple_repeat          1    289    (0) 1218  
  291    6.4  4.2  2.0  Sniffles2.INS.526S22      3    50    (8) + LTR12E         LTR/ERV1             976   1024  (298) 1219  
  509   16.5  8.2  0.0  Sniffles2.INS.526S31     11   107   (25) C MER63A         DNA/hAT-Tip100       (0)    210    106 1220  
   30    2.0  5.3  5.3  Sniffles2.INS.526S38      1    57    (0) + (CTTT)n        Simple_repeat          1     57    (0) 1221  
  492   27.2  0.0  0.8  Sniffles2.INS.528S3A      5   130    (3) C MIRb           SINE/MIR            (45)    223     99 1222  
  210   24.9  1.3  1.6  Sniffles2.INS.529S3A      1    76  (189) C MIRc           SINE/MIR            (95)    173     99 1223 *
  504   25.9  2.9  0.7  Sniffles2.INS.529S3A     74   209   (56) C MIRb           SINE/MIR            (31)    237     99 1224  
  289   15.5  6.9  0.0  Sniffles2.INS.529S3A    207   264    (1) C MIRb           SINE/MIR            (31)    237    176 1225 *
   13   22.4  0.0  8.0  Sniffles2.INS.529S4       1    54  (105) + G-rich         Low_complexity         1     50    (0) 1226  
   50    4.3  2.5  3.9  Sniffles2.INS.529S4      61   139   (20) + (CTCC)n        Simple_repeat          1     78    (0) 1227  
 1776   11.2  0.4  0.0  Sniffles2.INS.52AS13      1   242  (408) + AluSz6         SINE/Alu              60    302   (10) 1228  
 1031   26.1  1.1  3.3  Sniffles2.INS.52AS13    243   277  (373) C SVA_A          Retroposon/SVA    (1112)    275      5 1229  
  503   23.8  3.1  0.8  Sniffles2.INS.52AS3A      5   131  (135) C MIRb           SINE/MIR            (31)    237    108 1230  
  503   23.8  3.1  0.8  Sniffles2.INS.52AS3A    138   264    (2) C MIRb           SINE/MIR            (31)    237    108 1231  
   56    3.9  6.3  0.0  Sniffles2.INS.52BS1       1    79   (18) + (TA)n          Simple_repeat          1     84    (0) 1232  
  503   23.8  3.1  0.8  Sniffles2.INS.52BS3A      5   131  (268) C MIRb           SINE/MIR            (31)    237    108 1233  
  503   23.8  3.1  0.8  Sniffles2.INS.52BS3A    138   264  (135) C MIRb           SINE/MIR            (31)    237    108 1234  
  503   23.8  3.1  0.8  Sniffles2.INS.52BS3A    271   397    (2) C MIRb           SINE/MIR            (31)    237    108 1235  
   23   14.3  5.0  3.3  Sniffles2.INS.52CS1       2    61    (1) + (TCCC)n        Simple_repeat          1     61    (0) 1236  
   21   26.8  1.9  0.0  Sniffles2.INS.52DS31      1    53    (1) + (AT)n          Simple_repeat          1     54    (0) 1237  
 1054    7.2  0.7  0.0  Sniffles2.INS.52S25       3   290    (0) C ACRO1          Satellite/acro      (24)    289      1 1238  
   17   22.0  0.0  0.0  Sniffles2.INS.52S2B       1    42   (11) + (AATCA)n       Simple_repeat          1     42    (0) 1239  
  402   14.8  7.6  5.6  Sniffles2.INS.52S58      32   224    (1) C HSATII         Satellite            (7)    196      1 1240  
   16   32.6  0.0  0.0  Sniffles2.INS.531S31      1    45    (5) + (AT)n          Simple_repeat          1     45    (0) 1241  
   56    3.4  0.0  0.0  Sniffles2.INS.532S1       1    60    (0) + (ATATATATAA)n  Simple_repeat          1     60    (0) 1242  
   24   27.6  0.0  0.0  Sniffles2.INS.532S38      1    68    (1) + (CACCAT)n      Simple_repeat          1     68    (0) 1243  
   26    0.0  0.0  0.0  Sniffles2.INS.534S23      1    25   (27) + (GAAA)n        Simple_repeat          1     25    (0) 1244  
   18    4.0  0.0  0.0  Sniffles2.INS.534S23     26    51    (1) + (GAAG)n        Simple_repeat          1     26    (0) 1245  
   20    5.8  0.0 14.3  Sniffles2.INS.534S31      1    48    (7) + (TA)n          Simple_repeat          1     42    (0) 1246  
  113   27.1  3.0  0.0  Sniffles2.INS.536S35     14   348    (0) + GA-rich        Low_complexity         1    345    (0) 1247  
  452    9.6  6.8  0.0  Sniffles2.INS.536S38      1    73   (35) + AluJb          SINE/Alu             205    282   (30) 1248  
  328   18.9 26.4  0.0  Sniffles2.INS.536S38      2   107    (1) C SVA_A          Retroposon/SVA     (988)    399    266 1249 *
   35   11.2 10.3  0.0  Sniffles2.INS.537S3A      1    78    (1) + (TA)n          Simple_repeat          1     86    (0) 1250  
   40   10.2  5.1  1.2  Sniffles2.INS.537S4       2    79    (1) + GA-rich        Low_complexity         1     81    (0) 1251  
   31   13.4 11.0  0.0  Sniffles2.INS.538S33      3    84    (3) + (TA)n          Simple_repeat          1     91    (0) 1252  
  228   18.6 11.4  0.0  Sniffles2.INS.539S3A      5    74    (4) C AluY           SINE/Alu             (0)    301    224 1253  
  501    8.1  0.0  0.0  Sniffles2.INS.53BS31      1    62    (0) C AluSp          SINE/Alu           (230)     83     22 1254  
   51    0.0  6.2  1.5  Sniffles2.INS.53BS4       1    65    (0) + (TTTC)n        Simple_repeat          1     68    (0) 1255  
  213    0.0  1.1  0.0  Sniffles2.INS.53FS22      1   190    (0) + (AGAAA)n       Simple_repeat          1    192    (0) 1256  
  431   11.9  0.0  0.0  Sniffles2.INS.53SBD       4    62    (5) C BSR/Beta       Satellite           (17)    119     61 1257  
   28   20.7  0.0  0.0  Sniffles2.INS.541S31      1    59    (0) + (TATA)n        Simple_repeat          1     59    (0) 1258  
   27   19.1  1.8  0.0  Sniffles2.INS.541S39      6    60    (8) + (AT)n          Simple_repeat          1     56    (0) 1259  
   45    0.0  0.0  4.2  Sniffles2.INS.541S3A      1    50    (0) + (GAAA)n        Simple_repeat          1     48    (0) 1260  
   43    0.0  1.9  3.9  Sniffles2.INS.544S31     10    61   (11) + (CCTT)n        Simple_repeat          1     51    (0) 1261  
   41    4.0  3.9  0.0  Sniffles2.INS.54AS13      1    51    (0) + (TC)n          Simple_repeat          1     53    (0) 1262  
   51    0.0  2.1  0.0  Sniffles2.INS.54AS33      8    54    (0) + (AT)n          Simple_repeat          1     48    (0) 1263  
 1163   12.0  2.2  4.6  Sniffles2.INS.54DS0       1  1805 (4083) C HSATII         Satellite           (13)   5743   3957 1264  
   28    2.6  0.0  7.1  Sniffles2.INS.54DS0    1806  1850 (4038) + (ATCGAATGGA)n  Simple_repeat          1     42    (0) 1265  
 1163   12.0  2.2  4.6  Sniffles2.INS.54DS0    1851  5403  (485) C HSATII         Satellite         (1800)   3956    439 1264  
   28    2.6  0.0  7.1  Sniffles2.INS.54DS0    5404  5448  (440) + (ATCGAATGGA)n  Simple_repeat          1     42    (0) 1266  
 1163   12.0  2.2  4.6  Sniffles2.INS.54DS0    5449  5888    (0) C HSATII         Satellite           (13)    438      1 1264  
   52    8.8  0.0  0.0  Sniffles2.INS.54ES13      1    74    (1) + (CATCAT)n      Simple_repeat          1     74    (0) 1267  
  256   21.3  0.0  0.0  Sniffles2.INS.54ES22      1    47   (46) C MLT2B5         LTR/ERVL           (668)     49      3 1268  
   21   18.8  0.0  2.3  Sniffles2.INS.54ES33      1    44    (7) + (TA)n          Simple_repeat          1     43    (0) 1269  
   37    8.2  1.4  5.7  Sniffles2.INS.54FS39      1    73    (9) + GA-rich        Low_complexity         1     70    (0) 1270  
  148   20.7 10.1  0.3  Sniffles2.INS.54S0        1   574   (12) + (CCAGCCC)n     Simple_repeat          1    630    (0) 1271  
  565   16.4  3.3  4.2  Sniffles2.INS.54S37       1   121   (41) C MER21B         LTR/ERVL            (77)    791    672 1272  
   25    8.6  3.5  7.3  Sniffles2.INS.552S13      1    57    (4) + (CA)n          Simple_repeat          1     55    (0) 1273  
  183    0.0  0.0  0.0  Sniffles2.INS.553S33      1   198    (0) + (A)n           Simple_repeat          1    198    (0) 1274  
   46    2.1  0.0  2.0  Sniffles2.INS.555S31      1    51    (0) + (AAAG)n        Simple_repeat          1     50    (0) 1275  
  255   27.6 10.2  1.0  Sniffles2.INS.555S39     13   188    (1) C L1M5           LINE/L1           (3516)   2630   2439 1276  
  275   11.9  0.0  0.0  Sniffles2.INS.555S3A     20    69    (0) C L1M2           LINE/L1            (428)   5815   5766 1277  
  288    6.9  5.0  0.0  Sniffles2.INS.556S39      1   459    (1) + (AT)n          Simple_repeat          1    482    (0) 1278  
   34   19.8  0.0  2.8  Sniffles2.INS.558S31      1    74    (1) + (AT)n          Simple_repeat          1     72    (0) 1279  
  669    5.9  0.0  0.0  Sniffles2.INS.55AS4       1    85  (147) C Alu            SINE/Alu           (216)     85      1 1280  
  869   16.2  0.0  4.2  Sniffles2.INS.55AS4      86   232    (0) C AluJb          SINE/Alu            (74)    228     88 1281  
   42    4.0  3.9  0.0  Sniffles2.INS.55BS39      1    52    (0) + (AT)n          Simple_repeat          1     54    (0) 1282  
   80   19.8  5.3  0.0  Sniffles2.INS.55CS13      1   208    (0) + (TGGTGA)n      Simple_repeat          1    219    (0) 1283  
   59    0.0  0.0  0.0  Sniffles2.INS.55ES33      1    53    (0) + (TAGCA)n       Simple_repeat          1     53    (0) 1284  
  850   19.0  1.5  1.0  Sniffles2.INS.55ES3A      2   198    (5) + L1MA4          LINE/L1             6047   6244   (56) 1285  
  477   18.3  2.5  1.6  Sniffles2.INS.55FS3A      1   122   (81) + L1MA4          LINE/L1             6122   6244   (56) 1286  
  390   17.3  0.0  2.5  Sniffles2.INS.55FS3A    120   202    (1) + L1MA4          LINE/L1             6040   6120  (180) 1287 *
   18   12.6  4.4  2.2  Sniffles2.INS.55S25       1    45    (5) + (GCGCCT)n      Simple_repeat          1     46    (0) 1288  
  261   16.9  0.0  0.0  Sniffles2.INS.55S2B       4    51    (7) + AluY           SINE/Alu             232    269   (32) 1289  
   65    6.0 10.7  0.0  Sniffles2.INS.560S1       3   123    (1) + (TA)n          Simple_repeat          1    134    (0) 1290  
  240   18.2  0.0  4.5  Sniffles2.INS.561S31      8    53  (650) + UCON58         DNA                   22     65  (420) 1291  
  477   18.3  2.5  1.6  Sniffles2.INS.561S3A      1   122   (81) + L1MA4          LINE/L1             6122   6244   (56) 1292  
  397   17.1  0.0  2.4  Sniffles2.INS.561S3A    120   203    (0) + L1MA4          LINE/L1             6040   6121  (179) 1293 *
  353   15.1  7.8  1.4  Sniffles2.INS.565S0       2   908   (12) + (TTTCA)n       Simple_repeat          1    965    (0) 1294  
  380   14.8  8.4  1.1  Sniffles2.INS.566S0       1   980    (0) + (CATTT)n       Simple_repeat          1   1050    (0) 1295  
 1479    7.4  0.3  0.1  Sniffles2.INS.569S38      4  1858    (5) + (CAC)n         Simple_repeat          1   1859    (0) 1296  
   50   10.1  6.2  0.0  Sniffles2.INS.56BS39      4    99    (0) + (TAATATA)n     Simple_repeat          1    102    (0) 1297  
   53    0.0  0.0  2.0  Sniffles2.INS.56DS22      1    52    (0) + (AAAG)n        Simple_repeat          1     51    (0) 1298  
 2282   20.8  4.5  0.6  Sniffles2.INS.56DS35      1   509    (0) + L1MB3          LINE/L1             5467   5995  (188) 1299  
 1233    9.2  3.3  2.2  Sniffles2.INS.56ES3A      1   253    (0) C SVA_E          Retroposon/SVA     (520)    862    497 1300  
   18   29.4  0.0  0.0  Sniffles2.INS.56FS33      6    50    (4) + (AT)n          Simple_repeat          1     45    (0) 1301  
  350   16.1  0.0  3.6  Sniffles2.INS.56S2B       6    63    (7) + Alu            SINE/Alu              85    140   (26) 1302  
  449   12.3  0.0  0.0  Sniffles2.INS.56S58       1    73    (0) + ALR/Alpha      Satellite/centr       58    130   (41) 1303  
   41    4.5  0.0  0.0  Sniffles2.INS.56S8        8    54    (1) + (GAATG)n       Simple_repeat          1     47    (0) 1304  
  371   15.4  0.0  0.0  Sniffles2.INS.56SBD       3    67    (1) C BSR/Beta       Satellite            (6)    130     66 1305  
   20   26.4  0.0  0.0  Sniffles2.INS.570S1       1    50    (0) + (AC)n          Simple_repeat          1     50    (0) 1306  
   82   17.1  6.8  2.5  Sniffles2.INS.572S3A      3   237    (2) + (CA)n          Simple_repeat          1    245    (0) 1307  
   30   17.6  0.0  0.0  Sniffles2.INS.576S1       1    53    (3) + (AT)n          Simple_repeat          1     53    (0) 1308  
   37    5.8  0.0  1.8  Sniffles2.INS.576S39      1    56    (1) + (ATATATT)n     Simple_repeat          1     55    (0) 1309  
   93    0.0  4.0  1.0  Sniffles2.INS.57AS23      3   102    (0) + (TTCT)n        Simple_repeat          1    103    (0) 1310  
  257    6.1 34.5  2.7  Sniffles2.INS.57AS39      1    84    (0) + L1P1           LINE/L1             3177   3286 (2860) 1311  
  651    4.2  0.3  5.3  Sniffles2.INS.57BS33      1   126    (0) + SVA_F          Retroposon/SVA       756    855  (520) 1312  
   36    1.6 12.7  0.0  Sniffles2.INS.57BS38      1    63    (0) + (TA)n          Simple_repeat          1     71    (0) 1313  
   58   18.9  2.4  0.0  Sniffles2.INS.57DS23      7   132    (3) + (CCTC)n        Simple_repeat          1    129    (0) 1314  
  173   13.6  0.2  7.7  Sniffles2.INS.57ES31      1   393    (3) + (AT)n          Simple_repeat          1    366    (0) 1315  
   31    2.1  8.0  1.9  Sniffles2.INS.57ES39      2    51    (0) + (TA)n          Simple_repeat          1     53    (0) 1316  
   21   13.7  8.3  0.0  Sniffles2.INS.57FS31      3    50    (1) + (AT)n          Simple_repeat          1     52    (0) 1317  
   23   19.2  0.0  1.9  Sniffles2.INS.57S2B       1    55    (1) + (GTGGA)n       Simple_repeat          1     54    (0) 1318  
  251   16.7  7.4  0.0  Sniffles2.INS.580S33      3    56    (0) + FLAM_C         SINE/Alu              58    115   (18) 1319  
  364   19.8 20.9  1.1  Sniffles2.INS.581S22     36   188  (124) C MLT1H2         LTR/ERVL-MaLR      (305)    184      2 1320  
   64    8.8  1.0  0.0  Sniffles2.INS.582S23      1    96    (0) + (ACCCCC)n      Simple_repeat          1     97    (0) 1321  
 1026   12.7  0.7  0.0  Sniffles2.INS.585S1       1   142   (32) + AluSq2         SINE/Alu             158    300   (13) 1322  
  734    6.2  0.0  2.1  Sniffles2.INS.585S13      1    96    (0) + AluSp          SINE/Alu              14    107  (206) 1323  
  257    8.6  3.7  0.0  Sniffles2.INS.585S22      1   431    (1) + (AT)n          Simple_repeat          1    447    (0) 1324  
   24   17.6  3.9  0.0  Sniffles2.INS.585S33      2    53    (0) + (AT)n          Simple_repeat          1     54    (0) 1325  
  349   13.8  0.0  1.7  Sniffles2.INS.585S38     11    69   (17) C MER47B         DNA/TcMar-Tigger   (121)    297    240 1326  
  382   11.5  1.6  0.0  Sniffles2.INS.585S39      1    61    (1) C LTR7B          LTR/ERV1           (234)    230    169 1327  
  600   11.4  7.5  0.0  Sniffles2.INS.586S39      1   149    (0) C LTR7B          LTR/ERV1           (186)    278    147 1328  
   31   18.5  1.2  5.1  Sniffles2.INS.588S22      6    86    (2) + (AT)n          Simple_repeat          1     78    (0) 1329  
   93    0.0  5.5  5.5  Sniffles2.INS.589S39      3   148    (3) + (ATATATC)n     Simple_repeat          1    146    (0) 1330  
   21   23.5  0.0  0.0  Sniffles2.INS.58AS31      2    46    (4) + (C)n           Simple_repeat          1     45    (0) 1331  
   71   17.0  1.2  3.8  Sniffles2.INS.58BS31      1   162    (2) + GA-rich        Low_complexity         1    158    (0) 1332  
   30    0.0  0.0  0.0  Sniffles2.INS.58S33       1    28   (23) + (TTCT)n        Simple_repeat          1     28    (0) 1333  
  954    6.6  0.0  0.0  Sniffles2.INS.58S58       8   128    (0) + ALR/Alpha      Satellite/centr        1    121   (50) 1334  
  523   11.3  1.4  0.0  Sniffles2.INS.58S6        1    95    (0) + CER            Satellite              1     96    (0) 1335  
   29   14.6  0.0  0.0  Sniffles2.INS.58S8        7    59    (1) + (GAATG)n       Simple_repeat          1     53    (0) 1336  
  758   20.5  5.7 10.3  Sniffles2.INS.590S0       1   212    (0) + L1M3e          LINE/L1              223    425 (6605) 1337  
   35    6.4  0.0  2.0  Sniffles2.INS.591S13      1    51    (0) + (TTCCCTCAGT)n  Simple_repeat          1     50    (0) 1338  
  271    5.1  9.4  0.0  Sniffles2.INS.591S22      1   510    (2) + (TA)n          Simple_repeat          1    558    (0) 1339  
  105   25.5  0.8  0.0  Sniffles2.INS.593S3A      1   239    (4) + (AT)n          Simple_repeat          1    241    (0) 1340  
   14   15.3  0.0  7.7  Sniffles2.INS.596S31    208   260  (395) + GA-rich        Low_complexity         1     48    (0) 1341  
  451   12.1  0.0  0.0  Sniffles2.INS.596S31    483   540  (115) + AluSq2         SINE/Alu             227    284   (29) 1342  
   33    0.0  0.0  0.0  Sniffles2.INS.596S31    544   574   (81) + (AAAC)n        Simple_repeat          1     31    (0) 1343  
   72    0.0  9.7  0.0  Sniffles2.INS.599S33      4    96    (1) + (TA)n          Simple_repeat          1    102    (0) 1344  
   56    1.9  0.0  0.0  Sniffles2.INS.59CS39      5    59    (0) + (TTCT)n        Simple_repeat          1     55    (0) 1345  
  875    9.5  0.4  0.8  Sniffles2.INS.59S24       1   169    (1) + ALR/Alpha      Satellite/centr        1    168    (0) 1346  
  863   13.2  0.0  0.0  Sniffles2.INS.59S58       1   172    (0) + ALR/Alpha      Satellite/centr        1    172    (0) 1347  
 1800    2.4  0.0  0.0  Sniffles2.INS.5A3S39      4   210  (103) + L1P1           LINE/L1             4900   5106 (1040) 1348  
  883    3.5  0.2  2.0  Sniffles2.INS.5A3S39    181   313    (0) + L1P1           LINE/L1             5322   5445  (710) 1349 *
   30   10.7  6.6  0.0  Sniffles2.INS.5A4S3A      2    62    (2) + (ATATA)n       Simple_repeat          1     65    (0) 1350  
   95    0.0  2.3  0.0  Sniffles2.INS.5A8S22      1    88    (1) + (AT)n          Simple_repeat          1     90    (0) 1351  
   57   13.7  6.3  1.5  Sniffles2.INS.5A9S0       1   127    (2) + (TA)n          Simple_repeat          1    133    (0) 1352  
  247   11.3  1.9  0.0  Sniffles2.INS.5B0S31      2    54    (0) + L1MA3          LINE/L1             6009   6062  (243) 1353  
  273   14.7  0.0 10.9  Sniffles2.INS.5B0S3A      1    61   (51) C AluSx          SINE/Alu           (111)    191    137 1354  
   33    8.6  2.0  0.0  Sniffles2.INS.5B1S33      1    50    (3) + (TA)n          Simple_repeat          1     51    (0) 1355  
   25   17.1  9.2  0.0  Sniffles2.INS.5B2S4       1    76    (1) + GA-rich        Low_complexity         1     83    (0) 1356  
   23   20.6  7.1  1.1  Sniffles2.INS.5B4S23      6    90    (3) + (CCCTGCC)n     Simple_repeat          1     90    (0) 1357  
 1025   13.0  3.9  0.6  Sniffles2.INS.5B5S33      1   155    (6) + AluSx          SINE/Alu             133    292   (10) 1358  
   46    4.0  0.0  0.0  Sniffles2.INS.5B8S0       1    51    (1) + (C)n           Simple_repeat          1     51    (0) 1359  
   53    5.7  4.0  0.0  Sniffles2.INS.5B9S3A      9    82    (0) + (TA)n          Simple_repeat          1     77    (0) 1360  
   47    0.0  0.0  4.0  Sniffles2.INS.5BBS1       1    52    (0) + (TTTC)n        Simple_repeat          1     50    (0) 1361  
   15   30.8  2.3  4.8  Sniffles2.INS.5BBS31     22   107    (0) + GA-rich        Low_complexity         1     84    (0) 1362  
   79   25.5  0.0  1.1  Sniffles2.INS.5BBS33      3   185    (3) + (TA)n          Simple_repeat          1    181    (0) 1363  
   39    0.0  0.0  0.0  Sniffles2.INS.5BES3A      1    36   (18) + (GAGAAG)n      Simple_repeat          1     36    (0) 1364  
   22   17.8  0.0  5.5  Sniffles2.INS.5BFS23      1    61    (0) + (TTCC)n        Simple_repeat          1     57    (0) 1365  
  304   17.5  4.4  3.4  Sniffles2.INS.5BS1        5    91   (10) + L1PREC2        LINE/L1             6046   6122   (38) 1366  
   26   23.4  3.2  3.2  Sniffles2.INS.5BS17       1    95    (9) + (GGTGG)n       Simple_repeat          1     95    (0) 1367  
 1115   13.0  0.0  0.3  Sniffles2.INS.5BS24       2   854    (1) + ALR/Alpha      Satellite/centr        1    850    (8) 1368  
  546   27.2 11.9  1.5  Sniffles2.INS.5BS25      28   262  (758) C MER20B         DNA/hAT-Charlie    (406)    377    119 1369  
 2090   15.8  0.3  0.0  Sniffles2.INS.5BS25     538   848  (172) C AluSz6         SINE/Alu             (0)    312      1 1370  
  312   26.5  0.0  0.0  Sniffles2.INS.5BS25     953  1020    (0) C Tigger5b       DNA/TcMar-Tigger     (0)    472    405 1371  
  345   22.7  0.0  0.0  Sniffles2.INS.5BS2B       4    69    (1) + FRAM           SINE/Alu              90    155   (11) 1372  
 1200    9.4  0.6  0.3  Sniffles2.INS.5BS58       1   679    (3) + ALR/Alpha      Satellite/centr        1    680    (0) 1373  
  269   22.4  0.0  0.0  Sniffles2.INS.5BSBD       1    58    (8) + BSR/Beta       Satellite             30     87   (49) 1374  
   35    0.0  2.0  6.2  Sniffles2.INS.5C1S39      1    50    (2) + (CTTT)n        Simple_repeat          1     48    (0) 1375  
  112    9.1  1.2  0.0  Sniffles2.INS.5C2S31      1   165    (0) + (TA)n          Simple_repeat          1    167    (0) 1376  
   34   24.5  1.1  1.1  Sniffles2.INS.5CAS39      2    89    (7) + (GT)n          Simple_repeat          1     88    (0) 1377  
   81   31.0  0.0  0.5  Sniffles2.INS.5CDS33      1   214    (3) + (AT)n          Simple_repeat          1    213    (0) 1378  
   15   37.0  0.0  0.0  Sniffles2.INS.5CFS4       3    61    (9) + (AC)n          Simple_repeat          1     59    (0) 1379  
  356    9.6  0.0  0.0  Sniffles2.INS.5CS25       1    52   (21) C L1P1           LINE/L1           (6101)     54      3 1380  
 1255    7.8  0.0  5.5  Sniffles2.INS.5CS58       2   368    (1) + ALR/Alpha      Satellite/centr        1    346    (1) 1381  
  584   18.6  5.2  7.7  Sniffles2.INS.5CS8        3  1427   (15) C HSATII         Satellite            (7)   1389      1 1382  
   17   11.4  4.9  2.4  Sniffles2.INS.5D0S0      10    50    (1) + (TCCT)n        Simple_repeat          1     42    (0) 1383  
  109   20.1  2.0  1.2  Sniffles2.INS.5D1S23      6   253    (0) + (TCACCA)n      Simple_repeat          1    250    (0) 1384  
   36    6.4  7.6  0.0  Sniffles2.INS.5D1S3A      1    66    (0) + (AT)n          Simple_repeat          1     71    (0) 1385  
  241    3.6 11.3  0.0  Sniffles2.INS.5D3S17      1   458    (1) + (AT)n          Simple_repeat          1    510    (0) 1386  
   26    0.0  0.0  0.0  Sniffles2.INS.5D3S23     21    45   (14) + (GGGGGT)n      Simple_repeat          1     25    (0) 1387  
   21   10.8  5.3  5.3  Sniffles2.INS.5D3S31      1    57    (0) + GA-rich        Low_complexity         1     57    (0) 1388  
   36    6.7  0.0  0.0  Sniffles2.INS.5D3S39      6    52    (0) + (T)n           Simple_repeat          1     47    (0) 1389  
   57    2.6  2.2  5.8  Sniffles2.INS.5D4S17      1    90   (38) + (CATC)n        Simple_repeat          1     87    (0) 1390  
   18   15.4  0.0  0.0  Sniffles2.INS.5D4S17     91   126    (2) + (ACAT)n        Simple_repeat          1     36    (0) 1391  
  240   15.0  0.0  0.0  Sniffles2.INS.5D5S23     27    66  (578) C L1M5           LINE/L1           (1363)   4783   4744 1392 *
  253   12.5  0.0  0.0  Sniffles2.INS.5D5S23     65   104  (540) C L1M5           LINE/L1           (1363)   4783   4744 1392 *
  286    8.2  0.0  0.5  Sniffles2.INS.5D5S23     98   142  (502) C L1M5           LINE/L1           (1360)   4786   4744 1392  
  253   12.5  0.0  0.0  Sniffles2.INS.5D5S23    178   217  (427) C L1M5           LINE/L1           (1363)   4783   4744 1392 *
  270   10.7  0.0  0.5  Sniffles2.INS.5D5S23    211   255  (389) C L1M5           LINE/L1           (1360)   4786   4744 1392  
  246    9.4  0.0  0.0  Sniffles2.INS.5D5S23    291   330  (314) C L1M5           LINE/L1           (1363)   4783   4744 1392  
  235   15.0  0.0  0.0  Sniffles2.INS.5D5S23    366   405  (239) C L1M5           LINE/L1           (1363)   4783   4744 1392  
  271   10.7  0.0  0.5  Sniffles2.INS.5D5S23    459   503  (141) C L1M5           LINE/L1           (1360)   4786   4744 1392  
  240   15.0  0.0  0.0  Sniffles2.INS.5D5S23    540   579   (65) C L1M5           LINE/L1           (1363)   4783   4744 1392 *
  270   10.7  0.0  0.5  Sniffles2.INS.5D5S23    573   617   (27) C L1M5           LINE/L1           (1360)   4786   4744 1392  
  231   11.8  0.0  0.0  Sniffles2.INS.5D6S23      9    42   (34) C L1MD           LINE/L1           (1369)   4777   4744 1393  
   79    0.0  0.0  0.0  Sniffles2.INS.5D7S33      1    70    (0) + (T)n           Simple_repeat          1     70    (0) 1394  
   28   14.6  4.9  0.0  Sniffles2.INS.5D8S33      1    61    (1) + (TATA)n        Simple_repeat          1     64    (0) 1395  
   29   16.9  4.5  0.0  Sniffles2.INS.5D9S33      1    67    (0) + (TATA)n        Simple_repeat          1     70    (0) 1396  
   16    0.0  0.0  0.0  Sniffles2.INS.5DDS33      3    20   (49) + (A)n           Simple_repeat          1     18    (0) 1397  
  767   15.8  0.0  0.8  Sniffles2.INS.5DES22      1   121    (1) C THE1D-int      LTR/ERVL-MaLR      (459)   1172   1053 1398  
   20   24.2  3.2  0.0  Sniffles2.INS.5DES39      3    65    (1) + (ATCTAT)n      Simple_repeat          1     65    (0) 1399  
   29    2.4  0.0  8.7  Sniffles2.INS.5DFS39      1    50    (2) + (ATATATGT)n    Simple_repeat          1     46    (0) 1400  
  268   10.3  0.0  0.0  Sniffles2.INS.5DS25       1    58    (0) C TAR1           Satellite/subtelo  (774)   1336   1279 1401  
  271   23.4  3.1  0.0  Sniffles2.INS.5DS2B      14    77  (136) + FRAM           SINE/Alu              89    154   (12) 1402  
  287   20.0  1.8  0.0  Sniffles2.INS.5DS2B     141   195   (18) + Alu            SINE/Alu              89    144   (22) 1403  
  975    7.6  0.0  0.8  Sniffles2.INS.5DS58       7   170    (0) + ALR/Alpha      Satellite/centr        1    162    (0) 1404  
   53    9.1  2.9  3.9  Sniffles2.INS.5E0S3A      3   105    (5) + G-rich         Low_complexity         1    102    (0) 1405  
   20   27.0  2.8  0.0  Sniffles2.INS.5E4S33      1    11   (62) + (ATATC)n       Simple_repeat          1     71    (0) 1406  
   17   11.2 13.8  0.0  Sniffles2.INS.5E4S33     12    69    (4) + (TTACATA)n     Simple_repeat          1     66    (0) 1407  
   25   12.3  5.8  5.8  Sniffles2.INS.5E6S3A      2    70    (1) + (CA)n          Simple_repeat          1     69    (0) 1408  
   78    9.7  2.0  4.8  Sniffles2.INS.5EAS23      2   151    (3) + (CCTCC)n       Simple_repeat          1    146    (0) 1409  
  493   26.7 13.8  0.6  Sniffles2.INS.5EBS1    1298  1580   (85) + L1MC4          LINE/L1             7578   7897  (145) 1410  
 1054    7.3  0.7  0.0  Sniffles2.INS.5ES25       1   290    (1) C ACRO1          Satellite/acro      (50)    291      1 1411  
  243   21.3  0.0  0.0  Sniffles2.INS.5ES2B       1    47    (3) + Alu            SINE/Alu              91    137   (29) 1412  
 1234   10.2  0.4  0.4  Sniffles2.INS.5ES58       1   682    (1) + ALR/Alpha      Satellite/centr        1    681    (0) 1413  
  140    2.8  2.0  0.0  Sniffles2.INS.5F0S0       3   149   (47) + (TA)n          Simple_repeat          1    150    (0) 1414  
   15    0.0  0.0  0.0  Sniffles2.INS.5F0S0     152   168   (28) + (AC)n          Simple_repeat          1     17    (0) 1415  
  301   16.7  1.9  0.0  Sniffles2.INS.5F0S22      3    56   (17) + MLT1F-int      LTR/ERVL-MaLR        974   1028  (461) 1416  
  563    0.9  2.0  0.0  Sniffles2.INS.5F3S0       2   538    (0) + (AT)n          Simple_repeat          1    548    (0) 1417  
  656   25.9  0.6  1.2  Sniffles2.INS.5F3S17     41   212    (0) C MLT1C          LTR/ERVL-MaLR        (2)    465    295 1418  
   45   26.6  0.0  0.0  Sniffles2.INS.5F5S0       1   107    (3) + (AT)n          Simple_repeat          1    107    (0) 1419  
 1182   10.1  2.1  1.6  Sniffles2.INS.5FS25       1   192   (80) + L1MC           LINE/L1             3508   3700 (2446) 1420  
  280   17.2  5.2  0.0  Sniffles2.INS.5FS2B       1    58    (4) + FRAM           SINE/Alu              94    154   (22) 1421  
  543   14.3  0.5  0.5  Sniffles2.INS.5S14       10   231   (33) + CER            Satellite              1    222    (0) 1422  
  593   17.5  5.7  2.8  Sniffles2.INS.5S1C        7   147    (2) + HSATII         Satellite              3    147   (23) 1423  
   19   21.1  2.0  0.0  Sniffles2.INS.5S26        1    49    (2) + (ATATA)n       Simple_repeat          1     50    (0) 1424  
  339   17.9  0.0  3.6  Sniffles2.INS.5S2B        7    64  (102) + Alu            SINE/Alu              85    140   (26) 1425  
  302   19.6  0.0  0.0  Sniffles2.INS.5S2B       83   133   (33) + Alu            SINE/Alu              90    140   (26) 1426  
  922   14.9  2.5  0.0  Sniffles2.INS.5S2F        1   161    (6) + ALR/Alpha      Satellite/centr        7    171    (0) 1427  
  824   12.7  0.0  0.8  Sniffles2.INS.5S30        1   169    (2) + ALR/Alpha      Satellite/centr        1    167    (0) 1428  
   22   28.3  2.6  6.2  Sniffles2.INS.5S33       32   147   (25) + (AC)n          Simple_repeat          1    112    (0) 1429  
 1271   11.2  0.1  0.0  Sniffles2.INS.5S36        1   338    (0) C ALR/Alpha      Satellite/centr     (71)    338      1 1430  
   33    0.0  0.0  0.0  Sniffles2.INS.5SBD        7    37   (48) + (CCATT)n       Simple_repeat          1     31    (0) 1431  
   16   23.0  0.0  0.0  Sniffles2.INS.5SBD       44    84    (1) + (ATTCC)n       Simple_repeat          1     41    (0) 1432  
  499    0.5  0.5  0.0  Sniffles2.INS.600S33      3   440    (0) + (TA)n          Simple_repeat          1    440    (0) 1433  
  326   27.1  3.3  1.6  Sniffles2.INS.604S33      7   126    (1) + L2a            LINE/L2             3234   3355   (71) 1434  
   45   25.9  2.0  2.8  Sniffles2.INS.604S3A     22   167    (0) + (TCCA)n        Simple_repeat          1    145    (0) 1435  
   68    0.0  1.6  0.0  Sniffles2.INS.60DS22      1    64    (0) + (TTTTC)n       Simple_repeat          1     65    (0) 1436  
   42   31.5  1.4  0.0  Sniffles2.INS.60FS4       3   144   (22) + (CAACAC)n      Simple_repeat          1    144    (0) 1437  
  523    6.1  0.0  0.0  Sniffles2.INS.60S25       1    66    (0) C MER9a1         LTR/ERVK           (214)    299    234 1438  
   16   26.6  0.0  0.0  Sniffles2.INS.60S2B      10    55    (1) + (AATGG)n       Simple_repeat          1     46    (0) 1439  
   43    7.6  2.7  2.7  Sniffles2.INS.60S6        1    75    (0) + (AAGA)n        Simple_repeat          1     75    (0) 1440  
   49    0.0  2.1  0.0  Sniffles2.INS.611S3A      2    49    (0) + (TCTT)n        Simple_repeat          1     49    (0) 1441  
  243   20.0  0.0  0.0  Sniffles2.INS.612S31     32    71 (2553) + L1MC1          LINE/L1             6034   6073  (260) 1442  
  240   17.9  0.0  0.0  Sniffles2.INS.612S31     71   109 (2515) + L1MC1          LINE/L1             6035   6073  (260) 1442 *
  243   20.0  0.0  0.0  Sniffles2.INS.612S31    637   676 (1948) + L1MC1          LINE/L1             6034   6073  (260) 1443  
  239   20.0  0.0  0.0  Sniffles2.INS.612S31   1254  1293 (1331) + L1MC1          LINE/L1             6034   6073  (260) 1444  
  230   20.0  0.0  0.0  Sniffles2.INS.612S31   1414  1453 (1171) + L1MC1          LINE/L1             6034   6073  (260) 1445  
  240   17.9  0.0  0.0  Sniffles2.INS.612S31   1846  1884  (740) + L1MC1          LINE/L1             6035   6073  (260) 1446  
  239   20.0  0.0  0.0  Sniffles2.INS.612S31   1921  1960  (664) + L1MC1          LINE/L1             6034   6073  (260) 1447  
  239   20.0  0.0  0.0  Sniffles2.INS.612S31   2206  2245  (379) + L1MC1          LINE/L1             6034   6073  (260) 1448  
  232   20.5  0.0  0.0  Sniffles2.INS.612S31   2387  2425  (199) + L1MC1          LINE/L1             6035   6073  (260) 1449 *
  239   20.0  0.0  0.0  Sniffles2.INS.612S31   2424  2463  (161) + L1MC1          LINE/L1             6034   6073  (260) 1449  
   60    0.0  0.0  0.0  Sniffles2.INS.614S22      1    53    (0) + (TTC)n         Simple_repeat          1     53    (0) 1450  
   20    9.4  2.9  0.0  Sniffles2.INS.615S0      35    69   (40) + (AGAA)n        Simple_repeat          1     36    (0) 1451  
  128    4.8  6.7  0.0  Sniffles2.INS.616S22      1   195    (0) + (AT)n          Simple_repeat          1    208    (0) 1452  
   48    0.0  1.9  1.9  Sniffles2.INS.616S3A      5    56    (0) + (TCTT)n        Simple_repeat          1     52    (0) 1453  
   97    0.0  0.0  0.0  Sniffles2.INS.617S33      1    85    (0) + (C)n           Simple_repeat          1     85    (0) 1454  
   48    0.0  2.1  0.0  Sniffles2.INS.61AS22      3    49    (1) + (GAATA)n       Simple_repeat          1     48    (0) 1455  
   19   11.4  8.0  1.9  Sniffles2.INS.61DS17      1    50    (0) + (TCTT)n        Simple_repeat          1     53    (0) 1456  
  576   14.4  1.0  0.0  Sniffles2.INS.61ES33      2   105    (0) C HERVH-int      LTR/ERV1          (6967)    746    642 1457  
   41    2.4  0.0  0.0  Sniffles2.INS.620S33      1    42   (12) + (TTCC)n        Simple_repeat          1     42    (0) 1458  
   36    4.2  4.0  0.0  Sniffles2.INS.621S1     153   202   (54) + (CTCCGTGTCC)n  Simple_repeat          1     52    (0) 1459  
   41    0.0  4.4  0.0  Sniffles2.INS.622S17      1    45    (5) + (ATATATATAA)n  Simple_repeat          1     47    (0) 1460  
  968   12.3  5.4  0.7  Sniffles2.INS.622S33      1   147    (0) + AluSx          SINE/Alu             108    261   (41) 1461  
  576    1.3  0.0  0.0  Sniffles2.INS.624S0       2    77    (0) + SVA_F          Retroposon/SVA       752    827  (548) 1462  
   20   12.4  6.5  2.1  Sniffles2.INS.625S17     12    57    (0) + (TA)n          Simple_repeat          1     48    (0) 1463  
   16   13.1  0.0  0.0  Sniffles2.INS.62CS33      1    25   (28) + (T)n           Simple_repeat          1     25    (0) 1464  
   15    7.9  3.7  0.0  Sniffles2.INS.62DS33    161   187   (32) + (TTCA)n        Simple_repeat          1     28    (0) 1465  
  306    0.0  0.0  1.9  Sniffles2.INS.62DS3A      1    53    (0) + SVA_F          Retroposon/SVA       687    738  (637) 1466  
 1088   14.5  0.0  0.6  Sniffles2.INS.62FS3A      1   167    (1) C AluY           SINE/Alu            (53)    248     83 1467  
 1563    1.2  0.0  0.0  Sniffles2.INS.62S2B      18   183    (0) + AluYk11        SINE/Alu               2    167  (144) 1468  
   34    7.4  0.0  0.0  Sniffles2.INS.631S17      1    43    (3) + (TA)n          Simple_repeat          1     43    (0) 1469  
   16   10.0  0.0  0.0  Sniffles2.INS.634S3A     11    32  (162) + (A)n           Simple_repeat          1     22    (0) 1470  
   18   20.7  1.9  1.9  Sniffles2.INS.634S3A     33    55  (139) + GA-rich        Low_complexity        12     52    (0) 1471  
   17   17.5  4.4  0.0  Sniffles2.INS.635S3A      9    53    (0) + (CATGTA)n      Simple_repeat          1     47    (0) 1472  
   63   29.8  2.0  0.5  Sniffles2.INS.636S38      1   200    (0) + (ATC)n         Simple_repeat          1    203    (0) 1473  
   63   23.5  2.6  0.0  Sniffles2.INS.639S33      3   153    (2) + (TA)n          Simple_repeat          1    155    (0) 1474  
   51    0.0  0.0  0.0  Sniffles2.INS.63S23       1    46    (6) + (AAGAG)n       Simple_repeat          1     46    (0) 1475  
 1852    5.0  0.0  0.0  Sniffles2.INS.63S25       1   222    (0) + L1PA3          LINE/L1             5862   6083   (72) 1476  
  625    2.9  0.0  0.0  Sniffles2.INS.63S2B       1    69   (24) + AluYa5         SINE/Alu             229    297   (14) 1477  
   54    9.6  9.8  0.0  Sniffles2.INS.642S17      6   117    (0) + (TA)n          Simple_repeat          1    123    (0) 1478  
  257   13.3  1.1  3.0  Sniffles2.INS.647S39      1   476    (0) + G-rich         Low_complexity         1    467    (0) 1479  
   54    4.6  4.1  4.1  Sniffles2.INS.64FS17      1    97    (0) + (ATTATAT)n     Simple_repeat          1     97    (0) 1480  
   16    0.0  0.0  0.0  Sniffles2.INS.64FS3A     28    45   (40) + (A)n           Simple_repeat          1     18    (0) 1481  
 3092    3.8  0.0  0.3  Sniffles2.INS.64S25      35   401    (2) + L1PA3          LINE/L1             5785   6150    (5) 1482  
   43    5.6  2.2  9.5  Sniffles2.INS.653S17      7    96    (6) + (AT)n          Simple_repeat          1     84    (0) 1483  
 1163   17.1  4.0  1.1  Sniffles2.INS.657S0       1   281  (158) C L1MD2          LINE/L1            (381)   5978   5734 1484  
 1276    5.7  0.0  0.0  Sniffles2.INS.657S0     282   439    (0) C L1M1           LINE/L1           (2215)   3931   3774 1485  
  193    0.0  0.0  0.0  Sniffles2.INS.659S0       1   166    (0) + (T)n           Simple_repeat          1    166    (0) 1486  
   12   28.9  0.0  4.3  Sniffles2.INS.65AS33      3    51    (6) + (ACAT)n        Simple_repeat          1     47    (0) 1487  
   25    8.5 10.0  0.0  Sniffles2.INS.65BS3A      2    51    (3) + (AT)n          Simple_repeat          1     55    (0) 1488  
   83    4.3  6.6  0.0  Sniffles2.INS.65DS3A      3   123    (0) + (AT)n          Simple_repeat          1    129    (0) 1489  
   21    4.0  0.0  0.0  Sniffles2.INS.65S1       52    77    (0) + (CA)n          Simple_repeat          1     26    (0) 1490  
   53    0.0  0.0  2.0  Sniffles2.INS.65S18       1    52    (0) + (AAGA)n        Simple_repeat          1     51    (0) 1491  
  411   19.1  1.2  0.0  Sniffles2.INS.65S25      16    99    (0) C ALR/Alpha      Satellite/centr     (40)    131     47 1492  
   91   24.4  0.0  0.0  Sniffles2.INS.65S2B       2   214    (0) + (TGGAG)n       Simple_repeat          1    213    (0) 1493  
 1299   10.5  0.3  0.0  Sniffles2.INS.65S58       1  1875    (0) + ALR/Alpha      Satellite/centr        1   1881    (0) 1494  
   43    0.0  6.0  0.0  Sniffles2.INS.65S6        3    52    (0) + (GCGTGCG)n     Simple_repeat          1     53    (0) 1495  
   73    5.7  7.8  0.0  Sniffles2.INS.660S17      2   130    (0) + (AT)n          Simple_repeat          1    139    (0) 1496  
   31   15.7  6.0  3.9  Sniffles2.INS.662S0       7   106   (38) + (ATATTTC)n     Simple_repeat          1    102    (0) 1497  
   93   19.4  0.0  0.6  Sniffles2.INS.662S33      4   178    (3) + (TA)n          Simple_repeat          1    174    (0) 1498  
   44    8.0  3.5  3.5  Sniffles2.INS.664S22      1    85    (1) + (TATATAT)n     Simple_repeat          1     85    (0) 1499  
  538   16.9  0.0  0.0  Sniffles2.INS.666S33      1    77    (0) + AluSg4         SINE/Alu             147    223   (87) 1500  
   38    1.6 11.3  0.0  Sniffles2.INS.667S0       1    62    (0) + (TA)n          Simple_repeat          1     69    (0) 1501  
   86   22.4  1.5  1.5  Sniffles2.INS.66DS22      3   207    (0) + GA-rich        Low_complexity         1    205    (0) 1502  
  212   30.7  7.8  0.9  Sniffles2.INS.66FS22     54   155 (5405) C L2c            LINE/L2              (4)   3383   3275 1503  
 1671   19.1  9.6  0.5  Sniffles2.INS.66FS22    375   717 (4843) + MLT1A          LTR/ERVL-MaLR          1    374    (0) 1504  
 1336   23.8  3.0  0.6  Sniffles2.INS.66FS22   2725  3054 (2506) + MER58B         DNA/hAT-Charlie        2    339    (2) 1505  
 7415    3.4  0.3  0.6  Sniffles2.INS.66FS22   3291  4377 (1183) + L1PA4          LINE/L1             5070   6155    (0) 1506  
  839   21.6  0.0  0.0  Sniffles2.INS.66S25       1   170    (1) C ALR/Alpha      Satellite/centr     (76)    170      1 1507  
 1316   10.5  0.3  0.1  Sniffles2.INS.66S58       7  3922    (2) + ALR/Alpha      Satellite/centr        1   3924    (1) 1508  
  738   14.6  1.6  1.6  Sniffles2.INS.66S6       20   144  (109) C FLAM_C         SINE/Alu             (0)    133      9 1509  
  434   15.6  1.9  1.0  Sniffles2.INS.66S6      145   253    (0) C L1P4           LINE/L1            (793)   5390   5282 1510  
   16   23.8  0.0  8.7  Sniffles2.INS.675S31     10    84    (4) + (ACTCA)n       Simple_repeat          1     69    (0) 1511  
  227   19.3  5.3  0.0  Sniffles2.INS.678S22     43    99   (18) + SVA_E          Retroposon/SVA       187    246 (1136) 1512 *
  577    7.2  0.0  0.0  Sniffles2.INS.678S22     49   117    (0) C AluYa5         SINE/Alu            (11)    300    232 1513  
   73   18.5  1.9  1.3  Sniffles2.INS.67DS0       1   154    (0) + (TA)n          Simple_repeat          1    155    (0) 1514  
  406    7.8  0.0  0.0  Sniffles2.INS.67S13      25    75   (24) C AluJb          SINE/Alu           (133)    179    129 1515  
  411   19.1  1.2  0.0  Sniffles2.INS.67S25      10    93    (7) C ALR/Alpha      Satellite/centr     (40)    131     47 1516  
  518    2.7  1.3  1.3  Sniffles2.INS.681S0       1    76    (0) + SVA_F          Retroposon/SVA       778    853  (522) 1517  
   24   13.4  8.7  2.7  Sniffles2.INS.681S33      1    69    (2) + (TA)n          Simple_repeat          1     73    (0) 1518  
   55   11.0  1.1  0.0  Sniffles2.INS.684S0       2    90    (0) + (TATATTA)n     Simple_repeat          1     90    (0) 1519  
   23   13.1  8.1  3.1  Sniffles2.INS.684S33      8    69    (0) + (TA)n          Simple_repeat          1     65    (0) 1520  
  320    7.3  2.4  0.0  Sniffles2.INS.687S17     17    57    (0) C AluYh7         SINE/Alu           (243)     68     27 1521  
  422   14.3  0.0  0.0  Sniffles2.INS.68S25       1    70    (0) C ALR/Alpha      Satellite/centr     (56)    115     46 1522  
  249   18.4  2.0  0.0  Sniffles2.INS.68S2B       1    49    (2) + FRAM           SINE/Alu             104    153   (23) 1523  
   41    5.7  0.0  0.0  Sniffles2.INS.697S22      6    60    (0) + (AAGG)n        Simple_repeat          1     55    (0) 1524  
   91    8.3  0.0  0.0  Sniffles2.INS.698S22      1   127    (0) + (AGGA)n        Simple_repeat          1    127    (0) 1525  
   28   12.8  1.9  1.9  Sniffles2.INS.699S33      1    54    (3) + (TGG)n         Simple_repeat          1     54    (0) 1526  
  125    8.8  2.5  1.0  Sniffles2.INS.69AS22     17   214    (2) + (AGGA)n        Simple_repeat          1    201    (0) 1527  
   17   26.6  3.7  0.0  Sniffles2.INS.69BS4       1    54    (6) + (CA)n          Simple_repeat          1     56    (0) 1528  
 6203    5.4  0.1  0.4  Sniffles2.INS.69FS22      2   783    (0) C L1P3           LINE/L1           (1584)   4562   3783 1529  
 1109   14.5  0.9  0.4  Sniffles2.INS.69S25       1  1015    (2) C ALR/Alpha      Satellite/centr     (52)   1020      1 1530  
   37    0.0  0.0  0.0  Sniffles2.INS.69S31       1    34   (24) + (G)n           Simple_repeat          1     34    (0) 1531  
   70    1.7 11.9  0.0  Sniffles2.INS.69S4        6   123    (0) + (TA)n          Simple_repeat          1    132    (0) 1532  
 1616   14.9  0.8  0.0  Sniffles2.INS.6A0S33      2   243    (0) + Ricksha_0      DNA/MULE-MuDR       1134   1377  (356) 1533  
  826   13.8  0.8  0.0  Sniffles2.INS.6A3S33    226   348    (1) + L1M2           LINE/L1             5521   5644  (668) 1534  
   40    6.3  1.4  5.6  Sniffles2.INS.6A4S33      4    77    (0) + (AT)n          Simple_repeat          1     71    (0) 1535  
  242    0.0  2.2  0.4  Sniffles2.INS.6A8S17      1   230    (0) + (TTCCT)n       Simple_repeat          1    234    (0) 1536  
   47   20.1  0.0  4.4  Sniffles2.INS.6ABS22      8   125    (1) + (GTATAT)n      Simple_repeat          1    113    (0) 1537  
 1123   14.2  2.5  0.3  Sniffles2.INS.6AS25       8  1349   (11) C ALR/Alpha      Satellite/centr      (0)   1372      1 1538  
   61    1.6  0.0  1.6  Sniffles2.INS.6AS6        4    67    (0) + (AGGG)n        Simple_repeat          1     63    (0) 1539  
   27    0.0  0.0  3.5  Sniffles2.INS.6B3S17      1    30   (22) + (AAGA)n        Simple_repeat          1     29    (0) 1540  
   14    0.0  0.0  4.8  Sniffles2.INS.6B3S17     31    52    (0) + (GAAG)n        Simple_repeat          1     21    (0) 1541  
  764    1.7  0.0  1.7  Sniffles2.INS.6B3S33      1   122    (2) C SVA_F          Retroposon/SVA     (527)    848    729 1542  
   19   21.5  0.0  2.3  Sniffles2.INS.6B4S38      1    45    (7) + (TA)n          Simple_repeat          1     44    (0) 1543  
   52   26.3  4.9  0.0  Sniffles2.INS.6B8S33      2   186    (1) + (ATAT)n        Simple_repeat          1    194    (0) 1544  
   21   15.5  3.9  1.9  Sniffles2.INS.6B9S33      1    52    (4) + (TATA)n        Simple_repeat          1     53    (0) 1545  
   18   14.7  0.0  0.0  Sniffles2.INS.6BDS3A      1    30   (28) + (TG)n          Simple_repeat          1     30    (0) 1546  
 1071   14.2  0.0  0.4  Sniffles2.INS.6BS25       4   342    (1) C ALR/Alpha      Satellite/centr      (0)    337      1 1547  
  364   18.2  0.0  0.0  Sniffles2.INS.6BS2B      33    87  (111) + Alu            SINE/Alu              90    144   (22) 1548  
  269   20.4  0.0  0.0  Sniffles2.INS.6BS2B     101   144   (54) + AluYi6         SINE/Alu             224    267   (44) 1549 *
  301   16.3  0.0  0.0  Sniffles2.INS.6BS2B     144   186   (12) + AluJb          SINE/Alu             234    276   (36) 1550  
 1327    7.7  0.6  0.3  Sniffles2.INS.6BS58       1   510    (1) C ALR/Alpha      Satellite/centr     (14)    511      1 1551  
 2954   13.1  1.9  5.2  Sniffles2.INS.6C4S17      2   580    (0) + L1M1           LINE/L1             2724   3284 (4281) 1552  
   76    6.4  3.5  4.2  Sniffles2.INS.6CFS33      1   145    (0) + (TA)n          Simple_repeat          1    144    (0) 1553  
 1065   13.5  1.1  0.4  Sniffles2.INS.6CS25       1   501    (9) C ALR/Alpha      Satellite/centr     (50)    504      1 1554  
 1026   11.5  0.0  0.8  Sniffles2.INS.6CS58       1   170    (2) C ALR/Alpha      Satellite/centr     (65)    168      1 1555  
   51    0.0  2.0  0.0  Sniffles2.INS.6D8S0       1    49    (1) + (CAG)n         Simple_repeat          1     50    (0) 1556  
   36    0.0  6.5  4.8  Sniffles2.INS.6D9S33      1    62   (72) + (AGA)n         Simple_repeat          1     63    (0) 1557  
   31    0.0  0.0  9.1  Sniffles2.INS.6DES0      15    62    (0) + (GAATTGCAAG)n  Simple_repeat          1     44    (0) 1558  
  235   20.4  2.3  0.0  Sniffles2.INS.6DS2B      18    61    (0) + AluYe5         SINE/Alu             234    278   (32) 1559  
  370    8.0  0.0  6.3  Sniffles2.INS.6E8S0      13    79    (0) C L1PA7          LINE/L1              (1)   6153   6091 1560  
   62   17.0  0.0  0.9  Sniffles2.INS.6E9S33      2   115    (0) + (AT)n          Simple_repeat          1    113    (0) 1561  
   46    0.0  7.5  0.0  Sniffles2.INS.6EBS17      1    53    (0) + (TA)n          Simple_repeat          1     57    (0) 1562  
   21   12.6  0.0  4.4  Sniffles2.INS.6EDS33      6    52    (0) + A-rich         Low_complexity         1     45    (0) 1563  
 1539    5.4 32.7  0.0  Sniffles2.INS.6ES2B       9   234   (24) + AluY           SINE/Alu               2    301    (0) 1564  
   17   23.7  0.0  4.3  Sniffles2.INS.6F0S0       6    53    (1) + (AT)n          Simple_repeat          1     46    (0) 1565  
   40   15.1  1.4  0.0  Sniffles2.INS.6F2S33      1    74    (0) + (TAAT)n        Simple_repeat          1     75    (0) 1566  
   38    0.0  0.0  0.0  Sniffles2.INS.6F8S33      1    35   (16) + (GGGA)n        Simple_repeat          1     35    (0) 1567  
   30    4.4  6.1  2.0  Sniffles2.INS.6F9S0       1    49    (2) + (AT)n          Simple_repeat          1     51    (0) 1568  
  701    9.6  5.9  2.3  Sniffles2.INS.6F9S22      1   170    (4) C SVA_E          Retroposon/SVA     (580)    802    627 1569  
   16    5.2  0.0  0.0  Sniffles2.INS.6FBS22     19    38  (111) + (T)n           Simple_repeat          1     20    (0) 1570  
   41   13.8  0.0  7.1  Sniffles2.INS.6FDS0       4    94    (1) + (AT)n          Simple_repeat          1     85    (0) 1571  
   92    0.0  0.0  0.0  Sniffles2.INS.6FES33      8    88    (0) + (C)n           Simple_repeat          1     81    (0) 1572  
   40   25.6  0.0  0.0  Sniffles2.INS.6FS2B      10   111    (4) + (GAGTG)n       Simple_repeat          1    102    (0) 1573  
  256   19.3  0.0  0.0  Sniffles2.INS.6S17        2    58    (1) C TAR1           Satellite/subtelo (1374)    736    680 1574  
   76    3.6 11.4  1.6  Sniffles2.INS.6S26        6   180    (1) + (TA)n          Simple_repeat          1    192    (0) 1575  
 2930    1.3  0.0  0.0  Sniffles2.INS.6S2A       10   323  (328) C AluYb8         SINE/Alu             (3)    315      2 1576  
  623   13.3  7.5  7.2  Sniffles2.INS.6S2A      324   651    (0) + HSATII         Satellite              1    328    (4) 1577  
 1337    5.3 37.6  0.0  Sniffles2.INS.6S2B       20   237    (2) + AluY           SINE/Alu               2    301    (0) 1578  
 1265   10.8  0.7  0.7  Sniffles2.INS.6S36        3  1363    (1) C ALR/Alpha      Satellite/centr      (0)   1361      1 1579  
  466    6.5  0.0  1.6  Sniffles2.INS.6S8         6    68    (1) + BSR/Beta       Satellite             10     71   (65) 1580  
 1006    9.4  0.4  1.0  Sniffles2.INS.6SA8        1   444    (0) C ACRO1          Satellite/acro      (12)    441      1 1581  
   16   18.0  0.0  2.6  Sniffles2.INS.6SB3        1    40   (10) + G-rich         Low_complexity         1     39    (0) 1582  
  417   13.6  0.0  0.0  Sniffles2.INS.70S25       1    66    (0) C ALR/Alpha      Satellite/centr      (3)    168    103 1583  
  359   14.6  3.6  0.0  Sniffles2.INS.70S2B       2    56    (1) + FRAM           SINE/Alu              98    154   (22) 1584  
   33    1.9  6.8  3.3  Sniffles2.INS.710S17      7    65    (0) + (ATATATAC)n    Simple_repeat          1     61    (0) 1585  
   59    0.0  6.2  0.0  Sniffles2.INS.71CS33      1    80    (0) + (AAAG)n        Simple_repeat          1     85    (0) 1586  
  904    6.5 21.1  2.9  Sniffles2.INS.71DS33     27   201   (49) + L1PA6          LINE/L1             5949   6154    (0) 1587  
   19    8.1  7.1  2.3  Sniffles2.INS.71DS33    209   250    (0) + GA-rich        Low_complexity         1     44    (0) 1588  
  610   14.6  2.0  2.0  Sniffles2.INS.71S25       1   166    (5) C ALR/Alpha      Satellite/centr     (27)    165      1 1589  
  227   25.5  0.0  0.0  Sniffles2.INS.71S2B       3    49    (0) + FRAM           SINE/Alu             106    152   (24) 1590  
 2681   16.5  1.4  1.2  Sniffles2.INS.722S33      2   517    (0) + L1P4           LINE/L1             3065   3581 (2565) 1591  
   19   11.7  0.0  0.0  Sniffles2.INS.723S0       1    28   (51) + (A)n           Simple_repeat          1     28    (0) 1592  
 2584   16.1  1.4  1.4  Sniffles2.INS.724S33     20   518    (0) + L1P4           LINE/L1             3067   3565 (2581) 1593  
  929   14.2  5.8  0.0  Sniffles2.INS.72S25       1   341    (0) C ALR/Alpha      Satellite/centr     (17)    360      1 1594  
   29   21.9  2.9  0.0  Sniffles2.INS.72S4        1    69    (3) + (TA)n          Simple_repeat          1     71    (0) 1595  
  135    8.7  0.6 10.5  Sniffles2.INS.730S17      1   313    (0) + (CCCACAC)n     Simple_repeat          1    285    (0) 1596  
   43    0.0  6.9  1.6  Sniffles2.INS.732S33      1    58    (0) + (TTTC)n        Simple_repeat          1     61    (0) 1597  
  251    2.6  0.0  0.0  Sniffles2.INS.736S0       1    39  (229) + Alu            SINE/Alu             262    300    (1) 1598  
  344   25.0  2.9  3.9  Sniffles2.INS.736S0      53   156  (112) + L1ME1          LINE/L1             6024   6126   (53) 1599  
   53    1.1 10.8  2.7  Sniffles2.INS.739S22      5   106    (3) + (AT)n          Simple_repeat          1    110    (0) 1600  
   48   19.1  4.4  2.9  Sniffles2.INS.73AS0       2   138    (0) + GA-rich        Low_complexity         1    139    (0) 1601  
 3717    8.5  1.4  0.2  Sniffles2.INS.73BS22      1   744  (424) + L1PB           LINE/L1             5029   5780  (371) 1602  
   15    0.0  0.0  0.0  Sniffles2.INS.73BS22    745   761  (407) + (TG)n          Simple_repeat          1     17    (0) 1603  
 2550    7.9  0.3  0.6  Sniffles2.INS.73BS22    774  1130   (38) + L1PB           LINE/L1             4673   5028 (1118) 1604  
   44    0.0  0.0  0.0  Sniffles2.INS.73BS22   1131  1168    (0) + (AT)n          Simple_repeat          1     38    (0) 1605  
   61    0.0  0.0  0.0  Sniffles2.INS.73DS22      1    55    (0) + (AAAG)n        Simple_repeat          1     55    (0) 1606  
 1405    2.5  0.0  0.0  Sniffles2.INS.73FS22      2   162    (0) + L1PA3          LINE/L1             5787   5947  (208) 1607  
  826    4.0  0.0  0.0  Sniffles2.INS.73S25       3   101    (2) + L1PA2          LINE/L1             6056   6154    (1) 1608  
   31   16.3  5.8  0.0  Sniffles2.INS.747S22      6    74    (0) + (TA)n          Simple_repeat          1     73    (0) 1609  
   53   33.7  2.1  5.8  Sniffles2.INS.748S0      11   348    (2) + (CCCT)n        Simple_repeat          1    326    (0) 1610  
  263   13.0  1.5  5.8  Sniffles2.INS.749S22      1    83    (3) + L1M2           LINE/L1             5582   5659  (638) 1611  
   47   11.5  2.1  3.3  Sniffles2.INS.74DS33      1    93    (0) + (CTCTC)n       Simple_repeat          1     92    (0) 1612  
   26   20.4  0.0  0.0  Sniffles2.INS.74ES0       1    56    (1) + GA-rich        Low_complexity         1     56    (0) 1613  
   36   21.7  4.0  0.0  Sniffles2.INS.74FS33      1   101    (5) + (GTGTGG)n      Simple_repeat          1    105    (0) 1614  
  451   11.7  0.0  0.0  Sniffles2.INS.74S13       1    60   (72) C AluJo          SINE/Alu           (240)     72     13 1615 *
  472   13.8  1.8  0.0  Sniffles2.INS.74S13      35   126    (6) C AluJb          SINE/Alu            (57)    109     12 1616  
 1216   13.1  0.9  0.0  Sniffles2.INS.74S25       1   337    (1) C ALR/Alpha      Satellite/centr     (25)    340      1 1617  
   85    2.1  4.1  0.0  Sniffles2.INS.75DS22      1    98   (18) + (ATGG)n        Simple_repeat          1    102    (0) 1618  
  292    2.0  0.0  6.1  Sniffles2.INS.75S25     114   165    (0) C L1PA2          LINE/L1              (0)   6155   6107 1619  
   36    0.0  0.0  2.7  Sniffles2.INS.761S22      2    39   (21) + (TTCT)n        Simple_repeat          1     37    (0) 1620  
   16    0.0  0.0  0.0  Sniffles2.INS.761S22     40    60    (0) + (CCTT)n        Simple_repeat          1     21    (0) 1621  
   31    7.0  0.0  2.1  Sniffles2.INS.764S0       1    48    (1) + (GAA)n         Simple_repeat          1     47    (0) 1622  
  338   15.7  0.0  0.0  Sniffles2.INS.767S22      1    51  (101) + AluSq2         SINE/Alu             243    293   (20) 1623  
   21   20.1  6.3  2.4  Sniffles2.INS.768S0       1    15   (73) + (TATGTGT)n     Simple_repeat          1     48   (40) 1624  
   19   22.5  5.0  1.6  Sniffles2.INS.768S0      16    75   (13) + (TG)n          Simple_repeat          1     62    (0) 1625  
   21   20.1  6.3  2.4  Sniffles2.INS.768S0      76    85    (3) + (TATGTGT)n     Simple_repeat         49     88    (0) 1624  
  304   25.0  0.0  0.0  Sniffles2.INS.76S2B      11    74    (0) + AluYj4         SINE/Alu             224    287   (24) 1626  
   13   13.9  2.1  9.1  Sniffles2.INS.775S33      3    49   (24) + (AGTTAT)n      Simple_repeat          1     44    (0) 1627  
   21    3.3  6.5  0.0  Sniffles2.INS.77AS22     21    51    (1) + (TG)n          Simple_repeat          1     33    (0) 1628  
   18    9.4  3.8  7.8  Sniffles2.INS.77S11       1    53   (12) + (CCCAGC)n      Simple_repeat          1     51    (0) 1629  
  299   19.1  0.0  0.0  Sniffles2.INS.77S2B       2    48    (4) + FRAM           SINE/Alu              98    144   (32) 1630  
 1257    9.8  0.2  0.2  Sniffles2.INS.77S58       1   997 (2873) + ALR/Alpha      Satellite/centr        1    997    (1) 1631  
 7277    5.6  0.2  0.1  Sniffles2.INS.77S58     998  2363 (1507) + L1PA3          LINE/L1             4769   6137   (18) 1632  
   30    0.0  0.0  0.0  Sniffles2.INS.77S58    2364  2391 (1479) + (ATA)n         Simple_repeat          1     28    (0) 1633  
 1352   12.2  0.2  0.2  Sniffles2.INS.77S58    2404  3865    (5) + ALR/Alpha      Satellite/centr        1   1461    (0) 1634  
  433   22.5  2.4  7.6  Sniffles2.INS.782S22      1   125   (59) + MLT1G1         LTR/ERVL-MaLR        456    574    (5) 1635  
  284   14.4  8.4  0.4  Sniffles2.INS.78ES22      3   688    (5) + (GT)n          Simple_repeat          1    741    (0) 1636  
  313   20.4  0.0  0.0  Sniffles2.INS.78S2B       5    53    (2) + AluYa5         SINE/Alu             224    272   (39) 1637  
  472   19.2  4.8  0.0  Sniffles2.INS.790S0      14   117   (62) C LTR33B         LTR/ERVL           (386)    117      9 1638  
   66    0.0  1.7  0.0  Sniffles2.INS.792S22      1    60    (0) + (CT)n          Simple_repeat          1     61    (0) 1639  
   51    5.3  0.0  0.0  Sniffles2.INS.79S24       1    60    (0) + (CATTC)n       Simple_repeat          1     60    (0) 1640  
  327   21.4  0.0  0.0  Sniffles2.INS.79S2B       1    56    (8) + AluYi6         SINE/Alu             224    279   (32) 1641  
 1346   12.4  0.2  0.3  Sniffles2.INS.79S58       5  3869    (0) C ALR/Alpha      Satellite/centr      (2)   3862      1 1642  
   39    0.0  7.3  1.7  Sniffles2.INS.7A4S0       1    55    (0) + (TATATATGAA)n  Simple_repeat          1     58    (0) 1643  
   13   19.6  2.9  0.0  Sniffles2.INS.7A4S33      3    37   (24) + (CCCAC)n       Simple_repeat          1     36    (0) 1644  
   30    4.1 10.0  0.0  Sniffles2.INS.7A8S0       1    50    (2) + (TA)n          Simple_repeat          1     55    (0) 1645  
   36    5.2  4.8  1.6  Sniffles2.INS.7ADS0       9    70    (0) + (GGAT)n        Simple_repeat          1     64    (0) 1646  
  382   14.6  0.0  0.0  Sniffles2.INS.7AS2B      17    71   (14) + Alu            SINE/Alu             225    279   (23) 1647  
  237   28.4  0.0  3.0  Sniffles2.INS.7AS2B      72    85    (0) C SVA_A          Retroposon/SVA    (1277)    110     44 1648  
 2111   13.2  0.8  1.1  Sniffles2.INS.7AS31       1   352 (4404) + L1MA3          LINE/L1             5946   6296    (9) 1649  
   13   36.4  0.0  0.0  Sniffles2.INS.7AS31     396   452 (4304) + (AAT)n         Simple_repeat          1     57    (0) 1650  
  236   29.3  4.7  3.1  Sniffles2.INS.7AS31    1830  1956 (2800) + L3b            LINE/CR1            4749   4877  (355) 1651  
   77    4.8  9.7  0.6  Sniffles2.INS.7AS5        1   154    (2) + (TA)n          Simple_repeat          1    168    (0) 1652  
 1245   13.1  0.2  0.3  Sniffles2.INS.7AS58       2  3866    (5) C ALR/Alpha      Satellite/centr     (16)   3860      1 1653  
   30    0.0  0.0  5.6  Sniffles2.INS.7B8S0      14    51    (0) + (GGGATGGA)n    Simple_repeat          1     36    (0) 1654  
   21   23.5  2.1  0.0  Sniffles2.INS.7BS23      10    57    (0) + (TA)n          Simple_repeat          1     49    (0) 1655  
  382   17.2  3.1  0.0  Sniffles2.INS.7BS2B       8    71    (3) + Alu            SINE/Alu              89    154   (12) 1656  
 1102   15.8  0.0  0.0  Sniffles2.INS.7CS58       1   276    (1) + ALR/Alpha      Satellite/centr        1    276    (0) 1657  
   35   11.7  0.0  0.0  Sniffles2.INS.7DS22       1    56    (0) + (AGAG)n        Simple_repeat          1     56    (0) 1658  
  321   15.4  4.5  1.5  Sniffles2.INS.7DS2B      12    77    (0) + AluY           SINE/Alu             224    291   (10) 1659  
   67    6.1  2.3  0.0  Sniffles2.INS.7DS3A       3    89    (1) + (AT)n          Simple_repeat          1     89    (0) 1660  
 1247   12.8  0.7  0.5  Sniffles2.INS.7DS58       2  8091    (1) + ALR/Alpha      Satellite/centr        1   8105    (0) 1661  
  241    4.4  0.0  0.0  Sniffles2.INS.7E9S0       1    55    (4) C MER48          LTR/ERV1           (234)    173    132 1662  
  118   12.7  1.6  5.3  Sniffles2.INS.7EES33      5   256    (0) + GA-rich        Low_complexity         1    243    (0) 1663  
  355   20.0  0.0  0.0  Sniffles2.INS.7ES2B      12    66    (1) + AluYk3         SINE/Alu             224    278   (33) 1664  
   70    5.9  0.0  0.0  Sniffles2.INS.7ES33       2    89    (0) + (A)n           Simple_repeat          1     88    (0) 1665  
   60    0.0  5.9  0.0  Sniffles2.INS.7F2S22      9    76    (0) + (TATACGTA)n    Simple_repeat          1     72    (0) 1666  
  315   18.6  3.4  0.0  Sniffles2.INS.7FS2B       5    63    (1) + FRAM           SINE/Alu              98    158   (18) 1667  
 5307    3.5  0.2  0.0  Sniffles2.INS.7S1F        4   627  (646) C L1PA2          LINE/L1              (3)   6152   5528 1668  
 4255    3.1  0.8  0.0  Sniffles2.INS.7S1F      628  1273    (0) + L1PA2          LINE/L1             4876   5524  (631) 1668  
  259   20.8  0.0  0.0  Sniffles2.INS.7S2B        1    48    (8) + Alu            SINE/Alu             225    272   (29) 1669  
  999   10.6  0.0  0.4  Sniffles2.INS.7S8         1   203    (0) + BSR/Beta       Satellite              1    202    (0) 1670  
 1019   11.6  0.3  0.1  Sniffles2.INS.7SA8        1   683  (491) C ACRO1          Satellite/acro      (49)    684      1 1671  
  478   21.3  0.0  0.0  Sniffles2.INS.7SA8     1010  1172    (2) C ACRO1          Satellite/acro      (31)    163      1 1672  
   19   19.6  3.8  0.0  Sniffles2.INS.7SB3        1    53    (1) + G-rich         Low_complexity         1     55    (0) 1673  
   41    4.9  4.5  1.5  Sniffles2.INS.80S1        1    66    (0) + (AAGA)n        Simple_repeat          1     68    (0) 1674  
  585    3.1  0.0  0.0  Sniffles2.INS.80S2B       1    65   (17) + AluYa5         SINE/Alu             234    298   (13) 1675  
  296    2.0  0.0  6.0  Sniffles2.INS.81S25       3    55  (103) + L1PA2          LINE/L1             6106   6155    (0) 1676  
  362   16.4  0.0  0.0  Sniffles2.INS.81S2B      13    67    (0) + AluYk2         SINE/Alu             225    279   (32) 1677  
   33    0.0  0.0  0.0  Sniffles2.INS.81S35       6    33  (398) + (AC)n          Simple_repeat          1     28    (0) 1678  
 1374   23.9  3.3  2.5  Sniffles2.INS.81S35      38   431    (0) C L1ME1          LINE/L1             (99)   6080   5684 1679  
  322   22.4  3.0  0.0  Sniffles2.INS.82BS33      2    68   (26) + MLT2B5         LTR/ERVL               3     71  (646) 1680  
  259   16.4  5.3  2.6  Sniffles2.INS.82CS33      7    80  (106) + MLT2B5         LTR/ERVL              22     97  (620) 1681  
  373   17.4  4.3  2.1  Sniffles2.INS.82CS33     81   174   (12) + MLT2B5         LTR/ERVL               3     98  (619) 1682  
  331   19.6  4.2  3.1  Sniffles2.INS.82DS33     36   129   (61) + MLT2B5         LTR/ERVL               3     97  (620) 1683  
  273   21.8  3.6  0.0  Sniffles2.INS.82DS33    130   184    (6) + MLT2B5         LTR/ERVL               3     59  (658) 1684  
  454    3.5  0.0  0.0  Sniffles2.INS.83S58       1    57    (0) + ALR/Alpha      Satellite/centr       57    113   (58) 1685  
 2156   13.1  2.3  2.5  Sniffles2.INS.83S6        1   393    (0) C L1M1           LINE/L1           (3920)   3645   3254 1686  
  267   13.4 18.4  1.5  Sniffles2.INS.846S22      2   115    (0) C L1MC4a         LINE/L1            (812)   7070   6938 1687  
   34    4.1  3.7  3.7  Sniffles2.INS.849S22      7    60    (6) + (CA)n          Simple_repeat          1     54    (0) 1688  
 1216   14.0  1.2  0.0  Sniffles2.INS.84S25       1   337    (1) + ALR/Alpha      Satellite/centr        1    341    (0) 1689  
  226   21.4  0.0  0.0  Sniffles2.INS.84S2B       1    42    (9) + AluJr4         SINE/Alu             238    279   (33) 1690  
  976    3.3  3.3  0.0  Sniffles2.INS.84S37       1   122   (12) C L1PA4          LINE/L1              (2)   6153   6028 1691  
  881    8.7 11.1  0.4  Sniffles2.INS.84S58       1   185    (0) + ALR/Alpha      Satellite/centr        1    204    (2) 1692  
  306   20.4  0.0  0.0  Sniffles2.INS.85S2B       1    54   (10) + Alu            SINE/Alu              91    144   (22) 1693  
  987   15.2  0.2  0.0  Sniffles2.INS.86S25       1   337    (4) + ALR/Alpha      Satellite/centr        1    337    (6) 1694  
  931   13.7  0.0  0.0  Sniffles2.INS.87S25       1   170    (1) + ALR/Alpha      Satellite/centr        1    170    (0) 1695  
  736   14.5  0.4  0.4  Sniffles2.INS.87S58       1   164    (6) C ALR/Alpha      Satellite/centr     (44)    164      1 1696  
  973   13.8  0.8  0.8  Sniffles2.INS.88S25       1   171    (0) + ALR/Alpha      Satellite/centr        1    171    (0) 1697  
  389   19.4  0.0  0.0  Sniffles2.INS.88S2B       1    62    (1) + AluYk3         SINE/Alu             226    287   (24) 1698  
   41    0.0  0.0  7.7  Sniffles2.INS.88S31      13    68    (0) + (ATATACGT)n    Simple_repeat          1     52    (0) 1699  
 1073   15.5  0.7  0.6  Sniffles2.INS.88S58       1  1079    (6) C ALR/Alpha      Satellite/centr     (34)   1079      1 1700  
   42   12.5  5.1  0.0  Sniffles2.INS.89S1        3    81    (0) + (AT)n          Simple_repeat          1     83    (0) 1701  
  500    7.7  0.0  0.0  Sniffles2.INS.89S25       1    65    (1) + ALR/Alpha      Satellite/centr      101    165    (6) 1702  
  586    1.5  1.5  0.0  Sniffles2.INS.89S2B       1    66    (0) + AluYb8         SINE/Alu             103    169  (149) 1703  
 1292    1.4  0.0  0.0  Sniffles2.INS.8AS2B       1   138    (0) + AluYk11        SINE/Alu              30    167  (144) 1704  
 1000   16.5  0.7  0.4  Sniffles2.INS.8AS58       1   855    (1) C ALR/Alpha      Satellite/centr     (41)    857      1 1705  
   19   19.5  0.0  5.5  Sniffles2.INS.8BS1       10    67   (11) + (TATATAT)n     Simple_repeat          1     55    (0) 1706  
   29   20.2  5.4  0.0  Sniffles2.INS.8BS1       68    78    (0) + (AT)n          Simple_repeat          6     78    (0) 1707  
  296   23.2  0.0  0.0  Sniffles2.INS.8BS2B       1    56   (12) + AluSz6         SINE/Alu             225    280   (32) 1708  
   18   12.0  3.9  6.0  Sniffles2.INS.8BS6        5    55   (12) + (GTGA)n        Simple_repeat          1     50    (0) 1709  
  474   19.8  0.0  0.0  Sniffles2.INS.8CS25       1    96    (0) + ALR/Alpha      Satellite/centr       47    142   (30) 1710  
   20   21.6  0.0  0.0  Sniffles2.INS.8DS2B       2    49    (1) + (TGGAA)n       Simple_repeat          1     48    (0) 1711  
   24    9.9  4.4  2.2  Sniffles2.INS.8DS6      122   166   (27) + (TA)n          Simple_repeat          1     46    (0) 1712  
 1232   13.5  0.2  0.0  Sniffles2.INS.8ES25       1  1356    (0) + ALR/Alpha      Satellite/centr        1   1359    (0) 1713  
  350   16.1  0.0  3.6  Sniffles2.INS.8ES2B      16    73    (1) + Alu            SINE/Alu              85    140   (26) 1714  
   34    0.0  2.5  2.5  Sniffles2.INS.8ES6        1    40   (10) + (TTCT)n        Simple_repeat          1     40    (0) 1715  
   33    0.0  0.0  0.0  Sniffles2.INS.8ESC0       1    31   (43) + (AAGG)n        Simple_repeat          1     31    (0) 1716  
   24    5.4  2.4  2.4  Sniffles2.INS.8ESC0      32    72    (2) + (AAGA)n        Simple_repeat          1     41    (0) 1717  
   21   23.3  0.0  0.0  Sniffles2.INS.8FS11       1    45    (6) + (C)n           Simple_repeat          1     45    (0) 1718  
   18    6.3 15.7  0.0  Sniffles2.INS.8FS11      46    51    (0) + (CCCTA)n       Simple_repeat          1     59    (0) 1719  
  453   20.2  0.0  0.0  Sniffles2.INS.8FS25       1    94    (0) + ALR/Alpha      Satellite/centr       49    142   (30) 1720  
   17   34.7  0.0  0.0  Sniffles2.INS.8FS2B       8    79    (1) + (ATGGA)n       Simple_repeat          1     72    (0) 1721  
   34    5.5  0.0  0.0  Sniffles2.INS.8FS58       9    46    (0) + (TA)n          Simple_repeat          1     38    (0) 1722  
  286   25.0  0.0  0.0  Sniffles2.INS.8S2B       14    69    (0) + AluYa5         SINE/Alu             224    279   (32) 1723  
  931   12.6  0.4  0.9  Sniffles2.INS.8S8         2   430    (0) C BSR/Beta       Satellite            (0)    426      1 1724  
  843    5.2  1.4  0.0  Sniffles2.INS.8SA8        1   143    (0) C ACRO1          Satellite/acro      (49)    145      1 1725  
   33   16.2  0.0  0.0  Sniffles2.INS.8SBD        3    64    (1) + (ATTCC)n       Simple_repeat          1     62    (0) 1726  
 1209   15.8  0.5  0.5  Sniffles2.INS.8SF         3  3710    (0) + ALR/Alpha      Satellite/centr        1   3706    (0) 1727  
 1042   16.4  0.0  0.0  Sniffles2.INS.90S25       4   265    (1) + ALR/Alpha      Satellite/centr        1    262    (1) 1728  
   31   28.0  1.1  0.0  Sniffles2.INS.91S18       1    87    (4) + (AT)n          Simple_repeat          1     88    (0) 1729  
   59   12.6  2.5  2.5  Sniffles2.INS.91S23       1   118    (1) + (TCCT)n        Simple_repeat          1    118    (0) 1730  
 1008   15.9  0.6  0.3  Sniffles2.INS.91S25       1   683    (0) + ALR/Alpha      Satellite/centr        1    684    (0) 1731  
   30    6.3  6.0  0.0  Sniffles2.INS.91S5        1    50    (0) + (TA)n          Simple_repeat          1     53    (0) 1732  
 2063   12.7  1.0  0.6  Sniffles2.INS.91S58      14   323   (38) + AluSx          SINE/Alu               2    312    (0) 1733  
  868   16.4  0.6  0.0  Sniffles2.INS.92S25       2   166    (0) + ALR/Alpha      Satellite/centr        1    166    (5) 1734  
  253   18.6  0.0  0.0  Sniffles2.INS.92S2B       1    43   (56) + AluJb          SINE/Alu             238    280   (32) 1735  
   57    5.7  5.9  3.3  Sniffles2.INS.92S6        1   118    (0) + (TA)n          Simple_repeat          1    121    (0) 1736  
  471   18.9  1.1  0.0  Sniffles2.INS.93S25       1    95    (0) + ALR/Alpha      Satellite/centr       41    136   (36) 1737  
 1079   12.6  1.7  0.0  Sniffles2.INS.94S24       1   332    (1) C ALR/Alpha      Satellite/centr     (39)    337      1 1738  
 1149   13.8  0.5  0.9  Sniffles2.INS.94S25       1  1865    (7) + ALR/Alpha      Satellite/centr        1   1858    (0) 1739  
   12   23.2  0.0  4.8  Sniffles2.INS.96S1       17    60    (4) + (CCTCT)n       Simple_repeat          1     42    (0) 1740  
 1079   12.8  1.7  0.0  Sniffles2.INS.96S24       1   332    (1) C ALR/Alpha      Satellite/centr     (39)    337      1 1741  
   28    8.7  3.9  1.9  Sniffles2.INS.96S4        1    52    (0) + (TTCT)n        Simple_repeat          1     53    (0) 1742  
  455   20.0  1.1  0.0  Sniffles2.INS.97S25       6   100    (0) + ALR/Alpha      Satellite/centr       32    127   (44) 1743  
   20   29.0  0.0  0.0  Sniffles2.INS.97S2B       2    64    (6) + (GTGGA)n       Simple_repeat          1     63    (0) 1744  
  363    9.8  0.0  0.0  Sniffles2.INS.97S58       1    51    (5) + 5S             rRNA                  48     98   (23) 1745  
 1071   12.7  2.8  0.3  Sniffles2.INS.98S24       1   336    (0) C ALR/Alpha      Satellite/centr     (22)    344      1 1746  
  290   15.9  3.1  1.5  Sniffles2.INS.98SC0       2    65    (0) C L1P1           LINE/L1           (1251)   4895   4831 1747  
  269   16.2  0.0  0.0  Sniffles2.INS.99S2B       5    41   (27) + AluJb          SINE/Alu             240    276   (36) 1748  
 1125   13.9  0.3  0.0  Sniffles2.INS.9ASC0       9   789    (0) C ALR/Alpha      Satellite/centr      (0)    783      1 1749  
 1057   12.4  0.0  0.0  Sniffles2.INS.9BS24       1   172    (0) C ALR/Alpha      Satellite/centr     (71)    172      1 1750  
 1852    5.0  0.0  0.0  Sniffles2.INS.9BS25       1   222    (0) C L1PA3          LINE/L1             (72)   6083   5862 1751  
  931   10.4  0.5  2.0  Sniffles2.INS.9BS2B       1   155   (10) + AluY           SINE/Alu              16    297    (5) 1752  
   22   20.1  4.5  3.0  Sniffles2.INS.9BS58       9    74    (4) + (CA)n          Simple_repeat          1     67    (0) 1753  
 3122    3.8  0.0  0.0  Sniffles2.INS.9CS25       3   368   (34) C L1PA3          LINE/L1              (5)   6150   5785 1754  
  316   18.8  0.0  0.0  Sniffles2.INS.9CS2B       1    48    (2) + Alu            SINE/Alu             228    275   (26) 1755  
  140   23.5  5.1  2.6  Sniffles2.INS.9CS58       1   490    (5) + (AC)n          Simple_repeat          1    502    (0) 1756  
   22   16.3  0.0  2.4  Sniffles2.INS.9DS2        1    55    (0) + (CT)n          Simple_repeat          1     53    (0) 1757  
 1045   14.0  2.9  0.0  Sniffles2.INS.9DS24       1   327    (6) C ALR/Alpha      Satellite/centr      (4)    336      1 1758  
  341   19.1 11.8  2.7  Sniffles2.INS.9DS33     326   427  (225) C MER91C         DNA/hAT-Tip100       (2)    138     28 1759  
   12   16.3  2.8  2.8  Sniffles2.INS.9ES2        8    43    (7) + (CCAGACC)n     Simple_repeat          1     36    (0) 1760  
  744    1.8  0.8 13.4  Sniffles2.INS.9ES2B      47   172    (0) + AluY           SINE/Alu             182    293    (8) 1761  
 2842    1.6  0.0  0.3  Sniffles2.INS.9FS25       3   313    (3) + AluYe5         SINE/Alu               1    310    (0) 1762  
  308   19.6  0.0  0.0  Sniffles2.INS.9FS2B      12    62   (10) + Alu            SINE/Alu              89    139   (27) 1763  
   14   25.4  1.9  1.9  Sniffles2.INS.9FS4       14    66  (304) + G-rich         Low_complexity         1     53    (0) 1764  
   12   19.7  0.0  0.0  Sniffles2.INS.9FS4      190   218  (152) + GA-rich        Low_complexity         1     29    (0) 1765  
 1224   11.1  0.4  0.2  Sniffles2.INS.9FSC0       2   340    (0) + ALR/Alpha      Satellite/centr        1    339    (0) 1766  
   12   30.4  0.0  0.0  Sniffles2.INS.9S16        6    49    (1) + (GAATG)n       Simple_repeat          1     44    (0) 1767  
 1055   13.4  1.5  0.0  Sniffles2.INS.9S30        6   335    (1) + ALR/Alpha      Satellite/centr        1    334    (0) 1768  
   37    9.3  1.7  0.0  Sniffles2.INS.9S31        1    58    (0) + (TA)n          Simple_repeat          1     59    (0) 1769  
   12   19.9  0.0  0.0  Sniffles2.INS.9S34        6    34  (899) + (TTTAT)n       Simple_repeat          1     29    (0) 1770  
 6480    1.1  0.0  0.3  Sniffles2.INS.9S34       35   756  (177) C L1HS           LINE/L1              (0)   6155   5436 1771  
   18   19.6  0.0  0.0  Sniffles2.INS.9S34      757   791  (142) + A-rich         Low_complexity         1     35    (0) 1772  
  992   13.0  0.6  0.5  Sniffles2.INS.9S8         7  1171    (0) C BSR/Beta       Satellite           (21)   1166      1 1773  
   26    3.4  0.0  0.0  Sniffles2.INS.9SBD       16    45    (0) + (ATTCC)n       Simple_repeat          1     30    (0) 1774  
 1175   18.6  1.8  0.0  Sniffles2.INS.A0S35       3   222    (2) C L1M2           LINE/L1            (718)   5573   5350 1775  
   81   20.1  0.6  0.0  Sniffles2.INS.A1S2B       2   168  (939) + (TGGAG)n       Simple_repeat          1    168    (0) 1776  
  237   17.9 10.1  1.9  Sniffles2.INS.A1S2B     171   318  (789) C HSATII         Satellite           (10)    160      1 1777  
  356   23.3  0.1  0.2  Sniffles2.INS.A1S2B     321  1107    (0) + (TGGAA)n       Simple_repeat          1    786    (0) 1778  
 1142   14.0  1.1  0.2  Sniffles2.INS.A1SC0      14   676    (0) + ALR/Alpha      Satellite/centr        1    668    (2) 1779  
  918   15.1  1.2  0.2  Sniffles2.INS.A2SC0       2   326   (12) + ALR/Alpha      Satellite/centr        1    328    (3) 1780  
   21    9.8  6.8  0.0  Sniffles2.INS.A3S23       1    44    (6) + (TATAG)n       Simple_repeat          1     47    (0) 1781  
   22   19.0  1.8  1.8  Sniffles2.INS.A3S2B       3    58    (8) + (GAATG)n       Simple_repeat          1     56    (0) 1782  
 1220   10.9  0.8  0.5  Sniffles2.INS.A3SC0       2   340    (0) + ALR/Alpha      Satellite/centr        1    340    (0) 1783  
   54   12.6  3.2  5.7  Sniffles2.INS.A4S31       1   126    (2) + (TA)n          Simple_repeat          1    123    (0) 1784  
   81   13.8  3.0  2.4  Sniffles2.INS.A5S6        1   165    (0) + (CTTC)n        Simple_repeat          1    166    (0) 1785  
 1099   14.1  1.5  0.1  Sniffles2.INS.A5SC0       1  1181    (4) + ALR/Alpha      Satellite/centr        1   1197    (0) 1786  
  296   23.4 16.7  5.0  Sniffles2.INS.A7S3A       7   150  (344) + MLT1A          LTR/ERVL-MaLR        100    259  (115) 1787  
  245   19.8  1.4  9.0  Sniffles2.INS.A7S3A     125   196  (298) + MLT1A          LTR/ERVL-MaLR         45    111  (263) 1787 *
 2218   12.8  0.0  0.0  Sniffles2.INS.A7S3A     197   494    (0) + AluSx          SINE/Alu               1    298   (14) 1788  
   22   16.3  1.6  6.6  Sniffles2.INS.A7S6        4    67    (2) + GA-rich        Low_complexity         1     61    (0) 1789  
   33    7.7  0.0  0.0  Sniffles2.INS.A8S11       8    49    (1) + (TA)n          Simple_repeat          1     42    (0) 1790  
  312   17.0  0.0  0.0  Sniffles2.INS.A8S2B       2    48    (9) + FRAM           SINE/Alu              98    144   (32) 1791  
   52    0.0  3.6  0.0  Sniffles2.INS.A8S31       1    55    (2) + (CCCTCTCGCT)n  Simple_repeat          1     57    (0) 1792  
   90   23.4  3.4  0.0  Sniffles2.INS.A8S33       3    23  (213) + (ATGGTG)n      Simple_repeat          1    240    (0) 1793  
   76   30.4  0.0  0.5  Sniffles2.INS.A8S33      24   234    (2) + (GTG)n         Simple_repeat          1    210    (0) 1794  
 1065   11.3  0.6  0.0  Sniffles2.INS.A8SC0       1   168    (3) C ALR/Alpha      Satellite/centr      (1)    170      2 1795  
 1200    9.5  0.4  0.1  Sniffles2.INS.A9S25       1   507    (3) + ALR/Alpha      Satellite/centr        1    508    (0) 1796  
  240   18.6  0.0  4.7  Sniffles2.INS.A9S2B       6    50   (14) C SVA_A          Retroposon/SVA    (1003)    384    342 1797 *
  317   18.4  0.0  0.0  Sniffles2.INS.A9S2B      12    60    (4) + AluYk2         SINE/Alu             224    272   (39) 1798  
  405    4.1  0.0  0.0  Sniffles2.INS.A9S31       1    49    (1) C LTR12C         LTR/ERV1           (577)   1002    954 1799  
   53    0.0  2.0  0.0  Sniffles2.INS.A9S5        1    51    (0) + (AAGA)n        Simple_repeat          1     52    (0) 1800  
   36    4.3 11.1  0.0  Sniffles2.INS.AAS11       1    72    (0) + (AT)n          Simple_repeat          1     80    (0) 1801  
  325   17.6  0.0  0.0  Sniffles2.INS.ABS2B       3    53    (6) + Alu            SINE/Alu             228    278   (24) 1802  
  332   16.3  0.0  0.0  Sniffles2.INS.ACS2B      12    60   (13) + AluYk2         SINE/Alu             224    272   (39) 1803  
   40    9.1  1.7  0.0  Sniffles2.INS.ADS11       1    59    (0) + (TA)n          Simple_repeat          1     60    (0) 1804  
  316    9.1  2.3  0.0  Sniffles2.INS.ADS23       1    44  (202) C Alu            SINE/Alu           (256)     45      1 1805  
  377    6.7  1.7  0.0  Sniffles2.INS.ADS23     184   243    (3) C Alu            SINE/Alu             (0)    301    241 1806  
  288   19.6  0.0  0.0  Sniffles2.INS.AES2B       3    48    (4) + FRAM           SINE/Alu              99    144   (32) 1807  
   15   29.0  0.0  6.7  Sniffles2.INS.AFS13      10    89    (2) + G-rich         Low_complexity         1     75    (0) 1808  
   37    0.0  3.6  5.6  Sniffles2.INS.AS11        1    55   (10) + (GGGGC)n       Simple_repeat          1     54    (0) 1809  
   19   20.6  2.0  0.0  Sniffles2.INS.AS16        1     7   (46) + (TGGAA)n       Simple_repeat          1     46    (0) 1810  
   20   11.4  2.6  0.0  Sniffles2.INS.AS16        8    45    (8) + (GAATA)n       Simple_repeat          1     39    (0) 1811  
  237   13.5  0.0  0.0  Sniffles2.INS.AS2         3    39  (700) C LTR76          LTR/ERV1           (320)    355    319 1812 *
  263   12.5  0.0  0.0  Sniffles2.INS.AS2        39    78  (661) C LTR76          LTR/ERV1           (317)    358    319 1812 *
  295   10.0  0.0  0.0  Sniffles2.INS.AS2        78   117  (622) C LTR76          LTR/ERV1           (317)    358    319 1812 *
  309    7.5  0.0  0.0  Sniffles2.INS.AS2       117   156  (583) C LTR76          LTR/ERV1           (317)    358    319 1812  
  272   12.5  0.0  0.0  Sniffles2.INS.AS2       156   195  (544) C LTR76          LTR/ERV1           (317)    358    319 1812 *
  243   15.0  0.0  0.0  Sniffles2.INS.AS2       195   234  (505) C LTR76          LTR/ERV1           (317)    358    319 1812 *
  263   12.5  0.0  0.0  Sniffles2.INS.AS2       234   273  (466) C LTR76          LTR/ERV1           (317)    358    319 1812 *
  309    7.5  0.0  0.0  Sniffles2.INS.AS2       273   312  (427) C LTR76          LTR/ERV1           (317)    358    319 1812  
  253   11.1  0.0  0.0  Sniffles2.INS.AS2       316   351  (388) C LTR76          LTR/ERV1           (321)    354    319 1812  
  243   15.0  0.0  0.0  Sniffles2.INS.AS2       351   390  (349) C LTR76          LTR/ERV1           (317)    358    319 1812 *
  240   15.0  0.0  0.0  Sniffles2.INS.AS2       390   429  (310) C LTR76          LTR/ERV1           (317)    358    319 1812 *
  258   10.3  2.6  0.0  Sniffles2.INS.AS2       429   467  (272) C LTR76          LTR/ERV1           (317)    358    319 1812 *
  309   15.2  3.1  1.2  Sniffles2.INS.AS2       455   545  (194) C LTR76          LTR/ERV1           (263)    412    319 1812  
  243   15.0  0.0  0.0  Sniffles2.INS.AS2       545   584  (155) C LTR76          LTR/ERV1           (317)    358    319 1812 *
  263   12.5  0.0  0.0  Sniffles2.INS.AS2       584   623  (116) C LTR76          LTR/ERV1           (317)    358    319 1812 *
  295   10.0  0.0  0.0  Sniffles2.INS.AS2       623   662   (77) C LTR76          LTR/ERV1           (317)    358    319 1812 *
  309    7.5  0.0  0.0  Sniffles2.INS.AS2       662   701   (38) C LTR76          LTR/ERV1           (317)    358    319 1812  
  275   10.5  0.0  0.0  Sniffles2.INS.AS2       701   738    (1) C LTR76          LTR/ERV1           (317)    358    321 1812 *
  354    0.0  0.0  0.0  Sniffles2.INS.AS2B        5    42   (22) + AluYk11        SINE/Alu             264    301   (10) 1813  
 1068   12.0  1.2  0.2  Sniffles2.INS.AS2F        3   338    (1) + ALR/Alpha      Satellite/centr        1    339    (0) 1814  
 1122   13.7  0.7  0.0  Sniffles2.INS.AS30        6   337    (1) + ALR/Alpha      Satellite/centr        1    334    (0) 1815  
  987   14.5  0.0  0.0  Sniffles2.INS.AS36        1   170    (1) C ALR/Alpha      Satellite/centr     (12)    170      1 1816  
 1054    7.3  0.6  0.0  Sniffles2.INS.ASA8        1   581    (1) C ACRO1          Satellite/acro      (50)    584      1 1817  
  853   10.4  1.4  0.4  Sniffles2.INS.ASAD        1   287    (0) C ACRO1          Satellite/acro      (11)    289      1 1818  
  354    0.0  0.0  0.0  Sniffles2.INS.B0S2B       6    43   (26) + AluYk11        SINE/Alu             264    301   (10) 1819  
   60   11.0  3.1  0.0  Sniffles2.INS.B0S5        1    98    (2) + (TA)n          Simple_repeat          1    101    (0) 1820  
   21   17.8  0.0  0.0  Sniffles2.INS.B1S1      174   211  (640) + A-rich         Low_complexity         1     38    (0) 1821  
   14   13.2  4.3  6.5  Sniffles2.INS.B1S1      480   526  (325) + (AATA)n        Simple_repeat          1     46    (0) 1822  
  146   13.8  1.6  0.0  Sniffles2.INS.B1S5        1   246    (0) + (TA)n          Simple_repeat          1    250    (0) 1823  
   56   12.9  0.0  0.0  Sniffles2.INS.B2S1        1    97    (3) + (TG)n          Simple_repeat          1     97    (0) 1824  
  632   23.0  7.1  0.7  Sniffles2.INS.B2S2      527   666 (4305) + MER63A         DNA/hAT-Tip100        12    160   (50) 1825  
 2624    5.0  0.0  0.0  Sniffles2.INS.B2S2     1233  1533 (3438) C AluY           SINE/Alu            (10)    301      1 1826  
 1868    9.7  0.0  0.0  Sniffles2.INS.B2S2     2389  2646 (2325) + L1PREC2        LINE/L1             2389   2646 (3500) 1827  
  961   14.1  0.0  0.0  Sniffles2.INS.B2S2     2648  2789 (2182) C AluSz6         SINE/Alu            (11)    301    160 1828  
  282   14.6 15.3  3.2  Sniffles2.INS.B2S2     2790  2874 (2097) + MER106B        DNA/hAT-Charlie      965   1059    (0) 1829  
  373   22.2  0.0  1.0  Sniffles2.INS.B2S2     2880  2979 (1992) + L1MEj          LINE/L1             1040   1138 (1022) 1830  
 2061    3.1  1.9  1.5  Sniffles2.INS.B2S2     2982  3241 (1730) C L1PA5          LINE/L1            (291)   5863   5603 1831  
 2047    6.5  2.2  0.7  Sniffles2.INS.B2S2     3242  3518 (1453) + L1PA5          LINE/L1             5864   6144   (10) 1831  
  836   22.0 10.7  0.4  Sniffles2.INS.B2S2     3537  3778 (1193) + L1MEj          LINE/L1             1129   1395  (765) 1830  
  579   20.8  6.4  0.0  Sniffles2.INS.B2S2     3827  3951 (1020) C MER5A          DNA/hAT-Charlie     (50)    139      7 1832  
 1932   10.5  0.4  1.1  Sniffles2.INS.B2S2     3971  4282  (689) C AluSx          SINE/Alu             (0)    302      5 1833  
 3737   15.2  8.3  0.4  Sniffles2.INS.B2S2     4284  4971    (0) C MER6           DNA/TcMar-Tigger    (38)    827     86 1834  
 2187   11.2  0.3  0.2  Sniffles2.INS.B3S23       6   313   (20) + AluSx          SINE/Alu               7    302    (0) 1835  
   17    7.9  0.0  0.0  Sniffles2.INS.B3S2B       1    27   (68) + (ATGCA)n       Simple_repeat          1     27    (0) 1836  
  494   25.0  5.9  0.6  Sniffles2.INS.B3S6        2   170  (443) C MIR            SINE/MIR            (55)    207     30 1837  
  330   18.0  0.0  0.0  Sniffles2.INS.B3S6      215   275  (338) + AluYk12        SINE/Alu             241    301   (10) 1838  
 1632   16.3  1.8  3.3  Sniffles2.INS.B3S6      277   613    (0) C L1M3           LINE/L1            (828)   5312   4981 1839  
   83   23.8  0.0  1.1  Sniffles2.INS.B4S1        1   182    (0) + (TG)n          Simple_repeat          1    180    (0) 1840  
   37    0.0  0.0  2.6  Sniffles2.INS.B4S11      17    55    (0) + (AAGA)n        Simple_repeat          1     38    (0) 1841  
   49   14.2  5.9  0.0  Sniffles2.INS.B6S1        1   101    (4) + (CA)n          Simple_repeat          1    107    (0) 1842  
   96   23.7  0.0  0.9  Sniffles2.INS.B6S2B       1   222    (0) + (TGGAA)n       Simple_repeat          1    220    (0) 1843  
   49    2.6 10.1  0.0  Sniffles2.INS.B8S18       1    79    (0) + (CA)n          Simple_repeat          1     87    (0) 1844  
   29   13.4  0.0  0.0  Sniffles2.INS.B8S2B       1    50    (0) + (TGGAG)n       Simple_repeat          1     50    (0) 1845  
  581    2.1  0.0  2.1  Sniffles2.INS.B8S38       1    99    (0) C SVA_F          Retroposon/SVA     (597)    778    682 1846  
  155   22.1  1.2  2.6  Sniffles2.INS.B8SC0       1   206  (377) + (TCCAT)n       Simple_repeat          1    206    (0) 1847  
  247   20.5  0.0  0.0  Sniffles2.INS.B8SC0     216   254  (329) C FRAM           SINE/Alu            (32)    144    106 1848  
  155   22.1  1.2  2.6  Sniffles2.INS.B8SC0     271   413  (170) + (TCCAT)n       Simple_repeat          3    147    (0) 1849  
  276    7.6  8.5  0.9  Sniffles2.INS.B9S18       1   520    (0) + (CA)n          Simple_repeat          1    559    (0) 1850  
  129   20.1  0.8  0.0  Sniffles2.INS.B9S2B       2   265    (9) + (ATTCC)n       Simple_repeat          1    266    (0) 1851  
   38   12.8  0.0  0.0  Sniffles2.INS.B9S31       1    69    (1) + (TA)n          Simple_repeat          1     69    (0) 1852  
   36    1.9  9.4  0.0  Sniffles2.INS.B9S5        4    56    (4) + (TA)n          Simple_repeat          1     58    (0) 1853  
  253   21.3  0.0  0.2  Sniffles2.INS.BAS2B       1   519    (1) + (TGGAA)n       Simple_repeat          1    518    (0) 1854  
  251   16.7  0.0  0.0  Sniffles2.INS.BBS2B       1    36   (22) C SVA_A          Retroposon/SVA    (1012)    375    340 1855 *
  320   18.5  3.7  0.0  Sniffles2.INS.BBS2B       5    58    (0) + FRAM           SINE/Alu              98    153   (23) 1856  
   52    1.9  1.8  0.0  Sniffles2.INS.BDS24       6    60    (0) + (TTTC)n        Simple_repeat          1     56    (0) 1857  
  424   14.9  3.0  0.0  Sniffles2.INS.BDS2B      13    79   (28) + Alu            SINE/Alu             225    293    (8) 1858  
   55   14.4  2.8  0.0  Sniffles2.INS.BDS33       1   107    (0) + (ATATATT)n     Simple_repeat          1    110    (0) 1859  
  841   23.5  1.3  1.3  Sniffles2.INS.BDS4        2   225  (280) + L1MC4          LINE/L1             7578   7801  (241) 1860  
  728   19.5  5.4  1.2  Sniffles2.INS.BDS4      233   398  (107) + MIR            SINE/MIR              78    250   (12) 1861  
   18   26.4  0.0  0.0  Sniffles2.INS.BES24     119   163  (171) + (TT)n          Simple_repeat          1     45    (0) 1862  
   33    0.0  0.0  0.0  Sniffles2.INS.BES24     165   195  (139) + (TCTT)n        Simple_repeat          1     31    (0) 1863  
   12   13.9  0.0  0.0  Sniffles2.INS.BES24     200   223  (111) + (CTCG)n        Simple_repeat          1     24    (0) 1864  
   70    9.0  0.9  0.9  Sniffles2.INS.BES24     227   334    (0) + (TC)n          Simple_repeat          1    108    (0) 1865  
   56   11.1  0.0  0.0  Sniffles2.INS.BFS24       1    88  (683) + (TC)n          Simple_repeat          1     88    (0) 1866  
   35    0.0  0.0  0.0  Sniffles2.INS.BFS24      89   130  (641) + (CCTC)n        Simple_repeat          1     42    (0) 1867  
   48    0.0  3.9  0.0  Sniffles2.INS.BFS24     594   644  (127) + (TTTC)n        Simple_repeat          1     53    (0) 1868  
   64   19.1  0.0  0.0  Sniffles2.INS.BFS24     647   771    (0) + (CTCT)n        Simple_repeat          1    125    (0) 1869  
  247   16.2  0.0  0.0  Sniffles2.INS.BFS2B       4    40   (12) + AluJb          SINE/Alu             240    276   (36) 1870  
 1581    9.0  2.2  0.0  Sniffles2.INS.BFS31       1   223 (2384) + L1PB1          LINE/L1             5564   5791  (360) 1871  
   52    1.9  1.8  0.0  Sniffles2.INS.BFS31     228   282 (2325) + (GATA)n        Simple_repeat          1     56    (0) 1872  
 2423   10.4  3.3  0.3  Sniffles2.INS.BFS31     300   666 (1941) + L1PB1          LINE/L1             5773   6150    (1) 1871  
 2181   13.0  0.0  0.0  Sniffles2.INS.BFS31     679   971 (1636) C AluSx          SINE/Alu            (19)    293      1 1873  
 3116   14.5  3.5  0.5  Sniffles2.INS.BFS31    1606  2533   (74) C L1M1           LINE/L1            (490)   5815   4863 1874  
  450   14.7  1.3  0.0  Sniffles2.INS.BFS31    2533  2607    (0) C L1M2           LINE/L1           (1178)   4965   4890 1875 *
 1121    6.1  0.0  0.0  Sniffles2.INS.BFS3A       1   131    (0) C AluSc8         SINE/Alu           (171)    140     10 1876  
   24   13.1  0.0  0.0  Sniffles2.INS.BS2B        2    43   (91) + (AATGG)n       Simple_repeat          1     42    (0) 1877  
  330   16.3  0.0  0.0  Sniffles2.INS.BS2B       47    95   (39) + Alu            SINE/Alu              92    140   (26) 1878  
  956   15.2  0.0  0.0  Sniffles2.INS.BS2F        5   341    (2) + ALR/Alpha      Satellite/centr        1    337    (0) 1879  
  930   15.5  1.9  0.0  Sniffles2.INS.BS30        1   337    (0) + ALR/Alpha      Satellite/centr        1    343    (0) 1880  
   98    4.2  9.4  0.0  Sniffles2.INS.BS31        1   171    (0) + (TA)n          Simple_repeat          1    187    (0) 1881  
 1177   12.6  0.6  0.0  Sniffles2.INS.BS36        1   337    (3) C ALR/Alpha      Satellite/centr     (35)    338      1 1882  
 1037   15.7  0.1  0.1  Sniffles2.INS.BS5C        1   677   (10) + ALR/Alpha      Satellite/centr        1    677    (0) 1883  
  136   22.8  0.3  1.0  Sniffles2.INS.BS77        2   313    (0) + (TCCAC)n       Simple_repeat          1    310    (0) 1884  
 1010    8.7  0.8  0.0  Sniffles2.INS.BSAD       10   432    (0) C ACRO1          Satellite/acro       (0)    426      1 1885  
   21   20.1  0.0  0.0  Sniffles2.INS.C0S24       3    48 (1417) + (TCTC)n        Simple_repeat          1     46    (0) 1886  
  280   17.1  8.5  0.4  Sniffles2.INS.C0S24      51   273 (1192) C HERVIP10FH-int LTR/ERV1          (4108)    994    754 1887  
   44    0.0  4.3  0.0  Sniffles2.INS.C0S24     690   736  (729) + (TTTC)n        Simple_repeat          1     49    (0) 1888  
  121   15.4  0.0  0.0  Sniffles2.INS.C0S24     739   946  (519) + (CTCTCT)n      Simple_repeat          1    208    (0) 1889  
   50    0.0  0.0  0.0  Sniffles2.INS.C0S24     951   995  (470) + (CTCC)n        Simple_repeat          1     45    (0) 1890  
   17   27.1  0.0  0.0  Sniffles2.INS.C0S24    1422  1465    (0) + (TT)n          Simple_repeat          1     44    (0) 1891  
   46    0.0  4.1  0.0  Sniffles2.INS.C0S33       1    49   (13) + (AAGA)n        Simple_repeat          1     51    (0) 1892  
  858   12.1  0.8  0.0  Sniffles2.INS.C0S38       1   132    (0) + HSATII         Satellite             18    150   (20) 1893  
  252   25.8  3.0  0.0  Sniffles2.INS.C1S2B      22    87    (0) + AluY           SINE/Alu             223    290   (11) 1894  
  118   13.2  0.5  0.0  Sniffles2.INS.C2S24       2   192  (473) + (TCTC)n        Simple_repeat          1    192    (0) 1895  
   12   22.0  3.9  3.9  Sniffles2.INS.C2S24     615   622   (43) + (TTCT)n        Simple_repeat          1     50    (0) 1896  
   13   10.7  9.5  2.2  Sniffles2.INS.C2S24     623   664    (1) + (TTTTTGC)n     Simple_repeat          1     45    (0) 1897  
   62    8.9  3.6  1.8  Sniffles2.INS.C3S6        4   114   (10) + (AATATAT)n     Simple_repeat          1    113    (0) 1898  
   57   12.7  7.5  0.0  Sniffles2.INS.C3S6      115   121    (3) + (TA)n          Simple_repeat          3    129    (0) 1899  
   94   25.2  0.4  0.8  Sniffles2.INS.C4S2B      26   265   (12) + (GGAAT)n       Simple_repeat          1    239    (0) 1900  
   92    6.5  6.2  4.6  Sniffles2.INS.C5S37      49   241    (2) + (TATATAC)n     Simple_repeat          1    196    (0) 1901  
  253   29.1 13.6  2.3  Sniffles2.INS.C5S6        2   156   (42) + MIR            SINE/MIR              90    261    (1) 1902  
   62   13.5  2.4  2.4  Sniffles2.INS.C7S1        3   126    (0) + GA-rich        Low_complexity         1    124    (0) 1903  
  277   18.3  3.1  4.1  Sniffles2.INS.C8S24       5   226  (554) C HERVIP10FH-int LTR/ERV1          (4104)    998    779 1904  
  233   21.5  1.0  0.6  Sniffles2.INS.C8S24     229   747   (33) + (TCTCTC)n      Simple_repeat          1    521    (0) 1905  
   20   13.6  2.9  9.2  Sniffles2.INS.C9S11       5    73    (9) + (CCTCC)n       Simple_repeat          1     65    (0) 1906  
   35   13.8  1.2  5.2  Sniffles2.INS.C9S11      74    80    (2) + (CCTC)n        Simple_repeat          5     77    (0) 1907  
   13   24.2  0.0  0.0  Sniffles2.INS.C9S13     129   167   (30) + (GCCCCCC)n     Simple_repeat          1     39    (0) 1908  
   73   14.3  0.0  0.0  Sniffles2.INS.C9S24       1   123  (999) + (TCTCTC)n      Simple_repeat          1    123    (0) 1909  
  272   23.2  1.8  0.9  Sniffles2.INS.C9S24     128   344  (778) C HERVIP10FH-int LTR/ERV1          (4105)    997    779 1910  
  339   22.8  1.0  0.3  Sniffles2.INS.C9S24     345  1122    (0) + (TCTCTC)n      Simple_repeat          1    784    (0) 1911  
   25   11.4  7.0  0.0  Sniffles2.INS.CAS1        1    57    (7) + (TATATTC)n     Simple_repeat          1     61    (0) 1912  
   23   17.3  1.6  4.8  Sniffles2.INS.CAS1       58    64    (0) + (TATAT)n       Simple_repeat          1     62    (0) 1913  
   44   17.3  0.0  0.0  Sniffles2.INS.CAS24       1    84    (4) + (TCTC)n        Simple_repeat          1     84    (0) 1914  
  385   15.6  0.0  1.6  Sniffles2.INS.CAS31     334   398    (0) C MLT1A1         LTR/ERVL-MaLR        (1)    407    344 1915  
   39    4.8  4.2  4.2  Sniffles2.INS.CAS37       1    71    (1) + (TA)n          Simple_repeat          1     71    (0) 1916  
   32   13.2  2.9  1.4  Sniffles2.INS.CBS1        1    68    (0) + (TATATAT)n     Simple_repeat          1     69    (0) 1917  
   70    7.1  5.8  1.4  Sniffles2.INS.CBS24       1   137    (3) + (CT)n          Simple_repeat          1    143    (0) 1918  
  620   13.0  1.9  1.9  Sniffles2.INS.CBS4        1   108    (0) + AluSg          SINE/Alu              90    197  (113) 1919  
   35    9.5  6.0  0.0  Sniffles2.INS.CCS1        1     6   (63) + (ATATTAT)n     Simple_repeat          1     70    (0) 1920  
   25   17.7  1.7  1.7  Sniffles2.INS.CCS1        7    66    (3) + (TATAT)n       Simple_repeat          1     60    (0) 1921  
   19   21.4  5.9  2.9  Sniffles2.INS.CCS11      12    79    (0) + (TA)n          Simple_repeat          1     70    (0) 1922  
  366    8.7 12.9  8.6  Sniffles2.INS.CCS23       5   105   (16) + ALR/Alpha      Satellite/centr       67    171    (0) 1923  
  321   23.2  0.9  0.1  Sniffles2.INS.CCS24       1   742  (285) + (TCTC)n        Simple_repeat          1    748    (0) 1924  
  259   21.7  2.6  2.2  Sniffles2.INS.CCS24     743   973   (54) C HERVIP10FH-int LTR/ERV1          (4089)   1013    782 1925  
   28   16.9  1.9  0.0  Sniffles2.INS.CCS24     974  1026    (1) + (CT)n          Simple_repeat          1     54    (0) 1926  
   36    7.0  3.2  1.6  Sniffles2.INS.CCS2B       1    63   (63) + (TGGGA)n       Simple_repeat          1     64    (0) 1927  
  359   14.6  3.6  0.0  Sniffles2.INS.CCS2B      67   121    (5) + FRAM           SINE/Alu              98    154   (22) 1928  
 1470    8.6  0.0  0.0  Sniffles2.INS.CDS37       1   187    (0) + AluSp          SINE/Alu              69    255   (58) 1929  
   56    0.0  2.0  0.0  Sniffles2.INS.CDS6        1    51    (0) + (TC)n          Simple_repeat          1     52    (0) 1930  
   47   15.6  5.4  1.7  Sniffles2.INS.CES11       4   114    (4) + (AC)n          Simple_repeat          1    115    (0) 1931  
  289   14.3  0.0  0.0  Sniffles2.INS.CES18       7    48 (1008) C AluSg4         SINE/Alu           (161)    149    108 1932  
  330   35.9  1.3  0.7  Sniffles2.INS.CES18     168   321  (735) + MIR            SINE/MIR               6    160  (102) 1933  
 1964   12.7  0.3  6.3  Sniffles2.INS.CES18     325   643  (413) + AluJb          SINE/Alu               1    301   (11) 1934  
 2683    4.9  0.0  0.0  Sniffles2.INS.CES18     707  1011   (45) + AluY           SINE/Alu               1    305    (6) 1935  
  235   11.4  0.0  0.0  Sniffles2.INS.CES18    1013  1047    (9) + MIR            SINE/MIR             218    252   (10) 1936  
  279   24.4  0.4  2.1  Sniffles2.INS.CFS2B       1   726    (1) + (AATGG)n       Simple_repeat          1    714    (0) 1937  
 2354    4.0  0.0  3.4  Sniffles2.INS.CS1C        5   311    (0) C AluY           SINE/Alu            (14)    297      1 1938  
  740   17.4  0.0  0.0  Sniffles2.INS.CS2F        8   168    (3) + ALR/Alpha      Satellite/centr        1    161    (0) 1939  
 1151   13.2  2.0  0.6  Sniffles2.INS.CS30       12   338    (1) + ALR/Alpha      Satellite/centr        1    331    (0) 1940  
 1310   10.9  0.7  0.1  Sniffles2.INS.CS36        1   506    (1) C ALR/Alpha      Satellite/centr     (39)    508      1 1941  
 1156   14.8  0.3  0.3  Sniffles2.INS.CS5C        1   684    (1) C ALR/Alpha      Satellite/centr      (0)    683      1 1942  
 1271   14.5  0.1  0.2  Sniffles2.INS.CS65        2  1361    (6) C ALR/Alpha      Satellite/centr      (7)   1358      1 1943  
   30    7.4  0.0  0.0  Sniffles2.INS.CS77       23    65  (660) + (TTCCGTTCCA)n  Simple_repeat          1     43    (0) 1944  
  288   24.5  0.1  0.1  Sniffles2.INS.CS77       71   724    (1) + (CACTC)n       Simple_repeat          1    654    (0) 1945  
   46    2.3  0.0  0.0  Sniffles2.INS.CSA7       24    67  (244) + (GT)n          Simple_repeat          1     44    (0) 1946  
   89   27.8  0.0  0.0  Sniffles2.INS.CSA7       74   310    (1) + (TCTC)n        Simple_repeat          1    237    (0) 1947  
   19   20.9  0.0  0.0  Sniffles2.INS.CSBD        3    46    (3) + (TTCCA)n       Simple_repeat          1     44    (0) 1948  
  464   11.3  1.4  0.0  Sniffles2.INS.D0S2        3    73    (0) + MER50          LTR/ERV1             214    285  (449) 1949  
   41   29.1  0.0  0.8  Sniffles2.INS.D0S2B       3   126    (0) + (GAATG)n       Simple_repeat          1    123    (0) 1950  
   46   20.4  0.0  0.0  Sniffles2.INS.D2S2B       3    98   (10) + (AGTGG)n       Simple_repeat          1     96    (0) 1951  
  660    8.4  2.4  3.3  Sniffles2.INS.D2S33       1   123    (4) + SVA_A          Retroposon/SVA       634    755  (632) 1952  
   49   12.3  5.2  0.0  Sniffles2.INS.D2S37       1    97    (5) + (TATATTA)n     Simple_repeat          1    102    (0) 1953  
   35    0.0  0.0  0.0  Sniffles2.INS.D3S2B      17    49    (1) + (AATGG)n       Simple_repeat          1     33    (0) 1954  
  135    5.9  0.0  0.0  Sniffles2.INS.D4S2B       5   162    (2) + (TGGAA)n       Simple_repeat          1    158    (0) 1955  
   22   29.5  1.5  1.5  Sniffles2.INS.D4S37      17    84    (0) + GA-rich        Low_complexity         1     68    (0) 1956  
   20    9.7  0.0  0.0  Sniffles2.INS.D4SBF      11    43  (113) + (TGTGTG)n      Simple_repeat          1     33    (0) 1957 *
   64   11.2  5.1  0.8  Sniffles2.INS.D4SBF      39   156    (0) + (TA)n          Simple_repeat          1    123    (0) 1958  
   29    6.4  6.1  0.0  Sniffles2.INS.D5S11       2    50    (0) + (AT)n          Simple_repeat          1     52    (0) 1959  
   57    4.8  0.0  0.0  Sniffles2.INS.D7S2B      13    77   (79) + (GGAAT)n       Simple_repeat          1     65    (0) 1960  
  360   16.4  0.0  0.0  Sniffles2.INS.D7S2B      91   145   (11) + Alu            SINE/Alu             226    280   (22) 1961  
   21   11.9  9.1  0.0  Sniffles2.INS.D7S31       1    55    (7) + (ATATTTC)n     Simple_repeat          1     60    (0) 1962  
  850   18.6  6.9  0.0  Sniffles2.INS.D7S37       1   188    (0) + L1M2           LINE/L1             3852   4052 (2091) 1963  
 2272    8.0  2.5  0.6  Sniffles2.INS.D9S1        6   332   (49) C L1PA5          LINE/L1             (84)   6070   5738 1964  
  592    3.9  0.0  0.0  Sniffles2.INS.D9S1      305   381    (0) C L1PA3          LINE/L1              (0)   6155   6079 1965 *
   38    2.4  0.0  2.3  Sniffles2.INS.D9S24       7    50    (0) + (TTTC)n        Simple_repeat          1     43    (0) 1966  
  346   17.5  0.0  0.0  Sniffles2.INS.DAS13      12    74  (463) + LTR7C          LTR/ERV1             163    225  (246) 1967  
  274   16.1  1.6  1.6  Sniffles2.INS.DAS13      54   116  (421) + LTR7C          LTR/ERV1             163    225  (246) 1967 *
  296   17.5  0.0  1.6  Sniffles2.INS.DAS13      95   158  (379) + LTR7C          LTR/ERV1             163    225  (246) 1967  
  285   19.1  0.0  1.6  Sniffles2.INS.DAS13     137   200  (337) + LTR7C          LTR/ERV1             163    225  (246) 1967 *
  275   17.5  3.2  0.0  Sniffles2.INS.DAS13     180   242  (295) + LTR7C          LTR/ERV1             163    227  (244) 1967 *
  310   17.8  2.0  0.2  Sniffles2.INS.DAS13     220   328  (209) + LTR7C          LTR/ERV1             104    225  (246) 1967  
  304   16.1  1.6  0.0  Sniffles2.INS.DAS13     302   363  (174) + LTR7C          LTR/ERV1             163    225  (246) 1967 *
  310   18.3  2.1  0.3  Sniffles2.INS.DAS13     343   492   (45) + LTR7C          LTR/ERV1             104    225  (246) 1967  
  304   16.1  1.6  0.0  Sniffles2.INS.DAS13     466   527   (10) + LTR7C          LTR/ERV1             163    225  (246) 1967 *
  662   12.2  9.2  1.7  Sniffles2.INS.DAS3A       6  1648    (1) + (AATGA)n       Simple_repeat          1   1765    (0) 1968  
   85    0.0  1.1  2.3  Sniffles2.INS.DCS39       1    88    (0) + (TTTCC)n       Simple_repeat          1     87    (0) 1969  
  239   13.5  0.0  2.7  Sniffles2.INS.DDS2       14    51    (1) + THE1-int       LTR/ERVL-MaLR         42     78 (1502) 1970  
   36   10.9  0.0  3.2  Sniffles2.INS.DDS38       1    65    (1) + (AGGA)n        Simple_repeat          1     63    (0) 1971  
  205    8.2  5.7  3.6  Sniffles2.INS.DES35       1   405    (1) + (CA)n          Simple_repeat          1    413    (0) 1972  
  344   15.5  5.2  0.0  Sniffles2.INS.DS16        1    58    (0) + AluJb          SINE/Alu             226    286   (26) 1973  
  361   12.2  0.0  0.0  Sniffles2.INS.DS2B       15    63   (14) + AluYk3         SINE/Alu             224    272   (39) 1974  
 1069   13.5  0.8  0.4  Sniffles2.INS.DS30        1   682    (1) + ALR/Alpha      Satellite/centr        1    684    (0) 1975  
  987   14.5  0.0  0.0  Sniffles2.INS.DS36        1   170    (1) C ALR/Alpha      Satellite/centr     (12)    170      1 1976  
  280   19.3  1.8  0.0  Sniffles2.INS.DS7         4    60    (2) + L1M4           LINE/L1             2994   3051 (3095) 1977  
  314   19.3  7.4  6.1  Sniffles2.INS.DS77       21   211  (756) + HSATII         Satellite              1    193    (4) 1978  
  355   22.3  0.1  0.4  Sniffles2.INS.DS77      212   967    (0) + (CACTC)n       Simple_repeat          1    754    (0) 1979  
 1025   12.1  0.0  0.8  Sniffles2.INS.DS8         3   476    (0) + BSR/Beta       Satellite              1    470    (0) 1980  
   57   15.2  0.0  1.0  Sniffles2.INS.DSA7        1   104    (2) + (TTTC)n        Simple_repeat          1    103    (0) 1981  
   18   28.5  1.4  4.2  Sniffles2.INS.DSB1       15    87   (12) + (AC)n          Simple_repeat          1     71    (0) 1982  
   59    0.0  0.0  0.0  Sniffles2.INS.DSB4        1    50    (0) + (AT)n          Simple_repeat          1     50    (0) 1983  
 1018    8.3  0.0  0.3  Sniffles2.INS.DSBB        1   293    (0) C ACRO1          Satellite/acro       (0)    292      1 1984  
   13   18.2  0.0  0.0  Sniffles2.INS.DSBD       21    51    (0) + (ATTCC)n       Simple_repeat          1     31    (0) 1985  
  208   23.4  0.0  2.1  Sniffles2.INS.E4S2       60   107  (461) C MIRb           SINE/MIR            (16)    252    206 1986  
   27   10.4  5.7  0.0  Sniffles2.INS.E5S11       1    53    (0) + (CCAC)n        Simple_repeat          1     56    (0) 1987  
  434   15.6  1.9  1.0  Sniffles2.INS.E5S25       1   110  (143) + L1P4           LINE/L1             5281   5390  (793) 1988  
  738   14.6  1.6  1.6  Sniffles2.INS.E5S25     111   235   (18) + FLAM_C         SINE/Alu               9    133    (0) 1989  
   32    8.7  0.0  0.0  Sniffles2.INS.E5SBF       1    49    (1) + (AAGGA)n       Simple_repeat          1     49    (0) 1990  
   53    0.0  5.2  0.0  Sniffles2.INS.E6S25       2    59    (0) + (CGCACGC)n     Simple_repeat          1     61    (0) 1991  
  267    6.3 15.0  5.5  Sniffles2.INS.E8S6        1   100    (1) + SVA_F          Retroposon/SVA       659    767  (608) 1992  
  239   25.4  0.0  1.5  Sniffles2.INS.E9S25       1    68  (110) C L1P3           LINE/L1           (1132)   5014   4948 1993  
   31    8.7  2.0  0.0  Sniffles2.INS.E9S37       1    51    (0) + (CTCTC)n       Simple_repeat          1     52    (0) 1994  
  278   17.3  3.9  0.0  Sniffles2.INS.E9SC0       6    57  (321) C FRAM           SINE/Alu            (18)    158    105 1995  
   48   20.4  1.9  0.0  Sniffles2.INS.E9SC0      70   177  (201) + (TTCCA)n       Simple_repeat          1    110    (0) 1996  
  277   25.3  0.5  0.5  Sniffles2.INS.E9SC0     178   268  (110) C AluY           SINE/Alu             (4)    298    208 1997  
  285   22.7  2.6  3.9  Sniffles2.INS.E9SC0     295   372    (6) C AluJb          SINE/Alu             (1)    301    225 1998  
  504   23.6  3.7  2.3  Sniffles2.INS.EAS1       13   229    (1) + L1MEi          LINE/L1              838   1057 (1155) 1999  
   49    0.0  0.0  2.1  Sniffles2.INS.EAS11       1    49   (43) + (CTTT)n        Simple_repeat          1     48    (0) 2000  
   37    0.0  0.0  0.0  Sniffles2.INS.EAS11      59    92    (0) + (TCCC)n        Simple_repeat          1     34    (0) 2001  
  168   16.1  1.9  0.6  Sniffles2.INS.EAS13       3   319    (0) + (TCC)n         Simple_repeat          1    321    (0) 2002  
   31    4.1  3.6  3.6  Sniffles2.INS.EBS13       1    55    (0) + (GAAAGA)n      Simple_repeat          1     55    (0) 2003  
   33   15.8  0.0  0.0  Sniffles2.INS.EBS18       1    59    (1) + (TGGA)n        Simple_repeat          1     59    (0) 2004  
  229    3.9 17.3  0.0  Sniffles2.INS.EBS33       1    52   (15) C L1P1           LINE/L1           (3739)   2407   2347 2005  
 1135   13.8  0.4  0.0  Sniffles2.INS.EDS25       1  1365    (0) C ALR/Alpha      Satellite/centr     (26)   1370      1 2006  
 1472   10.8  5.3  1.4  Sniffles2.INS.EES24       2  1222    (1) C GSATII         Satellite/centr      (0)   1268      1 2007  
   30    4.2  8.2  0.0  Sniffles2.INS.EES38       1    49    (2) + (AT)n          Simple_repeat          1     53    (0) 2008  
   80   10.0  5.7  0.0  Sniffles2.INS.EES4        1   140    (0) + (AT)n          Simple_repeat          1    148    (0) 2009  
   32    2.3  2.1  2.1  Sniffles2.INS.EES5        1    47    (1) + (AAGG)n        Simple_repeat          1     47    (0) 2010  
   23   13.2  8.0  0.0  Sniffles2.INS.EFS4        1    50    (0) + (AT)n          Simple_repeat          1     54    (0) 2011  
   64    1.5  1.4  1.4  Sniffles2.INS.ES25        1    70    (0) + (TCCAT)n       Simple_repeat          1     70    (0) 2012  
  353   18.5  0.0  0.0  Sniffles2.INS.ES2B        1    54    (3) + Alu            SINE/Alu              91    144   (22) 2013  
 1013   15.9  0.0  0.3  Sniffles2.INS.ES30        1   341    (1) + ALR/Alpha      Satellite/centr        1    340    (0) 2014  
  266   21.7  3.3  0.0  Sniffles2.INS.ES31        2    61   (55) C MLT1C2         LTR/ERVL-MaLR      (103)    358    297 2015  
  279   23.4  1.1  7.7  Sniffles2.INS.ES34       10   193   (55) C L1M4           LINE/L1           (3040)   3106   2983 2016  
  410    9.4  1.6  0.0  Sniffles2.INS.ES8         1    64    (2) C BSR/Beta       Satellite           (28)    108     44 2017  
   34    0.0  2.5  2.5  Sniffles2.INS.ESA7        6    45    (0) + (TTTC)n        Simple_repeat          1     40    (0) 2018  
 1018    9.1  1.2  0.6  Sniffles2.INS.ESA8        1   576    (6) C ACRO1          Satellite/acro      (50)    579      1 2019  
 1132   15.0  0.6  0.1  Sniffles2.INS.ESB0        1  2891    (1) + ALR/Alpha      Satellite/centr        1   2906    (0) 2020  
 1219   19.6  5.5  2.3  Sniffles2.INS.F0S11     277   569    (0) C LTR48          LTR/ERV1             (1)    786    485 2021  
  945   16.3  0.0  0.0  Sniffles2.INS.F0S25       1   341    (1) C ALR/Alpha      Satellite/centr     (24)    341      1 2022  
 1069   15.0  1.8  0.5  Sniffles2.INS.F1S25       1   676    (0) C ALR/Alpha      Satellite/centr     (13)    684      1 2023  
  934   15.5  1.0  1.0  Sniffles2.INS.F2S25       1   340    (1) C ALR/Alpha      Satellite/centr     (13)    340      1 2024  
  305    9.8  0.0  0.0  Sniffles2.INS.F2S31       8    48    (2) + MER51-int      LTR/ERV1            4170   4210 (3606) 2025  
 1092   14.8  0.8  0.0  Sniffles2.INS.F3S25       1   671    (9) C ALR/Alpha      Satellite/centr      (8)    676      1 2026  
  122    2.0  4.4  1.9  Sniffles2.INS.F3S38       1   158    (0) + (TTTC)n        Simple_repeat          1    162    (0) 2027  
   64    0.0  0.0  0.0  Sniffles2.INS.F4S13       1    57    (0) + (CCG)n         Simple_repeat          1     57    (0) 2028  
  964   15.5  1.0  0.6  Sniffles2.INS.F4S25       1   339    (1) C ALR/Alpha      Satellite/centr     (13)    340      1 2029  
  204   24.6  4.9  0.0  Sniffles2.INS.F4S33      14    74   (72) C L3             LINE/CR1           (550)   3549   3486 2030  
 1376    8.4  9.6  4.6  Sniffles2.INS.F4S5      744   992    (0) + THE1B          LTR/ERVL-MaLR          1    261  (103) 2031  
   34    8.7  4.9  0.0  Sniffles2.INS.F5S1        1    61    (1) + (ATTATAT)n     Simple_repeat          1     64    (0) 2032  
  817   16.0  0.0  0.8  Sniffles2.INS.F5S25       2   329    (5) C ALR/Alpha      Satellite/centr     (63)    325      1 2033  
   46    6.7  3.1  0.0  Sniffles2.INS.F5S39       1    64    (7) + (AT)n          Simple_repeat          1     66    (0) 2034  
   56    8.8  1.8  6.6  Sniffles2.INS.F6S38       4   114    (1) + (TA)n          Simple_repeat          1    106    (0) 2035  
 2864    1.0  0.3  0.0  Sniffles2.INS.F7S11       2   309    (0) C AluYg6         SINE/Alu             (1)    310      2 2036  
 1713   12.7  0.0  2.5  Sniffles2.INS.F7S2      156   406    (0) C AluSx          SINE/Alu             (0)    302     58 2037  
  626    9.0  0.0  6.7  Sniffles2.INS.F8S13       1    95    (1) + AluSx          SINE/Alu             149    237   (65) 2038  
   59   11.9  0.0  1.1  Sniffles2.INS.F8S33       1    96    (0) + (AAGA)n        Simple_repeat          1     95    (0) 2039  
   40    0.0  0.0  6.4  Sniffles2.INS.F8S5        1    50    (0) + (TCCCTC)n      Simple_repeat          1     47    (0) 2040  
   64   14.5  0.0  0.0  Sniffles2.INS.FBS35       1   107    (1) + (CCA)n         Simple_repeat          1    107    (0) 2041  
  395   16.4  4.5  0.0  Sniffles2.INS.FS16       21    87   (65) + Alu            SINE/Alu             224    293    (8) 2042  
   16   15.8  0.0  2.8  Sniffles2.INS.FS16       88   124   (28) + (TGGAA)n       Simple_repeat          1     36    (0) 2043  
   27    0.0  0.0  0.0  Sniffles2.INS.FS16      126   151    (1) + (GAGTG)n       Simple_repeat          1     26    (0) 2044  
  100   16.4  0.4  6.8  Sniffles2.INS.FS1F        2   251    (1) + (GGCT)n        Simple_repeat          1    235    (0) 2045  
  625    7.0  5.8  0.9  Sniffles2.INS.FS2         1  1031    (1) + (GGAG)n        Simple_repeat          1   1081    (0) 2046  
   44   14.7 11.7  0.7  Sniffles2.INS.FS29        1    14  (139) + (TA)n          Simple_repeat          1     71   (81) 2047  
   33   17.9  4.5  4.5  Sniffles2.INS.FS29       15   124   (29) + (ATATA)n       Simple_repeat          1    110    (0) 2048  
   44   14.7 11.7  0.7  Sniffles2.INS.FS29      125   137   (16) + (TA)n          Simple_repeat         72    152    (0) 2047  
  815   17.2  0.0  0.0  Sniffles2.INS.FS2F        2   171    (0) + ALR/Alpha      Satellite/centr        1    170    (0) 2049  
  911   15.3  1.7  0.3  Sniffles2.INS.FS30        1   339    (0) + ALR/Alpha      Satellite/centr        1    343    (0) 2050  
  301   17.6  5.2  5.2  Sniffles2.INS.FS34        1    96    (5) C L1MCa          LINE/L1           (4414)   2094   1999 2051  
 1168   12.0  0.3  0.0  Sniffles2.INS.FS36        2   504    (0) C ALR/Alpha      Satellite/centr      (0)    504      1 2052  
  955   16.5  0.1  0.1  Sniffles2.INS.FSB0        1   507    (0) + ALR/Alpha      Satellite/centr        1    507    (0) 2053  
  356    9.6  0.0  0.0  Sniffles2.INS.FSB4        1    52   (21) C L1P1           LINE/L1           (6101)     54      3 2054  
   27    2.8  2.6  2.6  Sniffles2.INS.FSBD        1    39   (20) + (TCCAT)n       Simple_repeat          1     39    (0) 2055  
