   SW   perc perc perc  query                 position in query    matching       repeat              position in repeat
score   div. del. ins.  sequence              begin end   (left)   repeat         class/family      begin  end    (left)   ID

   21    8.2 11.5  0.0  Sniffles2.INS.0S2D        1    52    (2) + (CATTT)n       Simple_repeat          1     58    (0)    1  
  333   23.5  0.0 10.1  Sniffles2.INS.0SB        28   136  (349) C L1MA7          LINE/L1              (9)   6282   6184    2  
  310   21.9  4.0  5.9  Sniffles2.INS.0SB       125   243  (242) C L1MA7          LINE/L1              (9)   6282   6165    3 *
  268   29.0  0.8  8.4  Sniffles2.INS.0SB       214   341  (144) C L1MA7          LINE/L1              (9)   6282   6164    3 *
  329   25.6  0.8  8.4  Sniffles2.INS.0SB       311   438   (47) C L1MA7          LINE/L1              (9)   6282   6164    3  
  290   23.0  0.0  0.3  Sniffles2.INS.0SB       408   479    (6) C L1MA6          LINE/L1              (9)   6291   6218    4 *
  104    3.5  6.3  4.1  Sniffles2.INS.0SB2        3   192    (0) + (ATATTAT)n     Simple_repeat          1    194    (0)    5  
 1156   14.8  0.3  0.3  Sniffles2.INS.0SBA        1   684    (1) C ALR/Alpha      Satellite/centr      (0)    683      1    6  
  184    0.0  0.0  0.0  Sniffles2.INS.100S13      2   200    (0) + (A)n           Simple_repeat          1    199    (0)    7  
   58   18.8  2.3  1.5  Sniffles2.INS.100S35      1   133    (0) + (CAT)n         Simple_repeat          1    134    (0)    8  
  956   15.7  0.6  0.0  Sniffles2.INS.103S25      4   169    (0) C ALR/Alpha      Satellite/centr      (0)    171      5    9  
 2675    0.7  0.0  0.0  Sniffles2.INS.104S13     12   330    (0) C AluYa5         SINE/Alu             (0)    311      1   10  
  361   11.3  0.0  0.0  Sniffles2.INS.104S25      1    53    (0) C ALR/Alpha      Satellite/centr    (107)     64     12   11  
   44    2.2  0.0  2.1  Sniffles2.INS.104S35      5    53    (0) + (TCTT)n        Simple_repeat          1     48    (0)   12  
  114    3.2 12.4  0.0  Sniffles2.INS.106S22      1   226    (2) + (AT)n          Simple_repeat          1    254    (0)   13  
   51    0.0  0.0  0.0  Sniffles2.INS.106S35      1    46    (0) + (AAAGG)n       Simple_repeat          1     46    (0)   14  
   91    5.5  2.1  2.8  Sniffles2.INS.107S35      1   142    (2) + (AAGGA)n       Simple_repeat          1    141    (0)   15  
  167    4.8 10.5  0.3  Sniffles2.INS.107S39      1   344    (0) + (AT)n          Simple_repeat          1    379    (0)   16  
  321   18.2  5.7  3.0  Sniffles2.INS.108S33      8   916    (3) + (CCTT)n        Simple_repeat          1    933    (0)   17  
   67    4.9  5.1  4.3  Sniffles2.INS.109S18      7   144    (5) + (GAGT)n        Simple_repeat          1    139    (0)   18  
   48    2.5 10.8  0.0  Sniffles2.INS.109S33      1    83    (0) + (TCTT)n        Simple_repeat          1     92    (0)   19  
   12   28.4  1.7  3.5  Sniffles2.INS.109S6     208   266  (112) + (TTTTATT)n     Simple_repeat          1     58    (0)   20  
   36    0.0  1.9  8.2  Sniffles2.INS.10AS35      1    52    (5) + (TA)n          Simple_repeat          1     49    (0)   21  
   53    0.0  0.0  0.0  Sniffles2.INS.10AS5       6    53    (0) + (AAAG)n        Simple_repeat          1     48    (0)   22  
 1502   11.2  5.0  0.7  Sniffles2.INS.10BS24      2  1217    (1) C GSATII         Satellite/centr      (0)   1267      1   23  
   55    0.0  0.0  0.0  Sniffles2.INS.10CS24      1    47    (7) + (TA)n          Simple_repeat          1     47    (0)   24  
   13   19.9  0.0  7.0  Sniffles2.INS.10CS35      1    46    (0) + (TTATATA)n     Simple_repeat          1     43    (0)   25  
  144   22.0  3.2  7.6  Sniffles2.INS.10DS1       1   628   (14) + G-rich         Low_complexity         1    602    (0)   26  
   15   14.4  2.4  4.9  Sniffles2.INS.10ES0       8    49    (2) + G-rich         Low_complexity         1     41    (0)   27  
   56    3.4  0.0  0.0  Sniffles2.INS.10ES25      1    60    (0) + (GAATG)n       Simple_repeat          1     60    (0)   28  
   35    0.0  1.7  7.3  Sniffles2.INS.10FS11      1    58    (2) + (AAAG)n        Simple_repeat          1     55    (0)   29  
   28   16.6  0.0  0.0  Sniffles2.INS.10FS25      1    54    (1) + (TGGAA)n       Simple_repeat          1     54    (0)   30  
  531   18.1  4.9  5.8  Sniffles2.INS.10S15       3   630   (51) C HSATII         Satellite            (4)    622      1   31  
   14   17.5  0.0  0.0  Sniffles2.INS.10S15     647   678    (3) + (GAATG)n       Satellite              1     32    (0)   32  
   12   30.4  0.0  0.0  Sniffles2.INS.10S16       6    49    (1) + (GAATG)n       Simple_repeat          1     44    (0)   33  
   88   15.1  0.0  1.3  Sniffles2.INS.10S28       1   158    (0) + (CTTT)n        Simple_repeat          1    156    (0)   34  
 1085   16.5  0.9  0.0  Sniffles2.INS.10S2F       1   334    (3) + ALR/Alpha      Satellite/centr        1    337    (0)   35  
  963   14.2  3.2  0.0  Sniffles2.INS.10S30       1   166    (1) + ALR/Alpha      Satellite/centr        1    171    (0)   36  
  615    9.0  0.0  0.0  Sniffles2.INS.10S34       1    96    (0) C CER            Satellite           (40)     96      1   37  
 2828    1.0  0.0  0.0  Sniffles2.INS.10S36      18   318    (0) + AluYa5         SINE/Alu               1    301   (10)   38  
 2286   11.2  0.3  0.0  Sniffles2.INS.10S3A      47   350  (322) + AluSx          SINE/Alu               1    305    (7)   39  
  796   14.8  3.7  2.1  Sniffles2.INS.10S8        1   473    (0) + BSR/Beta       Satellite              1    480    (0)   40  
 1054    7.6  1.0  0.1  Sniffles2.INS.10SA8       2   434    (1) C ACRO1          Satellite/acro       (0)    436      1   41  
 1000   13.2  0.9  0.9  Sniffles2.INS.10SAD       1   437    (1) C ACRO1          Satellite/acro      (30)    437      1   42  
 1117   15.3  0.7  0.0  Sniffles2.INS.10SB0       2  1696    (0) + ALR/Alpha      Satellite/centr        1   1706    (0)   43  
 1104    7.4  0.9  0.0  Sniffles2.INS.10SBB       1   723    (0) C ACRO1          Satellite/acro      (55)    729      1   44  
  187   34.0  6.2  0.0  Sniffles2.INS.110S13     18   114    (1) C L2             LINE/L2            (413)   3006   2904   45  
   43    4.3  0.0  0.0  Sniffles2.INS.110S25      1    49    (1) + (AATGG)n       Simple_repeat          1     49    (0)   46  
   36   16.1  1.0  9.5  Sniffles2.INS.112S1       1   103    (1) + (AT)n          Simple_repeat          1     95    (0)   47  
   91    2.5  0.7  8.2  Sniffles2.INS.112S39      1   144    (3) + (TA)n          Simple_repeat          1    134    (0)   48  
  552    4.0  0.0  0.0  Sniffles2.INS.116S13      1    75    (0) C SVA_F          Retroposon/SVA     (546)    829    755   49  
 1116   15.7  1.2  0.0  Sniffles2.INS.116S23      3  1016    (0) + ALR/Alpha      Satellite/centr        1   1026    (0)   50  
  301    7.9  0.4  2.7  Sniffles2.INS.117S11      1   457    (1) + (AGGG)n        Simple_repeat          1    447    (0)   51  
  878   17.8  0.6  0.0  Sniffles2.INS.117S23      6   168    (0) + ALR/Alpha      Satellite/centr        1    164    (7)   52  
   45   11.2  0.0  0.0  Sniffles2.INS.117S25     13    89    (1) + (GAATG)n       Satellite              1     77    (0)   53  
  445   17.9  6.3  1.0  Sniffles2.INS.118S25      1   216    (9) C HSATII         Satellite           (31)    227      1   54  
  516    6.1  0.0  0.0  Sniffles2.INS.11AS24      1    66    (0) + MER9a1         LTR/ERVK             229    294  (219)   55  
 1088   13.7  0.2  0.0  Sniffles2.INS.11CS23      1   333    (8) + ALR/Alpha      Satellite/centr        1    333    (0)   56  
   16   21.0  2.4  2.4  Sniffles2.INS.11DS25      9    49   (24) + (TA)n          Simple_repeat          1     41    (0)   57  
  794   10.8  0.0  0.0  Sniffles2.INS.11ES1       1   120    (0) C L1P3           LINE/L1            (972)   5174   5055   58  
   20    8.7 12.0  0.0  Sniffles2.INS.11ES3A      1    50    (2) + (CTTC)n        Simple_repeat          1     56    (0)   59  
  105   19.3  5.9  0.3  Sniffles2.INS.11FS18      9   281    (0) + (AC)n          Simple_repeat          1    288    (0)   60  
   18   26.2  5.9  2.9  Sniffles2.INS.11FS39      7   108   (80) + (ACACAT)n      Simple_repeat          1    105    (0)   61 *
   22   10.7  5.6  3.6  Sniffles2.INS.11FS39     60   113   (75) + (CACA)n        Simple_repeat          1     55    (0)   62  
   30    6.6  7.6  1.4  Sniffles2.INS.11FS39    123   188    (0) + (CA)n          Simple_repeat          1     70    (0)   63  
 1010   17.6  0.0  0.3  Sniffles2.INS.11S2F       1   341    (1) + ALR/Alpha      Satellite/centr        1    340    (0)   64  
  529   13.1  3.4  0.0  Sniffles2.INS.11S34       1   131    (5) C CER            Satellite           (33)    135      1   65  
 1240   11.7  0.5  0.1  Sniffles2.INS.11S36       2   852    (0) C ALR/Alpha      Satellite/centr     (12)    854      1   66  
  847    0.0  0.0  0.0  Sniffles2.INS.11S65       1    89    (1) + AluYb8         SINE/Alu             220    308   (10)   67  
  793   15.9  1.6  0.0  Sniffles2.INS.11S6F       1   168    (1) C ALR/Alpha      Satellite/centr     (70)    170      1   68  
 1054    8.0  0.5  0.0  Sniffles2.INS.11SA8       1   720    (9) C ACRO1          Satellite/acro       (9)    723      1   69  
  869   15.6  0.0  0.0  Sniffles2.INS.11SB0       5   168    (0) + ALR/Alpha      Satellite/centr        1    164    (0)   70  
  899    4.1  3.4  1.3  Sniffles2.INS.121S13      1   149    (0) + SVA_F          Retroposon/SVA       672    823  (552)   71  
   53    0.0  5.4  0.0  Sniffles2.INS.121S22      1    56    (1) + (CT)n          Simple_repeat          1     59    (0)   72  
   39    5.7  1.8  0.0  Sniffles2.INS.121S38      1    56    (0) + (GAAGA)n       Simple_repeat          1     57    (0)   73  
   27   19.3  0.0  0.0  Sniffles2.INS.122S39      1    50    (2) + (AT)n          Simple_repeat          1     50    (0)   74  
   24   24.9  0.0  0.0  Sniffles2.INS.123S3A      1    51    (0) + (CA)n          Simple_repeat          1     51    (0)   75  
   54    8.4  0.0  0.0  Sniffles2.INS.126S0       1    76    (1) + (ACACAGC)n     Simple_repeat          1     76    (0)   76  
   65    0.0  3.1  0.0  Sniffles2.INS.126S31      1    65    (0) + (AAGA)n        Simple_repeat          1     67    (0)   77  
  125    7.7  0.6  0.0  Sniffles2.INS.127S0       1   166    (1) + (CACAGCA)n     Simple_repeat          1    167    (0)   78  
   22   13.5  3.5  7.1  Sniffles2.INS.127S22      1    58    (0) + (TA)n          Simple_repeat          1     56    (0)   79  
  747   17.2  0.0  0.0  Sniffles2.INS.127S23      7   170    (0) + ALR/Alpha      Satellite/centr        1    164    (0)   80  
 1031   16.1  0.0  0.0  Sniffles2.INS.128S23      1   341    (0) + ALR/Alpha      Satellite/centr        1    341    (0)   81  
  156    7.9  0.9  0.0  Sniffles2.INS.129S0       1   214    (1) + (CACAGCC)n     Simple_repeat          1    216    (0)   82  
 1270   11.8  2.0  0.5  Sniffles2.INS.129S11      1  1190    (1) + ALR/Alpha      Satellite/centr        1   1207    (0)   83  
   21   22.7  4.2  4.2  Sniffles2.INS.129S31     12    82    (0) + (TA)n          Simple_repeat          1     71    (0)   84  
   57    0.0  0.0  4.8  Sniffles2.INS.129S33      1    65    (0) + (TCTT)n        Simple_repeat          1     62    (0)   85  
   31   18.6  7.5  1.0  Sniffles2.INS.129S5       1    93    (2) + (AT)n          Simple_repeat          1     99    (0)   86  
  237   10.0  2.2  0.3  Sniffles2.INS.12AS0       1   370    (1) + (CCACAGC)n     Simple_repeat          1    377    (0)   87  
  161    4.0  1.1  6.7  Sniffles2.INS.12AS18      1   268    (0) + (TTCCT)n       Simple_repeat          1    254    (0)   88  
 2937    0.3  0.0  0.6  Sniffles2.INS.12AS24     15   328    (0) + AluYb8         SINE/Alu               1    312    (6)   89  
   22   25.0  0.0  0.0  Sniffles2.INS.12AS35      3    51    (3) + (AT)n          Simple_repeat          1     49    (0)   90  
   18   24.9  3.9  0.0  Sniffles2.INS.12BS33      1    52   (10) + (TA)n          Simple_repeat          1     54    (0)   91  
  186   14.0  6.6  0.0  Sniffles2.INS.12DS39      3   394    (0) + (AT)n          Simple_repeat          1    418    (0)   92  
   15   19.5  2.3  2.3  Sniffles2.INS.12ES1      20    62    (1) + (ATAC)n        Simple_repeat          1     43    (0)   93  
   51    6.6  7.1  1.9  Sniffles2.INS.12ES5       1    99    (2) + (AATATAT)n     Simple_repeat          1    104    (0)   94  
 1234   12.9  0.8  0.0  Sniffles2.INS.12FS23      3   675    (1) + ALR/Alpha      Satellite/centr        1    678    (0)   95  
  311   20.0 11.2  1.9  Sniffles2.INS.12S16       1   143   (10) C HSATII         Satellite           (10)    160      5   96  
  137    8.6  1.9  1.9  Sniffles2.INS.12S25       1   262    (3) + (TCCAT)n       Simple_repeat          1    262    (0)   97  
 1041   16.4  0.0  0.2  Sniffles2.INS.12S2F       1   341    (0) + ALR/Alpha      Satellite/centr        1    340    (0)   98  
  854   15.1  0.8  0.8  Sniffles2.INS.12S30       1   169    (1) + ALR/Alpha      Satellite/centr        1    168    (0)   99  
 2828    1.0  0.0  0.0  Sniffles2.INS.12S36      18   318    (0) + AluYa5         SINE/Alu               1    301   (10)  100  
   39   25.8  0.9  0.0  Sniffles2.INS.12S5D       3   108    (1) + (AATGG)n       Simple_repeat          1    107    (0)  101  
 2899    0.7  0.3  0.0  Sniffles2.INS.12S65       9   318    (0) + AluYb8         SINE/Alu               1    311    (7)  102  
  503   10.3  0.0  0.0  Sniffles2.INS.12S8        1    68    (1) + BSR/Beta       Satellite             30     97   (39)  103  
  810   15.0  0.4  0.0  Sniffles2.INS.12SB0       6   167    (0) + ALR/Alpha      Satellite/centr        1    162    (0)  104  
   25   25.8  0.0  0.0  Sniffles2.INS.12SBD       5    73    (2) + (ATTCC)n       Simple_repeat          1     69    (0)  105  
  346   31.9  0.9  0.0  Sniffles2.INS.130S35    550   665 (2765) C Charlie2a      DNA/hAT-Charlie    (838)   2023   1907  106  
  231   33.6  3.6  1.4  Sniffles2.INS.130S35    692   830 (2600) C Charlie2a      DNA/hAT-Charlie   (1059)   1802   1661  106  
 1702   17.3  0.0  1.3  Sniffles2.INS.130S35    955  1265 (2165) + AluSx          SINE/Alu               3    309    (3)  107  
   13   19.8  0.0  2.8  Sniffles2.INS.130S35   1267  1303 (2127) + A-rich         Low_complexity         1     36    (0)  108  
  261   25.0  4.3  0.0  Sniffles2.INS.130S35   1500  1591 (1839) + MLT1E3         LTR/ERVL-MaLR         12    107  (573)  109  
  450   28.3  8.4  6.3  Sniffles2.INS.130S35   1721  2078 (1352) + MLT1E3         LTR/ERVL-MaLR        260    624    (0)  109  
   15    5.5  0.0  0.0  Sniffles2.INS.130S35   2125  2143 (1287) + (GT)n          Simple_repeat          1     19    (0)  110  
   36   16.6  0.0  5.4  Sniffles2.INS.130S38      3    80    (0) + (AT)n          Simple_repeat          1     74    (0)  111  
   24   14.8  3.9  0.0  Sniffles2.INS.131S33      5    56    (1) + (TATA)n        Simple_repeat          1     54    (0)  112  
   29   20.4  2.7  0.0  Sniffles2.INS.132S33      1    73    (1) + (TATA)n        Simple_repeat          1     75    (0)  113  
   64    0.0  5.3  1.3  Sniffles2.INS.132S38      3    78    (0) + (TTCT)n        Simple_repeat          1     79    (0)  114  
 1099   13.6  0.3  0.0  Sniffles2.INS.133S23      1   341    (0) + ALR/Alpha      Satellite/centr        1    341    (0)  115  
  684   19.0  4.2  2.4  Sniffles2.INS.136S25      8   380    (2) C MLT2B4         LTR/ERVL           (144)    573    387  116  
 1769   10.0 10.6  0.7  Sniffles2.INS.139S18     90   362 (2208) + AluSx          SINE/Alu               1    300   (12)  117  
  365   13.0  0.0  9.7  Sniffles2.INS.139S18   1413  1480 (1090) + MER57E3        LTR/ERV1               1     62  (425)  118  
  621   10.8  5.2  3.7  Sniffles2.INS.139S18   1515  1648  (922) + MER57E3        LTR/ERV1             148    283  (204)  118  
  286   25.6  2.5  2.5  Sniffles2.INS.139S18   1625  1704  (866) C SVA_A          Retroposon/SVA    (1054)    333    254  119 *
  963    9.3  5.8  0.0  Sniffles2.INS.139S18   1644  1782  (788) + AluSx          SINE/Alu             156    302    (0)  120 *
 1509   12.1  0.4  1.7  Sniffles2.INS.139S18   1780  2014  (556) + MER57E3        LTR/ERV1             256    487    (0)  121  
 1088   14.8  0.0  0.2  Sniffles2.INS.13AS23      1   333    (9) + ALR/Alpha      Satellite/centr        1    332    (0)  122  
   38    2.0  0.0  5.6  Sniffles2.INS.13BS39      2    58    (0) + (AGG)n         Simple_repeat          1     54    (0)  123  
   15   22.7  5.1  1.6  Sniffles2.INS.13CS25      2    60   (15) + (TAATA)n       Simple_repeat          1     61    (0)  124  
   36   32.9  1.6  2.7  Sniffles2.INS.13DS25      4   189    (1) + (TATTATA)n     Simple_repeat          1    184    (0)  125  
  154   16.3  1.5  2.8  Sniffles2.INS.13DS33      7   330    (7) + (GTG)n         Simple_repeat          1    320    (0)  126  
  141    9.9  0.5  0.5  Sniffles2.INS.13ES2       4   223    (1) + (ATGG)n        Simple_repeat          1    220    (0)  127  
   20   16.4  3.5  3.5  Sniffles2.INS.13ES25      6    63    (5) + (ATATATG)n     Simple_repeat          1     58    (0)  128  
 1072   15.4  1.3  0.3  Sniffles2.INS.13FS23      1   670    (5) + ALR/Alpha      Satellite/centr        1    676    (0)  129  
  853    0.0  0.0  0.0  Sniffles2.INS.13FS25      1    88    (0) + AluY           SINE/Alu             174    261   (50)  130  
  434   17.7  5.5  7.8  Sniffles2.INS.13S16       1   194   (15) C HSATII         Satellite           (53)    189      1  131  
 1204   11.2  1.2  0.5  Sniffles2.INS.13S24       1   501    (8) + ALR/Alpha      Satellite/centr        1    504    (0)  132  
  245   20.0  0.0  0.0  Sniffles2.INS.13S2B       3    42   (83) + AluYa5         SINE/Alu             233    272   (39)  133  
  310   19.2  0.0  0.0  Sniffles2.INS.13S2B      62   113   (12) + Alu            SINE/Alu              89    140   (26)  134  
 1048   14.2  1.3  0.0  Sniffles2.INS.13S2F       1   337    (1) + ALR/Alpha      Satellite/centr        1    341    (0)  135  
  657   15.6  0.8  0.2  Sniffles2.INS.13S34       1   330    (6) C CER            Satellite            (0)    332      1  136  
  987   14.5  0.0  0.0  Sniffles2.INS.13S36       1   170    (1) C ALR/Alpha      Satellite/centr     (12)    170      1  137  
 1246   14.2  2.5  0.1  Sniffles2.INS.13S65       1  2337    (0) + ALR/Alpha      Satellite/centr        1   2393    (0)  138  
 1005    8.5  0.0  0.5  Sniffles2.INS.13S8        1   424    (4) C BSR/Beta       Satellite            (1)    421      1  139  
  829    9.1  0.0  0.0  Sniffles2.INS.13SBB       1   146    (0) C ACRO1          Satellite/acro      (48)    146      1  140  
 1180   12.8  1.0  0.1  Sniffles2.INS.140S23      1   678    (0) + ALR/Alpha      Satellite/centr        1    683    (0)  141  
 2189    0.4  0.0  1.6  Sniffles2.INS.140S25      1   256    (0) + AluY           SINE/Alu              41    292    (9)  142  
 1466   18.1  0.0  5.4  Sniffles2.INS.141S25    281   572  (450) C AluY           SINE/Alu            (12)    289     13  143  
 1006   26.1  7.9  0.3  Sniffles2.INS.142S1      43   384  (835) + L2a            LINE/L2             3061   3425    (0)  144  
   69   14.5  2.4  4.9  Sniffles2.INS.142S25      1   167    (2) + (TATATTA)n     Simple_repeat          1    163    (0)  145  
   24   19.3  2.0  0.0  Sniffles2.INS.142S31      5    53    (0) + (TA)n          Simple_repeat          1     50    (0)  146  
   44    4.2  2.0  0.0  Sniffles2.INS.142S6       1    50    (3) + (TA)n          Simple_repeat          1     51    (0)  147  
  119   11.8  2.0  5.3  Sniffles2.INS.143S25      1   256  (127) + (TATATAA)n     Simple_repeat          1    247    (0)  148  
   28    0.0  7.2 10.6  Sniffles2.INS.143S25    270   366   (17) + (TATATCGA)n    Simple_repeat          1     94    (0)  149  
   28    6.3  3.5  7.3  Sniffles2.INS.143S39      3    68    (0) + (AT)n          Simple_repeat          1     63    (0)  150  
 1234   13.8  0.8  0.0  Sniffles2.INS.144S23      8   675    (1) + ALR/Alpha      Satellite/centr        1    673    (0)  151  
  251   25.8  2.8  3.0  Sniffles2.INS.144S25      4   894    (2) + (ATATATA)n     Simple_repeat          1    889    (0)  152  
   38    6.2  0.0  1.9  Sniffles2.INS.145S1       1    53    (0) + (CTT)n         Simple_repeat          1     52    (0)  153  
  233   17.4  4.2  3.7  Sniffles2.INS.145S33      1   638    (5) + (GTGTGG)n      Simple_repeat          1    641    (0)  154  
 1234   13.5  0.9  0.0  Sniffles2.INS.146S23      3   673    (2) + ALR/Alpha      Satellite/centr        1    677    (0)  155  
   32    6.3  0.0  5.7  Sniffles2.INS.146S31      1    56    (0) + (GGAA)n        Simple_repeat          1     53    (0)  156  
  451   21.9  0.0  0.0  Sniffles2.INS.147S0       2    97    (1) C MLT2B4         LTR/ERVL           (125)    431    336  157  
   80   27.6  0.8  1.2  Sniffles2.INS.148S25      3   246    (4) + (ATATATT)n     Simple_repeat          1    243    (0)  158  
  517   15.2  2.2  0.0  Sniffles2.INS.149S0       4    95    (3) C MLT2B4         LTR/ERVL           (125)    431    338  159  
  672   18.0  2.8  2.8  Sniffles2.INS.14AS0       1   143    (0) C MLT2B4         LTR/ERVL           (133)    423    281  160  
  295   28.7  2.9  1.9  Sniffles2.INS.14BS5     198   300  (406) + MER103C        DNA/hAT-Charlie      103    206   (91)  161  
   20   22.1  0.0  0.0  Sniffles2.INS.14BS5     332   373  (333) + (T)n           Simple_repeat          1     42    (0)  162  
   24   17.7  7.5  0.0  Sniffles2.INS.14CS31      1    72    (1) + GA-rich        Low_complexity         1     77    (0)  163  
   41    0.0  3.5  1.7  Sniffles2.INS.14ES1       1    57    (0) + (AGAA)n        Simple_repeat          1     58    (0)  164  
  304   13.7  4.2  7.6  Sniffles2.INS.14S25       1    95    (9) + HSATII         Satellite             48    139   (31)  165  
  354   21.0  0.0  0.0  Sniffles2.INS.14S2B      68   129   (75) + Alu            SINE/Alu             228    289   (13)  166  
  256   20.8  0.0  0.0  Sniffles2.INS.14S2B     146   193   (11) + Alu            SINE/Alu             225    272   (29)  167  
  886   13.7  3.2  0.0  Sniffles2.INS.14S2F       1   167    (0) + ALR/Alpha      Satellite/centr        1    172    (0)  168  
 1088   13.6  0.5  0.3  Sniffles2.INS.14S30       1   338    (0) + ALR/Alpha      Satellite/centr        1    338    (0)  169  
 1229   13.9  0.5  0.1  Sniffles2.INS.14S65       1  4321 (1088) + ALR/Alpha      Satellite/centr        1   4336    (0)  170  
 2956    0.6  0.0  0.0  Sniffles2.INS.14S65    4322  4634  (775) + AluYb8         SINE/Alu               1    313    (5)  171  
 1256   12.0  0.6  0.2  Sniffles2.INS.14S65    4635  5408    (1) + ALR/Alpha      Satellite/centr        1    777    (0)  172  
  778   11.6  0.1  0.0  Sniffles2.INS.14SA8       1   667    (0) C CER            Satellite            (7)    668      1  173  
  854   12.3  0.0  0.0  Sniffles2.INS.14SAD       1   146    (1) C ACRO1          Satellite/acro      (59)    146      1  174  
   70    3.1  0.0  8.4  Sniffles2.INS.150S37      1   116    (3) + (GGT)n         Simple_repeat          1    107    (0)  175  
  237   13.3  0.0  0.0  Sniffles2.INS.154S1       2   371    (1) + (CAC)n         Simple_repeat          1    370    (0)  176  
 1183   11.6  0.7  0.0  Sniffles2.INS.154S23      1   340    (0) + ALR/Alpha      Satellite/centr        1    342    (0)  177  
  185   11.1  3.5  3.5  Sniffles2.INS.154S25      2   374    (4) + (TATAATA)n     Simple_repeat          1    373    (0)  178  
   54    0.0  3.6  0.0  Sniffles2.INS.155S38      8    63    (0) + (ATATATACAT)n  Simple_repeat          1     58    (0)  179  
  136   15.2  2.3  4.3  Sniffles2.INS.157S0       1   306    (4) + (GGTG)n        Simple_repeat          1    300    (0)  180  
  700   10.5  7.0  0.0  Sniffles2.INS.157S33      1   114   (66) C L1MA1          LINE/L1            (109)   6193   6072  181  
  427   10.8  0.0  1.5  Sniffles2.INS.157S33    113   178    (2) C L1MA1          LINE/L1             (41)   6261   6197  182 *
   37    4.3  0.0  4.0  Sniffles2.INS.157S6       1    52    (0) + (TTTC)n        Simple_repeat          1     50    (0)  183  
  489   21.6 15.1  1.8  Sniffles2.INS.159S1     232   377  (286) C MER5A1         DNA/hAT-Charlie      (0)    166      2  184  
   30   10.7  4.0  0.0  Sniffles2.INS.159S33      1    50    (0) + (AT)n          Simple_repeat          1     52    (0)  185  
 1058   14.2  0.0  0.2  Sniffles2.INS.15AS23      1   686    (0) + ALR/Alpha      Satellite/centr        1    684    (0)  186  
   25    8.7  5.8  1.9  Sniffles2.INS.15CSBF      1    52    (0) + A-rich         Low_complexity         1     54    (0)  187  
   61    0.0  0.0  1.7  Sniffles2.INS.15DS38      1    59    (0) + (TTCT)n        Simple_repeat          1     58    (0)  188  
   20   23.7  0.0  1.9  Sniffles2.INS.15ES31      1    53    (2) + (TGG)n         Simple_repeat          1     52    (0)  189  
   41   20.3  0.0  0.0  Sniffles2.INS.15ES33      1    86    (0) + (TATA)n        Simple_repeat          1     86    (0)  190  
   30    8.8  0.0  7.5  Sniffles2.INS.15ES35      1    57    (0) + (AT)n          Simple_repeat          1     53    (0)  191  
   31    8.2  5.8  0.0  Sniffles2.INS.15ES5       1    52    (2) + (AT)n          Simple_repeat          1     55    (0)  192  
  104    5.9  5.6  0.0  Sniffles2.INS.15FS5       1   160    (2) + (AT)n          Simple_repeat          1    169    (0)  193  
   23    9.6  8.9  0.0  Sniffles2.INS.15FS6       9    53    (0) + (AT)n          Simple_repeat          1     49    (0)  194  
 3027    0.3  0.0  0.0  Sniffles2.INS.15S0       16   333    (3) + AluYb8         SINE/Alu               1    318    (0)  195  
  449   15.0 13.3  6.6  Sniffles2.INS.15S16       5   147    (1) C HSATII         Satellite           (12)    158      7  196  
  263   23.5  0.0  0.0  Sniffles2.INS.15S2B       5    55    (4) + Alu            SINE/Alu             228    278   (23)  197  
  962   14.5  2.0  0.0  Sniffles2.INS.15S2F       1   337    (0) + ALR/Alpha      Satellite/centr        1    343    (0)  198  
  754   18.4  0.0  0.0  Sniffles2.INS.15S30       1   171    (0) + ALR/Alpha      Satellite/centr        1    171    (0)  199  
  895   12.9  0.0  0.0  Sniffles2.INS.15S6F       1   171    (0) C ALR/Alpha      Satellite/centr     (48)    171      1  200  
  574   13.1  0.8 16.2  Sniffles2.INS.15S8        1   128    (2) + BSR/Beta       Satellite             19    129    (7)  201  
 1099    6.1  0.5  0.0  Sniffles2.INS.15SAD       1   290    (1) C ACRO1          Satellite/acro      (12)    291      1  202  
   65    4.3  1.4  0.0  Sniffles2.INS.160S22      3    74    (2) + (CT)n          Simple_repeat          1     73    (0)  203  
  512   24.3  0.1  0.1  Sniffles2.INS.162S33     10   206 (1283) + (TA)n          Simple_repeat          1    207 (1272)  204  
  231    2.6  0.0  0.0  Sniffles2.INS.162S33    207   245 (1244) + MLT2B5         LTR/ERVL             478    516   (39)  205  
  512   24.3  0.1  0.1  Sniffles2.INS.162S33    246   318 (1171) + (TA)n          Simple_repeat        208    283 (1196)  204  
  227    2.6  0.0  0.0  Sniffles2.INS.162S33    319   357 (1132) + MLT2B5         LTR/ERVL             478    516   (39)  205  
  512   24.3  0.1  0.1  Sniffles2.INS.162S33    358  1489    (0) + (TA)n          Simple_repeat        284   1479    (0)  204  
   34   15.0  0.0  0.0  Sniffles2.INS.162S37      1    54    (0) + G-rich         Low_complexity         1     54    (0)  206  
   36    0.0  3.9  1.9  Sniffles2.INS.162S38      3    53    (0) + (AAAG)n        Simple_repeat          1     52    (0)  207  
  431   29.3  2.0  4.6  Sniffles2.INS.163S31     35   281 (3218) C L1M1           LINE/L1           (4227)   3338   3098  208  
 3311   24.4  5.7  2.4  Sniffles2.INS.163S31    294  1387 (2112) C L1M1           LINE/L1           (4540)   3025   1897  208  
 1012   34.1  6.7  3.0  Sniffles2.INS.163S31   1950  2693  (806) C L1M3a          LINE/L1           (5183)    772      2  209  
 1410   10.3  0.0  1.0  Sniffles2.INS.163S31   2857  3062  (437) C L1PA14         LINE/L1              (0)   6161   5958  210  
  404   27.1 14.9  3.0  Sniffles2.INS.163S31   3097  3491    (8) C L1ME4c         LINE/L1            (257)   5826   5386  211  
   22   19.1  0.0  0.0  Sniffles2.INS.167S1       8    55    (0) + (ATGGA)n       Simple_repeat          1     48    (0)  212  
  922   12.6  0.7  0.7  Sniffles2.INS.167S25      1   135    (0) + AluSz          SINE/Alu              53    187  (125)  213  
  307    2.8  0.0  0.0  Sniffles2.INS.16AS25      7    85    (7) C Alu            SINE/Alu             (0)    301    246  214  
   49    2.8  3.9  2.6  Sniffles2.INS.16DS22      1    77    (1) + (ATTATAT)n     Simple_repeat          1     78    (0)  215  
 1041   15.6  0.0  0.3  Sniffles2.INS.16S2F       1   338    (3) + ALR/Alpha      Satellite/centr        1    337    (0)  216  
  258   12.8  0.0  0.0  Sniffles2.INS.16S34     526   572  (243) + L1P4           LINE/L1             4976   5022 (1124)  217  
  272   21.8  4.5  7.6  Sniffles2.INS.16S58      41   222    (9) C HSATII         Satellite            (7)    176      1  218  
   44   19.1  0.0  0.0  Sniffles2.INS.16S5D       1    89    (0) + (ATGGA)n       Simple_repeat          1     89    (0)  219  
 1174   14.8  0.6  0.3  Sniffles2.INS.16S6F       2  1700   (10) C ALR/Alpha      Satellite/centr     (62)   1703      1  220  
  770   16.2  0.9  5.5  Sniffles2.INS.16S8        1   268    (1) + BSR/Beta       Satellite              1    255    (0)  221  
 1129   10.0  0.4  0.0  Sniffles2.INS.16SAD       1   437    (1) C ACRO1          Satellite/acro      (39)    438      1  222  
 1088   14.6  0.9  1.7  Sniffles2.INS.170S23      1  1013    (1) + ALR/Alpha      Satellite/centr        1   1005    (0)  223  
 1116   14.7  0.7  2.0  Sniffles2.INS.171S23      1  1360    (0) + ALR/Alpha      Satellite/centr        1   1343    (0)  224  
  134   14.4  6.2  0.7  Sniffles2.INS.173S25      1   290    (6) + (TA)n          Simple_repeat          1    306    (0)  225  
   12   12.3  2.3 10.0  Sniffles2.INS.174S25     11    53    (2) + (AATAT)n       Simple_repeat          1     40    (0)  226  
 1088   14.7  0.0  0.0  Sniffles2.INS.175S23      1   338    (2) + ALR/Alpha      Satellite/centr        1    338    (0)  227  
 1234   13.9  1.0  0.1  Sniffles2.INS.176S23      2   673    (0) + ALR/Alpha      Satellite/centr        1    678    (0)  228  
   49   26.2  3.8  0.6  Sniffles2.INS.176S25      2   158    (7) + (TA)n          Simple_repeat          1    162    (0)  229  
   29    0.0  8.9  0.0  Sniffles2.INS.176S6       2    46    (5) + (AAAG)n        Simple_repeat          1     49    (0)  230  
 1168   11.8  1.3  0.1  Sniffles2.INS.177S23      3   672    (4) + ALR/Alpha      Satellite/centr        1    677    (0)  231  
 1184   14.1  2.3  0.2  Sniffles2.INS.178S23      1  1329    (5) + ALR/Alpha      Satellite/centr        1   1356    (0)  232  
 1020   13.7  0.3  0.0  Sniffles2.INS.179S23      1   341    (0) + ALR/Alpha      Satellite/centr        1    341    (0)  233  
 1195   13.4  1.7  0.0  Sniffles2.INS.17AS23      1   674    (0) + ALR/Alpha      Satellite/centr        1    685    (0)  234  
 1349   13.0  0.5  0.1  Sniffles2.INS.17BS11      1  1695    (1) + ALR/Alpha      Satellite/centr        1   1701    (2)  235  
 1088   14.8  0.0  0.0  Sniffles2.INS.17BS23      4   339    (3) + ALR/Alpha      Satellite/centr        1    336    (0)  236  
   53    3.6  0.0  0.0  Sniffles2.INS.17CS1       1    57 (1669) + (TCAAT)n       Simple_repeat          1     57    (0)  237  
  550   18.4  5.2  8.0  Sniffles2.INS.17CS1      64  1697   (29) + HSATII         Satellite              1   1589    (7)  238  
 1180   13.0  1.3  0.1  Sniffles2.INS.17CS23      1  1016    (0) + ALR/Alpha      Satellite/centr        1   1028    (0)  239  
 1196   14.5  1.1  0.0  Sniffles2.INS.17ES23      2   671    (3) + ALR/Alpha      Satellite/centr        1    677    (0)  240  
   33   13.3  1.7  0.0  Sniffles2.INS.17FS22      1    59    (0) + (GAAG)n        Simple_repeat          1     60    (0)  241  
   60   17.0  6.6  0.6  Sniffles2.INS.17FS37      3   154    (0) + (TCTCC)n       Simple_repeat          1    161    (0)  242  
   62   20.6  0.0  0.0  Sniffles2.INS.17S16       1   129    (1) + (AATGG)n       Simple_repeat          1    129    (0)  243  
   86    4.5  0.0  0.0  Sniffles2.INS.17S25       1    94    (1) + (TCCAT)n       Simple_repeat          1     94    (0)  244  
  854   14.0  0.2  1.8  Sniffles2.INS.17S8        5   613    (1) + BSR/Beta       Satellite              1    599    (0)  245  
 1041    9.2  0.5  0.1  Sniffles2.INS.17SAD       1   583    (0) C ACRO1          Satellite/acro      (24)    585      1  246  
   32    4.9  0.0  2.3  Sniffles2.INS.17SBD      27    70    (0) + (ATTCC)n       Simple_repeat          1     43    (0)  247  
 1191   17.8 10.4  6.1  Sniffles2.INS.17SC0      16   314  (264) + AluJb          SINE/Alu               2    312    (0)  248  
 1086   20.5  0.0  2.1  Sniffles2.INS.17SC0     320   578    (0) + AluJb          SINE/Alu               2    220   (82)  249  
  281   14.0  8.8  0.0  Sniffles2.INS.180S22      7    63    (0) C Alu            SINE/Alu            (83)    219    158  250  
   44   13.6  1.1  4.6  Sniffles2.INS.181S5       1    90    (1) + (AT)n          Simple_repeat          1     87    (0)  251  
 1071   12.5  1.1  0.0  Sniffles2.INS.182S23      1   338    (0) + ALR/Alpha      Satellite/centr        1    341    (0)  252  
   25   22.1  1.7  0.0  Sniffles2.INS.182S35      1    58    (2) + (AT)n          Simple_repeat          1     59    (0)  253  
   78   15.3  0.0  5.2  Sniffles2.INS.182S5       1   163    (1) + (AT)n          Simple_repeat          1    155    (0)  254  
  675   17.0  0.4  0.8  Sniffles2.INS.183S23      2   170    (1) + ALR/Alpha      Satellite/centr        1    168    (0)  255  
   41    8.0  0.0  0.0  Sniffles2.INS.187S22      5    57    (1) + (TA)n          Simple_repeat          1     53    (0)  256  
  946   15.4  0.0  0.0  Sniffles2.INS.189S23      1   340    (2) + ALR/Alpha      Satellite/centr        1    340    (0)  257  
 1014   14.7  0.0  0.0  Sniffles2.INS.18BS23      1   341    (1) + ALR/Alpha      Satellite/centr        1    341    (0)  258  
   77   12.2  0.0  0.0  Sniffles2.INS.18BS6       7   126    (6) + (CCTC)n        Simple_repeat          1    120    (0)  259  
  592   16.4 15.6  0.0  Sniffles2.INS.18DS33      1   128    (4) + SATR1          Satellite            232    379   (44)  260  
   21   11.0  2.6  0.0  Sniffles2.INS.18DS37      8    46    (4) + (TATAT)n       Simple_repeat          1     40    (0)  261  
  243   15.4 25.0  0.0  Sniffles2.INS.18ES33      2    53    (0) + SATR1          Satellite             34     98  (325)  262  
   43    0.0  3.8  3.8  Sniffles2.INS.18ES5       1    53    (5) + (TA)n          Simple_repeat          1     53    (0)  263  
  718   21.4  0.6  1.7  Sniffles2.INS.18FS33      4   179    (0) + L1MB8          LINE/L1             5800   5973  (205)  264  
  937   13.8  3.2  0.0  Sniffles2.INS.18S2F       1   166    (1) + ALR/Alpha      Satellite/centr        1    171    (0)  265  
 1133   13.1  0.9  0.1  Sniffles2.INS.18S30       3   503    (1) + ALR/Alpha      Satellite/centr        1    505    (0)  266  
  395   13.3  0.0  0.0  Sniffles2.INS.18S8        2    61    (6) + BSR/Beta       Satellite             28     87   (49)  267  
  655   12.6  0.0  0.0  Sniffles2.INS.18SA8       1    95    (1) C CER            Satellite            (0)     96      2  268  
  847   17.2  0.0  0.0  Sniffles2.INS.18SB0       5   168    (0) + ALR/Alpha      Satellite/centr        1    164    (0)  269  
   32   10.1  0.0  0.0  Sniffles2.INS.18SBD       9    61   (34) + (CCATT)n       Simple_repeat          1     53    (0)  270  
 1151   17.6 11.2  5.8  Sniffles2.INS.18SC0      19   314  (711) + AluJb          SINE/Alu               2    312    (0)  271  
  836   16.5  0.0  0.8  Sniffles2.INS.18SC0     321   453  (572) + FLAM_A         SINE/Alu               1    132   (10)  272  
 1236   17.8 10.7  2.9  Sniffles2.INS.18SC0     461   749  (276) + AluJb          SINE/Alu               2    312    (0)  273  
  983   21.3  0.0  7.7  Sniffles2.INS.18SC0     753  1025    (0) + AluJb          SINE/Alu               2    217   (85)  274  
  376   24.1  2.4  0.0  Sniffles2.INS.190S33      2    84    (0) C AluJb          SINE/Alu           (124)    178     94  275  
  939    8.3  0.0  0.0  Sniffles2.INS.191S33      1   144    (3) C ACRO1          Satellite/acro      (61)    144      1  276  
 1093    8.3  0.4  0.0  Sniffles2.INS.192S33      1   291    (0) C ACRO1          Satellite/acro      (59)    292      1  277  
   59   13.0  2.5  3.3  Sniffles2.INS.193S5       1   121    (0) + (TTTC)n        Simple_repeat          1    120    (0)  278  
   19   23.6  0.0  0.0  Sniffles2.INS.193S6       9    54    (7) + (GTG)n         Simple_repeat          1     46    (0)  279  
   32    0.0  6.1  2.0  Sniffles2.INS.194S31      1    49    (1) + (GAAA)n        Simple_repeat          1     51    (0)  280  
 1061   15.1  0.0  0.0  Sniffles2.INS.195S23      1   340    (2) + ALR/Alpha      Satellite/centr        1    340    (0)  281  
  761   12.1  0.0  0.0  Sniffles2.INS.196S33      1   134    (1) C ACRO1          Satellite/acro      (61)    134      1  282  
   27   14.7  8.1  0.0  Sniffles2.INS.196S37      1    62    (3) + (TA)n          Simple_repeat          1     67    (0)  283  
 2919    1.0  0.0  0.0  Sniffles2.INS.198S24     16   326    (3) + AluYa5         SINE/Alu               1    311    (0)  284  
 1221   11.9  1.9  2.7  Sniffles2.INS.19AS11     10  1792    (1) + HSATII         Satellite              1   1767    (1)  285  
 2930    1.0  0.0  0.0  Sniffles2.INS.19DS0       1   312    (0) C AluYb8         SINE/Alu             (6)    312      1  286  
 2826    1.6  0.0  0.0  Sniffles2.INS.19ES33     15   317    (0) + AluYa5         SINE/Alu               1    303    (8)  287  
   42   16.5  0.0  0.0  Sniffles2.INS.19S23       1    71    (3) + (TA)n          Simple_repeat          1     71    (0)  288  
 1096   14.1  1.1  0.0  Sniffles2.INS.19S2F       1   337    (1) + ALR/Alpha      Satellite/centr        1    340    (0)  289  
  754   18.4  0.0  0.0  Sniffles2.INS.19S30       1   171    (0) + ALR/Alpha      Satellite/centr        1    171    (0)  290  
  384   17.9  0.0  0.0  Sniffles2.INS.19S8        1    67    (1) + BSR/Beta       Satellite             13     79   (57)  291  
   36    5.9  1.8  1.8  Sniffles2.INS.19SBD       5    59    (1) + (ATTCC)n       Simple_repeat          1     55    (0)  292  
   22    7.4  0.0  0.0  Sniffles2.INS.19SC0       1    29 (1437) + (A)n           Simple_repeat          1     29    (0)  293  
  836   16.5  0.0  0.8  Sniffles2.INS.19SC0      33   165 (1301) + FLAM_A         SINE/Alu               1    132   (10)  294  
 1247   17.5 10.8  2.9  Sniffles2.INS.19SC0     173   460 (1006) + AluJb          SINE/Alu               2    311    (1)  295  
 1039   19.2 10.5  8.3  Sniffles2.INS.19SC0     464   759  (707) + AluJb          SINE/Alu               2    303    (9)  296  
 1211   18.2 10.8  2.6  Sniffles2.INS.19SC0     760  1047  (419) + AluJb          SINE/Alu               2    312    (0)  297  
 1063   19.4 10.5  7.9  Sniffles2.INS.19SC0    1052  1347  (119) + AluJb          SINE/Alu               2    304    (8)  298  
  751   16.9  0.0  0.8  Sniffles2.INS.19SC0    1348  1465    (1) + FLAM_A         SINE/Alu               1    117   (25)  299  
 1099   13.7  0.2  0.0  Sniffles2.INS.1A0S23      1   682    (1) + ALR/Alpha      Satellite/centr        1    683    (0)  300  
  328   16.8  2.4  1.3  Sniffles2.INS.1A1S33      7   109    (0) C L1M4           LINE/L1           (2376)   3770   3672  301  
   98    5.6  8.6  1.3  Sniffles2.INS.1A2S25      3   211    (3) + (TA)n          Simple_repeat          1    224    (0)  302  
 1065   13.0  0.0  0.0  Sniffles2.INS.1A4S23      7   340    (1) + ALR/Alpha      Satellite/centr        1    334    (0)  303  
   80   37.9  0.0  0.0  Sniffles2.INS.1A5S6       1   302   (75) + (CAC)n         Simple_repeat          1    302    (0)  304  
 1180   15.2  1.5  0.0  Sniffles2.INS.1A7S23      1  1357    (2) + ALR/Alpha      Satellite/centr        1   1376    (0)  305  
   61   19.2  1.5  0.8  Sniffles2.INS.1A9S22      1   131    (0) + (TATA)n        Simple_repeat          1    132    (0)  306  
   22   20.3  0.0  0.0  Sniffles2.INS.1ACS25      1    41   (10) + A-rich         Low_complexity         1     41    (0)  307  
   84    0.0  0.0  0.0  Sniffles2.INS.1AES38      1    74    (0) + (T)n           Simple_repeat          1     74    (0)  308  
  329   21.9  1.6  0.0  Sniffles2.INS.1AS2B       6    69    (0) + AluYi6         SINE/Alu             224    288   (23)  309  
 1179   14.8  0.5  0.0  Sniffles2.INS.1AS2F       1   678    (1) + ALR/Alpha      Satellite/centr        1    681    (0)  310  
 1023   12.4  1.9  1.0  Sniffles2.INS.1AS6F       1   341    (2) C ALR/Alpha      Satellite/centr     (63)    344      1  311  
  931   11.4  0.0  0.0  Sniffles2.INS.1ASB0       1   170    (0) + ALR/Alpha      Satellite/centr        1    170    (0)  312  
  365   16.8  9.8  1.4  Sniffles2.INS.1ASBD       2   134   (30) + HSATII         Satellite             21    164    (6)  313  
 1168   12.1  0.3  0.0  Sniffles2.INS.1B1S23      4   338    (3) + ALR/Alpha      Satellite/centr        1    336    (0)  314  
  139    0.7  0.6  4.0  Sniffles2.INS.1B6S22      1   156    (4) + (TCCTA)n       Simple_repeat          1    151    (0)  315  
   98    0.9  4.3  1.7  Sniffles2.INS.1B7S5       1   117    (0) + (TTCT)n        Simple_repeat          1    120    (0)  316  
  796    4.8  1.9  1.9  Sniffles2.INS.1B8S25      1   165    (1) + SVA_F          Retroposon/SVA       579    855  (520)  317  
   31    4.0  5.6  1.8  Sniffles2.INS.1B8S6       1    54    (2) + (GGAGG)n       Simple_repeat          1     56    (0)  318  
   19   24.9  3.9  0.0  Sniffles2.INS.1BAS6       3    53    (6) + (CT)n          Simple_repeat          1     53    (0)  319  
 1180   13.6  0.8  0.1  Sniffles2.INS.1BDS3A      1  3730    (0) + ALR/Alpha      Satellite/centr        1   3757    (0)  320  
 1955   13.6  0.0  1.7  Sniffles2.INS.1BFS25      1   292  (792) + AluSx          SINE/Alu              15    301    (1)  321  
  717   28.0  1.8  3.2  Sniffles2.INS.1BFS25    688   968  (116) + L1MC5a         LINE/L1             7511   7787  (243)  322  
  676   16.1  0.0  2.7  Sniffles2.INS.1BFS25    970  1084    (0) C FRAM           SINE/Alu            (32)    134     23  323  
   38   10.4  0.0  0.0  Sniffles2.INS.1BS25       1    62    (2) + (TCCAT)n       Simple_repeat          1     62    (0)  324  
  332   17.2  3.5  0.0  Sniffles2.INS.1BS2B       7    64   (10) + FRAM           SINE/Alu              98    157   (19)  325  
 1024   13.7  1.4  0.0  Sniffles2.INS.1BS30       1   336    (0) + ALR/Alpha      Satellite/centr        1    340    (0)  326  
  806   16.9  0.8  0.0  Sniffles2.INS.1BSB0       5   167    (0) + ALR/Alpha      Satellite/centr        1    164    (0)  327  
   32   17.3  2.8  2.8  Sniffles2.INS.1C1S31      5    76    (1) + (AT)n          Simple_repeat          1     72    (0)  328  
 1407   12.2  0.4  0.0  Sniffles2.INS.1C5S11      3   337    (3) + ALR/Alpha      Satellite/centr        1    336    (2)  329  
   49    7.6  4.8  0.0  Sniffles2.INS.1C5S25      1    83    (0) + (TAATATA)n     Simple_repeat          1     87    (0)  330  
  143    0.0  0.0  0.0  Sniffles2.INS.1CBS25      1   121    (0) + (AG)n          Simple_repeat          1    121    (0)  331  
   25   10.1 10.9  0.0  Sniffles2.INS.1CCS22      1    64    (0) + (TATATA)n      Simple_repeat          1     71    (0)  332  
 1281    9.2  0.3  0.2  Sniffles2.INS.1CCS38      9  1024    (0) + ALR/Alpha      Satellite/centr        1   1016    (0)  333  
 1306   10.7  0.0  0.0  Sniffles2.INS.1CFS11      7   343    (0) + ALR/Alpha      Satellite/centr        1    337    (1)  334  
 1192    7.6  1.3  0.0  Sniffles2.INS.1CFS25      1   157    (5) + Tigger1        DNA/TcMar-Tigger     781    939 (1479)  335  
  432   15.6  0.0  0.0  Sniffles2.INS.1CS14       2    94    (2) C CER            Satellite           (29)     93      1  336  
   73    2.8  0.0  0.0  Sniffles2.INS.1CS15       1    74    (1) + (AATGG)n       Simple_repeat          1     74    (0)  337  
  256   20.8  0.0  0.0  Sniffles2.INS.1CS2B       6    53    (5) + FRAM           SINE/Alu             105    152   (24)  338  
 1046   14.8  0.0  0.0  Sniffles2.INS.1CS2F       1   340    (2) + ALR/Alpha      Satellite/centr        1    340    (0)  339  
  754   18.4  0.0  0.0  Sniffles2.INS.1CS30       1   171    (0) + ALR/Alpha      Satellite/centr        1    171    (0)  340  
 1271   15.6  0.8  0.7  Sniffles2.INS.1CS6F       1  1710    (1) C ALR/Alpha      Satellite/centr     (63)   1711      1  341  
 1067   16.9  0.2  0.0  Sniffles2.INS.1CSB0       4   512    (0) + ALR/Alpha      Satellite/centr        1    510    (0)  342  
 2574    0.7  0.0  0.0  Sniffles2.INS.1D0S11     10   337    (0) C AluYa5         SINE/Alu             (0)    311     10  343  
 1459   14.4 11.8  2.1  Sniffles2.INS.1D0S25     13   274   (32) C AluJb          SINE/Alu             (9)    293      7  344  
 1062   10.9  0.3  0.0  Sniffles2.INS.1D1S11      1   336    (4) + ALR/Alpha      Satellite/centr        1    336    (2)  345  
 1224   10.5  2.4  0.3  Sniffles2.INS.1D2S11      1   334    (1) + ALR/Alpha      Satellite/centr        1    340    (1)  346  
   53    0.0  2.0  0.0  Sniffles2.INS.1D2S25      1    51    (0) + (TGGA)n        Simple_repeat          1     52    (0)  347  
 1281   13.4  1.1  0.0  Sniffles2.INS.1D3S11      4   674    (1) + ALR/Alpha      Satellite/centr        1    678    (2)  348  
 1190   15.0  0.7  0.3  Sniffles2.INS.1D3S18      2  4094    (1) C ALR/Alpha      Satellite/centr     (32)   4108      1  349  
  347   17.7  0.0  0.0  Sniffles2.INS.1D4S0       1    62   (50) + LTR1A2         LTR/ERV1              33     94  (743)  350 *
  434   16.1  0.0  0.0  Sniffles2.INS.1D4S0      31   111    (1) + LTR1A2         LTR/ERV1               7     87  (750)  350  
 1250   13.9  0.6  0.0  Sniffles2.INS.1D4S11      1  1012    (2) + ALR/Alpha      Satellite/centr        1   1017    (0)  351  
 1168   12.6  0.4  0.0  Sniffles2.INS.1D4S23      5   341    (0) + ALR/Alpha      Satellite/centr        1    338    (0)  352  
   35    0.0  6.8  3.3  Sniffles2.INS.1D4S25      2    60    (0) + (AAAG)n        Simple_repeat          1     61    (0)  353  
 1358   11.3  0.5  0.0  Sniffles2.INS.1D5S11      1   340    (0) + ALR/Alpha      Satellite/centr        1    341    (1)  354  
  531   13.6  0.0  0.0  Sniffles2.INS.1D6S0      13   100   (12) + LTR1A2         LTR/ERV1               7     94  (743)  355  
  328    4.8  0.0  0.0  Sniffles2.INS.1D6S0      69   110    (2) + LTR1A2         LTR/ERV1               7     48  (789)  355 *
 1066   11.4  0.3  0.0  Sniffles2.INS.1D6S11      1   341    (0) + ALR/Alpha      Satellite/centr        1    341    (0)  356  
 1251   10.6  0.3  0.0  Sniffles2.INS.1D7S11      1   340    (0) + ALR/Alpha      Satellite/centr        1    340    (0)  357  
 1066   11.8  0.3  0.0  Sniffles2.INS.1D8S11      1   336    (4) + ALR/Alpha      Satellite/centr        1    336    (0)  358  
   56    0.0  0.0  0.0  Sniffles2.INS.1D9S25      1    50    (0) + (T)n           Simple_repeat          1     50    (0)  359  
  966   11.4  1.4  3.3  Sniffles2.INS.1DBS11      1   337    (4) + ALR/Alpha      Satellite/centr        1    330    (2)  360  
 1300   12.2  0.9  0.0  Sniffles2.INS.1DCS11      8  1014    (0) + ALR/Alpha      Satellite/centr        1   1015    (1)  361  
 1098   12.4  0.5  0.0  Sniffles2.INS.1DES11      1   337    (0) + ALR/Alpha      Satellite/centr        1    338    (0)  362  
 1402   11.9  0.2  0.0  Sniffles2.INS.1DFS11      8   679    (1) + ALR/Alpha      Satellite/centr        1    673    (0)  363  
   15   17.8  5.0  0.0  Sniffles2.INS.1DFS22     11    50    (0) + (ATAC)n        Simple_repeat          1     42    (0)  364  
   41   10.4  0.0  0.0  Sniffles2.INS.1DFS25      1    62    (5) + (AT)n          Simple_repeat          1     62    (0)  365  
  393   20.4  0.0  0.0  Sniffles2.INS.1DS14       1    95    (0) C CER            Satellite           (24)     95      1  366  
  313   19.0  0.0  0.0  Sniffles2.INS.1DS2B      13    68    (0) + AluY           SINE/Alu             224    280   (22)  367  
 1187   13.6  0.3  0.0  Sniffles2.INS.1DS2F       5  1020    (0) + ALR/Alpha      Satellite/centr        1   1019    (0)  368  
  805   15.9  0.0  0.0  Sniffles2.INS.1DS30       1   172    (0) + ALR/Alpha      Satellite/centr        1    172    (0)  369  
  544   13.4  0.8 20.9  Sniffles2.INS.1DS8        1   132  (998) + BSR/Beta       Satellite             26    135    (1)  370  
 1154   19.9 14.9  0.7  Sniffles2.INS.1DS8      239   607  (523) C LSAU           Satellite           (26)    472     52  371  
 1012   13.2  2.7  0.5  Sniffles2.INS.1DS8      675  1124    (6) + BSR/Beta       Satellite              1    459    (0)  372  
   24   18.2  5.4  0.0  Sniffles2.INS.1E0S25      1    56    (1) + (AT)n          Simple_repeat          1     59    (0)  373  
  322   26.4  0.0  1.4  Sniffles2.INS.1E1S25     27   120   (37) + L2b            LINE/L2             3280   3418    (7)  374  
 1262   12.8  0.4  0.0  Sniffles2.INS.1E2S11      1   336    (4) + ALR/Alpha      Satellite/centr        1    337    (0)  375  
   45    0.0  2.0  2.0  Sniffles2.INS.1E2S24      1    49    (0) + (AAAG)n        Simple_repeat          1     49    (0)  376  
 1259   12.8  0.5  0.0  Sniffles2.INS.1E3S11      1   676    (2) + ALR/Alpha      Satellite/centr        1    679    (2)  377  
  283   22.3 15.1  1.0  Sniffles2.INS.1E5S22     52   137   (40) + MLT1H1         LTR/ERVL-MaLR        135    232  (323)  378  
  261    8.8  0.0  0.0  Sniffles2.INS.1E5S22    143   176    (1) + Alu            SINE/Alu               1     34   (99)  379  
 1281   14.5  0.8  0.0  Sniffles2.INS.1E6S11      1   676    (0) + ALR/Alpha      Satellite/centr        1    681    (2)  380  
 1066   11.9  0.3  0.0  Sniffles2.INS.1E7S11      1   336    (4) + ALR/Alpha      Satellite/centr        1    336    (0)  381  
   78   15.4  6.4  0.0  Sniffles2.INS.1E7S22      5   177    (1) + (AT)n          Simple_repeat          1    184    (0)  382  
 1372   11.3  0.9  0.0  Sniffles2.INS.1E8S11      2   337    (0) + ALR/Alpha      Satellite/centr        1    339    (2)  383  
   31   15.8  1.8  0.0  Sniffles2.INS.1E8S22      1    57    (0) + (TA)n          Simple_repeat          1     58    (0)  384  
   51    8.7  4.8  2.9  Sniffles2.INS.1E9S22      1   103    (2) + (ATATATT)n     Simple_repeat          1    105    (0)  385  
  309    0.0  0.0  2.0  Sniffles2.INS.1E9S25      1    50    (0) C SVA_F          Retroposon/SVA     (599)    776    728  386  
 1150   14.6  0.9  0.1  Sniffles2.INS.1E9S33      4  1525    (0) + ALR/Alpha      Satellite/centr        1   1534    (0)  387  
 1402   11.6  0.9  0.0  Sniffles2.INS.1EAS11      1   676    (0) + ALR/Alpha      Satellite/centr        1    682    (4)  388  
 1177   14.9  0.9  0.0  Sniffles2.INS.1EBS33      1  1188    (1) + ALR/Alpha      Satellite/centr        1   1198    (0)  389  
 1081   14.0  2.1  0.0  Sniffles2.INS.1EDS23      2   670    (0) + ALR/Alpha      Satellite/centr        1    683    (0)  390  
 1131   13.1  1.0  0.3  Sniffles2.INS.1EES33      1   678    (0) + ALR/Alpha      Satellite/centr        1    682    (0)  391  
   24   12.5  0.0  4.3  Sniffles2.INS.1EES5       1    49    (2) + (TTTC)n        Simple_repeat          1     47    (0)  392  
 1185   12.4  1.2  0.0  Sniffles2.INS.1EFS11      1   670    (3) + ALR/Alpha      Satellite/centr        1    678    (4)  393  
   64    0.0  2.9  1.4  Sniffles2.INS.1EFSBF      2    70    (0) + (AAAG)n        Simple_repeat          1     70    (0)  394  
  445   18.1  4.2  8.1  Sniffles2.INS.1ES15      16  1047   (16) C HSATII         Satellite            (8)    991      1  395  
   42    2.0  4.0  0.0  Sniffles2.INS.1ES17       3    52    (0) + (ATATATAG)n    Simple_repeat          1     52    (0)  396  
  895   14.1  3.2  0.0  Sniffles2.INS.1ES2F       1   167    (0) + ALR/Alpha      Satellite/centr        1    172    (0)  397  
  364   13.0  0.0  0.0  Sniffles2.INS.1ES8       14    67    (0) + BSR/Beta       Satellite             37     90   (46)  398  
 1115   14.7  0.6  0.0  Sniffles2.INS.1ESB0       1  1189    (1) + ALR/Alpha      Satellite/centr        1   1196    (0)  399  
 1372   10.9  0.5  0.3  Sniffles2.INS.1F0S11      1   340    (1) + ALR/Alpha      Satellite/centr        1    340    (1)  400  
 1402   10.9  0.3  0.0  Sniffles2.INS.1F1S11      1   677    (3) + ALR/Alpha      Satellite/centr        1    679    (2)  401  
   27   12.3  3.5  3.5  Sniffles2.INS.1F1S18      1    57    (2) + (AT)n          Simple_repeat          1     57    (0)  402  
 1407   11.3  0.3  0.0  Sniffles2.INS.1F2S11     11  1016    (0) + ALR/Alpha      Satellite/centr        1   1009    (0)  403  
 1260   11.9  0.8  0.0  Sniffles2.INS.1F3S11      1   337    (1) + ALR/Alpha      Satellite/centr        1    339    (1)  404  
   37    2.1  4.0  2.0  Sniffles2.INS.1F3S25      1    50    (0) + (TTCT)n        Simple_repeat          1     51    (0)  405  
 1107   14.0  1.2  0.0  Sniffles2.INS.1F4S23      1   675    (1) + ALR/Alpha      Satellite/centr        1    683    (0)  406  
 1165   15.5  0.3  0.0  Sniffles2.INS.1F4S33      1   510    (1) + ALR/Alpha      Satellite/centr        1    511    (0)  407  
   18    0.0  3.5  3.5  Sniffles2.INS.1F5S22      1    29   (18) + (GCG)n         Simple_repeat          1     29    (0)  408  
  908   12.8  0.0  0.0  Sniffles2.INS.1F6S33      3   167    (0) + ALR/Alpha      Satellite/centr        1    165    (0)  409  
  149   29.7  3.1  1.5  Sniffles2.INS.1F7S0       3   583   (23) + (CA)n          Simple_repeat          1    590    (0)  410  
  379    9.3  0.0  0.0  Sniffles2.INS.1F7SC0      2    55   (18) C L1P1           LINE/L1           (6099)     56      3  411  
  547    6.8  0.0  0.0  Sniffles2.INS.1F8SC0      1    73    (0) + L1PA4          LINE/L1             5891   5963  (192)  412  
 1213   13.0  0.5  0.0  Sniffles2.INS.1F9S11      7   338    (2) + ALR/Alpha      Satellite/centr        1    333    (4)  413  
  321   16.2 10.0  0.0  Sniffles2.INS.1FAS0      62   141  (361) C L1MC4          LINE/L1              (0)   8042   7955  414  
 1476   15.6  1.2 12.1  Sniffles2.INS.1FAS0     143   471   (31) C AluJb          SINE/Alu            (14)    298      2  415  
 1270   12.6  0.5  0.0  Sniffles2.INS.1FAS11      1   676    (3) + ALR/Alpha      Satellite/centr        1    679    (2)  416  
  566   16.1  7.8  1.5  Sniffles2.INS.1FAS22      1  1534    (4) + (ATGAG)n       Simple_repeat          1   1629    (0)  417  
 1177   14.3  1.1  0.3  Sniffles2.INS.1FAS33      2  1187    (1) + ALR/Alpha      Satellite/centr        1   1195    (0)  418  
 1213   13.6  1.4  0.0  Sniffles2.INS.1FBS11      7   676    (3) + ALR/Alpha      Satellite/centr        1    679    (4)  419  
   39   28.1  0.9  0.0  Sniffles2.INS.1FCS25      1   106    (1) + (ATCC)n        Simple_repeat          1    107    (0)  420  
  948   13.8  3.2  0.0  Sniffles2.INS.1FS2F       1   166    (1) + ALR/Alpha      Satellite/centr        1    171    (0)  421  
  991   17.1  1.1  0.5  Sniffles2.INS.1FS30       1   339    (0) + ALR/Alpha      Satellite/centr        1    341    (0)  422  
   25   31.5  1.0  1.0  Sniffles2.INS.1FS5D       1    99    (1) + (GAATG)n       Simple_repeat          1     99    (0)  423  
 1392    1.9  0.0  0.0  Sniffles2.INS.1S18        1   154 (2905) C L1P1           LINE/L1            (520)   5634   5481  424  
 1517    4.6  0.0  0.0  Sniffles2.INS.1S18      155   327 (2732) C AluYc          SINE/Alu            (10)    289    117  425  
18267    6.1  0.8  0.0  Sniffles2.INS.1S18      328  2775  (284) C L1P1           LINE/L1            (664)   5490   3021  424  
  854   11.2  0.0  0.0  Sniffles2.INS.1S18     2952  3058    (1) C AluJr          SINE/Alu           (204)    108      2  426  
  692   13.6  0.2  0.0  Sniffles2.INS.1S1A        3   382    (0) + CER            Satellite              1    380    (3)  427  
  516   17.2  4.7  5.9  Sniffles2.INS.1S2C        1   379    (5) + HSATII         Satellite              1    374    (4)  428  
  813   17.8  0.0  0.0  Sniffles2.INS.1S2F        1   168    (2) + ALR/Alpha      Satellite/centr        1    168    (0)  429  
 1272   13.0  2.2  3.4  Sniffles2.INS.1S36        1  1152    (0) C ALR/Alpha      Satellite/centr     (41)   1138      1  430  
   14   10.2  3.9 10.2  Sniffles2.INS.1S37        1    52    (7) + (TGCATG)n      Simple_repeat          1     49    (0)  431  
  951   14.2  0.6  0.0  Sniffles2.INS.1S5D        5   166    (4) + ALR/Alpha      Satellite/centr        1    163    (8)  432  
  990   16.1  0.3  2.0  Sniffles2.INS.1S65        3   837    (0) + ALR/Alpha      Satellite/centr        1    821   (13)  433  
 1083   13.9  0.0  0.0  Sniffles2.INS.1S77        1   341    (1) + ALR/Alpha      Satellite/centr        1    341    (0)  434  
  365   23.2  0.0  0.0  Sniffles2.INS.1SA8      152   220  (166) + MER47C         DNA/TcMar-Tigger       1     69   (28)  435  
 2935    1.2  0.0  0.6  Sniffles2.INS.1SAF       14   333    (9) + AluYb8         SINE/Alu               1    318    (0)  436  
   51    3.8  0.0  0.0  Sniffles2.INS.202S0       1    55    (0) + (GAGGG)n       Simple_repeat          1     55    (0)  437  
   53   25.2  0.0  0.0  Sniffles2.INS.203S0       4   129    (0) + (CACCAC)n      Simple_repeat          1    126    (0)  438  
   17   16.9  0.0  8.0  Sniffles2.INS.205SBF     10    63    (5) + (ATATA)n       Simple_repeat          1     50    (0)  439  
   25   22.1  1.7  0.0  Sniffles2.INS.207S0       8    65    (1) + (AT)n          Simple_repeat          1     59    (0)  440  
 1036   11.8  0.5  0.4  Sniffles2.INS.209S11      1   336    (4) + ALR/Alpha      Satellite/centr        1    336    (0)  441  
 1362   12.0  0.4  0.0  Sniffles2.INS.20ES11      1  1012    (7) + ALR/Alpha      Satellite/centr        1   1016    (2)  442  
   87    9.0  0.0  0.0  Sniffles2.INS.20FS0       6   126    (0) + (TGG)n         Simple_repeat          1    121    (0)  443  
 1407   12.0  0.4  0.0  Sniffles2.INS.20FS11      3   337    (3) + ALR/Alpha      Satellite/centr        1    336    (2)  444  
   96    1.2  8.4  4.6  Sniffles2.INS.20FSBF      1   190    (0) + (ATACGTATAT)n  Simple_repeat          1    197    (0)  445  
   43    9.7  1.3  1.3  Sniffles2.INS.20S16      14    92   (13) + (AATGG)n       Simple_repeat          1     79    (0)  446  
   57   19.8  8.2  0.5  Sniffles2.INS.20S18       5   188    (0) + (GATG)n        Simple_repeat          1    198    (0)  447  
  360   21.2  0.0  0.0  Sniffles2.INS.20S2B       1    66   (42) + AluYh7         SINE/Alu             225    290   (21)  448  
 1092   13.1  1.3  0.0  Sniffles2.INS.20S2F       1   329    (9) + ALR/Alpha      Satellite/centr        1    333    (0)  449  
  800   15.4  1.2  0.8  Sniffles2.INS.20S30       3   167    (1) + ALR/Alpha      Satellite/centr        1    165    (0)  450  
  992   12.7  1.1  0.1  Sniffles2.INS.210S11      1   338    (0) + ALR/Alpha      Satellite/centr        1    341    (0)  451  
 1128    9.9  0.9  0.0  Sniffles2.INS.211S11      1   332    (3) + ALR/Alpha      Satellite/centr        1    335    (0)  452  
 1329   13.8  1.2  0.1  Sniffles2.INS.212S11      1  1010    (0) + ALR/Alpha      Satellite/centr        1   1021    (2)  453  
 1320   11.3  0.9  0.0  Sniffles2.INS.214S11      3   334    (0) + ALR/Alpha      Satellite/centr        1    334    (2)  454  
 1270   12.3  0.5  0.0  Sniffles2.INS.215S11      1   339    (1) + ALR/Alpha      Satellite/centr        1    340    (1)  455  
 1236   15.3  0.9  0.0  Sniffles2.INS.218S11      9   337    (1) + ALR/Alpha      Satellite/centr        1    332    (2)  456  
 1040   12.1  0.8  0.0  Sniffles2.INS.219S11      3   335    (2) + ALR/Alpha      Satellite/centr        1    335    (0)  457  
 1220   10.2  0.8  0.0  Sniffles2.INS.21BS11      2   336    (1) + ALR/Alpha      Satellite/centr        1    337    (0)  458  
 1120   12.8  0.4  0.0  Sniffles2.INS.21ES11      2   331    (9) + ALR/Alpha      Satellite/centr        1    331    (0)  459  
  846   14.6  1.2  0.0  Sniffles2.INS.21ES33      1   167    (1) + ALR/Alpha      Satellite/centr        1    168    (0)  460  
   43    5.7  7.7  6.7  Sniffles2.INS.21ES5       1   104    (0) + (AT)n          Simple_repeat          1    105    (0)  461  
 1320   11.0  0.9  0.0  Sniffles2.INS.21FS11      1   336    (0) + ALR/Alpha      Satellite/centr        1    339    (2)  462  
 1192   13.7  1.7  1.3  Sniffles2.INS.21FS31      6  4184    (0) C ALR/Alpha      Satellite/centr     (49)   4196      1  463  
 1040   14.9  1.2  0.1  Sniffles2.INS.21FS33      1   676    (1) + ALR/Alpha      Satellite/centr        1    683    (0)  464  
 1034   11.0  0.8  5.5  Sniffles2.INS.21S15       1   211    (1) + HSATII         Satellite              1    201    (1)  465  
   26    9.1  2.1  0.0  Sniffles2.INS.21S25      16    62   (96) + (CATCTATC)n    Simple_repeat          1     48    (0)  466  
   34   22.1  3.1  1.0  Sniffles2.INS.21S25      63   158    (0) + (TATC)n        Simple_repeat          1     98    (0)  467  
 1044   13.3  0.6  0.0  Sniffles2.INS.21S30       7   333    (1) + ALR/Alpha      Satellite/centr        1    329    (0)  468  
  305    9.5  0.0  0.0  Sniffles2.INS.21S65       2    43   (15) + ALR/Alpha      Satellite/centr      126    167    (4)  469  
 1019   11.7  0.5  0.7  Sniffles2.INS.21S8       92  2490    (3) C BSR/Beta       Satellite           (42)   2395      1  470  
   25   27.4  0.0  0.0  Sniffles2.INS.21SBD       8    81    (4) + (CATTC)n       Simple_repeat          1     74    (0)  471  
 1064   12.1  1.0  0.4  Sniffles2.INS.221S33      1   339    (1) + ALR/Alpha      Satellite/centr        1    341    (0)  472  
   46    7.6  4.3  0.0  Sniffles2.INS.222S5       1    70    (1) + (TA)n          Simple_repeat          1     73    (0)  473  
   37    2.6  0.0  0.0  Sniffles2.INS.223S0       1    39   (14) + (TTCC)n        Simple_repeat          1     39    (0)  474  
 1337   13.2  0.2  0.0  Sniffles2.INS.223S11      1   679    (1) + ALR/Alpha      Satellite/centr        1    680    (2)  475  
  898   14.9  0.4  0.0  Sniffles2.INS.223S33      1   169    (1) + ALR/Alpha      Satellite/centr        1    169    (0)  476  
  898   14.9  0.4  0.0  Sniffles2.INS.224S33      1   169    (1) + ALR/Alpha      Satellite/centr        1    169    (0)  477  
  412    4.7  2.1 11.3  Sniffles2.INS.225S25      1   145    (0) C SVA_F          Retroposon/SVA     (578)    797    665  478  
   20   23.3  6.9  1.1  Sniffles2.INS.227S5       9    95    (5) + (TACATA)n      Simple_repeat          1     92    (0)  479  
   59    0.0  0.0  0.0  Sniffles2.INS.228S24      1    53    (0) + (CTTT)n        Simple_repeat          1     53    (0)  480  
  798   12.2  1.2  0.0  Sniffles2.INS.228S33      1   168    (1) + ALR/Alpha      Satellite/centr        1    169    (0)  481  
   62   26.2  3.5  1.0  Sniffles2.INS.228S5       1   203    (5) + (TATATA)n      Simple_repeat          1    208    (0)  482  
  892   13.8  0.4  0.0  Sniffles2.INS.229S33      2   168    (1) + ALR/Alpha      Satellite/centr        1    167    (0)  483  
   30   19.5  4.0  4.0  Sniffles2.INS.22CS0       1   101    (0) + GA-rich        Low_complexity         1    101    (0)  484  
  892   13.7  0.4  0.0  Sniffles2.INS.22CS33      1   169    (1) + ALR/Alpha      Satellite/centr        1    169    (0)  485  
 1066   11.8  0.3  0.0  Sniffles2.INS.22DS11      1   336    (4) + ALR/Alpha      Satellite/centr        1    336    (0)  486  
  500    1.3  7.0  0.0  Sniffles2.INS.22DS22      1   610    (0) + (TC)n          Simple_repeat          1    653    (0)  487  
  835   18.4  0.0  0.0  Sniffles2.INS.22DS33      1   175    (0) + ALR/Alpha      Satellite/centr        1    175    (0)  488  
 1165   13.8  0.7  0.3  Sniffles2.INS.22ES33      1   510    (1) + ALR/Alpha      Satellite/centr        1    511    (0)  489  
 1276   11.5  0.6  0.5  Sniffles2.INS.22ES35      7  2903    (0) C ALR/Alpha      Satellite/centr      (0)   2897      1  490  
 1341    9.8  0.0  0.0  Sniffles2.INS.22FS11      4   337    (0) + ALR/Alpha      Satellite/centr        1    334    (1)  491  
 1164   12.6  0.7  0.2  Sniffles2.INS.22FS33      1   680    (1) + ALR/Alpha      Satellite/centr        1    682    (0)  492  
  357   18.1  0.0  4.2  Sniffles2.INS.22S15       3    77    (1) + HSATII         Satellite             27     98   (72)  493  
   24   14.3  0.0  2.1  Sniffles2.INS.22S16      70   117    (4) + (GAATG)n       Simple_repeat          1     47    (0)  494  
  313   21.4  0.0  0.0  Sniffles2.INS.22S2B      13    68    (1) + AluSz6         SINE/Alu             225    280   (32)  495  
 1190   14.4  1.4  0.3  Sniffles2.INS.22S2F       1  1354    (0) + ALR/Alpha      Satellite/centr        1   1368    (0)  496  
  778   15.4  0.0  0.0  Sniffles2.INS.22S30       1   169    (1) + ALR/Alpha      Satellite/centr        1    169    (0)  497  
  237   18.5  9.5  3.4  Sniffles2.INS.22S5D       5    88  (426) C HSATII         Satellite           (12)    158     70  498  
   27    8.0  0.0  0.0  Sniffles2.INS.22S5D      97   136  (378) + (ATGGA)n       Simple_repeat          1     40    (0)  499  
  465   16.6  7.6  7.9  Sniffles2.INS.22S5D     150   508    (6) C HSATII         Satellite           (33)    357      1  500  
  979   14.5  0.9  0.2  Sniffles2.INS.22S6F       3   336    (3) C ALR/Alpha      Satellite/centr     (75)    336      1  501  
  344   19.7  0.0  0.0  Sniffles2.INS.22S8        1    66    (0) C BSR/Beta       Satellite           (15)    121     56  502  
 1062   15.4  0.5  0.0  Sniffles2.INS.22SB0       1   510    (0) + ALR/Alpha      Satellite/centr        1    512    (0)  503  
 2504    0.7  0.4  0.4  Sniffles2.INS.230S11     10   336    (0) C AluYa5         SINE/Alu             (0)    311     10  504  
   36    0.0  7.4  3.6  Sniffles2.INS.230S22      3    56    (6) + (TA)n          Simple_repeat          1     56    (0)  505  
  976   13.5  3.2  0.8  Sniffles2.INS.230S33      2  1162    (0) + ALR/Alpha      Satellite/centr        1   1188    (0)  506  
 1083   11.2  0.3  0.0  Sniffles2.INS.231S11      1   336    (4) + ALR/Alpha      Satellite/centr        1    336    (0)  507  
  852   13.0  0.8  0.0  Sniffles2.INS.231S33      6   166    (0) + ALR/Alpha      Satellite/centr        1    162    (0)  508  
  966   13.5  0.6  0.0  Sniffles2.INS.232S33      1   163    (9) + ALR/Alpha      Satellite/centr        8    171    (0)  509  
  835   18.4  0.0  0.0  Sniffles2.INS.233S33      1   175    (0) + ALR/Alpha      Satellite/centr        1    175    (0)  510  
  418   17.9  8.3  2.9  Sniffles2.INS.233SBF     49   180   (10) + L1MB4          LINE/L1             6011   6149   (31)  511  
   30   47.9  0.0  0.0  Sniffles2.INS.234S22      1   146    (6) + (TA)n          Simple_repeat          1    146    (0)  512  
 1177   13.8  1.0  0.0  Sniffles2.INS.234S33      1   508    (1) + ALR/Alpha      Satellite/centr        1    512    (0)  513  
  908   12.8  0.0  0.0  Sniffles2.INS.235S33      3   167    (0) + ALR/Alpha      Satellite/centr        1    165    (0)  514  
 1311    9.9  0.0  1.0  Sniffles2.INS.236S11      4   340    (0) + ALR/Alpha      Satellite/centr        1    333    (1)  515  
 1078   11.7  1.4  0.0  Sniffles2.INS.239S11     11   333    (0) + ALR/Alpha      Satellite/centr        1    327    (0)  516  
 1298   10.2  0.3  0.0  Sniffles2.INS.23AS11      1   340    (0) + ALR/Alpha      Satellite/centr        1    340    (2)  517  
 1380   11.7  0.4  0.0  Sniffles2.INS.23CS11      1   340    (0) + ALR/Alpha      Satellite/centr        1    341    (2)  518  
 1139   13.6  0.5  0.0  Sniffles2.INS.23DS33      1   678    (3) + ALR/Alpha      Satellite/centr        1    681    (0)  519  
  377   19.4  4.2  0.0  Sniffles2.INS.23S16      26    97  (165) + AluYk2         SINE/Alu             224    298   (13)  520 *
  573   10.5 10.3  4.7  Sniffles2.INS.23S16      90   253    (9) C HSATII         Satellite            (7)    173      1  521  
  891   17.1  1.7  0.0  Sniffles2.INS.23S2F       2   337    (1) + ALR/Alpha      Satellite/centr        1    341    (0)  522  
 1005   13.1  1.2  0.0  Sniffles2.INS.23S30       3   337    (1) + ALR/Alpha      Satellite/centr        1    339    (0)  523  
 1046   16.5  0.5  0.0  Sniffles2.INS.23S6F       2   510    (0) C ALR/Alpha      Satellite/centr     (11)    511      1  524  
  756   12.0  1.3 11.2  Sniffles2.INS.23S8        2   206    (0) C BSR/Beta       Satellite           (40)    184      1  525  
 1081   14.9  0.7  0.0  Sniffles2.INS.23SB0       1   505    (4) + ALR/Alpha      Satellite/centr        1    508    (0)  526  
  419   15.7 10.7  3.2  Sniffles2.INS.23SBD       7   217   (28) + HSATII         Satellite              1    226    (4)  527  
 1330   12.7  1.1  0.0  Sniffles2.INS.240S11      1   334    (0) + ALR/Alpha      Satellite/centr        1    337    (2)  528  
 1407   12.3  0.3  2.4  Sniffles2.INS.241S11      1   679    (0) + ALR/Alpha      Satellite/centr        1    664    (0)  529  
 1369   12.0  1.1  2.0  Sniffles2.INS.242S11      7  1011    (0) + ALR/Alpha      Satellite/centr        1    995    (2)  530  
 1177   15.9  0.7  0.0  Sniffles2.INS.243S11      9   338    (1) + ALR/Alpha      Satellite/centr        1    332    (2)  531  
 1163   13.4  2.6  0.2  Sniffles2.INS.244S11      1   666    (0) + ALR/Alpha      Satellite/centr        1    681    (0)  532  
 1015   14.3  1.4  0.5  Sniffles2.INS.244S33      1   843    (0) + ALR/Alpha      Satellite/centr        1    850    (0)  533  
  872   13.2  0.7  0.3  Sniffles2.INS.245S25      1  1415    (1) + (TGG)n         Simple_repeat          1   1420    (0)  534  
  511   17.6  6.9  7.6  Sniffles2.INS.245SC0     10   592    (1) C HSATII         Satellite            (4)    578      1  535  
 1177   15.7  0.7  0.0  Sniffles2.INS.246S11      9   338    (1) + ALR/Alpha      Satellite/centr        1    332    (2)  536  
 1367   12.3  0.9  0.0  Sniffles2.INS.247S11      2   336    (0) + ALR/Alpha      Satellite/centr        1    338    (2)  537  
 1375   10.2  0.4  0.1  Sniffles2.INS.247S2       1  1535    (0) C ALR/Alpha      Satellite/centr     (46)   1539      1  538  
 1165   14.4  1.0  0.0  Sniffles2.INS.247S33      1  1186    (1) + ALR/Alpha      Satellite/centr        1   1197    (2)  539  
 1267   11.7  0.5  0.0  Sniffles2.INS.248S11      1  1016    (1) + ALR/Alpha      Satellite/centr        1   1020    (0)  540  
   30    6.3  6.0  0.0  Sniffles2.INS.248S2       1    50    (0) + (TA)n          Simple_repeat          1     53    (0)  541  
  367   21.1  5.6  2.9  Sniffles2.INS.249S11      1   166    (0) + ALR/Alpha      Satellite/centr        1    170    (1)  542  
  125    7.9  7.1  0.0  Sniffles2.INS.249S2       1   255    (1) + (TA)n          Simple_repeat          1    273    (0)  543  
 1101   14.2  0.5  0.1  Sniffles2.INS.249S33      3   836   (11) + ALR/Alpha      Satellite/centr        1    837    (0)  544  
  435    5.6  1.4  0.0  Sniffles2.INS.24AS18      1    72    (0) + MSR1           Satellite             36    108    (3)  545  
 1369   12.0  0.8  0.0  Sniffles2.INS.24BS11      1   676    (2) + ALR/Alpha      Satellite/centr        1    681    (1)  546  
  867   14.3  2.0  0.0  Sniffles2.INS.24BS33      1   167    (1) + ALR/Alpha      Satellite/centr        1    170    (0)  547  
 1045   14.3  0.4  0.0  Sniffles2.INS.24CS33      3   497   (10) + ALR/Alpha      Satellite/centr        1    496    (0)  548  
 1083   11.2  0.3  0.0  Sniffles2.INS.24DS11      1   336    (4) + ALR/Alpha      Satellite/centr        1    336    (0)  549  
   46    0.0  2.0  2.0  Sniffles2.INS.24DS2       1    50    (0) + (AGAA)n        Simple_repeat          1     50    (0)  550  
 1111   13.9  0.3  0.1  Sniffles2.INS.24DS33      3   838   (11) + ALR/Alpha      Satellite/centr        1    838    (0)  551  
 1309   13.5  0.6  0.3  Sniffles2.INS.24DS4       1  4823 (3410) + ALR/Alpha      Satellite/centr        1   4837    (1)  552  
 2727    0.3  0.0  0.3  Sniffles2.INS.24DS4    4829  5144 (3089) C AluYb9         SINE/Alu             (0)    318      1  553  
 1273   13.3  0.8  0.1  Sniffles2.INS.24DS4    5153  6061 (2172) + ALR/Alpha      Satellite/centr        1    915    (0)  554  
 2413    2.8  0.4  0.3  Sniffles2.INS.24DS4    6063  6389 (1844) C AluY           SINE/Alu             (0)    301      2  555  
 1156   14.8  1.1  0.1  Sniffles2.INS.24DS4    6371  8232    (1) + ALR/Alpha      Satellite/centr        1   1880    (0)  556 *
 1329   13.2  0.7  0.0  Sniffles2.INS.24ES11      7  1013    (1) + ALR/Alpha      Satellite/centr        1   1014    (2)  557  
 1127   13.2  0.5  0.5  Sniffles2.INS.24ES33      6   341    (1) + ALR/Alpha      Satellite/centr        1    336    (0)  558  
 1061   12.3  0.4  0.0  Sniffles2.INS.24FS11      5   335    (3) + ALR/Alpha      Satellite/centr        1    332    (0)  559  
   12   27.7  0.0  0.0  Sniffles2.INS.24FSC0      1    39  (499) + (AATGG)n       Simple_repeat          1     39    (0)  560  
  396   20.2  3.5 10.9  Sniffles2.INS.24FSC0     47   536    (2) C HSATII         Satellite            (4)    453      1  561  
 1027   16.9  0.0  0.3  Sniffles2.INS.24S2F       1   341    (1) + ALR/Alpha      Satellite/centr        1    340    (0)  562  
  899   15.8  2.3  0.1  Sniffles2.INS.24S30       1   337    (0) + ALR/Alpha      Satellite/centr        1    344    (0)  563  
 1026   14.5  1.4  1.1  Sniffles2.INS.24S6F       6   680    (1) C ALR/Alpha      Satellite/centr      (0)    677      1  564  
  432   14.1  0.0  0.0  Sniffles2.INS.24S8        2    65    (0) C BSR/Beta       Satellite           (37)     99     36  565  
  856   14.8  0.0  0.0  Sniffles2.INS.24SB0       5   168    (0) + ALR/Alpha      Satellite/centr        1    164    (0)  566  
  957   17.2  0.5  0.0  Sniffles2.INS.24SBA       3   339    (0) + ALR/Alpha      Satellite/centr        1    338    (0)  567  
 1049   11.2  0.3  0.0  Sniffles2.INS.250S11      1   339    (0) + ALR/Alpha      Satellite/centr        1    339    (0)  568  
  695   18.6 11.2  0.5  Sniffles2.INS.250S18      1   178  (406) + MLT1C2         LTR/ERVL-MaLR        263    459    (2)  569  
 1976   12.0  0.3  0.3  Sniffles2.INS.250S18    203   494   (90) + AluSx          SINE/Alu               5    296   (16)  570  
  353   19.7  0.0  0.0  Sniffles2.INS.250S18    509   584    (0) + MLT1C2         LTR/ERVL-MaLR        187    262  (199)  571  
  355   14.1  6.7  4.4  Sniffles2.INS.250S37     14   102    (3) C Tigger2        DNA/TcMar-Tigger  (1574)   1144   1054  572  
 1306   13.3  0.7  0.1  Sniffles2.INS.251S11      2  1014    (1) + ALR/Alpha      Satellite/centr        1   1019    (2)  573  
 1066   11.8  0.3  0.0  Sniffles2.INS.252S11      1   336    (4) + ALR/Alpha      Satellite/centr        1    336    (0)  574  
 1402   12.2  0.2  0.0  Sniffles2.INS.253S11      1   679    (1) + ALR/Alpha      Satellite/centr        1    680    (0)  575  
   49    3.1  1.4  2.9  Sniffles2.INS.254SBF      1    71    (0) + (AGAA)n        Simple_repeat          1     70    (0)  576  
   35   11.8  0.0  0.0  Sniffles2.INS.257S18      1    57    (2) + (AAGA)n        Simple_repeat          1     57    (0)  577  
  511   15.9  3.8 15.1  Sniffles2.INS.257SC0     19   643   (15) C HSATII         Satellite            (7)    554      1  578  
   46    4.1  0.0  0.0  Sniffles2.INS.258S2       1    51    (0) + (AAGA)n        Simple_repeat          1     51    (0)  579  
 1364   12.2  0.3  0.1  Sniffles2.INS.25AS11      1   679    (1) + ALR/Alpha      Satellite/centr        1    680    (2)  580  
 1128   14.7  0.0  0.0  Sniffles2.INS.25AS33      1   342    (0) + ALR/Alpha      Satellite/centr        1    342    (0)  581  
 1402   12.4  0.4  0.0  Sniffles2.INS.25BS11      3   677    (0) + ALR/Alpha      Satellite/centr        1    677    (0)  582  
 1264   12.1  1.3  0.1  Sniffles2.INS.25CS11      1  1003    (1) + ALR/Alpha      Satellite/centr        1   1015    (0)  583  
 1164   12.6  0.5  0.3  Sniffles2.INS.25DS33      1   679    (0) + ALR/Alpha      Satellite/centr        1    680    (0)  584  
 1250   13.9  0.6  0.0  Sniffles2.INS.25ES11      1  1012    (2) + ALR/Alpha      Satellite/centr        1   1017    (0)  585  
  973   14.6  1.0  0.0  Sniffles2.INS.25S15       6   290    (0) + HSATII         Satellite              1    287    (0)  586  
   14   22.5  0.0  0.0  Sniffles2.INS.25S2B      42    78    (1) + (GGAGT)n       Simple_repeat          1     37    (0)  587  
 1054   15.4  0.0  0.2  Sniffles2.INS.25S2F       1   341    (1) + ALR/Alpha      Satellite/centr        1    340    (0)  588  
 1102   12.5  0.7  0.0  Sniffles2.INS.25S30       6   336    (1) + ALR/Alpha      Satellite/centr        1    333    (0)  589  
  322   17.7  1.6  0.0  Sniffles2.INS.25S8        1    62    (4) C BSR/Beta       Satellite           (55)     81     19  590  
  874   12.3  0.0  0.0  Sniffles2.INS.25SB0       1   166    (4) + ALR/Alpha      Satellite/centr        1    166    (0)  591  
 3948    2.7  0.0  0.0  Sniffles2.INS.25SBA       1   451  (503) C L1PA2          LINE/L1              (1)   6154   5704  592  
 1262    9.4  0.0  1.2  Sniffles2.INS.25SBA     452   623  (331) + 7SK            snRNA                 87    256   (75)  593  
 1096   14.9  0.8  0.0  Sniffles2.INS.25SBA     615   953    (1) + ALR/Alpha      Satellite/centr        1    341    (0)  594 *
  476   18.7  3.1 11.0  Sniffles2.INS.260SC0     36   600    (9) C HSATII         Satellite            (7)    520      1  595  
   51    0.0  0.0  0.0  Sniffles2.INS.261S0       1    55    (1) + (A)n           Simple_repeat          1     55    (0)  596  
 1247   12.1  0.8  0.1  Sniffles2.INS.261S11      4  1009    (1) + ALR/Alpha      Satellite/centr        1   1013    (0)  597  
   48    0.0  2.1  0.0  Sniffles2.INS.261S25     12    58    (0) + (AGAGA)n       Simple_repeat          1     48    (0)  598  
  511   16.7  6.9  8.1  Sniffles2.INS.261SC0      1   648   (11) C HSATII         Satellite            (4)    640      1  599  
 1258    9.4  0.0  0.0  Sniffles2.INS.262S11      1   334    (6) + ALR/Alpha      Satellite/centr        1    334    (0)  600  
  511   17.5  6.8  7.9  Sniffles2.INS.262SC0      1   657    (1) C HSATII         Satellite            (4)    649      1  601  
 1305   13.0  1.4  0.0  Sniffles2.INS.263S11      4  1006    (3) + ALR/Alpha      Satellite/centr        1   1016    (0)  602  
   27    6.6  0.0  9.4  Sniffles2.INS.267S2       3    68    (1) + (TTCT)n        Simple_repeat          1     59    (0)  603  
 1129   13.0  0.5  0.4  Sniffles2.INS.267S33      1   682    (1) + ALR/Alpha      Satellite/centr        1    683    (0)  604  
  103    9.4  1.3  0.7  Sniffles2.INS.268S2       1   153    (0) + (TA)n          Simple_repeat          1    154    (0)  605  
  788   11.2  2.0  0.4  Sniffles2.INS.268S33      1   164    (2) + ALR/Alpha      Satellite/centr        1    166    (0)  606  
 1188   13.8  1.3  0.0  Sniffles2.INS.269S11      7   674    (3) + ALR/Alpha      Satellite/centr        1    676    (4)  607  
 1079   23.8 13.0  4.6  Sniffles2.INS.269S24     13   550   (42) C L1MEg2         LINE/L1           (5529)    923    630  608  
   33   13.8  0.0  0.0  Sniffles2.INS.26AS18      1    56    (1) + (CAC)n         Simple_repeat          1     56    (0)  609  
   86   10.6  0.0  0.0  Sniffles2.INS.26BS18      2   135    (1) + (CAC)n         Simple_repeat          1    134    (0)  610  
  852   12.6  0.4  0.0  Sniffles2.INS.26BS33      1   169    (0) + ALR/Alpha      Satellite/centr        1    169    (0)  611  
 1209   15.6  0.7  0.0  Sniffles2.INS.26CS11      9   338    (1) + ALR/Alpha      Satellite/centr        1    332    (2)  612  
 1127   12.6  0.4  0.4  Sniffles2.INS.26CS33      1   341    (0) + ALR/Alpha      Satellite/centr        1    341    (0)  613  
 1407   12.9  0.4  0.0  Sniffles2.INS.26ES11     10   678    (1) + ALR/Alpha      Satellite/centr        1    671    (2)  614  
  373   13.6  4.5  0.0  Sniffles2.INS.26S15       2    67    (2) + HSATII         Satellite             22     90   (80)  615  
   47   15.2  0.0  0.0  Sniffles2.INS.26S24       1    82 (1679) + (AATGG)n       Simple_repeat          1     82    (0)  616  
   29    5.6  0.0  0.0  Sniffles2.INS.26S24      89   125 (1636) + (GGAGT)n       Simple_repeat          1     37    (0)  617  
   27   18.0  3.2  0.0  Sniffles2.INS.26S24     139   201 (1560) + (GGAAT)n       Simple_repeat          1     65    (0)  618  
  334   15.7  0.0  0.0  Sniffles2.INS.26S24     202   252 (1509) + Alu            SINE/Alu              89    139   (27)  619  
  608   19.8  1.5  0.0  Sniffles2.INS.26S24     264   937  (824) + (AATGG)n       Simple_repeat          3    684    (0)  620  
  343   22.1  0.0  0.0  Sniffles2.INS.26S24     955  1022  (739) + Alu            SINE/Alu              89    156   (10)  621  
  608   19.8  1.5  0.0  Sniffles2.INS.26S24    1022  1761    (0) + (AATGG)n       Simple_repeat          2    752    (0)  622  
   25   14.9  1.9  1.9  Sniffles2.INS.26S2B       1    54    (0) + (TGGAG)n       Simple_repeat          1     54    (0)  623  
  937   13.8  3.2  0.0  Sniffles2.INS.26S2F       1   166    (1) + ALR/Alpha      Satellite/centr        1    171    (0)  624  
  937   14.8  2.4  0.0  Sniffles2.INS.26S30       1   336    (0) + ALR/Alpha      Satellite/centr        1    344    (0)  625  
   31   15.3 12.5  2.0  Sniffles2.INS.26S35       6   141   (13) + G-rich         Low_complexity         1    150    (0)  626  
   19   15.2  2.2  2.2  Sniffles2.INS.26S58       5    50    (0) + (TGGAA)n       Simple_repeat          1     46    (0)  627  
 1349    0.0  0.0  0.0  Sniffles2.INS.26S6F      14   181    (0) + AluY           SINE/Alu             161    311    (0)  628  
  573   14.2  8.4  0.0  Sniffles2.INS.26S8        3   148    (3) C BSR/Beta       Satellite           (41)    158      1  629  
 1205   13.2  0.4  0.1  Sniffles2.INS.26SB0       1   506    (6) + ALR/Alpha      Satellite/centr        1    507    (0)  630  
 1222   15.8  0.1  0.1  Sniffles2.INS.26SBA       4  1880    (0) + ALR/Alpha      Satellite/centr        1   1877    (0)  631  
  816   12.7  0.8  0.0  Sniffles2.INS.270S33      1   168    (6) + ALR/Alpha      Satellite/centr        1    169    (0)  632  
  258    0.0  0.0  0.0  Sniffles2.INS.270S4       1   221    (0) + (C)n           Simple_repeat          1    221    (0)  633  
  966   13.5  0.6  0.0  Sniffles2.INS.272S33      1   163    (9) + ALR/Alpha      Satellite/centr        8    171    (0)  634  
   14   18.0  2.5  2.5  Sniffles2.INS.273S18      2    41   (23) + (TCCA)n        Simple_repeat          1     40    (0)  635  
 1294    7.8  5.7  1.7  Sniffles2.INS.273SF       9  2746   (11) + (GCTTGGCTG)n   Simple_repeat          1   2844    (0)  636  
 1262   12.6  0.4  0.0  Sniffles2.INS.275S11      1   336    (4) + ALR/Alpha      Satellite/centr        1    337    (0)  637  
 2574    0.7  0.0  0.0  Sniffles2.INS.276S11     10   337    (0) C AluYa5         SINE/Alu             (0)    311     10  638  
  834   11.7  1.2  0.0  Sniffles2.INS.276S33      4   167    (1) + ALR/Alpha      Satellite/centr        1    165    (0)  639  
   59   37.2  0.0  0.0  Sniffles2.INS.27CS25      3   249    (0) + (CCCC)n        Simple_repeat          1    247    (0)  640  
   56    1.5  2.8  2.8  Sniffles2.INS.27CSC0      1    71    (4) + (TCTT)n        Simple_repeat          1     71    (0)  641  
 1209   15.6  0.7  0.0  Sniffles2.INS.27DS11      9   338    (1) + ALR/Alpha      Satellite/centr        1    332    (2)  642  
 1407   11.8  0.4  0.0  Sniffles2.INS.27ES11      1  1016    (3) + ALR/Alpha      Satellite/centr        1   1019    (0)  643  
 1429   10.2  0.5  0.0  Sniffles2.INS.27FS11      1   339    (1) + ALR/Alpha      Satellite/centr        1    340    (1)  644  
   17   27.2  1.7  0.0  Sniffles2.INS.27FSBF      1    58    (7) + (ATAATAT)n     Simple_repeat          1     59    (0)  645  
  251   25.4  0.0  0.0  Sniffles2.INS.27S2B       3    57    (0) + FRAM           SINE/Alu              98    152   (24)  646  
 1126   12.9  1.8  0.1  Sniffles2.INS.27S2F       1   334    (3) + ALR/Alpha      Satellite/centr        1    339    (0)  647  
  999   15.0  0.6  0.2  Sniffles2.INS.27S30       1   339    (1) + ALR/Alpha      Satellite/centr        1    340    (0)  648  
 1738   15.8  0.6  0.3  Sniffles2.INS.27S8       16   326    (0) + LSAU           Satellite              2    313  (185)  649  
  871   12.7  0.8  0.0  Sniffles2.INS.27SB0       1   168    (1) + ALR/Alpha      Satellite/centr        1    169    (0)  650  
  380   22.2  0.0  0.0  Sniffles2.INS.27SBA       1    81    (0) + ALR/Alpha      Satellite/centr       28    108   (63)  651  
   27   18.1  0.0  0.0  Sniffles2.INS.27SBD       4    59    (1) + (TCCAT)n       Simple_repeat          1     56    (0)  652  
 1146    9.9  0.1  0.0  Sniffles2.INS.280S11      3   339    (0) + ALR/Alpha      Satellite/centr        1    337    (0)  653  
 1191   13.3  0.5  0.0  Sniffles2.INS.282S11      7   338    (2) + ALR/Alpha      Satellite/centr        1    333    (2)  654  
 1102   11.7  1.6  3.9  Sniffles2.INS.282S22      1   622 (2593) C HSATII         Satellite            (1)    750     85  655  
   29    4.9  5.8  4.3  Sniffles2.INS.282S22    623   691 (2524) + (GAATGGAATC)n  Simple_repeat          1     70    (0)  656  
 1102   11.7  1.6  3.9  Sniffles2.INS.282S22    692   768 (2447) C HSATII         Satellite            (1)     84      1  655  
   33    5.2  4.4  6.7  Sniffles2.INS.282S22    770   860 (2355) + (GAATGGAATC)n  Simple_repeat          1     89    (0)  657  
 1203   11.7  2.4  2.7  Sniffles2.INS.282S22    862  2105 (1110) C HSATII         Satellite            (4)   2343   1066  658  
   27    6.3  5.6  4.1  Sniffles2.INS.282S22   2106  2177 (1038) + (ATCGAATGGA)n  Simple_repeat          1     73    (0)  659  
 1203   11.7  2.4  2.7  Sniffles2.INS.282S22   2178  3211    (4) C HSATII         Satellite            (4)   1065      1  658  
 1176   15.7  0.7  0.0  Sniffles2.INS.287S11     10   338    (1) + ALR/Alpha      Satellite/centr        1    331    (2)  660  
   18   16.5  6.1  0.0  Sniffles2.INS.287S25      2    50    (0) + (TGATAG)n      Simple_repeat          1     52    (0)  661  
 1407   11.2  0.9  0.1  Sniffles2.INS.289S11      1  1013    (0) + ALR/Alpha      Satellite/centr        1   1021    (1)  662  
  215   12.3  3.9  4.1  Sniffles2.INS.289S18      1   468    (0) + G-rich         Low_complexity         1    467    (0)  663  
 1367   12.7  0.6  0.0  Sniffles2.INS.28AS11      9   677    (1) + ALR/Alpha      Satellite/centr        1    673    (2)  664  
 1407   12.5  0.5  0.0  Sniffles2.INS.28BS11      1   338    (1) + ALR/Alpha      Satellite/centr        1    339    (2)  665  
   67    7.3  0.0  0.0  Sniffles2.INS.28BS4       2    88    (0) + (T)n           Simple_repeat          1     87    (0)  666  
 1238   12.6  0.7  0.0  Sniffles2.INS.28CS11      7   674    (3) + ALR/Alpha      Satellite/centr        1    672    (4)  667  
 1213   14.1  0.3  0.7  Sniffles2.INS.28ES11      1   674    (6) + ALR/Alpha      Satellite/centr        1    671    (4)  668  
 1061   12.3  0.7  0.0  Sniffles2.INS.28FS11      5   335    (2) + ALR/Alpha      Satellite/centr        1    333    (0)  669  
   19   16.4  3.3  5.1  Sniffles2.INS.28S16       4    63   (12) + (AGTGG)n       Simple_repeat          1     59    (0)  670  
  255   17.1  0.0  0.0  Sniffles2.INS.28S2B      18    58    (0) + Alu            SINE/Alu              89    129   (37)  671  
  940   14.9  7.7  0.0  Sniffles2.INS.28S2F       1   323   (12) + ALR/Alpha      Satellite/centr        1    347    (0)  672  
 1109   13.1  0.3  0.0  Sniffles2.INS.28SBA       1   340    (1) + ALR/Alpha      Satellite/centr        1    341    (0)  673  
 1407   10.6  0.2  0.0  Sniffles2.INS.291S11      3   680    (0) + ALR/Alpha      Satellite/centr        1    679    (0)  674  
 1402   13.2  0.6  0.2  Sniffles2.INS.292S11      3   677    (3) + ALR/Alpha      Satellite/centr        1    677    (2)  675  
   25   25.6  1.1  4.6  Sniffles2.INS.292S25      1    90    (8) + (CCCA)n        Simple_repeat          1     87    (0)  676  
 1189   12.2  1.1  0.2  Sniffles2.INS.295S11     10   337    (1) + ALR/Alpha      Satellite/centr        1    331    (0)  677  
 5334    1.5  0.0  0.0  Sniffles2.INS.295S33     10   603   (61) + L1HS           LINE/L1             5560   6153    (2)  678  
   50    3.5  0.0  0.0  Sniffles2.INS.295S33    606   664    (0) + (A)n           Simple_repeat          1     59    (0)  679  
  989   13.9  0.4  1.5  Sniffles2.INS.299S23      1   309    (9) C ALR/Alpha      Satellite/centr     (36)    305      1  680  
 1125   14.5  0.8  0.0  Sniffles2.INS.299S33      1  1349   (10) + ALR/Alpha      Satellite/centr        1   1359    (0)  681  
   16   28.1  2.1  0.0  Sniffles2.INS.29AS24      9    56   (34) + (CA)n          Simple_repeat          1     49    (0)  682  
 1103   14.6  0.8  0.0  Sniffles2.INS.29BS33      5   339    (1) + ALR/Alpha      Satellite/centr        1    337    (0)  683  
   37    3.1  8.4  2.7  Sniffles2.INS.29CS0       2    72    (3) + (AAAG)n        Simple_repeat          1     75    (0)  684  
   69   17.1  3.7  1.2  Sniffles2.INS.29CS24      9   169    (3) + (CACACCA)n     Simple_repeat          1    165    (0)  685  
 1088   14.1  0.8  0.0  Sniffles2.INS.29DS33      1   509    (0) + ALR/Alpha      Satellite/centr        1    512    (0)  686  
   76    4.4  3.0  5.4  Sniffles2.INS.29FS0       2   134    (1) + (AAAG)n        Simple_repeat          1    130    (0)  687  
 1402   13.2  0.6  0.0  Sniffles2.INS.29FS11      3   676    (3) + ALR/Alpha      Satellite/centr        1    677    (2)  688  
  530   16.8  0.0  0.0  Sniffles2.INS.29S14       1    95    (1) C CER            Satellite            (0)     96      2  689  
   30   17.2  0.0  0.0  Sniffles2.INS.29S16       1    59    (1) + (AATGG)n       Simple_repeat          1     59    (0)  690  
 1156   14.2  0.5  2.9  Sniffles2.INS.2A2S33      6  1864    (1) + ALR/Alpha      Satellite/centr        1   1814    (0)  691  
   19   29.9  1.3  1.3  Sniffles2.INS.2A3S0       8    86   (10) + (TATAATA)n     Simple_repeat          1     79    (0)  692  
  124   17.8  4.1  2.8  Sniffles2.INS.2A4S0       2   317    (0) + (AT)n          Simple_repeat          1    320    (0)  693  
 1064   12.4  0.3  0.0  Sniffles2.INS.2A4S11      1   339    (2) + ALR/Alpha      Satellite/centr        1    339    (0)  694  
  188    5.5  0.0  8.4  Sniffles2.INS.2A4S22      1   336 (3879) + (GCTG)n        Simple_repeat          1    310    (0)  695  
 2182   12.2  0.3  0.7  Sniffles2.INS.2A4S22    667   961 (3254) + AluSx          SINE/Alu               1    294   (18)  696  
 1038   13.4  5.3  0.0  Sniffles2.INS.2A4S22    984  1154 (3061) C MER5A          DNA/hAT-Charlie      (9)    180      1  697  
   26    6.3  0.0  0.0  Sniffles2.INS.2A4S22   1195  1228 (2987) + (AAAAC)n       Simple_repeat          1     34    (0)  698  
 2020   13.7  1.3  1.0  Sniffles2.INS.2A4S22   1274  1583 (2632) + AluSx          SINE/Alu               1    311    (1)  699  
  322   13.9  0.0  0.0  Sniffles2.INS.2A4S22   1610  1652 (2563) C Alu            SINE/Alu           (259)     43      1  700  
  196   27.3  2.0  7.5  Sniffles2.INS.2A4S22   1857  1955 (2260) C L2d            LINE/L2             (56)   3369   3276  701  
  333   23.6  4.1  3.6  Sniffles2.INS.2A4S22   2032  2147 (2068) C L2a            LINE/L2              (0)   3426   3242  702  
  920   15.9  5.1  0.0  Sniffles2.INS.2A4S22   2331  2487 (1728) C FRAM           SINE/Alu             (1)    165      1  703  
  402   28.7  0.7  5.1  Sniffles2.INS.2A4S22   2695  2837 (1378) C L1MA9          LINE/L1            (181)   6131   5995  704  
 2180    8.1  0.3  2.7  Sniffles2.INS.2A4S22   2874  3179 (1036) + AluY           SINE/Alu               1    299   (12)  705  
 2296    8.7  1.0  0.3  Sniffles2.INS.2A4S22   3544  3843  (372) + AluSz          SINE/Alu               1    302   (10)  706  
  360   27.7  3.4  0.0  Sniffles2.INS.2A4S22   3858  3976  (239) + L1MA6          LINE/L1             6160   6282   (18)  707  
 1317   19.5  0.8  2.1  Sniffles2.INS.2A4S22   3980  4215    (0) C AluJb          SINE/Alu            (10)    292     60  708  
 1123   13.5  0.5  0.1  Sniffles2.INS.2A5S33      1   680    (1) + ALR/Alpha      Satellite/centr        1    682    (0)  709  
   45    3.5  3.5  0.0  Sniffles2.INS.2A6S24      1    58    (8) + (GCTGTGGAGG)n  Simple_repeat          1     60    (0)  710  
 2328    8.2  3.1 10.9  Sniffles2.INS.2A7SC0      1  1741  (245) C LTR12B         LTR/ERV1            (12)   1567    338  711  
 1518    6.7  5.2  0.2  Sniffles2.INS.2A7SC0   1742  1985    (1) C LTR12B         LTR/ERV1             (0)    667    416  712  
 2299    6.9  2.5  6.8  Sniffles2.INS.2A8SC0      1   997    (1) C LTR12B         LTR/ERV1             (0)    667    335  713  
 1115   15.5  1.1  0.0  Sniffles2.INS.2A9S11      9   336    (1) + ALR/Alpha      Satellite/centr        1    331    (2)  714  
   29    0.0  3.2  0.0  Sniffles2.INS.2A9SBF      1    31   (47) + (AGAA)n        Simple_repeat          1     32    (0)  715  
   22   15.4  0.0  2.2  Sniffles2.INS.2A9SBF     32    78    (0) + GA-rich        Low_complexity         1     46    (0)  716  
 1590    4.9  3.6  9.4  Sniffles2.INS.2A9SC0      1   247    (1) C LTR12B         LTR/ERV1            (66)    601    368  717  
 1263   10.7 15.1  0.7  Sniffles2.INS.2AASC0      5   373  (246) C LTR12B         LTR/ERV1            (26)    641    335  718 *
 1542    9.6  6.5  0.2  Sniffles2.INS.2AASC0    373   619    (0) C LTR12B         LTR/ERV1            (23)    644    412  719  
   59    5.5  0.0  0.0  Sniffles2.INS.2AS25       1    77    (1) + (AGG)n         Simple_repeat          1     77    (0)  720  
  305   15.4  0.0  1.9  Sniffles2.INS.2AS9        3    55    (0) C MER11A         LTR/ERVK           (132)   1134   1083  721  
   39    7.0  1.6  1.6  Sniffles2.INS.2ASBD      12    73    (7) + (TCCAT)n       Simple_repeat          1     62    (0)  722  
   64   24.1  1.5  3.7  Sniffles2.INS.2ASC0       1   195    (0) + (TCTT)n        Simple_repeat          1    191    (0)  723  
 1354   10.8  0.3  0.1  Sniffles2.INS.2B3S11      3   679    (0) + ALR/Alpha      Satellite/centr        1    678    (0)  724  
  861   15.0  0.8  0.0  Sniffles2.INS.2B3S33      1   168    (1) + ALR/Alpha      Satellite/centr        1    169    (0)  725  
   58    0.0  5.6  1.4  Sniffles2.INS.2B6S0       1    71    (0) + (TTTC)n        Simple_repeat          1     74    (0)  726  
 1403   12.3  0.7  0.1  Sniffles2.INS.2B6S11      1  1023    (0) + ALR/Alpha      Satellite/centr        1   1029    (2)  727  
 1239   13.8  1.2  0.0  Sniffles2.INS.2B7S11      7   675    (3) + ALR/Alpha      Satellite/centr        1    676    (2)  728  
  304    1.9  0.0 32.2  Sniffles2.INS.2B8S0       1   105    (0) + SVA_F          Retroposon/SVA       680    774  (601)  729  
 1187   13.5  0.4  0.0  Sniffles2.INS.2B8S11      1   336    (3) + ALR/Alpha      Satellite/centr        1    337    (0)  730  
  908   12.8  0.0  0.0  Sniffles2.INS.2B8S33      3   167    (0) + ALR/Alpha      Satellite/centr        1    165    (0)  731  
 1247   13.3  0.6  0.4  Sniffles2.INS.2B9S11      1   336    (3) + ALR/Alpha      Satellite/centr        1    336    (0)  732  
 1124   14.9  1.7  0.0  Sniffles2.INS.2B9S33      2   336    (0) + ALR/Alpha      Satellite/centr        1    340    (0)  733  
  193    2.0  7.5  0.0  Sniffles2.INS.2BAS4       1   253    (0) + (AT)n          Simple_repeat          1    272    (0)  734  
   45    0.0  7.3  0.0  Sniffles2.INS.2BBS4       1    55    (0) + (TTCT)n        Simple_repeat          1     59    (0)  735  
 1382    9.8  0.0  0.0  Sniffles2.INS.2BCS11      7   343    (0) + ALR/Alpha      Satellite/centr        1    337    (1)  736  
   70    0.0  0.0  0.0  Sniffles2.INS.2BDS0       1    62    (0) + (T)n           Simple_repeat          1     62    (0)  737  
   87    1.0  4.5  2.6  Sniffles2.INS.2BFS0      11   122    (3) + (TTTC)n        Simple_repeat          1    114    (0)  738  
   37   10.9  6.0  2.3  Sniffles2.INS.2BFS18      2    84    (0) + GA-rich        Low_complexity         1     86    (0)  739  
 1116   13.7  0.6  0.1  Sniffles2.INS.2BFS33      1   680    (0) + ALR/Alpha      Satellite/centr        1    683    (0)  740  
   56    0.0  3.5  0.0  Sniffles2.INS.2BFS35      1    57    (0) + (AAGA)n        Simple_repeat          1     59    (0)  741  
  878   15.3  0.0  0.4  Sniffles2.INS.2BS65       2   170    (1) C ALR/Alpha      Satellite/centr     (14)    168      1  742  
  880   14.4  0.0  0.0  Sniffles2.INS.2BSB0       5   168    (0) + ALR/Alpha      Satellite/centr        1    164    (0)  743  
  416   14.4 11.6  1.0  Sniffles2.INS.2BSBD       7   160    (0) + HSATII         Satellite              1    170    (7)  744  
  502    8.1  0.0  0.0  Sniffles2.INS.2C2S18      1    74    (0) C MSR1           Satellite           (12)     99     26  745  
 1066   11.9  0.3  0.0  Sniffles2.INS.2C3S11      1   336    (4) + ALR/Alpha      Satellite/centr        1    336    (0)  746  
 1072   14.6  1.2  0.0  Sniffles2.INS.2C3S33      1   677    (0) + ALR/Alpha      Satellite/centr        1    684    (0)  747  
   39    0.0  2.3  2.3  Sniffles2.INS.2C5S0      19    62    (0) + (AAGG)n        Simple_repeat          1     44    (0)  748  
   31    0.0  4.4  4.4  Sniffles2.INS.2C6S2       8    52    (0) + (TCCC)n        Simple_repeat          1     45    (0)  749  
   35    6.6  9.5  0.0  Sniffles2.INS.2C8SF       2    64    (0) + (AT)n          Simple_repeat          1     69    (0)  750  
   52    1.3  9.0  1.2  Sniffles2.INS.2C9S4       1    78    (0) + (TA)n          Simple_repeat          1     84    (0)  751  
   44   11.2  0.0  0.0  Sniffles2.INS.2CDS5       3    79    (1) + (CTGATGGGGA)n  Simple_repeat          1     77    (0)  752  
  705    0.4  5.9  0.0  Sniffles2.INS.2CFS18      1   172    (0) C MSR1           Satellite           (16)    182      1  753  
   15   27.5  2.3  0.0  Sniffles2.INS.2CFS24    246   289    (0) + (GT)n          Simple_repeat          1     45    (0)  754  
   28   14.3  1.9  0.0  Sniffles2.INS.2CS16       1    54    (0) + (TGGAG)n       Simple_repeat          1     55    (0)  755  
  373    6.2  4.2  0.0  Sniffles2.INS.2CS25      31    78  (261) + MLT1D          LTR/ERVL-MaLR          1     50  (455)  756  
  272   10.4  3.9  6.0  Sniffles2.INS.2CS25      80   130  (209) + MLT1D          LTR/ERVL-MaLR          1     50  (455)  756  
  333   10.4  4.2  0.0  Sniffles2.INS.2CS25     132   179  (160) + MLT1D          LTR/ERVL-MaLR          1     50  (455)  756  
  373    6.2  4.2  0.0  Sniffles2.INS.2CS25     181   228  (111) + MLT1D          LTR/ERVL-MaLR          1     50  (455)  756  
  256    7.5  7.3  2.3  Sniffles2.INS.2CS25     233   273   (66) + MLT1D          LTR/ERVL-MaLR          8     50  (455)  756  
  253   23.5  0.0  0.0  Sniffles2.INS.2CS2B       2    52    (0) + AluJb          SINE/Alu             238    288   (24)  757  
  536   16.0  3.9 11.2  Sniffles2.INS.2CS5D       4   515  (218) C HSATII         Satellite            (4)    474      1  758  
   27    8.0  0.0  0.0  Sniffles2.INS.2CS5D     524   563  (170) + (ATGGA)n       Simple_repeat          1     40    (0)  759  
  335   16.4  6.9  5.6  Sniffles2.INS.2CS5D     577   733    (0) C HSATII         Satellite           (33)    159      1  760  
 1201   14.3  1.4  0.2  Sniffles2.INS.2CS65       1   340    (0) C ALR/Alpha      Satellite/centr     (41)    344      1  761  
 1150   12.9  0.8  0.0  Sniffles2.INS.2CSB0       2   678    (2) + ALR/Alpha      Satellite/centr        1    682    (0)  762  
  431   17.7  4.5  6.8  Sniffles2.INS.2CSBD       2   762   (18) + HSATII         Satellite              1    743    (7)  763  
  360    5.7 12.7  0.0  Sniffles2.INS.2D1S18      2    95    (1) C MSR1           Satellite           (19)    105      1  764  
   56    6.1  7.8  0.0  Sniffles2.INS.2D1S35      1   103    (0) + (AT)n          Simple_repeat          1    111    (0)  765  
   32   27.5  4.8  0.0  Sniffles2.INS.2D1S4       8   112    (5) + (TA)n          Simple_repeat          1    110    (0)  766  
   78    9.6  3.5  2.8  Sniffles2.INS.2D3S35      1   142    (1) + (AT)n          Simple_repeat          1    143    (0)  767  
 5334    1.5  0.0  0.0  Sniffles2.INS.2D4S33     10   603   (62) + L1HS           LINE/L1             5560   6153    (2)  768  
   51    3.4  0.0  0.0  Sniffles2.INS.2D4S33    606   665    (0) + (A)n           Simple_repeat          1     60    (0)  769  
   13   27.9  2.9  2.9  Sniffles2.INS.2D5S24     10    77  (126) + (TTTCTTT)n     Simple_repeat          1     68    (0)  770  
 1065    6.2  0.8  0.0  Sniffles2.INS.2DAS25     12   139  (930) C AluSc8         SINE/Alu           (179)    132      4  771  
 2212   10.8  0.7  0.0  Sniffles2.INS.2DAS25    143   430  (639) C AluSg          SINE/Alu            (18)    292      3  772  
  335    9.8  5.9  0.0  Sniffles2.INS.2DAS25    431   481  (588) C MSTB1          LTR/ERVL-MaLR      (229)    203    150  773  
 2526    4.0  1.0  0.7  Sniffles2.INS.2DAS25    482   778  (291) + AluY           SINE/Alu               1    298   (13)  774  
  256   20.2  0.0 14.5  Sniffles2.INS.2DAS25    779   865  (204) C SVA_B          Retroposon/SVA    (1228)    155     80  775 *
  924   10.9  0.0  0.0  Sniffles2.INS.2DAS25    789   907  (162) + AluSq2         SINE/Alu             184    302   (11)  776  
  376   22.0  5.0  0.0  Sniffles2.INS.2DAS25    906  1010   (59) C MSTB2          LTR/ERVL-MaLR      (285)    172     46  777 *
 1047   15.2  0.5  0.0  Sniffles2.INS.2DAS33      1   509    (1) + ALR/Alpha      Satellite/centr        1    511    (0)  778  
  485   14.7  4.8  0.9  Sniffles2.INS.2DBS0       1   103   (82) + L1PREC2        LINE/L1             5088   5194  (952)  779  
   13   28.4  0.0  2.1  Sniffles2.INS.2DBS0     135   183    (2) + A-rich         Low_complexity         1     48    (0)  780  
   18    6.8  0.0 11.4  Sniffles2.INS.2DCS37      1    39   (22) + (AT)n          Simple_repeat          1     35    (0)  781  
   29   28.2  0.0  3.1  Sniffles2.INS.2DDS11      8   108    (1) + (ATAT)n        Simple_repeat          1     98    (0)  782  
   83   17.8  5.3  3.6  Sniffles2.INS.2DDS35      2   246    (0) + (CCCTC)n       Simple_repeat          1    249    (0)  783  
  179   17.9  1.4  5.2  Sniffles2.INS.2DDS37     13   451    (1) + (TA)n          Simple_repeat          1    423    (0)  784  
 1314   12.5  1.4  0.1  Sniffles2.INS.2DES38      1  3204    (0) + ALR/Alpha      Satellite/centr        1   3243    (1)  785  
  549   11.2  0.0  0.0  Sniffles2.INS.2DS14       1    95    (0) C CER            Satellite           (39)     95      1  786  
  936   14.2  3.1  3.4  Sniffles2.INS.2DS15       1   312    (2) + HSATII         Satellite              1    310    (0)  787  
   32   26.3  1.9  1.9  Sniffles2.INS.2DS16       1   108   (12) + (TGGAA)n       Simple_repeat          1    108    (0)  788  
  797   15.7  0.0  0.8  Sniffles2.INS.2DS2F       5   173    (0) + ALR/Alpha      Satellite/centr        1    167    (0)  789  
  554   20.6  0.0  0.0  Sniffles2.INS.2DSBA       1   173    (0) C ALR/Alpha      Satellite/centr     (47)    173      1  790  
   40    3.9  0.0  1.9  Sniffles2.INS.2E2S4       1    55    (1) + (AAGA)n        Simple_repeat          1     54    (0)  791  
  440   16.1  2.5  0.0  Sniffles2.INS.2E3S18      2   134    (4) + MER51E         LTR/ERV1             132    210  (272)  792  
 1164   13.1  0.3  0.3  Sniffles2.INS.2E3S33      1   679    (2) + ALR/Alpha      Satellite/centr        1    678    (0)  793  
   86    4.2  8.7  0.6  Sniffles2.INS.2E5S0       5   154    (2) + (TA)n          Simple_repeat          1    162    (0)  794  
  451    4.8  1.6  0.0  Sniffles2.INS.2E7S18     18    80    (2) C MSTA           LTR/ERVL-MaLR      (317)    111     48  795  
  783    5.2  6.5  1.2  Sniffles2.INS.2E7S2      11   165    (0) C SVA_D          Retroposon/SVA     (520)    866    704  796  
   46   11.9  1.2  2.4  Sniffles2.INS.2E9S11     14    99    (8) + (ATATATA)n     Simple_repeat          1     85    (0)  797  
  557   12.3  0.0  0.0  Sniffles2.INS.2E9S18      1    81    (2) C MSTB           LTR/ERVL-MaLR      (325)    101     21  798  
   40   11.3  5.4  4.3  Sniffles2.INS.2ECSF       1    93    (3) + (AC)n          Simple_repeat          1     94    (0)  799  
  113   15.9  8.7  0.6  Sniffles2.INS.2EDSF       1    12  (288) + (CA)n          Simple_repeat          1    319    (0)  800  
  106   15.3  5.0  3.9  Sniffles2.INS.2EDSF      13   295    (5) + (ACACACC)n     Simple_repeat          1    286    (0)  801  
  295    0.0  0.0  2.0  Sniffles2.INS.2EFS11      1    50    (0) C SVA_F          Retroposon/SVA     (635)    740    692  802  
  338   19.6  4.3  2.1  Sniffles2.INS.2EFS25     55   147  (225) + MLT2B5         LTR/ERVL               3     97  (620)  803  
  336   20.4  4.5  3.5  Sniffles2.INS.2EFS25    148   240  (132) + MLT2B5         LTR/ERVL               3     96  (621)  804  
  306   22.2  4.5  3.5  Sniffles2.INS.2EFS25    241   352   (20) + MLT2B5         LTR/ERVL               3    115  (602)  804  
  752   11.2  2.6  0.0  Sniffles2.INS.2ES15       1   116    (2) + HSATII         Satellite              3    121   (49)  805  
   79   26.4  0.5  0.9  Sniffles2.INS.2ES16       5   218    (0) + (GAATG)n       Satellite              1    213    (0)  806  
  735   11.9  2.0  1.2  Sniffles2.INS.2ES2F       5   166    (2) + ALR/Alpha      Satellite/centr        1    163    (0)  807  
  233   13.9  5.7  7.2  Sniffles2.INS.2ES5D      14    83    (7) C HSATII         Satellite           (81)     89     21  808  
 1166   13.2  0.3  0.2  Sniffles2.INS.2ES65       1   341    (0) C ALR/Alpha      Satellite/centr     (17)    341      1  809  
   26    8.3  7.7  0.0  Sniffles2.INS.2F0S4       1    52    (0) + (TTCT)n        Simple_repeat          1     56    (0)  810  
 1164   13.2  0.6  0.3  Sniffles2.INS.2F1S33      1   678    (2) + ALR/Alpha      Satellite/centr        1    679    (0)  811  
 2758    2.6  0.0  0.0  Sniffles2.INS.2F1S38     17   322    (2) + AluYk2         SINE/Alu               1    306    (5)  812  
   70   14.9  5.0  0.0  Sniffles2.INS.2F5S2       1   141    (0) + (TA)n          Simple_repeat          1    148    (0)  813  
   47    3.9  7.1  2.3  Sniffles2.INS.2F6S18      1    10   (74) + (TAATT)n       Simple_repeat          1     85    (0)  814  
   33    0.0  0.0 14.5  Sniffles2.INS.2F6S18     11    81    (3) + (TTAA)n        Simple_repeat          1     62    (0)  815  
   37    8.3  8.8  1.2  Sniffles2.INS.2F9S35      1    80    (1) + (CTTT)n        Simple_repeat          1     86    (0)  816  
  110    0.7  9.5  0.0  Sniffles2.INS.2FAS11      1   147    (0) + (AT)n          Simple_repeat          1    161    (0)  817  
   11   17.9  9.1  0.0  Sniffles2.INS.2FAS24     63   106  (245) + G-rich         Low_complexity         1     48    (0)  818  
   33   12.9  3.4  0.0  Sniffles2.INS.2FBS2       1    59    (1) + (AT)n          Simple_repeat          1     61    (0)  819  
   35    8.9  0.0  0.0  Sniffles2.INS.2FBS35      1    48    (3) + (A)n           Simple_repeat          1     48    (0)  820  
   36   25.8  4.7  0.8  Sniffles2.INS.2FBS5       4   132    (3) + (CATC)n        Simple_repeat          1    134    (0)  821  
 2727    0.3  0.0  0.3  Sniffles2.INS.2FBSF      11   326    (0) C AluYb8         SINE/Alu             (0)    318      1  822  
   32    2.2  0.0  8.2  Sniffles2.INS.2FCS11     10    62    (3) + (ATATATGAT)n   Simple_repeat          1     49    (0)  823  
   29    6.7  2.0  4.0  Sniffles2.INS.2FDS37      3    53    (0) + (TA)n          Simple_repeat          1     50    (0)  824  
   23    7.0 11.1  0.0  Sniffles2.INS.2FDS4       4    48    (3) + (AT)n          Simple_repeat          1     50    (0)  825  
   87    2.0  1.9  2.8  Sniffles2.INS.2FESF      14   120   (14) + (TATATACGTA)n  Simple_repeat          1    106    (0)  826  
  335   17.9  0.0  0.0  Sniffles2.INS.2FS2B       1    56    (7) + Alu            SINE/Alu              89    144   (22)  827  
  974   14.3  2.4  0.0  Sniffles2.INS.2FS2F       1   335    (1) + ALR/Alpha      Satellite/centr        1    343    (0)  828  
   27    8.0  1.8  3.6  Sniffles2.INS.2FS58       1    57   (14) + (TGGAA)n       Simple_repeat          1     56    (0)  829  
 1043   16.4  0.2  0.0  Sniffles2.INS.2FSB0       4   512    (0) + ALR/Alpha      Satellite/centr        1    510    (0)  830  
   63    4.5  0.0  0.0  Sniffles2.INS.2S24        1    70    (0) + (TTTC)n        Simple_repeat          1     70    (0)  831  
   36   23.6  7.6  1.2  Sniffles2.INS.2S2A        1   157    (1) + (ATCAT)n       Simple_repeat          1    167    (0)  832  
  245   19.6  5.9  0.0  Sniffles2.INS.2S2B       15    65    (0) + AluYe5         SINE/Alu             234    287   (23)  833  
  409   18.2  5.7  4.3  Sniffles2.INS.2S2C       14   226    (0) + HSATII         Satellite              1    215    (4)  834  
  701   16.1  0.4  0.0  Sniffles2.INS.2S5D        1   169    (0) + ALR/Alpha      Satellite/centr        1    169    (0)  835  
  878   19.4  0.4  0.0  Sniffles2.INS.2S65        1   167    (1) + ALR/Alpha      Satellite/centr        1    167    (0)  836  
   65    6.9  1.1  0.0  Sniffles2.INS.2SA8        1    91    (0) + (GGAA)n        Simple_repeat          1     92    (0)  837  
  627   19.8  1.6  0.4  Sniffles2.INS.2SBA        1   170    (0) C ALR/Alpha      Satellite/centr     (32)    172      1  838  
  732   10.7  6.4  3.1  Sniffles2.INS.2SC1        2   126    (1) C LTR12B         LTR/ERV1            (22)    645    517  839  
   33    0.0  3.8  7.8  Sniffles2.INS.300S11      1    53    (6) + (TA)n          Simple_repeat          1     51    (0)  840  
   32    0.0  0.0  0.0  Sniffles2.INS.300S37      1    30   (32) + (AAGG)n        Simple_repeat          1     30    (0)  841  
   18    0.0  6.2  3.0  Sniffles2.INS.300S37     31    62    (0) + (AGAA)n        Simple_repeat          1     33    (0)  842  
   61   13.9  0.0  0.0  Sniffles2.INS.300SC0      9   111 (1774) + (GAGTG)n       Simple_repeat          1    103    (0)  843  
  471   20.0  8.6  2.6  Sniffles2.INS.300SC0    113   445 (1440) C HSATII         Satellite           (11)    352      1  844  
   50   25.2  0.0  0.0  Sniffles2.INS.300SC0    446   571 (1314) + (GGAGT)n       Simple_repeat          1    126    (0)  845  
  336   21.1  5.7  6.3  Sniffles2.INS.300SC0    572   809 (1076) C HSATII         Satellite            (7)    236      1  846  
   63   18.0  1.5  0.8  Sniffles2.INS.300SC0    825   957  (928) + (TGGAG)n       Simple_repeat          1    134    (0)  847  
  315   21.8  6.0 10.6  Sniffles2.INS.300SC0    961  1218  (667) C HSATII         Satellite            (7)    246      1  848  
   79   26.5  0.0  0.0  Sniffles2.INS.300SC0   1223  1419  (466) + (GGAGT)n       Simple_repeat          1    197    (0)  849  
  290   22.8  7.6  7.5  Sniffles2.INS.300SC0   1421  1617  (268) C HSATII         Satellite           (53)    197      1  850  
  310   20.2  9.5  5.2  Sniffles2.INS.300SC0   1652  1872   (13) C HSATII         Satellite            (7)    230      1  850  
   34    8.1  7.2  2.8  Sniffles2.INS.301S35      7    75    (0) + (AT)n          Simple_repeat          1     72    (0)  851  
   25   14.5  3.7  0.0  Sniffles2.INS.301S4       1    54    (2) + (ATATAC)n      Simple_repeat          1     56    (0)  852  
   56    0.0  1.9  0.0  Sniffles2.INS.303S0       1    54    (0) + (TTCT)n        Simple_repeat          1     55    (0)  853  
   59   25.0  2.9  0.6  Sniffles2.INS.306S2       6   178    (1) + (TATA)n        Simple_repeat          1    177    (0)  854  
   33    2.6 13.8  1.1  Sniffles2.INS.307S11      1    80    (3) + (AT)n          Simple_repeat          1     90    (0)  855  
   83   20.5  4.4  0.0  Sniffles2.INS.308S2       1   203    (0) + (TA)n          Simple_repeat          1    212    (0)  856  
   85    0.0  1.2  1.2  Sniffles2.INS.308S39      1    83    (0) + (AAGA)n        Simple_repeat          1     83    (0)  857  
  297   21.8  2.9  6.6  Sniffles2.INS.308SC0     22   193   (15) C HSATII         Satellite            (4)    166      1  858  
  360   19.8  5.0  6.0  Sniffles2.INS.309SC0     25   339    (1) C HSATII         Satellite            (8)    311      1  859  
   22   19.0  0.0  0.0  Sniffles2.INS.30BSC0      2    49    (1) + (GGAAT)n       Simple_repeat          1     48    (0)  860  
  124    5.1  7.2  0.5  Sniffles2.INS.30DS35      1   207    (0) + (TA)n          Simple_repeat          1    221    (0)  861  
  334   20.2  5.0 10.3  Sniffles2.INS.30DSC0     29   369    (1) C HSATII         Satellite            (8)    322      1  862  
   45    5.3 10.1  0.0  Sniffles2.INS.30ES35      1    79    (1) + (TA)n          Simple_repeat          1     87    (0)  863  
   31   24.3  0.0  0.0  Sniffles2.INS.30FSC0      9    85  (684) + (GAATG)n       Satellite              1     77    (0)  864  
  479   17.5  4.0 10.4  Sniffles2.INS.30FSC0    105   759   (10) C HSATII         Satellite            (4)    613      1  865  
 1046   12.6  2.1  0.0  Sniffles2.INS.30S2F       1   334    (0) + ALR/Alpha      Satellite/centr        1    341    (0)  866  
 1109   15.1  1.2  0.2  Sniffles2.INS.30SB0       3   506    (2) + ALR/Alpha      Satellite/centr        1    509    (0)  867  
   27   22.9  0.0  0.0  Sniffles2.INS.30SBD       1    66    (3) + (TTCCA)n       Simple_repeat          1     66    (0)  868  
   47    0.0  3.7  1.8  Sniffles2.INS.310S39      1    54    (0) + (TTCT)n        Simple_repeat          1     55    (0)  869  
 1041   11.8  0.1  0.7  Sniffles2.INS.314S33      1   344    (0) + ALR/Alpha      Satellite/centr        1    342    (0)  870  
  778   11.4  2.0  0.0  Sniffles2.INS.315S33      2   162    (6) + ALR/Alpha      Satellite/centr        1    164    (0)  871  
  462   20.0  3.5 11.4  Sniffles2.INS.315SC0      2   957    (9) C HSATII         Satellite           (57)    880      1  872  
  284    5.4  0.0  1.8  Sniffles2.INS.316S13      1    57    (0) + SVA_F          Retroposon/SVA       691    746  (629)  873  
 1127   13.0  0.4  0.3  Sniffles2.INS.317S33      1   679    (0) + ALR/Alpha      Satellite/centr        1    679    (0)  874  
  277   22.4  1.7  0.0  Sniffles2.INS.318S24      3    60   (94) + LTR44          LTR/ERV1             327    385  (134)  875  
  243   21.1  1.9  0.0  Sniffles2.INS.318S24    103   154    (0) + LTR44          LTR/ERV1             343    395  (124)  875  
  361   19.6  4.0  8.8  Sniffles2.INS.319SC0      6   328  (457) C HSATII         Satellite            (0)    307      1  876  
  288   18.3  3.7 13.6  Sniffles2.INS.319SC0    363   566  (219) C HSATII         Satellite            (7)    183      1  876  
   13   29.6  0.0  0.0  Sniffles2.INS.319SC0    570   614  (171) + (ATGGA)n       Simple_repeat          1     45    (0)  877  
  231   20.1 10.1  5.5  Sniffles2.INS.319SC0    615   772   (13) C HSATII         Satellite            (4)    166      2  878  
  460   17.5  4.3 11.9  Sniffles2.INS.31ASC0      1  1425    (0) C HSATII         Satellite            (8)   1315      1  879  
 1225    4.8  7.0  4.5  Sniffles2.INS.31BS13      1   259    (3) C SVA_F          Retroposon/SVA     (537)    838    574  880  
 1341   13.2  0.5  0.2  Sniffles2.INS.31BS23      1  6777    (8) + ALR/Alpha      Satellite/centr        1   6799    (1)  881  
  715    5.9  0.0  0.0  Sniffles2.INS.31CS11      1    85    (5) + AluYk3         SINE/Alu             217    301   (10)  882  
  475   16.6  8.3  0.8  Sniffles2.INS.31ES39     10   118    (3) C HERVIP10B3-int LTR/ERV1          (3208)   4395   4279  883  
  361   20.0  0.0  0.0  Sniffles2.INS.31S2B       1    55    (4) + Alu            SINE/Alu             226    280   (22)  884  
   20   16.4  0.0  0.0  Sniffles2.INS.31S58      25    65    (1) + (GAATG)n       Simple_repeat          1     41    (0)  885  
  672   17.7  0.8  0.8  Sniffles2.INS.31SB0       1   167    (3) + ALR/Alpha      Satellite/centr        1    167    (0)  886  
  769   13.8  0.0  0.0  Sniffles2.INS.31SBA       1   169    (0) C ALR/Alpha      Satellite/centr     (37)    169      1  887  
  446   18.5  5.8  5.8  Sniffles2.INS.31SBD       4   667   (17) + HSATII         Satellite              1    664    (4)  888  
   70    6.1  0.0  0.0  Sniffles2.INS.320SC0      1    85    (0) + (AATGG)n       Simple_repeat          1     85    (0)  889  
  908   12.8  0.0  0.0  Sniffles2.INS.323S33      3   167    (0) + ALR/Alpha      Satellite/centr        1    165    (0)  890  
   13    7.5  3.1  6.5  Sniffles2.INS.323S39     29    60    (2) + (ACACA)n       Simple_repeat          1     31    (0)  891  
  464    3.1  1.1  2.1  Sniffles2.INS.324S37      4    96    (1) + SVA_F          Retroposon/SVA       680    811  (573)  892  
   36   26.5  3.6  0.0  Sniffles2.INS.325S4       3   114    (0) + (AT)n          Simple_repeat          1    116    (0)  893  
   38    6.4  0.0  0.0  Sniffles2.INS.325SC0      1    49    (1) + (ATGGA)n       Simple_repeat          1     49    (0)  894  
  244    0.0  0.5  0.0  Sniffles2.INS.326S35      1   213    (0) + (CTTTC)n       Simple_repeat          1    214    (0)  895  
   19   24.9  0.0  0.0  Sniffles2.INS.327SC0      3    54  (452) + (TGGAA)n       Simple_repeat          1     52    (0)  896  
  424   16.9  4.0 14.4  Sniffles2.INS.327SC0     63   506    (0) C HSATII         Satellite           (15)    397      1  897  
   27    4.4 10.6  0.0  Sniffles2.INS.328S13      1    47    (3) + (TA)n          Simple_repeat          1     52    (0)  898  
 2641    2.6  0.3  0.3  Sniffles2.INS.328S35      1   309  (460) C L1P1           LINE/L1            (433)   5722   5414  899 *
 3970    4.0  0.0  0.0  Sniffles2.INS.328S35    299   769    (0) + L1P1           LINE/L1             4090   4560 (1586)  900  
  459   19.6  5.0  8.8  Sniffles2.INS.328SC0      6  1543    (0) C HSATII         Satellite            (8)   1479      1  901  
   68    5.2  0.0  0.0  Sniffles2.INS.329SC0      1    79    (1) + (AATGG)n       Simple_repeat          1     79    (0)  902  
  372   19.2  9.7  7.2  Sniffles2.INS.32ASC0      9   299    (9) C HSATII         Satellite           (35)    298      1  903  
   58    0.0  3.4  0.0  Sniffles2.INS.32BS4       1    59    (4) + (TTCT)n        Simple_repeat          1     61    (0)  904  
 1040   13.2  4.9  0.7  Sniffles2.INS.32CS33      3   336    (2) + ALR/Alpha      Satellite/centr        1    348    (0)  905  
  474   17.9  4.3 11.7  Sniffles2.INS.32CSC0      1  1400   (17) C HSATII         Satellite           (10)   1296      1  906  
  460   17.7  4.7 10.5  Sniffles2.INS.32DSC0     35  1397    (3) C HSATII         Satellite            (5)   1283      1  907  
  477   16.6  3.1 15.2  Sniffles2.INS.32ESC0      3   343    (9) C HSATII         Satellite            (4)    299      1  908  
  374    2.2  0.0  0.0  Sniffles2.INS.32FS13      1    46   (15) C Alu            SINE/Alu            (86)     47      2  909  
 2063   12.7  1.0  0.6  Sniffles2.INS.32S25      14   323   (38) + AluSx          SINE/Alu               2    312    (0)  910  
  106   26.2  1.1  0.3  Sniffles2.INS.32S58       1   285    (1) + (GGAAT)n       Simple_repeat          1    287    (0)  911  
 1075   10.6  0.0  0.0  Sniffles2.INS.32S6F       1   171    (0) C ALR/Alpha      Satellite/centr     (72)    171      1  912  
  285   20.4  0.0  0.0  Sniffles2.INS.32SBD       5    53    (2) C Alu            SINE/Alu            (29)    272    224  913  
   22   21.4  0.0  0.0  Sniffles2.INS.330S11      2    51    (0) + (TTCT)n        Simple_repeat          1     50    (0)  914  
 1115   13.2  1.0  0.1  Sniffles2.INS.330S33      1   676    (3) + ALR/Alpha      Satellite/centr        1    681    (0)  915  
   32    7.7  5.4  0.0  Sniffles2.INS.330S37      7    62    (0) + (GAGAGG)n      Simple_repeat          1     59    (0)  916  
 1164   12.7  0.1  0.3  Sniffles2.INS.331S33      4   679    (2) + ALR/Alpha      Satellite/centr        1    674    (0)  917  
  467   18.1  7.0  8.0  Sniffles2.INS.331SC0     26   939    (7) C HSATII         Satellite            (5)    904      1  918  
   94    4.9  0.0  0.0  Sniffles2.INS.333SC0      1   105    (0) + (AATGG)n       Simple_repeat          1    105    (0)  919  
   41   15.1 10.0  0.0  Sniffles2.INS.334S0       1   110   (11) + (AT)n          Simple_repeat          1    121    (0)  920  
   27   15.1  1.9  1.9  Sniffles2.INS.334S39      1    53    (2) + (TA)n          Simple_repeat          1     53    (0)  921  
  481   19.6  4.4  9.4  Sniffles2.INS.334SC0     24  1992   (10) C HSATII         Satellite            (7)   1870      1  922  
 1164   13.4  0.5  0.1  Sniffles2.INS.335S33      3   676    (5) + ALR/Alpha      Satellite/centr        1    676    (0)  923  
   55   19.3  2.5  0.0  Sniffles2.INS.335S39      1   118    (1) + (AT)n          Simple_repeat          1    121    (0)  924  
  492   18.3  3.6 10.1  Sniffles2.INS.335SC0     13  1154    (8) C HSATII         Satellite            (6)   1067      1  925  
   24   21.4  1.9  0.0  Sniffles2.INS.336S39      1    54    (0) + (TA)n          Simple_repeat          1     55    (0)  926  
  507   17.6  4.1  9.0  Sniffles2.INS.336SC0      1   865   (12) C HSATII         Satellite           (56)    823      1  927  
   33    8.7  0.0  0.0  Sniffles2.INS.337SC0      1    49  (256) + (AATGG)n       Simple_repeat          1     49    (0)  928  
  327   21.2  6.4  6.3  Sniffles2.INS.337SC0     57   294   (11) C HSATII         Satellite            (4)    238      1  929  
  382   17.5  5.4  9.5  Sniffles2.INS.338SC0      1   543  (401) C HSATII         Satellite           (56)    520      1  930  
  472   15.8  6.7  7.4  Sniffles2.INS.338SC0    583   944    (0) C HSATII         Satellite           (10)    359      1  930  
  383   15.3  1.4 23.3  Sniffles2.INS.339SC0     18   236  (660) C HSATII         Satellite           (34)    171      1  931  
  290   20.2 10.0  1.2  Sniffles2.INS.339SC0    312   461  (435) C HSATII         Satellite            (7)    163      1  932  
   54   22.2  0.8  0.0  Sniffles2.INS.339SC0    462   586  (310) + (AATGG)n       Simple_repeat          1    126    (0)  933  
  431   17.7  4.9 19.0  Sniffles2.INS.339SC0    592   876   (20) C HSATII         Satellite           (10)    244      1  934  
   55    1.9  0.0  0.0  Sniffles2.INS.33ASC0      1    54    (0) + (GAATG)n       Satellite              1     54    (0)  935  
   18   13.4  0.0  0.0  Sniffles2.INS.33BSC0      1    33  (308) + (GGAAA)n       Simple_repeat          1     33    (0)  936  
  246   19.9  8.5  8.5  Sniffles2.INS.33BSC0     39   291   (50) C HSATII         Satellite            (4)    252      1  937  
   55    0.0  0.0  0.0  Sniffles2.INS.33CS13      1    50    (0) + (ATTTC)n       Simple_repeat          1     50    (0)  938  
   45    0.0  3.8  1.9  Sniffles2.INS.33CS39      1    53    (3) + (TTTC)n        Simple_repeat          1     54    (0)  939  
   37   18.1  1.2  1.2  Sniffles2.INS.33CSC0      1    83    (2) + (AATGG)n       Simple_repeat          1     83    (0)  940  
   40    0.0  1.9  5.8  Sniffles2.INS.33DS39      1    54    (0) + (TTTC)n        Simple_repeat          1     52    (0)  941  
  338   17.2  2.7 13.7  Sniffles2.INS.33ESC0     20   199  (331) C HSATII         Satellite            (7)    163      2  942  
   45   24.6  0.0  0.0  Sniffles2.INS.33ESC0    210   319  (211) + (GAATG)n       Satellite              1    110    (0)  943  
  322   16.8  8.4 13.4  Sniffles2.INS.33ESC0    328   526    (4) C HSATII         Satellite            (5)    189      1  944  
  447   17.7  5.0  7.7  Sniffles2.INS.33FSC0      8   739    (0) C HSATII         Satellite            (4)    711      1  945  
 2725    2.3  0.0  4.8  Sniffles2.INS.33S14      17   341    (0) + AluY           SINE/Alu               1    310    (1)  946  
  533   14.2  0.0  3.0  Sniffles2.INS.33S15       1   102    (2) + HSATII         Satellite             22    120   (50)  947  
 1224   13.5  0.1  0.2  Sniffles2.INS.33S25       1  1368    (0) + ALR/Alpha      Satellite/centr        1   1366    (2)  948  
  223   26.9  0.0  0.0  Sniffles2.INS.33S2B       5    56    (8) + AluJb          SINE/Alu             229    280   (32)  949  
  960   15.6  1.8  0.0  Sniffles2.INS.33S2F       1   338    (0) + ALR/Alpha      Satellite/centr        1    344    (0)  950  
   21   18.1  0.0  0.0  Sniffles2.INS.33S58       1    44    (6) + (GGAAT)n       Simple_repeat          1     44    (0)  951  
 1195   12.5  0.1  0.0  Sniffles2.INS.33S6F       1   337    (4) C ALR/Alpha      Satellite/centr     (21)    337      1  952  
  916   13.2  0.0  0.0  Sniffles2.INS.33SB0       5   168    (0) + ALR/Alpha      Satellite/centr        1    164    (0)  953  
 1243   12.1  0.5  0.0  Sniffles2.INS.33SBA       3   673    (5) C ALR/Alpha      Satellite/centr      (8)    674      1  954  
  421   17.0  2.3  7.4  Sniffles2.INS.33SBD      11   181   (14) + HSATII         Satellite              1    163    (7)  955  
  360   19.8  5.0  6.0  Sniffles2.INS.341SC0     25   339    (1) C HSATII         Satellite            (8)    311      1  956  
  474   17.5  4.3 10.0  Sniffles2.INS.342SC0      1   724    (9) C HSATII         Satellite           (12)    682      1  957  
  442   21.1  4.0  9.3  Sniffles2.INS.343SC0      5   454   (21) C HSATII         Satellite           (30)    426      1  958  
   37    9.0  0.0  6.3  Sniffles2.INS.344S39      1    67    (1) + (TA)n          Simple_repeat          1     63    (0)  959  
  507   17.6  4.1  9.0  Sniffles2.INS.344SC0      1   865   (12) C HSATII         Satellite           (56)    823      1  960  
 1478   15.7  0.0  3.3  Sniffles2.INS.346S11      1   250  (293) + AluSx          SINE/Alu              55    296    (6)  961  
  342   11.1  1.6  3.2  Sniffles2.INS.346S11    247   335  (208) + MLT1C          LTR/ERVL-MaLR        143    223  (167)  962 *
  603   21.7  3.3  1.2  Sniffles2.INS.346S11    304   489   (54) + MLT1C          LTR/ERVL-MaLR        171    355  (112)  962  
  350   13.5  0.0  0.0  Sniffles2.INS.346S11    490   541    (2) + Alu            SINE/Alu               1     52  (250)  963  
 1143   13.4  0.4  0.3  Sniffles2.INS.346S33      1   678    (2) + ALR/Alpha      Satellite/centr        1    678    (0)  964  
   55   17.8  3.5  0.0  Sniffles2.INS.347S0       3   117    (1) + (AT)n          Simple_repeat          1    119    (0)  965  
   32   17.8  1.7  0.0  Sniffles2.INS.347S13      1    60    (1) + (TA)n          Simple_repeat          1     61    (0)  966  
  264   17.1 10.6  8.2  Sniffles2.INS.347SC0     44   204   (11) C HSATII         Satellite           (11)    164      1  967  
  898   14.9  0.4  0.0  Sniffles2.INS.348S33      1   169    (1) + ALR/Alpha      Satellite/centr        1    169    (0)  968  
 1371   23.2  0.7  1.1  Sniffles2.INS.348S35    229   516   (14) C AluJb          SINE/Alu            (15)    287      1  969  
  372   18.7  3.7 12.5  Sniffles2.INS.348SC0    147   587    (9) C HSATII         Satellite            (8)    402      1  970  
   70    1.6  0.0  0.0  Sniffles2.INS.349S13      1    64    (0) + (TC)n          Simple_repeat          1     64    (0)  971  
  361   18.9  4.7 10.1  Sniffles2.INS.349SC0      6   565  (219) C HSATII         Satellite            (0)    529      1  972  
   13   29.6  0.0  0.0  Sniffles2.INS.349SC0    569   613  (171) + (ATGGA)n       Simple_repeat          1     45    (0)  973  
  231   20.1 10.1  5.5  Sniffles2.INS.349SC0    614   771   (13) C HSATII         Satellite            (4)    166      2  974  
   51    0.0  0.0  0.0  Sniffles2.INS.34AS11      1    46    (5) + (CTTT)n        Simple_repeat          1     46    (0)  975  
   56    9.9  1.0  1.0  Sniffles2.INS.34ASC0      1    99   (16) + (TGGAA)n       Simple_repeat          1     99    (0)  976  
  413   20.2  5.2  6.8  Sniffles2.INS.34BSC0     19   379    (0) C HSATII         Satellite            (8)    355      1  977  
  278   18.5  6.3  7.0  Sniffles2.INS.34CSC0      2   204  (142) C HSATII         Satellite           (33)    201      1  978  
   47   26.8  0.0  0.0  Sniffles2.INS.34CSC0    210   334   (12) + (TGGAA)n       Simple_repeat          1    125    (0)  979  
  404   18.7  4.1 10.7  Sniffles2.INS.34DSC0      2  1104   (13) C HSATII         Satellite            (7)   1030      1  980  
   28    0.0  0.0  0.0  Sniffles2.INS.34ES38      2    32  (166) + (A)n           Simple_repeat          1     31    (0)  981  
   47    2.3  9.6  3.0  Sniffles2.INS.34ES4       1    94    (5) + (TA)n          Simple_repeat          1    100    (0)  982  
  281   20.0  8.7  3.8  Sniffles2.INS.34ESC0      1   214  (523) C HSATII         Satellite           (56)    224      1  983  
  299   18.4  8.0  9.3  Sniffles2.INS.34ESC0    248   737    (0) C HSATII         Satellite            (7)    483      1  983  
  247    2.2  0.0  6.5  Sniffles2.INS.34FS35      1    49    (1) + SVA_F          Retroposon/SVA       700    745  (630)  984  
 1224   14.5  0.4  2.1  Sniffles2.INS.34S25       1  1864    (5) + ALR/Alpha      Satellite/centr        1   1831    (2)  985  
  262   23.7  3.4  0.0  Sniffles2.INS.34S2B       3    61    (2) + AluJb          SINE/Alu             229    289   (13)  986  
 1260   11.5  0.4  0.3  Sniffles2.INS.34S6        1  1022    (2) C ALR/Alpha      Satellite/centr     (35)   1022      1  987  
 1052   14.7  1.2  1.1  Sniffles2.INS.34S6F       6   681    (1) C ALR/Alpha      Satellite/centr      (0)    676      1  988  
 1055   12.4  3.2  0.8  Sniffles2.INS.34S8        1  2549    (1) + BSR/Beta       Satellite              1   2612    (0)  989  
  402   13.1 14.3  2.9  Sniffles2.INS.34SBD       2   230  (104) + HSATII         Satellite              1    255    (4)  990  
   14   21.8  0.0  0.0  Sniffles2.INS.34SBD     245   281   (53) + (TTTCA)n       Simple_repeat          1     37    (0)  991  
   29    7.8  0.0  0.0  Sniffles2.INS.34SBD     291   331    (3) + (TCCAT)n       Simple_repeat          1     41    (0)  992  
  338   17.2  2.7 13.7  Sniffles2.INS.351SC0     20   199  (331) C HSATII         Satellite            (7)    163      2  993  
   45   24.6  0.0  0.0  Sniffles2.INS.351SC0    210   319  (211) + (GAATG)n       Satellite              1    110    (0)  994  
  322   16.8  8.4 13.4  Sniffles2.INS.351SC0    328   526    (4) C HSATII         Satellite            (5)    189      1  995  
 1131   13.7  1.0  0.1  Sniffles2.INS.352S33      1   679    (0) + ALR/Alpha      Satellite/centr        1    685    (0)  996  
   25   12.5  3.7  1.8  Sniffles2.INS.352S35      1    54    (1) + (ATATA)n       Simple_repeat          1     55    (0)  997  
   46    4.3  5.3  2.6  Sniffles2.INS.352SF       9    84    (2) + (TA)n          Simple_repeat          1     78    (0)  998  
 1177   13.2  1.0  0.0  Sniffles2.INS.353S33      1   508    (1) + ALR/Alpha      Satellite/centr        1    512    (0)  999  
  417   19.4  3.5 11.0  Sniffles2.INS.353SC0      5   666  (461) C HSATII         Satellite            (4)    612      1 1000  
   34   28.4  0.0  0.0  Sniffles2.INS.353SC0    676   773  (354) + (ATGGA)n       Simple_repeat          1     98    (0) 1001  
  448   19.6  4.1  7.2  Sniffles2.INS.353SC0    775  1123    (4) C HSATII         Satellite            (8)    338      1 1002  
  860   12.9  0.8  0.0  Sniffles2.INS.354S33      5   167    (0) + ALR/Alpha      Satellite/centr        1    164    (0) 1003  
   52    0.0  3.7  5.0  Sniffles2.INS.354S4       1    81    (0) + (AAAG)n        Simple_repeat          1     80    (0) 1004  
   21   20.1  3.9  0.0  Sniffles2.INS.354SF       1    51    (1) + (AT)n          Simple_repeat          1     53    (0) 1005  
 1164   11.9  0.2  0.3  Sniffles2.INS.355S33      2   680    (1) + ALR/Alpha      Satellite/centr        1    678    (0) 1006  
   36    5.8  3.7  0.0  Sniffles2.INS.355S38      1    54    (4) + (TTCC)n        Simple_repeat          1     56    (0) 1007  
   33    8.7  0.0  0.0  Sniffles2.INS.355SC0      1    49  (256) + (AATGG)n       Simple_repeat          1     49    (0) 1008  
  327   21.2  6.4  6.3  Sniffles2.INS.355SC0     57   294   (11) C HSATII         Satellite            (4)    238      1 1009  
  412    0.5  1.3  0.0  Sniffles2.INS.356S0       1   375    (0) + (AG)n          Simple_repeat          1    380    (0) 1010  
   33    2.1  4.0  2.0  Sniffles2.INS.356S13      1    50    (0) + (AAGA)n        Simple_repeat          1     51    (0) 1011  
  338   17.2  2.7 13.7  Sniffles2.INS.356SC0     19   198  (331) C HSATII         Satellite            (7)    163      2 1012  
   37   21.4  0.0  1.1  Sniffles2.INS.356SC0    209   296  (233) + (GAATG)n       Satellite              1     87    (0) 1013  
  330   16.2  9.5 14.6  Sniffles2.INS.356SC0    303   522    (7) C HSATII         Satellite           (10)    208      1 1014  
  335   20.0  3.2  7.9  Sniffles2.INS.357SC0      1   259  (525) C HSATII         Satellite           (58)    246      1 1015  
  288   18.3  3.7 13.6  Sniffles2.INS.357SC0    294   497  (287) C HSATII         Satellite            (7)    183      1 1015  
   13   29.6  0.0  0.0  Sniffles2.INS.357SC0    501   545  (239) + (ATGGA)n       Simple_repeat          1     45    (0) 1016  
  275   18.1 11.3  8.2  Sniffles2.INS.357SC0    546   784    (0) C HSATII         Satellite            (4)    246      1 1017  
  338   17.2  2.7 13.7  Sniffles2.INS.359SC0     20   199  (331) C HSATII         Satellite            (7)    163      2 1018  
   45   24.6  0.0  0.0  Sniffles2.INS.359SC0    210   319  (211) + (GAATG)n       Satellite              1    110    (0) 1019  
  322   16.8  8.4 13.4  Sniffles2.INS.359SC0    328   526    (4) C HSATII         Satellite            (5)    189      1 1020  
   29    1.9 13.0  0.0  Sniffles2.INS.359SF       4    57    (0) + (TA)n          Simple_repeat          1     61    (0) 1021  
   32    9.6  3.4  1.7  Sniffles2.INS.35AS39      3    61    (2) + (CTTT)n        Simple_repeat          1     60    (0) 1022  
   12   18.9  7.1  0.0  Sniffles2.INS.35BS37     35    76   (25) + (TATAAT)n      Simple_repeat          1     45    (0) 1023  
   25   17.2  2.6  2.6  Sniffles2.INS.35CS13      1    64  (706) + GA-rich        Low_complexity         1     64    (0) 1024  
  927   11.9  3.5  6.0  Sniffles2.INS.35CS13     76   245  (525) + FRAM           SINE/Alu               1    166    (0) 1025  
  255   10.5  0.0  2.6  Sniffles2.INS.35CS13    726   764    (6) + Tigger3d       DNA/TcMar-Tigger       2     39  (282) 1026  
   44   10.1  4.5  2.2  Sniffles2.INS.35CS38      3    91    (0) + (TATTATA)n     Simple_repeat          1     91    (0) 1027  
  908   12.8  0.0  0.0  Sniffles2.INS.35DS33      3   167    (0) + ALR/Alpha      Satellite/centr        1    165    (0) 1028  
  504   15.8  6.3  9.3  Sniffles2.INS.35DSC0     17   865   (60) C HSATII         Satellite            (4)    823      1 1029  
   27   11.0  0.0  0.0  Sniffles2.INS.35DSC0    876   924    (1) + (AATGG)n       Simple_repeat          1     49    (0) 1030  
   43   13.7  8.2  0.0  Sniffles2.INS.35ES13      1    97    (2) + (AT)n          Simple_repeat          1    105    (0) 1031  
   42    0.0  8.0  0.0  Sniffles2.INS.35FS35      1    50    (2) + (AT)n          Simple_repeat          1     54    (0) 1032  
 2845    1.0  0.3  0.0  Sniffles2.INS.35S14       9   314    (0) + AluY           SINE/Alu               1    307    (4) 1033  
   25   19.4  0.0  0.0  Sniffles2.INS.35S16       1    53    (0) + (TGGAG)n       Simple_repeat          1     53    (0) 1034  
 1074   14.4  0.7  0.0  Sniffles2.INS.35S25       1   502    (8) + ALR/Alpha      Satellite/centr        1    505    (0) 1035  
  246   25.0  1.9  0.0  Sniffles2.INS.35S2B       1    52    (4) + Alu            SINE/Alu              92    144   (22) 1036  
  992   14.9  0.0  0.0  Sniffles2.INS.35S2F       1   340    (2) + ALR/Alpha      Satellite/centr        1    340    (0) 1037  
 1069   15.4  1.3  1.1  Sniffles2.INS.35S6F       1  1360    (1) C ALR/Alpha      Satellite/centr     (29)   1362      1 1038  
  827   14.4  0.8  0.4  Sniffles2.INS.35SB0       2   166    (0) + ALR/Alpha      Satellite/centr        1    165    (0) 1039  
 1220    9.9  0.8  0.0  Sniffles2.INS.35SBA       1   339    (0) C ALR/Alpha      Satellite/centr     (51)    341      1 1040  
   27   24.1  0.0  0.0  Sniffles2.INS.35SBD       6    73    (7) + (TCCAT)n       Simple_repeat          1     68    (0) 1041  
   30    8.7  1.9  1.9  Sniffles2.INS.361S2       2    53    (0) + (AGAA)n        Simple_repeat          1     52    (0) 1042  
  507   17.6  4.1  9.0  Sniffles2.INS.361SC0      1   865   (12) C HSATII         Satellite           (56)    823      1 1043  
   70    4.1  0.0  0.0  Sniffles2.INS.364SC0     10    85   (26) + (AATGG)n       Simple_repeat          1     76    (0) 1044  
  355   19.8  7.0  5.8  Sniffles2.INS.365SC0     14   209   (13) C HSATII         Satellite            (4)    198      1 1045  
   58    0.0  0.0  1.8  Sniffles2.INS.366S35      1    57    (0) + (AAGA)n        Simple_repeat          1     56    (0) 1046  
  360   19.8  5.0  6.0  Sniffles2.INS.366SC0     25   339    (1) C HSATII         Satellite            (8)    311      1 1047  
  111   15.5  0.5  0.0  Sniffles2.INS.367S13      1   194    (1) + GA-rich        Low_complexity         1    195    (0) 1048  
   47    1.6  6.1  1.4  Sniffles2.INS.367S35      1    66    (0) + (TTTC)n        Simple_repeat          1     69    (0) 1049  
  332   20.2  3.0 11.5  Sniffles2.INS.367SC0     49   323   (17) C HSATII         Satellite           (33)    251      1 1050  
   42   10.3  4.4  3.3  Sniffles2.INS.368S38      1    90    (2) + G-rich         Low_complexity         1     91    (0) 1051  
   72   14.9  0.0  0.8  Sniffles2.INS.36AS13      1   128    (1) + GA-rich        Low_complexity         1    127    (0) 1052  
  460   17.9  4.7 10.5  Sniffles2.INS.36ASC0     39  1398    (0) C HSATII         Satellite            (5)   1280      1 1053  
  266   15.2  5.9  1.9  Sniffles2.INS.36BS13      5   208    (0) + HERVIP10FH-int LTR/ERV1             782    998 (4104) 1054  
   70    6.1  0.0  0.0  Sniffles2.INS.36BSC0      1    85    (0) + (AATGG)n       Simple_repeat          1     85    (0) 1055  
   36   15.1  0.0  0.0  Sniffles2.INS.36CS13      1    66    (0) + GA-rich        Low_complexity         1     66    (0) 1056  
  251   19.4  2.3  0.0  Sniffles2.INS.36DS13      5   179   (29) + HERVIP10FH-int LTR/ERV1             820    998 (4104) 1057  
   22    7.2  0.0  0.0  Sniffles2.INS.36DS13    180   208    (0) + (GA)n          Simple_repeat          1     29    (0) 1058  
   57   15.4  5.2  3.2  Sniffles2.INS.36DS2       1   153    (2) + (TAATA)n       Simple_repeat          1    156    (0) 1059  
  507   17.6  4.1  9.0  Sniffles2.INS.36ESC0      1   865   (12) C HSATII         Satellite           (56)    823      1 1060  
  676   12.4  9.1  5.7  Sniffles2.INS.36S16       8   177   (12) C HSATII         Satellite          (105)    175      1 1061  
  978   12.9  0.0  0.0  Sniffles2.INS.36S25       1   170    (1) + ALR/Alpha      Satellite/centr        1    170    (0) 1062  
 1126   14.7  0.3  0.1  Sniffles2.INS.36SB0       2   506    (5) + ALR/Alpha      Satellite/centr        1    506    (0) 1063  
   34    8.7  0.0  0.0  Sniffles2.INS.36SBD      12    94    (1) + (ATTCC)n       Simple_repeat          1     83    (0) 1064  
   21   14.4  5.2  3.4  Sniffles2.INS.370S11      5    62    (1) + (CAT)n         Simple_repeat          1     59    (0) 1065  
   27   18.8  0.0  0.0  Sniffles2.INS.371S2       1    49    (2) + (T)n           Simple_repeat          1     49    (0) 1066  
   79    0.0  6.6  0.0  Sniffles2.INS.372S39      1    91    (4) + (TTCT)n        Simple_repeat          1     97    (0) 1067  
  591    1.3  0.0  0.0  Sniffles2.INS.375S13      1    77    (1) + SVA_F          Retroposon/SVA       757    833  (542) 1068  
 1132   14.3  0.7  0.1  Sniffles2.INS.377S33      1  1188    (0) + ALR/Alpha      Satellite/centr        1   1195    (0) 1069  
 1951   14.4  0.7  2.4  Sniffles2.INS.379S0     155   453 (1101) + AluSx          SINE/Alu               1    294   (18) 1070  
  565   25.1  6.9  7.8  Sniffles2.INS.379S0     523   755  (799) + MamRep605      LTR                  526    756   (93) 1071  
  400   30.8 11.8  1.9  Sniffles2.INS.379S0     901  1095  (459) + MIR            SINE/MIR              38    251   (17) 1072  
 2167   13.8  2.8  7.1  Sniffles2.INS.379S0    1111  1533   (21) C MER21B         LTR/ERVL             (0)    868    463 1073  
   83    1.2  3.5  0.0  Sniffles2.INS.37DS2       1    86    (0) + (AT)n          Simple_repeat          1     89    (0) 1074  
  485   14.4  4.6 10.4  Sniffles2.INS.37ESC0      7   225    (1) + HSATII         Satellite              1    206    (8) 1075  
   24   18.4  6.5  0.0  Sniffles2.INS.37FS2       5    66    (5) + (TA)n          Simple_repeat          1     66    (0) 1076  
  294    8.9  0.0  2.1  Sniffles2.INS.37S18      37    95    (0) + FLAM_C         SINE/Alu               1     37   (96) 1077  
 1234   13.0  0.6  0.0  Sniffles2.INS.37S25       1  1868    (2) + ALR/Alpha      Satellite/centr        1   1879    (0) 1078  
  294   15.7  3.9  0.0  Sniffles2.INS.37S2B       1    51    (5) + FRAM           SINE/Alu             105    157   (19) 1079  
 1014   13.2  2.0  0.0  Sniffles2.INS.37S2F       1   336    (1) + ALR/Alpha      Satellite/centr        1    342    (0) 1080  
 1349    0.0  0.0  0.0  Sniffles2.INS.37S6F      14   178    (0) + AluY           SINE/Alu             161    311    (0) 1081  
  784   13.4  0.8  0.0  Sniffles2.INS.37SB0       1   169    (0) + ALR/Alpha      Satellite/centr        1    170    (0) 1082  
   67    0.0  0.0  0.0  Sniffles2.INS.37SBA      19    75  (171) + (TA)n          Simple_repeat          1     57    (0) 1083  
 1133    8.2  0.0  0.0  Sniffles2.INS.37SBA      76   245    (1) C ALR/Alpha      Satellite/centr     (66)    170      1 1084  
  279   25.4  0.0  1.6  Sniffles2.INS.37SBD      20    83    (3) C AluY           SINE/Alu            (14)    287    225 1085  
   48   19.2  5.4  1.5  Sniffles2.INS.380S2       5   133    (0) + (TA)n          Simple_repeat          1    134    (0) 1086  
  525    0.0  0.0  0.0  Sniffles2.INS.380S35      1    63    (0) + Alu            SINE/Alu               2     64  (237) 1087  
   28    2.1  8.0  1.9  Sniffles2.INS.383S37      1    50    (0) + (AAAG)n        Simple_repeat          1     53    (0) 1088  
 1073   14.5  0.7  0.5  Sniffles2.INS.384S33      5   510    (2) + ALR/Alpha      Satellite/centr        1    507    (0) 1089  
   30   10.9  3.9  0.0  Sniffles2.INS.387SF       1    51    (2) + (TC)n          Simple_repeat          1     53    (0) 1090  
   41   14.3  1.4  0.0  Sniffles2.INS.38AS37      1    70    (1) + (AT)n          Simple_repeat          1     71    (0) 1091  
 1160   13.2  0.0  2.9  Sniffles2.INS.38CS4       1   179   (52) C AluY           SINE/Alu           (127)    174      1 1092  
  347   15.2  0.3  0.0  Sniffles2.INS.38CS4     180   230    (1) C AluJb          SINE/Alu            (73)    229    178 1093  
   18    8.9  5.6  0.0  Sniffles2.INS.38S16       2    37   (82) + (AATGG)n       Simple_repeat          1     38    (0) 1094  
  327   20.8  5.6  0.0  Sniffles2.INS.38S16      38   109   (10) + AluJb          SINE/Alu             225    300    (2) 1095  
  913   15.3  2.3  0.1  Sniffles2.INS.38S2F       1   337    (0) + ALR/Alpha      Satellite/centr        1    344    (0) 1096  
  781   17.1  0.0  0.0  Sniffles2.INS.38SB0       1   168    (3) + ALR/Alpha      Satellite/centr        1    168    (0) 1097  
   22   22.6  0.0  0.0  Sniffles2.INS.391S11     12    58   (16) + (TG)n          Simple_repeat          1     47    (0) 1098  
   58    0.0  1.7  1.7  Sniffles2.INS.391S35      1    60    (2) + (CTTT)n        Simple_repeat          1     60    (0) 1099  
  908   12.8  0.0  0.0  Sniffles2.INS.392S33      3   167    (0) + ALR/Alpha      Satellite/centr        1    165    (0) 1100  
   44    0.0  0.0  4.3  Sniffles2.INS.393S37      1    49    (2) + (AAAG)n        Simple_repeat          1     47    (0) 1101  
   41    7.0  1.6  0.0  Sniffles2.INS.394S1       1    61    (0) + (AGAA)n        Simple_repeat          1     62    (0) 1102  
   40   10.3  4.7  6.7  Sniffles2.INS.396S13      1   107    (0) + (CCCCT)n       Simple_repeat          1    105    (0) 1103  
  898   13.2  0.2  8.2  Sniffles2.INS.396S33      6   331    (6) + ALR/Alpha      Satellite/centr        1    299    (0) 1104  
  894    9.3  0.0  0.5  Sniffles2.INS.398SC0      1   137    (0) C BSR/Beta       Satellite           (13)    136      1 1105  
  907   12.5  0.0  0.0  Sniffles2.INS.399S33      6   167    (0) + ALR/Alpha      Satellite/centr        1    162    (0) 1106  
 1131   13.5  0.5  0.0  Sniffles2.INS.39AS33      1   678    (3) + ALR/Alpha      Satellite/centr        1    681    (0) 1107  
 1152   14.1  1.3  0.2  Sniffles2.INS.39BS33      1  1179    (0) + ALR/Alpha      Satellite/centr        1   1191    (0) 1108  
 1127   13.2  0.5  0.5  Sniffles2.INS.39CS33      6   341    (1) + ALR/Alpha      Satellite/centr        1    336    (0) 1109  
  885   13.9  2.0  0.0  Sniffles2.INS.39ES33      1   167    (1) + ALR/Alpha      Satellite/centr        1    170    (0) 1110  
  294   19.6  0.0  0.0  Sniffles2.INS.39S2B       1    46   (15) + Alu            SINE/Alu              95    140   (26) 1111  
 1038   11.9  3.3  1.0  Sniffles2.INS.39S2F       1   333    (2) + ALR/Alpha      Satellite/centr        1    340    (0) 1112  
 1150   14.5  0.8  0.1  Sniffles2.INS.3A0S33      1  1187    (1) + ALR/Alpha      Satellite/centr        1   1196    (0) 1113  
  898   14.9  0.4  0.0  Sniffles2.INS.3A1S33      1   169    (1) + ALR/Alpha      Satellite/centr        1    169    (0) 1114  
 2960    0.3  0.0  0.0  Sniffles2.INS.3A2S1      12   322    (1) + AluYa5         SINE/Alu               1    311    (0) 1115  
 1127   11.8  0.4  0.4  Sniffles2.INS.3A2S33      1   342    (0) + ALR/Alpha      Satellite/centr        1    342    (0) 1116  
  427    4.8  1.2  1.2  Sniffles2.INS.3A3S2       5    89    (0) C SVA_F          Retroposon/SVA     (592)    783    699 1117  
 1164   12.0  0.9  0.2  Sniffles2.INS.3A3S33      3   682    (0) + ALR/Alpha      Satellite/centr        1    685    (0) 1118  
 1164   12.1  1.2  0.4  Sniffles2.INS.3A5S33      1   670    (3) + ALR/Alpha      Satellite/centr        1    675    (0) 1119  
  861   15.0  0.8  0.0  Sniffles2.INS.3A6S33      1   168    (1) + ALR/Alpha      Satellite/centr        1    169    (0) 1120  
 1088   11.1  0.1  0.4  Sniffles2.INS.3A7S33      2   341    (0) + ALR/Alpha      Satellite/centr        1    339    (0) 1121  
 1097   15.2  0.8  0.0  Sniffles2.INS.3A8S33      1   677    (1) + ALR/Alpha      Satellite/centr        1    682    (0) 1122  
   30   22.4  0.0  0.0  Sniffles2.INS.3A9SF       1    61    (2) + (AT)n          Simple_repeat          1     61    (0) 1123  
   36   11.8  4.7  0.0  Sniffles2.INS.3AAS13      3    66    (1) + (CA)n          Simple_repeat          1     67    (0) 1124  
   25   26.6  1.6  0.0  Sniffles2.INS.3AASF       1    63    (4) + (TA)n          Simple_repeat          1     64    (0) 1125  
   88    0.0  0.0  0.0  Sniffles2.INS.3ABS38      1    95    (0) + (A)n           Simple_repeat          1     95    (0) 1126  
   86    6.0  1.0  0.0  Sniffles2.INS.3ABSF       1   104    (1) + (AT)n          Simple_repeat          1    105    (0) 1127  
   11   27.9  0.0  2.3  Sniffles2.INS.3AFS11    513   557  (203) + G-rich         Low_complexity         1     44    (0) 1128  
  229   17.9  7.0  5.1  Sniffles2.INS.3AS16       3   175    (5) C HSATII         Satellite            (7)    176      1 1129  
  368   15.6  2.8  3.3  Sniffles2.INS.3AS22       7   218 (2789) C HERVIP10FH-int LTR/ERV1          (4104)    998    788 1130  
 1204   21.5 10.1  0.8  Sniffles2.INS.3AS22     514   841 (2166) C MLT1E3         LTR/ERVL-MaLR        (2)    622    265 1131  
  339   18.8  4.3  0.0  Sniffles2.INS.3AS22     835   903 (2104) + MSTA           LTR/ERVL-MaLR        157    228  (200) 1132 *
   14    7.2  6.9  0.0  Sniffles2.INS.3AS22     905   933 (2074) + (TGTCTC)n      Simple_repeat          1     31    (0) 1133  
  350   16.7  3.0  5.1  Sniffles2.INS.3AS22     936  1873 (1134) C HERVIP10FH-int LTR/ERV1          (4085)   1017    742 1134  
   13   17.8  5.3  0.0  Sniffles2.INS.3AS2B      21    58    (0) + (TGGAA)n       Simple_repeat          1     40    (0) 1135  
  950   14.3  1.7  0.0  Sniffles2.INS.3AS2F       1   338    (0) + ALR/Alpha      Satellite/centr        1    343    (0) 1136  
   12   24.9  0.0  6.0  Sniffles2.INS.3B0S11    254   306  (837) + G-rich         Low_complexity         1     50    (0) 1137  
   14   36.0  0.0  3.5  Sniffles2.INS.3B1S11      2    91 (1928) + G-rich         Low_complexity         1     87    (0) 1138  
   11   27.9  0.0  2.3  Sniffles2.INS.3B1S11    256   300 (1719) + G-rich         Low_complexity         1     44    (0) 1139  
   11   27.9  0.0  2.3  Sniffles2.INS.3B1S11   1720  1764  (255) + G-rich         Low_complexity         1     44    (0) 1140  
 1164   12.4  0.3  0.3  Sniffles2.INS.3B3S33      1   679    (2) + ALR/Alpha      Satellite/centr        1    678    (0) 1141  
   54    0.0  0.0  1.9  Sniffles2.INS.3B3S39      4    56    (0) + (TTTC)n        Simple_repeat          1     52    (0) 1142  
 1164   13.1  0.3  0.3  Sniffles2.INS.3B4S33      1   679    (2) + ALR/Alpha      Satellite/centr        1    678    (0) 1143  
   38    2.3  0.0  4.3  Sniffles2.INS.3B4S38      1    49    (4) + (TTCT)n        Simple_repeat          1     47    (0) 1144  
   25   14.8  0.0  3.7  Sniffles2.INS.3BBS13      1    56    (2) + (ATATATT)n     Simple_repeat          1     54    (0) 1145  
   50    0.0  0.0  2.0  Sniffles2.INS.3BBS4       1    50    (0) + (AAAG)n        Simple_repeat          1     49    (0) 1146  
   29    0.0  0.0  0.0  Sniffles2.INS.3BCS2       1    25  (137) + (TG)n          Simple_repeat          1     25    (0) 1147  
   18   10.5  0.0  0.0  Sniffles2.INS.3BCS2      80   110   (52) + (TGTG)n        Simple_repeat          1     31    (0) 1148  
  246   17.0 12.8  0.0  Sniffles2.INS.3BCS2     116   162    (0) C MLT1B          LTR/ERVL-MaLR      (195)    195    143 1149  
   25    6.3  0.0  0.0  Sniffles2.INS.3BDS2       1    33  (310) + (TG)n          Simple_repeat          1     33    (0) 1150  
  281   12.8 12.8  0.0  Sniffles2.INS.3BDS2      39    85  (258) C MLT1B          LTR/ERVL-MaLR      (195)    195    143 1151  
   21   10.5  0.0  0.0  Sniffles2.INS.3BDS2      86   116  (227) + (TG)n          Simple_repeat          1     31    (0) 1152  
  238   15.9 13.6  0.0  Sniffles2.INS.3BDS2     122   165  (178) C MLT1B          LTR/ERVL-MaLR      (195)    195    146 1153  
   41    0.0  2.6  0.0  Sniffles2.INS.3BDS2     166   204  (139) + (GT)n          Simple_repeat          1     40    (0) 1154  
   18   10.5  0.0  0.0  Sniffles2.INS.3BDS2     259   289   (54) + (TGTG)n        Simple_repeat          1     31    (0) 1155  
  246   17.0 12.8  0.0  Sniffles2.INS.3BDS2     295   341    (2) C MLT1B          LTR/ERVL-MaLR      (195)    195    143 1153  
   34    4.2  3.9  1.9  Sniffles2.INS.3BDS4       7    58    (1) + (CCTC)n        Simple_repeat          1     53    (0) 1156  
   51   15.8  1.0  1.0  Sniffles2.INS.3BES4       3    99    (1) + (CCTC)n        Simple_repeat          1     97    (0) 1157  
 1076   13.6  1.1  0.2  Sniffles2.INS.3BFS33      1   675    (3) + ALR/Alpha      Satellite/centr        1    681    (0) 1158  
   39    7.9  0.0  0.0  Sniffles2.INS.3BS16      31    84    (1) + (TGGAG)n       Simple_repeat          1     54    (0) 1159  
  793   12.9  0.7  0.0  Sniffles2.INS.3BS25       1  5187    (0) C CER            Satellite            (6)   5225      1 1160  
 1072   13.4  1.3  0.0  Sniffles2.INS.3BS2F       1   337    (0) + ALR/Alpha      Satellite/centr        1    341    (0) 1161  
 1123   13.0  0.9  0.0  Sniffles2.INS.3BSB0       2   678    (2) + ALR/Alpha      Satellite/centr        1    682    (0) 1162  
 1097   15.0  0.6  0.0  Sniffles2.INS.3C0S33      1   679    (1) + ALR/Alpha      Satellite/centr        1    682    (0) 1163  
   53    0.0  2.0  0.0  Sniffles2.INS.3C0S38      1    49    (3) + (AT)n          Simple_repeat          1     50    (0) 1164  
  302    4.0  6.9  2.6  Sniffles2.INS.3C2S39     33    88    (7) + L1PB           LINE/L1             4099   4160 (1986) 1165  
   67    0.0  2.5  3.8  Sniffles2.INS.3C4S1       1    80    (1) + (CCTT)n        Simple_repeat          1     79    (0) 1166  
 1061    9.6  0.0  0.0  Sniffles2.INS.3C4S23     13   147    (0) + AluSg          SINE/Alu             121    255   (55) 1167  
  898   14.9  0.4  0.0  Sniffles2.INS.3C4S33      1   169    (1) + ALR/Alpha      Satellite/centr        1    169    (0) 1168  
   35    0.0  4.1  4.1  Sniffles2.INS.3C5S1       5    53    (9) + (TTCC)n        Simple_repeat          1     49    (0) 1169  
   61   30.7  1.6  0.0  Sniffles2.INS.3C7S11     11   197    (0) + (GATG)n        Simple_repeat          1    190    (0) 1170  
 1067   15.2  0.6  1.1  Sniffles2.INS.3C7S33      3   509    (0) + ALR/Alpha      Satellite/centr        1    504    (0) 1171  
   31    2.6  0.0  4.9  Sniffles2.INS.3C7S38      3    45    (5) + (ACATATAT)n    Simple_repeat          1     41    (0) 1172  
  997    2.5  0.8  0.0  Sniffles2.INS.3CAS1       1   122    (2) + L1PA4          LINE/L1             5862   5984  (171) 1173  
   39    3.2  9.5  0.0  Sniffles2.INS.3CDS13      3    66    (1) + (AT)n          Simple_repeat          1     70    (0) 1174  
   30    9.4  3.1  6.5  Sniffles2.INS.3CDS4       1    64    (7) + (AT)n          Simple_repeat          1     62    (0) 1175  
   21   19.6  6.9  3.3  Sniffles2.INS.3CES1       1    87    (1) + (TATAT)n       Simple_repeat          1     90    (0) 1176  
   45    0.0  0.0  0.0  Sniffles2.INS.3CFS38      7    47    (0) + (CTTC)n        Simple_repeat          1     41    (0) 1177  
   19   13.1  8.0  0.0  Sniffles2.INS.3CS0        5    54    (3) + (CCCAGTA)n     Simple_repeat          1     54    (0) 1178  
  350   16.1  0.0  3.6  Sniffles2.INS.3CS2B       6    63    (0) + Alu            SINE/Alu              85    140   (26) 1179  
 1180   14.0  0.9  0.1  Sniffles2.INS.3CS2F       2  3387    (2) + ALR/Alpha      Satellite/centr        1   3414    (0) 1180  
  986   12.3  0.8  0.0  Sniffles2.INS.3CSB0       1   168    (2) + ALR/Alpha      Satellite/centr        1    169    (0) 1181  
  375   25.0  2.1  1.0  Sniffles2.INS.3D4S1      52   148  (136) + Tigger17b      DNA/TcMar-Tigger       1     98  (975) 1182  
  248   25.0  0.0  0.0  Sniffles2.INS.3D4S1     177   236   (48) C Tigger17b      DNA/TcMar-Tigger  (1013)     60      1 1183  
   15   16.0  2.9  0.0  Sniffles2.INS.3D4S1     237   271   (13) + (TATT)n        Simple_repeat          1     36    (0) 1184  
 2619    1.1  0.0  0.0  Sniffles2.INS.3D7S38     18   330    (0) C AluYa5         SINE/Alu             (0)    311      3 1185  
   42   28.7  0.0  0.9  Sniffles2.INS.3D9S13      5   111    (3) + (TA)n          Simple_repeat          1    106    (0) 1186  
   44    0.0  6.6  0.0  Sniffles2.INS.3D9S39      1    61    (0) + (AAAG)n        Simple_repeat          1     65    (0) 1187  
  709   10.7  0.0  3.9  Sniffles2.INS.3DBS1       1   107  (723) + AluSx          SINE/Alu             200    302    (0) 1188  
  825   16.7  8.8  3.5  Sniffles2.INS.3DBS1     108   299  (531) + L1MB7          LINE/L1             5964   6165   (19) 1189  
   43    9.8  6.5  0.0  Sniffles2.INS.3DCS35      2    78    (1) + (TA)n          Simple_repeat          1     82    (0) 1190  
   16   29.5  2.8  1.4  Sniffles2.INS.3DDS11     19    90   (21) + (CCACTC)n      Simple_repeat          1     73    (0) 1191  
 1150   14.6  0.8  0.1  Sniffles2.INS.3DES33      1  1188    (1) + ALR/Alpha      Satellite/centr        1   1196    (0) 1192  
   55   13.7  1.0  0.0  Sniffles2.INS.3DS16       1    96  (158) + (TGGAG)n       Simple_repeat          1     97    (0) 1193  
  318   16.8 13.3  1.0  Sniffles2.INS.3DS16      98   247    (7) C HSATII         Satellite            (8)    168      1 1194  
  263   18.6  0.0  0.0  Sniffles2.INS.3DS2B       1    43    (7) + AluYa5         SINE/Alu             228    270   (41) 1195  
  995   17.3  0.5  0.2  Sniffles2.INS.3DS2F       1   340    (2) + ALR/Alpha      Satellite/centr        1    340    (0) 1196  
  853   14.2  0.4  0.0  Sniffles2.INS.3DSB0       1   168    (1) + ALR/Alpha      Satellite/centr        1    168    (0) 1197  
 1045   14.8  1.3  0.3  Sniffles2.INS.3E0S33      3   839    (1) + ALR/Alpha      Satellite/centr        1    845    (0) 1198  
   36    6.6  6.3  0.0  Sniffles2.INS.3E0S35      1    63    (1) + (TA)n          Simple_repeat          1     67    (0) 1199  
   48    0.0  0.0  0.0  Sniffles2.INS.3E3S35      1    41   (10) + (TC)n          Simple_repeat          1     41    (0) 1200  
   40    4.1  0.0  3.8  Sniffles2.INS.3E4S1       1    55    (0) + (CATATATAC)n   Simple_repeat          1     53    (0) 1201  
 1100   14.3  1.2  0.1  Sniffles2.INS.3E4S33      1   673    (2) + ALR/Alpha      Satellite/centr        1    680    (0) 1202  
   25   28.1  2.5  0.0  Sniffles2.INS.3E5S4       7    87    (1) + GA-rich        Low_complexity         1     83    (0) 1203  
  980   18.8 25.4  3.2  Sniffles2.INS.3EBSF       1   228  (696) C AluJb          SINE/Alu            (22)    280      2 1204  
  284   28.2  0.0  1.3  Sniffles2.INS.3EBSF     165   243  (681) + SVA_A          Retroposon/SVA       135    212 (1175) 1205 *
  249   26.7  4.1  7.5  Sniffles2.INS.3EBSF     230   326  (598) C LTR33B         LTR/ERVL            (35)    468    375 1206 *
  484   27.5  0.7  0.0  Sniffles2.INS.3EBSF     529   666  (258) C LTR67B         LTR/ERVL           (474)    146      8 1207  
  411    3.2  2.1  2.1  Sniffles2.INS.3EESF       1    95    (1) + SVA_F          Retroposon/SVA       689    783  (592) 1208  
 2086   12.3  1.0  0.6  Sniffles2.INS.3ES25      42   351    (9) C AluSx          SINE/Alu             (0)    312      2 1209  
  294   22.6  0.0  0.0  Sniffles2.INS.3ES2B       5    57    (0) + Alu            SINE/Alu              91    143   (23) 1210  
  987   14.3  0.0  0.3  Sniffles2.INS.3ES2F       1   337    (5) + ALR/Alpha      Satellite/centr        1    335    (0) 1211  
   37    8.5  0.0  0.0  Sniffles2.INS.3ES3A       1    50    (0) + (TA)n          Simple_repeat          1     50    (0) 1212  
  489   10.4  3.0  6.8  Sniffles2.INS.3F8S11      1  1089    (0) + (TCCCT)n       Simple_repeat          1   1051    (0) 1213  
   28   20.5  0.0  2.9  Sniffles2.INS.3F9S31      1    71    (1) + (ATACAT)n      Simple_repeat          1     69    (0) 1214  
   29   22.5  2.8  0.0  Sniffles2.INS.3FAS23      3    74    (0) + (GT)n          Simple_repeat          1     74    (0) 1215  
  144    3.2 10.8  2.7  Sniffles2.INS.3FCS1       1   342    (2) + (TA)n          Simple_repeat          1    369    (0) 1216  
   71   33.1  1.2  0.0  Sniffles2.INS.3FCS31      1   258    (0) + (TATA)n        Simple_repeat          1    261    (0) 1217  
 1164   13.1  0.3  0.3  Sniffles2.INS.3FDS33      1   679    (2) + ALR/Alpha      Satellite/centr        1    678    (0) 1218  
  277   19.1  0.0  0.0  Sniffles2.INS.3FS2B       1    47   (10) + FRAM           SINE/Alu              98    144   (32) 1219  
 1032   13.3  0.0  0.0  Sniffles2.INS.3FS2F       2   341    (1) + ALR/Alpha      Satellite/centr        1    340    (0) 1220  
   22   15.0  0.0  2.2  Sniffles2.INS.3FS4       25    70   (11) + (ATTT)n        Simple_repeat          1     45    (0) 1221  
   47   20.3  0.0  0.0  Sniffles2.INS.3FS6        7    95    (0) + (AT)n          Simple_repeat          1     89    (0) 1222  
  703   15.4  0.2  0.2  Sniffles2.INS.3S14        1   477    (3) C CER            Satellite           (31)    477      1 1223  
  379   19.3  7.9  0.3  Sniffles2.INS.3S18        5   178   (52) + L1PA10         LINE/L1             5946   6077   (77) 1224  
  326   19.4  6.9  0.0  Sniffles2.INS.3S18      158   229    (1) + L1PA10         LINE/L1             5946   6022  (146) 1225 *
   60    3.9  2.4  2.4  Sniffles2.INS.3S2         1    83    (1) + (CTAACC)n      Simple_repeat          1     83    (0) 1226  
 1057   15.6  0.5  0.3  Sniffles2.INS.3S2F        1   677    (3) + ALR/Alpha      Satellite/centr        1    678    (0) 1227  
 1002   16.5  0.2  0.2  Sniffles2.INS.3S30        1   340    (1) + ALR/Alpha      Satellite/centr        1    340    (0) 1228  
  801   13.9  3.6  0.5  Sniffles2.INS.3S36        1   326    (2) C ALR/Alpha      Satellite/centr     (64)    336      1 1229  
  770   15.8  1.2  1.2  Sniffles2.INS.3S65        1   169    (1) + ALR/Alpha      Satellite/centr        1    168    (0) 1230  
 2656    0.7  0.0  0.0  Sniffles2.INS.3SA5        8   315    (0) C AluY           SINE/Alu             (0)    311      1 1231  
  146   15.7  0.8  0.8  Sniffles2.INS.3SA7        3   268  (478) + (TCTC)n        Simple_repeat          1    266    (0) 1232  
   15   27.6  0.0  2.0  Sniffles2.INS.3SA7      236   286  (460) + (TCCT)n        Simple_repeat          1     50    (0) 1233 *
   19   25.7  0.0  0.0  Sniffles2.INS.3SA7      701   746    (0) + (TT)n          Simple_repeat          1     46    (0) 1234  
  843    5.2  1.4  0.0  Sniffles2.INS.3SA8        1   143    (0) C ACRO1          Satellite/acro      (49)    145      1 1235  
   28    9.6  0.0  0.0  Sniffles2.INS.3SBD        1    45    (0) + (ATTCC)n       Simple_repeat          1     45    (0) 1236  
  899    7.2  6.4  0.0  Sniffles2.INS.3SC1        1   125    (0) C LTR12B         LTR/ERV1            (71)    596    464 1237  
   47   26.4  2.8  0.7  Sniffles2.INS.400S39      1   142    (1) + (TA)n          Simple_repeat          1    145    (0) 1238  
   48    6.4  3.0  0.0  Sniffles2.INS.400SF       2    67    (0) + (AT)n          Simple_repeat          1     68    (0) 1239  
   34    0.0  0.0  2.9  Sniffles2.INS.404S1       1    36   (17) + (AAGA)n        Simple_repeat          1     35    (0) 1240  
 2198   10.1  0.0  0.7  Sniffles2.INS.405S35     53   350  (398) C AluY           SINE/Alu            (15)    296      1 1241  
  383   24.9  5.2 10.9  Sniffles2.INS.405S35    393   644  (104) + L1M5           LINE/L1             4948   5186  (960) 1242  
  281   21.1  0.0  0.0  Sniffles2.INS.405S35    656   712   (36) + L1M5           LINE/L1             3790   3846 (2300) 1243  
   25   14.2  7.3  0.0  Sniffles2.INS.405S4       2    56    (1) + (TA)n          Simple_repeat          1     59    (0) 1244  
   31    3.0  0.0  0.0  Sniffles2.INS.408S39      8    41    (8) + (TTTC)n        Simple_repeat          1     34    (0) 1245  
   49    3.9  0.0  0.0  Sniffles2.INS.409S1       1    53    (1) + (AGAAGG)n      Simple_repeat          1     53    (0) 1246  
  352   17.2  0.0  1.8  Sniffles2.INS.40AS13      2    59    (1) C AluYh3         SINE/Alu           (254)     57      1 1247  
   46    2.1  0.0  2.0  Sniffles2.INS.40ES39      1    51    (0) + (TTTC)n        Simple_repeat          1     50    (0) 1248  
  353   15.4  0.0  0.0  Sniffles2.INS.40S2B       3    54    (5) + Alu            SINE/Alu              89    140   (26) 1249  
 2602    1.4  0.0  0.7  Sniffles2.INS.40S6       10   348    (1) C AluY           SINE/Alu             (0)    311      1 1250  
  532    3.9  1.3  0.0  Sniffles2.INS.410S39      1    77    (0) + SVA_F          Retroposon/SVA       752    829  (546) 1251  
   60    0.0  0.0  0.0  Sniffles2.INS.411S38      1    54    (0) + (AAAG)n        Simple_repeat          1     54    (0) 1252  
   34    0.0  7.1  0.0  Sniffles2.INS.413S31     10    51    (2) + (TTCT)n        Simple_repeat          1     45    (0) 1253  
   56    0.0  1.9  0.0  Sniffles2.INS.419S1       1    54    (0) + (AAAG)n        Simple_repeat          1     55    (0) 1254  
  696    8.2  5.0  0.0  Sniffles2.INS.419S4       1  1102    (2) + (AG)n          Simple_repeat          1   1157    (0) 1255  
  455   26.0  2.4  0.8  Sniffles2.INS.41CS13      6   129    (0) + L1MB8          LINE/L1             6048   6173    (5) 1256  
   33    2.2  2.0  4.0  Sniffles2.INS.41CS22      1    51    (0) + (AAAG)n        Simple_repeat          1     50    (0) 1257  
   50    0.0  2.0  0.0  Sniffles2.INS.41ES33      1    49    (2) + (AAGA)n        Simple_repeat          1     50    (0) 1258  
  464    9.7  0.0  4.2  Sniffles2.INS.41S15       1    75    (0) + HSATII         Satellite             17     88   (82) 1259  
  853   14.4  0.0  0.0  Sniffles2.INS.41SB0       5   168    (0) + ALR/Alpha      Satellite/centr        1    164    (0) 1260  
 1104    9.2  0.0  7.7  Sniffles2.INS.41SC0       1   182    (1) + AluSx          SINE/Alu              25    302    (0) 1261  
   20   10.3  7.0  0.0  Sniffles2.INS.426S35      6    48    (4) + (TTCC)n        Simple_repeat          1     46    (0) 1262  
   38    3.5  4.9  1.6  Sniffles2.INS.427S33      1    61    (0) + (AAGA)n        Simple_repeat          1     63    (0) 1263  
   73    0.0  5.8  1.1  Sniffles2.INS.427S35      1    87    (0) + (TTCT)n        Simple_repeat          1     91    (0) 1264  
  173   23.6  1.4  1.4  Sniffles2.INS.428S39      3   428    (0) + (CCA)n         Simple_repeat          1    426    (0) 1265  
   56    0.0  1.9  0.0  Sniffles2.INS.42AS22      1    54    (1) + (TTCT)n        Simple_repeat          1     55    (0) 1266  
  330   12.7  9.4  1.5  Sniffles2.INS.42CS3A      4   846    (0) + (ATGAA)n       Simple_repeat          1    908    (0) 1267  
   44    0.0  5.9  0.0  Sniffles2.INS.42ES22      1    51    (0) + (GAATG)n       Simple_repeat          1     54    (0) 1268  
 1054    7.9  0.6  0.0  Sniffles2.INS.42S25       1   290    (1) + ACRO1          Satellite/acro         1    291    (0) 1269  
  292   17.8  0.0  0.0  Sniffles2.INS.42S2B       1    45   (12) + Alu            SINE/Alu              93    137   (29) 1270  
  390   16.9  0.0  0.0  Sniffles2.INS.42S8        3    67    (2) C BSR/Beta       Satellite           (49)     87     23 1271  
 2084    0.5  0.0  0.5  Sniffles2.INS.42SBD       1   224    (6) + AluYa5         SINE/Alu              79    301   (10) 1272  
   48   11.4  9.3  2.2  Sniffles2.INS.430S35      1   129    (0) + (TATATAT)n     Simple_repeat          1    138    (0) 1273  
   27   13.1  3.8  1.9  Sniffles2.INS.432S31      8    60    (0) + (AT)n          Simple_repeat          1     54    (0) 1274  
   41   10.4  3.9  2.6  Sniffles2.INS.433S31      7    83    (0) + (AT)n          Simple_repeat          1     78    (0) 1275  
   54   18.9 12.6  0.4  Sniffles2.INS.433S33     20   257    (0) + (TATAG)n       Simple_repeat          1    267    (0) 1276  
   23    8.6  5.3  7.1  Sniffles2.INS.435S13      1    57    (4) + (AC)n          Simple_repeat          1     56    (0) 1277  
   50    0.0  0.0  6.7  Sniffles2.INS.435S39      1    64    (0) + (ATATATAGAC)n  Simple_repeat          1     60    (0) 1278  
   57    4.6  3.1  4.1  Sniffles2.INS.438S1       1    98    (8) + (TATATAG)n     Simple_repeat          1     97    (0) 1279  
   34    6.6  4.5  2.9  Sniffles2.INS.439S1       1    67    (5) + (AT)n          Simple_repeat          1     68    (0) 1280  
   27    8.2  3.5  5.3  Sniffles2.INS.43CS1       2    59    (0) + A-rich         Low_complexity         1     57    (0) 1281  
   23    4.5  5.6  7.5  Sniffles2.INS.43CS1       3    56    (3) + GA-rich        Low_complexity         1     53    (0) 1282 *
   36   10.4 10.2  2.9  Sniffles2.INS.43CS33      1    98    (0) + (TA)n          Simple_repeat          1    105    (0) 1283  
  245   10.8  0.0  0.0  Sniffles2.INS.43FS1       1    37  (171) C LTR69          LTR/ERVL           (551)     37      1 1284  
  574   15.4 35.5  0.0  Sniffles2.INS.43FS1      38   208    (0) C LTR69          LTR/ERVL           (318)    270     39 1285  
  481   17.6  6.1  6.3  Sniffles2.INS.43S15       1   907    (0) C HSATII         Satellite            (8)    905      1 1286  
  373   15.6  1.6  0.0  Sniffles2.INS.43S2B      14    77    (0) + Alu            SINE/Alu              89    153   (13) 1287  
  480   17.1  5.0 10.4  Sniffles2.INS.43S58       2  1006   (13) C HSATII         Satellite            (7)    950      1 1288  
  642   13.8  1.0  1.0  Sniffles2.INS.43S8        1   137    (0) C BSR/Beta       Satellite           (37)    137      1 1289  
 1075   10.7  0.3  0.6  Sniffles2.INS.43SBD       1   878    (7) + BSR/Beta       Satellite              1    875    (0) 1290  
  170    0.0  0.0  0.0  Sniffles2.INS.442S22      1   147    (1) + (AAGAA)n       Simple_repeat          1    147    (0) 1291  
   39    3.5  4.8  3.2  Sniffles2.INS.44AS38      1    62    (0) + (TA)n          Simple_repeat          1     63    (0) 1292  
   35    8.4  0.0  0.0  Sniffles2.INS.44CS33      1    51    (5) + (GGATGGAA)n    Simple_repeat          1     51    (0) 1293  
   56    1.7  1.6  1.6  Sniffles2.INS.44DS22      1    63    (0) + (TTCT)n        Simple_repeat          1     63    (0) 1294  
   52   17.6  0.0  1.0  Sniffles2.INS.44S15       1   104    (1) + (GGAAT)n       Simple_repeat          1    103    (0) 1295  
   17   35.2  0.0  0.0  Sniffles2.INS.44S3A       1     7   (64) + (TATA)n        Simple_repeat          1     24   (46) 1296  
   20   25.2  0.0  0.0  Sniffles2.INS.44S3A       8    60   (11) + (ATATGT)n      Simple_repeat          1     53    (0) 1297  
   17   35.2  0.0  0.0  Sniffles2.INS.44S3A      61    70    (1) + (TATA)n        Simple_repeat         25     70    (0) 1296  
  785   15.3  0.5  0.0  Sniffles2.INS.44S8        5   203    (2) C BSR/Beta       Satellite           (40)    200      1 1298  
  264   21.7  1.7  0.0  Sniffles2.INS.44SBD       6    65    (2) + BSR/Beta       Satellite             28     88   (48) 1299  
   89   14.8 11.2  0.0  Sniffles2.INS.451S1       3   251    (1) + (GT)n          Simple_repeat          1    277    (0) 1300  
   33    3.7  9.1  0.0  Sniffles2.INS.452S31      5    59    (0) + (AT)n          Simple_repeat          1     60    (0) 1301  
  137   11.6  4.2  6.0  Sniffles2.INS.453S23      2   338    (2) + (ATAT)n        Simple_repeat          1    331    (0) 1302  
  252    4.4  2.0 10.6  Sniffles2.INS.453S31     56   106    (2) C L1P3           LINE/L1           (3778)   2368   2322 1303  
   25   20.8  2.4  4.8  Sniffles2.INS.458S23      7    91    (7) + (CTAT)n        Simple_repeat          1     83    (0) 1304  
   51    0.0  2.0  0.0  Sniffles2.INS.459S1       1    50    (0) + (AAAG)n        Simple_repeat          1     51    (0) 1305  
   59    5.6  9.0  1.4  Sniffles2.INS.459S39      6   138   (16) + (TG)n          Simple_repeat          1    143    (0) 1306  
  107    8.2  5.3  1.0  Sniffles2.INS.45ES13      1   187    (0) + (CCCTTC)n      Simple_repeat          1    195    (0) 1307  
   29   21.0  4.9  0.0  Sniffles2.INS.45ES23      1    82    (2) + (CACA)n        Simple_repeat          1     86    (0) 1308  
  382   21.4  4.4  3.4  Sniffles2.INS.45S15      12   173    (1) C HSATII         Satellite            (7)    163      1 1309  
 1065    7.4  0.4  0.0  Sniffles2.INS.45S25       1   291    (1) C ACRO1          Satellite/acro       (1)    292      1 1310  
  357   13.7  0.0  0.0  Sniffles2.INS.45S2B       1    51   (18) + Alu            SINE/Alu              90    140   (26) 1311  
  286   24.6  0.0  0.0  Sniffles2.INS.45SBD       1    65    (2) + BSR/Beta       Satellite             34     98   (38) 1312  
   26   20.2  0.0  0.0  Sniffles2.INS.460S23      1    51    (0) + G-rich         Low_complexity         1     51    (0) 1313  
   32    3.8  9.3  0.0  Sniffles2.INS.461S33      2    55    (0) + (TA)n          Simple_repeat          1     59    (0) 1314  
  770    6.9  0.0  4.4  Sniffles2.INS.463S1       1   166    (9) C SVA_F          Retroposon/SVA     (638)    737    579 1315  
   47    0.0  2.2  0.0  Sniffles2.INS.464S33      1    46    (5) + (CTTT)n        Simple_repeat          1     47    (0) 1316  
   48    2.1  0.0  0.0  Sniffles2.INS.464S38      1    49    (3) + (TATATATGTA)n  Simple_repeat          1     49    (0) 1317  
   31   11.6  3.5  0.0  Sniffles2.INS.466S1       1    58    (0) + G-rich         Low_complexity         1     60    (0) 1318  
   37    1.9  5.6  1.8  Sniffles2.INS.466S35      1    54    (0) + (CTTT)n        Simple_repeat          1     56    (0) 1319  
   23   20.0  0.0  1.9  Sniffles2.INS.46AS1       2    55    (0) + A-rich         Low_complexity         1     53    (0) 1320  
   54    0.0  3.6  0.0  Sniffles2.INS.46AS33      1    56    (0) + (TTTC)n        Simple_repeat          1     58    (0) 1321  
   41    0.0  4.4  0.0  Sniffles2.INS.46BS33      1    45    (0) + (TTCT)n        Simple_repeat          1     47    (0) 1322  
   38   13.3  3.0  0.0  Sniffles2.INS.46BS35      1    67    (0) + (AT)n          Simple_repeat          1     69    (0) 1323  
  284   13.2  1.3  0.2  Sniffles2.INS.46BS39      1   464    (1) + (GA)n          Simple_repeat          1    469    (0) 1324  
  237   32.3  0.3  0.0  Sniffles2.INS.46DS23      8   705    (4) + G-rich         Low_complexity         1    700    (0) 1325  
  398   14.7  0.8 23.5  Sniffles2.INS.46S8        6   130    (3) C BSR/Beta       Satellite            (6)    130     29 1326  
  459   10.6  0.0  1.5  Sniffles2.INS.46SBD       2    68    (1) + BSR/Beta       Satellite             47    112   (24) 1327  
   23   16.1  3.9  0.0  Sniffles2.INS.470S22      1    51    (1) + (TATA)n        Simple_repeat          1     53    (0) 1328  
   24   14.3  4.0  2.0  Sniffles2.INS.472S38      1    50    (0) + (AT)n          Simple_repeat          1     51    (0) 1329  
   83   11.6  7.2  0.6  Sniffles2.INS.473S38      1   166    (0) + (AT)n          Simple_repeat          1    177    (0) 1330  
   66    0.0  6.6  0.0  Sniffles2.INS.476S38      1    76    (2) + (TTCT)n        Simple_repeat          1     81    (0) 1331  
   63    8.5  9.1  2.0  Sniffles2.INS.477S33      2   144    (3) + (TTATATA)n     Simple_repeat          1    153    (0) 1332  
   31    3.9  9.4  0.0  Sniffles2.INS.477S35     16    68    (1) + (TA)n          Simple_repeat          1     58    (0) 1333  
   18   14.3  3.9  3.9  Sniffles2.INS.478S22      4    54    (7) + G-rich         Low_complexity         1     51    (0) 1334  
   70    7.7  3.7  4.3  Sniffles2.INS.47AS23     11   174    (2) + (TCCA)n        Simple_repeat          1    163    (0) 1335  
   25   26.7  0.0  0.0  Sniffles2.INS.47AS33      1    58    (0) + (TA)n          Simple_repeat          1     58    (0) 1336  
   50    0.0  0.0  2.0  Sniffles2.INS.47DS1       2    51    (0) + (AAAG)n        Simple_repeat          1     49    (0) 1337  
   26   17.4  0.0  3.7  Sniffles2.INS.47DS35      1    56    (2) + (AT)n          Simple_repeat          1     54    (0) 1338  
 1316   11.6  2.4  2.4  Sniffles2.INS.47S13       1   248    (4) + SVA_A          Retroposon/SVA       498    745  (642) 1339  
  243   26.6  3.1  0.0  Sniffles2.INS.47S2B       2    65  (347) + AluYk2         SINE/Alu             224    289   (22) 1340  
 2664    3.4  0.0  0.0  Sniffles2.INS.47S2B     104   400   (12) + AluYa5         SINE/Alu               1    297   (14) 1341  
  294   21.7  0.0  0.0  Sniffles2.INS.47SBD       7    66    (1) + BSR/Beta       Satellite             28     87   (49) 1342  
  525    1.3  0.0  2.6  Sniffles2.INS.481S31      1    78    (1) + SVA_F          Retroposon/SVA       775    850  (525) 1343  
  505    4.0  0.0  1.3  Sniffles2.INS.485S1       1    77    (1) C SVA_F          Retroposon/SVA     (523)    852    777 1344  
  707    3.8  0.3  1.4  Sniffles2.INS.487S1       1   126    (0) + SVA_F          Retroposon/SVA       752    855  (520) 1345  
   66    0.0  1.7  0.0  Sniffles2.INS.488S35      1    60    (0) + (AG)n          Simple_repeat          1     61    (0) 1346  
   29    9.2  5.2  0.0  Sniffles2.INS.48AS37     41    98   (23) + (GT)n          Simple_repeat          1     61    (0) 1347  
  335   26.5  5.9  0.0  Sniffles2.INS.48AS39    183   284  (547) C L1MC3          LINE/L1            (166)   7619   7512 1348  
  240   25.5  4.9  3.9  Sniffles2.INS.48AS39    537   638  (193) C L1ME3          LINE/L1            (221)   5941   5839 1349  
   32    7.3  0.0  0.0  Sniffles2.INS.48AS39    779   821   (10) + (CTC)n         Simple_repeat          1     43    (0) 1350  
   41    4.6  5.8  1.4  Sniffles2.INS.48DS33      4    72    (1) + (AAAG)n        Simple_repeat          1     72    (0) 1351  
  843    4.0  0.8  0.8  Sniffles2.INS.48ES38      1   127    (0) + SVA_F          Retroposon/SVA       728    854  (521) 1352  
  347   17.3  2.3  0.0  Sniffles2.INS.48SBD       1   129    (2) + BSR/Beta       Satellite              1    131   (32) 1353  
   16   21.8  0.0  4.3  Sniffles2.INS.491S3A      9    56  (212) + (CTCCCT)n      Simple_repeat          1     46    (0) 1354  
   28    2.1  5.5  5.5  Sniffles2.INS.491S3A     91   145  (123) + (CTC)n         Simple_repeat          1     55    (0) 1355  
   22   21.0  6.2  1.5  Sniffles2.INS.491S3A    146   263    (5) + (CT)n          Simple_repeat          1    123    (0) 1356  
   41   22.4  2.1  0.0  Sniffles2.INS.496S35      1    95   (21) + GA-rich        Low_complexity         1     97    (0) 1357  
   20    0.0  0.0  0.0  Sniffles2.INS.496S35     95   116    (0) + (GT)n          Simple_repeat          1     22    (0) 1358 *
   53   26.6  2.7  0.0  Sniffles2.INS.497S35     11   160    (0) + GA-rich        Low_complexity         1    154    (0) 1359  
  209    1.2  3.0  1.1  Sniffles2.INS.49CS38      1   268    (0) + (AAGGA)n       Simple_repeat          1    273    (0) 1360  
   35   37.7  3.2  2.3  Sniffles2.INS.49CS3A      1   216   (10) + (AT)n          Simple_repeat          1    218    (0) 1361  
  859    1.6  0.8  0.8  Sniffles2.INS.49ES33      1   126    (0) + SVA_F          Retroposon/SVA       708    833  (542) 1362  
   23   21.5  4.5  0.0  Sniffles2.INS.49ES38      3    68    (1) + (CACCAT)n      Simple_repeat          1     69    (0) 1363  
  502    2.2  2.2  1.1  Sniffles2.INS.49S13       1    91    (1) + SVA_F          Retroposon/SVA       692    783  (592) 1364  
  294   14.3  4.1  0.0  Sniffles2.INS.49S2B       1    49    (1) + FRAM           SINE/Alu             104    154   (22) 1365  
 2744   15.3  1.4  0.4  Sniffles2.INS.49S8       25   517 (2262) + LSAU           Satellite              1    498    (0) 1366  
  634   12.2  1.7  0.0  Sniffles2.INS.49S8     2000  2114  (665) + LSAU           Satellite             23    139  (359) 1367  
   15   17.9  6.8  0.0  Sniffles2.INS.49S8     2237  2280  (499) + (GGT)n         Simple_repeat          1     47    (0) 1368  
  556   15.5  0.5  1.0  Sniffles2.INS.49SBD       2   132    (0) + BSR/Beta       Satellite              1    130    (4) 1369  
   51    0.0  0.0  0.0  Sniffles2.INS.4A0S33      5    50    (0) + (CTTT)n        Simple_repeat          1     46    (0) 1370  
   18   12.5  0.0 10.4  Sniffles2.INS.4A0S35      1    53   (15) + (CCACC)n       Simple_repeat          1     48    (0) 1371  
   15   13.5  0.0 11.1  Sniffles2.INS.4A1S35      2    51   (15) + (CCCCA)n       Simple_repeat          1     45    (0) 1372  
  545    9.6  2.2  0.0  Sniffles2.INS.4A2S35      1    89    (4) C L1M2           LINE/L1           (3444)   2702   2612 1373  
  241    6.4  0.0  4.3  Sniffles2.INS.4A8S22      1    49    (1) C SVA_F          Retroposon/SVA     (616)    759    713 1374  
 1122   10.4  3.2  3.2  Sniffles2.INS.4AAS35      1   248    (2) + SVA_A          Retroposon/SVA       532    779  (608) 1375  
  584    4.7  0.0  9.1  Sniffles2.INS.4ADS33      1   124    (0) + SVA_F          Retroposon/SVA       766    855  (520) 1376  
 1019    6.8  1.1  0.0  Sniffles2.INS.4AS25       9   289    (0) + ACRO1          Satellite/acro         1    284    (0) 1377  
  295   22.0  0.0  0.0  Sniffles2.INS.4AS2B       1    59    (0) + FRAM           SINE/Alu              94    152   (24) 1378  
   23   15.1  0.0  0.0  Sniffles2.INS.4AS58       1    44   (11) + (GAATG)n       Simple_repeat          1     44    (0) 1379  
  276   22.2  1.9  5.7  Sniffles2.INS.4B0S3A      1   882    (7) + (CCTT)n        Simple_repeat          1    849    (0) 1380  
   59   19.4  3.0  0.0  Sniffles2.INS.4B2S38      1   133    (2) + (ATAT)n        Simple_repeat          1    137    (0) 1381  
   34    4.0  3.8  1.9  Sniffles2.INS.4B2S3A      4    56    (3) + (ATATATATG)n   Simple_repeat          1     54    (0) 1382  
  114    0.0  0.0  0.0  Sniffles2.INS.4B5S35      1    99    (0) + (C)n           Simple_repeat          1     99    (0) 1383  
   24    9.1  4.1  2.0  Sniffles2.INS.4B6S3A      1    50    (1) + (TTTATTT)n     Simple_repeat          1     51    (0) 1384  
  270    4.0  9.2  1.1  Sniffles2.INS.4BCS1       1   502    (0) + (AT)n          Simple_repeat          1    542    (0) 1385  
  262   22.2  0.0  0.0  Sniffles2.INS.4BS2B       7    51    (7) + FRAM           SINE/Alu             100    144   (32) 1386  
   12   18.2  0.0  7.5  Sniffles2.INS.4C1S22     62   104 (2411) + G-rich         Low_complexity         1     40    (0) 1387  
  119   19.6  0.4  0.0  Sniffles2.INS.4C1S23      1   230    (9) + G-rich         Low_complexity         1    231    (0) 1388  
   64    0.0  1.6  0.0  Sniffles2.INS.4C2S3A      1    61    (0) + (AGAA)n        Simple_repeat          1     62    (0) 1389  
   12   18.2  0.0  7.5  Sniffles2.INS.4C5S22   1223  1265 (1256) + G-rich         Low_complexity         1     40    (0) 1390  
  643   29.9  0.6  0.0  Sniffles2.INS.4C6S33     22   195   (92) C L1M2a          LINE/L1           (6499)    669    495 1391  
  319   15.5  0.0  0.0  Sniffles2.INS.4C9S1       1    62   (10) C MSTB           LTR/ERVL-MaLR      (326)    106     45 1392  
  279   19.6  0.0  8.3  Sniffles2.INS.4CAS22      1    78    (5) C L1M4           LINE/L1            (856)   5290   5219 1393  
  401   13.6  0.0  0.0  Sniffles2.INS.4CBS1       1    66    (8) C MSTB           LTR/ERVL-MaLR      (309)    117     52 1394  
  443   16.0  0.0  0.0  Sniffles2.INS.4CCS1      19    93   (52) C MSTB           LTR/ERVL-MaLR      (300)    126     52 1395  
  289   20.4  0.0  0.0  Sniffles2.INS.4CCS1      92   145    (0) C MSTB           LTR/ERVL-MaLR      (300)    126     73 1396 *
   13   18.7  2.1  6.5  Sniffles2.INS.4CFS39      7    54    (3) + G-rich         Low_complexity         1     46    (0) 1397  
  703    5.8  0.7 28.9  Sniffles2.INS.4D0S31      1   146    (1) + SVA_B          Retroposon/SVA       669    782  (601) 1398  
  406    2.0  2.0  0.0  Sniffles2.INS.4D0S39      1    51    (0) C L1P4           LINE/L1            (517)   5644   5593 1399  
  691    0.0  0.5  0.2  Sniffles2.INS.4D2S1       1   602    (0) + (AAAG)n        Simple_repeat          1    604    (0) 1400  
   23   17.3  5.7  0.0  Sniffles2.INS.4D3S38      1    53    (5) + (TA)n          Simple_repeat          1     56    (0) 1401  
 1145    9.2  4.3  5.2  Sniffles2.INS.4D7S3A      1   253    (0) C SVA_E          Retroposon/SVA     (545)    837    587 1402  
   37    4.0  5.9  0.0  Sniffles2.INS.4D8S3A      1    51    (5) + (TA)n          Simple_repeat          1     54    (0) 1403  
   18    0.0  0.0  0.0  Sniffles2.INS.4DCS0       1    20  (297) + (CA)n          Simple_repeat          1     20    (0) 1404  
  532   27.6  8.7 10.6  Sniffles2.INS.4DDS33      1   288    (1) + MLT1K          LTR/ERVL-MaLR        272    554   (41) 1405  
  488    6.6  0.0  4.4  Sniffles2.INS.4DES3A      1    95    (1) + SVA_F          Retroposon/SVA       658    748  (627) 1406  
 2776    2.3  0.3  0.0  Sniffles2.INS.4DS24      15   318 (2380) + AluYa5         SINE/Alu               1    305    (6) 1407  
 1184   14.0  0.6  0.0  Sniffles2.INS.4DS24     319  2698    (0) + ALR/Alpha      Satellite/centr        1   2392    (0) 1408  
 1383    2.0  0.7  0.0  Sniffles2.INS.4DS2B      11   162    (0) + AluYk11        SINE/Alu               2    154  (157) 1409  
   50    2.2  0.0  0.0  Sniffles2.INS.4E1S0     288   334    (0) + (CA)n          Simple_repeat          1     47    (0) 1410  
   37    0.0  0.0  0.0  Sniffles2.INS.4E2S0       1    32  (298) + (CA)n          Simple_repeat          1     32    (0) 1411  
   34    5.5  7.0  0.0  Sniffles2.INS.4E3S1       1    57    (1) + (AT)n          Simple_repeat          1     61    (0) 1412  
   51    2.1  0.0  0.0  Sniffles2.INS.4E4S0     259   306   (38) + (CA)n          Simple_repeat          1     48    (0) 1413  
   14    5.0  0.0  0.0  Sniffles2.INS.4E6S23     10    30   (50) + (CCTC)n        Simple_repeat          1     21    (0) 1414  
   32    0.0  0.0  0.0  Sniffles2.INS.4E9S22     18    47    (0) + (TCTT)n        Simple_repeat          1     30    (0) 1415  
   19   25.6  3.7  0.0  Sniffles2.INS.4EAS31      1    54    (4) + (TA)n          Simple_repeat          1     56    (0) 1416  
   91    1.8  6.3  0.0  Sniffles2.INS.4EES38      1   111    (2) + (AT)n          Simple_repeat          1    118    (0) 1417  
   56    0.0  4.6  1.5  Sniffles2.INS.4EFS33      2    66    (0) + (TTTC)n        Simple_repeat          1     67    (0) 1418  
 1239   14.0  0.8  0.2  Sniffles2.INS.4ES24       2  6633    (1) + ALR/Alpha      Satellite/centr        1   6669    (0) 1419  
  294   18.3  1.7  0.0  Sniffles2.INS.4ES8        1    60    (7) C BSR/Beta       Satellite           (27)    109     49 1420  
  202   29.4  1.5  0.0  Sniffles2.INS.4F1S1      69   136   (38) + MIRc           SINE/MIR             107    175   (93) 1421  
  185   22.2  0.0  0.0  Sniffles2.INS.4F1S1     129   173    (1) + MIR1_Amn       SINE/MIR             110    154   (76) 1422 *
   30   15.8  0.0  0.0  Sniffles2.INS.4F3S22      1    50    (2) + (AT)n          Simple_repeat          1     50    (0) 1423  
  431   17.0 11.7  0.0  Sniffles2.INS.4F8S31      2    95   (34) C MER63A         DNA/hAT-Tip100       (0)    210    106 1424  
  979   18.4 10.3  0.4  Sniffles2.INS.4F9S1       7   230  (343) + L1M4           LINE/L1             5488   5733  (445) 1425  
 1245    7.2  0.0  0.6  Sniffles2.INS.4F9S1     235   402  (171) + L1PA6          LINE/L1             5988   6154    (0) 1426  
 1083   11.2  1.2  0.6  Sniffles2.INS.4F9S1     403   573    (0) + L1M3           LINE/L1             5310   5481  (702) 1427  
   24   13.8  7.6  1.4  Sniffles2.INS.4F9S33      1    66    (0) + (TATA)n        Simple_repeat          1     70    (0) 1428  
   23    8.8  6.0  1.9  Sniffles2.INS.4FAS33      6    55    (1) + (TATATAT)n     Simple_repeat          1     52    (0) 1429  
   31    4.7  0.0  4.3  Sniffles2.INS.4FDS33      1    48   (12) + (TGATATATA)n   Simple_repeat          1     46    (0) 1430  
   30   19.1  1.4  1.4  Sniffles2.INS.4FES3A      2    71    (1) + (AGGTGT)n      Simple_repeat          1     70    (0) 1431  
  502    7.7  0.0  0.0  Sniffles2.INS.4FS8        1    65    (3) C BSR/Beta       Satellite           (45)     91     27 1432  
  963    9.2  0.0  0.9  Sniffles2.INS.4FSBD       1   274    (0) + BSR/Beta       Satellite              1    271    (0) 1433  
   60    2.9  6.0  5.1  Sniffles2.INS.4S25        2   117    (0) + (AT)n          Simple_repeat          1    117    (0) 1434  
  756   16.0  0.0  0.0  Sniffles2.INS.4S2F        1   170    (0) + ALR/Alpha      Satellite/centr        1    170    (0) 1435  
 1245   11.2  0.3  0.1  Sniffles2.INS.4S36        1  1356    (4) C ALR/Alpha      Satellite/centr     (46)   1358      1 1436  
  922   12.8  0.7  0.0  Sniffles2.INS.4S65        1   339    (0) + ALR/Alpha      Satellite/centr        1    341    (0) 1437  
  332   20.0  0.0  0.0  Sniffles2.INS.4S8         2    66    (2) + BSR/Beta       Satellite             53    117   (19) 1438  
  292   13.0  0.0  0.0  Sniffles2.INS.4SAA       58   103    (0) + ALR/Alpha      Satellite/centr       37     82   (89) 1439  
   20   21.6  0.0  0.0  Sniffles2.INS.4SB9        5    52    (3) + (TTCCA)n       Simple_repeat          1     48    (0) 1440  
   19   23.3  0.0  0.0  Sniffles2.INS.4SBD        5    54    (1) + (CATTC)n       Simple_repeat          1     50    (0) 1441  
  768   11.6  0.5  0.1  Sniffles2.INS.4SBE        6  3291    (0) + CER            Satellite              1   3298    (0) 1442  
  551    6.9  5.9  0.0  Sniffles2.INS.501S39     34   135    (0) + HERVK14C-int   LTR/ERVK            4304   4411 (3023) 1443  
   18   30.7  3.3  0.0  Sniffles2.INS.508S31      2    61    (0) + (TA)n          Simple_repeat          1     62    (0) 1444  
   14   19.2  7.3  1.7  Sniffles2.INS.509S0    2105  2159 (2075) + (GCCAGA)n      Simple_repeat          1     58    (0) 1445  
   21    2.7 13.2  0.0  Sniffles2.INS.50BS38      1    38  (231) + (TA)n          Simple_repeat          1     43    (0) 1446  
  192    1.9  3.8  0.0  Sniffles2.INS.50BS38     57   265    (4) + (TG)n          Simple_repeat          1    217    (0) 1447  
   46    1.1 13.8  0.9  Sniffles2.INS.50ES33      1    94    (0) + (TA)n          Simple_repeat          1    106    (0) 1448  
 1396    5.7  0.3  2.4  Sniffles2.INS.50S2B       1   185   (50) + AluY           SINE/Alu               6    166    (0) 1449  
 2872    1.3  0.0  0.6  Sniffles2.INS.50S6       15   348    (0) + AluY           SINE/Alu               1    311    (0) 1450  
  561   11.4  0.5  7.2  Sniffles2.INS.50S8        1   133    (0) C BSR/Beta       Satellite           (44)    124      1 1451  
   39   18.2  0.0  2.4  Sniffles2.INS.510S0       3    87    (0) + (TGG)n         Simple_repeat          1     83    (0) 1452  
   45   17.2  0.0  1.1  Sniffles2.INS.511S0       6    93    (1) + (GTG)n         Simple_repeat          1     87    (0) 1453  
 1854   10.2  0.0  0.0  Sniffles2.INS.514S0     397   632    (0) C AluSx1         SINE/Alu            (16)    296     61 1454  
   20   24.9  0.0  0.0  Sniffles2.INS.515S38    207   251  (371) + (CA)n          Simple_repeat          1     45    (0) 1455  
   21   13.4 10.2  1.6  Sniffles2.INS.515S38    559   617    (5) + (AC)n          Simple_repeat          1     64    (0) 1456  
   44    7.6  0.0  0.0  Sniffles2.INS.51BS22      1    56    (0) + (AT)n          Simple_repeat          1     56    (0) 1457  
   34    3.1  6.8  5.3  Sniffles2.INS.51DS3A      1    74    (0) + (TA)n          Simple_repeat          1     75    (0) 1458  
   27   20.1  0.0  0.0  Sniffles2.INS.51FS31      1    52    (1) + (AT)n          Simple_repeat          1     52    (0) 1459  
  309   19.2  0.0  0.0  Sniffles2.INS.51S2B       3    54    (5) + Alu            SINE/Alu             228    279   (23) 1460  
   36   22.4  0.0  0.0  Sniffles2.INS.51S6        1    72    (2) + (TA)n          Simple_repeat          1     72    (0) 1461  
  838   14.9  0.0  0.3  Sniffles2.INS.51S8        2   272    (1) C BSR/Beta       Satellite           (17)    270      1 1462  
  431   11.9  0.0  0.0  Sniffles2.INS.51SBD       4    62    (5) C BSR/Beta       Satellite           (17)    119     61 1463  
   23   13.1  5.6  1.8  Sniffles2.INS.524S22      1    54    (0) + GA-rich        Low_complexity         1     56    (0) 1464  
 1215   15.3  0.0  0.5  Sniffles2.INS.525S3A    169   361  (311) + AluSx          SINE/Alu               1    220   (82) 1465  
  795   23.7  2.8  4.8  Sniffles2.INS.525S3A    408   620   (52) + MER3           DNA/hAT-Charlie        1    209    (0) 1466  
 1215   13.2  0.0  0.0  Sniffles2.INS.526S3A      1   166  (505) + AluSq          SINE/Alu               8    173  (140) 1467  
  795   23.7  2.8  4.8  Sniffles2.INS.526S3A    213   425  (246) + MER3           DNA/hAT-Charlie        1    209    (0) 1468  
   15    3.1  8.1  5.3  Sniffles2.INS.527S37     13    49    (3) + (GTGAG)n       Simple_repeat          1     38    (0) 1469  
  795   23.7  2.8  4.8  Sniffles2.INS.527S3A     55   267  (406) + MER3           DNA/hAT-Charlie        1    209    (0) 1470  
 1163   16.3  0.0  0.0  Sniffles2.INS.527S3A    489   673    (0) + AluSx          SINE/Alu               1    220   (82) 1471  
   65    0.0  3.1  0.0  Sniffles2.INS.529S3A      1    65    (1) + (AAGA)n        Simple_repeat          1     67    (0) 1472  
  393   18.2  0.0  0.0  Sniffles2.INS.52AS0       1    66    (3) C Alu            SINE/Alu           (117)    184    119 1473  
   34   11.6  2.9  2.9  Sniffles2.INS.52CS1       3    72    (0) + (CTCA)n        Simple_repeat          1     70    (0) 1474  
  278   20.4  0.0  0.0  Sniffles2.INS.52S2B       5    53    (2) + AluYk3         SINE/Alu             224    272   (39) 1475  
  924   15.2  2.1  0.7  Sniffles2.INS.52S8        1   738    (1) C BSR/Beta       Satellite           (12)    748      1 1476  
  425    8.9  0.0  0.0  Sniffles2.INS.530S22      1    56    (1) C AluSp          SINE/Alu           (238)     75     20 1477  
   67    3.9  2.5  0.0  Sniffles2.INS.533S1      46   125   (30) + (TATC)n        Simple_repeat          1     82    (0) 1478  
   39    2.2  0.0  4.2  Sniffles2.INS.533S31      7    56    (0) + (TATATATGTG)n  Simple_repeat          1     48    (0) 1479  
   48    0.0  1.9  1.9  Sniffles2.INS.534S0       1    52    (0) + (GAAA)n        Simple_repeat          1     52    (0) 1480  
   85    4.1  3.7  2.9  Sniffles2.INS.538S1       1   135    (0) + (AAGA)n        Simple_repeat          1    136    (0) 1481  
   49    0.0  4.1  0.0  Sniffles2.INS.53BS0       1    49    (0) + (AG)n          Simple_repeat          1     51    (0) 1482  
   34   21.6  0.0  1.3  Sniffles2.INS.53BS22      3    78    (0) + A-rich         Low_complexity         1     75    (0) 1483  
   75   19.9  1.6  3.8  Sniffles2.INS.53CS22      3   191    (0) + A-rich         Low_complexity         1    185    (0) 1484  
  157   14.7  5.5  3.2  Sniffles2.INS.53S18       1   397    (4) + GA-rich        Low_complexity         1    406    (0) 1485  
 1239    5.6  0.0  0.0  Sniffles2.INS.53S2B      21   164  (108) + AluYa5         SINE/Alu               1    144  (167) 1486  
  683    2.7  0.0  0.0  Sniffles2.INS.53S2B     165   239   (33) + AluYa5         SINE/Alu             222    296   (15) 1487  
  246   14.7  0.0  0.0  Sniffles2.INS.53S2B     239   272    (0) + Alu            SINE/Alu              96    129   (37) 1488 *
   24   19.4  4.2  2.7  Sniffles2.INS.541S1       1    72    (0) + GA-rich        Low_complexity         1     73    (0) 1489  
   66   18.6  0.5  2.7  Sniffles2.INS.541S31      2   155    (0) + GA-rich        Low_complexity         1    150    (0) 1490  
   27   21.2  0.0  0.0  Sniffles2.INS.54BS0       1    52    (5) + (AT)n          Simple_repeat          1     52    (0) 1491  
  235   14.3  7.7  0.0  Sniffles2.INS.54ES38     14    91  (261) C L1M5           LINE/L1            (749)   5493   5410 1492  
   24   17.7  2.5  6.5  Sniffles2.INS.54FS33      1    80    (0) + (TATAT)n       Simple_repeat          1     77    (0) 1493  
   15   30.5  0.0  0.0  Sniffles2.INS.54S2B       1    53    (0) + (GGAGT)n       Simple_repeat          1     53    (0) 1494  
  362   14.3  1.6  0.0  Sniffles2.INS.54S8        4    66    (1) C BSR/Beta       Satellite            (1)    135     72 1495  
   28    2.3  5.9  5.9  Sniffles2.INS.550S0       1    51    (1) + (AT)n          Simple_repeat          1     51    (0) 1496  
   24   22.1  1.2  5.1  Sniffles2.INS.555S0       7    87  (563) + A-rich         Low_complexity         1     78    (0) 1497  
  315   27.1 10.6  0.0  Sniffles2.INS.555S0     219   303  (347) + MIR3           SINE/MIR              87    180   (28) 1498  
  356    9.6  0.0  0.0  Sniffles2.INS.55S25       1    52   (21) C L1P1           LINE/L1           (6101)     54      3 1499  
  525    6.3  0.0  0.0  Sniffles2.INS.55S2B       1    63   (63) + AluYa5         SINE/Alu              78    140  (171) 1500  
  565    1.6  0.0  0.0  Sniffles2.INS.55S2B      66   126    (0) + FRAM           SINE/Alu             103    163   (13) 1501  
  449   12.3  0.0  0.0  Sniffles2.INS.55S58       1    73    (0) + ALR/Alpha      Satellite/centr       58    130   (41) 1502  
  329   19.0  0.0  0.0  Sniffles2.INS.55S8        1    58    (9) C BSR/Beta       Satellite           (22)    114     57 1503  
  280    0.0  0.0  0.0  Sniffles2.INS.560S0       2   241    (0) + (G)n           Simple_repeat          1    240    (0) 1504  
  844    2.0  0.0  2.0  Sniffles2.INS.56AS3A      1   102 (4309) C MER9a2         LTR/ERVK           (413)    100      1 1505  
11702    5.9  0.4  0.4  Sniffles2.INS.56AS3A    103  1542 (2869) C HERVK9-int     LTR/ERVK             (0)   6021   4582 1505  
 1905    5.6  0.0  0.0  Sniffles2.INS.56AS3A   1529  1759 (2652) C HERVK9-int     LTR/ERVK          (2068)   3953   3723 1505 *
14199    4.8  0.1  0.1  Sniffles2.INS.56AS3A   1760  3432  (979) C HERVK9-int     LTR/ERVK          (3223)   2798   1126 1505  
 4667    5.3  2.3  0.2  Sniffles2.INS.56AS3A   3435  4002  (409) C HERVK9-int     LTR/ERVK          (5441)    580      1 1505  
 3270    7.8  1.0  0.0  Sniffles2.INS.56AS3A   4003  4410    (1) C MER9a2         LTR/ERVK             (0)    513    102 1505  
   64   21.9  0.0  0.0  Sniffles2.INS.56ES0       7   130    (5) + G-rich         Low_complexity         1    124    (0) 1506  
   23   12.9  2.3  0.0  Sniffles2.INS.56FS22      1    46   (10) + A-rich         Low_complexity         1     47    (0) 1507  
   18   18.1  0.0  0.0  Sniffles2.INS.56S2B      10    47    (8) + (GGAAT)n       Simple_repeat          1     38    (0) 1508  
  846   12.0  0.8  0.8  Sniffles2.INS.56S58       1   157   (12) + ALR/Alpha      Satellite/centr        1    157    (0) 1509  
  752   11.9  0.0  0.0  Sniffles2.INS.56S6       51   159   (95) + AluSc8         SINE/Alu             193    301   (10) 1510  
  666   11.6  0.5  0.0  Sniffles2.INS.56S8        3   132    (3) C BSR/Beta       Satellite           (47)    130      1 1511  
   17   32.5  0.0  0.0  Sniffles2.INS.579S33    204   249    (1) + (TA)n          Simple_repeat          1     46    (0) 1512  
  679    9.9  0.7 16.8  Sniffles2.INS.579S3A      1   145    (1) + SVA_F          Retroposon/SVA       725    849  (526) 1513  
   17   17.5  4.4  0.0  Sniffles2.INS.57FS3A      9    53    (0) + (CATGTA)n      Simple_repeat          1     47    (0) 1514  
   60   12.6  0.0  0.0  Sniffles2.INS.57S22       1    96    (0) + (AGAG)n        Simple_repeat          1     96    (0) 1515  
  268   10.3  0.0  0.0  Sniffles2.INS.57S25       1    58    (0) C TAR1           Satellite/subtelo  (774)   1336   1279 1516  
  262   25.8  0.0  0.0  Sniffles2.INS.57S2B      12    77    (0) + FRAM           SINE/Alu              89    154   (12) 1517  
   29    8.4  3.8  1.9  Sniffles2.INS.57S6        1    53    (0) + (AAAG)n        Simple_repeat          1     54    (0) 1518  
  730   16.5  1.3  0.3  Sniffles2.INS.57S8        1   263    (0) C BSR/Beta       Satellite           (21)    265      1 1519  
  756   15.1  0.0  8.9  Sniffles2.INS.57SBD       1   199    (2) + BSR/Beta       Satellite              1    181    (0) 1520  
   23   21.8  1.9  0.0  Sniffles2.INS.57SC0       1    53    (0) + (AT)n          Simple_repeat          1     54    (0) 1521  
   56    0.0  0.0  0.0  Sniffles2.INS.580S0       1    50    (2) + (AAAG)n        Simple_repeat          1     50    (0) 1522  
   38    0.0  7.3  0.0  Sniffles2.INS.584S31      1    55    (0) + (AAAG)n        Simple_repeat          1     59    (0) 1523  
   36    2.2  0.0  8.2  Sniffles2.INS.585S0       1    53    (2) + (AT)n          Simple_repeat          1     49    (0) 1524  
   48    0.0  3.9  0.0  Sniffles2.INS.586S31      1    51    (0) + (CTTT)n        Simple_repeat          1     53    (0) 1525  
   32    0.0  0.0  0.0  Sniffles2.INS.587S22      1    30   (22) + (GGAA)n        Simple_repeat          1     30    (0) 1526  
   15    0.0  4.5  0.0  Sniffles2.INS.587S22     31    52    (0) + (GAGG)n        Simple_repeat          1     23    (0) 1527  
   36    1.9  3.5  3.5  Sniffles2.INS.589S33      2    59    (1) + (CTCCCT)n      Simple_repeat          1     58    (0) 1528  
 1054    8.9  0.6  0.0  Sniffles2.INS.58S25       8   290    (0) C ACRO1          Satellite/acro       (0)    284      1 1529  
 1200   18.2  1.0  0.0  Sniffles2.INS.58S5        1   192  (469) + AluJb          SINE/Alu             109    302   (10) 1530  
   59   19.7  0.0  0.0  Sniffles2.INS.58S6        1   112    (6) + (TA)n          Simple_repeat          1    112    (0) 1531  
  342   21.2  0.0  0.0  Sniffles2.INS.58S8        3    68    (0) C BSR/Beta       Satellite           (30)    106     41 1532  
   58   13.6  4.5  3.0  Sniffles2.INS.58SBF       1   133    (0) + G-rich         Low_complexity         1    135    (0) 1533  
   99   12.6  3.8  1.1  Sniffles2.INS.592S0       1   185    (0) + (AC)n          Simple_repeat          1    190    (0) 1534  
   57    0.0  0.0  0.0  Sniffles2.INS.598S33      1    51    (0) + (GAA)n         Simple_repeat          1     51    (0) 1535  
   37   13.8  3.5  4.7  Sniffles2.INS.598S38      7    93    (0) + (GT)n          Simple_repeat          1     86    (0) 1536  
   34    1.6 12.7  0.0  Sniffles2.INS.59BS0       1    63    (0) + (TTCT)n        Simple_repeat          1     71    (0) 1537  
  466    2.0  0.0  0.0  Sniffles2.INS.59CS0       7    63    (0) + HERVH-int      LTR/ERV1             437    489 (7224) 1538  
  542    4.5  0.0  0.0  Sniffles2.INS.59S25       1    66    (0) C MER9a1         LTR/ERVK           (214)    299    234 1539  
  863   13.2  0.0  0.0  Sniffles2.INS.59S58       1   172    (0) + ALR/Alpha      Satellite/centr        1    172    (0) 1540  
   45   14.4  1.3  0.0  Sniffles2.INS.59S6        1    77    (0) + (TA)n          Simple_repeat          1     78    (0) 1541  
 2916    1.0  0.0  0.0  Sniffles2.INS.59S8        1   309   (13) C AluYb8         SINE/Alu             (9)    309      1 1542  
   63   30.6  2.0  0.0  Sniffles2.INS.5A0S38      1   199    (0) + (ATC)n         Simple_repeat          1    203    (0) 1543  
   18   14.3  6.9  3.3  Sniffles2.INS.5A5S0       1    58    (7) + (ATTTAAT)n     Simple_repeat          1     60    (0) 1544  
 1008   15.9  1.6  0.1  Sniffles2.INS.5AES17      1   662   (12) C ALR/Alpha      Satellite/centr     (12)    672      1 1545  
 1031   16.2  1.3  0.1  Sniffles2.INS.5AFS17      1  1348    (1) C ALR/Alpha      Satellite/centr     (51)   1364      1 1546  
 1045   12.1  0.0  0.0  Sniffles2.INS.5AS58       1   170    (1) + ALR/Alpha      Satellite/centr        1    170    (0) 1547  
   75   17.3  0.7  0.0  Sniffles2.INS.5AS6        1   137    (0) + (TA)n          Simple_repeat          1    138    (0) 1548  
  503    9.0  0.0  0.0  Sniffles2.INS.5AS8        1    67    (1) C BSR/Beta       Satellite            (7)    129     63 1549  
  380   15.6  0.0  0.0  Sniffles2.INS.5ASBD       3    66    (0) + BSR/Beta       Satellite             35     98   (38) 1550  
   18   16.1  0.0  8.5  Sniffles2.INS.5B7S0       1    51    (4) + GA-rich        Low_complexity         1     47    (0) 1551  
  555    1.3  0.0  1.3  Sniffles2.INS.5B8S0       1    77    (1) + SVA_F          Retroposon/SVA       774    849  (526) 1552  
   50    2.0  2.0  0.0  Sniffles2.INS.5BS25       2    52    (0) + (TA)n          Simple_repeat          1     52    (0) 1553  
   26   18.5  0.0  0.0  Sniffles2.INS.5BS2B       1    55    (0) + (GAATG)n       Simple_repeat          1     55    (0) 1554  
 1193    9.4  0.5  0.2  Sniffles2.INS.5BS58       1   338    (3) + ALR/Alpha      Satellite/centr        1    338    (0) 1555  
  630   15.3  0.7  8.7  Sniffles2.INS.5BS8        1   136    (0) C BSR/Beta       Satellite            (6)    130      5 1556  
   18   13.2  0.0  5.7  Sniffles2.INS.5C5S1       1    37   (14) + (TG)n          Simple_repeat          1     35    (0) 1557  
   99   13.9  4.7  0.0  Sniffles2.INS.5CDS0       1   190    (1) + (AT)n          Simple_repeat          1    199    (0) 1558  
   43   21.9  1.9  0.0  Sniffles2.INS.5CDS1       2   104    (0) + (TGGA)n        Simple_repeat          1    105    (0) 1559  
  295   23.4  3.1  0.0  Sniffles2.INS.5CS2B       1    64    (0) + AluYa5         SINE/Alu             224    289   (22) 1560  
 1200    9.4  0.6  0.3  Sniffles2.INS.5CS58       1   679    (3) + ALR/Alpha      Satellite/centr        1    680    (0) 1561  
  107    4.1  3.1  2.5  Sniffles2.INS.5CS6        1   161    (0) + (GGGA)n        Simple_repeat          1    162    (0) 1562  
  792   12.2  4.3  0.6  Sniffles2.INS.5CS8        1   202    (0) C BSR/Beta       Satellite           (39)    209      1 1563  
  941   13.4  0.6  0.2  Sniffles2.INS.5CSBD       1   472    (1) + BSR/Beta       Satellite              1    474    (0) 1564  
   40    0.0  9.3  0.0  Sniffles2.INS.5CSC0       4    57    (2) + (TTTC)n        Simple_repeat          1     59    (0) 1565  
   33   20.1  2.4  1.2  Sniffles2.INS.5D0S1       3    85    (0) + G-rich         Low_complexity         1     84    (0) 1566  
  312   15.4  1.9  0.0  Sniffles2.INS.5D5S17      1    52   (16) C AluSx          SINE/Alu           (136)    166    114 1567  
   24   14.4  4.3  0.0  Sniffles2.INS.5DES33      6    51    (2) + (TA)n          Simple_repeat          1     48    (0) 1568  
 1376   14.6  8.1  3.3  Sniffles2.INS.5DS17       1   346    (3) C SVA_A          Retroposon/SVA     (590)    797    436 1569  
   41   32.2  0.0  0.0  Sniffles2.INS.5DS2B       9   139    (1) + (AATGG)n       Simple_repeat          1    131    (0) 1570  
 1255    7.8  0.0  5.5  Sniffles2.INS.5DS58       2   368    (1) + ALR/Alpha      Satellite/centr        1    346    (1) 1571  
  972   18.2  8.6  0.5  Sniffles2.INS.5DS8        1   360  (111) + LSAU           Satellite              1    389  (240) 1572  
   21   20.2  3.9  0.0  Sniffles2.INS.5E3S33      1    51    (1) + (AT)n          Simple_repeat          1     53    (0) 1573  
   44   14.7  0.0  0.0  Sniffles2.INS.5E5S33      1    76    (0) + (TTAA)n        Simple_repeat          1     76    (0) 1574  
   54    9.2 11.1  0.0  Sniffles2.INS.5EFS17      9   125    (0) + (AT)n          Simple_repeat          1    130    (0) 1575  
  975    7.6  0.0  0.8  Sniffles2.INS.5ES58       7   170    (0) + ALR/Alpha      Satellite/centr        1    162    (0) 1576  
  863   15.4  6.4  0.4  Sniffles2.INS.5ES8        1   747    (0) C BSR/Beta       Satellite           (77)    792      1 1577  
   22   17.1  2.1  2.1  Sniffles2.INS.5FES0       2    49    (1) + (TG)n          Simple_repeat          1     48    (0) 1578  
  264   21.2  5.8  1.1  Sniffles2.INS.5FFS1       1    86    (4) + MLT2B5         LTR/ERVL               9     98  (619) 1579  
 1797    4.5  0.9  0.0  Sniffles2.INS.5FS25       1   220    (0) + L1PA3          LINE/L1             5862   6083   (72) 1580  
  350   16.1  0.0  3.6  Sniffles2.INS.5FS2B       6    63    (6) + Alu            SINE/Alu              85    140   (26) 1581  
   16   21.6  0.0  0.0  Sniffles2.INS.5FS33      25    56    (3) + (C)n           Simple_repeat          1     32    (0) 1582  
   51    0.0  2.0  0.0  Sniffles2.INS.5FS3A       1    50    (1) + (TCTT)n        Simple_repeat          1     51    (0) 1583  
  838   13.2  0.0  0.0  Sniffles2.INS.5FS58       1   167    (4) + ALR/Alpha      Satellite/centr        1    167    (1) 1584  
  302   17.0  0.0  0.0  Sniffles2.INS.5FS8       14    66    (1) C BSR/Beta       Satellite           (18)    118     66 1585  
  253   11.4  2.3  0.0  Sniffles2.INS.5S11       16    59    (2) C MER4B-int      LTR/ERV1          (5563)   1195   1151 1586  
   85   11.2  0.0  0.0  Sniffles2.INS.5S28        1   135  (680) + (CT)n          Simple_repeat          1    135    (0) 1587  
   21    0.0  3.5  0.0  Sniffles2.INS.5S28      136   180  (635) + (CCTC)n        Simple_repeat          1     46    (0) 1588  
   35    2.4  2.2  2.2  Sniffles2.INS.5S28      627   671  (144) + (TTTC)n        Simple_repeat          1     45    (0) 1589  
   59   22.5  0.7  0.7  Sniffles2.INS.5S28      674   814    (1) + (CTCT)n        Simple_repeat          1    141    (0) 1590  
  343   20.8  0.0  0.4  Sniffles2.INS.5S2A        1   693  (822) + (ACTCC)n       Simple_repeat          1    690    (0) 1591  
  364   14.3  4.8  0.0  Sniffles2.INS.5S2A      694   756  (759) C Alu            SINE/Alu            (12)    154     89 1592  
  701   13.3  8.0  7.8  Sniffles2.INS.5S2A      757  1225  (290) + HSATII         Satellite              1    469    (3) 1593  
  138   21.5  0.0  0.0  Sniffles2.INS.5S2A     1228  1510    (5) + (CATTC)n       Satellite              1    283    (0) 1594  
  929   15.2  0.0  0.0  Sniffles2.INS.5S2F       11   168    (3) + ALR/Alpha      Satellite/centr        1    158   (13) 1595  
 1007   16.9  0.0  0.0  Sniffles2.INS.5S30        1   341    (0) + ALR/Alpha      Satellite/centr        1    341    (0) 1596  
 2828    1.0  0.0  0.0  Sniffles2.INS.5S36       18   318    (0) + AluYa5         SINE/Alu               1    301   (10) 1597  
   29    3.2  0.0  0.0  Sniffles2.INS.5S5D       10    41  (107) + (ATGGA)n       Simple_repeat          1     32    (0) 1598  
  255   21.1  3.7  3.7  Sniffles2.INS.5S5D       47   100   (48) C SVA_A          Retroposon/SVA     (994)    393    340 1599 *
  300   13.9  0.0  0.0  Sniffles2.INS.5S5D       61   103   (45) + Alu            SINE/Alu              90    132   (34) 1600  
   13   14.9  3.3  0.0  Sniffles2.INS.5S5D      112   141    (7) + (AATGG)n       Simple_repeat          1     31    (0) 1601  
   27   18.6  1.6  0.0  Sniffles2.INS.5S64        1    61    (7) + (GAGTG)n       Simple_repeat          1     62    (0) 1602  
 1036    8.3  0.5  0.0  Sniffles2.INS.5SA8        1   429    (9) C ACRO1          Satellite/acro       (9)    431      1 1603  
  288   20.8  6.9  0.0  Sniffles2.INS.5SB1        2    73   (80) C L1PA10         LINE/L1            (146)   6022   5946 1604 *
  355   18.5  6.2  0.0  Sniffles2.INS.5SB1       70   150    (3) C L1PA10         LINE/L1            (137)   6031   5946 1604  
   22   20.8  0.0  0.0  Sniffles2.INS.5SB9        1    50    (5) + (CCATT)n       Simple_repeat          1     50    (0) 1605  
   54    0.0  0.0  0.0  Sniffles2.INS.600S33      7    55    (0) + (AAGA)n        Simple_repeat          1     49    (0) 1606  
  262   18.2  0.0  0.0  Sniffles2.INS.601S17      7    50  (278) + MER33          DNA/hAT-Charlie      281    324    (0) 1607  
 1824    5.7  0.0  0.0  Sniffles2.INS.601S17    111   322    (6) C AluSg          SINE/Alu            (98)    212      1 1608  
   34    6.3  2.0  0.0  Sniffles2.INS.601S3A      1    51    (3) + (CTCCTT)n      Simple_repeat          1     52    (0) 1609  
   58    1.9  0.0  0.0  Sniffles2.INS.602S17      1    54    (7) + (CT)n          Simple_repeat          1     54    (0) 1610  
   27   20.4  0.0  4.3  Sniffles2.INS.60AS33      1    73    (0) + (ATAT)n        Simple_repeat          1     70    (0) 1611  
  200   15.3  4.2  3.3  Sniffles2.INS.60FS33      3   480    (2) + (AT)n          Simple_repeat          1    482    (0) 1612  
 3122    3.8  0.0  0.0  Sniffles2.INS.60S25      35   400    (2) + L1PA3          LINE/L1             5785   6150    (5) 1613  
   95    8.4  4.1  5.2  Sniffles2.INS.60S38       1   196    (0) + GA-rich        Low_complexity         1    194    (0) 1614  
   45    0.0  0.0  4.2  Sniffles2.INS.614S33      4    53    (0) + (AAAG)n        Simple_repeat          1     48    (0) 1615  
 2109   10.9  2.8 13.3  Sniffles2.INS.619S0       1   554    (5) C SVA_D          Retroposon/SVA     (518)    864    419 1616  
  227   20.0  0.0  0.0  Sniffles2.INS.61ES38      3    42  (284) + THE1B          LTR/ERVL-MaLR        124    163  (201) 1617 *
  249   24.1  1.7  0.0  Sniffles2.INS.61ES38     42    99  (227) + THE1D          LTR/ERVL-MaLR        105    163  (218) 1618 *
  291   16.1  5.4  0.0  Sniffles2.INS.61ES38     99   154  (172) + THE1D          LTR/ERVL-MaLR        105    163  (218) 1618  
  258   18.2  7.3  0.0  Sniffles2.INS.61ES38    154   208  (118) + THE1D          LTR/ERVL-MaLR        105    163  (218) 1618 *
  267   17.9  5.4  0.0  Sniffles2.INS.61ES38    208   263   (63) + THE1D          LTR/ERVL-MaLR        105    163  (218) 1618 *
  291   16.1  5.4  0.0  Sniffles2.INS.61ES38    263   318    (8) + THE1D          LTR/ERVL-MaLR        105    163  (218) 1618  
  905    9.4  0.0  0.0  Sniffles2.INS.61S24       1   169    (1) + ALR/Alpha      Satellite/centr        1    169    (0) 1619  
 1187   13.5  0.0  0.0  Sniffles2.INS.61S25       1   678  (178) C ALR/Alpha      Satellite/centr      (5)    678      1 1620  
  679   17.7  0.0  0.8  Sniffles2.INS.61S25     693   855    (1) C ALR/Alpha      Satellite/centr     (44)    161      1 1620  
  271   23.4  3.1  0.0  Sniffles2.INS.61S2B       1    64    (0) + FRAM           SINE/Alu              89    154   (12) 1621  
   75   13.9  7.8  3.1  Sniffles2.INS.621S17      2   219   (10) + (TATAGTA)n     Simple_repeat          1    228    (0) 1622  
  379   13.7  0.0  0.0  Sniffles2.INS.626S17      2    52    (0) C AluSp          SINE/Alu           (218)     95     45 1623  
   75   13.9  4.9  3.8  Sniffles2.INS.626S22      1   184    (2) + GA-rich        Low_complexity         1    186    (0) 1624  
   16   23.8  0.0  8.7  Sniffles2.INS.628S31     10    84    (4) + (ACTCA)n       Simple_repeat          1     69    (0) 1625  
   41    0.0  4.4  0.0  Sniffles2.INS.629S33      1    45    (0) + (TTTC)n        Simple_repeat          1     47    (0) 1626  
   21   16.4  0.0  4.7  Sniffles2.INS.62BS22      8    52    (9) + (TA)n          Simple_repeat          1     43    (0) 1627  
   81   11.7  1.4  0.0  Sniffles2.INS.62CS33      2   149    (0) + (TA)n          Simple_repeat          1    150    (0) 1628  
   32    6.3  3.9  0.0  Sniffles2.INS.62ES0       1    53    (0) + (TTCT)n        Simple_repeat          1     55    (0) 1629  
  411   19.1  1.2  0.0  Sniffles2.INS.62S25      16    99    (0) C ALR/Alpha      Satellite/centr     (40)    131     47 1630  
   73    0.0  2.4  3.6  Sniffles2.INS.62S3A       5    89    (0) + (TTTC)n        Simple_repeat          1     84    (0) 1631  
  572   15.3  1.7 12.7  Sniffles2.INS.62S8        3   197    (0) C BSR/Beta       Satellite            (1)    173      1 1632  
 1607    8.7  0.8  8.4  Sniffles2.INS.639S17     12   498    (0) + SVA_F          Retroposon/SVA       421    855  (520) 1633  
   28    8.4  1.9  3.8  Sniffles2.INS.63BS17      1    58    (1) + (ATATATT)n     Simple_repeat          1     56    (0) 1634  
   78    6.5  5.5  6.1  Sniffles2.INS.63CS17      1   165    (7) + (AT)n          Simple_repeat          1    164    (0) 1635  
  459   19.4  1.0  0.0  Sniffles2.INS.63S25       1    98    (4) C ALR/Alpha      Satellite/centr     (41)    130     32 1636  
   16   27.5  2.0  0.0  Sniffles2.INS.63S33       3    53   (78) + G-rich         Low_complexity         1     52    (0) 1637  
   40    0.0  6.4  0.0  Sniffles2.INS.63S33      57   103   (28) + (ATGG)n        Simple_repeat          1     50    (0) 1638  
 1316   10.2  0.5  0.0  Sniffles2.INS.63S58       1  1873    (0) + ALR/Alpha      Satellite/centr        1   1881    (0) 1639  
  764   16.2  0.0  0.0  Sniffles2.INS.646S3A    225   329  (615) + AluJb          SINE/Alu             137    241   (71) 1640  
   19   13.2  0.0 13.6  Sniffles2.INS.648S33      2    68    (0) + G-rich         Low_complexity         1     59    (0) 1641  
   26    2.6  0.0  9.1  Sniffles2.INS.64BS0      24    71   (61) + (TACACACATG)n  Simple_repeat          1     44    (0) 1642  
   17   30.3  0.0  0.0  Sniffles2.INS.64BS0      88   131    (1) + (AT)n          Simple_repeat          1     44    (0) 1643  
  989   14.8  2.6  3.9  Sniffles2.INS.64S8        1   876    (1) C BSR/Beta       Satellite           (39)    864      1 1644  
  497    3.1  1.0  2.1  Sniffles2.INS.651S3A      2    99    (2) + SVA_F          Retroposon/SVA       687    783  (592) 1645  
   17   12.5  0.0  0.0  Sniffles2.INS.65BS0      16    41   (12) + (CG)n          Simple_repeat          1     26    (0) 1646  
  369    4.3  0.0  0.0  Sniffles2.INS.65DS33      1    46    (8) + Alu            SINE/Alu             219    264   (38) 1647  
  661   12.1  0.0  0.0  Sniffles2.INS.65ES0       1    91   (12) C AluJb          SINE/Alu           (142)    170     80 1648  
  144   18.0  2.5  1.6  Sniffles2.INS.65S0       29   343    (1) + (CTCC)n        Simple_repeat          1    318    (0) 1649  
  422   14.3  0.0  0.0  Sniffles2.INS.65S25       1    70    (0) C ALR/Alpha      Satellite/centr     (56)    115     46 1650  
   27    0.0  6.1  0.0  Sniffles2.INS.65S33       1    33  (355) + (GATG)n        Simple_repeat          1     35    (0) 1651  
  128   26.4  2.0  0.6  Sniffles2.INS.65S33      40   388    (0) + (ATGG)n        Simple_repeat          1    354    (0) 1652  
   27   29.7  0.0  9.2  Sniffles2.INS.66BS22      3   133    (9) + (TA)n          Simple_repeat          1    120    (0) 1653  
   32    0.0  0.0  0.0  Sniffles2.INS.66FS33     67    96  (414) + (GAAT)n        Simple_repeat          1     30    (0) 1654  
   17    0.0  0.0  0.0  Sniffles2.INS.66FS33    145   166  (344) + (GAAT)n        Simple_repeat          1     22    (0) 1654  
   17    0.0  0.0  0.0  Sniffles2.INS.66FS33    215   236  (274) + (GAAT)n        Simple_repeat          1     22    (0) 1654  
   27    0.0  0.0  0.0  Sniffles2.INS.66FS33    285   310  (200) + (GAAT)n        Simple_repeat          1     26    (0) 1654  
   27    0.0  0.0  0.0  Sniffles2.INS.66FS33    359   384  (126) + (GAAT)n        Simple_repeat          1     26    (0) 1654  
   32    0.0  0.0  0.0  Sniffles2.INS.66FS33    433   462   (48) + (GAAT)n        Simple_repeat          1     30    (0) 1654  
 1085   15.8  0.9  0.0  Sniffles2.INS.66S25       4   337    (2) C ALR/Alpha      Satellite/centr     (60)    337      1 1655  
  476   20.4  0.0  0.0  Sniffles2.INS.66S2B       8   936   (14) + (ATTCC)n       Simple_repeat          1    929    (0) 1656  
  524    9.0  0.0  0.0  Sniffles2.INS.66S8        2    68    (0) C BSR/Beta       Satellite           (67)     69      3 1657  
   33   23.3  1.2  1.2  Sniffles2.INS.670S22      1    85    (0) + (GATG)n        Simple_repeat          1     85    (0) 1658  
   33   31.9  0.0  0.0  Sniffles2.INS.678S0       1   109    (3) + (TTGG)n        Simple_repeat          1    109    (0) 1659  
   61    0.0  3.2  0.0  Sniffles2.INS.67FS17      1    62    (0) + (AAAG)n        Simple_repeat          1     64    (0) 1660  
  283   16.2  1.0  0.0  Sniffles2.INS.67S25       1    95    (3) C ALR/Alpha      Satellite/centr     (10)     95      1 1661  
 1379    7.7  0.5  0.0  Sniffles2.INS.67S58       1   510    (1) C ALR/Alpha      Satellite/centr     (14)    512      1 1662  
 1250   10.9  0.6  0.2  Sniffles2.INS.67SC0       1   340    (1) + ALR/Alpha      Satellite/centr        1    341    (0) 1663  
  623   10.7  5.9  1.1  Sniffles2.INS.681S0       1  1187    (0) + (ATATTAT)n     Simple_repeat          1   1244    (0) 1664  
   22   22.1  5.1  0.0  Sniffles2.INS.682S0      16    74   (13) + (TG)n          Simple_repeat          1     62    (0) 1665  
   38    2.4  0.0  2.3  Sniffles2.INS.689S17      8    51    (0) + (CTTT)n        Simple_repeat          1     43    (0) 1666  
 1101   14.2  0.0  0.0  Sniffles2.INS.68S25       4   341    (1) C ALR/Alpha      Satellite/centr      (0)    338      1 1667  
   19   25.5  3.1  1.5  Sniffles2.INS.68S33       1    65  (302) + (GGAT)n        Simple_repeat          1     66    (0) 1668  
   40   16.2  2.9  0.0  Sniffles2.INS.68S33      88   196  (171) + (ATGG)n        Simple_repeat          1    112    (0) 1669  
   16   27.5  2.0  0.0  Sniffles2.INS.68S33     166   216  (151) + G-rich         Low_complexity         1     52    (0) 1670  
   28   21.9  4.9  0.0  Sniffles2.INS.68S33     220   367    (0) + (ATGG)n        Simple_repeat          1    155    (0) 1671  
 1026   11.5  0.0  0.8  Sniffles2.INS.68S58       1   170    (2) C ALR/Alpha      Satellite/centr     (65)    168      1 1672  
  962   14.1  0.5  0.4  Sniffles2.INS.68S8        1   611    (2) C BSR/Beta       Satellite           (17)    611      1 1673  
   19   18.1  0.0  0.0  Sniffles2.INS.690S33      4    36   (16) + (C)n           Simple_repeat          1     33    (0) 1674  
   23   16.1  3.9  0.0  Sniffles2.INS.690S33     37    51    (1) + (TCCCC)n       Simple_repeat          4     53    (0) 1675  
   42    0.0  6.1  0.0  Sniffles2.INS.696S0       4    52    (6) + (TTCT)n        Simple_repeat          1     52    (0) 1676  
   28    0.0  0.0  0.0  Sniffles2.INS.699S17      3    29   (23) + (AAAG)n        Simple_repeat          1     27    (0) 1677  
 1005    8.7  0.0  0.0  Sniffles2.INS.699S3A     18   143    (0) C AluSc8         SINE/Alu            (14)    297    172 1678  
   43    0.0 10.8  0.0  Sniffles2.INS.69CS17      1    65    (2) + (AT)n          Simple_repeat          1     72    (0) 1679  
   28   27.4  0.0  0.0  Sniffles2.INS.69S33       5    78  (429) + (GGAT)n        Simple_repeat          1     74    (0) 1680  
   34    4.0  5.9  0.0  Sniffles2.INS.69S33     102   152  (355) + (ATGG)n        Simple_repeat          1     54    (0) 1681  
   15   23.2  5.8  0.0  Sniffles2.INS.69S33     161   232  (275) + (TGGA)n        Simple_repeat          1     76    (0) 1682  
   40    0.0  6.4  0.0  Sniffles2.INS.69S33     236   282  (225) + (ATGG)n        Simple_repeat          1     50    (0) 1683  
   29   25.1  3.0  0.0  Sniffles2.INS.69S33     370   507    (0) + (ATGG)n        Simple_repeat          1    142    (0) 1684  
 1239    8.2  0.5  0.1  Sniffles2.INS.69S58       1   507    (2) C ALR/Alpha      Satellite/centr     (44)    508      1 1685  
  260   22.8  0.0  0.0  Sniffles2.INS.69S8       10    66    (0) C BSR/Beta       Satellite           (49)     87     31 1686  
   38    9.7  0.0  0.0  Sniffles2.INS.6A3S17      1    55    (1) + (TA)n          Simple_repeat          1     55    (0) 1687  
   59    9.5  3.0  0.0  Sniffles2.INS.6A4S17      1   101    (0) + (TA)n          Simple_repeat          1    104    (0) 1688  
   30    8.9  0.0  2.0  Sniffles2.INS.6A9S17      4    53    (0) + (TATAT)n       Simple_repeat          1     49    (0) 1689  
   47    0.0  0.0  0.0  Sniffles2.INS.6ACS17      1    43    (2) + (AAAG)n        Simple_repeat          1     43    (0) 1690  
   23   15.0  2.6  8.1  Sniffles2.INS.6AS11      17    94    (0) + (AGCCCC)n      Simple_repeat          1     74    (0) 1691  
   12   25.9  2.4  0.0  Sniffles2.INS.6AS2B      67   108   (60) + (AACAG)n       Simple_repeat          1     43    (0) 1692  
   34    8.5  0.0  0.0  Sniffles2.INS.6AS31       1    51    (0) + (GAAGAA)n      Simple_repeat          1     51    (0) 1693  
  248   15.3  0.0  8.7  Sniffles2.INS.6B7S33      6    55   (10) + MER94          DNA/hAT-Blackjack     49     94   (40) 1694  
  275   12.5  4.6  0.0  Sniffles2.INS.6BBS0       1   496    (0) + (CTTC)n        Simple_repeat          1    519    (0) 1695  
  958   14.8  3.8  0.0  Sniffles2.INS.6BS25       1   341    (1) C ALR/Alpha      Satellite/centr     (53)    353      1 1696  
 2243    3.2  0.0  0.0  Sniffles2.INS.6BS2B       1   248    (0) + AluYa5         SINE/Alu              47    294   (17) 1697  
  414   14.1  0.0  0.0  Sniffles2.INS.6CS25       1    64    (1) C ALR/Alpha      Satellite/centr     (12)    159     96 1698  
   47    0.0  4.0  0.0  Sniffles2.INS.6CS3A       1    50    (0) + (AGAA)n        Simple_repeat          1     52    (0) 1699  
  980    3.6  7.4  4.7  Sniffles2.INS.6CS6        1   256    (1) + SVA_F          Retroposon/SVA       511    855  (520) 1700  
   33    4.2  3.8  3.8  Sniffles2.INS.6D0S22      1    53    (3) + (AC)n          Simple_repeat          1     53    (0) 1701  
   12   16.7  4.5  4.5  Sniffles2.INS.6D4S33     17    60    (2) + (GCAC)n        Simple_repeat          1     44    (0) 1702  
   75   11.2  0.8  3.0  Sniffles2.INS.6DBS33      5   138    (0) + (AGGA)n        Simple_repeat          1    131    (0) 1703  
  745   15.0  0.8  0.8  Sniffles2.INS.6DS25       1   168    (3) C ALR/Alpha      Satellite/centr     (38)    167      1 1704  
 2903    0.6  0.6  0.0  Sniffles2.INS.6E1S17      1   314    (3) + AluYb8         SINE/Alu               3    318    (0) 1705  
  365   16.4  0.0  0.0  Sniffles2.INS.6ES2B       1    55    (5) + Alu            SINE/Alu              90    144   (22) 1706  
   84    5.9  0.9  0.9  Sniffles2.INS.6F7S17      1   109    (0) + (TCCC)n        Simple_repeat          1    109    (0) 1707  
   36   19.2  0.0  2.7  Sniffles2.INS.6FAS17      1    77    (7) + (AT)n          Simple_repeat          1     75    (0) 1708  
 1081   12.6  0.0  0.0  Sniffles2.INS.6FS25       1   167    (4) C ALR/Alpha      Satellite/centr      (4)    167      1 1709  
  284   17.1  0.0  0.0  Sniffles2.INS.6S2B        2    42   (15) + Alu            SINE/Alu             232    272   (29) 1710  
  957   15.7  3.2  0.0  Sniffles2.INS.6S2F        2   332    (0) + ALR/Alpha      Satellite/centr        1    341    (0) 1711  
  926   17.4  1.7  0.0  Sniffles2.INS.6S30        1   336    (1) + ALR/Alpha      Satellite/centr        1    341    (0) 1712  
   97   20.1  1.4  1.4  Sniffles2.INS.6S34        3   224   (49) + (AATGG)n       Simple_repeat          1    222    (0) 1713  
 2828    1.0  0.0  0.0  Sniffles2.INS.6S36       18   318    (0) + AluYa5         SINE/Alu               1    301   (10) 1714  
  804   15.2  6.1  3.6  Sniffles2.INS.6S38      121   284  (330) C AluJb          SINE/Alu             (0)    302    135 1715  
  895   26.0  8.8  0.0  Sniffles2.INS.6S38      312   607    (7) + MER58B         DNA/hAT-Charlie        1    322   (19) 1716  
   93   20.3  1.5  0.5  Sniffles2.INS.6S5D        2   207    (0) + (GAGTG)n       Simple_repeat          1    208    (0) 1717  
 1046    8.0  2.9  0.0  Sniffles2.INS.6SA8        1   575    (7) C ACRO1          Satellite/acro      (50)    591      1 1718  
   36    2.3  2.2  2.2  Sniffles2.INS.6SBD        1    46    (4) + (ATTCC)n       Simple_repeat          1     46    (0) 1719  
  929   14.2  5.8  0.0  Sniffles2.INS.70S25       1   341    (0) C ALR/Alpha      Satellite/centr     (17)    360      1 1720  
  251   22.0  5.1  0.0  Sniffles2.INS.713S33     36    94    (0) + MLT2B2         LTR/ERVL               3     64  (451) 1721  
  826    4.0  0.0  0.0  Sniffles2.INS.71S25       3   101    (2) + L1PA2          LINE/L1             6056   6154    (1) 1722  
 1245   13.1  0.2  0.3  Sniffles2.INS.71S58       2  3863    (2) C ALR/Alpha      Satellite/centr     (16)   3859      1 1723  
  210    3.2  8.9  2.3  Sniffles2.INS.722S0      14   416    (8) + (CA)n          Simple_repeat          1    429    (0) 1724  
   22   12.7  0.0  8.9  Sniffles2.INS.724S0       2    62    (1) + (CACACAC)n     Simple_repeat          1     56    (0) 1725  
  325    3.7  9.4  2.2  Sniffles2.INS.725S0       1   671    (0) + (CA)n          Simple_repeat          1    718    (0) 1726  
  355   25.3  0.0  0.0  Sniffles2.INS.727S0       5    83    (1) + L1M4b          LINE/L1              239    317 (6550) 1727  
 1216   13.1  0.9  0.0  Sniffles2.INS.72S25       1   337    (1) C ALR/Alpha      Satellite/centr     (25)    340      1 1728  
  592   14.8 16.2  0.0  Sniffles2.INS.72S58       3   144    (4) + ALR/Alpha      Satellite/centr        7    171    (0) 1729  
  292    2.0  0.0  6.1  Sniffles2.INS.73S25     114   165    (0) C L1PA2          LINE/L1              (0)   6155   6107 1730  
  264   23.8  3.2  0.0  Sniffles2.INS.73S2B      12    74    (0) + FRAM           SINE/Alu              89    153   (13) 1731  
  813    3.5  3.8  0.3  Sniffles2.INS.73S31       1   990    (0) + (ATATATATA)n   Simple_repeat          1   1025    (0) 1732  
 1245   13.2  0.2  0.3  Sniffles2.INS.73S58       2  3864    (2) C ALR/Alpha      Satellite/centr     (16)   3861      1 1733  
   30    7.5  0.0  0.0  Sniffles2.INS.74S2B      24    65    (1) + (TGGAA)n       Simple_repeat          1     42    (0) 1734  
  643   12.8  0.0  0.0  Sniffles2.INS.74S58       1   102    (2) + ALR/Alpha      Satellite/centr       57    158   (13) 1735  
  431   11.9  0.0  1.5  Sniffles2.INS.74S8        1    68    (0) C BSR/Beta       Satellite           (69)     67      1 1736  
 1289   12.8  0.7  0.2  Sniffles2.INS.75S58       1  8059    (4) + ALR/Alpha      Satellite/centr        1   8100    (0) 1737  
   47   23.3  7.3  2.9  Sniffles2.INS.76S22       3   234    (5) + (CCATCC)n      Simple_repeat          1    242    (0) 1738  
  825   13.9  0.2  2.9  Sniffles2.INS.76S8        1   338    (0) C BSR/Beta       Satellite           (56)    328      1 1739  
  277   18.8  0.0  0.0  Sniffles2.INS.77AS17      3    50   (17) C L1M4b          LINE/L1           (3729)   3138   3091 1740  
  181   16.6  4.0  3.3  Sniffles2.INS.77S22       2   456    (1) + (CCACCA)n      Simple_repeat          1    458    (0) 1741  
   12   21.3  4.4  2.2  Sniffles2.INS.77S3A      10    54    (1) + (TAGA)n        Simple_repeat          1     46    (0) 1742  
  340   11.5  0.0  0.0  Sniffles2.INS.77S8        4    55    (0) C BSR/Beta       Satellite           (55)     81     30 1743  
  518   18.4  0.5  0.0  Sniffles2.INS.78S8        1   122    (0) C BSR/Beta       Satellite           (54)    122      1 1744  
  334   10.7  1.8  0.0  Sniffles2.INS.7AS11     113   168    (0) C MER2           DNA/TcMar-Tigger   (135)    210    154 1745  
   15   21.2  0.0  0.0  Sniffles2.INS.7AS2B      17    54    (1) + (GAGTG)n       Simple_repeat          1     38    (0) 1746  
  607   17.9  1.0  0.0  Sniffles2.INS.7AS8        1   134    (1) C BSR/Beta       Satellite           (51)    135      1 1747  
  241   18.4  0.0  0.0  Sniffles2.INS.7BS2B       1    38    (7) + AluJb          SINE/Alu             239    276   (36) 1748  
  239    4.2  6.1  4.0  Sniffles2.INS.7BS58       7    55    (0) + L1P2           LINE/L1             5682   5731  (423) 1749  
  882   14.1  1.4  0.6  Sniffles2.INS.7BS8       64   407    (2) C BSR/Beta       Satellite            (7)    346      1 1750  
 1185   10.0  0.2  1.3  Sniffles2.INS.7CS2B      10   184   (23) + AluY           SINE/Alu               1    162    (4) 1751  
   22   15.8  4.0  6.9  Sniffles2.INS.7CS33       5    78    (9) + (CAC)n         Simple_repeat          1     72    (0) 1752  
  711   17.0  0.8  0.0  Sniffles2.INS.7CS58       1   150    (0) C ALR/Alpha      Satellite/centr     (73)    151      1 1753  
  896   13.3  3.3  4.4  Sniffles2.INS.7CS8        1   654    (2) C BSR/Beta       Satellite           (56)    646      1 1754  
  277   18.2  0.0  0.0  Sniffles2.INS.7DS2B      13    56    (1) + Alu            SINE/Alu              89    132   (34) 1755  
   28   12.0  0.0  2.2  Sniffles2.INS.7DS38       3    49    (9) + (TG)n          Simple_repeat          1     46    (0) 1756  
  211   22.2  4.0  1.0  Sniffles2.INS.7FS18       1   573    (7) + (TC)n          Simple_repeat          1    590    (0) 1757  
 1216   14.0  1.2  0.0  Sniffles2.INS.7FS25       1   337    (1) + ALR/Alpha      Satellite/centr        1    341    (0) 1758  
   18    8.1  9.8  2.3  Sniffles2.INS.7FS5        1    41    (8) + (AT)n          Simple_repeat          1     44    (0) 1759  
  916   14.4  0.9  0.5  Sniffles2.INS.7FS58       1   339    (1) C ALR/Alpha      Satellite/centr     (66)    340      1 1760  
   33    5.2  0.0  0.0  Sniffles2.INS.7S15        1    40   (10) + (GAATG)n       Simple_repeat          1     40    (0) 1761  
   30    6.9  4.3  0.0  Sniffles2.INS.7S25       15    60    (0) + (AT)n          Simple_repeat          1     48    (0) 1762  
  133   15.8  0.0  0.0  Sniffles2.INS.7S28        1   238  (455) + (TCTC)n        Simple_repeat          1    238    (0) 1763  
  282   18.4  0.0  0.0  Sniffles2.INS.7S2B       10    58   (17) + AluYj4         SINE/Alu             224    272   (39) 1764  
  865   15.8  1.6  0.0  Sniffles2.INS.7S2F        1   165    (2) + ALR/Alpha      Satellite/centr        1    167    (0) 1765  
  995   16.3  0.2  0.0  Sniffles2.INS.7S30        8   340    (1) + ALR/Alpha      Satellite/centr        1    333    (0) 1766  
  987   14.5  0.0  0.0  Sniffles2.INS.7S36        1   170    (1) C ALR/Alpha      Satellite/centr     (12)    170      1 1767  
   37   20.1  3.3  0.0  Sniffles2.INS.7S5D        2    92  (312) + (GGAAT)n       Simple_repeat          1     94    (0) 1768  
   14   15.5  0.0  0.0  Sniffles2.INS.7S5D      101   129  (275) + (AGTGG)n       Simple_repeat          1     29    (0) 1769  
   88    8.0  0.0  0.0  Sniffles2.INS.7S5D      138   255  (149) + (TGGAA)n       Simple_repeat          1    118    (0) 1770  
   35   17.7  1.4  0.0  Sniffles2.INS.7S5D      331   402    (2) + (GGAGT)n       Simple_repeat          1     73    (0) 1771  
   42    7.1  0.0  0.0  Sniffles2.INS.7SA8        1    59    (1) + (AGGA)n        Simple_repeat          1     59    (0) 1772  
  814    4.1  0.0  0.0  Sniffles2.INS.80S25       6   103    (0) C L1PA2          LINE/L1              (1)   6154   6057 1773  
 1081   12.2  0.0  0.0  Sniffles2.INS.80S58       2   203    (2) C ALR/Alpha      Satellite/centr     (10)    202      1 1774  
  987   14.4  0.1  0.0  Sniffles2.INS.81S25       1   341    (0) + ALR/Alpha      Satellite/centr        1    341    (6) 1775  
   51    5.3  0.0  0.0  Sniffles2.INS.82S24       1    60    (0) + (CATTC)n       Simple_repeat          1     60    (0) 1776  
  931   13.7  0.0  0.0  Sniffles2.INS.82S25       1   170    (1) + ALR/Alpha      Satellite/centr        1    170    (0) 1777  
   86    7.2 13.2  0.0  Sniffles2.INS.82S31       1   191    (0) + (AT)n          Simple_repeat          1    216    (0) 1778  
   35   11.0  0.0  0.0  Sniffles2.INS.82S8        1    60    (0) + (GAATG)n       Simple_repeat          1     60    (0) 1779  
   23    7.2  6.8  0.0  Sniffles2.INS.83S23       1    44    (6) + (TATAG)n       Simple_repeat          1     47    (0) 1780  
  617   15.7  9.3  0.0  Sniffles2.INS.84S13       5   112  (914) C MLT1D          LTR/ERVL-MaLR      (387)    118      1 1781  
  218   33.3  6.3  3.6  Sniffles2.INS.84S13     417   606  (420) C L2             LINE/L2            (525)   2894   2700 1782  
 2153   13.8  0.0  0.0  Sniffles2.INS.84S13     625   929   (97) C AluSx          SINE/Alu             (7)    305      1 1783  
  252   14.3  0.0  0.0  Sniffles2.INS.84S13     965  1006   (20) + L1MB7          LINE/L1             6120   6161   (23) 1784  
  393    8.6  1.7  1.5  Sniffles2.INS.84S18       1   603    (0) + (CCTT)n        Simple_repeat          1    604    (0) 1785  
  973   13.8  0.8  0.8  Sniffles2.INS.84S25       1   170    (0) + ALR/Alpha      Satellite/centr        1    170    (0) 1786  
   20    0.0  0.0  0.0  Sniffles2.INS.84S5        1    25   (28) + (TTCT)n        Simple_repeat          1     25    (0) 1787  
   30    0.0  0.0  0.0  Sniffles2.INS.84S5       26    53    (0) + (TCCC)n        Simple_repeat          1     28    (0) 1788  
  959    5.5  3.1  2.6  Sniffles2.INS.85S18       3  1481    (0) + (TCCT)n        Simple_repeat          1   1486    (0) 1789  
  265   19.2  3.9  0.0  Sniffles2.INS.85S2B       4    55    (1) + AluYi6         SINE/Alu             232    285   (26) 1790  
  286   19.2 11.1  2.6  Sniffles2.INS.85S8        1   144    (1) C HSATII         Satellite           (10)    160      5 1791  
 2063   12.7  1.0  0.6  Sniffles2.INS.86S58      14   323   (38) + AluSx          SINE/Alu               2    312    (0) 1792  
   34   11.0  0.0  0.0  Sniffles2.INS.86S8        3    61   (94) + (GAATG)n       Simple_repeat          1     59    (0) 1793  
   28   26.2  1.1  1.1  Sniffles2.INS.86S8       67   154    (1) + (GGAAT)n       Simple_repeat          1     88    (0) 1794  
   52    0.0  0.0  2.0  Sniffles2.INS.87S2       33    84    (2) + (GGGATGGA)n    Simple_repeat          1     51    (0) 1795  
  427   18.9  1.0  2.1  Sniffles2.INS.87S25       1    97    (0) + ALR/Alpha      Satellite/centr       47    142   (30) 1796  
  371   15.1  0.0  0.0  Sniffles2.INS.87S2B       1    53    (1) + AluJb          SINE/Alu             228    280   (32) 1797  
   56   10.3  0.9  2.7  Sniffles2.INS.87S31       4   116   (23) + (TATATACG)n    Simple_repeat          1    111    (0) 1798  
   26    2.6  0.0  9.1  Sniffles2.INS.87S6        6    53    (3) + (TATATACGTA)n  Simple_repeat          1     44    (0) 1799  
   62    2.8  2.8  0.0  Sniffles2.INS.87S8        1    72    (0) + (ATGGA)n       Simple_repeat          1     74    (0) 1800  
  317   18.9  0.0  0.0  Sniffles2.INS.88S2B       1    53    (5) + Alu            SINE/Alu              92    144   (22) 1801  
   51   20.4  0.0  1.8  Sniffles2.INS.88S8        1   116    (1) + (TGGAA)n       Simple_repeat          1    114    (0) 1802  
   39    7.8  0.0  0.0  Sniffles2.INS.89S8        3    56    (4) + (TGGAA)n       Simple_repeat          1     54    (0) 1803  
  453   20.2  0.0  0.0  Sniffles2.INS.8AS25       1    94    (0) + ALR/Alpha      Satellite/centr       49    142   (30) 1804  
 1127    7.9  0.9  1.9  Sniffles2.INS.8AS2B       9   180    (5) + AluY           SINE/Alu               1    166    (0) 1805  
  446   19.6  5.4  7.6  Sniffles2.INS.8AS8        7   203   (22) C HSATII         Satellite            (4)    192      1 1806  
   48    2.0  0.0  1.9  Sniffles2.INS.8BS1        1    53    (0) + (AGGA)n        Simple_repeat          1     52    (0) 1807  
 1041   15.6  0.5  0.1  Sniffles2.INS.8BS25       1   682    (0) + ALR/Alpha      Satellite/centr        1    684    (0) 1808  
  390   21.1  3.5  6.0  Sniffles2.INS.8BS8        7   734   (10) C HSATII         Satellite            (7)    709      1 1809  
   92    8.7  1.9  3.8  Sniffles2.INS.8CS22       1   162    (0) + (CCTTC)n       Simple_repeat          1    159    (0) 1810  
 1188   13.9  0.3  0.1  Sniffles2.INS.8CS25       7  3335    (1) + ALR/Alpha      Satellite/centr        1   3337    (0) 1811  
   57    3.8  4.8  0.0  Sniffles2.INS.8CS33       1    83    (0) + (GAAA)n        Simple_repeat          1     87    (0) 1812  
  593   18.6  5.2  7.6  Sniffles2.INS.8CS8        3  1431   (15) C HSATII         Satellite            (7)   1395      1 1813  
  341   20.0  0.0  0.0  Sniffles2.INS.8DS2B      15    69    (8) + AluYk3         SINE/Alu             225    279   (32) 1814  
  133    9.1  1.9  0.5  Sniffles2.INS.8DS33      19   233    (2) + (CAC)n         Simple_repeat          1    218    (0) 1815  
  391   10.7  0.0  0.0  Sniffles2.INS.8DS58       1    56    (0) + 5S             rRNA                  48    103   (18) 1816  
   35   29.2  0.0  0.0  Sniffles2.INS.8ES23       1    86    (0) + (TA)n          Simple_repeat          1     86    (0) 1817  
  320   20.8  0.0  0.0  Sniffles2.INS.8ES2B       1    53    (2) + Alu            SINE/Alu              92    144   (22) 1818  
 1149   13.9  1.1  0.7  Sniffles2.INS.8FS25       1  1871    (1) + ALR/Alpha      Satellite/centr        1   1877    (0) 1819  
   35    0.0  7.8  0.0  Sniffles2.INS.8FS5        1    51    (0) + (AAGA)n        Simple_repeat          1     55    (0) 1820  
  309   24.7  2.4  1.2  Sniffles2.INS.8S13       32   113  (338) + L1MC3          LINE/L1             6455   6537 (1248) 1821  
  385   24.6  3.7  9.0  Sniffles2.INS.8S13      191   450    (1) + L1MC3          LINE/L1             6455   6629 (1253) 1822  
  889   13.0  5.3  1.8  Sniffles2.INS.8S1C        1   181    (8) + HSATII         Satellite              1    187    (0) 1823  
   20   18.4  2.0  2.0  Sniffles2.INS.8S1F        1    51    (0) + (GGCT)n        Simple_repeat          1     51    (0) 1824  
   75    6.0  4.5  4.5  Sniffles2.INS.8S25        1   156    (0) + (AT)n          Simple_repeat          1    156    (0) 1825  
   45    1.6  6.2  1.5  Sniffles2.INS.8S28        1    64    (1) + (TCTT)n        Simple_repeat          1     67    (0) 1826  
   13    0.0  9.4  6.1  Sniffles2.INS.8S2B       12    43   (11) + (GAACAA)n      Simple_repeat          1     33    (0) 1827  
  940   13.2  3.4  0.9  Sniffles2.INS.8S30        1   336    (0) + ALR/Alpha      Satellite/centr        1    344    (0) 1828  
   12   19.9  0.0  0.0  Sniffles2.INS.8S34        6    34  (897) + (TTTAT)n       Simple_repeat          1     29    (0) 1829  
 6473    1.1  0.0  0.3  Sniffles2.INS.8S34       35   755  (176) C L1HS           LINE/L1              (1)   6154   5436 1830  
   18   19.6  0.0  0.0  Sniffles2.INS.8S34      756   790  (141) + A-rich         Low_complexity         1     35    (0) 1831  
  875   16.0  6.3  6.0  Sniffles2.INS.8S8         1   328  (479) + BSR/Beta       Satellite              1    328    (0) 1832  
 1053   11.9  2.1  3.7  Sniffles2.INS.8S8       340   806    (1) + BSR/Beta       Satellite              1    459    (0) 1832  
   29   28.0  1.1  0.0  Sniffles2.INS.8SA7        3    92    (1) + (TCTC)n        Simple_repeat          1     91    (0) 1833  
  843    5.2  1.4  0.0  Sniffles2.INS.8SA8        1   143    (0) C ACRO1          Satellite/acro      (49)    145      1 1834  
 1119    7.7  0.6  0.0  Sniffles2.INS.8SBB        1   581    (0) C ACRO1          Satellite/acro      (41)    584      1 1835  
   21   19.2  1.8  1.8  Sniffles2.INS.8SBD        2    56    (4) + (TCCAT)n       Simple_repeat          1     55    (0) 1836  
 1250   14.9  0.5  0.4  Sniffles2.INS.8SF         1  2723    (7) + ALR/Alpha      Satellite/centr        1   2725    (0) 1837  
  570    4.5  0.0  0.0  Sniffles2.INS.90S2B       1    66   (66) + AluYa5         SINE/Alu              78    143  (168) 1838  
  309   23.5  0.0  2.4  Sniffles2.INS.90S2B       3    89   (43) C SVA_A          Retroposon/SVA    (1134)    253    169 1839 *
  608    3.0  0.0  0.0  Sniffles2.INS.90S2B      66   132    (0) + AluYa5         SINE/Alu             228    294   (17) 1840  
   21    7.2  8.3  4.0  Sniffles2.INS.90SBF       4    51    (2) + (TA)n          Simple_repeat          1     50    (0) 1841  
 1147    5.3  0.0  0.0  Sniffles2.INS.91S2B      28   160   (54) + AluYa5         SINE/Alu               1    133  (178) 1842  
  490    3.7  0.0  0.0  Sniffles2.INS.91S2B     161   214    (0) + AluYa5         SINE/Alu             229    282   (29) 1843  
   18   15.8  4.5  2.2  Sniffles2.INS.91S58       9    52    (4) + (CA)n          Simple_repeat          1     45    (0) 1844  
   53    9.7  9.3  2.9  Sniffles2.INS.91SBF       3   131    (1) + (TA)n          Simple_repeat          1    137    (0) 1845  
   41    0.0  0.0  4.4  Sniffles2.INS.92S1       11    57    (8) + (TGTGTGTGCG)n  Simple_repeat          1     45    (0) 1846  
  455   20.0  1.1  0.0  Sniffles2.INS.92S25       6   100    (0) + ALR/Alpha      Satellite/centr       32    127   (44) 1847  
  364   19.0  0.0  0.0  Sniffles2.INS.92S2B       1    58   (16) + FRAM           SINE/Alu             100    157   (19) 1848  
   40   18.8  4.8  4.0  Sniffles2.INS.92S58       9   132    (0) + (CA)n          Simple_repeat          1    125    (0) 1849  
  102    7.4  5.6  1.6  Sniffles2.INS.92S6        1   179    (3) + (AGG)n         Simple_repeat          1    186    (0) 1850  
 1165   12.5  0.0  0.0  Sniffles2.INS.93S25       9   684    (0) + ALR/Alpha      Satellite/centr        1    676    (0) 1851  
  134   22.1  6.4  2.6  Sniffles2.INS.93S58       1   484    (5) + (AC)n          Simple_repeat          1    502    (0) 1852  
   76   16.2  7.3  1.0  Sniffles2.INS.94S2        5   196    (1) + (AC)n          Simple_repeat          1    204    (0) 1853  
  351   15.7  0.0  0.0  Sniffles2.INS.94S2B       1    51    (4) + Alu            SINE/Alu             225    275   (26) 1854  
 1852    5.0  0.0  0.0  Sniffles2.INS.95S25       1   222    (0) C L1PA3          LINE/L1             (72)   6083   5862 1855  
 3105    3.6  0.3  0.0  Sniffles2.INS.96S25       3   367   (34) C L1PA3          LINE/L1              (5)   6150   5785 1856  
  276   16.3  0.0  0.0  Sniffles2.INS.96S35       1    49   (11) C L1MCa          LINE/L1           (4966)   1542   1494 1857  
   27   16.4  6.5  1.2  Sniffles2.INS.97S18       6    82    (2) + (CTCTGT)n      Simple_repeat          1     81    (0) 1858  
  249   17.5  0.0  0.0  Sniffles2.INS.97S2B       3    42    (8) + FRAM           SINE/Alu             105    144   (32) 1859  
   69    6.3  0.0  0.0  Sniffles2.INS.98S11       1    84    (0) + (CCTC)n        Simple_repeat          1     84    (0) 1860  
 2842    2.3  0.0  0.0  Sniffles2.INS.98S25       3   312    (3) + AluYe5         SINE/Alu               1    310    (0) 1861  
   25   19.6  7.6  6.1  Sniffles2.INS.98S37       3   147    (4) + (ATAC)n        Simple_repeat          1    147    (0) 1862  
  264   25.5  0.0  0.0  Sniffles2.INS.99S2B       5    55   (60) + AluJb          SINE/Alu             225    275   (37) 1863  
  316   18.8  0.0  0.0  Sniffles2.INS.99S2B      66   113    (2) + Alu            SINE/Alu             228    275   (26) 1864  
   45    0.0  5.4  1.7  Sniffles2.INS.9AS1        4    59    (5) + (TTCT)n        Simple_repeat          1     58    (0) 1865  
  329   17.3  0.0  0.0  Sniffles2.INS.9AS2B      10    61    (8) + Alu            SINE/Alu              89    140   (26) 1866  
  755    0.0  0.7  0.5  Sniffles2.INS.9AS37       1   672   (24) + (AAAG)n        Simple_repeat          1    674    (0) 1867  
   19    0.0  0.0  0.0  Sniffles2.INS.9AS37     673   696    (0) + (GGAA)n        Simple_repeat          1     24    (0) 1868  
  728   19.5  5.4  1.2  Sniffles2.INS.9BS4       42   207  (296) + MIR            SINE/MIR              78    250   (12) 1869  
  832   26.0  1.0  3.8  Sniffles2.INS.9BS4      208   503    (0) + L1MC4          LINE/L1             7480   7767  (275) 1870  
   80   16.6  3.0  0.6  Sniffles2.INS.9CS33       1   167    (0) + (TGGTGA)n      Simple_repeat          1    171    (0) 1871  
  277   19.1  0.0  0.0  Sniffles2.INS.9DS2B       3    49    (8) + FRAM           SINE/Alu              98    144   (32) 1872  
  252   21.8  3.6  0.0  Sniffles2.INS.9ES2B       1    55    (1) + Alu            SINE/Alu              94    150   (16) 1873  
   40   20.7  0.0  5.0  Sniffles2.INS.9ES33       7   112   (13) + (GTG)n         Simple_repeat          1    101    (0) 1874  
 1123   12.0  4.1  1.4  Sniffles2.INS.9S1C        1   355    (4) + HSATII         Satellite              1    364    (1) 1875  
   31   20.5  0.0  0.0  Sniffles2.INS.9S28        1    62    (0) + (CT)n          Simple_repeat          1     62    (0) 1876  
  298   21.4  0.0  0.0  Sniffles2.INS.9S2B       13    68    (0) + Alu            SINE/Alu              89    144   (22) 1877  
  992   14.6  0.0  0.0  Sniffles2.INS.9S30        1   335    (3) + ALR/Alpha      Satellite/centr        1    335    (0) 1878  
  813    1.1  0.0  0.0  Sniffles2.INS.9S34       24   112   (55) + L1PA2          LINE/L1             6056   6144   (11) 1879  
   59    0.0  0.0  0.0  Sniffles2.INS.9S34      115   167    (0) + (AAAAT)n       Simple_repeat          1     53    (0) 1880  
   26   14.0  0.0  0.0  Sniffles2.INS.9S5D        1    47    (3) + (GGAAT)n       Simple_repeat          1     47    (0) 1881  
  127   22.7  1.3  0.3  Sniffles2.INS.9S77        1   298    (0) + (CTCCA)n       Simple_repeat          1    301    (0) 1882  
   30    7.0  2.1  2.1  Sniffles2.INS.9SA7       21    67   (13) + (TC)n          Simple_repeat          1     47    (0) 1883  
  158   27.1  0.0  0.7  Sniffles2.INS.9SBA        1   408   (11) + (ATGGA)n       Simple_repeat          1    405    (0) 1884  
  343   19.7  7.4  3.1  Sniffles2.INS.9SBD       12   282  (134) C HSATII         Satellite            (7)    282      1 1885  
   63   19.0  0.0  0.0  Sniffles2.INS.9SBD      292   416    (0) + (TGGAA)n       Simple_repeat          1    125    (0) 1886  
 2168    9.0  2.4  7.7  Sniffles2.INS.9SC1        3   370    (8) C LTR12B         LTR/ERV1           (236)   1018    335 1887  
  299   15.9  0.0  0.0  Sniffles2.INS.A0S2B      13    56    (1) + AluYk2         SINE/Alu             224    267   (44) 1888  
   26    6.8  3.9  3.9  Sniffles2.INS.A0S38       1    51    (0) + (GAAG)n        Simple_repeat          1     51    (0) 1889  
  278   16.3  0.0  2.1  Sniffles2.INS.A2S2B      10    58   (14) + AluSc          SINE/Alu             223    270   (39) 1890  
   27    0.0  0.0  0.0  Sniffles2.INS.A2S4        1    29   (24) + (A)n           Simple_repeat          1     29    (0) 1891  
   20    0.0  4.0  0.0  Sniffles2.INS.A2S4       29    53    (0) + (AT)n          Simple_repeat          1     26    (0) 1892 *
 1239    4.2  0.0  0.0  Sniffles2.INS.A3S2B       2   143    (0) + AluYa5         SINE/Alu               1    142  (169) 1893  
   44   10.3  1.1  6.7  Sniffles2.INS.A3SBF       1    95    (1) + (TGCCT)n       Simple_repeat          1     90    (0) 1894  
  307   13.6  0.0  0.0  Sniffles2.INS.A4S2B       8    51    (4) + Alu            SINE/Alu              89    132   (34) 1895  
  275   23.5  2.0  0.0  Sniffles2.INS.A6S2B      12    62    (0) + Alu            SINE/Alu              89    140   (26) 1896  
   25   17.8  0.0  6.0  Sniffles2.INS.A6S37       4    74    (3) + (TATATTA)n     Simple_repeat          1     67    (0) 1897  
  379   16.7  4.5  0.0  Sniffles2.INS.A7S2B      29    94   (66) + AluJb          SINE/Alu             225    293    (9) 1898  
  318   20.4  0.0  0.0  Sniffles2.INS.A7S2B     109   157    (3) + Alu            SINE/Alu             224    272   (29) 1899  
  298   20.4  0.0  0.0  Sniffles2.INS.A8S2B       9    57   (23) + AluYj4         SINE/Alu             224    272   (39) 1900  
   15   10.8  4.3  6.7  Sniffles2.INS.A8S37       6    51    (5) + (ATAATGT)n     Simple_repeat          1     45    (0) 1901  
  247   22.0  0.0 11.7  Sniffles2.INS.A9S3A      18    84  (412) + MLT1A          LTR/ERVL-MaLR        200    259  (115) 1902 *
  275   19.8  1.4  7.5  Sniffles2.INS.A9S3A      59   129  (367) + MLT1A          LTR/ERVL-MaLR         45    111  (263) 1902  
 2282   12.7  0.0  0.0  Sniffles2.INS.A9S3A     130   436   (60) + AluSx          SINE/Alu               1    307    (5) 1903  
  252   27.3  0.0  0.0  Sniffles2.INS.ABS2B       1    55    (0) + AluJb          SINE/Alu             226    280   (32) 1904  
   41    0.0  3.7  3.7  Sniffles2.INS.ACS1        1    54    (8) + (TATATAT)n     Simple_repeat          1     54    (0) 1905  
  581    8.2  0.0  3.5  Sniffles2.INS.ACS23       1    88    (0) + HSATII         Satellite             45    129   (41) 1906  
  330   16.3  0.0  0.0  Sniffles2.INS.ACS2B       3    51    (8) + Alu            SINE/Alu              92    140   (26) 1907  
   34    9.5  4.5  0.0  Sniffles2.INS.AES1        3    69    (4) + (AT)n          Simple_repeat          1     70    (0) 1908  
   29    2.1 12.2  0.0  Sniffles2.INS.AES2        2    50    (2) + (AG)n          Simple_repeat          1     55    (0) 1909  
  273   25.4  0.0  0.0  Sniffles2.INS.AES2B       1    55    (0) + FRAM           SINE/Alu              99    153   (23) 1910  
  354    0.0  0.0  0.0  Sniffles2.INS.AFS2B       6    43   (24) + AluYk11        SINE/Alu             264    301   (10) 1911  
   42    7.4  0.0  0.0  Sniffles2.INS.AS15        1    57   (13) + (GAATG)n       Simple_repeat          1     57    (0) 1912  
  377   18.1  4.2  0.0  Sniffles2.INS.AS16        1    72   (13) + Alu            SINE/Alu             225    299    (3) 1913  
 2790    2.3  0.0  0.0  Sniffles2.INS.AS2B       14   318   (45) + AluYk11        SINE/Alu               2    306    (5) 1914  
 1153   15.2  1.4  0.0  Sniffles2.INS.AS2F        5   334    (1) + ALR/Alpha      Satellite/centr        1    334    (0) 1915  
 1001   13.0  2.3  0.4  Sniffles2.INS.AS30        1   673    (1) + ALR/Alpha      Satellite/centr        1    685    (0) 1916  
   88   14.0  0.0  0.0  Sniffles2.INS.AS5D        1   144    (1) + (TGGAA)n       Simple_repeat          1    144    (0) 1917  
  321   22.9  0.3  0.4  Sniffles2.INS.AS77       13   717   (13) + (TCCAT)n       Simple_repeat          1    704    (0) 1918  
 1054    8.1  0.5  0.0  Sniffles2.INS.ASA8        1   429    (9) C ACRO1          Satellite/acro       (9)    431      1 1919  
  356    9.6  0.0  0.0  Sniffles2.INS.ASB4        1    52   (21) C L1P1           LINE/L1           (6101)     54      3 1920  
  240   20.8  6.2  3.0  Sniffles2.INS.ASB9        4   132    (8) + HSATII         Satellite             31    163    (7) 1921  
  960   11.1  0.0  0.0  Sniffles2.INS.ASBB        1   144    (3) C ACRO1          Satellite/acro       (3)    144      1 1922  
   28    5.9  0.0  0.0  Sniffles2.INS.ASBD       18    53   (12) + (TCCAT)n       Simple_repeat          1     36    (0) 1923  
  301   21.7  4.8  1.1  Sniffles2.INS.B0S1       26   109   (24) C MER39          LTR/ERV1           (320)    387    301 1924  
   19    5.9  5.3  2.6  Sniffles2.INS.B2S2B       2    39   (29) + (GGAAT)n       Simple_repeat          1     39    (0) 1925  
  710   10.8  0.0  0.0  Sniffles2.INS.B3S11       1    93    (1) C AluSz          SINE/Alu           (205)    107     15 1926  
   32   10.8  2.0  0.0  Sniffles2.INS.B3S4        1    50    (1) + (AT)n          Simple_repeat          1     51    (0) 1927  
  306   23.2  0.0  0.0  Sniffles2.INS.B4SC0       1    56  (635) C Alu            SINE/Alu            (22)    280    225 1928  
  144   26.2  0.6  0.0  Sniffles2.INS.B4SC0      77   433  (258) + (TCCAC)n       Simple_repeat          1    359    (0) 1929  
  331   16.6  1.6  0.0  Sniffles2.INS.B4SC0     434   501  (190) C AluY           SINE/Alu             (7)    295    224 1930  
  286   20.8  1.9  0.0  Sniffles2.INS.B4SC0     461   513  (178) + SVA_A          Retroposon/SVA       340    393  (994) 1931 *
   63   26.8  0.6  0.0  Sniffles2.INS.B4SC0     514   683    (8) + (ATTCC)n       Simple_repeat          1    171    (0) 1932  
   30   17.9  0.0  0.0  Sniffles2.INS.B5S5        1    58    (0) + (CAC)n         Simple_repeat          1     58    (0) 1933  
   36    4.4  4.3  0.0  Sniffles2.INS.B6S37       1    47   (14) + (TA)n          Simple_repeat          1     49    (0) 1934  
   65   20.2  1.4  0.0  Sniffles2.INS.B7S2B       1   142  (378) + (TGGAA)n       Simple_repeat          1    144    (0) 1935  
  227   21.6  7.8  3.1  Sniffles2.INS.B7S2B     149   301  (219) C HSATII         Satellite           (10)    160      1 1936  
  118   17.0  0.0  0.0  Sniffles2.INS.B7S2B     309   520    (0) + (TGGAA)n       Simple_repeat          1    212    (0) 1937  
   46    2.8  9.6  0.0  Sniffles2.INS.B8S18       1    73    (4) + (CA)n          Simple_repeat          1     80    (0) 1938  
  246    8.5  8.3  0.6  Sniffles2.INS.B9S18       1   468    (4) + (AC)n          Simple_repeat          1    504    (0) 1939  
 1068   12.9  1.6  0.0  Sniffles2.INS.B9S24       1   332    (0) C ALR/Alpha      Satellite/centr     (40)    337      1 1940  
   88    1.2  0.0  0.0  Sniffles2.INS.BAS11       1    82    (0) + (T)n           Simple_repeat          1     82    (0) 1941  
  359   15.4  0.0  0.0  Sniffles2.INS.BAS2B       5    56    (1) + AluYa5         SINE/Alu             232    283   (28) 1942  
 1068   12.9  1.6  0.0  Sniffles2.INS.BBS24       1   332    (0) C ALR/Alpha      Satellite/centr     (40)    337      1 1943  
  361   23.1  1.8  1.8  Sniffles2.INS.BCS6       17   126    (8) + L1M2           LINE/L1             2386   2495 (3648) 1944  
 1037   13.5  2.5  0.0  Sniffles2.INS.BDS24       1   332    (1) C ALR/Alpha      Satellite/centr     (42)    340      1 1945  
  937   15.2  1.1  0.8  Sniffles2.INS.BDS25       1   335    (2) + ALR/Alpha      Satellite/centr        1    335    (0) 1946  
   60    1.7  0.0  1.6  Sniffles2.INS.BDS38       1    63    (0) + (TCTT)n        Simple_repeat          1     62    (0) 1947  
   25   35.8  2.7  1.8  Sniffles2.INS.BDSBF       1   112    (8) + (AT)n          Simple_repeat          1    113    (0) 1948  
   30   23.2  1.2  1.2  Sniffles2.INS.BS15        8    89    (1) + (ATGGA)n       Simple_repeat          1     82    (0) 1949  
  334   17.0  1.9  0.0  Sniffles2.INS.BS16       13    65    (4) + AluYe5         SINE/Alu             225    278   (32) 1950  
   45    2.3  0.0  0.0  Sniffles2.INS.BS1C        9    53 (1697) + (CCCTCT)n      Simple_repeat          1     45    (0) 1951  
 6315    9.2  2.5  3.5  Sniffles2.INS.BS1C       59  1718   (32) + SVA_F          Retroposon/SVA        44   1373    (2) 1952  
   18   14.9  0.0  0.0  Sniffles2.INS.BS1C     1720  1749    (1) + (A)n           Simple_repeat          1     30    (0) 1953  
   41    6.3  0.0  0.0  Sniffles2.INS.BS31        1    51    (0) + (CTTC)n        Simple_repeat          1     51    (0) 1954  
 1177   12.6  0.6  0.0  Sniffles2.INS.BS36        1   337    (3) C ALR/Alpha      Satellite/centr     (35)    338      1 1955  
 1156   14.8  0.3  0.3  Sniffles2.INS.BS5C        1   684    (1) C ALR/Alpha      Satellite/centr      (0)    683      1 1956  
   22   23.3  0.0  0.0  Sniffles2.INS.BS5D        5    59    (0) + (TGGAA)n       Simple_repeat          1     55    (0) 1957  
  297   20.8  4.1  6.0  Sniffles2.INS.BS77       21   189  (788) + HSATII         Satellite              1    166    (4) 1958  
  377   21.7  0.5  0.1  Sniffles2.INS.BS77      190   977    (0) + (TCCAC)n       Simple_repeat          1    791    (0) 1959  
 1046    7.7  0.6  0.0  Sniffles2.INS.BSA8        1   581    (1) C ACRO1          Satellite/acro      (50)    584      1 1960  
  866    8.1  1.4  0.0  Sniffles2.INS.BSAD        1   143    (1) C ACRO1          Satellite/acro      (53)    145      1 1961  
  987    8.2  1.1  0.3  Sniffles2.INS.BSBB        1   280   (10) C ACRO1          Satellite/acro      (10)    282      1 1962  
   29   20.7  2.8  0.0  Sniffles2.INS.C0S1        2    73    (0) + (ATAT)n        Simple_repeat          1     74    (0) 1963  
  306   21.7  0.3  0.0  Sniffles2.INS.C0S2B       1   638   (95) + (GAATG)n       Satellite              1    640    (0) 1964  
   52    9.5  0.0  0.0  Sniffles2.INS.C0S2B     652   730    (3) + (TGGAG)n       Simple_repeat          1     79    (0) 1965  
 1068   12.3  1.2  0.0  Sniffles2.INS.C1S24       1   331    (1) C ALR/Alpha      Satellite/centr     (71)    334      1 1966  
   26    6.6  1.8  7.5  Sniffles2.INS.C2S2        1    56    (3) + (CTTC)n        Simple_repeat          1     53    (0) 1967  
   56    0.0  0.0  0.0  Sniffles2.INS.C2S33       1    50    (3) + (TTAA)n        Simple_repeat          1     50    (0) 1968  
   20   15.2  3.6  3.6  Sniffles2.INS.C2S5        1    55    (0) + (TATAT)n       Simple_repeat          1     55    (0) 1969  
   15   10.0  0.0  0.0  Sniffles2.INS.C2S6       22    43   (25) + (AC)n          Simple_repeat          1     22    (0) 1970  
   39    5.4  3.4  7.0  Sniffles2.INS.C3S33       5    93   (85) + (AT)n          Simple_repeat          1     86    (0) 1971  
 1101   18.1  4.8  0.0  Sniffles2.INS.C4S11       1   188  (376) + AluSx          SINE/Alu             106    302    (0) 1972  
  243   32.8  2.1  4.3  Sniffles2.INS.C4S11     256   443  (121) + MIRb           SINE/MIR              62    245   (23) 1973  
  364   15.9  2.8  4.2  Sniffles2.INS.C4S11     491   562    (2) + MIR            SINE/MIR              37    107  (155) 1974  
   37    4.2  1.9  3.9  Sniffles2.INS.C4S5        1    53    (0) + (TA)n          Simple_repeat          1     52    (0) 1975  
   16   14.3  5.9  3.9  Sniffles2.INS.C5S2B       1    51  (545) + (AATGG)n       Simple_repeat          1     52    (0) 1976  
   39   11.1  0.0  0.0  Sniffles2.INS.C5S2B      53   120  (476) + (GGAGT)n       Simple_repeat          1     68    (0) 1977  
  180   22.1  0.5  0.5  Sniffles2.INS.C5S2B     200   595    (1) + (GGAGT)n       Simple_repeat          1    396    (0) 1978  
   41   19.3  0.0  0.0  Sniffles2.INS.C6S2B       2    84    (1) + (GAATG)n       Simple_repeat          1     83    (0) 1979  
  516    7.7  1.5  0.0  Sniffles2.INS.C7S11       1    65    (1) + AluSg          SINE/Alu             120    185  (125) 1980  
   32    0.0 11.8  0.0  Sniffles2.INS.C7S13       1    51    (0) + (TTTC)n        Simple_repeat          1     57    (0) 1981  
   23   21.3  0.0  0.0  Sniffles2.INS.C7S2B       1    54    (1) + (AATGG)n       Simple_repeat          1     54    (0) 1982  
   23   31.2  0.0  0.0  Sniffles2.INS.C8S1       14    81    (0) + (CCCC)n        Simple_repeat          1     68    (0) 1983  
   43   28.9  0.0  0.0  Sniffles2.INS.C8S2B       3   125    (0) + (GAATG)n       Simple_repeat          1    123    (0) 1984  
 2873    1.0  0.3  0.0  Sniffles2.INS.C9S11       2   310    (0) C AluYg6         SINE/Alu             (0)    311      2 1985  
   45   25.4  0.0  0.0  Sniffles2.INS.CAS2B       2   114    (0) + (TGGAG)n       Simple_repeat          1    113    (0) 1986  
   48    0.0  0.0  0.0  Sniffles2.INS.CAS5       13    56    (0) + (AAGG)n        Simple_repeat          1     44    (0) 1987  
   42    8.7  0.0  0.0  Sniffles2.INS.CBS2B       4    64    (0) + (TGGAA)n       Simple_repeat          1     61    (0) 1988  
  141    5.7  0.0  0.0  Sniffles2.INS.CCS2B       5   167    (3) + (TGGAA)n       Simple_repeat          1    163    (0) 1989  
   64    6.9  7.2  5.2  Sniffles2.INS.CDS6        4   155    (1) + (TACTATA)n     Simple_repeat          1    155    (0) 1990  
 3498   16.7  1.0  1.0  Sniffles2.INS.CES22     213   800    (0) + LTR51          LTR/ERV1               1    588   (83) 1991  
   25   17.2  2.1  0.0  Sniffles2.INS.CES31      10    57    (1) + (TA)n          Simple_repeat          1     49    (0) 1992  
 2440   15.9  4.0  6.5  Sniffles2.INS.CES4        1   505  (485) + L1M1           LINE/L1              676   1168 (6397) 1993  
 2523   19.4  2.9  0.6  Sniffles2.INS.CES4      508   989    (1) + L1M1           LINE/L1              181    673 (6892) 1994  
   22   15.2  3.9  0.0  Sniffles2.INS.CFS33       1    51    (3) + (ATATATT)n     Simple_repeat          1     53    (0) 1995  
   34   24.6  0.0  0.0  Sniffles2.INS.CS15        1    86  (244) + (GGAAT)n       Simple_repeat          1     86    (0) 1996  
  297   18.2  1.9 16.0  Sniffles2.INS.CS15       87   301   (29) C HSATII         Satellite            (7)    184      1 1997  
  119    3.4  0.0  0.0  Sniffles2.INS.CS16        1   122  (116) + (GGAAT)n       Simple_repeat          1    122    (0) 1998  
  377   18.1  4.2  0.0  Sniffles2.INS.CS16      134   205   (33) + Alu            SINE/Alu             225    299    (3) 1999  
   13   12.0  0.0  3.6  Sniffles2.INS.CS16      210   238    (0) + (ATGGA)n       Simple_repeat          1     28    (0) 2000  
   40   16.6  0.0  0.0  Sniffles2.INS.CS28        1    74    (4) + (TCTC)n        Simple_repeat          1     74    (0) 2001  
 1006   18.5  0.4  0.0  Sniffles2.INS.CS2F        1   341    (0) + ALR/Alpha      Satellite/centr        1    342    (0) 2002  
 1026   15.8  0.0  0.0  Sniffles2.INS.CS30        8   341    (0) + ALR/Alpha      Satellite/centr        1    334    (0) 2003  
 2837    1.0  0.0  0.0  Sniffles2.INS.CS36       18   319    (0) + AluYa5         SINE/Alu               1    302    (9) 2004  
  438   13.0  0.0  0.0  Sniffles2.INS.CS65        3    71    (0) + ALR/Alpha      Satellite/centr       49    117   (54) 2005  
  350   18.5  1.5  0.0  Sniffles2.INS.CS8         1    65    (0) + BSR/Beta       Satellite              4     69   (67) 2006  
  832   10.0  4.0  0.0  Sniffles2.INS.CSAD       10   282    (0) C ACRO1          Satellite/acro       (0)    283      1 2007  
   40    6.1  0.0  0.0  Sniffles2.INS.CSBD       16    66    (4) + (ATTCC)n       Simple_repeat          1     51    (0) 2008  
   66    0.0  0.0  0.0  Sniffles2.INS.D2S33       1    59    (5) + (AAGA)n        Simple_repeat          1     59    (0) 2009  
   92    5.1  1.6  0.0  Sniffles2.INS.D3S33       1   123    (2) + (AAGA)n        Simple_repeat          1    125    (0) 2010  
 1204   14.6  0.5  0.1  Sniffles2.INS.D4S24       2  1705    (0) C ALR/Alpha      Satellite/centr     (14)   1709      1 2011  
 1148    4.9  4.3  0.0  Sniffles2.INS.D4S33       1   162    (1) + L1P3           LINE/L1             5146   5314  (832) 2012  
  258   20.3  4.2  0.6  Sniffles2.INS.D5S2       13   661    (0) + (CCA)n         Simple_repeat          1    672    (0) 2013  
   36    6.9  4.9  0.0  Sniffles2.INS.D6S11       1    61    (3) + (ATATATA)n     Simple_repeat          1     64    (0) 2014  
  590   10.2  0.0  0.0  Sniffles2.INS.D6S3A       1   128    (1) C HSAT5          Satellite            (4)    128      1 2015  
   30    9.5 11.8  0.0  Sniffles2.INS.DAS6        1    68   (10) + (TA)n          Simple_repeat          1     76    (0) 2016  
   48    1.5  7.6  0.0  Sniffles2.INS.DBS2        1    66   (13) + (TATATATC)n    Simple_repeat          1     71    (0) 2017  
   37   14.6  1.4  0.0  Sniffles2.INS.DCS1        1    69    (0) + (TATATAT)n     Simple_repeat          1     70    (0) 2018  
   82   13.3  2.1  0.7  Sniffles2.INS.DDS1        1   143    (1) + (TA)n          Simple_repeat          1    145    (0) 2019  
   31   14.1  0.0  0.0  Sniffles2.INS.DDSBF       2    50    (0) + (T)n           Simple_repeat          1     49    (0) 2020  
  892   14.3  0.0  0.0  Sniffles2.INS.DES11       1   134    (1) + AluSx          SINE/Alu               2    220   (82) 2021  
   30    2.0 12.0  0.0  Sniffles2.INS.DES22       3    52    (0) + (TA)n          Simple_repeat          1     56    (0) 2022  
  154   16.4  0.0  0.7  Sniffles2.INS.DES24     439   754    (0) + (TCTC)n        Simple_repeat          1    313    (0) 2023  
   36    0.0  0.0  0.0  Sniffles2.INS.DES39       1    31   (19) + (TA)n          Simple_repeat          1     31    (0) 2024  
   17    0.0  0.0  0.0  Sniffles2.INS.DES39      32    50    (0) + (GT)n          Simple_repeat          1     19    (0) 2025  
   47    2.1  2.1  0.0  Sniffles2.INS.DFS6        1    48   (17) + (TC)n          Simple_repeat          1     49    (0) 2026  
  293   13.2  0.0  0.0  Sniffles2.INS.DS16        8    45    (0) + FRAM           SINE/Alu             106    143   (33) 2027  
  116   21.4  0.8  0.0  Sniffles2.INS.DS28        2   253    (4) + (TCTC)n        Simple_repeat          1    254    (0) 2028  
 1073   14.2  0.0  0.0  Sniffles2.INS.DS2F        1   340    (2) + ALR/Alpha      Satellite/centr        1    340    (0) 2029  
  987   16.0  0.3  0.5  Sniffles2.INS.DS30        6   342    (1) + ALR/Alpha      Satellite/centr        1    336    (0) 2030  
  987   14.5  0.0  0.0  Sniffles2.INS.DS36        1   170    (1) C ALR/Alpha      Satellite/centr     (12)    170      1 2031  
  350   20.4  3.9  5.9  Sniffles2.INS.DS5D        1   186   (47) C HSATII         Satellite           (12)    182      1 2032  
   37    2.2  0.0  0.0  Sniffles2.INS.DS5D      187   233    (0) + (AATGG)n       Simple_repeat          1     47    (0) 2033  
 1063   12.0  1.2  0.2  Sniffles2.INS.DS65        1   508    (0) + ALR/Alpha      Satellite/centr        1    513    (0) 2034  
   39    9.2  0.0  0.0  Sniffles2.INS.DSA8        1    58    (2) + (AGGA)n        Simple_repeat          1     58    (0) 2035  
 1036    5.9  0.0  0.0  Sniffles2.INS.DSBB        1   145    (1) C ACRO1          Satellite/acro      (12)    145      1 2036  
   26    8.7  6.0  0.0  Sniffles2.INS.E0S31       1    50    (0) + (TCCCT)n       Simple_repeat          1     53    (0) 2037  
   70   12.6  5.6  1.3  Sniffles2.INS.E3S13       5   147    (0) + (AT)n          Simple_repeat          1    149    (0) 2038  
   50   24.2  0.0  0.8  Sniffles2.INS.E3S24       3   120    (2) + (TC)n          Simple_repeat          1    117    (0) 2039  
   86   23.4  0.5  0.0  Sniffles2.INS.E4S24       1   199    (1) + (CTCT)n        Simple_repeat          1    200    (0) 2040  
  707   14.3  6.5  2.4  Sniffles2.INS.E5S0        1  1701    (1) + GA-rich        Low_complexity         1   1769    (0) 2041  
  420   21.7  0.7  0.2  Sniffles2.INS.E5S24       1   905  (221) + (TCTC)n        Simple_repeat          1    909    (0) 2042  
  272   23.2  1.8  0.9  Sniffles2.INS.E5S24     910  1126    (0) C HERVIP10FH-int LTR/ERV1          (4105)    997    779 2043  
   28    4.6  6.4  2.0  Sniffles2.INS.E5S6        1    47    (4) + (AT)n          Simple_repeat          1     49    (0) 2044  
   38    8.8  2.6  2.6  Sniffles2.INS.E6S24      12    87    (0) + (TC)n          Simple_repeat          1     76    (0) 2045  
  475   22.5  0.4  0.0  Sniffles2.INS.E7S24       1  1025    (1) + (TCTC)n        Simple_repeat          1   1029    (0) 2046  
   17   18.1  0.0  6.4  Sniffles2.INS.E8S13       1    50    (0) + (CCTCC)n       Simple_repeat          1     47    (0) 2047  
   56    6.3  5.8  0.9  Sniffles2.INS.E8S18      15   117    (0) + (TGGA)n        Simple_repeat          1    108    (0) 2048  
   30    0.0  7.0  2.2  Sniffles2.INS.EAS25       9    51   (14) + (TTTC)n        Simple_repeat          1     45    (0) 2049  
  345   14.0  0.0  0.0  Sniffles2.INS.EBS25       1    50  (206) C AluSp          SINE/Alu            (70)    243    194 2050  
  383   11.9  0.0  0.0  Sniffles2.INS.EBS25     198   256    (0) C Alu            SINE/Alu             (0)    301    243 2051  
   35    4.1  0.0  5.6  Sniffles2.INS.ECS2        1    57    (0) + (GGAAG)n       Simple_repeat          1     54    (0) 2052  
   55    0.0  0.0  0.0  Sniffles2.INS.ECS24       1    50    (0) + (GGTGG)n       Simple_repeat          1     50    (0) 2053  
  434   15.6  1.9  1.0  Sniffles2.INS.ECS25       1   110  (143) + L1P4           LINE/L1             5281   5390  (793) 2054  
  738   14.6  1.6  1.6  Sniffles2.INS.ECS25     111   235   (18) + FLAM_C         SINE/Alu               9    133    (0) 2055  
  334    8.6  0.0  0.6  Sniffles2.INS.ECS6       18    75    (0) + FLAM_C         SINE/Alu               1     41   (92) 2056  
   40   14.9  2.7  0.0  Sniffles2.INS.EDS2        2    75    (0) + (AT)n          Simple_repeat          1     76    (0) 2057  
   54    0.0  0.0  7.6  Sniffles2.INS.EDS25       1    71    (0) + (GCGCAC)n      Simple_repeat          1     66    (0) 2058  
   61   10.0  7.6  1.4  Sniffles2.INS.EDS33       3   134    (4) + (ATATATA)n     Simple_repeat          1    140    (0) 2059  
 2818    0.3  0.0  0.0  Sniffles2.INS.EES11      16   310    (0) + AluY           SINE/Alu               1    295   (16) 2060  
   36   12.8  0.0  0.0  Sniffles2.INS.EES25      13    74    (6) + (TA)n          Simple_repeat          1     62    (0) 2061  
   91   19.4  1.1  0.0  Sniffles2.INS.EFS25       4   177    (0) + (AT)n          Simple_repeat          1    176    (0) 2062  
  336   20.3  5.2  4.2  Sniffles2.INS.ES15       14   334    (6) + HSATII         Satellite              1    324    (7) 2063  
  318   21.2  0.7  0.3  Sniffles2.INS.ES28        1   680  (717) + (TCTC)n        Simple_repeat          1    683    (0) 2064  
  272   23.2  1.8  0.9  Sniffles2.INS.ES28      685   901  (496) C HERVIP10FH-int LTR/ERV1          (4105)    997    779 2065  
  226   21.9  0.6  0.2  Sniffles2.INS.ES28      902  1393    (4) + (TCTC)n        Simple_repeat          1    494    (0) 2066  
  974   15.5  0.0  0.0  Sniffles2.INS.ES2F        4   340    (2) + ALR/Alpha      Satellite/centr        1    337    (0) 2067  
  974   14.4  0.0  0.0  Sniffles2.INS.ES30        1   165    (5) + ALR/Alpha      Satellite/centr        1    165    (0) 2068  
  135    2.9  0.7  0.7  Sniffles2.INS.ES31        5   147    (1) + (TTCC)n        Simple_repeat          1    143    (0) 2069  
 2018   13.2  0.0  0.0  Sniffles2.INS.ES34        1   280   (68) + AluSq2         SINE/Alu              21    300   (13) 2070  
  263    8.7  8.7  0.0  Sniffles2.INS.ES34      282   327   (21) C MER57-int      LTR/ERV1          (2585)   4952   4903 2071  
 2846    1.0  0.0  0.0  Sniffles2.INS.ES36       18   320    (0) + AluYa5         SINE/Alu               1    303    (8) 2072  
  882    8.5  0.0  0.5  Sniffles2.INS.ES8         2   134    (1) + BSR/Beta       Satellite              1    132    (0) 2073  
  843    5.2  1.4  0.0  Sniffles2.INS.ESA8        1   143    (0) C ACRO1          Satellite/acro      (49)    145      1 2074  
  620   15.4  0.0  0.0  Sniffles2.INS.ESAD        1   146    (1) C ACRO1          Satellite/acro      (47)    146      1 2075  
  973   17.4  0.2  0.0  Sniffles2.INS.ESB0        1   334    (4) + ALR/Alpha      Satellite/centr        1    334    (0) 2076  
   28   14.9  0.0  0.0  Sniffles2.INS.ESBD        1    52   (13) + (TTCCA)n       Simple_repeat          1     52    (0) 2077  
 1088   15.4  0.0  0.0  Sniffles2.INS.F0S23       4   339    (3) + ALR/Alpha      Satellite/centr        1    336    (0) 2078  
  595   22.0  0.8  0.4  Sniffles2.INS.F0S24       3  1313    (0) + (TCTCTC)n      Simple_repeat          1   1316    (0) 2079  
  102    7.6  1.9  1.3  Sniffles2.INS.F1S11       1   158   (14) + (CCTT)n        Simple_repeat          1    159    (0) 2080  
   29   28.0  1.1  0.0  Sniffles2.INS.F1S24       3    92    (1) + (TCTC)n        Simple_repeat          1     91    (0) 2081  
  248   25.0  0.0  1.5  Sniffles2.INS.F1S25      58   126  (108) C L1P3           LINE/L1           (1131)   5015   4948 2082  
  103   14.3  0.0  0.6  Sniffles2.INS.F1S33       1   171    (2) + (TACA)n        Simple_repeat          1    170    (0) 2083  
   36   10.9  0.0  3.2  Sniffles2.INS.F1S38       1    65    (1) + (AGGA)n        Simple_repeat          1     63    (0) 2084  
   39    4.1  1.9  1.9  Sniffles2.INS.F2S24       1    53    (0) + (TCT)n         Simple_repeat          1     53    (0) 2085  
  233   26.9  0.0  1.5  Sniffles2.INS.F2S25       1    68  (110) C L1P3           LINE/L1           (1132)   5014   4948 2086  
   19   11.1  0.0  3.2  Sniffles2.INS.F3S6        2    33   (36) + (TA)n          Simple_repeat          1     31    (0) 2087  
   42    3.8 11.1  0.0  Sniffles2.INS.F4S13      16    96   (13) + (AT)n          Simple_repeat          1     90    (0) 2088  
   67    2.9  1.4  0.0  Sniffles2.INS.F4S33       1    70    (1) + (TA)n          Simple_repeat          1     71    (0) 2089  
  972   15.4  0.0  0.0  Sniffles2.INS.F6S25       1   341    (1) C ALR/Alpha      Satellite/centr     (69)    341      1 2090  
   39    2.9  0.0 12.5  Sniffles2.INS.F7S1        1    90   (24) + (CATTC)n       Simple_repeat          1     80    (0) 2091  
   38    1.8  7.0  0.0  Sniffles2.INS.F8S38       1    57    (0) + (AAAG)n        Simple_repeat          1     61    (0) 2092  
  754   18.7  0.6  0.6  Sniffles2.INS.FAS25       1   167    (4) C ALR/Alpha      Satellite/centr      (4)    167      1 2093  
   16   33.6  0.0  0.0  Sniffles2.INS.FAS33       5    49  (197) + (TG)n          Simple_repeat          1     45    (0) 2094  
  257   15.2  0.0  4.5  Sniffles2.INS.FAS33      59   127  (119) + LTR57-int      LTR/ERVL             880    945 (4398) 2095  
  259   16.7  1.9  0.0  Sniffles2.INS.FAS33     136   189   (57) + LTR57-int      LTR/ERVL             881    935 (4408) 2095  
   21   12.2  4.2  2.0  Sniffles2.INS.FAS33     195   244    (2) + (TGTGTA)n      Simple_repeat          1     51    (0) 2096  
   18   22.9  0.0  2.4  Sniffles2.INS.FBS13      14    56    (6) + (TA)n          Simple_repeat          1     42    (0) 2097  
   29    7.8  5.3  1.7  Sniffles2.INS.FCS11       2    58    (0) + (GAGGGGA)n     Simple_repeat          1     59    (0) 2098  
   52   15.8  0.0  0.0  Sniffles2.INS.FCS35       1    92    (1) + (CCA)n         Simple_repeat          1     92    (0) 2099  
  585    9.6  1.7  9.9  Sniffles2.INS.FDS24       1   191    (0) C CER            Satellite           (36)    175      1 2100  
  948    3.5  0.9  0.0  Sniffles2.INS.FFS11       3   117    (0) + L1PA5          LINE/L1             5862   5977  (177) 2101  
  580   16.6  0.0  0.5  Sniffles2.INS.FFS24       1   139    (5) C CER            Satellite            (6)    138      1 2102  
  814   16.4  3.0  0.0  Sniffles2.INS.FS13        1   134  (278) + FRAM           SINE/Alu              28    165    (1) 2103  
  227   38.0  3.8  2.5  Sniffles2.INS.FS13      135   159  (253) C SVA_A          Retroposon/SVA    (1216)    171     11 2104  
   36    4.8  0.0  0.0  Sniffles2.INS.FS15       17    59   (11) + (AATGG)n       Simple_repeat          1     43    (0) 2105  
   27    2.0  7.1  5.3  Sniffles2.INS.FS17        2    57    (3) + (AGAA)n        Simple_repeat          1     57    (0) 2106  
   21   11.4  1.8  7.7  Sniffles2.INS.FS28        1    55    (0) + (CTTT)n        Simple_repeat          1     52    (0) 2107  
  948   13.8  3.2  0.0  Sniffles2.INS.FS2F        1   166    (1) + ALR/Alpha      Satellite/centr        1    171    (0) 2108  
  301   17.6  5.2  5.2  Sniffles2.INS.FS34        1    96    (5) C L1MCa          LINE/L1           (4414)   2094   1999 2109  
  985   12.2  0.5  0.0  Sniffles2.INS.FSAD        1   290    (1) C ACRO1          Satellite/acro      (42)    291      1 2110  
 1001    6.2  2.3  3.8  Sniffles2.INS.FSBB        1   430    (1) C ACRO1          Satellite/acro      (12)    423      1 2111  
