genomeName	stat	v1	v2	type
PR01227	auN	2984997423	394.9642	hap1
PR01227	auNG	3018593705	390.5683	hap1
PR01227	Nx	1	135230377	hap1
PR01227	Nx	2	135230377	hap1
PR01227	Nx	3	135230377	hap1
PR01227	Nx	4	135230377	hap1
PR01227	Nx	5	134678745	hap1
PR01227	Nx	6	134678745	hap1
PR01227	Nx	7	134678745	hap1
PR01227	Nx	8	134678745	hap1
PR01227	Nx	9	134678745	hap1
PR01227	Nx	10	134581458	hap1
PR01227	Nx	11	134581458	hap1
PR01227	Nx	12	134581458	hap1
PR01227	Nx	13	134581458	hap1
PR01227	Nx	14	121921640	hap1
PR01227	Nx	15	121921640	hap1
PR01227	Nx	16	121921640	hap1
PR01227	Nx	17	121921640	hap1
PR01227	Nx	18	114201073	hap1
PR01227	Nx	19	114201073	hap1
PR01227	Nx	20	114201073	hap1
PR01227	Nx	21	114201073	hap1
PR01227	Nx	22	110928542	hap1
PR01227	Nx	23	110928542	hap1
PR01227	Nx	24	110928542	hap1
PR01227	Nx	25	110928542	hap1
PR01227	Nx	26	107052048	hap1
PR01227	Nx	27	107052048	hap1
PR01227	Nx	28	107052048	hap1
PR01227	Nx	29	87937049	hap1
PR01227	Nx	30	87937049	hap1
PR01227	Nx	31	87937049	hap1
PR01227	Nx	32	72445317	hap1
PR01227	Nx	33	72445317	hap1
PR01227	Nx	34	72445317	hap1
PR01227	Nx	35	70906380	hap1
PR01227	Nx	36	70906380	hap1
PR01227	Nx	37	65260272	hap1
PR01227	Nx	38	65260272	hap1
PR01227	Nx	39	62917582	hap1
PR01227	Nx	40	62917582	hap1
PR01227	Nx	41	56483615	hap1
PR01227	Nx	42	56483615	hap1
PR01227	Nx	43	52173600	hap1
PR01227	Nx	44	52173600	hap1
PR01227	Nx	45	48396939	hap1
PR01227	Nx	46	48396939	hap1
PR01227	Nx	47	46564981	hap1
PR01227	Nx	48	43571814	hap1
PR01227	Nx	49	43571814	hap1
PR01227	Nx	50	41101977	hap1
PR01227	Nx	51	39074555	hap1
PR01227	Nx	52	38624588	hap1
PR01227	Nx	53	38624588	hap1
PR01227	Nx	54	38620244	hap1
PR01227	Nx	55	38541641	hap1
PR01227	Nx	56	38308808	hap1
PR01227	Nx	57	38018297	hap1
PR01227	Nx	58	38018297	hap1
PR01227	Nx	59	37484603	hap1
PR01227	Nx	60	36352493	hap1
PR01227	Nx	61	35102662	hap1
PR01227	Nx	62	33628500	hap1
PR01227	Nx	63	33061205	hap1
PR01227	Nx	64	33061205	hap1
PR01227	Nx	65	30803128	hap1
PR01227	Nx	66	29844159	hap1
PR01227	Nx	67	28632912	hap1
PR01227	Nx	68	28071265	hap1
PR01227	Nx	69	24666027	hap1
PR01227	Nx	70	23672821	hap1
PR01227	Nx	71	22496560	hap1
PR01227	Nx	72	21790219	hap1
PR01227	Nx	73	20705144	hap1
PR01227	Nx	74	20611433	hap1
PR01227	Nx	75	17770686	hap1
PR01227	Nx	76	16352716	hap1
PR01227	Nx	77	15848503	hap1
PR01227	Nx	78	14944538	hap1
PR01227	Nx	79	13946108	hap1
PR01227	Nx	80	12617750	hap1
PR01227	Nx	81	11756940	hap1
PR01227	Nx	82	10983003	hap1
PR01227	Nx	83	10386746	hap1
PR01227	Nx	84	9727567	hap1
PR01227	Nx	85	8551519	hap1
PR01227	Nx	86	7478838	hap1
PR01227	Nx	87	7110064	hap1
PR01227	Nx	88	5604630	hap1
PR01227	Nx	89	5241832	hap1
PR01227	Nx	90	4698739	hap1
PR01227	Nx	91	4250171	hap1
PR01227	Nx	92	3556133	hap1
PR01227	Nx	93	3010006	hap1
PR01227	Nx	94	2619447	hap1
PR01227	Nx	95	1997794	hap1
PR01227	Nx	96	1559045	hap1
PR01227	Nx	97	1141632	hap1
PR01227	Nx	98	831411	hap1
PR01227	Nx	99	337396	hap1
PR01227	Nx	100	11041	hap1
PR01227	Lx	1	135230377	hap1
PR01227	Lx	2	135230377	hap1
PR01227	Lx	3	135230377	hap1
PR01227	Lx	4	135230377	hap1
PR01227	Lx	5	134678745	hap1
PR01227	Lx	6	134678745	hap1
PR01227	Lx	7	134678745	hap1
PR01227	Lx	8	134678745	hap1
PR01227	Lx	9	134678745	hap1
PR01227	Lx	10	134581458	hap1
PR01227	Lx	11	134581458	hap1
PR01227	Lx	12	134581458	hap1
PR01227	Lx	13	134581458	hap1
PR01227	Lx	14	121921640	hap1
PR01227	Lx	15	121921640	hap1
PR01227	Lx	16	121921640	hap1
PR01227	Lx	17	121921640	hap1
PR01227	Lx	18	114201073	hap1
PR01227	Lx	19	114201073	hap1
PR01227	Lx	20	114201073	hap1
PR01227	Lx	21	114201073	hap1
PR01227	Lx	22	110928542	hap1
PR01227	Lx	23	110928542	hap1
PR01227	Lx	24	110928542	hap1
PR01227	Lx	25	110928542	hap1
PR01227	Lx	26	107052048	hap1
PR01227	Lx	27	107052048	hap1
PR01227	Lx	28	107052048	hap1
PR01227	Lx	29	87937049	hap1
PR01227	Lx	30	87937049	hap1
PR01227	Lx	31	87937049	hap1
PR01227	Lx	32	72445317	hap1
PR01227	Lx	33	72445317	hap1
PR01227	Lx	34	72445317	hap1
PR01227	Lx	35	70906380	hap1
PR01227	Lx	36	70906380	hap1
PR01227	Lx	37	65260272	hap1
PR01227	Lx	38	65260272	hap1
PR01227	Lx	39	62917582	hap1
PR01227	Lx	40	62917582	hap1
PR01227	Lx	41	56483615	hap1
PR01227	Lx	42	56483615	hap1
PR01227	Lx	43	52173600	hap1
PR01227	Lx	44	52173600	hap1
PR01227	Lx	45	48396939	hap1
PR01227	Lx	46	48396939	hap1
PR01227	Lx	47	46564981	hap1
PR01227	Lx	48	43571814	hap1
PR01227	Lx	49	43571814	hap1
PR01227	Lx	50	41101977	hap1
PR01227	Lx	51	39074555	hap1
PR01227	Lx	52	38624588	hap1
PR01227	Lx	53	38624588	hap1
PR01227	Lx	54	38620244	hap1
PR01227	Lx	55	38541641	hap1
PR01227	Lx	56	38308808	hap1
PR01227	Lx	57	38018297	hap1
PR01227	Lx	58	38018297	hap1
PR01227	Lx	59	37484603	hap1
PR01227	Lx	60	36352493	hap1
PR01227	Lx	61	35102662	hap1
PR01227	Lx	62	33628500	hap1
PR01227	Lx	63	33061205	hap1
PR01227	Lx	64	33061205	hap1
PR01227	Lx	65	30803128	hap1
PR01227	Lx	66	29844159	hap1
PR01227	Lx	67	28632912	hap1
PR01227	Lx	68	28071265	hap1
PR01227	Lx	69	24666027	hap1
PR01227	Lx	70	23672821	hap1
PR01227	Lx	71	22496560	hap1
PR01227	Lx	72	21790219	hap1
PR01227	Lx	73	20705144	hap1
PR01227	Lx	74	20611433	hap1
PR01227	Lx	75	17770686	hap1
PR01227	Lx	76	16352716	hap1
PR01227	Lx	77	15848503	hap1
PR01227	Lx	78	14944538	hap1
PR01227	Lx	79	13946108	hap1
PR01227	Lx	80	12617750	hap1
PR01227	Lx	81	11756940	hap1
PR01227	Lx	82	10983003	hap1
PR01227	Lx	83	10386746	hap1
PR01227	Lx	84	9727567	hap1
PR01227	Lx	85	8551519	hap1
PR01227	Lx	86	7478838	hap1
PR01227	Lx	87	7110064	hap1
PR01227	Lx	88	5604630	hap1
PR01227	Lx	89	5241832	hap1
PR01227	Lx	90	4698739	hap1
PR01227	Lx	91	4250171	hap1
PR01227	Lx	92	3556133	hap1
PR01227	Lx	93	3010006	hap1
PR01227	Lx	94	2619447	hap1
PR01227	Lx	95	1997794	hap1
PR01227	Lx	96	1559045	hap1
PR01227	Lx	97	1141632	hap1
PR01227	Lx	98	831411	hap1
PR01227	Lx	99	337396	hap1
PR01227	Lx	100	11041	hap1
PR01227	NGx	1	135230377	hap1
PR01227	NGx	2	135230377	hap1
PR01227	NGx	3	135230377	hap1
PR01227	NGx	4	135230377	hap1
PR01227	NGx	5	134678745	hap1
PR01227	NGx	6	134678745	hap1
PR01227	NGx	7	134678745	hap1
PR01227	NGx	8	134678745	hap1
PR01227	NGx	9	134581458	hap1
PR01227	NGx	10	134581458	hap1
PR01227	NGx	11	134581458	hap1
PR01227	NGx	12	134581458	hap1
PR01227	NGx	13	134581458	hap1
PR01227	NGx	14	121921640	hap1
PR01227	NGx	15	121921640	hap1
PR01227	NGx	16	121921640	hap1
PR01227	NGx	17	121921640	hap1
PR01227	NGx	18	114201073	hap1
PR01227	NGx	19	114201073	hap1
PR01227	NGx	20	114201073	hap1
PR01227	NGx	21	114201073	hap1
PR01227	NGx	22	110928542	hap1
PR01227	NGx	23	110928542	hap1
PR01227	NGx	24	110928542	hap1
PR01227	NGx	25	107052048	hap1
PR01227	NGx	26	107052048	hap1
PR01227	NGx	27	107052048	hap1
PR01227	NGx	28	107052048	hap1
PR01227	NGx	29	87937049	hap1
PR01227	NGx	30	87937049	hap1
PR01227	NGx	31	87937049	hap1
PR01227	NGx	32	72445317	hap1
PR01227	NGx	33	72445317	hap1
PR01227	NGx	34	70906380	hap1
PR01227	NGx	35	70906380	hap1
PR01227	NGx	36	70906380	hap1
PR01227	NGx	37	65260272	hap1
PR01227	NGx	38	65260272	hap1
PR01227	NGx	39	62917582	hap1
PR01227	NGx	40	62917582	hap1
PR01227	NGx	41	56483615	hap1
PR01227	NGx	42	56483615	hap1
PR01227	NGx	43	52173600	hap1
PR01227	NGx	44	48396939	hap1
PR01227	NGx	45	48396939	hap1
PR01227	NGx	46	46564981	hap1
PR01227	NGx	47	46564981	hap1
PR01227	NGx	48	43571814	hap1
PR01227	NGx	49	41101977	hap1
PR01227	NGx	50	39074555	hap1
PR01227	NGx	51	39074555	hap1
PR01227	NGx	52	38624588	hap1
PR01227	NGx	53	38620244	hap1
PR01227	NGx	54	38541641	hap1
PR01227	NGx	55	38541641	hap1
PR01227	NGx	56	38308808	hap1
PR01227	NGx	57	38018297	hap1
PR01227	NGx	58	37484603	hap1
PR01227	NGx	59	36352493	hap1
PR01227	NGx	60	36352493	hap1
PR01227	NGx	61	35102662	hap1
PR01227	NGx	62	33628500	hap1
PR01227	NGx	63	33061205	hap1
PR01227	NGx	64	30803128	hap1
PR01227	NGx	65	29844159	hap1
PR01227	NGx	66	28632912	hap1
PR01227	NGx	67	28071265	hap1
PR01227	NGx	68	25233478	hap1
PR01227	NGx	69	23672821	hap1
PR01227	NGx	70	22496560	hap1
PR01227	NGx	71	22491309	hap1
PR01227	NGx	72	20705144	hap1
PR01227	NGx	73	20611433	hap1
PR01227	NGx	74	17770686	hap1
PR01227	NGx	75	16774616	hap1
PR01227	NGx	76	16152032	hap1
PR01227	NGx	77	14944538	hap1
PR01227	NGx	78	14021804	hap1
PR01227	NGx	79	13402769	hap1
PR01227	NGx	80	11756940	hap1
PR01227	NGx	81	10983003	hap1
PR01227	NGx	82	10531993	hap1
PR01227	NGx	83	9727567	hap1
PR01227	NGx	84	8551519	hap1
PR01227	NGx	85	7478838	hap1
PR01227	NGx	86	7110064	hap1
PR01227	NGx	87	5604630	hap1
PR01227	NGx	88	5241832	hap1
PR01227	NGx	89	4698739	hap1
PR01227	NGx	90	4250171	hap1
PR01227	NGx	91	3537103	hap1
PR01227	NGx	92	3010006	hap1
PR01227	NGx	93	2590009	hap1
PR01227	NGx	94	1994658	hap1
PR01227	NGx	95	1502097	hap1
PR01227	NGx	96	1126000	hap1
PR01227	NGx	97	798663	hap1
PR01227	NGx	98	306086	hap1
PR01227	NGx	99	0	hap1
PR01227	NGx	100	0	hap1
PR01227	LGx	1	1	hap1
PR01227	LGx	2	1	hap1
PR01227	LGx	3	1	hap1
PR01227	LGx	4	1	hap1
PR01227	LGx	5	2	hap1
PR01227	LGx	6	2	hap1
PR01227	LGx	7	2	hap1
PR01227	LGx	8	2	hap1
PR01227	LGx	9	3	hap1
PR01227	LGx	10	3	hap1
PR01227	LGx	11	3	hap1
PR01227	LGx	12	3	hap1
PR01227	LGx	13	3	hap1
PR01227	LGx	14	4	hap1
PR01227	LGx	15	4	hap1
PR01227	LGx	16	4	hap1
PR01227	LGx	17	4	hap1
PR01227	LGx	18	5	hap1
PR01227	LGx	19	5	hap1
PR01227	LGx	20	5	hap1
PR01227	LGx	21	5	hap1
PR01227	LGx	22	6	hap1
PR01227	LGx	23	6	hap1
PR01227	LGx	24	6	hap1
PR01227	LGx	25	7	hap1
PR01227	LGx	26	7	hap1
PR01227	LGx	27	7	hap1
PR01227	LGx	28	7	hap1
PR01227	LGx	29	8	hap1
PR01227	LGx	30	8	hap1
PR01227	LGx	31	8	hap1
PR01227	LGx	32	9	hap1
PR01227	LGx	33	9	hap1
PR01227	LGx	34	10	hap1
PR01227	LGx	35	10	hap1
PR01227	LGx	36	10	hap1
PR01227	LGx	37	11	hap1
PR01227	LGx	38	11	hap1
PR01227	LGx	39	12	hap1
PR01227	LGx	40	12	hap1
PR01227	LGx	41	13	hap1
PR01227	LGx	42	13	hap1
PR01227	LGx	43	14	hap1
PR01227	LGx	44	15	hap1
PR01227	LGx	45	15	hap1
PR01227	LGx	46	16	hap1
PR01227	LGx	47	16	hap1
PR01227	LGx	48	17	hap1
PR01227	LGx	49	18	hap1
PR01227	LGx	50	19	hap1
PR01227	LGx	51	19	hap1
PR01227	LGx	52	20	hap1
PR01227	LGx	53	21	hap1
PR01227	LGx	54	22	hap1
PR01227	LGx	55	22	hap1
PR01227	LGx	56	23	hap1
PR01227	LGx	57	24	hap1
PR01227	LGx	58	25	hap1
PR01227	LGx	59	26	hap1
PR01227	LGx	60	26	hap1
PR01227	LGx	61	27	hap1
PR01227	LGx	62	28	hap1
PR01227	LGx	63	29	hap1
PR01227	LGx	64	30	hap1
PR01227	LGx	65	31	hap1
PR01227	LGx	66	32	hap1
PR01227	LGx	67	33	hap1
PR01227	LGx	68	34	hap1
PR01227	LGx	69	36	hap1
PR01227	LGx	70	37	hap1
PR01227	LGx	71	38	hap1
PR01227	LGx	72	40	hap1
PR01227	LGx	73	41	hap1
PR01227	LGx	74	43	hap1
PR01227	LGx	75	44	hap1
PR01227	LGx	76	46	hap1
PR01227	LGx	77	48	hap1
PR01227	LGx	78	50	hap1
PR01227	LGx	79	52	hap1
PR01227	LGx	80	55	hap1
PR01227	LGx	81	58	hap1
PR01227	LGx	82	60	hap1
PR01227	LGx	83	63	hap1
PR01227	LGx	84	67	hap1
PR01227	LGx	85	70	hap1
PR01227	LGx	86	74	hap1
PR01227	LGx	87	79	hap1
PR01227	LGx	88	85	hap1
PR01227	LGx	89	91	hap1
PR01227	LGx	90	98	hap1
PR01227	LGx	91	106	hap1
PR01227	LGx	92	115	hap1
PR01227	LGx	93	126	hap1
PR01227	LGx	94	139	hap1
PR01227	LGx	95	157	hap1
PR01227	LGx	96	180	hap1
PR01227	LGx	97	210	hap1
PR01227	LGx	98	271	hap1
PR01227	LGx	99	670	hap1
PR01227	LGx	100	670	hap1
PR01227	auN	3125594602	352.85294	hap2
PR01227	auNG	3018593705	365.3606	hap2
PR01227	Nx	1	210544002	hap2
PR01227	Nx	2	210544002	hap2
PR01227	Nx	3	210544002	hap2
PR01227	Nx	4	210544002	hap2
PR01227	Nx	5	210544002	hap2
PR01227	Nx	6	210544002	hap2
PR01227	Nx	7	191644516	hap2
PR01227	Nx	8	191644516	hap2
PR01227	Nx	9	191644516	hap2
PR01227	Nx	10	191644516	hap2
PR01227	Nx	11	191644516	hap2
PR01227	Nx	12	191644516	hap2
PR01227	Nx	13	124074563	hap2
PR01227	Nx	14	124074563	hap2
PR01227	Nx	15	124074563	hap2
PR01227	Nx	16	124074563	hap2
PR01227	Nx	17	111935090	hap2
PR01227	Nx	18	111935090	hap2
PR01227	Nx	19	111935090	hap2
PR01227	Nx	20	111935090	hap2
PR01227	Nx	21	110900415	hap2
PR01227	Nx	22	110900415	hap2
PR01227	Nx	23	110900415	hap2
PR01227	Nx	24	106920619	hap2
PR01227	Nx	25	106920619	hap2
PR01227	Nx	26	106920619	hap2
PR01227	Nx	27	106920619	hap2
PR01227	Nx	28	98809936	hap2
PR01227	Nx	29	98809936	hap2
PR01227	Nx	30	98809936	hap2
PR01227	Nx	31	96947681	hap2
PR01227	Nx	32	96947681	hap2
PR01227	Nx	33	96947681	hap2
PR01227	Nx	34	93950419	hap2
PR01227	Nx	35	93950419	hap2
PR01227	Nx	36	93950419	hap2
PR01227	Nx	37	78183186	hap2
PR01227	Nx	38	78183186	hap2
PR01227	Nx	39	78183186	hap2
PR01227	Nx	40	76149146	hap2
PR01227	Nx	41	76149146	hap2
PR01227	Nx	42	75763620	hap2
PR01227	Nx	43	75763620	hap2
PR01227	Nx	44	75763620	hap2
PR01227	Nx	45	68228012	hap2
PR01227	Nx	46	68228012	hap2
PR01227	Nx	47	60376644	hap2
PR01227	Nx	48	60376644	hap2
PR01227	Nx	49	59838634	hap2
PR01227	Nx	50	59838634	hap2
PR01227	Nx	51	57548616	hap2
PR01227	Nx	52	54360536	hap2
PR01227	Nx	53	54360536	hap2
PR01227	Nx	54	53943289	hap2
PR01227	Nx	55	53943289	hap2
PR01227	Nx	56	43756873	hap2
PR01227	Nx	57	42903804	hap2
PR01227	Nx	58	42903804	hap2
PR01227	Nx	59	42210743	hap2
PR01227	Nx	60	41096743	hap2
PR01227	Nx	61	39375017	hap2
PR01227	Nx	62	39375017	hap2
PR01227	Nx	63	37472214	hap2
PR01227	Nx	64	36956557	hap2
PR01227	Nx	65	35645046	hap2
PR01227	Nx	66	34440608	hap2
PR01227	Nx	67	31306360	hap2
PR01227	Nx	68	30089679	hap2
PR01227	Nx	69	29432757	hap2
PR01227	Nx	70	29381606	hap2
PR01227	Nx	71	28907569	hap2
PR01227	Nx	72	27827802	hap2
PR01227	Nx	73	21415499	hap2
PR01227	Nx	74	19878700	hap2
PR01227	Nx	75	19687583	hap2
PR01227	Nx	76	19438594	hap2
PR01227	Nx	77	17558018	hap2
PR01227	Nx	78	17287150	hap2
PR01227	Nx	79	14640416	hap2
PR01227	Nx	80	13947604	hap2
PR01227	Nx	81	12325803	hap2
PR01227	Nx	82	11328208	hap2
PR01227	Nx	83	10515158	hap2
PR01227	Nx	84	9511254	hap2
PR01227	Nx	85	8319090	hap2
PR01227	Nx	86	7767075	hap2
PR01227	Nx	87	6642819	hap2
PR01227	Nx	88	6159885	hap2
PR01227	Nx	89	5403601	hap2
PR01227	Nx	90	4904846	hap2
PR01227	Nx	91	4205430	hap2
PR01227	Nx	92	3600624	hap2
PR01227	Nx	93	3105453	hap2
PR01227	Nx	94	2716416	hap2
PR01227	Nx	95	2355422	hap2
PR01227	Nx	96	1762643	hap2
PR01227	Nx	97	1354192	hap2
PR01227	Nx	98	878783	hap2
PR01227	Nx	99	383544	hap2
PR01227	Nx	100	11426	hap2
PR01227	Lx	1	210544002	hap2
PR01227	Lx	2	210544002	hap2
PR01227	Lx	3	210544002	hap2
PR01227	Lx	4	210544002	hap2
PR01227	Lx	5	210544002	hap2
PR01227	Lx	6	210544002	hap2
PR01227	Lx	7	191644516	hap2
PR01227	Lx	8	191644516	hap2
PR01227	Lx	9	191644516	hap2
PR01227	Lx	10	191644516	hap2
PR01227	Lx	11	191644516	hap2
PR01227	Lx	12	191644516	hap2
PR01227	Lx	13	124074563	hap2
PR01227	Lx	14	124074563	hap2
PR01227	Lx	15	124074563	hap2
PR01227	Lx	16	124074563	hap2
PR01227	Lx	17	111935090	hap2
PR01227	Lx	18	111935090	hap2
PR01227	Lx	19	111935090	hap2
PR01227	Lx	20	111935090	hap2
PR01227	Lx	21	110900415	hap2
PR01227	Lx	22	110900415	hap2
PR01227	Lx	23	110900415	hap2
PR01227	Lx	24	106920619	hap2
PR01227	Lx	25	106920619	hap2
PR01227	Lx	26	106920619	hap2
PR01227	Lx	27	106920619	hap2
PR01227	Lx	28	98809936	hap2
PR01227	Lx	29	98809936	hap2
PR01227	Lx	30	98809936	hap2
PR01227	Lx	31	96947681	hap2
PR01227	Lx	32	96947681	hap2
PR01227	Lx	33	96947681	hap2
PR01227	Lx	34	93950419	hap2
PR01227	Lx	35	93950419	hap2
PR01227	Lx	36	93950419	hap2
PR01227	Lx	37	78183186	hap2
PR01227	Lx	38	78183186	hap2
PR01227	Lx	39	78183186	hap2
PR01227	Lx	40	76149146	hap2
PR01227	Lx	41	76149146	hap2
PR01227	Lx	42	75763620	hap2
PR01227	Lx	43	75763620	hap2
PR01227	Lx	44	75763620	hap2
PR01227	Lx	45	68228012	hap2
PR01227	Lx	46	68228012	hap2
PR01227	Lx	47	60376644	hap2
PR01227	Lx	48	60376644	hap2
PR01227	Lx	49	59838634	hap2
PR01227	Lx	50	59838634	hap2
PR01227	Lx	51	57548616	hap2
PR01227	Lx	52	54360536	hap2
PR01227	Lx	53	54360536	hap2
PR01227	Lx	54	53943289	hap2
PR01227	Lx	55	53943289	hap2
PR01227	Lx	56	43756873	hap2
PR01227	Lx	57	42903804	hap2
PR01227	Lx	58	42903804	hap2
PR01227	Lx	59	42210743	hap2
PR01227	Lx	60	41096743	hap2
PR01227	Lx	61	39375017	hap2
PR01227	Lx	62	39375017	hap2
PR01227	Lx	63	37472214	hap2
PR01227	Lx	64	36956557	hap2
PR01227	Lx	65	35645046	hap2
PR01227	Lx	66	34440608	hap2
PR01227	Lx	67	31306360	hap2
PR01227	Lx	68	30089679	hap2
PR01227	Lx	69	29432757	hap2
PR01227	Lx	70	29381606	hap2
PR01227	Lx	71	28907569	hap2
PR01227	Lx	72	27827802	hap2
PR01227	Lx	73	21415499	hap2
PR01227	Lx	74	19878700	hap2
PR01227	Lx	75	19687583	hap2
PR01227	Lx	76	19438594	hap2
PR01227	Lx	77	17558018	hap2
PR01227	Lx	78	17287150	hap2
PR01227	Lx	79	14640416	hap2
PR01227	Lx	80	13947604	hap2
PR01227	Lx	81	12325803	hap2
PR01227	Lx	82	11328208	hap2
PR01227	Lx	83	10515158	hap2
PR01227	Lx	84	9511254	hap2
PR01227	Lx	85	8319090	hap2
PR01227	Lx	86	7767075	hap2
PR01227	Lx	87	6642819	hap2
PR01227	Lx	88	6159885	hap2
PR01227	Lx	89	5403601	hap2
PR01227	Lx	90	4904846	hap2
PR01227	Lx	91	4205430	hap2
PR01227	Lx	92	3600624	hap2
PR01227	Lx	93	3105453	hap2
PR01227	Lx	94	2716416	hap2
PR01227	Lx	95	2355422	hap2
PR01227	Lx	96	1762643	hap2
PR01227	Lx	97	1354192	hap2
PR01227	Lx	98	878783	hap2
PR01227	Lx	99	383544	hap2
PR01227	Lx	100	11426	hap2
PR01227	NGx	1	210544002	hap2
PR01227	NGx	2	210544002	hap2
PR01227	NGx	3	210544002	hap2
PR01227	NGx	4	210544002	hap2
PR01227	NGx	5	210544002	hap2
PR01227	NGx	6	210544002	hap2
PR01227	NGx	7	191644516	hap2
PR01227	NGx	8	191644516	hap2
PR01227	NGx	9	191644516	hap2
PR01227	NGx	10	191644516	hap2
PR01227	NGx	11	191644516	hap2
PR01227	NGx	12	191644516	hap2
PR01227	NGx	13	191644516	hap2
PR01227	NGx	14	124074563	hap2
PR01227	NGx	15	124074563	hap2
PR01227	NGx	16	124074563	hap2
PR01227	NGx	17	124074563	hap2
PR01227	NGx	18	111935090	hap2
PR01227	NGx	19	111935090	hap2
PR01227	NGx	20	111935090	hap2
PR01227	NGx	21	111935090	hap2
PR01227	NGx	22	110900415	hap2
PR01227	NGx	23	110900415	hap2
PR01227	NGx	24	110900415	hap2
PR01227	NGx	25	106920619	hap2
PR01227	NGx	26	106920619	hap2
PR01227	NGx	27	106920619	hap2
PR01227	NGx	28	106920619	hap2
PR01227	NGx	29	98809936	hap2
PR01227	NGx	30	98809936	hap2
PR01227	NGx	31	98809936	hap2
PR01227	NGx	32	96947681	hap2
PR01227	NGx	33	96947681	hap2
PR01227	NGx	34	96947681	hap2
PR01227	NGx	35	93950419	hap2
PR01227	NGx	36	93950419	hap2
PR01227	NGx	37	93950419	hap2
PR01227	NGx	38	78183186	hap2
PR01227	NGx	39	78183186	hap2
PR01227	NGx	40	78183186	hap2
PR01227	NGx	41	76149146	hap2
PR01227	NGx	42	76149146	hap2
PR01227	NGx	43	76149146	hap2
PR01227	NGx	44	75763620	hap2
PR01227	NGx	45	75763620	hap2
PR01227	NGx	46	68228012	hap2
PR01227	NGx	47	68228012	hap2
PR01227	NGx	48	60376644	hap2
PR01227	NGx	49	60376644	hap2
PR01227	NGx	50	59838634	hap2
PR01227	NGx	51	59838634	hap2
PR01227	NGx	52	57548616	hap2
PR01227	NGx	53	57548616	hap2
PR01227	NGx	54	54360536	hap2
PR01227	NGx	55	54360536	hap2
PR01227	NGx	56	53943289	hap2
PR01227	NGx	57	53943289	hap2
PR01227	NGx	58	43756873	hap2
PR01227	NGx	59	42903804	hap2
PR01227	NGx	60	42903804	hap2
PR01227	NGx	61	42210743	hap2
PR01227	NGx	62	41096743	hap2
PR01227	NGx	63	39375017	hap2
PR01227	NGx	64	39375017	hap2
PR01227	NGx	65	37472214	hap2
PR01227	NGx	66	36956557	hap2
PR01227	NGx	67	35645046	hap2
PR01227	NGx	68	34440608	hap2
PR01227	NGx	69	34440608	hap2
PR01227	NGx	70	31306360	hap2
PR01227	NGx	71	30089679	hap2
PR01227	NGx	72	29432757	hap2
PR01227	NGx	73	29381606	hap2
PR01227	NGx	74	27827802	hap2
PR01227	NGx	75	21415499	hap2
PR01227	NGx	76	20685088	hap2
PR01227	NGx	77	19854953	hap2
PR01227	NGx	78	19687583	hap2
PR01227	NGx	79	18772303	hap2
PR01227	NGx	80	17558018	hap2
PR01227	NGx	81	17287150	hap2
PR01227	NGx	82	14640416	hap2
PR01227	NGx	83	13947604	hap2
PR01227	NGx	84	12325803	hap2
PR01227	NGx	85	11328208	hap2
PR01227	NGx	86	10515158	hap2
PR01227	NGx	87	9511254	hap2
PR01227	NGx	88	8319090	hap2
PR01227	NGx	89	7767075	hap2
PR01227	NGx	90	6676670	hap2
PR01227	NGx	91	6343796	hap2
PR01227	NGx	92	5471887	hap2
PR01227	NGx	93	5029649	hap2
PR01227	NGx	94	4344181	hap2
PR01227	NGx	95	3666697	hap2
PR01227	NGx	96	3342120	hap2
PR01227	NGx	97	2830231	hap2
PR01227	NGx	98	2486489	hap2
PR01227	NGx	99	2038858	hap2
PR01227	NGx	100	1542140	hap2
PR01227	LGx	1	1	hap2
PR01227	LGx	2	1	hap2
PR01227	LGx	3	1	hap2
PR01227	LGx	4	1	hap2
PR01227	LGx	5	1	hap2
PR01227	LGx	6	1	hap2
PR01227	LGx	7	2	hap2
PR01227	LGx	8	2	hap2
PR01227	LGx	9	2	hap2
PR01227	LGx	10	2	hap2
PR01227	LGx	11	2	hap2
PR01227	LGx	12	2	hap2
PR01227	LGx	13	2	hap2
PR01227	LGx	14	3	hap2
PR01227	LGx	15	3	hap2
PR01227	LGx	16	3	hap2
PR01227	LGx	17	3	hap2
PR01227	LGx	18	4	hap2
PR01227	LGx	19	4	hap2
PR01227	LGx	20	4	hap2
PR01227	LGx	21	4	hap2
PR01227	LGx	22	5	hap2
PR01227	LGx	23	5	hap2
PR01227	LGx	24	5	hap2
PR01227	LGx	25	6	hap2
PR01227	LGx	26	6	hap2
PR01227	LGx	27	6	hap2
PR01227	LGx	28	6	hap2
PR01227	LGx	29	7	hap2
PR01227	LGx	30	7	hap2
PR01227	LGx	31	7	hap2
PR01227	LGx	32	8	hap2
PR01227	LGx	33	8	hap2
PR01227	LGx	34	8	hap2
PR01227	LGx	35	9	hap2
PR01227	LGx	36	9	hap2
PR01227	LGx	37	9	hap2
PR01227	LGx	38	10	hap2
PR01227	LGx	39	10	hap2
PR01227	LGx	40	10	hap2
PR01227	LGx	41	11	hap2
PR01227	LGx	42	11	hap2
PR01227	LGx	43	11	hap2
PR01227	LGx	44	12	hap2
PR01227	LGx	45	12	hap2
PR01227	LGx	46	13	hap2
PR01227	LGx	47	13	hap2
PR01227	LGx	48	14	hap2
PR01227	LGx	49	14	hap2
PR01227	LGx	50	15	hap2
PR01227	LGx	51	15	hap2
PR01227	LGx	52	16	hap2
PR01227	LGx	53	16	hap2
PR01227	LGx	54	17	hap2
PR01227	LGx	55	17	hap2
PR01227	LGx	56	18	hap2
PR01227	LGx	57	18	hap2
PR01227	LGx	58	19	hap2
PR01227	LGx	59	20	hap2
PR01227	LGx	60	20	hap2
PR01227	LGx	61	21	hap2
PR01227	LGx	62	22	hap2
PR01227	LGx	63	23	hap2
PR01227	LGx	64	23	hap2
PR01227	LGx	65	24	hap2
PR01227	LGx	66	25	hap2
PR01227	LGx	67	26	hap2
PR01227	LGx	68	27	hap2
PR01227	LGx	69	27	hap2
PR01227	LGx	70	28	hap2
PR01227	LGx	71	29	hap2
PR01227	LGx	72	30	hap2
PR01227	LGx	73	31	hap2
PR01227	LGx	74	33	hap2
PR01227	LGx	75	34	hap2
PR01227	LGx	76	35	hap2
PR01227	LGx	77	37	hap2
PR01227	LGx	78	38	hap2
PR01227	LGx	79	40	hap2
PR01227	LGx	80	41	hap2
PR01227	LGx	81	43	hap2
PR01227	LGx	82	45	hap2
PR01227	LGx	83	47	hap2
PR01227	LGx	84	49	hap2
PR01227	LGx	85	52	hap2
PR01227	LGx	86	55	hap2
PR01227	LGx	87	58	hap2
PR01227	LGx	88	61	hap2
PR01227	LGx	89	65	hap2
PR01227	LGx	90	69	hap2
PR01227	LGx	91	74	hap2
PR01227	LGx	92	79	hap2
PR01227	LGx	93	85	hap2
PR01227	LGx	94	91	hap2
PR01227	LGx	95	99	hap2
PR01227	LGx	96	107	hap2
PR01227	LGx	97	117	hap2
PR01227	LGx	98	129	hap2
PR01227	LGx	99	142	hap2
PR01227	LGx	100	159	hap2
PR01227	auN	3261326775	179.76173	primary
PR01227	auNG	3018593705	194.21686	primary
PR01227	Nx	1	231201183	primary
PR01227	Nx	2	231201183	primary
PR01227	Nx	3	231201183	primary
PR01227	Nx	4	231201183	primary
PR01227	Nx	5	231201183	primary
PR01227	Nx	6	231201183	primary
PR01227	Nx	7	231201183	primary
PR01227	Nx	8	197695068	primary
PR01227	Nx	9	197695068	primary
PR01227	Nx	10	197695068	primary
PR01227	Nx	11	197695068	primary
PR01227	Nx	12	197695068	primary
PR01227	Nx	13	197695068	primary
PR01227	Nx	14	191430088	primary
PR01227	Nx	15	191430088	primary
PR01227	Nx	16	191430088	primary
PR01227	Nx	17	191430088	primary
PR01227	Nx	18	191430088	primary
PR01227	Nx	19	191430088	primary
PR01227	Nx	20	135402373	primary
PR01227	Nx	21	135402373	primary
PR01227	Nx	22	135402373	primary
PR01227	Nx	23	135402373	primary
PR01227	Nx	24	134416185	primary
PR01227	Nx	25	134416185	primary
PR01227	Nx	26	134416185	primary
PR01227	Nx	27	134416185	primary
PR01227	Nx	28	134370386	primary
PR01227	Nx	29	134370386	primary
PR01227	Nx	30	134370386	primary
PR01227	Nx	31	134370386	primary
PR01227	Nx	32	114938671	primary
PR01227	Nx	33	114938671	primary
PR01227	Nx	34	114938671	primary
PR01227	Nx	35	110928542	primary
PR01227	Nx	36	110928542	primary
PR01227	Nx	37	110928542	primary
PR01227	Nx	38	110928542	primary
PR01227	Nx	39	107672571	primary
PR01227	Nx	40	107672571	primary
PR01227	Nx	41	107672571	primary
PR01227	Nx	42	99624413	primary
PR01227	Nx	43	99624413	primary
PR01227	Nx	44	99624413	primary
PR01227	Nx	45	96863211	primary
PR01227	Nx	46	96863211	primary
PR01227	Nx	47	96863211	primary
PR01227	Nx	48	93950419	primary
PR01227	Nx	49	93950419	primary
PR01227	Nx	50	93950419	primary
PR01227	Nx	51	77144720	primary
PR01227	Nx	52	77144720	primary
PR01227	Nx	53	70887227	primary
PR01227	Nx	54	70887227	primary
PR01227	Nx	55	70887227	primary
PR01227	Nx	56	69221068	primary
PR01227	Nx	57	69221068	primary
PR01227	Nx	58	68228012	primary
PR01227	Nx	59	68228012	primary
PR01227	Nx	60	65260272	primary
PR01227	Nx	61	65260272	primary
PR01227	Nx	62	64670720	primary
PR01227	Nx	63	64670720	primary
PR01227	Nx	64	60658823	primary
PR01227	Nx	65	60658823	primary
PR01227	Nx	66	60258256	primary
PR01227	Nx	67	56483615	primary
PR01227	Nx	68	56483615	primary
PR01227	Nx	69	53943289	primary
PR01227	Nx	70	53943289	primary
PR01227	Nx	71	53570547	primary
PR01227	Nx	72	53570547	primary
PR01227	Nx	73	46708455	primary
PR01227	Nx	74	44178616	primary
PR01227	Nx	75	42903635	primary
PR01227	Nx	76	42903635	primary
PR01227	Nx	77	42534153	primary
PR01227	Nx	78	42493352	primary
PR01227	Nx	79	39074555	primary
PR01227	Nx	80	37472214	primary
PR01227	Nx	81	37472214	primary
PR01227	Nx	82	30809475	primary
PR01227	Nx	83	29381601	primary
PR01227	Nx	84	26169846	primary
PR01227	Nx	85	21535524	primary
PR01227	Nx	86	19225827	primary
PR01227	Nx	87	18804116	primary
PR01227	Nx	88	18244135	primary
PR01227	Nx	89	16044959	primary
PR01227	Nx	90	13009465	primary
PR01227	Nx	91	11731409	primary
PR01227	Nx	92	9727567	primary
PR01227	Nx	93	8994222	primary
PR01227	Nx	94	6464311	primary
PR01227	Nx	95	4356083	primary
PR01227	Nx	96	3333622	primary
PR01227	Nx	97	2580132	primary
PR01227	Nx	98	1786858	primary
PR01227	Nx	99	898223	primary
PR01227	Nx	100	9939	primary
PR01227	Lx	1	231201183	primary
PR01227	Lx	2	231201183	primary
PR01227	Lx	3	231201183	primary
PR01227	Lx	4	231201183	primary
PR01227	Lx	5	231201183	primary
PR01227	Lx	6	231201183	primary
PR01227	Lx	7	231201183	primary
PR01227	Lx	8	197695068	primary
PR01227	Lx	9	197695068	primary
PR01227	Lx	10	197695068	primary
PR01227	Lx	11	197695068	primary
PR01227	Lx	12	197695068	primary
PR01227	Lx	13	197695068	primary
PR01227	Lx	14	191430088	primary
PR01227	Lx	15	191430088	primary
PR01227	Lx	16	191430088	primary
PR01227	Lx	17	191430088	primary
PR01227	Lx	18	191430088	primary
PR01227	Lx	19	191430088	primary
PR01227	Lx	20	135402373	primary
PR01227	Lx	21	135402373	primary
PR01227	Lx	22	135402373	primary
PR01227	Lx	23	135402373	primary
PR01227	Lx	24	134416185	primary
PR01227	Lx	25	134416185	primary
PR01227	Lx	26	134416185	primary
PR01227	Lx	27	134416185	primary
PR01227	Lx	28	134370386	primary
PR01227	Lx	29	134370386	primary
PR01227	Lx	30	134370386	primary
PR01227	Lx	31	134370386	primary
PR01227	Lx	32	114938671	primary
PR01227	Lx	33	114938671	primary
PR01227	Lx	34	114938671	primary
PR01227	Lx	35	110928542	primary
PR01227	Lx	36	110928542	primary
PR01227	Lx	37	110928542	primary
PR01227	Lx	38	110928542	primary
PR01227	Lx	39	107672571	primary
PR01227	Lx	40	107672571	primary
PR01227	Lx	41	107672571	primary
PR01227	Lx	42	99624413	primary
PR01227	Lx	43	99624413	primary
PR01227	Lx	44	99624413	primary
PR01227	Lx	45	96863211	primary
PR01227	Lx	46	96863211	primary
PR01227	Lx	47	96863211	primary
PR01227	Lx	48	93950419	primary
PR01227	Lx	49	93950419	primary
PR01227	Lx	50	93950419	primary
PR01227	Lx	51	77144720	primary
PR01227	Lx	52	77144720	primary
PR01227	Lx	53	70887227	primary
PR01227	Lx	54	70887227	primary
PR01227	Lx	55	70887227	primary
PR01227	Lx	56	69221068	primary
PR01227	Lx	57	69221068	primary
PR01227	Lx	58	68228012	primary
PR01227	Lx	59	68228012	primary
PR01227	Lx	60	65260272	primary
PR01227	Lx	61	65260272	primary
PR01227	Lx	62	64670720	primary
PR01227	Lx	63	64670720	primary
PR01227	Lx	64	60658823	primary
PR01227	Lx	65	60658823	primary
PR01227	Lx	66	60258256	primary
PR01227	Lx	67	56483615	primary
PR01227	Lx	68	56483615	primary
PR01227	Lx	69	53943289	primary
PR01227	Lx	70	53943289	primary
PR01227	Lx	71	53570547	primary
PR01227	Lx	72	53570547	primary
PR01227	Lx	73	46708455	primary
PR01227	Lx	74	44178616	primary
PR01227	Lx	75	42903635	primary
PR01227	Lx	76	42903635	primary
PR01227	Lx	77	42534153	primary
PR01227	Lx	78	42493352	primary
PR01227	Lx	79	39074555	primary
PR01227	Lx	80	37472214	primary
PR01227	Lx	81	37472214	primary
PR01227	Lx	82	30809475	primary
PR01227	Lx	83	29381601	primary
PR01227	Lx	84	26169846	primary
PR01227	Lx	85	21535524	primary
PR01227	Lx	86	19225827	primary
PR01227	Lx	87	18804116	primary
PR01227	Lx	88	18244135	primary
PR01227	Lx	89	16044959	primary
PR01227	Lx	90	13009465	primary
PR01227	Lx	91	11731409	primary
PR01227	Lx	92	9727567	primary
PR01227	Lx	93	8994222	primary
PR01227	Lx	94	6464311	primary
PR01227	Lx	95	4356083	primary
PR01227	Lx	96	3333622	primary
PR01227	Lx	97	2580132	primary
PR01227	Lx	98	1786858	primary
PR01227	Lx	99	898223	primary
PR01227	Lx	100	9939	primary
PR01227	NGx	1	231201183	primary
PR01227	NGx	2	231201183	primary
PR01227	NGx	3	231201183	primary
PR01227	NGx	4	231201183	primary
PR01227	NGx	5	231201183	primary
PR01227	NGx	6	231201183	primary
PR01227	NGx	7	231201183	primary
PR01227	NGx	8	197695068	primary
PR01227	NGx	9	197695068	primary
PR01227	NGx	10	197695068	primary
PR01227	NGx	11	197695068	primary
PR01227	NGx	12	197695068	primary
PR01227	NGx	13	197695068	primary
PR01227	NGx	14	197695068	primary
PR01227	NGx	15	191430088	primary
PR01227	NGx	16	191430088	primary
PR01227	NGx	17	191430088	primary
PR01227	NGx	18	191430088	primary
PR01227	NGx	19	191430088	primary
PR01227	NGx	20	191430088	primary
PR01227	NGx	21	135402373	primary
PR01227	NGx	22	135402373	primary
PR01227	NGx	23	135402373	primary
PR01227	NGx	24	135402373	primary
PR01227	NGx	25	135402373	primary
PR01227	NGx	26	134416185	primary
PR01227	NGx	27	134416185	primary
PR01227	NGx	28	134416185	primary
PR01227	NGx	29	134416185	primary
PR01227	NGx	30	134370386	primary
PR01227	NGx	31	134370386	primary
PR01227	NGx	32	134370386	primary
PR01227	NGx	33	134370386	primary
PR01227	NGx	34	114938671	primary
PR01227	NGx	35	114938671	primary
PR01227	NGx	36	114938671	primary
PR01227	NGx	37	114938671	primary
PR01227	NGx	38	110928542	primary
PR01227	NGx	39	110928542	primary
PR01227	NGx	40	110928542	primary
PR01227	NGx	41	110928542	primary
PR01227	NGx	42	107672571	primary
PR01227	NGx	43	107672571	primary
PR01227	NGx	44	107672571	primary
PR01227	NGx	45	99624413	primary
PR01227	NGx	46	99624413	primary
PR01227	NGx	47	99624413	primary
PR01227	NGx	48	99624413	primary
PR01227	NGx	49	96863211	primary
PR01227	NGx	50	96863211	primary
PR01227	NGx	51	96863211	primary
PR01227	NGx	52	93950419	primary
PR01227	NGx	53	93950419	primary
PR01227	NGx	54	93950419	primary
PR01227	NGx	55	77144720	primary
PR01227	NGx	56	77144720	primary
PR01227	NGx	57	77144720	primary
PR01227	NGx	58	70887227	primary
PR01227	NGx	59	70887227	primary
PR01227	NGx	60	69221068	primary
PR01227	NGx	61	69221068	primary
PR01227	NGx	62	68228012	primary
PR01227	NGx	63	68228012	primary
PR01227	NGx	64	68228012	primary
PR01227	NGx	65	65260272	primary
PR01227	NGx	66	65260272	primary
PR01227	NGx	67	64670720	primary
PR01227	NGx	68	64670720	primary
PR01227	NGx	69	60658823	primary
PR01227	NGx	70	60658823	primary
PR01227	NGx	71	60258256	primary
PR01227	NGx	72	60258256	primary
PR01227	NGx	73	56483615	primary
PR01227	NGx	74	56483615	primary
PR01227	NGx	75	53943289	primary
PR01227	NGx	76	53943289	primary
PR01227	NGx	77	53570547	primary
PR01227	NGx	78	46708455	primary
PR01227	NGx	79	46708455	primary
PR01227	NGx	80	44178616	primary
PR01227	NGx	81	42903635	primary
PR01227	NGx	82	42903635	primary
PR01227	NGx	83	42534153	primary
PR01227	NGx	84	42493352	primary
PR01227	NGx	85	42493352	primary
PR01227	NGx	86	39074555	primary
PR01227	NGx	87	37472214	primary
PR01227	NGx	88	30809475	primary
PR01227	NGx	89	29849413	primary
PR01227	NGx	90	29381601	primary
PR01227	NGx	91	26169846	primary
PR01227	NGx	92	21535524	primary
PR01227	NGx	93	19225827	primary
PR01227	NGx	94	18804116	primary
PR01227	NGx	95	18244135	primary
PR01227	NGx	96	16044959	primary
PR01227	NGx	97	13009465	primary
PR01227	NGx	98	11774602	primary
PR01227	NGx	99	11328208	primary
PR01227	NGx	100	9567046	primary
PR01227	LGx	1	1	primary
PR01227	LGx	2	1	primary
PR01227	LGx	3	1	primary
PR01227	LGx	4	1	primary
PR01227	LGx	5	1	primary
PR01227	LGx	6	1	primary
PR01227	LGx	7	1	primary
PR01227	LGx	8	2	primary
PR01227	LGx	9	2	primary
PR01227	LGx	10	2	primary
PR01227	LGx	11	2	primary
PR01227	LGx	12	2	primary
PR01227	LGx	13	2	primary
PR01227	LGx	14	2	primary
PR01227	LGx	15	3	primary
PR01227	LGx	16	3	primary
PR01227	LGx	17	3	primary
PR01227	LGx	18	3	primary
PR01227	LGx	19	3	primary
PR01227	LGx	20	3	primary
PR01227	LGx	21	4	primary
PR01227	LGx	22	4	primary
PR01227	LGx	23	4	primary
PR01227	LGx	24	4	primary
PR01227	LGx	25	4	primary
PR01227	LGx	26	5	primary
PR01227	LGx	27	5	primary
PR01227	LGx	28	5	primary
PR01227	LGx	29	5	primary
PR01227	LGx	30	6	primary
PR01227	LGx	31	6	primary
PR01227	LGx	32	6	primary
PR01227	LGx	33	6	primary
PR01227	LGx	34	7	primary
PR01227	LGx	35	7	primary
PR01227	LGx	36	7	primary
PR01227	LGx	37	7	primary
PR01227	LGx	38	8	primary
PR01227	LGx	39	8	primary
PR01227	LGx	40	8	primary
PR01227	LGx	41	8	primary
PR01227	LGx	42	9	primary
PR01227	LGx	43	9	primary
PR01227	LGx	44	9	primary
PR01227	LGx	45	10	primary
PR01227	LGx	46	10	primary
PR01227	LGx	47	10	primary
PR01227	LGx	48	10	primary
PR01227	LGx	49	11	primary
PR01227	LGx	50	11	primary
PR01227	LGx	51	11	primary
PR01227	LGx	52	12	primary
PR01227	LGx	53	12	primary
PR01227	LGx	54	12	primary
PR01227	LGx	55	13	primary
PR01227	LGx	56	13	primary
PR01227	LGx	57	13	primary
PR01227	LGx	58	14	primary
PR01227	LGx	59	14	primary
PR01227	LGx	60	15	primary
PR01227	LGx	61	15	primary
PR01227	LGx	62	16	primary
PR01227	LGx	63	16	primary
PR01227	LGx	64	16	primary
PR01227	LGx	65	17	primary
PR01227	LGx	66	17	primary
PR01227	LGx	67	18	primary
PR01227	LGx	68	18	primary
PR01227	LGx	69	19	primary
PR01227	LGx	70	19	primary
PR01227	LGx	71	20	primary
PR01227	LGx	72	20	primary
PR01227	LGx	73	21	primary
PR01227	LGx	74	21	primary
PR01227	LGx	75	22	primary
PR01227	LGx	76	22	primary
PR01227	LGx	77	23	primary
PR01227	LGx	78	24	primary
PR01227	LGx	79	24	primary
PR01227	LGx	80	25	primary
PR01227	LGx	81	26	primary
PR01227	LGx	82	26	primary
PR01227	LGx	83	27	primary
PR01227	LGx	84	28	primary
PR01227	LGx	85	28	primary
PR01227	LGx	86	29	primary
PR01227	LGx	87	30	primary
PR01227	LGx	88	31	primary
PR01227	LGx	89	32	primary
PR01227	LGx	90	33	primary
PR01227	LGx	91	34	primary
PR01227	LGx	92	35	primary
PR01227	LGx	93	37	primary
PR01227	LGx	94	38	primary
PR01227	LGx	95	40	primary
PR01227	LGx	96	42	primary
PR01227	LGx	97	44	primary
PR01227	LGx	98	46	primary
PR01227	LGx	99	49	primary
PR01227	LGx	100	52	primary
PR00496A	auN	3191396365	578.098	hap1
PR00496A	auNG	3018593705	611.19183	hap1
PR00496A	Nx	1	56846785	hap1
PR00496A	Nx	2	53131556	hap1
PR00496A	Nx	3	53131556	hap1
PR00496A	Nx	4	45898738	hap1
PR00496A	Nx	5	42656180	hap1
PR00496A	Nx	6	42656180	hap1
PR00496A	Nx	7	42145293	hap1
PR00496A	Nx	8	37070232	hap1
PR00496A	Nx	9	35410678	hap1
PR00496A	Nx	10	35323889	hap1
PR00496A	Nx	11	35278706	hap1
PR00496A	Nx	12	35278706	hap1
PR00496A	Nx	13	35132013	hap1
PR00496A	Nx	14	33646426	hap1
PR00496A	Nx	15	33404581	hap1
PR00496A	Nx	16	32101279	hap1
PR00496A	Nx	17	31947417	hap1
PR00496A	Nx	18	31661358	hap1
PR00496A	Nx	19	31451634	hap1
PR00496A	Nx	20	30126821	hap1
PR00496A	Nx	21	29797370	hap1
PR00496A	Nx	22	28604754	hap1
PR00496A	Nx	23	25473777	hap1
PR00496A	Nx	24	25467161	hap1
PR00496A	Nx	25	25438872	hap1
PR00496A	Nx	26	24499436	hap1
PR00496A	Nx	27	23240423	hap1
PR00496A	Nx	28	23065700	hap1
PR00496A	Nx	29	21936060	hap1
PR00496A	Nx	30	21547584	hap1
PR00496A	Nx	31	20885811	hap1
PR00496A	Nx	32	20788244	hap1
PR00496A	Nx	33	20559911	hap1
PR00496A	Nx	34	20473534	hap1
PR00496A	Nx	35	20037396	hap1
PR00496A	Nx	36	19998865	hap1
PR00496A	Nx	37	19662434	hap1
PR00496A	Nx	38	19502830	hap1
PR00496A	Nx	39	19155881	hap1
PR00496A	Nx	40	19082550	hap1
PR00496A	Nx	41	18931129	hap1
PR00496A	Nx	42	18864577	hap1
PR00496A	Nx	43	18172899	hap1
PR00496A	Nx	44	17808904	hap1
PR00496A	Nx	45	17716482	hap1
PR00496A	Nx	46	17711618	hap1
PR00496A	Nx	47	16742260	hap1
PR00496A	Nx	48	16190011	hap1
PR00496A	Nx	49	15221087	hap1
PR00496A	Nx	50	15118206	hap1
PR00496A	Nx	51	14664277	hap1
PR00496A	Nx	52	14313108	hap1
PR00496A	Nx	53	14026009	hap1
PR00496A	Nx	54	13702878	hap1
PR00496A	Nx	55	13287464	hap1
PR00496A	Nx	56	12771992	hap1
PR00496A	Nx	57	12377531	hap1
PR00496A	Nx	58	12009347	hap1
PR00496A	Nx	59	11339471	hap1
PR00496A	Nx	60	11039076	hap1
PR00496A	Nx	61	10781092	hap1
PR00496A	Nx	62	10476747	hap1
PR00496A	Nx	63	10300292	hap1
PR00496A	Nx	64	10123333	hap1
PR00496A	Nx	65	9802159	hap1
PR00496A	Nx	66	8952141	hap1
PR00496A	Nx	67	8886446	hap1
PR00496A	Nx	68	8616782	hap1
PR00496A	Nx	69	8258261	hap1
PR00496A	Nx	70	7870309	hap1
PR00496A	Nx	71	7382422	hap1
PR00496A	Nx	72	6777561	hap1
PR00496A	Nx	73	6505590	hap1
PR00496A	Nx	74	6233278	hap1
PR00496A	Nx	75	5868956	hap1
PR00496A	Nx	76	5673693	hap1
PR00496A	Nx	77	5429409	hap1
PR00496A	Nx	78	5331008	hap1
PR00496A	Nx	79	5107712	hap1
PR00496A	Nx	80	4945031	hap1
PR00496A	Nx	81	4778090	hap1
PR00496A	Nx	82	4620193	hap1
PR00496A	Nx	83	4092471	hap1
PR00496A	Nx	84	3858069	hap1
PR00496A	Nx	85	3626393	hap1
PR00496A	Nx	86	3439269	hap1
PR00496A	Nx	87	3157096	hap1
PR00496A	Nx	88	2892596	hap1
PR00496A	Nx	89	2754982	hap1
PR00496A	Nx	90	2538535	hap1
PR00496A	Nx	91	2293393	hap1
PR00496A	Nx	92	2031919	hap1
PR00496A	Nx	93	1781507	hap1
PR00496A	Nx	94	1532150	hap1
PR00496A	Nx	95	1341610	hap1
PR00496A	Nx	96	1101525	hap1
PR00496A	Nx	97	876221	hap1
PR00496A	Nx	98	551901	hap1
PR00496A	Nx	99	289500	hap1
PR00496A	Nx	100	14367	hap1
PR00496A	Lx	1	56846785	hap1
PR00496A	Lx	2	53131556	hap1
PR00496A	Lx	3	53131556	hap1
PR00496A	Lx	4	45898738	hap1
PR00496A	Lx	5	42656180	hap1
PR00496A	Lx	6	42656180	hap1
PR00496A	Lx	7	42145293	hap1
PR00496A	Lx	8	37070232	hap1
PR00496A	Lx	9	35410678	hap1
PR00496A	Lx	10	35323889	hap1
PR00496A	Lx	11	35278706	hap1
PR00496A	Lx	12	35278706	hap1
PR00496A	Lx	13	35132013	hap1
PR00496A	Lx	14	33646426	hap1
PR00496A	Lx	15	33404581	hap1
PR00496A	Lx	16	32101279	hap1
PR00496A	Lx	17	31947417	hap1
PR00496A	Lx	18	31661358	hap1
PR00496A	Lx	19	31451634	hap1
PR00496A	Lx	20	30126821	hap1
PR00496A	Lx	21	29797370	hap1
PR00496A	Lx	22	28604754	hap1
PR00496A	Lx	23	25473777	hap1
PR00496A	Lx	24	25467161	hap1
PR00496A	Lx	25	25438872	hap1
PR00496A	Lx	26	24499436	hap1
PR00496A	Lx	27	23240423	hap1
PR00496A	Lx	28	23065700	hap1
PR00496A	Lx	29	21936060	hap1
PR00496A	Lx	30	21547584	hap1
PR00496A	Lx	31	20885811	hap1
PR00496A	Lx	32	20788244	hap1
PR00496A	Lx	33	20559911	hap1
PR00496A	Lx	34	20473534	hap1
PR00496A	Lx	35	20037396	hap1
PR00496A	Lx	36	19998865	hap1
PR00496A	Lx	37	19662434	hap1
PR00496A	Lx	38	19502830	hap1
PR00496A	Lx	39	19155881	hap1
PR00496A	Lx	40	19082550	hap1
PR00496A	Lx	41	18931129	hap1
PR00496A	Lx	42	18864577	hap1
PR00496A	Lx	43	18172899	hap1
PR00496A	Lx	44	17808904	hap1
PR00496A	Lx	45	17716482	hap1
PR00496A	Lx	46	17711618	hap1
PR00496A	Lx	47	16742260	hap1
PR00496A	Lx	48	16190011	hap1
PR00496A	Lx	49	15221087	hap1
PR00496A	Lx	50	15118206	hap1
PR00496A	Lx	51	14664277	hap1
PR00496A	Lx	52	14313108	hap1
PR00496A	Lx	53	14026009	hap1
PR00496A	Lx	54	13702878	hap1
PR00496A	Lx	55	13287464	hap1
PR00496A	Lx	56	12771992	hap1
PR00496A	Lx	57	12377531	hap1
PR00496A	Lx	58	12009347	hap1
PR00496A	Lx	59	11339471	hap1
PR00496A	Lx	60	11039076	hap1
PR00496A	Lx	61	10781092	hap1
PR00496A	Lx	62	10476747	hap1
PR00496A	Lx	63	10300292	hap1
PR00496A	Lx	64	10123333	hap1
PR00496A	Lx	65	9802159	hap1
PR00496A	Lx	66	8952141	hap1
PR00496A	Lx	67	8886446	hap1
PR00496A	Lx	68	8616782	hap1
PR00496A	Lx	69	8258261	hap1
PR00496A	Lx	70	7870309	hap1
PR00496A	Lx	71	7382422	hap1
PR00496A	Lx	72	6777561	hap1
PR00496A	Lx	73	6505590	hap1
PR00496A	Lx	74	6233278	hap1
PR00496A	Lx	75	5868956	hap1
PR00496A	Lx	76	5673693	hap1
PR00496A	Lx	77	5429409	hap1
PR00496A	Lx	78	5331008	hap1
PR00496A	Lx	79	5107712	hap1
PR00496A	Lx	80	4945031	hap1
PR00496A	Lx	81	4778090	hap1
PR00496A	Lx	82	4620193	hap1
PR00496A	Lx	83	4092471	hap1
PR00496A	Lx	84	3858069	hap1
PR00496A	Lx	85	3626393	hap1
PR00496A	Lx	86	3439269	hap1
PR00496A	Lx	87	3157096	hap1
PR00496A	Lx	88	2892596	hap1
PR00496A	Lx	89	2754982	hap1
PR00496A	Lx	90	2538535	hap1
PR00496A	Lx	91	2293393	hap1
PR00496A	Lx	92	2031919	hap1
PR00496A	Lx	93	1781507	hap1
PR00496A	Lx	94	1532150	hap1
PR00496A	Lx	95	1341610	hap1
PR00496A	Lx	96	1101525	hap1
PR00496A	Lx	97	876221	hap1
PR00496A	Lx	98	551901	hap1
PR00496A	Lx	99	289500	hap1
PR00496A	Lx	100	14367	hap1
PR00496A	NGx	1	56846785	hap1
PR00496A	NGx	2	53131556	hap1
PR00496A	NGx	3	53131556	hap1
PR00496A	NGx	4	45898738	hap1
PR00496A	NGx	5	45898738	hap1
PR00496A	NGx	6	42656180	hap1
PR00496A	NGx	7	42145293	hap1
PR00496A	NGx	8	37070232	hap1
PR00496A	NGx	9	37070232	hap1
PR00496A	NGx	10	35410678	hap1
PR00496A	NGx	11	35323889	hap1
PR00496A	NGx	12	35278706	hap1
PR00496A	NGx	13	35132013	hap1
PR00496A	NGx	14	33646426	hap1
PR00496A	NGx	15	33404581	hap1
PR00496A	NGx	16	33404581	hap1
PR00496A	NGx	17	32101279	hap1
PR00496A	NGx	18	31947417	hap1
PR00496A	NGx	19	31661358	hap1
PR00496A	NGx	20	31451634	hap1
PR00496A	NGx	21	30126821	hap1
PR00496A	NGx	22	29797370	hap1
PR00496A	NGx	23	28652201	hap1
PR00496A	NGx	24	28604754	hap1
PR00496A	NGx	25	25473777	hap1
PR00496A	NGx	26	25438872	hap1
PR00496A	NGx	27	24499436	hap1
PR00496A	NGx	28	23252928	hap1
PR00496A	NGx	29	23240423	hap1
PR00496A	NGx	30	22493974	hap1
PR00496A	NGx	31	21936060	hap1
PR00496A	NGx	32	21547584	hap1
PR00496A	NGx	33	20885811	hap1
PR00496A	NGx	34	20788244	hap1
PR00496A	NGx	35	20559911	hap1
PR00496A	NGx	36	20473534	hap1
PR00496A	NGx	37	20037396	hap1
PR00496A	NGx	38	19998865	hap1
PR00496A	NGx	39	19662434	hap1
PR00496A	NGx	40	19538678	hap1
PR00496A	NGx	41	19155881	hap1
PR00496A	NGx	42	19110034	hap1
PR00496A	NGx	43	19020540	hap1
PR00496A	NGx	44	18864577	hap1
PR00496A	NGx	45	18330766	hap1
PR00496A	NGx	46	18049167	hap1
PR00496A	NGx	47	17745463	hap1
PR00496A	NGx	48	17716482	hap1
PR00496A	NGx	49	17355439	hap1
PR00496A	NGx	50	16199418	hap1
PR00496A	NGx	51	15363180	hap1
PR00496A	NGx	52	15173917	hap1
PR00496A	NGx	53	14868328	hap1
PR00496A	NGx	54	14664277	hap1
PR00496A	NGx	55	14313108	hap1
PR00496A	NGx	56	14026009	hap1
PR00496A	NGx	57	13702878	hap1
PR00496A	NGx	58	13290747	hap1
PR00496A	NGx	59	12771992	hap1
PR00496A	NGx	60	12400829	hap1
PR00496A	NGx	61	12279858	hap1
PR00496A	NGx	62	11621850	hap1
PR00496A	NGx	63	11226410	hap1
PR00496A	NGx	64	11008400	hap1
PR00496A	NGx	65	10687951	hap1
PR00496A	NGx	66	10318002	hap1
PR00496A	NGx	67	10237340	hap1
PR00496A	NGx	68	10046637	hap1
PR00496A	NGx	69	9665992	hap1
PR00496A	NGx	70	8952141	hap1
PR00496A	NGx	71	8855665	hap1
PR00496A	NGx	72	8616782	hap1
PR00496A	NGx	73	8258261	hap1
PR00496A	NGx	74	8042141	hap1
PR00496A	NGx	75	7427950	hap1
PR00496A	NGx	76	6777561	hap1
PR00496A	NGx	77	6512260	hap1
PR00496A	NGx	78	6239893	hap1
PR00496A	NGx	79	5894983	hap1
PR00496A	NGx	80	5727565	hap1
PR00496A	NGx	81	5505579	hap1
PR00496A	NGx	82	5412289	hap1
PR00496A	NGx	83	5189079	hap1
PR00496A	NGx	84	5009762	hap1
PR00496A	NGx	85	4881884	hap1
PR00496A	NGx	86	4674349	hap1
PR00496A	NGx	87	4493745	hap1
PR00496A	NGx	88	4062891	hap1
PR00496A	NGx	89	3795031	hap1
PR00496A	NGx	90	3559333	hap1
PR00496A	NGx	91	3413884	hap1
PR00496A	NGx	92	3157096	hap1
PR00496A	NGx	93	2896396	hap1
PR00496A	NGx	94	2774682	hap1
PR00496A	NGx	95	2579220	hap1
PR00496A	NGx	96	2303840	hap1
PR00496A	NGx	97	2141671	hap1
PR00496A	NGx	98	1866153	hap1
PR00496A	NGx	99	1586961	hap1
PR00496A	NGx	100	1405721	hap1
PR00496A	LGx	1	1	hap1
PR00496A	LGx	2	2	hap1
PR00496A	LGx	3	2	hap1
PR00496A	LGx	4	3	hap1
PR00496A	LGx	5	3	hap1
PR00496A	LGx	6	4	hap1
PR00496A	LGx	7	5	hap1
PR00496A	LGx	8	6	hap1
PR00496A	LGx	9	6	hap1
PR00496A	LGx	10	7	hap1
PR00496A	LGx	11	8	hap1
PR00496A	LGx	12	9	hap1
PR00496A	LGx	13	10	hap1
PR00496A	LGx	14	11	hap1
PR00496A	LGx	15	12	hap1
PR00496A	LGx	16	12	hap1
PR00496A	LGx	17	13	hap1
PR00496A	LGx	18	14	hap1
PR00496A	LGx	19	15	hap1
PR00496A	LGx	20	16	hap1
PR00496A	LGx	21	17	hap1
PR00496A	LGx	22	18	hap1
PR00496A	LGx	23	19	hap1
PR00496A	LGx	24	20	hap1
PR00496A	LGx	25	21	hap1
PR00496A	LGx	26	23	hap1
PR00496A	LGx	27	24	hap1
PR00496A	LGx	28	25	hap1
PR00496A	LGx	29	26	hap1
PR00496A	LGx	30	28	hap1
PR00496A	LGx	31	29	hap1
PR00496A	LGx	32	30	hap1
PR00496A	LGx	33	32	hap1
PR00496A	LGx	34	33	hap1
PR00496A	LGx	35	35	hap1
PR00496A	LGx	36	36	hap1
PR00496A	LGx	37	38	hap1
PR00496A	LGx	38	39	hap1
PR00496A	LGx	39	41	hap1
PR00496A	LGx	40	42	hap1
PR00496A	LGx	41	44	hap1
PR00496A	LGx	42	45	hap1
PR00496A	LGx	43	47	hap1
PR00496A	LGx	44	49	hap1
PR00496A	LGx	45	50	hap1
PR00496A	LGx	46	52	hap1
PR00496A	LGx	47	54	hap1
PR00496A	LGx	48	55	hap1
PR00496A	LGx	49	57	hap1
PR00496A	LGx	50	59	hap1
PR00496A	LGx	51	61	hap1
PR00496A	LGx	52	63	hap1
PR00496A	LGx	53	65	hap1
PR00496A	LGx	54	67	hap1
PR00496A	LGx	55	69	hap1
PR00496A	LGx	56	71	hap1
PR00496A	LGx	57	73	hap1
PR00496A	LGx	58	75	hap1
PR00496A	LGx	59	78	hap1
PR00496A	LGx	60	80	hap1
PR00496A	LGx	61	82	hap1
PR00496A	LGx	62	85	hap1
PR00496A	LGx	63	88	hap1
PR00496A	LGx	64	90	hap1
PR00496A	LGx	65	93	hap1
PR00496A	LGx	66	96	hap1
PR00496A	LGx	67	99	hap1
PR00496A	LGx	68	102	hap1
PR00496A	LGx	69	105	hap1
PR00496A	LGx	70	108	hap1
PR00496A	LGx	71	112	hap1
PR00496A	LGx	72	115	hap1
PR00496A	LGx	73	119	hap1
PR00496A	LGx	74	122	hap1
PR00496A	LGx	75	126	hap1
PR00496A	LGx	76	131	hap1
PR00496A	LGx	77	135	hap1
PR00496A	LGx	78	140	hap1
PR00496A	LGx	79	145	hap1
PR00496A	LGx	80	150	hap1
PR00496A	LGx	81	155	hap1
PR00496A	LGx	82	161	hap1
PR00496A	LGx	83	167	hap1
PR00496A	LGx	84	172	hap1
PR00496A	LGx	85	179	hap1
PR00496A	LGx	86	185	hap1
PR00496A	LGx	87	191	hap1
PR00496A	LGx	88	198	hap1
PR00496A	LGx	89	206	hap1
PR00496A	LGx	90	214	hap1
PR00496A	LGx	91	223	hap1
PR00496A	LGx	92	232	hap1
PR00496A	LGx	93	242	hap1
PR00496A	LGx	94	253	hap1
PR00496A	LGx	95	264	hap1
PR00496A	LGx	96	277	hap1
PR00496A	LGx	97	290	hap1
PR00496A	LGx	98	305	hap1
PR00496A	LGx	99	323	hap1
PR00496A	LGx	100	343	hap1
PR00496A	auN	3204390177	554.7027	hap2
PR00496A	auNG	3018593705	588.84503	hap2
PR00496A	Nx	1	93620666	hap2
PR00496A	Nx	2	93620666	hap2
PR00496A	Nx	3	63199223	hap2
PR00496A	Nx	4	63199223	hap2
PR00496A	Nx	5	57544842	hap2
PR00496A	Nx	6	57544842	hap2
PR00496A	Nx	7	36315821	hap2
PR00496A	Nx	8	35601290	hap2
PR00496A	Nx	9	34702057	hap2
PR00496A	Nx	10	34702057	hap2
PR00496A	Nx	11	32765200	hap2
PR00496A	Nx	12	31536973	hap2
PR00496A	Nx	13	28578121	hap2
PR00496A	Nx	14	26884284	hap2
PR00496A	Nx	15	26057153	hap2
PR00496A	Nx	16	25602034	hap2
PR00496A	Nx	17	25579261	hap2
PR00496A	Nx	18	23790907	hap2
PR00496A	Nx	19	23748216	hap2
PR00496A	Nx	20	23737939	hap2
PR00496A	Nx	21	23580876	hap2
PR00496A	Nx	22	23069874	hap2
PR00496A	Nx	23	22574735	hap2
PR00496A	Nx	24	21799304	hap2
PR00496A	Nx	25	21443101	hap2
PR00496A	Nx	26	20973617	hap2
PR00496A	Nx	27	20759993	hap2
PR00496A	Nx	28	20312688	hap2
PR00496A	Nx	29	19975222	hap2
PR00496A	Nx	30	19145588	hap2
PR00496A	Nx	31	18785897	hap2
PR00496A	Nx	32	17731071	hap2
PR00496A	Nx	33	17551792	hap2
PR00496A	Nx	34	17045114	hap2
PR00496A	Nx	35	16644230	hap2
PR00496A	Nx	36	16380884	hap2
PR00496A	Nx	37	16117546	hap2
PR00496A	Nx	38	15286861	hap2
PR00496A	Nx	39	14785088	hap2
PR00496A	Nx	40	14451791	hap2
PR00496A	Nx	41	13917641	hap2
PR00496A	Nx	42	13652362	hap2
PR00496A	Nx	43	13382923	hap2
PR00496A	Nx	44	13283261	hap2
PR00496A	Nx	45	12872532	hap2
PR00496A	Nx	46	12551248	hap2
PR00496A	Nx	47	12441613	hap2
PR00496A	Nx	48	12272829	hap2
PR00496A	Nx	49	12149330	hap2
PR00496A	Nx	50	12077784	hap2
PR00496A	Nx	51	11907502	hap2
PR00496A	Nx	52	11450441	hap2
PR00496A	Nx	53	11325258	hap2
PR00496A	Nx	54	11268079	hap2
PR00496A	Nx	55	10819034	hap2
PR00496A	Nx	56	10568673	hap2
PR00496A	Nx	57	9959216	hap2
PR00496A	Nx	58	9665992	hap2
PR00496A	Nx	59	9513436	hap2
PR00496A	Nx	60	8961804	hap2
PR00496A	Nx	61	8820529	hap2
PR00496A	Nx	62	8404243	hap2
PR00496A	Nx	63	8280391	hap2
PR00496A	Nx	64	8165095	hap2
PR00496A	Nx	65	8086044	hap2
PR00496A	Nx	66	7936054	hap2
PR00496A	Nx	67	7611761	hap2
PR00496A	Nx	68	7362058	hap2
PR00496A	Nx	69	7062151	hap2
PR00496A	Nx	70	6657417	hap2
PR00496A	Nx	71	6533686	hap2
PR00496A	Nx	72	6367084	hap2
PR00496A	Nx	73	6070172	hap2
PR00496A	Nx	74	5943171	hap2
PR00496A	Nx	75	5658897	hap2
PR00496A	Nx	76	5356157	hap2
PR00496A	Nx	77	5139356	hap2
PR00496A	Nx	78	5012452	hap2
PR00496A	Nx	79	4876574	hap2
PR00496A	Nx	80	4622207	hap2
PR00496A	Nx	81	4280011	hap2
PR00496A	Nx	82	4031183	hap2
PR00496A	Nx	83	3932211	hap2
PR00496A	Nx	84	3811815	hap2
PR00496A	Nx	85	3560096	hap2
PR00496A	Nx	86	3210322	hap2
PR00496A	Nx	87	3041336	hap2
PR00496A	Nx	88	2925504	hap2
PR00496A	Nx	89	2725555	hap2
PR00496A	Nx	90	2511585	hap2
PR00496A	Nx	91	2328787	hap2
PR00496A	Nx	92	2074979	hap2
PR00496A	Nx	93	1781507	hap2
PR00496A	Nx	94	1597567	hap2
PR00496A	Nx	95	1441487	hap2
PR00496A	Nx	96	1156927	hap2
PR00496A	Nx	97	883838	hap2
PR00496A	Nx	98	620348	hap2
PR00496A	Nx	99	347921	hap2
PR00496A	Nx	100	16555	hap2
PR00496A	Lx	1	93620666	hap2
PR00496A	Lx	2	93620666	hap2
PR00496A	Lx	3	63199223	hap2
PR00496A	Lx	4	63199223	hap2
PR00496A	Lx	5	57544842	hap2
PR00496A	Lx	6	57544842	hap2
PR00496A	Lx	7	36315821	hap2
PR00496A	Lx	8	35601290	hap2
PR00496A	Lx	9	34702057	hap2
PR00496A	Lx	10	34702057	hap2
PR00496A	Lx	11	32765200	hap2
PR00496A	Lx	12	31536973	hap2
PR00496A	Lx	13	28578121	hap2
PR00496A	Lx	14	26884284	hap2
PR00496A	Lx	15	26057153	hap2
PR00496A	Lx	16	25602034	hap2
PR00496A	Lx	17	25579261	hap2
PR00496A	Lx	18	23790907	hap2
PR00496A	Lx	19	23748216	hap2
PR00496A	Lx	20	23737939	hap2
PR00496A	Lx	21	23580876	hap2
PR00496A	Lx	22	23069874	hap2
PR00496A	Lx	23	22574735	hap2
PR00496A	Lx	24	21799304	hap2
PR00496A	Lx	25	21443101	hap2
PR00496A	Lx	26	20973617	hap2
PR00496A	Lx	27	20759993	hap2
PR00496A	Lx	28	20312688	hap2
PR00496A	Lx	29	19975222	hap2
PR00496A	Lx	30	19145588	hap2
PR00496A	Lx	31	18785897	hap2
PR00496A	Lx	32	17731071	hap2
PR00496A	Lx	33	17551792	hap2
PR00496A	Lx	34	17045114	hap2
PR00496A	Lx	35	16644230	hap2
PR00496A	Lx	36	16380884	hap2
PR00496A	Lx	37	16117546	hap2
PR00496A	Lx	38	15286861	hap2
PR00496A	Lx	39	14785088	hap2
PR00496A	Lx	40	14451791	hap2
PR00496A	Lx	41	13917641	hap2
PR00496A	Lx	42	13652362	hap2
PR00496A	Lx	43	13382923	hap2
PR00496A	Lx	44	13283261	hap2
PR00496A	Lx	45	12872532	hap2
PR00496A	Lx	46	12551248	hap2
PR00496A	Lx	47	12441613	hap2
PR00496A	Lx	48	12272829	hap2
PR00496A	Lx	49	12149330	hap2
PR00496A	Lx	50	12077784	hap2
PR00496A	Lx	51	11907502	hap2
PR00496A	Lx	52	11450441	hap2
PR00496A	Lx	53	11325258	hap2
PR00496A	Lx	54	11268079	hap2
PR00496A	Lx	55	10819034	hap2
PR00496A	Lx	56	10568673	hap2
PR00496A	Lx	57	9959216	hap2
PR00496A	Lx	58	9665992	hap2
PR00496A	Lx	59	9513436	hap2
PR00496A	Lx	60	8961804	hap2
PR00496A	Lx	61	8820529	hap2
PR00496A	Lx	62	8404243	hap2
PR00496A	Lx	63	8280391	hap2
PR00496A	Lx	64	8165095	hap2
PR00496A	Lx	65	8086044	hap2
PR00496A	Lx	66	7936054	hap2
PR00496A	Lx	67	7611761	hap2
PR00496A	Lx	68	7362058	hap2
PR00496A	Lx	69	7062151	hap2
PR00496A	Lx	70	6657417	hap2
PR00496A	Lx	71	6533686	hap2
PR00496A	Lx	72	6367084	hap2
PR00496A	Lx	73	6070172	hap2
PR00496A	Lx	74	5943171	hap2
PR00496A	Lx	75	5658897	hap2
PR00496A	Lx	76	5356157	hap2
PR00496A	Lx	77	5139356	hap2
PR00496A	Lx	78	5012452	hap2
PR00496A	Lx	79	4876574	hap2
PR00496A	Lx	80	4622207	hap2
PR00496A	Lx	81	4280011	hap2
PR00496A	Lx	82	4031183	hap2
PR00496A	Lx	83	3932211	hap2
PR00496A	Lx	84	3811815	hap2
PR00496A	Lx	85	3560096	hap2
PR00496A	Lx	86	3210322	hap2
PR00496A	Lx	87	3041336	hap2
PR00496A	Lx	88	2925504	hap2
PR00496A	Lx	89	2725555	hap2
PR00496A	Lx	90	2511585	hap2
PR00496A	Lx	91	2328787	hap2
PR00496A	Lx	92	2074979	hap2
PR00496A	Lx	93	1781507	hap2
PR00496A	Lx	94	1597567	hap2
PR00496A	Lx	95	1441487	hap2
PR00496A	Lx	96	1156927	hap2
PR00496A	Lx	97	883838	hap2
PR00496A	Lx	98	620348	hap2
PR00496A	Lx	99	347921	hap2
PR00496A	Lx	100	16555	hap2
PR00496A	NGx	1	93620666	hap2
PR00496A	NGx	2	93620666	hap2
PR00496A	NGx	3	93620666	hap2
PR00496A	NGx	4	63199223	hap2
PR00496A	NGx	5	63199223	hap2
PR00496A	NGx	6	57544842	hap2
PR00496A	NGx	7	57544842	hap2
PR00496A	NGx	8	36315821	hap2
PR00496A	NGx	9	35601290	hap2
PR00496A	NGx	10	34702057	hap2
PR00496A	NGx	11	32765200	hap2
PR00496A	NGx	12	31536973	hap2
PR00496A	NGx	13	30878865	hap2
PR00496A	NGx	14	28578121	hap2
PR00496A	NGx	15	26884284	hap2
PR00496A	NGx	16	26057153	hap2
PR00496A	NGx	17	25602034	hap2
PR00496A	NGx	18	25579261	hap2
PR00496A	NGx	19	24987409	hap2
PR00496A	NGx	20	23748216	hap2
PR00496A	NGx	21	23737939	hap2
PR00496A	NGx	22	23686737	hap2
PR00496A	NGx	23	23069874	hap2
PR00496A	NGx	24	22574735	hap2
PR00496A	NGx	25	22019013	hap2
PR00496A	NGx	26	21443101	hap2
PR00496A	NGx	27	21090235	hap2
PR00496A	NGx	28	20973617	hap2
PR00496A	NGx	29	20552223	hap2
PR00496A	NGx	30	20312688	hap2
PR00496A	NGx	31	19975222	hap2
PR00496A	NGx	32	19145588	hap2
PR00496A	NGx	33	18785897	hap2
PR00496A	NGx	34	17731071	hap2
PR00496A	NGx	35	17551792	hap2
PR00496A	NGx	36	17045114	hap2
PR00496A	NGx	37	16644230	hap2
PR00496A	NGx	38	16380884	hap2
PR00496A	NGx	39	16117546	hap2
PR00496A	NGx	40	15286861	hap2
PR00496A	NGx	41	14785088	hap2
PR00496A	NGx	42	14659842	hap2
PR00496A	NGx	43	14234913	hap2
PR00496A	NGx	44	13899821	hap2
PR00496A	NGx	45	13526181	hap2
PR00496A	NGx	46	13382923	hap2
PR00496A	NGx	47	13105919	hap2
PR00496A	NGx	48	12841452	hap2
PR00496A	NGx	49	12551248	hap2
PR00496A	NGx	50	12434719	hap2
PR00496A	NGx	51	12272829	hap2
PR00496A	NGx	52	12149330	hap2
PR00496A	NGx	53	12077784	hap2
PR00496A	NGx	54	11907502	hap2
PR00496A	NGx	55	11653833	hap2
PR00496A	NGx	56	11383195	hap2
PR00496A	NGx	57	11312828	hap2
PR00496A	NGx	58	10832433	hap2
PR00496A	NGx	59	10586270	hap2
PR00496A	NGx	60	10224746	hap2
PR00496A	NGx	61	9749524	hap2
PR00496A	NGx	62	9553577	hap2
PR00496A	NGx	63	9347530	hap2
PR00496A	NGx	64	8957369	hap2
PR00496A	NGx	65	8800865	hap2
PR00496A	NGx	66	8404243	hap2
PR00496A	NGx	67	8280391	hap2
PR00496A	NGx	68	8165095	hap2
PR00496A	NGx	69	8086044	hap2
PR00496A	NGx	70	7936054	hap2
PR00496A	NGx	71	7711439	hap2
PR00496A	NGx	72	7455142	hap2
PR00496A	NGx	73	7208341	hap2
PR00496A	NGx	74	6672509	hap2
PR00496A	NGx	75	6604282	hap2
PR00496A	NGx	76	6471125	hap2
PR00496A	NGx	77	6181794	hap2
PR00496A	NGx	78	6054069	hap2
PR00496A	NGx	79	5785949	hap2
PR00496A	NGx	80	5582236	hap2
PR00496A	NGx	81	5353176	hap2
PR00496A	NGx	82	5088981	hap2
PR00496A	NGx	83	4941636	hap2
PR00496A	NGx	84	4872794	hap2
PR00496A	NGx	85	4551869	hap2
PR00496A	NGx	86	4280011	hap2
PR00496A	NGx	87	4031183	hap2
PR00496A	NGx	88	3947288	hap2
PR00496A	NGx	89	3834982	hap2
PR00496A	NGx	90	3589159	hap2
PR00496A	NGx	91	3369989	hap2
PR00496A	NGx	92	3151035	hap2
PR00496A	NGx	93	2956191	hap2
PR00496A	NGx	94	2803485	hap2
PR00496A	NGx	95	2587953	hap2
PR00496A	NGx	96	2410160	hap2
PR00496A	NGx	97	2210282	hap2
PR00496A	NGx	98	1987711	hap2
PR00496A	NGx	99	1704911	hap2
PR00496A	NGx	100	1578981	hap2
PR00496A	LGx	1	1	hap2
PR00496A	LGx	2	1	hap2
PR00496A	LGx	3	1	hap2
PR00496A	LGx	4	2	hap2
PR00496A	LGx	5	2	hap2
PR00496A	LGx	6	3	hap2
PR00496A	LGx	7	3	hap2
PR00496A	LGx	8	4	hap2
PR00496A	LGx	9	5	hap2
PR00496A	LGx	10	6	hap2
PR00496A	LGx	11	7	hap2
PR00496A	LGx	12	8	hap2
PR00496A	LGx	13	9	hap2
PR00496A	LGx	14	10	hap2
PR00496A	LGx	15	11	hap2
PR00496A	LGx	16	12	hap2
PR00496A	LGx	17	13	hap2
PR00496A	LGx	18	14	hap2
PR00496A	LGx	19	15	hap2
PR00496A	LGx	20	17	hap2
PR00496A	LGx	21	18	hap2
PR00496A	LGx	22	19	hap2
PR00496A	LGx	23	21	hap2
PR00496A	LGx	24	22	hap2
PR00496A	LGx	25	23	hap2
PR00496A	LGx	26	25	hap2
PR00496A	LGx	27	26	hap2
PR00496A	LGx	28	27	hap2
PR00496A	LGx	29	29	hap2
PR00496A	LGx	30	30	hap2
PR00496A	LGx	31	32	hap2
PR00496A	LGx	32	33	hap2
PR00496A	LGx	33	35	hap2
PR00496A	LGx	34	37	hap2
PR00496A	LGx	35	38	hap2
PR00496A	LGx	36	40	hap2
PR00496A	LGx	37	42	hap2
PR00496A	LGx	38	44	hap2
PR00496A	LGx	39	46	hap2
PR00496A	LGx	40	48	hap2
PR00496A	LGx	41	50	hap2
PR00496A	LGx	42	52	hap2
PR00496A	LGx	43	54	hap2
PR00496A	LGx	44	56	hap2
PR00496A	LGx	45	58	hap2
PR00496A	LGx	46	60	hap2
PR00496A	LGx	47	63	hap2
PR00496A	LGx	48	65	hap2
PR00496A	LGx	49	67	hap2
PR00496A	LGx	50	70	hap2
PR00496A	LGx	51	72	hap2
PR00496A	LGx	52	75	hap2
PR00496A	LGx	53	77	hap2
PR00496A	LGx	54	80	hap2
PR00496A	LGx	55	82	hap2
PR00496A	LGx	56	85	hap2
PR00496A	LGx	57	87	hap2
PR00496A	LGx	58	90	hap2
PR00496A	LGx	59	93	hap2
PR00496A	LGx	60	96	hap2
PR00496A	LGx	61	99	hap2
PR00496A	LGx	62	102	hap2
PR00496A	LGx	63	105	hap2
PR00496A	LGx	64	109	hap2
PR00496A	LGx	65	112	hap2
PR00496A	LGx	66	115	hap2
PR00496A	LGx	67	119	hap2
PR00496A	LGx	68	123	hap2
PR00496A	LGx	69	126	hap2
PR00496A	LGx	70	130	hap2
PR00496A	LGx	71	134	hap2
PR00496A	LGx	72	138	hap2
PR00496A	LGx	73	142	hap2
PR00496A	LGx	74	147	hap2
PR00496A	LGx	75	151	hap2
PR00496A	LGx	76	156	hap2
PR00496A	LGx	77	160	hap2
PR00496A	LGx	78	165	hap2
PR00496A	LGx	79	171	hap2
PR00496A	LGx	80	176	hap2
PR00496A	LGx	81	181	hap2
PR00496A	LGx	82	187	hap2
PR00496A	LGx	83	193	hap2
PR00496A	LGx	84	199	hap2
PR00496A	LGx	85	206	hap2
PR00496A	LGx	86	212	hap2
PR00496A	LGx	87	220	hap2
PR00496A	LGx	88	227	hap2
PR00496A	LGx	89	235	hap2
PR00496A	LGx	90	243	hap2
PR00496A	LGx	91	252	hap2
PR00496A	LGx	92	261	hap2
PR00496A	LGx	93	271	hap2
PR00496A	LGx	94	282	hap2
PR00496A	LGx	95	293	hap2
PR00496A	LGx	96	305	hap2
PR00496A	LGx	97	318	hap2
PR00496A	LGx	98	332	hap2
PR00496A	LGx	99	348	hap2
PR00496A	LGx	100	367	hap2
PR00496A	auN	3360986110	305.93817	primary
PR00496A	auNG	3018593705	340.64005	primary
PR00496A	Nx	1	93620666	primary
PR00496A	Nx	2	93620666	primary
PR00496A	Nx	3	92179349	primary
PR00496A	Nx	4	92179349	primary
PR00496A	Nx	5	92179349	primary
PR00496A	Nx	6	63199223	primary
PR00496A	Nx	7	63199223	primary
PR00496A	Nx	8	61092058	primary
PR00496A	Nx	9	61092058	primary
PR00496A	Nx	10	57544842	primary
PR00496A	Nx	11	57028491	primary
PR00496A	Nx	12	57028491	primary
PR00496A	Nx	13	56905977	primary
PR00496A	Nx	14	56905977	primary
PR00496A	Nx	15	53131556	primary
PR00496A	Nx	16	50273859	primary
PR00496A	Nx	17	50273859	primary
PR00496A	Nx	18	49090839	primary
PR00496A	Nx	19	48889556	primary
PR00496A	Nx	20	48889556	primary
PR00496A	Nx	21	48641416	primary
PR00496A	Nx	22	46834763	primary
PR00496A	Nx	23	46834763	primary
PR00496A	Nx	24	44352005	primary
PR00496A	Nx	25	42656777	primary
PR00496A	Nx	26	40957858	primary
PR00496A	Nx	27	39828199	primary
PR00496A	Nx	28	39828199	primary
PR00496A	Nx	29	38443038	primary
PR00496A	Nx	30	37615265	primary
PR00496A	Nx	31	37540291	primary
PR00496A	Nx	32	37070232	primary
PR00496A	Nx	33	36843397	primary
PR00496A	Nx	34	36315821	primary
PR00496A	Nx	35	35410678	primary
PR00496A	Nx	36	35323889	primary
PR00496A	Nx	37	35132013	primary
PR00496A	Nx	38	33958291	primary
PR00496A	Nx	39	33404581	primary
PR00496A	Nx	40	33273539	primary
PR00496A	Nx	41	33008474	primary
PR00496A	Nx	42	32453888	primary
PR00496A	Nx	43	31661358	primary
PR00496A	Nx	44	30681551	primary
PR00496A	Nx	45	29841182	primary
PR00496A	Nx	46	28948172	primary
PR00496A	Nx	47	28941394	primary
PR00496A	Nx	48	28604754	primary
PR00496A	Nx	49	27120733	primary
PR00496A	Nx	50	25887457	primary
PR00496A	Nx	51	25602034	primary
PR00496A	Nx	52	25473777	primary
PR00496A	Nx	53	25161068	primary
PR00496A	Nx	54	24499436	primary
PR00496A	Nx	55	23737939	primary
PR00496A	Nx	56	23252928	primary
PR00496A	Nx	57	23065700	primary
PR00496A	Nx	58	21446359	primary
PR00496A	Nx	59	21443101	primary
PR00496A	Nx	60	20782741	primary
PR00496A	Nx	61	20559911	primary
PR00496A	Nx	62	20476518	primary
PR00496A	Nx	63	19906950	primary
PR00496A	Nx	64	19155881	primary
PR00496A	Nx	65	18380809	primary
PR00496A	Nx	66	18292377	primary
PR00496A	Nx	67	17745463	primary
PR00496A	Nx	68	15919822	primary
PR00496A	Nx	69	15118206	primary
PR00496A	Nx	70	14124490	primary
PR00496A	Nx	71	13348549	primary
PR00496A	Nx	72	12943627	primary
PR00496A	Nx	73	12571994	primary
PR00496A	Nx	74	12377531	primary
PR00496A	Nx	75	11636097	primary
PR00496A	Nx	76	11226410	primary
PR00496A	Nx	77	10899479	primary
PR00496A	Nx	78	10592147	primary
PR00496A	Nx	79	9913866	primary
PR00496A	Nx	80	9407868	primary
PR00496A	Nx	81	8641122	primary
PR00496A	Nx	82	8098342	primary
PR00496A	Nx	83	7522252	primary
PR00496A	Nx	84	7062151	primary
PR00496A	Nx	85	6533686	primary
PR00496A	Nx	86	5850701	primary
PR00496A	Nx	87	5351131	primary
PR00496A	Nx	88	5029254	primary
PR00496A	Nx	89	4717240	primary
PR00496A	Nx	90	4210994	primary
PR00496A	Nx	91	3882680	primary
PR00496A	Nx	92	3553520	primary
PR00496A	Nx	93	3137457	primary
PR00496A	Nx	94	2774682	primary
PR00496A	Nx	95	2520952	primary
PR00496A	Nx	96	2167389	primary
PR00496A	Nx	97	1619816	primary
PR00496A	Nx	98	1210823	primary
PR00496A	Nx	99	653946	primary
PR00496A	Nx	100	18681	primary
PR00496A	Lx	1	93620666	primary
PR00496A	Lx	2	93620666	primary
PR00496A	Lx	3	92179349	primary
PR00496A	Lx	4	92179349	primary
PR00496A	Lx	5	92179349	primary
PR00496A	Lx	6	63199223	primary
PR00496A	Lx	7	63199223	primary
PR00496A	Lx	8	61092058	primary
PR00496A	Lx	9	61092058	primary
PR00496A	Lx	10	57544842	primary
PR00496A	Lx	11	57028491	primary
PR00496A	Lx	12	57028491	primary
PR00496A	Lx	13	56905977	primary
PR00496A	Lx	14	56905977	primary
PR00496A	Lx	15	53131556	primary
PR00496A	Lx	16	50273859	primary
PR00496A	Lx	17	50273859	primary
PR00496A	Lx	18	49090839	primary
PR00496A	Lx	19	48889556	primary
PR00496A	Lx	20	48889556	primary
PR00496A	Lx	21	48641416	primary
PR00496A	Lx	22	46834763	primary
PR00496A	Lx	23	46834763	primary
PR00496A	Lx	24	44352005	primary
PR00496A	Lx	25	42656777	primary
PR00496A	Lx	26	40957858	primary
PR00496A	Lx	27	39828199	primary
PR00496A	Lx	28	39828199	primary
PR00496A	Lx	29	38443038	primary
PR00496A	Lx	30	37615265	primary
PR00496A	Lx	31	37540291	primary
PR00496A	Lx	32	37070232	primary
PR00496A	Lx	33	36843397	primary
PR00496A	Lx	34	36315821	primary
PR00496A	Lx	35	35410678	primary
PR00496A	Lx	36	35323889	primary
PR00496A	Lx	37	35132013	primary
PR00496A	Lx	38	33958291	primary
PR00496A	Lx	39	33404581	primary
PR00496A	Lx	40	33273539	primary
PR00496A	Lx	41	33008474	primary
PR00496A	Lx	42	32453888	primary
PR00496A	Lx	43	31661358	primary
PR00496A	Lx	44	30681551	primary
PR00496A	Lx	45	29841182	primary
PR00496A	Lx	46	28948172	primary
PR00496A	Lx	47	28941394	primary
PR00496A	Lx	48	28604754	primary
PR00496A	Lx	49	27120733	primary
PR00496A	Lx	50	25887457	primary
PR00496A	Lx	51	25602034	primary
PR00496A	Lx	52	25473777	primary
PR00496A	Lx	53	25161068	primary
PR00496A	Lx	54	24499436	primary
PR00496A	Lx	55	23737939	primary
PR00496A	Lx	56	23252928	primary
PR00496A	Lx	57	23065700	primary
PR00496A	Lx	58	21446359	primary
PR00496A	Lx	59	21443101	primary
PR00496A	Lx	60	20782741	primary
PR00496A	Lx	61	20559911	primary
PR00496A	Lx	62	20476518	primary
PR00496A	Lx	63	19906950	primary
PR00496A	Lx	64	19155881	primary
PR00496A	Lx	65	18380809	primary
PR00496A	Lx	66	18292377	primary
PR00496A	Lx	67	17745463	primary
PR00496A	Lx	68	15919822	primary
PR00496A	Lx	69	15118206	primary
PR00496A	Lx	70	14124490	primary
PR00496A	Lx	71	13348549	primary
PR00496A	Lx	72	12943627	primary
PR00496A	Lx	73	12571994	primary
PR00496A	Lx	74	12377531	primary
PR00496A	Lx	75	11636097	primary
PR00496A	Lx	76	11226410	primary
PR00496A	Lx	77	10899479	primary
PR00496A	Lx	78	10592147	primary
PR00496A	Lx	79	9913866	primary
PR00496A	Lx	80	9407868	primary
PR00496A	Lx	81	8641122	primary
PR00496A	Lx	82	8098342	primary
PR00496A	Lx	83	7522252	primary
PR00496A	Lx	84	7062151	primary
PR00496A	Lx	85	6533686	primary
PR00496A	Lx	86	5850701	primary
PR00496A	Lx	87	5351131	primary
PR00496A	Lx	88	5029254	primary
PR00496A	Lx	89	4717240	primary
PR00496A	Lx	90	4210994	primary
PR00496A	Lx	91	3882680	primary
PR00496A	Lx	92	3553520	primary
PR00496A	Lx	93	3137457	primary
PR00496A	Lx	94	2774682	primary
PR00496A	Lx	95	2520952	primary
PR00496A	Lx	96	2167389	primary
PR00496A	Lx	97	1619816	primary
PR00496A	Lx	98	1210823	primary
PR00496A	Lx	99	653946	primary
PR00496A	Lx	100	18681	primary
PR00496A	NGx	1	93620666	primary
PR00496A	NGx	2	93620666	primary
PR00496A	NGx	3	93620666	primary
PR00496A	NGx	4	92179349	primary
PR00496A	NGx	5	92179349	primary
PR00496A	NGx	6	92179349	primary
PR00496A	NGx	7	63199223	primary
PR00496A	NGx	8	63199223	primary
PR00496A	NGx	9	61092058	primary
PR00496A	NGx	10	61092058	primary
PR00496A	NGx	11	57544842	primary
PR00496A	NGx	12	57544842	primary
PR00496A	NGx	13	57028491	primary
PR00496A	NGx	14	57028491	primary
PR00496A	NGx	15	56905977	primary
PR00496A	NGx	16	53131556	primary
PR00496A	NGx	17	53131556	primary
PR00496A	NGx	18	50273859	primary
PR00496A	NGx	19	50273859	primary
PR00496A	NGx	20	49090839	primary
PR00496A	NGx	21	49090839	primary
PR00496A	NGx	22	48889556	primary
PR00496A	NGx	23	48641416	primary
PR00496A	NGx	24	48641416	primary
PR00496A	NGx	25	46834763	primary
PR00496A	NGx	26	44352005	primary
PR00496A	NGx	27	44352005	primary
PR00496A	NGx	28	42656777	primary
PR00496A	NGx	29	40957858	primary
PR00496A	NGx	30	40957858	primary
PR00496A	NGx	31	39828199	primary
PR00496A	NGx	32	38443038	primary
PR00496A	NGx	33	37615265	primary
PR00496A	NGx	34	37540291	primary
PR00496A	NGx	35	37540291	primary
PR00496A	NGx	36	37070232	primary
PR00496A	NGx	37	36843397	primary
PR00496A	NGx	38	36315821	primary
PR00496A	NGx	39	35410678	primary
PR00496A	NGx	40	35323889	primary
PR00496A	NGx	41	35323889	primary
PR00496A	NGx	42	35132013	primary
PR00496A	NGx	43	33958291	primary
PR00496A	NGx	44	33404581	primary
PR00496A	NGx	45	33273539	primary
PR00496A	NGx	46	33008474	primary
PR00496A	NGx	47	32453888	primary
PR00496A	NGx	48	31661358	primary
PR00496A	NGx	49	30681551	primary
PR00496A	NGx	50	29841182	primary
PR00496A	NGx	51	28948172	primary
PR00496A	NGx	52	28941394	primary
PR00496A	NGx	53	28604754	primary
PR00496A	NGx	54	27120733	primary
PR00496A	NGx	55	26577524	primary
PR00496A	NGx	56	25887457	primary
PR00496A	NGx	57	25602034	primary
PR00496A	NGx	58	25473777	primary
PR00496A	NGx	59	25161068	primary
PR00496A	NGx	60	24499436	primary
PR00496A	NGx	61	23737939	primary
PR00496A	NGx	62	23582699	primary
PR00496A	NGx	63	23065700	primary
PR00496A	NGx	64	21936060	primary
PR00496A	NGx	65	21446359	primary
PR00496A	NGx	66	20950456	primary
PR00496A	NGx	67	20782741	primary
PR00496A	NGx	68	20559911	primary
PR00496A	NGx	69	20476518	primary
PR00496A	NGx	70	19906950	primary
PR00496A	NGx	71	19502830	primary
PR00496A	NGx	72	18380809	primary
PR00496A	NGx	73	18292377	primary
PR00496A	NGx	74	17746870	primary
PR00496A	NGx	75	16578266	primary
PR00496A	NGx	76	15363180	primary
PR00496A	NGx	77	14946038	primary
PR00496A	NGx	78	14124490	primary
PR00496A	NGx	79	13348549	primary
PR00496A	NGx	80	12953453	primary
PR00496A	NGx	81	12571994	primary
PR00496A	NGx	82	12400829	primary
PR00496A	NGx	83	12009347	primary
PR00496A	NGx	84	11359245	primary
PR00496A	NGx	85	11148764	primary
PR00496A	NGx	86	10832433	primary
PR00496A	NGx	87	10592147	primary
PR00496A	NGx	88	9913866	primary
PR00496A	NGx	89	9499131	primary
PR00496A	NGx	90	8641122	primary
PR00496A	NGx	91	8280391	primary
PR00496A	NGx	92	7751839	primary
PR00496A	NGx	93	7462385	primary
PR00496A	NGx	94	7012482	primary
PR00496A	NGx	95	6239579	primary
PR00496A	NGx	96	5750560	primary
PR00496A	NGx	97	5351131	primary
PR00496A	NGx	98	5029254	primary
PR00496A	NGx	99	4768945	primary
PR00496A	NGx	100	4220993	primary
PR00496A	LGx	1	1	primary
PR00496A	LGx	2	1	primary
PR00496A	LGx	3	1	primary
PR00496A	LGx	4	2	primary
PR00496A	LGx	5	2	primary
PR00496A	LGx	6	2	primary
PR00496A	LGx	7	3	primary
PR00496A	LGx	8	3	primary
PR00496A	LGx	9	4	primary
PR00496A	LGx	10	4	primary
PR00496A	LGx	11	5	primary
PR00496A	LGx	12	5	primary
PR00496A	LGx	13	6	primary
PR00496A	LGx	14	6	primary
PR00496A	LGx	15	7	primary
PR00496A	LGx	16	8	primary
PR00496A	LGx	17	8	primary
PR00496A	LGx	18	9	primary
PR00496A	LGx	19	9	primary
PR00496A	LGx	20	10	primary
PR00496A	LGx	21	10	primary
PR00496A	LGx	22	11	primary
PR00496A	LGx	23	12	primary
PR00496A	LGx	24	12	primary
PR00496A	LGx	25	13	primary
PR00496A	LGx	26	14	primary
PR00496A	LGx	27	14	primary
PR00496A	LGx	28	15	primary
PR00496A	LGx	29	16	primary
PR00496A	LGx	30	16	primary
PR00496A	LGx	31	17	primary
PR00496A	LGx	32	18	primary
PR00496A	LGx	33	19	primary
PR00496A	LGx	34	20	primary
PR00496A	LGx	35	20	primary
PR00496A	LGx	36	21	primary
PR00496A	LGx	37	22	primary
PR00496A	LGx	38	23	primary
PR00496A	LGx	39	24	primary
PR00496A	LGx	40	25	primary
PR00496A	LGx	41	25	primary
PR00496A	LGx	42	26	primary
PR00496A	LGx	43	27	primary
PR00496A	LGx	44	28	primary
PR00496A	LGx	45	29	primary
PR00496A	LGx	46	30	primary
PR00496A	LGx	47	31	primary
PR00496A	LGx	48	32	primary
PR00496A	LGx	49	33	primary
PR00496A	LGx	50	34	primary
PR00496A	LGx	51	35	primary
PR00496A	LGx	52	36	primary
PR00496A	LGx	53	37	primary
PR00496A	LGx	54	38	primary
PR00496A	LGx	55	39	primary
PR00496A	LGx	56	40	primary
PR00496A	LGx	57	41	primary
PR00496A	LGx	58	42	primary
PR00496A	LGx	59	44	primary
PR00496A	LGx	60	45	primary
PR00496A	LGx	61	46	primary
PR00496A	LGx	62	47	primary
PR00496A	LGx	63	49	primary
PR00496A	LGx	64	50	primary
PR00496A	LGx	65	51	primary
PR00496A	LGx	66	53	primary
PR00496A	LGx	67	54	primary
PR00496A	LGx	68	56	primary
PR00496A	LGx	69	57	primary
PR00496A	LGx	70	59	primary
PR00496A	LGx	71	60	primary
PR00496A	LGx	72	62	primary
PR00496A	LGx	73	64	primary
PR00496A	LGx	74	65	primary
PR00496A	LGx	75	67	primary
PR00496A	LGx	76	69	primary
PR00496A	LGx	77	71	primary
PR00496A	LGx	78	73	primary
PR00496A	LGx	79	75	primary
PR00496A	LGx	80	77	primary
PR00496A	LGx	81	80	primary
PR00496A	LGx	82	82	primary
PR00496A	LGx	83	85	primary
PR00496A	LGx	84	87	primary
PR00496A	LGx	85	90	primary
PR00496A	LGx	86	93	primary
PR00496A	LGx	87	95	primary
PR00496A	LGx	88	98	primary
PR00496A	LGx	89	101	primary
PR00496A	LGx	90	105	primary
PR00496A	LGx	91	108	primary
PR00496A	LGx	92	112	primary
PR00496A	LGx	93	116	primary
PR00496A	LGx	94	120	primary
PR00496A	LGx	95	125	primary
PR00496A	LGx	96	130	primary
PR00496A	LGx	97	135	primary
PR00496A	LGx	98	141	primary
PR00496A	LGx	99	147	primary
PR00496A	LGx	100	154	primary
PR01223	auN	3110429773	435.39462	hap1
PR01223	auNG	3018593705	448.6408	hap1
PR01223	Nx	1	136068910	hap1
PR01223	Nx	2	136068910	hap1
PR01223	Nx	3	136068910	hap1
PR01223	Nx	4	136068910	hap1
PR01223	Nx	5	135699555	hap1
PR01223	Nx	6	135699555	hap1
PR01223	Nx	7	135699555	hap1
PR01223	Nx	8	135699555	hap1
PR01223	Nx	9	133925207	hap1
PR01223	Nx	10	133925207	hap1
PR01223	Nx	11	133925207	hap1
PR01223	Nx	12	133925207	hap1
PR01223	Nx	13	133925207	hap1
PR01223	Nx	14	106225241	hap1
PR01223	Nx	15	106225241	hap1
PR01223	Nx	16	106225241	hap1
PR01223	Nx	17	94102913	hap1
PR01223	Nx	18	94102913	hap1
PR01223	Nx	19	94102913	hap1
PR01223	Nx	20	89849478	hap1
PR01223	Nx	21	89849478	hap1
PR01223	Nx	22	89849478	hap1
PR01223	Nx	23	84367249	hap1
PR01223	Nx	24	84367249	hap1
PR01223	Nx	25	84367249	hap1
PR01223	Nx	26	81224847	hap1
PR01223	Nx	27	81224847	hap1
PR01223	Nx	28	79174241	hap1
PR01223	Nx	29	79174241	hap1
PR01223	Nx	30	79174241	hap1
PR01223	Nx	31	77336878	hap1
PR01223	Nx	32	77336878	hap1
PR01223	Nx	33	72144605	hap1
PR01223	Nx	34	72144605	hap1
PR01223	Nx	35	72144605	hap1
PR01223	Nx	36	67417507	hap1
PR01223	Nx	37	67417507	hap1
PR01223	Nx	38	65629315	hap1
PR01223	Nx	39	65629315	hap1
PR01223	Nx	40	65300807	hap1
PR01223	Nx	41	65300807	hap1
PR01223	Nx	42	64371993	hap1
PR01223	Nx	43	64371993	hap1
PR01223	Nx	44	63092222	hap1
PR01223	Nx	45	63092222	hap1
PR01223	Nx	46	61214084	hap1
PR01223	Nx	47	61214084	hap1
PR01223	Nx	48	56178720	hap1
PR01223	Nx	49	56178720	hap1
PR01223	Nx	50	49245477	hap1
PR01223	Nx	51	47678932	hap1
PR01223	Nx	52	47678932	hap1
PR01223	Nx	53	43730030	hap1
PR01223	Nx	54	42607007	hap1
PR01223	Nx	55	42607007	hap1
PR01223	Nx	56	35844135	hap1
PR01223	Nx	57	33839632	hap1
PR01223	Nx	58	33549557	hap1
PR01223	Nx	59	32320143	hap1
PR01223	Nx	60	29734201	hap1
PR01223	Nx	61	29260327	hap1
PR01223	Nx	62	29253098	hap1
PR01223	Nx	63	28969623	hap1
PR01223	Nx	64	25896577	hap1
PR01223	Nx	65	24279113	hap1
PR01223	Nx	66	23354780	hap1
PR01223	Nx	67	22802159	hap1
PR01223	Nx	68	21734848	hap1
PR01223	Nx	69	20829656	hap1
PR01223	Nx	70	20532052	hap1
PR01223	Nx	71	19365994	hap1
PR01223	Nx	72	18772668	hap1
PR01223	Nx	73	18447114	hap1
PR01223	Nx	74	17763424	hap1
PR01223	Nx	75	16687188	hap1
PR01223	Nx	76	16094612	hap1
PR01223	Nx	77	15722602	hap1
PR01223	Nx	78	15165638	hap1
PR01223	Nx	79	14508617	hap1
PR01223	Nx	80	13920556	hap1
PR01223	Nx	81	12279997	hap1
PR01223	Nx	82	11504854	hap1
PR01223	Nx	83	9969387	hap1
PR01223	Nx	84	9603854	hap1
PR01223	Nx	85	7889780	hap1
PR01223	Nx	86	7069845	hap1
PR01223	Nx	87	6046662	hap1
PR01223	Nx	88	5088030	hap1
PR01223	Nx	89	4454301	hap1
PR01223	Nx	90	3650627	hap1
PR01223	Nx	91	3268796	hap1
PR01223	Nx	92	2954146	hap1
PR01223	Nx	93	2536590	hap1
PR01223	Nx	94	1951042	hap1
PR01223	Nx	95	1661866	hap1
PR01223	Nx	96	1416385	hap1
PR01223	Nx	97	948287	hap1
PR01223	Nx	98	671786	hap1
PR01223	Nx	99	294912	hap1
PR01223	Nx	100	14503	hap1
PR01223	Lx	1	136068910	hap1
PR01223	Lx	2	136068910	hap1
PR01223	Lx	3	136068910	hap1
PR01223	Lx	4	136068910	hap1
PR01223	Lx	5	135699555	hap1
PR01223	Lx	6	135699555	hap1
PR01223	Lx	7	135699555	hap1
PR01223	Lx	8	135699555	hap1
PR01223	Lx	9	133925207	hap1
PR01223	Lx	10	133925207	hap1
PR01223	Lx	11	133925207	hap1
PR01223	Lx	12	133925207	hap1
PR01223	Lx	13	133925207	hap1
PR01223	Lx	14	106225241	hap1
PR01223	Lx	15	106225241	hap1
PR01223	Lx	16	106225241	hap1
PR01223	Lx	17	94102913	hap1
PR01223	Lx	18	94102913	hap1
PR01223	Lx	19	94102913	hap1
PR01223	Lx	20	89849478	hap1
PR01223	Lx	21	89849478	hap1
PR01223	Lx	22	89849478	hap1
PR01223	Lx	23	84367249	hap1
PR01223	Lx	24	84367249	hap1
PR01223	Lx	25	84367249	hap1
PR01223	Lx	26	81224847	hap1
PR01223	Lx	27	81224847	hap1
PR01223	Lx	28	79174241	hap1
PR01223	Lx	29	79174241	hap1
PR01223	Lx	30	79174241	hap1
PR01223	Lx	31	77336878	hap1
PR01223	Lx	32	77336878	hap1
PR01223	Lx	33	72144605	hap1
PR01223	Lx	34	72144605	hap1
PR01223	Lx	35	72144605	hap1
PR01223	Lx	36	67417507	hap1
PR01223	Lx	37	67417507	hap1
PR01223	Lx	38	65629315	hap1
PR01223	Lx	39	65629315	hap1
PR01223	Lx	40	65300807	hap1
PR01223	Lx	41	65300807	hap1
PR01223	Lx	42	64371993	hap1
PR01223	Lx	43	64371993	hap1
PR01223	Lx	44	63092222	hap1
PR01223	Lx	45	63092222	hap1
PR01223	Lx	46	61214084	hap1
PR01223	Lx	47	61214084	hap1
PR01223	Lx	48	56178720	hap1
PR01223	Lx	49	56178720	hap1
PR01223	Lx	50	49245477	hap1
PR01223	Lx	51	47678932	hap1
PR01223	Lx	52	47678932	hap1
PR01223	Lx	53	43730030	hap1
PR01223	Lx	54	42607007	hap1
PR01223	Lx	55	42607007	hap1
PR01223	Lx	56	35844135	hap1
PR01223	Lx	57	33839632	hap1
PR01223	Lx	58	33549557	hap1
PR01223	Lx	59	32320143	hap1
PR01223	Lx	60	29734201	hap1
PR01223	Lx	61	29260327	hap1
PR01223	Lx	62	29253098	hap1
PR01223	Lx	63	28969623	hap1
PR01223	Lx	64	25896577	hap1
PR01223	Lx	65	24279113	hap1
PR01223	Lx	66	23354780	hap1
PR01223	Lx	67	22802159	hap1
PR01223	Lx	68	21734848	hap1
PR01223	Lx	69	20829656	hap1
PR01223	Lx	70	20532052	hap1
PR01223	Lx	71	19365994	hap1
PR01223	Lx	72	18772668	hap1
PR01223	Lx	73	18447114	hap1
PR01223	Lx	74	17763424	hap1
PR01223	Lx	75	16687188	hap1
PR01223	Lx	76	16094612	hap1
PR01223	Lx	77	15722602	hap1
PR01223	Lx	78	15165638	hap1
PR01223	Lx	79	14508617	hap1
PR01223	Lx	80	13920556	hap1
PR01223	Lx	81	12279997	hap1
PR01223	Lx	82	11504854	hap1
PR01223	Lx	83	9969387	hap1
PR01223	Lx	84	9603854	hap1
PR01223	Lx	85	7889780	hap1
PR01223	Lx	86	7069845	hap1
PR01223	Lx	87	6046662	hap1
PR01223	Lx	88	5088030	hap1
PR01223	Lx	89	4454301	hap1
PR01223	Lx	90	3650627	hap1
PR01223	Lx	91	3268796	hap1
PR01223	Lx	92	2954146	hap1
PR01223	Lx	93	2536590	hap1
PR01223	Lx	94	1951042	hap1
PR01223	Lx	95	1661866	hap1
PR01223	Lx	96	1416385	hap1
PR01223	Lx	97	948287	hap1
PR01223	Lx	98	671786	hap1
PR01223	Lx	99	294912	hap1
PR01223	Lx	100	14503	hap1
PR01223	NGx	1	136068910	hap1
PR01223	NGx	2	136068910	hap1
PR01223	NGx	3	136068910	hap1
PR01223	NGx	4	136068910	hap1
PR01223	NGx	5	135699555	hap1
PR01223	NGx	6	135699555	hap1
PR01223	NGx	7	135699555	hap1
PR01223	NGx	8	135699555	hap1
PR01223	NGx	9	135699555	hap1
PR01223	NGx	10	133925207	hap1
PR01223	NGx	11	133925207	hap1
PR01223	NGx	12	133925207	hap1
PR01223	NGx	13	133925207	hap1
PR01223	NGx	14	106225241	hap1
PR01223	NGx	15	106225241	hap1
PR01223	NGx	16	106225241	hap1
PR01223	NGx	17	94102913	hap1
PR01223	NGx	18	94102913	hap1
PR01223	NGx	19	94102913	hap1
PR01223	NGx	20	94102913	hap1
PR01223	NGx	21	89849478	hap1
PR01223	NGx	22	89849478	hap1
PR01223	NGx	23	89849478	hap1
PR01223	NGx	24	84367249	hap1
PR01223	NGx	25	84367249	hap1
PR01223	NGx	26	81224847	hap1
PR01223	NGx	27	81224847	hap1
PR01223	NGx	28	81224847	hap1
PR01223	NGx	29	79174241	hap1
PR01223	NGx	30	79174241	hap1
PR01223	NGx	31	79174241	hap1
PR01223	NGx	32	77336878	hap1
PR01223	NGx	33	77336878	hap1
PR01223	NGx	34	72144605	hap1
PR01223	NGx	35	72144605	hap1
PR01223	NGx	36	72144605	hap1
PR01223	NGx	37	67417507	hap1
PR01223	NGx	38	67417507	hap1
PR01223	NGx	39	65629315	hap1
PR01223	NGx	40	65629315	hap1
PR01223	NGx	41	65300807	hap1
PR01223	NGx	42	65300807	hap1
PR01223	NGx	43	64371993	hap1
PR01223	NGx	44	64371993	hap1
PR01223	NGx	45	63092222	hap1
PR01223	NGx	46	63092222	hap1
PR01223	NGx	47	61214084	hap1
PR01223	NGx	48	61214084	hap1
PR01223	NGx	49	56178720	hap1
PR01223	NGx	50	56178720	hap1
PR01223	NGx	51	49245477	hap1
PR01223	NGx	52	49245477	hap1
PR01223	NGx	53	47678932	hap1
PR01223	NGx	54	47678932	hap1
PR01223	NGx	55	43730030	hap1
PR01223	NGx	56	42607007	hap1
PR01223	NGx	57	35844135	hap1
PR01223	NGx	58	35844135	hap1
PR01223	NGx	59	33839632	hap1
PR01223	NGx	60	33549557	hap1
PR01223	NGx	61	32320143	hap1
PR01223	NGx	62	29734201	hap1
PR01223	NGx	63	29260327	hap1
PR01223	NGx	64	29253098	hap1
PR01223	NGx	65	28969623	hap1
PR01223	NGx	66	25896577	hap1
PR01223	NGx	67	24279113	hap1
PR01223	NGx	68	23354780	hap1
PR01223	NGx	69	22802159	hap1
PR01223	NGx	70	21734848	hap1
PR01223	NGx	71	20829656	hap1
PR01223	NGx	72	20534834	hap1
PR01223	NGx	73	19365994	hap1
PR01223	NGx	74	18775288	hap1
PR01223	NGx	75	18447114	hap1
PR01223	NGx	76	17763424	hap1
PR01223	NGx	77	16687188	hap1
PR01223	NGx	78	16625539	hap1
PR01223	NGx	79	15771680	hap1
PR01223	NGx	80	15561697	hap1
PR01223	NGx	81	14883618	hap1
PR01223	NGx	82	14471430	hap1
PR01223	NGx	83	13102629	hap1
PR01223	NGx	84	11814658	hap1
PR01223	NGx	85	10155654	hap1
PR01223	NGx	86	9901102	hap1
PR01223	NGx	87	8127991	hap1
PR01223	NGx	88	7329945	hap1
PR01223	NGx	89	6799318	hap1
PR01223	NGx	90	5247031	hap1
PR01223	NGx	91	4689292	hap1
PR01223	NGx	92	3962432	hap1
PR01223	NGx	93	3551638	hap1
PR01223	NGx	94	3219038	hap1
PR01223	NGx	95	2860539	hap1
PR01223	NGx	96	2475357	hap1
PR01223	NGx	97	1930914	hap1
PR01223	NGx	98	1630025	hap1
PR01223	NGx	99	1398865	hap1
PR01223	NGx	100	930462	hap1
PR01223	LGx	1	1	hap1
PR01223	LGx	2	1	hap1
PR01223	LGx	3	1	hap1
PR01223	LGx	4	1	hap1
PR01223	LGx	5	2	hap1
PR01223	LGx	6	2	hap1
PR01223	LGx	7	2	hap1
PR01223	LGx	8	2	hap1
PR01223	LGx	9	2	hap1
PR01223	LGx	10	3	hap1
PR01223	LGx	11	3	hap1
PR01223	LGx	12	3	hap1
PR01223	LGx	13	3	hap1
PR01223	LGx	14	4	hap1
PR01223	LGx	15	4	hap1
PR01223	LGx	16	4	hap1
PR01223	LGx	17	5	hap1
PR01223	LGx	18	5	hap1
PR01223	LGx	19	5	hap1
PR01223	LGx	20	5	hap1
PR01223	LGx	21	6	hap1
PR01223	LGx	22	6	hap1
PR01223	LGx	23	6	hap1
PR01223	LGx	24	7	hap1
PR01223	LGx	25	7	hap1
PR01223	LGx	26	8	hap1
PR01223	LGx	27	8	hap1
PR01223	LGx	28	8	hap1
PR01223	LGx	29	9	hap1
PR01223	LGx	30	9	hap1
PR01223	LGx	31	9	hap1
PR01223	LGx	32	10	hap1
PR01223	LGx	33	10	hap1
PR01223	LGx	34	11	hap1
PR01223	LGx	35	11	hap1
PR01223	LGx	36	11	hap1
PR01223	LGx	37	12	hap1
PR01223	LGx	38	12	hap1
PR01223	LGx	39	13	hap1
PR01223	LGx	40	13	hap1
PR01223	LGx	41	14	hap1
PR01223	LGx	42	14	hap1
PR01223	LGx	43	15	hap1
PR01223	LGx	44	15	hap1
PR01223	LGx	45	16	hap1
PR01223	LGx	46	16	hap1
PR01223	LGx	47	17	hap1
PR01223	LGx	48	17	hap1
PR01223	LGx	49	18	hap1
PR01223	LGx	50	18	hap1
PR01223	LGx	51	19	hap1
PR01223	LGx	52	19	hap1
PR01223	LGx	53	20	hap1
PR01223	LGx	54	20	hap1
PR01223	LGx	55	21	hap1
PR01223	LGx	56	22	hap1
PR01223	LGx	57	23	hap1
PR01223	LGx	58	23	hap1
PR01223	LGx	59	24	hap1
PR01223	LGx	60	25	hap1
PR01223	LGx	61	26	hap1
PR01223	LGx	62	27	hap1
PR01223	LGx	63	28	hap1
PR01223	LGx	64	29	hap1
PR01223	LGx	65	30	hap1
PR01223	LGx	66	31	hap1
PR01223	LGx	67	33	hap1
PR01223	LGx	68	34	hap1
PR01223	LGx	69	35	hap1
PR01223	LGx	70	37	hap1
PR01223	LGx	71	38	hap1
PR01223	LGx	72	39	hap1
PR01223	LGx	73	41	hap1
PR01223	LGx	74	42	hap1
PR01223	LGx	75	44	hap1
PR01223	LGx	76	46	hap1
PR01223	LGx	77	48	hap1
PR01223	LGx	78	49	hap1
PR01223	LGx	79	51	hap1
PR01223	LGx	80	53	hap1
PR01223	LGx	81	55	hap1
PR01223	LGx	82	57	hap1
PR01223	LGx	83	59	hap1
PR01223	LGx	84	62	hap1
PR01223	LGx	85	65	hap1
PR01223	LGx	86	68	hap1
PR01223	LGx	87	71	hap1
PR01223	LGx	88	75	hap1
PR01223	LGx	89	79	hap1
PR01223	LGx	90	84	hap1
PR01223	LGx	91	90	hap1
PR01223	LGx	92	97	hap1
PR01223	LGx	93	105	hap1
PR01223	LGx	94	114	hap1
PR01223	LGx	95	123	hap1
PR01223	LGx	96	135	hap1
PR01223	LGx	97	149	hap1
PR01223	LGx	98	166	hap1
PR01223	LGx	99	186	hap1
PR01223	LGx	100	212	hap1
PR01223	auN	3105838096	400.20972	hap2
PR01223	auNG	3018593705	411.7767	hap2
PR01223	Nx	1	103139762	hap2
PR01223	Nx	2	103139762	hap2
PR01223	Nx	3	103139762	hap2
PR01223	Nx	4	101915135	hap2
PR01223	Nx	5	101915135	hap2
PR01223	Nx	6	101915135	hap2
PR01223	Nx	7	98817764	hap2
PR01223	Nx	8	98817764	hap2
PR01223	Nx	9	98817764	hap2
PR01223	Nx	10	76582702	hap2
PR01223	Nx	11	76582702	hap2
PR01223	Nx	12	76582702	hap2
PR01223	Nx	13	74522188	hap2
PR01223	Nx	14	74522188	hap2
PR01223	Nx	15	72869909	hap2
PR01223	Nx	16	72869909	hap2
PR01223	Nx	17	71652512	hap2
PR01223	Nx	18	71652512	hap2
PR01223	Nx	19	71652512	hap2
PR01223	Nx	20	70449617	hap2
PR01223	Nx	21	70449617	hap2
PR01223	Nx	22	69670609	hap2
PR01223	Nx	23	69670609	hap2
PR01223	Nx	24	66068955	hap2
PR01223	Nx	25	66068955	hap2
PR01223	Nx	26	60245125	hap2
PR01223	Nx	27	60245125	hap2
PR01223	Nx	28	58269111	hap2
PR01223	Nx	29	58269111	hap2
PR01223	Nx	30	56477910	hap2
PR01223	Nx	31	56477910	hap2
PR01223	Nx	32	55236418	hap2
PR01223	Nx	33	55236418	hap2
PR01223	Nx	34	50395590	hap2
PR01223	Nx	35	50214148	hap2
PR01223	Nx	36	50214148	hap2
PR01223	Nx	37	42921587	hap2
PR01223	Nx	38	42522930	hap2
PR01223	Nx	39	42522930	hap2
PR01223	Nx	40	40372982	hap2
PR01223	Nx	41	38489279	hap2
PR01223	Nx	42	38464236	hap2
PR01223	Nx	43	38464236	hap2
PR01223	Nx	44	38082811	hap2
PR01223	Nx	45	36997275	hap2
PR01223	Nx	46	36515391	hap2
PR01223	Nx	47	34118303	hap2
PR01223	Nx	48	32981347	hap2
PR01223	Nx	49	32464309	hap2
PR01223	Nx	50	32045283	hap2
PR01223	Nx	51	31647846	hap2
PR01223	Nx	52	29763233	hap2
PR01223	Nx	53	29731772	hap2
PR01223	Nx	54	28766597	hap2
PR01223	Nx	55	27254963	hap2
PR01223	Nx	56	26076047	hap2
PR01223	Nx	57	25243820	hap2
PR01223	Nx	58	25178091	hap2
PR01223	Nx	59	24456707	hap2
PR01223	Nx	60	24283332	hap2
PR01223	Nx	61	23218504	hap2
PR01223	Nx	62	23041960	hap2
PR01223	Nx	63	22064166	hap2
PR01223	Nx	64	21157732	hap2
PR01223	Nx	65	20448575	hap2
PR01223	Nx	66	20162908	hap2
PR01223	Nx	67	18608518	hap2
PR01223	Nx	68	18146695	hap2
PR01223	Nx	69	18052936	hap2
PR01223	Nx	70	17049132	hap2
PR01223	Nx	71	15746014	hap2
PR01223	Nx	72	15158576	hap2
PR01223	Nx	73	14306175	hap2
PR01223	Nx	74	14125596	hap2
PR01223	Nx	75	13457452	hap2
PR01223	Nx	76	13220923	hap2
PR01223	Nx	77	12347459	hap2
PR01223	Nx	78	11386841	hap2
PR01223	Nx	79	10629538	hap2
PR01223	Nx	80	9893316	hap2
PR01223	Nx	81	8728839	hap2
PR01223	Nx	82	7418293	hap2
PR01223	Nx	83	6904905	hap2
PR01223	Nx	84	6149467	hap2
PR01223	Nx	85	5581308	hap2
PR01223	Nx	86	5354934	hap2
PR01223	Nx	87	5014179	hap2
PR01223	Nx	88	4761530	hap2
PR01223	Nx	89	4020358	hap2
PR01223	Nx	90	3750071	hap2
PR01223	Nx	91	3140344	hap2
PR01223	Nx	92	2775772	hap2
PR01223	Nx	93	2351915	hap2
PR01223	Nx	94	2106881	hap2
PR01223	Nx	95	1654602	hap2
PR01223	Nx	96	1353792	hap2
PR01223	Nx	97	1097667	hap2
PR01223	Nx	98	753885	hap2
PR01223	Nx	99	385289	hap2
PR01223	Nx	100	11577	hap2
PR01223	Lx	1	103139762	hap2
PR01223	Lx	2	103139762	hap2
PR01223	Lx	3	103139762	hap2
PR01223	Lx	4	101915135	hap2
PR01223	Lx	5	101915135	hap2
PR01223	Lx	6	101915135	hap2
PR01223	Lx	7	98817764	hap2
PR01223	Lx	8	98817764	hap2
PR01223	Lx	9	98817764	hap2
PR01223	Lx	10	76582702	hap2
PR01223	Lx	11	76582702	hap2
PR01223	Lx	12	76582702	hap2
PR01223	Lx	13	74522188	hap2
PR01223	Lx	14	74522188	hap2
PR01223	Lx	15	72869909	hap2
PR01223	Lx	16	72869909	hap2
PR01223	Lx	17	71652512	hap2
PR01223	Lx	18	71652512	hap2
PR01223	Lx	19	71652512	hap2
PR01223	Lx	20	70449617	hap2
PR01223	Lx	21	70449617	hap2
PR01223	Lx	22	69670609	hap2
PR01223	Lx	23	69670609	hap2
PR01223	Lx	24	66068955	hap2
PR01223	Lx	25	66068955	hap2
PR01223	Lx	26	60245125	hap2
PR01223	Lx	27	60245125	hap2
PR01223	Lx	28	58269111	hap2
PR01223	Lx	29	58269111	hap2
PR01223	Lx	30	56477910	hap2
PR01223	Lx	31	56477910	hap2
PR01223	Lx	32	55236418	hap2
PR01223	Lx	33	55236418	hap2
PR01223	Lx	34	50395590	hap2
PR01223	Lx	35	50214148	hap2
PR01223	Lx	36	50214148	hap2
PR01223	Lx	37	42921587	hap2
PR01223	Lx	38	42522930	hap2
PR01223	Lx	39	42522930	hap2
PR01223	Lx	40	40372982	hap2
PR01223	Lx	41	38489279	hap2
PR01223	Lx	42	38464236	hap2
PR01223	Lx	43	38464236	hap2
PR01223	Lx	44	38082811	hap2
PR01223	Lx	45	36997275	hap2
PR01223	Lx	46	36515391	hap2
PR01223	Lx	47	34118303	hap2
PR01223	Lx	48	32981347	hap2
PR01223	Lx	49	32464309	hap2
PR01223	Lx	50	32045283	hap2
PR01223	Lx	51	31647846	hap2
PR01223	Lx	52	29763233	hap2
PR01223	Lx	53	29731772	hap2
PR01223	Lx	54	28766597	hap2
PR01223	Lx	55	27254963	hap2
PR01223	Lx	56	26076047	hap2
PR01223	Lx	57	25243820	hap2
PR01223	Lx	58	25178091	hap2
PR01223	Lx	59	24456707	hap2
PR01223	Lx	60	24283332	hap2
PR01223	Lx	61	23218504	hap2
PR01223	Lx	62	23041960	hap2
PR01223	Lx	63	22064166	hap2
PR01223	Lx	64	21157732	hap2
PR01223	Lx	65	20448575	hap2
PR01223	Lx	66	20162908	hap2
PR01223	Lx	67	18608518	hap2
PR01223	Lx	68	18146695	hap2
PR01223	Lx	69	18052936	hap2
PR01223	Lx	70	17049132	hap2
PR01223	Lx	71	15746014	hap2
PR01223	Lx	72	15158576	hap2
PR01223	Lx	73	14306175	hap2
PR01223	Lx	74	14125596	hap2
PR01223	Lx	75	13457452	hap2
PR01223	Lx	76	13220923	hap2
PR01223	Lx	77	12347459	hap2
PR01223	Lx	78	11386841	hap2
PR01223	Lx	79	10629538	hap2
PR01223	Lx	80	9893316	hap2
PR01223	Lx	81	8728839	hap2
PR01223	Lx	82	7418293	hap2
PR01223	Lx	83	6904905	hap2
PR01223	Lx	84	6149467	hap2
PR01223	Lx	85	5581308	hap2
PR01223	Lx	86	5354934	hap2
PR01223	Lx	87	5014179	hap2
PR01223	Lx	88	4761530	hap2
PR01223	Lx	89	4020358	hap2
PR01223	Lx	90	3750071	hap2
PR01223	Lx	91	3140344	hap2
PR01223	Lx	92	2775772	hap2
PR01223	Lx	93	2351915	hap2
PR01223	Lx	94	2106881	hap2
PR01223	Lx	95	1654602	hap2
PR01223	Lx	96	1353792	hap2
PR01223	Lx	97	1097667	hap2
PR01223	Lx	98	753885	hap2
PR01223	Lx	99	385289	hap2
PR01223	Lx	100	11577	hap2
PR01223	NGx	1	103139762	hap2
PR01223	NGx	2	103139762	hap2
PR01223	NGx	3	103139762	hap2
PR01223	NGx	4	101915135	hap2
PR01223	NGx	5	101915135	hap2
PR01223	NGx	6	101915135	hap2
PR01223	NGx	7	98817764	hap2
PR01223	NGx	8	98817764	hap2
PR01223	NGx	9	98817764	hap2
PR01223	NGx	10	98817764	hap2
PR01223	NGx	11	76582702	hap2
PR01223	NGx	12	76582702	hap2
PR01223	NGx	13	74522188	hap2
PR01223	NGx	14	74522188	hap2
PR01223	NGx	15	74522188	hap2
PR01223	NGx	16	72869909	hap2
PR01223	NGx	17	72869909	hap2
PR01223	NGx	18	71652512	hap2
PR01223	NGx	19	71652512	hap2
PR01223	NGx	20	70449617	hap2
PR01223	NGx	21	70449617	hap2
PR01223	NGx	22	70449617	hap2
PR01223	NGx	23	69670609	hap2
PR01223	NGx	24	69670609	hap2
PR01223	NGx	25	66068955	hap2
PR01223	NGx	26	66068955	hap2
PR01223	NGx	27	60245125	hap2
PR01223	NGx	28	60245125	hap2
PR01223	NGx	29	58269111	hap2
PR01223	NGx	30	58269111	hap2
PR01223	NGx	31	56477910	hap2
PR01223	NGx	32	56477910	hap2
PR01223	NGx	33	55236418	hap2
PR01223	NGx	34	55236418	hap2
PR01223	NGx	35	50395590	hap2
PR01223	NGx	36	50214148	hap2
PR01223	NGx	37	50214148	hap2
PR01223	NGx	38	42921587	hap2
PR01223	NGx	39	42921587	hap2
PR01223	NGx	40	42522930	hap2
PR01223	NGx	41	40372982	hap2
PR01223	NGx	42	38489279	hap2
PR01223	NGx	43	38489279	hap2
PR01223	NGx	44	38464236	hap2
PR01223	NGx	45	38082811	hap2
PR01223	NGx	46	36997275	hap2
PR01223	NGx	47	36515391	hap2
PR01223	NGx	48	36515391	hap2
PR01223	NGx	49	34118303	hap2
PR01223	NGx	50	32981347	hap2
PR01223	NGx	51	32464309	hap2
PR01223	NGx	52	32045283	hap2
PR01223	NGx	53	31647846	hap2
PR01223	NGx	54	29763233	hap2
PR01223	NGx	55	29731772	hap2
PR01223	NGx	56	28766597	hap2
PR01223	NGx	57	27254963	hap2
PR01223	NGx	58	26076047	hap2
PR01223	NGx	59	25243820	hap2
PR01223	NGx	60	24492152	hap2
PR01223	NGx	61	24456707	hap2
PR01223	NGx	62	24283332	hap2
PR01223	NGx	63	23218504	hap2
PR01223	NGx	64	22738521	hap2
PR01223	NGx	65	22064166	hap2
PR01223	NGx	66	20687382	hap2
PR01223	NGx	67	20448575	hap2
PR01223	NGx	68	20162908	hap2
PR01223	NGx	69	18608518	hap2
PR01223	NGx	70	18146695	hap2
PR01223	NGx	71	18052936	hap2
PR01223	NGx	72	17049132	hap2
PR01223	NGx	73	15746014	hap2
PR01223	NGx	74	15158576	hap2
PR01223	NGx	75	14306175	hap2
PR01223	NGx	76	14125596	hap2
PR01223	NGx	77	13495744	hap2
PR01223	NGx	78	13283447	hap2
PR01223	NGx	79	12347459	hap2
PR01223	NGx	80	11594924	hap2
PR01223	NGx	81	10772707	hap2
PR01223	NGx	82	10139343	hap2
PR01223	NGx	83	8887554	hap2
PR01223	NGx	84	7889780	hap2
PR01223	NGx	85	7093275	hap2
PR01223	NGx	86	6576451	hap2
PR01223	NGx	87	5813243	hap2
PR01223	NGx	88	5566944	hap2
PR01223	NGx	89	5256242	hap2
PR01223	NGx	90	4858068	hap2
PR01223	NGx	91	4455713	hap2
PR01223	NGx	92	3936327	hap2
PR01223	NGx	93	3353274	hap2
PR01223	NGx	94	2947790	hap2
PR01223	NGx	95	2648973	hap2
PR01223	NGx	96	2259415	hap2
PR01223	NGx	97	1966177	hap2
PR01223	NGx	98	1611130	hap2
PR01223	NGx	99	1320671	hap2
PR01223	NGx	100	1047046	hap2
PR01223	LGx	1	1	hap2
PR01223	LGx	2	1	hap2
PR01223	LGx	3	1	hap2
PR01223	LGx	4	2	hap2
PR01223	LGx	5	2	hap2
PR01223	LGx	6	2	hap2
PR01223	LGx	7	3	hap2
PR01223	LGx	8	3	hap2
PR01223	LGx	9	3	hap2
PR01223	LGx	10	3	hap2
PR01223	LGx	11	4	hap2
PR01223	LGx	12	4	hap2
PR01223	LGx	13	5	hap2
PR01223	LGx	14	5	hap2
PR01223	LGx	15	5	hap2
PR01223	LGx	16	6	hap2
PR01223	LGx	17	6	hap2
PR01223	LGx	18	7	hap2
PR01223	LGx	19	7	hap2
PR01223	LGx	20	8	hap2
PR01223	LGx	21	8	hap2
PR01223	LGx	22	8	hap2
PR01223	LGx	23	9	hap2
PR01223	LGx	24	9	hap2
PR01223	LGx	25	10	hap2
PR01223	LGx	26	10	hap2
PR01223	LGx	27	11	hap2
PR01223	LGx	28	11	hap2
PR01223	LGx	29	12	hap2
PR01223	LGx	30	12	hap2
PR01223	LGx	31	13	hap2
PR01223	LGx	32	13	hap2
PR01223	LGx	33	14	hap2
PR01223	LGx	34	14	hap2
PR01223	LGx	35	15	hap2
PR01223	LGx	36	16	hap2
PR01223	LGx	37	16	hap2
PR01223	LGx	38	17	hap2
PR01223	LGx	39	17	hap2
PR01223	LGx	40	18	hap2
PR01223	LGx	41	19	hap2
PR01223	LGx	42	20	hap2
PR01223	LGx	43	20	hap2
PR01223	LGx	44	21	hap2
PR01223	LGx	45	22	hap2
PR01223	LGx	46	23	hap2
PR01223	LGx	47	24	hap2
PR01223	LGx	48	24	hap2
PR01223	LGx	49	25	hap2
PR01223	LGx	50	26	hap2
PR01223	LGx	51	27	hap2
PR01223	LGx	52	28	hap2
PR01223	LGx	53	29	hap2
PR01223	LGx	54	30	hap2
PR01223	LGx	55	31	hap2
PR01223	LGx	56	32	hap2
PR01223	LGx	57	33	hap2
PR01223	LGx	58	34	hap2
PR01223	LGx	59	35	hap2
PR01223	LGx	60	37	hap2
PR01223	LGx	61	38	hap2
PR01223	LGx	62	39	hap2
PR01223	LGx	63	40	hap2
PR01223	LGx	64	42	hap2
PR01223	LGx	65	43	hap2
PR01223	LGx	66	45	hap2
PR01223	LGx	67	46	hap2
PR01223	LGx	68	47	hap2
PR01223	LGx	69	49	hap2
PR01223	LGx	70	51	hap2
PR01223	LGx	71	52	hap2
PR01223	LGx	72	54	hap2
PR01223	LGx	73	56	hap2
PR01223	LGx	74	58	hap2
PR01223	LGx	75	60	hap2
PR01223	LGx	76	62	hap2
PR01223	LGx	77	64	hap2
PR01223	LGx	78	66	hap2
PR01223	LGx	79	69	hap2
PR01223	LGx	80	71	hap2
PR01223	LGx	81	74	hap2
PR01223	LGx	82	77	hap2
PR01223	LGx	83	80	hap2
PR01223	LGx	84	84	hap2
PR01223	LGx	85	88	hap2
PR01223	LGx	86	92	hap2
PR01223	LGx	87	97	hap2
PR01223	LGx	88	102	hap2
PR01223	LGx	89	108	hap2
PR01223	LGx	90	114	hap2
PR01223	LGx	91	120	hap2
PR01223	LGx	92	128	hap2
PR01223	LGx	93	136	hap2
PR01223	LGx	94	145	hap2
PR01223	LGx	95	156	hap2
PR01223	LGx	96	169	hap2
PR01223	LGx	97	183	hap2
PR01223	LGx	98	200	hap2
PR01223	LGx	99	221	hap2
PR01223	LGx	100	246	hap2
PR01223	auN	3277096605	197.27174	primary
PR01223	auNG	3018593705	214.16547	primary
PR01223	Nx	1	166843025	primary
PR01223	Nx	2	166843025	primary
PR01223	Nx	3	166843025	primary
PR01223	Nx	4	166843025	primary
PR01223	Nx	5	166843025	primary
PR01223	Nx	6	136820495	primary
PR01223	Nx	7	136820495	primary
PR01223	Nx	8	136820495	primary
PR01223	Nx	9	136820495	primary
PR01223	Nx	10	136039413	primary
PR01223	Nx	11	136039413	primary
PR01223	Nx	12	136039413	primary
PR01223	Nx	13	136039413	primary
PR01223	Nx	14	133925207	primary
PR01223	Nx	15	133925207	primary
PR01223	Nx	16	133925207	primary
PR01223	Nx	17	133925207	primary
PR01223	Nx	18	113442717	primary
PR01223	Nx	19	113442717	primary
PR01223	Nx	20	113442717	primary
PR01223	Nx	21	106258508	primary
PR01223	Nx	22	106258508	primary
PR01223	Nx	23	106258508	primary
PR01223	Nx	24	106258508	primary
PR01223	Nx	25	101840449	primary
PR01223	Nx	26	101840449	primary
PR01223	Nx	27	101840449	primary
PR01223	Nx	28	90776136	primary
PR01223	Nx	29	90776136	primary
PR01223	Nx	30	90776136	primary
PR01223	Nx	31	84284763	primary
PR01223	Nx	32	84284763	primary
PR01223	Nx	33	82863561	primary
PR01223	Nx	34	82863561	primary
PR01223	Nx	35	82863561	primary
PR01223	Nx	36	81224847	primary
PR01223	Nx	37	81224847	primary
PR01223	Nx	38	79175665	primary
PR01223	Nx	39	79175665	primary
PR01223	Nx	40	79175665	primary
PR01223	Nx	41	77336878	primary
PR01223	Nx	42	77336878	primary
PR01223	Nx	43	76495101	primary
PR01223	Nx	44	76495101	primary
PR01223	Nx	45	72144605	primary
PR01223	Nx	46	72144605	primary
PR01223	Nx	47	70810369	primary
PR01223	Nx	48	70810369	primary
PR01223	Nx	49	70810369	primary
PR01223	Nx	50	65316074	primary
PR01223	Nx	51	65316074	primary
PR01223	Nx	52	64371993	primary
PR01223	Nx	53	64371993	primary
PR01223	Nx	54	60151699	primary
PR01223	Nx	55	57380629	primary
PR01223	Nx	56	57380629	primary
PR01223	Nx	57	56621050	primary
PR01223	Nx	58	56621050	primary
PR01223	Nx	59	52675371	primary
PR01223	Nx	60	52675371	primary
PR01223	Nx	61	49245477	primary
PR01223	Nx	62	44608000	primary
PR01223	Nx	63	43730030	primary
PR01223	Nx	64	43730030	primary
PR01223	Nx	65	42607007	primary
PR01223	Nx	66	38131019	primary
PR01223	Nx	67	35341170	primary
PR01223	Nx	68	34164292	primary
PR01223	Nx	69	33839632	primary
PR01223	Nx	70	33118711	primary
PR01223	Nx	71	32045283	primary
PR01223	Nx	72	30263829	primary
PR01223	Nx	73	29943131	primary
PR01223	Nx	74	29734191	primary
PR01223	Nx	75	29265609	primary
PR01223	Nx	76	28969623	primary
PR01223	Nx	77	28891049	primary
PR01223	Nx	78	24279113	primary
PR01223	Nx	79	22668770	primary
PR01223	Nx	80	22064166	primary
PR01223	Nx	81	20532052	primary
PR01223	Nx	82	19851709	primary
PR01223	Nx	83	16687188	primary
PR01223	Nx	84	16094612	primary
PR01223	Nx	85	15561697	primary
PR01223	Nx	86	14012973	primary
PR01223	Nx	87	13102629	primary
PR01223	Nx	88	11814658	primary
PR01223	Nx	89	9187393	primary
PR01223	Nx	90	7334325	primary
PR01223	Nx	91	6955764	primary
PR01223	Nx	92	5968845	primary
PR01223	Nx	93	5229013	primary
PR01223	Nx	94	4636891	primary
PR01223	Nx	95	3493219	primary
PR01223	Nx	96	2648417	primary
PR01223	Nx	97	2072444	primary
PR01223	Nx	98	1566872	primary
PR01223	Nx	99	919406	primary
PR01223	Nx	100	12404	primary
PR01223	Lx	1	166843025	primary
PR01223	Lx	2	166843025	primary
PR01223	Lx	3	166843025	primary
PR01223	Lx	4	166843025	primary
PR01223	Lx	5	166843025	primary
PR01223	Lx	6	136820495	primary
PR01223	Lx	7	136820495	primary
PR01223	Lx	8	136820495	primary
PR01223	Lx	9	136820495	primary
PR01223	Lx	10	136039413	primary
PR01223	Lx	11	136039413	primary
PR01223	Lx	12	136039413	primary
PR01223	Lx	13	136039413	primary
PR01223	Lx	14	133925207	primary
PR01223	Lx	15	133925207	primary
PR01223	Lx	16	133925207	primary
PR01223	Lx	17	133925207	primary
PR01223	Lx	18	113442717	primary
PR01223	Lx	19	113442717	primary
PR01223	Lx	20	113442717	primary
PR01223	Lx	21	106258508	primary
PR01223	Lx	22	106258508	primary
PR01223	Lx	23	106258508	primary
PR01223	Lx	24	106258508	primary
PR01223	Lx	25	101840449	primary
PR01223	Lx	26	101840449	primary
PR01223	Lx	27	101840449	primary
PR01223	Lx	28	90776136	primary
PR01223	Lx	29	90776136	primary
PR01223	Lx	30	90776136	primary
PR01223	Lx	31	84284763	primary
PR01223	Lx	32	84284763	primary
PR01223	Lx	33	82863561	primary
PR01223	Lx	34	82863561	primary
PR01223	Lx	35	82863561	primary
PR01223	Lx	36	81224847	primary
PR01223	Lx	37	81224847	primary
PR01223	Lx	38	79175665	primary
PR01223	Lx	39	79175665	primary
PR01223	Lx	40	79175665	primary
PR01223	Lx	41	77336878	primary
PR01223	Lx	42	77336878	primary
PR01223	Lx	43	76495101	primary
PR01223	Lx	44	76495101	primary
PR01223	Lx	45	72144605	primary
PR01223	Lx	46	72144605	primary
PR01223	Lx	47	70810369	primary
PR01223	Lx	48	70810369	primary
PR01223	Lx	49	70810369	primary
PR01223	Lx	50	65316074	primary
PR01223	Lx	51	65316074	primary
PR01223	Lx	52	64371993	primary
PR01223	Lx	53	64371993	primary
PR01223	Lx	54	60151699	primary
PR01223	Lx	55	57380629	primary
PR01223	Lx	56	57380629	primary
PR01223	Lx	57	56621050	primary
PR01223	Lx	58	56621050	primary
PR01223	Lx	59	52675371	primary
PR01223	Lx	60	52675371	primary
PR01223	Lx	61	49245477	primary
PR01223	Lx	62	44608000	primary
PR01223	Lx	63	43730030	primary
PR01223	Lx	64	43730030	primary
PR01223	Lx	65	42607007	primary
PR01223	Lx	66	38131019	primary
PR01223	Lx	67	35341170	primary
PR01223	Lx	68	34164292	primary
PR01223	Lx	69	33839632	primary
PR01223	Lx	70	33118711	primary
PR01223	Lx	71	32045283	primary
PR01223	Lx	72	30263829	primary
PR01223	Lx	73	29943131	primary
PR01223	Lx	74	29734191	primary
PR01223	Lx	75	29265609	primary
PR01223	Lx	76	28969623	primary
PR01223	Lx	77	28891049	primary
PR01223	Lx	78	24279113	primary
PR01223	Lx	79	22668770	primary
PR01223	Lx	80	22064166	primary
PR01223	Lx	81	20532052	primary
PR01223	Lx	82	19851709	primary
PR01223	Lx	83	16687188	primary
PR01223	Lx	84	16094612	primary
PR01223	Lx	85	15561697	primary
PR01223	Lx	86	14012973	primary
PR01223	Lx	87	13102629	primary
PR01223	Lx	88	11814658	primary
PR01223	Lx	89	9187393	primary
PR01223	Lx	90	7334325	primary
PR01223	Lx	91	6955764	primary
PR01223	Lx	92	5968845	primary
PR01223	Lx	93	5229013	primary
PR01223	Lx	94	4636891	primary
PR01223	Lx	95	3493219	primary
PR01223	Lx	96	2648417	primary
PR01223	Lx	97	2072444	primary
PR01223	Lx	98	1566872	primary
PR01223	Lx	99	919406	primary
PR01223	Lx	100	12404	primary
PR01223	NGx	1	166843025	primary
PR01223	NGx	2	166843025	primary
PR01223	NGx	3	166843025	primary
PR01223	NGx	4	166843025	primary
PR01223	NGx	5	166843025	primary
PR01223	NGx	6	136820495	primary
PR01223	NGx	7	136820495	primary
PR01223	NGx	8	136820495	primary
PR01223	NGx	9	136820495	primary
PR01223	NGx	10	136820495	primary
PR01223	NGx	11	136039413	primary
PR01223	NGx	12	136039413	primary
PR01223	NGx	13	136039413	primary
PR01223	NGx	14	136039413	primary
PR01223	NGx	15	133925207	primary
PR01223	NGx	16	133925207	primary
PR01223	NGx	17	133925207	primary
PR01223	NGx	18	133925207	primary
PR01223	NGx	19	133925207	primary
PR01223	NGx	20	113442717	primary
PR01223	NGx	21	113442717	primary
PR01223	NGx	22	113442717	primary
PR01223	NGx	23	106258508	primary
PR01223	NGx	24	106258508	primary
PR01223	NGx	25	106258508	primary
PR01223	NGx	26	106258508	primary
PR01223	NGx	27	101840449	primary
PR01223	NGx	28	101840449	primary
PR01223	NGx	29	101840449	primary
PR01223	NGx	30	90776136	primary
PR01223	NGx	31	90776136	primary
PR01223	NGx	32	90776136	primary
PR01223	NGx	33	84284763	primary
PR01223	NGx	34	84284763	primary
PR01223	NGx	35	84284763	primary
PR01223	NGx	36	82863561	primary
PR01223	NGx	37	82863561	primary
PR01223	NGx	38	82863561	primary
PR01223	NGx	39	81224847	primary
PR01223	NGx	40	81224847	primary
PR01223	NGx	41	79175665	primary
PR01223	NGx	42	79175665	primary
PR01223	NGx	43	79175665	primary
PR01223	NGx	44	77336878	primary
PR01223	NGx	45	77336878	primary
PR01223	NGx	46	77336878	primary
PR01223	NGx	47	76495101	primary
PR01223	NGx	48	76495101	primary
PR01223	NGx	49	72144605	primary
PR01223	NGx	50	72144605	primary
PR01223	NGx	51	70810369	primary
PR01223	NGx	52	70810369	primary
PR01223	NGx	53	70810369	primary
PR01223	NGx	54	65316074	primary
PR01223	NGx	55	65316074	primary
PR01223	NGx	56	64371993	primary
PR01223	NGx	57	64371993	primary
PR01223	NGx	58	60151699	primary
PR01223	NGx	59	60151699	primary
PR01223	NGx	60	57380629	primary
PR01223	NGx	61	57380629	primary
PR01223	NGx	62	56621050	primary
PR01223	NGx	63	56621050	primary
PR01223	NGx	64	52675371	primary
PR01223	NGx	65	52675371	primary
PR01223	NGx	66	49245477	primary
PR01223	NGx	67	44608000	primary
PR01223	NGx	68	44608000	primary
PR01223	NGx	69	43730030	primary
PR01223	NGx	70	42607007	primary
PR01223	NGx	71	42607007	primary
PR01223	NGx	72	38131019	primary
PR01223	NGx	73	35341170	primary
PR01223	NGx	74	34164292	primary
PR01223	NGx	75	33839632	primary
PR01223	NGx	76	33118711	primary
PR01223	NGx	77	32045283	primary
PR01223	NGx	78	30263829	primary
PR01223	NGx	79	29943131	primary
PR01223	NGx	80	29734191	primary
PR01223	NGx	81	29265609	primary
PR01223	NGx	82	28969623	primary
PR01223	NGx	83	28891049	primary
PR01223	NGx	84	24936227	primary
PR01223	NGx	85	24279113	primary
PR01223	NGx	86	22668770	primary
PR01223	NGx	87	21008213	primary
PR01223	NGx	88	20532052	primary
PR01223	NGx	89	20383623	primary
PR01223	NGx	90	16687188	primary
PR01223	NGx	91	16094612	primary
PR01223	NGx	92	15561697	primary
PR01223	NGx	93	14471430	primary
PR01223	NGx	94	13676756	primary
PR01223	NGx	95	12397378	primary
PR01223	NGx	96	11480819	primary
PR01223	NGx	97	7889780	primary
PR01223	NGx	98	7313673	primary
PR01223	NGx	99	6928126	primary
PR01223	NGx	100	5542536	primary
PR01223	LGx	1	1	primary
PR01223	LGx	2	1	primary
PR01223	LGx	3	1	primary
PR01223	LGx	4	1	primary
PR01223	LGx	5	1	primary
PR01223	LGx	6	2	primary
PR01223	LGx	7	2	primary
PR01223	LGx	8	2	primary
PR01223	LGx	9	2	primary
PR01223	LGx	10	2	primary
PR01223	LGx	11	3	primary
PR01223	LGx	12	3	primary
PR01223	LGx	13	3	primary
PR01223	LGx	14	3	primary
PR01223	LGx	15	4	primary
PR01223	LGx	16	4	primary
PR01223	LGx	17	4	primary
PR01223	LGx	18	4	primary
PR01223	LGx	19	4	primary
PR01223	LGx	20	5	primary
PR01223	LGx	21	5	primary
PR01223	LGx	22	5	primary
PR01223	LGx	23	6	primary
PR01223	LGx	24	6	primary
PR01223	LGx	25	6	primary
PR01223	LGx	26	6	primary
PR01223	LGx	27	7	primary
PR01223	LGx	28	7	primary
PR01223	LGx	29	7	primary
PR01223	LGx	30	8	primary
PR01223	LGx	31	8	primary
PR01223	LGx	32	8	primary
PR01223	LGx	33	9	primary
PR01223	LGx	34	9	primary
PR01223	LGx	35	9	primary
PR01223	LGx	36	10	primary
PR01223	LGx	37	10	primary
PR01223	LGx	38	10	primary
PR01223	LGx	39	11	primary
PR01223	LGx	40	11	primary
PR01223	LGx	41	12	primary
PR01223	LGx	42	12	primary
PR01223	LGx	43	12	primary
PR01223	LGx	44	13	primary
PR01223	LGx	45	13	primary
PR01223	LGx	46	13	primary
PR01223	LGx	47	14	primary
PR01223	LGx	48	14	primary
PR01223	LGx	49	15	primary
PR01223	LGx	50	15	primary
PR01223	LGx	51	16	primary
PR01223	LGx	52	16	primary
PR01223	LGx	53	16	primary
PR01223	LGx	54	17	primary
PR01223	LGx	55	17	primary
PR01223	LGx	56	18	primary
PR01223	LGx	57	18	primary
PR01223	LGx	58	19	primary
PR01223	LGx	59	19	primary
PR01223	LGx	60	20	primary
PR01223	LGx	61	20	primary
PR01223	LGx	62	21	primary
PR01223	LGx	63	21	primary
PR01223	LGx	64	22	primary
PR01223	LGx	65	22	primary
PR01223	LGx	66	23	primary
PR01223	LGx	67	24	primary
PR01223	LGx	68	24	primary
PR01223	LGx	69	25	primary
PR01223	LGx	70	26	primary
PR01223	LGx	71	26	primary
PR01223	LGx	72	27	primary
PR01223	LGx	73	28	primary
PR01223	LGx	74	29	primary
PR01223	LGx	75	30	primary
PR01223	LGx	76	31	primary
PR01223	LGx	77	32	primary
PR01223	LGx	78	33	primary
PR01223	LGx	79	34	primary
PR01223	LGx	80	35	primary
PR01223	LGx	81	36	primary
PR01223	LGx	82	37	primary
PR01223	LGx	83	38	primary
PR01223	LGx	84	39	primary
PR01223	LGx	85	40	primary
PR01223	LGx	86	41	primary
PR01223	LGx	87	43	primary
PR01223	LGx	88	44	primary
PR01223	LGx	89	45	primary
PR01223	LGx	90	47	primary
PR01223	LGx	91	49	primary
PR01223	LGx	92	51	primary
PR01223	LGx	93	53	primary
PR01223	LGx	94	55	primary
PR01223	LGx	95	57	primary
PR01223	LGx	96	60	primary
PR01223	LGx	97	63	primary
PR01223	LGx	98	67	primary
PR01223	LGx	99	71	primary
PR01223	LGx	100	76	primary
PR00512	auN	3140161377	890.2737	hap1
PR00512	auNG	3018593705	926.12756	hap1
PR00512	Nx	1	111386555	hap1
PR00512	Nx	2	111386555	hap1
PR00512	Nx	3	111386555	hap1
PR00512	Nx	4	108774679	hap1
PR00512	Nx	5	108774679	hap1
PR00512	Nx	6	108774679	hap1
PR00512	Nx	7	108774679	hap1
PR00512	Nx	8	83085715	hap1
PR00512	Nx	9	83085715	hap1
PR00512	Nx	10	75291892	hap1
PR00512	Nx	11	75291892	hap1
PR00512	Nx	12	75291892	hap1
PR00512	Nx	13	68015459	hap1
PR00512	Nx	14	68015459	hap1
PR00512	Nx	15	62911090	hap1
PR00512	Nx	16	62911090	hap1
PR00512	Nx	17	60150004	hap1
PR00512	Nx	18	60150004	hap1
PR00512	Nx	19	58016410	hap1
PR00512	Nx	20	55001409	hap1
PR00512	Nx	21	55001409	hap1
PR00512	Nx	22	53273921	hap1
PR00512	Nx	23	53273921	hap1
PR00512	Nx	24	50214602	hap1
PR00512	Nx	25	50214602	hap1
PR00512	Nx	26	45316509	hap1
PR00512	Nx	27	45049210	hap1
PR00512	Nx	28	44895175	hap1
PR00512	Nx	29	44895175	hap1
PR00512	Nx	30	44777146	hap1
PR00512	Nx	31	42368305	hap1
PR00512	Nx	32	42368305	hap1
PR00512	Nx	33	40664465	hap1
PR00512	Nx	34	39083432	hap1
PR00512	Nx	35	38469909	hap1
PR00512	Nx	36	38123448	hap1
PR00512	Nx	37	38123448	hap1
PR00512	Nx	38	37284733	hap1
PR00512	Nx	39	37030255	hap1
PR00512	Nx	40	36752864	hap1
PR00512	Nx	41	35462714	hap1
PR00512	Nx	42	33647506	hap1
PR00512	Nx	43	32024703	hap1
PR00512	Nx	44	31930629	hap1
PR00512	Nx	45	31380173	hap1
PR00512	Nx	46	30205391	hap1
PR00512	Nx	47	30156098	hap1
PR00512	Nx	48	28989137	hap1
PR00512	Nx	49	28982584	hap1
PR00512	Nx	50	26973299	hap1
PR00512	Nx	51	26602149	hap1
PR00512	Nx	52	26273014	hap1
PR00512	Nx	53	24612051	hap1
PR00512	Nx	54	22875382	hap1
PR00512	Nx	55	21054838	hap1
PR00512	Nx	56	20210228	hap1
PR00512	Nx	57	19301138	hap1
PR00512	Nx	58	17870305	hap1
PR00512	Nx	59	17571387	hap1
PR00512	Nx	60	16575978	hap1
PR00512	Nx	61	16516819	hap1
PR00512	Nx	62	16036221	hap1
PR00512	Nx	63	15941408	hap1
PR00512	Nx	64	15848692	hap1
PR00512	Nx	65	14767070	hap1
PR00512	Nx	66	14362341	hap1
PR00512	Nx	67	13750064	hap1
PR00512	Nx	68	13137367	hap1
PR00512	Nx	69	12945902	hap1
PR00512	Nx	70	12676809	hap1
PR00512	Nx	71	11872906	hap1
PR00512	Nx	72	11244814	hap1
PR00512	Nx	73	10708830	hap1
PR00512	Nx	74	10424462	hap1
PR00512	Nx	75	9658151	hap1
PR00512	Nx	76	7797187	hap1
PR00512	Nx	77	7166396	hap1
PR00512	Nx	78	6827899	hap1
PR00512	Nx	79	6380282	hap1
PR00512	Nx	80	5981510	hap1
PR00512	Nx	81	5419686	hap1
PR00512	Nx	82	4820713	hap1
PR00512	Nx	83	4505158	hap1
PR00512	Nx	84	3973793	hap1
PR00512	Nx	85	3375311	hap1
PR00512	Nx	86	3064236	hap1
PR00512	Nx	87	2596695	hap1
PR00512	Nx	88	2101896	hap1
PR00512	Nx	89	1793292	hap1
PR00512	Nx	90	1600915	hap1
PR00512	Nx	91	1369274	hap1
PR00512	Nx	92	1156043	hap1
PR00512	Nx	93	951256	hap1
PR00512	Nx	94	841027	hap1
PR00512	Nx	95	651299	hap1
PR00512	Nx	96	483213	hap1
PR00512	Nx	97	348589	hap1
PR00512	Nx	98	217113	hap1
PR00512	Nx	99	99075	hap1
PR00512	Nx	100	2922	hap1
PR00512	Lx	1	111386555	hap1
PR00512	Lx	2	111386555	hap1
PR00512	Lx	3	111386555	hap1
PR00512	Lx	4	108774679	hap1
PR00512	Lx	5	108774679	hap1
PR00512	Lx	6	108774679	hap1
PR00512	Lx	7	108774679	hap1
PR00512	Lx	8	83085715	hap1
PR00512	Lx	9	83085715	hap1
PR00512	Lx	10	75291892	hap1
PR00512	Lx	11	75291892	hap1
PR00512	Lx	12	75291892	hap1
PR00512	Lx	13	68015459	hap1
PR00512	Lx	14	68015459	hap1
PR00512	Lx	15	62911090	hap1
PR00512	Lx	16	62911090	hap1
PR00512	Lx	17	60150004	hap1
PR00512	Lx	18	60150004	hap1
PR00512	Lx	19	58016410	hap1
PR00512	Lx	20	55001409	hap1
PR00512	Lx	21	55001409	hap1
PR00512	Lx	22	53273921	hap1
PR00512	Lx	23	53273921	hap1
PR00512	Lx	24	50214602	hap1
PR00512	Lx	25	50214602	hap1
PR00512	Lx	26	45316509	hap1
PR00512	Lx	27	45049210	hap1
PR00512	Lx	28	44895175	hap1
PR00512	Lx	29	44895175	hap1
PR00512	Lx	30	44777146	hap1
PR00512	Lx	31	42368305	hap1
PR00512	Lx	32	42368305	hap1
PR00512	Lx	33	40664465	hap1
PR00512	Lx	34	39083432	hap1
PR00512	Lx	35	38469909	hap1
PR00512	Lx	36	38123448	hap1
PR00512	Lx	37	38123448	hap1
PR00512	Lx	38	37284733	hap1
PR00512	Lx	39	37030255	hap1
PR00512	Lx	40	36752864	hap1
PR00512	Lx	41	35462714	hap1
PR00512	Lx	42	33647506	hap1
PR00512	Lx	43	32024703	hap1
PR00512	Lx	44	31930629	hap1
PR00512	Lx	45	31380173	hap1
PR00512	Lx	46	30205391	hap1
PR00512	Lx	47	30156098	hap1
PR00512	Lx	48	28989137	hap1
PR00512	Lx	49	28982584	hap1
PR00512	Lx	50	26973299	hap1
PR00512	Lx	51	26602149	hap1
PR00512	Lx	52	26273014	hap1
PR00512	Lx	53	24612051	hap1
PR00512	Lx	54	22875382	hap1
PR00512	Lx	55	21054838	hap1
PR00512	Lx	56	20210228	hap1
PR00512	Lx	57	19301138	hap1
PR00512	Lx	58	17870305	hap1
PR00512	Lx	59	17571387	hap1
PR00512	Lx	60	16575978	hap1
PR00512	Lx	61	16516819	hap1
PR00512	Lx	62	16036221	hap1
PR00512	Lx	63	15941408	hap1
PR00512	Lx	64	15848692	hap1
PR00512	Lx	65	14767070	hap1
PR00512	Lx	66	14362341	hap1
PR00512	Lx	67	13750064	hap1
PR00512	Lx	68	13137367	hap1
PR00512	Lx	69	12945902	hap1
PR00512	Lx	70	12676809	hap1
PR00512	Lx	71	11872906	hap1
PR00512	Lx	72	11244814	hap1
PR00512	Lx	73	10708830	hap1
PR00512	Lx	74	10424462	hap1
PR00512	Lx	75	9658151	hap1
PR00512	Lx	76	7797187	hap1
PR00512	Lx	77	7166396	hap1
PR00512	Lx	78	6827899	hap1
PR00512	Lx	79	6380282	hap1
PR00512	Lx	80	5981510	hap1
PR00512	Lx	81	5419686	hap1
PR00512	Lx	82	4820713	hap1
PR00512	Lx	83	4505158	hap1
PR00512	Lx	84	3973793	hap1
PR00512	Lx	85	3375311	hap1
PR00512	Lx	86	3064236	hap1
PR00512	Lx	87	2596695	hap1
PR00512	Lx	88	2101896	hap1
PR00512	Lx	89	1793292	hap1
PR00512	Lx	90	1600915	hap1
PR00512	Lx	91	1369274	hap1
PR00512	Lx	92	1156043	hap1
PR00512	Lx	93	951256	hap1
PR00512	Lx	94	841027	hap1
PR00512	Lx	95	651299	hap1
PR00512	Lx	96	483213	hap1
PR00512	Lx	97	348589	hap1
PR00512	Lx	98	217113	hap1
PR00512	Lx	99	99075	hap1
PR00512	Lx	100	2922	hap1
PR00512	NGx	1	111386555	hap1
PR00512	NGx	2	111386555	hap1
PR00512	NGx	3	111386555	hap1
PR00512	NGx	4	108774679	hap1
PR00512	NGx	5	108774679	hap1
PR00512	NGx	6	108774679	hap1
PR00512	NGx	7	108774679	hap1
PR00512	NGx	8	83085715	hap1
PR00512	NGx	9	83085715	hap1
PR00512	NGx	10	83085715	hap1
PR00512	NGx	11	75291892	hap1
PR00512	NGx	12	75291892	hap1
PR00512	NGx	13	68015459	hap1
PR00512	NGx	14	68015459	hap1
PR00512	NGx	15	62911090	hap1
PR00512	NGx	16	62911090	hap1
PR00512	NGx	17	60150004	hap1
PR00512	NGx	18	60150004	hap1
PR00512	NGx	19	58016410	hap1
PR00512	NGx	20	58016410	hap1
PR00512	NGx	21	55001409	hap1
PR00512	NGx	22	55001409	hap1
PR00512	NGx	23	53273921	hap1
PR00512	NGx	24	53273921	hap1
PR00512	NGx	25	50214602	hap1
PR00512	NGx	26	50214602	hap1
PR00512	NGx	27	45316509	hap1
PR00512	NGx	28	45049210	hap1
PR00512	NGx	29	45049210	hap1
PR00512	NGx	30	44895175	hap1
PR00512	NGx	31	44777146	hap1
PR00512	NGx	32	44777146	hap1
PR00512	NGx	33	42368305	hap1
PR00512	NGx	34	40664465	hap1
PR00512	NGx	35	39083432	hap1
PR00512	NGx	36	39083432	hap1
PR00512	NGx	37	38469909	hap1
PR00512	NGx	38	38123448	hap1
PR00512	NGx	39	37284733	hap1
PR00512	NGx	40	37030255	hap1
PR00512	NGx	41	37030255	hap1
PR00512	NGx	42	36752864	hap1
PR00512	NGx	43	35462714	hap1
PR00512	NGx	44	33647506	hap1
PR00512	NGx	45	32024703	hap1
PR00512	NGx	46	31930629	hap1
PR00512	NGx	47	31380173	hap1
PR00512	NGx	48	30205391	hap1
PR00512	NGx	49	30156098	hap1
PR00512	NGx	50	28989137	hap1
PR00512	NGx	51	28982584	hap1
PR00512	NGx	52	26973299	hap1
PR00512	NGx	53	26602149	hap1
PR00512	NGx	54	26273014	hap1
PR00512	NGx	55	25116411	hap1
PR00512	NGx	56	22875382	hap1
PR00512	NGx	57	21054838	hap1
PR00512	NGx	58	20406075	hap1
PR00512	NGx	59	19301138	hap1
PR00512	NGx	60	19288613	hap1
PR00512	NGx	61	17598893	hap1
PR00512	NGx	62	16657986	hap1
PR00512	NGx	63	16525366	hap1
PR00512	NGx	64	16044580	hap1
PR00512	NGx	65	16036221	hap1
PR00512	NGx	66	15892961	hap1
PR00512	NGx	67	15472640	hap1
PR00512	NGx	68	14767070	hap1
PR00512	NGx	69	14362341	hap1
PR00512	NGx	70	13397793	hap1
PR00512	NGx	71	13097661	hap1
PR00512	NGx	72	12945902	hap1
PR00512	NGx	73	12374390	hap1
PR00512	NGx	74	11872906	hap1
PR00512	NGx	75	11093419	hap1
PR00512	NGx	76	10708830	hap1
PR00512	NGx	77	10424462	hap1
PR00512	NGx	78	9658151	hap1
PR00512	NGx	79	7797187	hap1
PR00512	NGx	80	7166396	hap1
PR00512	NGx	81	6876461	hap1
PR00512	NGx	82	6567809	hap1
PR00512	NGx	83	6091836	hap1
PR00512	NGx	84	5505826	hap1
PR00512	NGx	85	4888112	hap1
PR00512	NGx	86	4553402	hap1
PR00512	NGx	87	4178755	hap1
PR00512	NGx	88	3487672	hap1
PR00512	NGx	89	3162492	hap1
PR00512	NGx	90	2732899	hap1
PR00512	NGx	91	2424728	hap1
PR00512	NGx	92	1931996	hap1
PR00512	NGx	93	1718796	hap1
PR00512	NGx	94	1521073	hap1
PR00512	NGx	95	1330669	hap1
PR00512	NGx	96	1126722	hap1
PR00512	NGx	97	931919	hap1
PR00512	NGx	98	799284	hap1
PR00512	NGx	99	638418	hap1
PR00512	NGx	100	469025	hap1
PR00512	LGx	1	1	hap1
PR00512	LGx	2	1	hap1
PR00512	LGx	3	1	hap1
PR00512	LGx	4	2	hap1
PR00512	LGx	5	2	hap1
PR00512	LGx	6	2	hap1
PR00512	LGx	7	2	hap1
PR00512	LGx	8	3	hap1
PR00512	LGx	9	3	hap1
PR00512	LGx	10	3	hap1
PR00512	LGx	11	4	hap1
PR00512	LGx	12	4	hap1
PR00512	LGx	13	5	hap1
PR00512	LGx	14	5	hap1
PR00512	LGx	15	6	hap1
PR00512	LGx	16	6	hap1
PR00512	LGx	17	7	hap1
PR00512	LGx	18	7	hap1
PR00512	LGx	19	8	hap1
PR00512	LGx	20	8	hap1
PR00512	LGx	21	9	hap1
PR00512	LGx	22	9	hap1
PR00512	LGx	23	10	hap1
PR00512	LGx	24	10	hap1
PR00512	LGx	25	11	hap1
PR00512	LGx	26	11	hap1
PR00512	LGx	27	12	hap1
PR00512	LGx	28	13	hap1
PR00512	LGx	29	13	hap1
PR00512	LGx	30	14	hap1
PR00512	LGx	31	15	hap1
PR00512	LGx	32	15	hap1
PR00512	LGx	33	16	hap1
PR00512	LGx	34	17	hap1
PR00512	LGx	35	18	hap1
PR00512	LGx	36	18	hap1
PR00512	LGx	37	19	hap1
PR00512	LGx	38	20	hap1
PR00512	LGx	39	21	hap1
PR00512	LGx	40	22	hap1
PR00512	LGx	41	22	hap1
PR00512	LGx	42	23	hap1
PR00512	LGx	43	24	hap1
PR00512	LGx	44	25	hap1
PR00512	LGx	45	26	hap1
PR00512	LGx	46	27	hap1
PR00512	LGx	47	28	hap1
PR00512	LGx	48	29	hap1
PR00512	LGx	49	30	hap1
PR00512	LGx	50	31	hap1
PR00512	LGx	51	32	hap1
PR00512	LGx	52	33	hap1
PR00512	LGx	53	34	hap1
PR00512	LGx	54	35	hap1
PR00512	LGx	55	36	hap1
PR00512	LGx	56	38	hap1
PR00512	LGx	57	39	hap1
PR00512	LGx	58	40	hap1
PR00512	LGx	59	42	hap1
PR00512	LGx	60	43	hap1
PR00512	LGx	61	45	hap1
PR00512	LGx	62	47	hap1
PR00512	LGx	63	49	hap1
PR00512	LGx	64	51	hap1
PR00512	LGx	65	52	hap1
PR00512	LGx	66	54	hap1
PR00512	LGx	67	56	hap1
PR00512	LGx	68	58	hap1
PR00512	LGx	69	60	hap1
PR00512	LGx	70	63	hap1
PR00512	LGx	71	65	hap1
PR00512	LGx	72	67	hap1
PR00512	LGx	73	70	hap1
PR00512	LGx	74	72	hap1
PR00512	LGx	75	75	hap1
PR00512	LGx	76	77	hap1
PR00512	LGx	77	80	hap1
PR00512	LGx	78	83	hap1
PR00512	LGx	79	87	hap1
PR00512	LGx	80	91	hap1
PR00512	LGx	81	95	hap1
PR00512	LGx	82	100	hap1
PR00512	LGx	83	105	hap1
PR00512	LGx	84	110	hap1
PR00512	LGx	85	116	hap1
PR00512	LGx	86	122	hap1
PR00512	LGx	87	129	hap1
PR00512	LGx	88	137	hap1
PR00512	LGx	89	146	hap1
PR00512	LGx	90	156	hap1
PR00512	LGx	91	167	hap1
PR00512	LGx	92	182	hap1
PR00512	LGx	93	198	hap1
PR00512	LGx	94	217	hap1
PR00512	LGx	95	238	hap1
PR00512	LGx	96	263	hap1
PR00512	LGx	97	293	hap1
PR00512	LGx	98	328	hap1
PR00512	LGx	99	370	hap1
PR00512	LGx	100	426	hap1
PR00512	auN	3134066043	877.8056	hap2
PR00512	auNG	3018593705	911.3848	hap2
PR00512	Nx	1	85806773	hap2
PR00512	Nx	2	85806773	hap2
PR00512	Nx	3	85775483	hap2
PR00512	Nx	4	85775483	hap2
PR00512	Nx	5	85775483	hap2
PR00512	Nx	6	74647081	hap2
PR00512	Nx	7	74647081	hap2
PR00512	Nx	8	74275353	hap2
PR00512	Nx	9	74275353	hap2
PR00512	Nx	10	74275353	hap2
PR00512	Nx	11	62200047	hap2
PR00512	Nx	12	62200047	hap2
PR00512	Nx	13	56869757	hap2
PR00512	Nx	14	56869757	hap2
PR00512	Nx	15	56469021	hap2
PR00512	Nx	16	56186532	hap2
PR00512	Nx	17	56186532	hap2
PR00512	Nx	18	47901140	hap2
PR00512	Nx	19	47901140	hap2
PR00512	Nx	20	46840049	hap2
PR00512	Nx	21	44699852	hap2
PR00512	Nx	22	44699852	hap2
PR00512	Nx	23	43678238	hap2
PR00512	Nx	24	43431863	hap2
PR00512	Nx	25	42421831	hap2
PR00512	Nx	26	42421831	hap2
PR00512	Nx	27	41397874	hap2
PR00512	Nx	28	37413220	hap2
PR00512	Nx	29	36947918	hap2
PR00512	Nx	30	35048833	hap2
PR00512	Nx	31	35048833	hap2
PR00512	Nx	32	33710913	hap2
PR00512	Nx	33	33529964	hap2
PR00512	Nx	34	31608303	hap2
PR00512	Nx	35	30590137	hap2
PR00512	Nx	36	30284825	hap2
PR00512	Nx	37	30117472	hap2
PR00512	Nx	38	29151639	hap2
PR00512	Nx	39	26742085	hap2
PR00512	Nx	40	26220773	hap2
PR00512	Nx	41	25300223	hap2
PR00512	Nx	42	24965148	hap2
PR00512	Nx	43	23612957	hap2
PR00512	Nx	44	23255241	hap2
PR00512	Nx	45	23154880	hap2
PR00512	Nx	46	22332011	hap2
PR00512	Nx	47	21916045	hap2
PR00512	Nx	48	21055708	hap2
PR00512	Nx	49	20485509	hap2
PR00512	Nx	50	18340559	hap2
PR00512	Nx	51	17860178	hap2
PR00512	Nx	52	17071950	hap2
PR00512	Nx	53	16609960	hap2
PR00512	Nx	54	16229820	hap2
PR00512	Nx	55	16121772	hap2
PR00512	Nx	56	15507877	hap2
PR00512	Nx	57	15416964	hap2
PR00512	Nx	58	14734616	hap2
PR00512	Nx	59	14269361	hap2
PR00512	Nx	60	14193194	hap2
PR00512	Nx	61	12905349	hap2
PR00512	Nx	62	12463403	hap2
PR00512	Nx	63	12397347	hap2
PR00512	Nx	64	12292277	hap2
PR00512	Nx	65	11628087	hap2
PR00512	Nx	66	11180330	hap2
PR00512	Nx	67	10787265	hap2
PR00512	Nx	68	10535604	hap2
PR00512	Nx	69	9054996	hap2
PR00512	Nx	70	8255610	hap2
PR00512	Nx	71	7875718	hap2
PR00512	Nx	72	7382595	hap2
PR00512	Nx	73	7027405	hap2
PR00512	Nx	74	6680613	hap2
PR00512	Nx	75	6401232	hap2
PR00512	Nx	76	5737677	hap2
PR00512	Nx	77	5342945	hap2
PR00512	Nx	78	5012237	hap2
PR00512	Nx	79	4683665	hap2
PR00512	Nx	80	4419701	hap2
PR00512	Nx	81	3912193	hap2
PR00512	Nx	82	3656822	hap2
PR00512	Nx	83	3223334	hap2
PR00512	Nx	84	2865668	hap2
PR00512	Nx	85	2640131	hap2
PR00512	Nx	86	2348636	hap2
PR00512	Nx	87	2121029	hap2
PR00512	Nx	88	1809192	hap2
PR00512	Nx	89	1569795	hap2
PR00512	Nx	90	1430454	hap2
PR00512	Nx	91	1308789	hap2
PR00512	Nx	92	1169982	hap2
PR00512	Nx	93	1013919	hap2
PR00512	Nx	94	861891	hap2
PR00512	Nx	95	724276	hap2
PR00512	Nx	96	570122	hap2
PR00512	Nx	97	413841	hap2
PR00512	Nx	98	265770	hap2
PR00512	Nx	99	124241	hap2
PR00512	Nx	100	12984	hap2
PR00512	Lx	1	85806773	hap2
PR00512	Lx	2	85806773	hap2
PR00512	Lx	3	85775483	hap2
PR00512	Lx	4	85775483	hap2
PR00512	Lx	5	85775483	hap2
PR00512	Lx	6	74647081	hap2
PR00512	Lx	7	74647081	hap2
PR00512	Lx	8	74275353	hap2
PR00512	Lx	9	74275353	hap2
PR00512	Lx	10	74275353	hap2
PR00512	Lx	11	62200047	hap2
PR00512	Lx	12	62200047	hap2
PR00512	Lx	13	56869757	hap2
PR00512	Lx	14	56869757	hap2
PR00512	Lx	15	56469021	hap2
PR00512	Lx	16	56186532	hap2
PR00512	Lx	17	56186532	hap2
PR00512	Lx	18	47901140	hap2
PR00512	Lx	19	47901140	hap2
PR00512	Lx	20	46840049	hap2
PR00512	Lx	21	44699852	hap2
PR00512	Lx	22	44699852	hap2
PR00512	Lx	23	43678238	hap2
PR00512	Lx	24	43431863	hap2
PR00512	Lx	25	42421831	hap2
PR00512	Lx	26	42421831	hap2
PR00512	Lx	27	41397874	hap2
PR00512	Lx	28	37413220	hap2
PR00512	Lx	29	36947918	hap2
PR00512	Lx	30	35048833	hap2
PR00512	Lx	31	35048833	hap2
PR00512	Lx	32	33710913	hap2
PR00512	Lx	33	33529964	hap2
PR00512	Lx	34	31608303	hap2
PR00512	Lx	35	30590137	hap2
PR00512	Lx	36	30284825	hap2
PR00512	Lx	37	30117472	hap2
PR00512	Lx	38	29151639	hap2
PR00512	Lx	39	26742085	hap2
PR00512	Lx	40	26220773	hap2
PR00512	Lx	41	25300223	hap2
PR00512	Lx	42	24965148	hap2
PR00512	Lx	43	23612957	hap2
PR00512	Lx	44	23255241	hap2
PR00512	Lx	45	23154880	hap2
PR00512	Lx	46	22332011	hap2
PR00512	Lx	47	21916045	hap2
PR00512	Lx	48	21055708	hap2
PR00512	Lx	49	20485509	hap2
PR00512	Lx	50	18340559	hap2
PR00512	Lx	51	17860178	hap2
PR00512	Lx	52	17071950	hap2
PR00512	Lx	53	16609960	hap2
PR00512	Lx	54	16229820	hap2
PR00512	Lx	55	16121772	hap2
PR00512	Lx	56	15507877	hap2
PR00512	Lx	57	15416964	hap2
PR00512	Lx	58	14734616	hap2
PR00512	Lx	59	14269361	hap2
PR00512	Lx	60	14193194	hap2
PR00512	Lx	61	12905349	hap2
PR00512	Lx	62	12463403	hap2
PR00512	Lx	63	12397347	hap2
PR00512	Lx	64	12292277	hap2
PR00512	Lx	65	11628087	hap2
PR00512	Lx	66	11180330	hap2
PR00512	Lx	67	10787265	hap2
PR00512	Lx	68	10535604	hap2
PR00512	Lx	69	9054996	hap2
PR00512	Lx	70	8255610	hap2
PR00512	Lx	71	7875718	hap2
PR00512	Lx	72	7382595	hap2
PR00512	Lx	73	7027405	hap2
PR00512	Lx	74	6680613	hap2
PR00512	Lx	75	6401232	hap2
PR00512	Lx	76	5737677	hap2
PR00512	Lx	77	5342945	hap2
PR00512	Lx	78	5012237	hap2
PR00512	Lx	79	4683665	hap2
PR00512	Lx	80	4419701	hap2
PR00512	Lx	81	3912193	hap2
PR00512	Lx	82	3656822	hap2
PR00512	Lx	83	3223334	hap2
PR00512	Lx	84	2865668	hap2
PR00512	Lx	85	2640131	hap2
PR00512	Lx	86	2348636	hap2
PR00512	Lx	87	2121029	hap2
PR00512	Lx	88	1809192	hap2
PR00512	Lx	89	1569795	hap2
PR00512	Lx	90	1430454	hap2
PR00512	Lx	91	1308789	hap2
PR00512	Lx	92	1169982	hap2
PR00512	Lx	93	1013919	hap2
PR00512	Lx	94	861891	hap2
PR00512	Lx	95	724276	hap2
PR00512	Lx	96	570122	hap2
PR00512	Lx	97	413841	hap2
PR00512	Lx	98	265770	hap2
PR00512	Lx	99	124241	hap2
PR00512	Lx	100	12984	hap2
PR00512	NGx	1	85806773	hap2
PR00512	NGx	2	85806773	hap2
PR00512	NGx	3	85775483	hap2
PR00512	NGx	4	85775483	hap2
PR00512	NGx	5	85775483	hap2
PR00512	NGx	6	74647081	hap2
PR00512	NGx	7	74647081	hap2
PR00512	NGx	8	74647081	hap2
PR00512	NGx	9	74275353	hap2
PR00512	NGx	10	74275353	hap2
PR00512	NGx	11	62200047	hap2
PR00512	NGx	12	62200047	hap2
PR00512	NGx	13	56869757	hap2
PR00512	NGx	14	56869757	hap2
PR00512	NGx	15	56469021	hap2
PR00512	NGx	16	56469021	hap2
PR00512	NGx	17	56186532	hap2
PR00512	NGx	18	56186532	hap2
PR00512	NGx	19	47901140	hap2
PR00512	NGx	20	46840049	hap2
PR00512	NGx	21	46840049	hap2
PR00512	NGx	22	44699852	hap2
PR00512	NGx	23	43678238	hap2
PR00512	NGx	24	43678238	hap2
PR00512	NGx	25	43431863	hap2
PR00512	NGx	26	42421831	hap2
PR00512	NGx	27	42421831	hap2
PR00512	NGx	28	41397874	hap2
PR00512	NGx	29	37413220	hap2
PR00512	NGx	30	36947918	hap2
PR00512	NGx	31	36947918	hap2
PR00512	NGx	32	35048833	hap2
PR00512	NGx	33	33710913	hap2
PR00512	NGx	34	33529964	hap2
PR00512	NGx	35	31608303	hap2
PR00512	NGx	36	30590137	hap2
PR00512	NGx	37	30284825	hap2
PR00512	NGx	38	30117472	hap2
PR00512	NGx	39	29151639	hap2
PR00512	NGx	40	27006888	hap2
PR00512	NGx	41	26742085	hap2
PR00512	NGx	42	26220773	hap2
PR00512	NGx	43	24965148	hap2
PR00512	NGx	44	24659466	hap2
PR00512	NGx	45	23612957	hap2
PR00512	NGx	46	23255241	hap2
PR00512	NGx	47	22673843	hap2
PR00512	NGx	48	22332011	hap2
PR00512	NGx	49	21916045	hap2
PR00512	NGx	50	21055708	hap2
PR00512	NGx	51	20485509	hap2
PR00512	NGx	52	18340559	hap2
PR00512	NGx	53	17860178	hap2
PR00512	NGx	54	17071950	hap2
PR00512	NGx	55	16609960	hap2
PR00512	NGx	56	16229820	hap2
PR00512	NGx	57	16121772	hap2
PR00512	NGx	58	15507877	hap2
PR00512	NGx	59	15416964	hap2
PR00512	NGx	60	14734616	hap2
PR00512	NGx	61	14269361	hap2
PR00512	NGx	62	14193194	hap2
PR00512	NGx	63	13495289	hap2
PR00512	NGx	64	12674436	hap2
PR00512	NGx	65	12436265	hap2
PR00512	NGx	66	12336740	hap2
PR00512	NGx	67	11719575	hap2
PR00512	NGx	68	11601315	hap2
PR00512	NGx	69	11138612	hap2
PR00512	NGx	70	10678742	hap2
PR00512	NGx	71	9314176	hap2
PR00512	NGx	72	9000063	hap2
PR00512	NGx	73	8244598	hap2
PR00512	NGx	74	7634097	hap2
PR00512	NGx	75	7366473	hap2
PR00512	NGx	76	6975671	hap2
PR00512	NGx	77	6671588	hap2
PR00512	NGx	78	6069098	hap2
PR00512	NGx	79	5716076	hap2
PR00512	NGx	80	5342945	hap2
PR00512	NGx	81	5012237	hap2
PR00512	NGx	82	4683665	hap2
PR00512	NGx	83	4419701	hap2
PR00512	NGx	84	3913245	hap2
PR00512	NGx	85	3668214	hap2
PR00512	NGx	86	3251641	hap2
PR00512	NGx	87	3015676	hap2
PR00512	NGx	88	2674451	hap2
PR00512	NGx	89	2455006	hap2
PR00512	NGx	90	2196141	hap2
PR00512	NGx	91	1885242	hap2
PR00512	NGx	92	1644483	hap2
PR00512	NGx	93	1476151	hap2
PR00512	NGx	94	1369085	hap2
PR00512	NGx	95	1215368	hap2
PR00512	NGx	96	1115598	hap2
PR00512	NGx	97	958051	hap2
PR00512	NGx	98	810946	hap2
PR00512	NGx	99	664640	hap2
PR00512	NGx	100	514839	hap2
PR00512	LGx	1	1	hap2
PR00512	LGx	2	1	hap2
PR00512	LGx	3	2	hap2
PR00512	LGx	4	2	hap2
PR00512	LGx	5	2	hap2
PR00512	LGx	6	3	hap2
PR00512	LGx	7	3	hap2
PR00512	LGx	8	3	hap2
PR00512	LGx	9	4	hap2
PR00512	LGx	10	4	hap2
PR00512	LGx	11	5	hap2
PR00512	LGx	12	5	hap2
PR00512	LGx	13	6	hap2
PR00512	LGx	14	6	hap2
PR00512	LGx	15	7	hap2
PR00512	LGx	16	7	hap2
PR00512	LGx	17	8	hap2
PR00512	LGx	18	8	hap2
PR00512	LGx	19	9	hap2
PR00512	LGx	20	10	hap2
PR00512	LGx	21	10	hap2
PR00512	LGx	22	11	hap2
PR00512	LGx	23	12	hap2
PR00512	LGx	24	12	hap2
PR00512	LGx	25	13	hap2
PR00512	LGx	26	14	hap2
PR00512	LGx	27	14	hap2
PR00512	LGx	28	15	hap2
PR00512	LGx	29	16	hap2
PR00512	LGx	30	17	hap2
PR00512	LGx	31	17	hap2
PR00512	LGx	32	18	hap2
PR00512	LGx	33	19	hap2
PR00512	LGx	34	20	hap2
PR00512	LGx	35	21	hap2
PR00512	LGx	36	22	hap2
PR00512	LGx	37	23	hap2
PR00512	LGx	38	24	hap2
PR00512	LGx	39	25	hap2
PR00512	LGx	40	26	hap2
PR00512	LGx	41	27	hap2
PR00512	LGx	42	28	hap2
PR00512	LGx	43	30	hap2
PR00512	LGx	44	31	hap2
PR00512	LGx	45	32	hap2
PR00512	LGx	46	33	hap2
PR00512	LGx	47	35	hap2
PR00512	LGx	48	36	hap2
PR00512	LGx	49	37	hap2
PR00512	LGx	50	39	hap2
PR00512	LGx	51	40	hap2
PR00512	LGx	52	42	hap2
PR00512	LGx	53	43	hap2
PR00512	LGx	54	45	hap2
PR00512	LGx	55	47	hap2
PR00512	LGx	56	49	hap2
PR00512	LGx	57	51	hap2
PR00512	LGx	58	53	hap2
PR00512	LGx	59	55	hap2
PR00512	LGx	60	57	hap2
PR00512	LGx	61	59	hap2
PR00512	LGx	62	61	hap2
PR00512	LGx	63	63	hap2
PR00512	LGx	64	65	hap2
PR00512	LGx	65	68	hap2
PR00512	LGx	66	70	hap2
PR00512	LGx	67	73	hap2
PR00512	LGx	68	75	hap2
PR00512	LGx	69	78	hap2
PR00512	LGx	70	81	hap2
PR00512	LGx	71	84	hap2
PR00512	LGx	72	87	hap2
PR00512	LGx	73	90	hap2
PR00512	LGx	74	94	hap2
PR00512	LGx	75	98	hap2
PR00512	LGx	76	103	hap2
PR00512	LGx	77	107	hap2
PR00512	LGx	78	112	hap2
PR00512	LGx	79	117	hap2
PR00512	LGx	80	122	hap2
PR00512	LGx	81	128	hap2
PR00512	LGx	82	134	hap2
PR00512	LGx	83	141	hap2
PR00512	LGx	84	148	hap2
PR00512	LGx	85	156	hap2
PR00512	LGx	86	165	hap2
PR00512	LGx	87	174	hap2
PR00512	LGx	88	185	hap2
PR00512	LGx	89	197	hap2
PR00512	LGx	90	210	hap2
PR00512	LGx	91	225	hap2
PR00512	LGx	92	242	hap2
PR00512	LGx	93	261	hap2
PR00512	LGx	94	282	hap2
PR00512	LGx	95	306	hap2
PR00512	LGx	96	331	hap2
PR00512	LGx	97	361	hap2
PR00512	LGx	98	395	hap2
PR00512	LGx	99	436	hap2
PR00512	LGx	100	487	hap2
PR00512	auN	3249489647	383.0913	primary
PR00512	auNG	3018593705	412.3944	primary
PR00512	Nx	1	160194412	primary
PR00512	Nx	2	160194412	primary
PR00512	Nx	3	160194412	primary
PR00512	Nx	4	160194412	primary
PR00512	Nx	5	132376628	primary
PR00512	Nx	6	132376628	primary
PR00512	Nx	7	132376628	primary
PR00512	Nx	8	132376628	primary
PR00512	Nx	9	132376628	primary
PR00512	Nx	10	105409861	primary
PR00512	Nx	11	105409861	primary
PR00512	Nx	12	105409861	primary
PR00512	Nx	13	99115566	primary
PR00512	Nx	14	99115566	primary
PR00512	Nx	15	99115566	primary
PR00512	Nx	16	90793646	primary
PR00512	Nx	17	90793646	primary
PR00512	Nx	18	90793646	primary
PR00512	Nx	19	88856495	primary
PR00512	Nx	20	88856495	primary
PR00512	Nx	21	87382675	primary
PR00512	Nx	22	87382675	primary
PR00512	Nx	23	87382675	primary
PR00512	Nx	24	79585127	primary
PR00512	Nx	25	79585127	primary
PR00512	Nx	26	76206171	primary
PR00512	Nx	27	76206171	primary
PR00512	Nx	28	76206171	primary
PR00512	Nx	29	74961951	primary
PR00512	Nx	30	74961951	primary
PR00512	Nx	31	74314688	primary
PR00512	Nx	32	74314688	primary
PR00512	Nx	33	63034963	primary
PR00512	Nx	34	63034963	primary
PR00512	Nx	35	62210445	primary
PR00512	Nx	36	62210445	primary
PR00512	Nx	37	59397525	primary
PR00512	Nx	38	59397525	primary
PR00512	Nx	39	58343008	primary
PR00512	Nx	40	58343008	primary
PR00512	Nx	41	57969106	primary
PR00512	Nx	42	57969106	primary
PR00512	Nx	43	56869757	primary
PR00512	Nx	44	55571136	primary
PR00512	Nx	45	55571136	primary
PR00512	Nx	46	53273921	primary
PR00512	Nx	47	53273921	primary
PR00512	Nx	48	50789576	primary
PR00512	Nx	49	49709016	primary
PR00512	Nx	50	49709016	primary
PR00512	Nx	51	47394916	primary
PR00512	Nx	52	46637301	primary
PR00512	Nx	53	46637301	primary
PR00512	Nx	54	44777146	primary
PR00512	Nx	55	43678238	primary
PR00512	Nx	56	42368305	primary
PR00512	Nx	57	42368305	primary
PR00512	Nx	58	41295050	primary
PR00512	Nx	59	41213452	primary
PR00512	Nx	60	37474383	primary
PR00512	Nx	61	37346598	primary
PR00512	Nx	62	37346598	primary
PR00512	Nx	63	35611187	primary
PR00512	Nx	64	35448462	primary
PR00512	Nx	65	35241949	primary
PR00512	Nx	66	33529964	primary
PR00512	Nx	67	31930629	primary
PR00512	Nx	68	31440602	primary
PR00512	Nx	69	31380173	primary
PR00512	Nx	70	30506127	primary
PR00512	Nx	71	28989137	primary
PR00512	Nx	72	24612051	primary
PR00512	Nx	73	21583143	primary
PR00512	Nx	74	21499954	primary
PR00512	Nx	75	19596642	primary
PR00512	Nx	76	18405935	primary
PR00512	Nx	77	17011091	primary
PR00512	Nx	78	16514792	primary
PR00512	Nx	79	16396469	primary
PR00512	Nx	80	15726261	primary
PR00512	Nx	81	14362341	primary
PR00512	Nx	82	13009703	primary
PR00512	Nx	83	12505415	primary
PR00512	Nx	84	12374390	primary
PR00512	Nx	85	7814540	primary
PR00512	Nx	86	6890494	primary
PR00512	Nx	87	6092650	primary
PR00512	Nx	88	4498412	primary
PR00512	Nx	89	3440937	primary
PR00512	Nx	90	3109960	primary
PR00512	Nx	91	2756609	primary
PR00512	Nx	92	2461627	primary
PR00512	Nx	93	2002756	primary
PR00512	Nx	94	1689815	primary
PR00512	Nx	95	1441953	primary
PR00512	Nx	96	1154017	primary
PR00512	Nx	97	865843	primary
PR00512	Nx	98	587105	primary
PR00512	Nx	99	351896	primary
PR00512	Nx	100	13199	primary
PR00512	Lx	1	160194412	primary
PR00512	Lx	2	160194412	primary
PR00512	Lx	3	160194412	primary
PR00512	Lx	4	160194412	primary
PR00512	Lx	5	132376628	primary
PR00512	Lx	6	132376628	primary
PR00512	Lx	7	132376628	primary
PR00512	Lx	8	132376628	primary
PR00512	Lx	9	132376628	primary
PR00512	Lx	10	105409861	primary
PR00512	Lx	11	105409861	primary
PR00512	Lx	12	105409861	primary
PR00512	Lx	13	99115566	primary
PR00512	Lx	14	99115566	primary
PR00512	Lx	15	99115566	primary
PR00512	Lx	16	90793646	primary
PR00512	Lx	17	90793646	primary
PR00512	Lx	18	90793646	primary
PR00512	Lx	19	88856495	primary
PR00512	Lx	20	88856495	primary
PR00512	Lx	21	87382675	primary
PR00512	Lx	22	87382675	primary
PR00512	Lx	23	87382675	primary
PR00512	Lx	24	79585127	primary
PR00512	Lx	25	79585127	primary
PR00512	Lx	26	76206171	primary
PR00512	Lx	27	76206171	primary
PR00512	Lx	28	76206171	primary
PR00512	Lx	29	74961951	primary
PR00512	Lx	30	74961951	primary
PR00512	Lx	31	74314688	primary
PR00512	Lx	32	74314688	primary
PR00512	Lx	33	63034963	primary
PR00512	Lx	34	63034963	primary
PR00512	Lx	35	62210445	primary
PR00512	Lx	36	62210445	primary
PR00512	Lx	37	59397525	primary
PR00512	Lx	38	59397525	primary
PR00512	Lx	39	58343008	primary
PR00512	Lx	40	58343008	primary
PR00512	Lx	41	57969106	primary
PR00512	Lx	42	57969106	primary
PR00512	Lx	43	56869757	primary
PR00512	Lx	44	55571136	primary
PR00512	Lx	45	55571136	primary
PR00512	Lx	46	53273921	primary
PR00512	Lx	47	53273921	primary
PR00512	Lx	48	50789576	primary
PR00512	Lx	49	49709016	primary
PR00512	Lx	50	49709016	primary
PR00512	Lx	51	47394916	primary
PR00512	Lx	52	46637301	primary
PR00512	Lx	53	46637301	primary
PR00512	Lx	54	44777146	primary
PR00512	Lx	55	43678238	primary
PR00512	Lx	56	42368305	primary
PR00512	Lx	57	42368305	primary
PR00512	Lx	58	41295050	primary
PR00512	Lx	59	41213452	primary
PR00512	Lx	60	37474383	primary
PR00512	Lx	61	37346598	primary
PR00512	Lx	62	37346598	primary
PR00512	Lx	63	35611187	primary
PR00512	Lx	64	35448462	primary
PR00512	Lx	65	35241949	primary
PR00512	Lx	66	33529964	primary
PR00512	Lx	67	31930629	primary
PR00512	Lx	68	31440602	primary
PR00512	Lx	69	31380173	primary
PR00512	Lx	70	30506127	primary
PR00512	Lx	71	28989137	primary
PR00512	Lx	72	24612051	primary
PR00512	Lx	73	21583143	primary
PR00512	Lx	74	21499954	primary
PR00512	Lx	75	19596642	primary
PR00512	Lx	76	18405935	primary
PR00512	Lx	77	17011091	primary
PR00512	Lx	78	16514792	primary
PR00512	Lx	79	16396469	primary
PR00512	Lx	80	15726261	primary
PR00512	Lx	81	14362341	primary
PR00512	Lx	82	13009703	primary
PR00512	Lx	83	12505415	primary
PR00512	Lx	84	12374390	primary
PR00512	Lx	85	7814540	primary
PR00512	Lx	86	6890494	primary
PR00512	Lx	87	6092650	primary
PR00512	Lx	88	4498412	primary
PR00512	Lx	89	3440937	primary
PR00512	Lx	90	3109960	primary
PR00512	Lx	91	2756609	primary
PR00512	Lx	92	2461627	primary
PR00512	Lx	93	2002756	primary
PR00512	Lx	94	1689815	primary
PR00512	Lx	95	1441953	primary
PR00512	Lx	96	1154017	primary
PR00512	Lx	97	865843	primary
PR00512	Lx	98	587105	primary
PR00512	Lx	99	351896	primary
PR00512	Lx	100	13199	primary
PR00512	NGx	1	160194412	primary
PR00512	NGx	2	160194412	primary
PR00512	NGx	3	160194412	primary
PR00512	NGx	4	160194412	primary
PR00512	NGx	5	160194412	primary
PR00512	NGx	6	132376628	primary
PR00512	NGx	7	132376628	primary
PR00512	NGx	8	132376628	primary
PR00512	NGx	9	132376628	primary
PR00512	NGx	10	105409861	primary
PR00512	NGx	11	105409861	primary
PR00512	NGx	12	105409861	primary
PR00512	NGx	13	105409861	primary
PR00512	NGx	14	99115566	primary
PR00512	NGx	15	99115566	primary
PR00512	NGx	16	99115566	primary
PR00512	NGx	17	90793646	primary
PR00512	NGx	18	90793646	primary
PR00512	NGx	19	90793646	primary
PR00512	NGx	20	88856495	primary
PR00512	NGx	21	88856495	primary
PR00512	NGx	22	88856495	primary
PR00512	NGx	23	87382675	primary
PR00512	NGx	24	87382675	primary
PR00512	NGx	25	87382675	primary
PR00512	NGx	26	79585127	primary
PR00512	NGx	27	79585127	primary
PR00512	NGx	28	76206171	primary
PR00512	NGx	29	76206171	primary
PR00512	NGx	30	76206171	primary
PR00512	NGx	31	74961951	primary
PR00512	NGx	32	74961951	primary
PR00512	NGx	33	74314688	primary
PR00512	NGx	34	74314688	primary
PR00512	NGx	35	74314688	primary
PR00512	NGx	36	63034963	primary
PR00512	NGx	37	63034963	primary
PR00512	NGx	38	62210445	primary
PR00512	NGx	39	62210445	primary
PR00512	NGx	40	59397525	primary
PR00512	NGx	41	59397525	primary
PR00512	NGx	42	58343008	primary
PR00512	NGx	43	58343008	primary
PR00512	NGx	44	57969106	primary
PR00512	NGx	45	57969106	primary
PR00512	NGx	46	56869757	primary
PR00512	NGx	47	56869757	primary
PR00512	NGx	48	55571136	primary
PR00512	NGx	49	55571136	primary
PR00512	NGx	50	53273921	primary
PR00512	NGx	51	50789576	primary
PR00512	NGx	52	50789576	primary
PR00512	NGx	53	49709016	primary
PR00512	NGx	54	49709016	primary
PR00512	NGx	55	47394916	primary
PR00512	NGx	56	46637301	primary
PR00512	NGx	57	46637301	primary
PR00512	NGx	58	44777146	primary
PR00512	NGx	59	43678238	primary
PR00512	NGx	60	43678238	primary
PR00512	NGx	61	42368305	primary
PR00512	NGx	62	41295050	primary
PR00512	NGx	63	41295050	primary
PR00512	NGx	64	41213452	primary
PR00512	NGx	65	37474383	primary
PR00512	NGx	66	37346598	primary
PR00512	NGx	67	35611187	primary
PR00512	NGx	68	35611187	primary
PR00512	NGx	69	35448462	primary
PR00512	NGx	70	35241949	primary
PR00512	NGx	71	33529964	primary
PR00512	NGx	72	31930629	primary
PR00512	NGx	73	31440602	primary
PR00512	NGx	74	31380173	primary
PR00512	NGx	75	30506127	primary
PR00512	NGx	76	28989137	primary
PR00512	NGx	77	24965148	primary
PR00512	NGx	78	24612051	primary
PR00512	NGx	79	21499954	primary
PR00512	NGx	80	19862817	primary
PR00512	NGx	81	19415607	primary
PR00512	NGx	82	18405935	primary
PR00512	NGx	83	17011091	primary
PR00512	NGx	84	16514792	primary
PR00512	NGx	85	16396469	primary
PR00512	NGx	86	15805594	primary
PR00512	NGx	87	15472640	primary
PR00512	NGx	88	13096882	primary
PR00512	NGx	89	12595467	primary
PR00512	NGx	90	12391043	primary
PR00512	NGx	91	9680299	primary
PR00512	NGx	92	7490806	primary
PR00512	NGx	93	6635320	primary
PR00512	NGx	94	5162235	primary
PR00512	NGx	95	4414276	primary
PR00512	NGx	96	3404291	primary
PR00512	NGx	97	3091890	primary
PR00512	NGx	98	2745730	primary
PR00512	NGx	99	2475584	primary
PR00512	NGx	100	2077972	primary
PR00512	LGx	1	1	primary
PR00512	LGx	2	1	primary
PR00512	LGx	3	1	primary
PR00512	LGx	4	1	primary
PR00512	LGx	5	1	primary
PR00512	LGx	6	2	primary
PR00512	LGx	7	2	primary
PR00512	LGx	8	2	primary
PR00512	LGx	9	2	primary
PR00512	LGx	10	3	primary
PR00512	LGx	11	3	primary
PR00512	LGx	12	3	primary
PR00512	LGx	13	3	primary
PR00512	LGx	14	4	primary
PR00512	LGx	15	4	primary
PR00512	LGx	16	4	primary
PR00512	LGx	17	5	primary
PR00512	LGx	18	5	primary
PR00512	LGx	19	5	primary
PR00512	LGx	20	6	primary
PR00512	LGx	21	6	primary
PR00512	LGx	22	6	primary
PR00512	LGx	23	7	primary
PR00512	LGx	24	7	primary
PR00512	LGx	25	7	primary
PR00512	LGx	26	8	primary
PR00512	LGx	27	8	primary
PR00512	LGx	28	9	primary
PR00512	LGx	29	9	primary
PR00512	LGx	30	9	primary
PR00512	LGx	31	10	primary
PR00512	LGx	32	10	primary
PR00512	LGx	33	11	primary
PR00512	LGx	34	11	primary
PR00512	LGx	35	11	primary
PR00512	LGx	36	12	primary
PR00512	LGx	37	12	primary
PR00512	LGx	38	13	primary
PR00512	LGx	39	13	primary
PR00512	LGx	40	14	primary
PR00512	LGx	41	14	primary
PR00512	LGx	42	15	primary
PR00512	LGx	43	15	primary
PR00512	LGx	44	16	primary
PR00512	LGx	45	16	primary
PR00512	LGx	46	17	primary
PR00512	LGx	47	17	primary
PR00512	LGx	48	18	primary
PR00512	LGx	49	18	primary
PR00512	LGx	50	19	primary
PR00512	LGx	51	20	primary
PR00512	LGx	52	20	primary
PR00512	LGx	53	21	primary
PR00512	LGx	54	21	primary
PR00512	LGx	55	22	primary
PR00512	LGx	56	23	primary
PR00512	LGx	57	23	primary
PR00512	LGx	58	24	primary
PR00512	LGx	59	25	primary
PR00512	LGx	60	25	primary
PR00512	LGx	61	26	primary
PR00512	LGx	62	27	primary
PR00512	LGx	63	27	primary
PR00512	LGx	64	28	primary
PR00512	LGx	65	29	primary
PR00512	LGx	66	30	primary
PR00512	LGx	67	31	primary
PR00512	LGx	68	31	primary
PR00512	LGx	69	32	primary
PR00512	LGx	70	33	primary
PR00512	LGx	71	34	primary
PR00512	LGx	72	35	primary
PR00512	LGx	73	36	primary
PR00512	LGx	74	37	primary
PR00512	LGx	75	38	primary
PR00512	LGx	76	39	primary
PR00512	LGx	77	40	primary
PR00512	LGx	78	41	primary
PR00512	LGx	79	43	primary
PR00512	LGx	80	44	primary
PR00512	LGx	81	46	primary
PR00512	LGx	82	47	primary
PR00512	LGx	83	49	primary
PR00512	LGx	84	51	primary
PR00512	LGx	85	52	primary
PR00512	LGx	86	54	primary
PR00512	LGx	87	56	primary
PR00512	LGx	88	58	primary
PR00512	LGx	89	61	primary
PR00512	LGx	90	63	primary
PR00512	LGx	91	66	primary
PR00512	LGx	92	70	primary
PR00512	LGx	93	74	primary
PR00512	LGx	94	79	primary
PR00512	LGx	95	85	primary
PR00512	LGx	96	93	primary
PR00512	LGx	97	102	primary
PR00512	LGx	98	113	primary
PR00512	LGx	99	124	primary
PR00512	LGx	100	137	primary
PR01225	auN	3118959625	773.49603	hap1
PR01225	auNG	3018593705	799.2141	hap1
PR01225	Nx	1	93323191	hap1
PR01225	Nx	2	93323191	hap1
PR01225	Nx	3	78978505	hap1
PR01225	Nx	4	78978505	hap1
PR01225	Nx	5	78978505	hap1
PR01225	Nx	6	65020996	hap1
PR01225	Nx	7	65020996	hap1
PR01225	Nx	8	64046946	hap1
PR01225	Nx	9	64046946	hap1
PR01225	Nx	10	63308294	hap1
PR01225	Nx	11	63308294	hap1
PR01225	Nx	12	58882452	hap1
PR01225	Nx	13	58882452	hap1
PR01225	Nx	14	57867932	hap1
PR01225	Nx	15	57867932	hap1
PR01225	Nx	16	50051663	hap1
PR01225	Nx	17	50051663	hap1
PR01225	Nx	18	46888227	hap1
PR01225	Nx	19	46801176	hap1
PR01225	Nx	20	46801176	hap1
PR01225	Nx	21	46396486	hap1
PR01225	Nx	22	45913243	hap1
PR01225	Nx	23	45913243	hap1
PR01225	Nx	24	35881521	hap1
PR01225	Nx	25	35467527	hap1
PR01225	Nx	26	35109564	hap1
PR01225	Nx	27	33958686	hap1
PR01225	Nx	28	32201055	hap1
PR01225	Nx	29	30478446	hap1
PR01225	Nx	30	29244982	hap1
PR01225	Nx	31	29217484	hap1
PR01225	Nx	32	28973215	hap1
PR01225	Nx	33	28966847	hap1
PR01225	Nx	34	28763602	hap1
PR01225	Nx	35	27812659	hap1
PR01225	Nx	36	26851708	hap1
PR01225	Nx	37	26251840	hap1
PR01225	Nx	38	26125393	hap1
PR01225	Nx	39	25516993	hap1
PR01225	Nx	40	25476152	hap1
PR01225	Nx	41	24077841	hap1
PR01225	Nx	42	24054313	hap1
PR01225	Nx	43	23443503	hap1
PR01225	Nx	44	22322061	hap1
PR01225	Nx	45	22057805	hap1
PR01225	Nx	46	21403521	hap1
PR01225	Nx	47	20962208	hap1
PR01225	Nx	48	20661668	hap1
PR01225	Nx	49	20093366	hap1
PR01225	Nx	50	20075427	hap1
PR01225	Nx	51	19876729	hap1
PR01225	Nx	52	17080541	hap1
PR01225	Nx	53	16128021	hap1
PR01225	Nx	54	15407423	hap1
PR01225	Nx	55	15002520	hap1
PR01225	Nx	56	14829982	hap1
PR01225	Nx	57	14678136	hap1
PR01225	Nx	58	14569668	hap1
PR01225	Nx	59	14386678	hap1
PR01225	Nx	60	13645736	hap1
PR01225	Nx	61	13304627	hap1
PR01225	Nx	62	13160200	hap1
PR01225	Nx	63	13087216	hap1
PR01225	Nx	64	12892810	hap1
PR01225	Nx	65	12449088	hap1
PR01225	Nx	66	11572281	hap1
PR01225	Nx	67	11276358	hap1
PR01225	Nx	68	10849635	hap1
PR01225	Nx	69	10338927	hap1
PR01225	Nx	70	10016905	hap1
PR01225	Nx	71	9233996	hap1
PR01225	Nx	72	8798792	hap1
PR01225	Nx	73	7973068	hap1
PR01225	Nx	74	7467742	hap1
PR01225	Nx	75	7163322	hap1
PR01225	Nx	76	7051993	hap1
PR01225	Nx	77	6380666	hap1
PR01225	Nx	78	6101856	hap1
PR01225	Nx	79	5392602	hap1
PR01225	Nx	80	4949869	hap1
PR01225	Nx	81	4470901	hap1
PR01225	Nx	82	3791777	hap1
PR01225	Nx	83	3375716	hap1
PR01225	Nx	84	3087335	hap1
PR01225	Nx	85	2777768	hap1
PR01225	Nx	86	2513135	hap1
PR01225	Nx	87	2333391	hap1
PR01225	Nx	88	2108362	hap1
PR01225	Nx	89	1811485	hap1
PR01225	Nx	90	1504979	hap1
PR01225	Nx	91	1290384	hap1
PR01225	Nx	92	1153003	hap1
PR01225	Nx	93	1012186	hap1
PR01225	Nx	94	836372	hap1
PR01225	Nx	95	660074	hap1
PR01225	Nx	96	554431	hap1
PR01225	Nx	97	434567	hap1
PR01225	Nx	98	288584	hap1
PR01225	Nx	99	156822	hap1
PR01225	Nx	100	7883	hap1
PR01225	Lx	1	93323191	hap1
PR01225	Lx	2	93323191	hap1
PR01225	Lx	3	78978505	hap1
PR01225	Lx	4	78978505	hap1
PR01225	Lx	5	78978505	hap1
PR01225	Lx	6	65020996	hap1
PR01225	Lx	7	65020996	hap1
PR01225	Lx	8	64046946	hap1
PR01225	Lx	9	64046946	hap1
PR01225	Lx	10	63308294	hap1
PR01225	Lx	11	63308294	hap1
PR01225	Lx	12	58882452	hap1
PR01225	Lx	13	58882452	hap1
PR01225	Lx	14	57867932	hap1
PR01225	Lx	15	57867932	hap1
PR01225	Lx	16	50051663	hap1
PR01225	Lx	17	50051663	hap1
PR01225	Lx	18	46888227	hap1
PR01225	Lx	19	46801176	hap1
PR01225	Lx	20	46801176	hap1
PR01225	Lx	21	46396486	hap1
PR01225	Lx	22	45913243	hap1
PR01225	Lx	23	45913243	hap1
PR01225	Lx	24	35881521	hap1
PR01225	Lx	25	35467527	hap1
PR01225	Lx	26	35109564	hap1
PR01225	Lx	27	33958686	hap1
PR01225	Lx	28	32201055	hap1
PR01225	Lx	29	30478446	hap1
PR01225	Lx	30	29244982	hap1
PR01225	Lx	31	29217484	hap1
PR01225	Lx	32	28973215	hap1
PR01225	Lx	33	28966847	hap1
PR01225	Lx	34	28763602	hap1
PR01225	Lx	35	27812659	hap1
PR01225	Lx	36	26851708	hap1
PR01225	Lx	37	26251840	hap1
PR01225	Lx	38	26125393	hap1
PR01225	Lx	39	25516993	hap1
PR01225	Lx	40	25476152	hap1
PR01225	Lx	41	24077841	hap1
PR01225	Lx	42	24054313	hap1
PR01225	Lx	43	23443503	hap1
PR01225	Lx	44	22322061	hap1
PR01225	Lx	45	22057805	hap1
PR01225	Lx	46	21403521	hap1
PR01225	Lx	47	20962208	hap1
PR01225	Lx	48	20661668	hap1
PR01225	Lx	49	20093366	hap1
PR01225	Lx	50	20075427	hap1
PR01225	Lx	51	19876729	hap1
PR01225	Lx	52	17080541	hap1
PR01225	Lx	53	16128021	hap1
PR01225	Lx	54	15407423	hap1
PR01225	Lx	55	15002520	hap1
PR01225	Lx	56	14829982	hap1
PR01225	Lx	57	14678136	hap1
PR01225	Lx	58	14569668	hap1
PR01225	Lx	59	14386678	hap1
PR01225	Lx	60	13645736	hap1
PR01225	Lx	61	13304627	hap1
PR01225	Lx	62	13160200	hap1
PR01225	Lx	63	13087216	hap1
PR01225	Lx	64	12892810	hap1
PR01225	Lx	65	12449088	hap1
PR01225	Lx	66	11572281	hap1
PR01225	Lx	67	11276358	hap1
PR01225	Lx	68	10849635	hap1
PR01225	Lx	69	10338927	hap1
PR01225	Lx	70	10016905	hap1
PR01225	Lx	71	9233996	hap1
PR01225	Lx	72	8798792	hap1
PR01225	Lx	73	7973068	hap1
PR01225	Lx	74	7467742	hap1
PR01225	Lx	75	7163322	hap1
PR01225	Lx	76	7051993	hap1
PR01225	Lx	77	6380666	hap1
PR01225	Lx	78	6101856	hap1
PR01225	Lx	79	5392602	hap1
PR01225	Lx	80	4949869	hap1
PR01225	Lx	81	4470901	hap1
PR01225	Lx	82	3791777	hap1
PR01225	Lx	83	3375716	hap1
PR01225	Lx	84	3087335	hap1
PR01225	Lx	85	2777768	hap1
PR01225	Lx	86	2513135	hap1
PR01225	Lx	87	2333391	hap1
PR01225	Lx	88	2108362	hap1
PR01225	Lx	89	1811485	hap1
PR01225	Lx	90	1504979	hap1
PR01225	Lx	91	1290384	hap1
PR01225	Lx	92	1153003	hap1
PR01225	Lx	93	1012186	hap1
PR01225	Lx	94	836372	hap1
PR01225	Lx	95	660074	hap1
PR01225	Lx	96	554431	hap1
PR01225	Lx	97	434567	hap1
PR01225	Lx	98	288584	hap1
PR01225	Lx	99	156822	hap1
PR01225	Lx	100	7883	hap1
PR01225	NGx	1	93323191	hap1
PR01225	NGx	2	93323191	hap1
PR01225	NGx	3	93323191	hap1
PR01225	NGx	4	78978505	hap1
PR01225	NGx	5	78978505	hap1
PR01225	NGx	6	65020996	hap1
PR01225	NGx	7	65020996	hap1
PR01225	NGx	8	64046946	hap1
PR01225	NGx	9	64046946	hap1
PR01225	NGx	10	63308294	hap1
PR01225	NGx	11	63308294	hap1
PR01225	NGx	12	63308294	hap1
PR01225	NGx	13	58882452	hap1
PR01225	NGx	14	58882452	hap1
PR01225	NGx	15	57867932	hap1
PR01225	NGx	16	50051663	hap1
PR01225	NGx	17	50051663	hap1
PR01225	NGx	18	46888227	hap1
PR01225	NGx	19	46888227	hap1
PR01225	NGx	20	46801176	hap1
PR01225	NGx	21	46396486	hap1
PR01225	NGx	22	46396486	hap1
PR01225	NGx	23	45913243	hap1
PR01225	NGx	24	35881521	hap1
PR01225	NGx	25	35467527	hap1
PR01225	NGx	26	35467527	hap1
PR01225	NGx	27	35109564	hap1
PR01225	NGx	28	33958686	hap1
PR01225	NGx	29	32201055	hap1
PR01225	NGx	30	30478446	hap1
PR01225	NGx	31	29244982	hap1
PR01225	NGx	32	29217484	hap1
PR01225	NGx	33	28973215	hap1
PR01225	NGx	34	28966847	hap1
PR01225	NGx	35	28763602	hap1
PR01225	NGx	36	27812659	hap1
PR01225	NGx	37	27057593	hap1
PR01225	NGx	38	26851708	hap1
PR01225	NGx	39	26125393	hap1
PR01225	NGx	40	25516993	hap1
PR01225	NGx	41	25476152	hap1
PR01225	NGx	42	24462015	hap1
PR01225	NGx	43	24077841	hap1
PR01225	NGx	44	23443503	hap1
PR01225	NGx	45	22811086	hap1
PR01225	NGx	46	22322061	hap1
PR01225	NGx	47	21403521	hap1
PR01225	NGx	48	21245794	hap1
PR01225	NGx	49	20661668	hap1
PR01225	NGx	50	20300417	hap1
PR01225	NGx	51	20089105	hap1
PR01225	NGx	52	20075427	hap1
PR01225	NGx	53	19527237	hap1
PR01225	NGx	54	17080541	hap1
PR01225	NGx	55	16128021	hap1
PR01225	NGx	56	15407423	hap1
PR01225	NGx	57	15002520	hap1
PR01225	NGx	58	14829982	hap1
PR01225	NGx	59	14678136	hap1
PR01225	NGx	60	14569668	hap1
PR01225	NGx	61	14386678	hap1
PR01225	NGx	62	13645736	hap1
PR01225	NGx	63	13304627	hap1
PR01225	NGx	64	13160200	hap1
PR01225	NGx	65	13087216	hap1
PR01225	NGx	66	12906967	hap1
PR01225	NGx	67	12449088	hap1
PR01225	NGx	68	12120967	hap1
PR01225	NGx	69	11276358	hap1
PR01225	NGx	70	10849635	hap1
PR01225	NGx	71	10574824	hap1
PR01225	NGx	72	10200312	hap1
PR01225	NGx	73	9599475	hap1
PR01225	NGx	74	9008571	hap1
PR01225	NGx	75	8363472	hap1
PR01225	NGx	76	7661967	hap1
PR01225	NGx	77	7206927	hap1
PR01225	NGx	78	7078787	hap1
PR01225	NGx	79	6772595	hap1
PR01225	NGx	80	6160042	hap1
PR01225	NGx	81	5698228	hap1
PR01225	NGx	82	5291516	hap1
PR01225	NGx	83	4595442	hap1
PR01225	NGx	84	4050864	hap1
PR01225	NGx	85	3625995	hap1
PR01225	NGx	86	3276598	hap1
PR01225	NGx	87	2991477	hap1
PR01225	NGx	88	2699562	hap1
PR01225	NGx	89	2501378	hap1
PR01225	NGx	90	2299454	hap1
PR01225	NGx	91	2102718	hap1
PR01225	NGx	92	1800686	hap1
PR01225	NGx	93	1504979	hap1
PR01225	NGx	94	1296909	hap1
PR01225	NGx	95	1153925	hap1
PR01225	NGx	96	1049697	hap1
PR01225	NGx	97	869903	hap1
PR01225	NGx	98	679050	hap1
PR01225	NGx	99	573392	hap1
PR01225	NGx	100	465988	hap1
PR01225	LGx	1	1	hap1
PR01225	LGx	2	1	hap1
PR01225	LGx	3	1	hap1
PR01225	LGx	4	2	hap1
PR01225	LGx	5	2	hap1
PR01225	LGx	6	3	hap1
PR01225	LGx	7	3	hap1
PR01225	LGx	8	4	hap1
PR01225	LGx	9	4	hap1
PR01225	LGx	10	5	hap1
PR01225	LGx	11	5	hap1
PR01225	LGx	12	5	hap1
PR01225	LGx	13	6	hap1
PR01225	LGx	14	6	hap1
PR01225	LGx	15	7	hap1
PR01225	LGx	16	8	hap1
PR01225	LGx	17	8	hap1
PR01225	LGx	18	9	hap1
PR01225	LGx	19	9	hap1
PR01225	LGx	20	10	hap1
PR01225	LGx	21	11	hap1
PR01225	LGx	22	11	hap1
PR01225	LGx	23	12	hap1
PR01225	LGx	24	13	hap1
PR01225	LGx	25	14	hap1
PR01225	LGx	26	14	hap1
PR01225	LGx	27	15	hap1
PR01225	LGx	28	16	hap1
PR01225	LGx	29	17	hap1
PR01225	LGx	30	18	hap1
PR01225	LGx	31	19	hap1
PR01225	LGx	32	20	hap1
PR01225	LGx	33	21	hap1
PR01225	LGx	34	22	hap1
PR01225	LGx	35	23	hap1
PR01225	LGx	36	24	hap1
PR01225	LGx	37	25	hap1
PR01225	LGx	38	26	hap1
PR01225	LGx	39	28	hap1
PR01225	LGx	40	29	hap1
PR01225	LGx	41	30	hap1
PR01225	LGx	42	31	hap1
PR01225	LGx	43	32	hap1
PR01225	LGx	44	34	hap1
PR01225	LGx	45	35	hap1
PR01225	LGx	46	36	hap1
PR01225	LGx	47	38	hap1
PR01225	LGx	48	39	hap1
PR01225	LGx	49	41	hap1
PR01225	LGx	50	42	hap1
PR01225	LGx	51	44	hap1
PR01225	LGx	52	45	hap1
PR01225	LGx	53	47	hap1
PR01225	LGx	54	48	hap1
PR01225	LGx	55	50	hap1
PR01225	LGx	56	52	hap1
PR01225	LGx	57	54	hap1
PR01225	LGx	58	56	hap1
PR01225	LGx	59	58	hap1
PR01225	LGx	60	60	hap1
PR01225	LGx	61	62	hap1
PR01225	LGx	62	64	hap1
PR01225	LGx	63	67	hap1
PR01225	LGx	64	69	hap1
PR01225	LGx	65	71	hap1
PR01225	LGx	66	73	hap1
PR01225	LGx	67	76	hap1
PR01225	LGx	68	78	hap1
PR01225	LGx	69	81	hap1
PR01225	LGx	70	84	hap1
PR01225	LGx	71	86	hap1
PR01225	LGx	72	89	hap1
PR01225	LGx	73	92	hap1
PR01225	LGx	74	96	hap1
PR01225	LGx	75	99	hap1
PR01225	LGx	76	103	hap1
PR01225	LGx	77	107	hap1
PR01225	LGx	78	111	hap1
PR01225	LGx	79	116	hap1
PR01225	LGx	80	120	hap1
PR01225	LGx	81	125	hap1
PR01225	LGx	82	131	hap1
PR01225	LGx	83	137	hap1
PR01225	LGx	84	144	hap1
PR01225	LGx	85	151	hap1
PR01225	LGx	86	160	hap1
PR01225	LGx	87	170	hap1
PR01225	LGx	88	180	hap1
PR01225	LGx	89	192	hap1
PR01225	LGx	90	205	hap1
PR01225	LGx	91	218	hap1
PR01225	LGx	92	234	hap1
PR01225	LGx	93	252	hap1
PR01225	LGx	94	273	hap1
PR01225	LGx	95	298	hap1
PR01225	LGx	96	325	hap1
PR01225	LGx	97	357	hap1
PR01225	LGx	98	397	hap1
PR01225	LGx	99	446	hap1
PR01225	LGx	100	504	hap1
PR01225	auN	3097177554	939.04913	hap2
PR01225	auNG	3018593705	963.49567	hap2
PR01225	Nx	1	57850522	hap2
PR01225	Nx	2	55499131	hap2
PR01225	Nx	3	55499131	hap2
PR01225	Nx	4	52860779	hap2
PR01225	Nx	5	52860779	hap2
PR01225	Nx	6	52099689	hap2
PR01225	Nx	7	52099689	hap2
PR01225	Nx	8	40395592	hap2
PR01225	Nx	9	39538014	hap2
PR01225	Nx	10	34956715	hap2
PR01225	Nx	11	34110505	hap2
PR01225	Nx	12	30916692	hap2
PR01225	Nx	13	28707572	hap2
PR01225	Nx	14	28606736	hap2
PR01225	Nx	15	28455203	hap2
PR01225	Nx	16	26765143	hap2
PR01225	Nx	17	24820028	hap2
PR01225	Nx	18	23928205	hap2
PR01225	Nx	19	23613461	hap2
PR01225	Nx	20	23298533	hap2
PR01225	Nx	21	23140747	hap2
PR01225	Nx	22	22213353	hap2
PR01225	Nx	23	21667948	hap2
PR01225	Nx	24	21434159	hap2
PR01225	Nx	25	20844767	hap2
PR01225	Nx	26	20275063	hap2
PR01225	Nx	27	20016881	hap2
PR01225	Nx	28	19914205	hap2
PR01225	Nx	29	19133190	hap2
PR01225	Nx	30	18396426	hap2
PR01225	Nx	31	17057738	hap2
PR01225	Nx	32	16954793	hap2
PR01225	Nx	33	16585732	hap2
PR01225	Nx	34	15950385	hap2
PR01225	Nx	35	15736137	hap2
PR01225	Nx	36	15430278	hap2
PR01225	Nx	37	15284574	hap2
PR01225	Nx	38	15195422	hap2
PR01225	Nx	39	15149359	hap2
PR01225	Nx	40	14944956	hap2
PR01225	Nx	41	14487790	hap2
PR01225	Nx	42	13986695	hap2
PR01225	Nx	43	13558174	hap2
PR01225	Nx	44	13485322	hap2
PR01225	Nx	45	13099963	hap2
PR01225	Nx	46	12551621	hap2
PR01225	Nx	47	12337915	hap2
PR01225	Nx	48	11871370	hap2
PR01225	Nx	49	11023507	hap2
PR01225	Nx	50	10531739	hap2
PR01225	Nx	51	10133176	hap2
PR01225	Nx	52	9781714	hap2
PR01225	Nx	53	9416260	hap2
PR01225	Nx	54	9288911	hap2
PR01225	Nx	55	9020454	hap2
PR01225	Nx	56	8887489	hap2
PR01225	Nx	57	8796434	hap2
PR01225	Nx	58	8553627	hap2
PR01225	Nx	59	8364697	hap2
PR01225	Nx	60	8286721	hap2
PR01225	Nx	61	7988214	hap2
PR01225	Nx	62	7847639	hap2
PR01225	Nx	63	7452908	hap2
PR01225	Nx	64	7251006	hap2
PR01225	Nx	65	6915450	hap2
PR01225	Nx	66	6818152	hap2
PR01225	Nx	67	6497938	hap2
PR01225	Nx	68	6203045	hap2
PR01225	Nx	69	5922006	hap2
PR01225	Nx	70	5709495	hap2
PR01225	Nx	71	5414051	hap2
PR01225	Nx	72	5169190	hap2
PR01225	Nx	73	5024802	hap2
PR01225	Nx	74	4640687	hap2
PR01225	Nx	75	4438623	hap2
PR01225	Nx	76	4229866	hap2
PR01225	Nx	77	4024818	hap2
PR01225	Nx	78	3935007	hap2
PR01225	Nx	79	3663369	hap2
PR01225	Nx	80	3400428	hap2
PR01225	Nx	81	3160335	hap2
PR01225	Nx	82	2954359	hap2
PR01225	Nx	83	2808170	hap2
PR01225	Nx	84	2510131	hap2
PR01225	Nx	85	2297322	hap2
PR01225	Nx	86	2126002	hap2
PR01225	Nx	87	1892550	hap2
PR01225	Nx	88	1682736	hap2
PR01225	Nx	89	1492668	hap2
PR01225	Nx	90	1307297	hap2
PR01225	Nx	91	1202096	hap2
PR01225	Nx	92	1037658	hap2
PR01225	Nx	93	889842	hap2
PR01225	Nx	94	746894	hap2
PR01225	Nx	95	617579	hap2
PR01225	Nx	96	492890	hap2
PR01225	Nx	97	368426	hap2
PR01225	Nx	98	258525	hap2
PR01225	Nx	99	133210	hap2
PR01225	Nx	100	13004	hap2
PR01225	Lx	1	57850522	hap2
PR01225	Lx	2	55499131	hap2
PR01225	Lx	3	55499131	hap2
PR01225	Lx	4	52860779	hap2
PR01225	Lx	5	52860779	hap2
PR01225	Lx	6	52099689	hap2
PR01225	Lx	7	52099689	hap2
PR01225	Lx	8	40395592	hap2
PR01225	Lx	9	39538014	hap2
PR01225	Lx	10	34956715	hap2
PR01225	Lx	11	34110505	hap2
PR01225	Lx	12	30916692	hap2
PR01225	Lx	13	28707572	hap2
PR01225	Lx	14	28606736	hap2
PR01225	Lx	15	28455203	hap2
PR01225	Lx	16	26765143	hap2
PR01225	Lx	17	24820028	hap2
PR01225	Lx	18	23928205	hap2
PR01225	Lx	19	23613461	hap2
PR01225	Lx	20	23298533	hap2
PR01225	Lx	21	23140747	hap2
PR01225	Lx	22	22213353	hap2
PR01225	Lx	23	21667948	hap2
PR01225	Lx	24	21434159	hap2
PR01225	Lx	25	20844767	hap2
PR01225	Lx	26	20275063	hap2
PR01225	Lx	27	20016881	hap2
PR01225	Lx	28	19914205	hap2
PR01225	Lx	29	19133190	hap2
PR01225	Lx	30	18396426	hap2
PR01225	Lx	31	17057738	hap2
PR01225	Lx	32	16954793	hap2
PR01225	Lx	33	16585732	hap2
PR01225	Lx	34	15950385	hap2
PR01225	Lx	35	15736137	hap2
PR01225	Lx	36	15430278	hap2
PR01225	Lx	37	15284574	hap2
PR01225	Lx	38	15195422	hap2
PR01225	Lx	39	15149359	hap2
PR01225	Lx	40	14944956	hap2
PR01225	Lx	41	14487790	hap2
PR01225	Lx	42	13986695	hap2
PR01225	Lx	43	13558174	hap2
PR01225	Lx	44	13485322	hap2
PR01225	Lx	45	13099963	hap2
PR01225	Lx	46	12551621	hap2
PR01225	Lx	47	12337915	hap2
PR01225	Lx	48	11871370	hap2
PR01225	Lx	49	11023507	hap2
PR01225	Lx	50	10531739	hap2
PR01225	Lx	51	10133176	hap2
PR01225	Lx	52	9781714	hap2
PR01225	Lx	53	9416260	hap2
PR01225	Lx	54	9288911	hap2
PR01225	Lx	55	9020454	hap2
PR01225	Lx	56	8887489	hap2
PR01225	Lx	57	8796434	hap2
PR01225	Lx	58	8553627	hap2
PR01225	Lx	59	8364697	hap2
PR01225	Lx	60	8286721	hap2
PR01225	Lx	61	7988214	hap2
PR01225	Lx	62	7847639	hap2
PR01225	Lx	63	7452908	hap2
PR01225	Lx	64	7251006	hap2
PR01225	Lx	65	6915450	hap2
PR01225	Lx	66	6818152	hap2
PR01225	Lx	67	6497938	hap2
PR01225	Lx	68	6203045	hap2
PR01225	Lx	69	5922006	hap2
PR01225	Lx	70	5709495	hap2
PR01225	Lx	71	5414051	hap2
PR01225	Lx	72	5169190	hap2
PR01225	Lx	73	5024802	hap2
PR01225	Lx	74	4640687	hap2
PR01225	Lx	75	4438623	hap2
PR01225	Lx	76	4229866	hap2
PR01225	Lx	77	4024818	hap2
PR01225	Lx	78	3935007	hap2
PR01225	Lx	79	3663369	hap2
PR01225	Lx	80	3400428	hap2
PR01225	Lx	81	3160335	hap2
PR01225	Lx	82	2954359	hap2
PR01225	Lx	83	2808170	hap2
PR01225	Lx	84	2510131	hap2
PR01225	Lx	85	2297322	hap2
PR01225	Lx	86	2126002	hap2
PR01225	Lx	87	1892550	hap2
PR01225	Lx	88	1682736	hap2
PR01225	Lx	89	1492668	hap2
PR01225	Lx	90	1307297	hap2
PR01225	Lx	91	1202096	hap2
PR01225	Lx	92	1037658	hap2
PR01225	Lx	93	889842	hap2
PR01225	Lx	94	746894	hap2
PR01225	Lx	95	617579	hap2
PR01225	Lx	96	492890	hap2
PR01225	Lx	97	368426	hap2
PR01225	Lx	98	258525	hap2
PR01225	Lx	99	133210	hap2
PR01225	Lx	100	13004	hap2
PR01225	NGx	1	57850522	hap2
PR01225	NGx	2	55499131	hap2
PR01225	NGx	3	55499131	hap2
PR01225	NGx	4	52860779	hap2
PR01225	NGx	5	52860779	hap2
PR01225	NGx	6	52099689	hap2
PR01225	NGx	7	52099689	hap2
PR01225	NGx	8	40395592	hap2
PR01225	NGx	9	39538014	hap2
PR01225	NGx	10	34956715	hap2
PR01225	NGx	11	34956715	hap2
PR01225	NGx	12	34110505	hap2
PR01225	NGx	13	30916692	hap2
PR01225	NGx	14	28707572	hap2
PR01225	NGx	15	28606736	hap2
PR01225	NGx	16	28455203	hap2
PR01225	NGx	17	24820028	hap2
PR01225	NGx	18	23928205	hap2
PR01225	NGx	19	23919583	hap2
PR01225	NGx	20	23613461	hap2
PR01225	NGx	21	23140747	hap2
PR01225	NGx	22	22452087	hap2
PR01225	NGx	23	22213353	hap2
PR01225	NGx	24	21597463	hap2
PR01225	NGx	25	21434159	hap2
PR01225	NGx	26	20825368	hap2
PR01225	NGx	27	20275063	hap2
PR01225	NGx	28	19963037	hap2
PR01225	NGx	29	19914205	hap2
PR01225	NGx	30	18503868	hap2
PR01225	NGx	31	18396426	hap2
PR01225	NGx	32	17057738	hap2
PR01225	NGx	33	16717985	hap2
PR01225	NGx	34	16335623	hap2
PR01225	NGx	35	15950385	hap2
PR01225	NGx	36	15736137	hap2
PR01225	NGx	37	15430278	hap2
PR01225	NGx	38	15284574	hap2
PR01225	NGx	39	15195422	hap2
PR01225	NGx	40	15149359	hap2
PR01225	NGx	41	14944956	hap2
PR01225	NGx	42	14487790	hap2
PR01225	NGx	43	14120641	hap2
PR01225	NGx	44	13558174	hap2
PR01225	NGx	45	13485322	hap2
PR01225	NGx	46	13099963	hap2
PR01225	NGx	47	12799862	hap2
PR01225	NGx	48	12337915	hap2
PR01225	NGx	49	12215195	hap2
PR01225	NGx	50	11229753	hap2
PR01225	NGx	51	10531739	hap2
PR01225	NGx	52	10175669	hap2
PR01225	NGx	53	9846611	hap2
PR01225	NGx	54	9446989	hap2
PR01225	NGx	55	9307424	hap2
PR01225	NGx	56	9100124	hap2
PR01225	NGx	57	8984786	hap2
PR01225	NGx	58	8807145	hap2
PR01225	NGx	59	8742151	hap2
PR01225	NGx	60	8532243	hap2
PR01225	NGx	61	8305675	hap2
PR01225	NGx	62	8238064	hap2
PR01225	NGx	63	7926483	hap2
PR01225	NGx	64	7582734	hap2
PR01225	NGx	65	7362159	hap2
PR01225	NGx	66	7139094	hap2
PR01225	NGx	67	6902653	hap2
PR01225	NGx	68	6754675	hap2
PR01225	NGx	69	6374136	hap2
PR01225	NGx	70	6013129	hap2
PR01225	NGx	71	5906518	hap2
PR01225	NGx	72	5698228	hap2
PR01225	NGx	73	5410885	hap2
PR01225	NGx	74	5169190	hap2
PR01225	NGx	75	5024802	hap2
PR01225	NGx	76	4574945	hap2
PR01225	NGx	77	4438623	hap2
PR01225	NGx	78	4229866	hap2
PR01225	NGx	79	4024818	hap2
PR01225	NGx	80	3935007	hap2
PR01225	NGx	81	3663369	hap2
PR01225	NGx	82	3400428	hap2
PR01225	NGx	83	3187718	hap2
PR01225	NGx	84	2974775	hap2
PR01225	NGx	85	2849878	hap2
PR01225	NGx	86	2536442	hap2
PR01225	NGx	87	2342636	hap2
PR01225	NGx	88	2194707	hap2
PR01225	NGx	89	1916799	hap2
PR01225	NGx	90	1732217	hap2
PR01225	NGx	91	1539624	hap2
PR01225	NGx	92	1369410	hap2
PR01225	NGx	93	1218735	hap2
PR01225	NGx	94	1104613	hap2
PR01225	NGx	95	963511	hap2
PR01225	NGx	96	834142	hap2
PR01225	NGx	97	691553	hap2
PR01225	NGx	98	548387	hap2
PR01225	NGx	99	427706	hap2
PR01225	NGx	100	315412	hap2
PR01225	LGx	1	1	hap2
PR01225	LGx	2	2	hap2
PR01225	LGx	3	2	hap2
PR01225	LGx	4	3	hap2
PR01225	LGx	5	3	hap2
PR01225	LGx	6	4	hap2
PR01225	LGx	7	4	hap2
PR01225	LGx	8	5	hap2
PR01225	LGx	9	6	hap2
PR01225	LGx	10	7	hap2
PR01225	LGx	11	7	hap2
PR01225	LGx	12	8	hap2
PR01225	LGx	13	9	hap2
PR01225	LGx	14	10	hap2
PR01225	LGx	15	11	hap2
PR01225	LGx	16	12	hap2
PR01225	LGx	17	14	hap2
PR01225	LGx	18	15	hap2
PR01225	LGx	19	16	hap2
PR01225	LGx	20	17	hap2
PR01225	LGx	21	19	hap2
PR01225	LGx	22	20	hap2
PR01225	LGx	23	21	hap2
PR01225	LGx	24	23	hap2
PR01225	LGx	25	24	hap2
PR01225	LGx	26	26	hap2
PR01225	LGx	27	27	hap2
PR01225	LGx	28	29	hap2
PR01225	LGx	29	30	hap2
PR01225	LGx	30	32	hap2
PR01225	LGx	31	33	hap2
PR01225	LGx	32	35	hap2
PR01225	LGx	33	37	hap2
PR01225	LGx	34	39	hap2
PR01225	LGx	35	40	hap2
PR01225	LGx	36	42	hap2
PR01225	LGx	37	44	hap2
PR01225	LGx	38	46	hap2
PR01225	LGx	39	48	hap2
PR01225	LGx	40	50	hap2
PR01225	LGx	41	52	hap2
PR01225	LGx	42	54	hap2
PR01225	LGx	43	56	hap2
PR01225	LGx	44	59	hap2
PR01225	LGx	45	61	hap2
PR01225	LGx	46	63	hap2
PR01225	LGx	47	65	hap2
PR01225	LGx	48	68	hap2
PR01225	LGx	49	70	hap2
PR01225	LGx	50	73	hap2
PR01225	LGx	51	76	hap2
PR01225	LGx	52	79	hap2
PR01225	LGx	53	82	hap2
PR01225	LGx	54	85	hap2
PR01225	LGx	55	88	hap2
PR01225	LGx	56	91	hap2
PR01225	LGx	57	94	hap2
PR01225	LGx	58	98	hap2
PR01225	LGx	59	101	hap2
PR01225	LGx	60	105	hap2
PR01225	LGx	61	108	hap2
PR01225	LGx	62	112	hap2
PR01225	LGx	63	116	hap2
PR01225	LGx	64	120	hap2
PR01225	LGx	65	124	hap2
PR01225	LGx	66	128	hap2
PR01225	LGx	67	132	hap2
PR01225	LGx	68	137	hap2
PR01225	LGx	69	141	hap2
PR01225	LGx	70	146	hap2
PR01225	LGx	71	151	hap2
PR01225	LGx	72	156	hap2
PR01225	LGx	73	162	hap2
PR01225	LGx	74	167	hap2
PR01225	LGx	75	173	hap2
PR01225	LGx	76	180	hap2
PR01225	LGx	77	186	hap2
PR01225	LGx	78	193	hap2
PR01225	LGx	79	201	hap2
PR01225	LGx	80	208	hap2
PR01225	LGx	81	216	hap2
PR01225	LGx	82	225	hap2
PR01225	LGx	83	234	hap2
PR01225	LGx	84	244	hap2
PR01225	LGx	85	254	hap2
PR01225	LGx	86	265	hap2
PR01225	LGx	87	278	hap2
PR01225	LGx	88	291	hap2
PR01225	LGx	89	306	hap2
PR01225	LGx	90	323	hap2
PR01225	LGx	91	341	hap2
PR01225	LGx	92	362	hap2
PR01225	LGx	93	385	hap2
PR01225	LGx	94	411	hap2
PR01225	LGx	95	440	hap2
PR01225	LGx	96	474	hap2
PR01225	LGx	97	514	hap2
PR01225	LGx	98	564	hap2
PR01225	LGx	99	625	hap2
PR01225	LGx	100	707	hap2
PR01225	auN	3259215139	445.37112	primary
PR01225	auNG	3018593705	480.87302	primary
PR01225	Nx	1	93323191	primary
PR01225	Nx	2	93323191	primary
PR01225	Nx	3	78978505	primary
PR01225	Nx	4	78978505	primary
PR01225	Nx	5	78978505	primary
PR01225	Nx	6	65020996	primary
PR01225	Nx	7	65020996	primary
PR01225	Nx	8	63308294	primary
PR01225	Nx	9	63308294	primary
PR01225	Nx	10	62164256	primary
PR01225	Nx	11	62164256	primary
PR01225	Nx	12	59993825	primary
PR01225	Nx	13	59159304	primary
PR01225	Nx	14	59159304	primary
PR01225	Nx	15	57867932	primary
PR01225	Nx	16	57867932	primary
PR01225	Nx	17	57752698	primary
PR01225	Nx	18	57752698	primary
PR01225	Nx	19	56735302	primary
PR01225	Nx	20	56735302	primary
PR01225	Nx	21	56111724	primary
PR01225	Nx	22	52103295	primary
PR01225	Nx	23	52103295	primary
PR01225	Nx	24	46921425	primary
PR01225	Nx	25	46801176	primary
PR01225	Nx	26	46801176	primary
PR01225	Nx	27	46396486	primary
PR01225	Nx	28	45913243	primary
PR01225	Nx	29	45913243	primary
PR01225	Nx	30	44756933	primary
PR01225	Nx	31	41225895	primary
PR01225	Nx	32	35881521	primary
PR01225	Nx	33	35436478	primary
PR01225	Nx	34	35109564	primary
PR01225	Nx	35	35109564	primary
PR01225	Nx	36	34256703	primary
PR01225	Nx	37	34110505	primary
PR01225	Nx	38	32201055	primary
PR01225	Nx	39	30478446	primary
PR01225	Nx	40	29244982	primary
PR01225	Nx	41	28966847	primary
PR01225	Nx	42	28606736	primary
PR01225	Nx	43	27812659	primary
PR01225	Nx	44	27057593	primary
PR01225	Nx	45	26851708	primary
PR01225	Nx	46	26125393	primary
PR01225	Nx	47	25631505	primary
PR01225	Nx	48	25516993	primary
PR01225	Nx	49	25476152	primary
PR01225	Nx	50	24462015	primary
PR01225	Nx	51	24077841	primary
PR01225	Nx	52	24054313	primary
PR01225	Nx	53	22057805	primary
PR01225	Nx	54	21597463	primary
PR01225	Nx	55	20661668	primary
PR01225	Nx	56	20586977	primary
PR01225	Nx	57	20373180	primary
PR01225	Nx	58	20075427	primary
PR01225	Nx	59	19914205	primary
PR01225	Nx	60	19855679	primary
PR01225	Nx	61	17080541	primary
PR01225	Nx	62	16639149	primary
PR01225	Nx	63	16128021	primary
PR01225	Nx	64	15736137	primary
PR01225	Nx	65	15265984	primary
PR01225	Nx	66	15002520	primary
PR01225	Nx	67	14944956	primary
PR01225	Nx	68	14763857	primary
PR01225	Nx	69	14487790	primary
PR01225	Nx	70	13645736	primary
PR01225	Nx	71	13304627	primary
PR01225	Nx	72	13087216	primary
PR01225	Nx	73	12892810	primary
PR01225	Nx	74	12379304	primary
PR01225	Nx	75	12340415	primary
PR01225	Nx	76	11276358	primary
PR01225	Nx	77	10574824	primary
PR01225	Nx	78	9797195	primary
PR01225	Nx	79	8798792	primary
PR01225	Nx	80	8243070	primary
PR01225	Nx	81	7837082	primary
PR01225	Nx	82	7278830	primary
PR01225	Nx	83	7065353	primary
PR01225	Nx	84	6268326	primary
PR01225	Nx	85	5690043	primary
PR01225	Nx	86	5108673	primary
PR01225	Nx	87	4319940	primary
PR01225	Nx	88	3877803	primary
PR01225	Nx	89	3349578	primary
PR01225	Nx	90	2880383	primary
PR01225	Nx	91	2520811	primary
PR01225	Nx	92	2281138	primary
PR01225	Nx	93	1878739	primary
PR01225	Nx	94	1604890	primary
PR01225	Nx	95	1378097	primary
PR01225	Nx	96	1128392	primary
PR01225	Nx	97	844198	primary
PR01225	Nx	98	579262	primary
PR01225	Nx	99	335774	primary
PR01225	Nx	100	13128	primary
PR01225	Lx	1	93323191	primary
PR01225	Lx	2	93323191	primary
PR01225	Lx	3	78978505	primary
PR01225	Lx	4	78978505	primary
PR01225	Lx	5	78978505	primary
PR01225	Lx	6	65020996	primary
PR01225	Lx	7	65020996	primary
PR01225	Lx	8	63308294	primary
PR01225	Lx	9	63308294	primary
PR01225	Lx	10	62164256	primary
PR01225	Lx	11	62164256	primary
PR01225	Lx	12	59993825	primary
PR01225	Lx	13	59159304	primary
PR01225	Lx	14	59159304	primary
PR01225	Lx	15	57867932	primary
PR01225	Lx	16	57867932	primary
PR01225	Lx	17	57752698	primary
PR01225	Lx	18	57752698	primary
PR01225	Lx	19	56735302	primary
PR01225	Lx	20	56735302	primary
PR01225	Lx	21	56111724	primary
PR01225	Lx	22	52103295	primary
PR01225	Lx	23	52103295	primary
PR01225	Lx	24	46921425	primary
PR01225	Lx	25	46801176	primary
PR01225	Lx	26	46801176	primary
PR01225	Lx	27	46396486	primary
PR01225	Lx	28	45913243	primary
PR01225	Lx	29	45913243	primary
PR01225	Lx	30	44756933	primary
PR01225	Lx	31	41225895	primary
PR01225	Lx	32	35881521	primary
PR01225	Lx	33	35436478	primary
PR01225	Lx	34	35109564	primary
PR01225	Lx	35	35109564	primary
PR01225	Lx	36	34256703	primary
PR01225	Lx	37	34110505	primary
PR01225	Lx	38	32201055	primary
PR01225	Lx	39	30478446	primary
PR01225	Lx	40	29244982	primary
PR01225	Lx	41	28966847	primary
PR01225	Lx	42	28606736	primary
PR01225	Lx	43	27812659	primary
PR01225	Lx	44	27057593	primary
PR01225	Lx	45	26851708	primary
PR01225	Lx	46	26125393	primary
PR01225	Lx	47	25631505	primary
PR01225	Lx	48	25516993	primary
PR01225	Lx	49	25476152	primary
PR01225	Lx	50	24462015	primary
PR01225	Lx	51	24077841	primary
PR01225	Lx	52	24054313	primary
PR01225	Lx	53	22057805	primary
PR01225	Lx	54	21597463	primary
PR01225	Lx	55	20661668	primary
PR01225	Lx	56	20586977	primary
PR01225	Lx	57	20373180	primary
PR01225	Lx	58	20075427	primary
PR01225	Lx	59	19914205	primary
PR01225	Lx	60	19855679	primary
PR01225	Lx	61	17080541	primary
PR01225	Lx	62	16639149	primary
PR01225	Lx	63	16128021	primary
PR01225	Lx	64	15736137	primary
PR01225	Lx	65	15265984	primary
PR01225	Lx	66	15002520	primary
PR01225	Lx	67	14944956	primary
PR01225	Lx	68	14763857	primary
PR01225	Lx	69	14487790	primary
PR01225	Lx	70	13645736	primary
PR01225	Lx	71	13304627	primary
PR01225	Lx	72	13087216	primary
PR01225	Lx	73	12892810	primary
PR01225	Lx	74	12379304	primary
PR01225	Lx	75	12340415	primary
PR01225	Lx	76	11276358	primary
PR01225	Lx	77	10574824	primary
PR01225	Lx	78	9797195	primary
PR01225	Lx	79	8798792	primary
PR01225	Lx	80	8243070	primary
PR01225	Lx	81	7837082	primary
PR01225	Lx	82	7278830	primary
PR01225	Lx	83	7065353	primary
PR01225	Lx	84	6268326	primary
PR01225	Lx	85	5690043	primary
PR01225	Lx	86	5108673	primary
PR01225	Lx	87	4319940	primary
PR01225	Lx	88	3877803	primary
PR01225	Lx	89	3349578	primary
PR01225	Lx	90	2880383	primary
PR01225	Lx	91	2520811	primary
PR01225	Lx	92	2281138	primary
PR01225	Lx	93	1878739	primary
PR01225	Lx	94	1604890	primary
PR01225	Lx	95	1378097	primary
PR01225	Lx	96	1128392	primary
PR01225	Lx	97	844198	primary
PR01225	Lx	98	579262	primary
PR01225	Lx	99	335774	primary
PR01225	Lx	100	13128	primary
PR01225	NGx	1	93323191	primary
PR01225	NGx	2	93323191	primary
PR01225	NGx	3	93323191	primary
PR01225	NGx	4	78978505	primary
PR01225	NGx	5	78978505	primary
PR01225	NGx	6	65020996	primary
PR01225	NGx	7	65020996	primary
PR01225	NGx	8	63308294	primary
PR01225	NGx	9	63308294	primary
PR01225	NGx	10	62164256	primary
PR01225	NGx	11	62164256	primary
PR01225	NGx	12	62164256	primary
PR01225	NGx	13	59993825	primary
PR01225	NGx	14	59993825	primary
PR01225	NGx	15	59159304	primary
PR01225	NGx	16	57867932	primary
PR01225	NGx	17	57867932	primary
PR01225	NGx	18	57752698	primary
PR01225	NGx	19	57752698	primary
PR01225	NGx	20	56735302	primary
PR01225	NGx	21	56735302	primary
PR01225	NGx	22	56111724	primary
PR01225	NGx	23	56111724	primary
PR01225	NGx	24	52103295	primary
PR01225	NGx	25	52103295	primary
PR01225	NGx	26	46921425	primary
PR01225	NGx	27	46801176	primary
PR01225	NGx	28	46801176	primary
PR01225	NGx	29	46396486	primary
PR01225	NGx	30	45913243	primary
PR01225	NGx	31	45913243	primary
PR01225	NGx	32	44756933	primary
PR01225	NGx	33	41225895	primary
PR01225	NGx	34	41225895	primary
PR01225	NGx	35	35881521	primary
PR01225	NGx	36	35436478	primary
PR01225	NGx	37	35109564	primary
PR01225	NGx	38	34256703	primary
PR01225	NGx	39	34110505	primary
PR01225	NGx	40	34110505	primary
PR01225	NGx	41	32201055	primary
PR01225	NGx	42	30478446	primary
PR01225	NGx	43	29796509	primary
PR01225	NGx	44	29244982	primary
PR01225	NGx	45	28966847	primary
PR01225	NGx	46	28606736	primary
PR01225	NGx	47	27057593	primary
PR01225	NGx	48	26851708	primary
PR01225	NGx	49	26251840	primary
PR01225	NGx	50	26125393	primary
PR01225	NGx	51	25631505	primary
PR01225	NGx	52	25516993	primary
PR01225	NGx	53	25295205	primary
PR01225	NGx	54	24462015	primary
PR01225	NGx	55	24077841	primary
PR01225	NGx	56	24054313	primary
PR01225	NGx	57	23505618	primary
PR01225	NGx	58	21597463	primary
PR01225	NGx	59	21403521	primary
PR01225	NGx	60	20586977	primary
PR01225	NGx	61	20373831	primary
PR01225	NGx	62	20089105	primary
PR01225	NGx	63	20075427	primary
PR01225	NGx	64	19876729	primary
PR01225	NGx	65	19855679	primary
PR01225	NGx	66	17080541	primary
PR01225	NGx	67	16639149	primary
PR01225	NGx	68	16566541	primary
PR01225	NGx	69	15950385	primary
PR01225	NGx	70	15407423	primary
PR01225	NGx	71	15142090	primary
PR01225	NGx	72	14964651	primary
PR01225	NGx	73	14834905	primary
PR01225	NGx	74	14605936	primary
PR01225	NGx	75	14386678	primary
PR01225	NGx	76	13312144	primary
PR01225	NGx	77	13160200	primary
PR01225	NGx	78	13087216	primary
PR01225	NGx	79	12845556	primary
PR01225	NGx	80	12379304	primary
PR01225	NGx	81	12340415	primary
PR01225	NGx	82	11276358	primary
PR01225	NGx	83	10574824	primary
PR01225	NGx	84	9797195	primary
PR01225	NGx	85	8938469	primary
PR01225	NGx	86	8414601	primary
PR01225	NGx	87	7973068	primary
PR01225	NGx	88	7467742	primary
PR01225	NGx	89	7200859	primary
PR01225	NGx	90	7059450	primary
PR01225	NGx	91	6126465	primary
PR01225	NGx	92	5680627	primary
PR01225	NGx	93	4913252	primary
PR01225	NGx	94	4319940	primary
PR01225	NGx	95	3881940	primary
PR01225	NGx	96	3435978	primary
PR01225	NGx	97	3022493	primary
PR01225	NGx	98	2548237	primary
PR01225	NGx	99	2356471	primary
PR01225	NGx	100	1964344	primary
PR01225	LGx	1	1	primary
PR01225	LGx	2	1	primary
PR01225	LGx	3	1	primary
PR01225	LGx	4	2	primary
PR01225	LGx	5	2	primary
PR01225	LGx	6	3	primary
PR01225	LGx	7	3	primary
PR01225	LGx	8	4	primary
PR01225	LGx	9	4	primary
PR01225	LGx	10	5	primary
PR01225	LGx	11	5	primary
PR01225	LGx	12	5	primary
PR01225	LGx	13	6	primary
PR01225	LGx	14	6	primary
PR01225	LGx	15	7	primary
PR01225	LGx	16	8	primary
PR01225	LGx	17	8	primary
PR01225	LGx	18	9	primary
PR01225	LGx	19	9	primary
PR01225	LGx	20	10	primary
PR01225	LGx	21	10	primary
PR01225	LGx	22	11	primary
PR01225	LGx	23	11	primary
PR01225	LGx	24	12	primary
PR01225	LGx	25	12	primary
PR01225	LGx	26	13	primary
PR01225	LGx	27	14	primary
PR01225	LGx	28	14	primary
PR01225	LGx	29	15	primary
PR01225	LGx	30	16	primary
PR01225	LGx	31	16	primary
PR01225	LGx	32	17	primary
PR01225	LGx	33	18	primary
PR01225	LGx	34	18	primary
PR01225	LGx	35	19	primary
PR01225	LGx	36	20	primary
PR01225	LGx	37	21	primary
PR01225	LGx	38	22	primary
PR01225	LGx	39	23	primary
PR01225	LGx	40	23	primary
PR01225	LGx	41	24	primary
PR01225	LGx	42	25	primary
PR01225	LGx	43	26	primary
PR01225	LGx	44	27	primary
PR01225	LGx	45	28	primary
PR01225	LGx	46	29	primary
PR01225	LGx	47	31	primary
PR01225	LGx	48	32	primary
PR01225	LGx	49	33	primary
PR01225	LGx	50	34	primary
PR01225	LGx	51	35	primary
PR01225	LGx	52	36	primary
PR01225	LGx	53	38	primary
PR01225	LGx	54	39	primary
PR01225	LGx	55	40	primary
PR01225	LGx	56	41	primary
PR01225	LGx	57	42	primary
PR01225	LGx	58	44	primary
PR01225	LGx	59	45	primary
PR01225	LGx	60	47	primary
PR01225	LGx	61	48	primary
PR01225	LGx	62	50	primary
PR01225	LGx	63	51	primary
PR01225	LGx	64	53	primary
PR01225	LGx	65	54	primary
PR01225	LGx	66	56	primary
PR01225	LGx	67	58	primary
PR01225	LGx	68	59	primary
PR01225	LGx	69	61	primary
PR01225	LGx	70	63	primary
PR01225	LGx	71	65	primary
PR01225	LGx	72	67	primary
PR01225	LGx	73	69	primary
PR01225	LGx	74	71	primary
PR01225	LGx	75	73	primary
PR01225	LGx	76	76	primary
PR01225	LGx	77	78	primary
PR01225	LGx	78	80	primary
PR01225	LGx	79	83	primary
PR01225	LGx	80	85	primary
PR01225	LGx	81	87	primary
PR01225	LGx	82	90	primary
PR01225	LGx	83	93	primary
PR01225	LGx	84	96	primary
PR01225	LGx	85	99	primary
PR01225	LGx	86	102	primary
PR01225	LGx	87	106	primary
PR01225	LGx	88	110	primary
PR01225	LGx	89	114	primary
PR01225	LGx	90	118	primary
PR01225	LGx	91	123	primary
PR01225	LGx	92	128	primary
PR01225	LGx	93	134	primary
PR01225	LGx	94	140	primary
PR01225	LGx	95	147	primary
PR01225	LGx	96	156	primary
PR01225	LGx	97	165	primary
PR01225	LGx	98	176	primary
PR01225	LGx	99	189	primary
PR01225	LGx	100	202	primary
PR01228	auN	3167819650	566.3681	hap1
PR01228	auNG	3018593705	594.3668	hap1
PR01228	Nx	1	98387070	hap1
PR01228	Nx	2	98387070	hap1
PR01228	Nx	3	98387070	hap1
PR01228	Nx	4	94262566	hap1
PR01228	Nx	5	94262566	hap1
PR01228	Nx	6	94262566	hap1
PR01228	Nx	7	88057387	hap1
PR01228	Nx	8	88057387	hap1
PR01228	Nx	9	84378317	hap1
PR01228	Nx	10	84378317	hap1
PR01228	Nx	11	84378317	hap1
PR01228	Nx	12	80521497	hap1
PR01228	Nx	13	80521497	hap1
PR01228	Nx	14	80521497	hap1
PR01228	Nx	15	76952605	hap1
PR01228	Nx	16	76952605	hap1
PR01228	Nx	17	71707991	hap1
PR01228	Nx	18	71707991	hap1
PR01228	Nx	19	63812115	hap1
PR01228	Nx	20	63812115	hap1
PR01228	Nx	21	59973388	hap1
PR01228	Nx	22	59973388	hap1
PR01228	Nx	23	57902282	hap1
PR01228	Nx	24	57902282	hap1
PR01228	Nx	25	55929425	hap1
PR01228	Nx	26	55929425	hap1
PR01228	Nx	27	52438983	hap1
PR01228	Nx	28	46577186	hap1
PR01228	Nx	29	46577186	hap1
PR01228	Nx	30	44551791	hap1
PR01228	Nx	31	43002531	hap1
PR01228	Nx	32	43002531	hap1
PR01228	Nx	33	42085912	hap1
PR01228	Nx	34	41585883	hap1
PR01228	Nx	35	39740881	hap1
PR01228	Nx	36	39740881	hap1
PR01228	Nx	37	36352847	hap1
PR01228	Nx	38	35091513	hap1
PR01228	Nx	39	34269161	hap1
PR01228	Nx	40	33704394	hap1
PR01228	Nx	41	33088344	hap1
PR01228	Nx	42	29248161	hap1
PR01228	Nx	43	29221985	hap1
PR01228	Nx	44	28910719	hap1
PR01228	Nx	45	28534981	hap1
PR01228	Nx	46	28272217	hap1
PR01228	Nx	47	24049396	hap1
PR01228	Nx	48	23247905	hap1
PR01228	Nx	49	23152241	hap1
PR01228	Nx	50	22385087	hap1
PR01228	Nx	51	20926894	hap1
PR01228	Nx	52	20487919	hap1
PR01228	Nx	53	20472808	hap1
PR01228	Nx	54	19902209	hap1
PR01228	Nx	55	18828043	hap1
PR01228	Nx	56	18587474	hap1
PR01228	Nx	57	18108301	hap1
PR01228	Nx	58	17588361	hap1
PR01228	Nx	59	16308067	hap1
PR01228	Nx	60	16095501	hap1
PR01228	Nx	61	15940373	hap1
PR01228	Nx	62	15295364	hap1
PR01228	Nx	63	14722251	hap1
PR01228	Nx	64	14409846	hap1
PR01228	Nx	65	13909915	hap1
PR01228	Nx	66	13301236	hap1
PR01228	Nx	67	13085517	hap1
PR01228	Nx	68	12736163	hap1
PR01228	Nx	69	12370010	hap1
PR01228	Nx	70	10569380	hap1
PR01228	Nx	71	10128915	hap1
PR01228	Nx	72	9771544	hap1
PR01228	Nx	73	9373998	hap1
PR01228	Nx	74	8875623	hap1
PR01228	Nx	75	8627760	hap1
PR01228	Nx	76	7550822	hap1
PR01228	Nx	77	7227525	hap1
PR01228	Nx	78	6833689	hap1
PR01228	Nx	79	6295974	hap1
PR01228	Nx	80	5800875	hap1
PR01228	Nx	81	5256780	hap1
PR01228	Nx	82	5095872	hap1
PR01228	Nx	83	5010695	hap1
PR01228	Nx	84	4585053	hap1
PR01228	Nx	85	3984442	hap1
PR01228	Nx	86	3607485	hap1
PR01228	Nx	87	3242185	hap1
PR01228	Nx	88	2990413	hap1
PR01228	Nx	89	2561744	hap1
PR01228	Nx	90	2376881	hap1
PR01228	Nx	91	2094450	hap1
PR01228	Nx	92	1825193	hap1
PR01228	Nx	93	1595979	hap1
PR01228	Nx	94	1371513	hap1
PR01228	Nx	95	1187468	hap1
PR01228	Nx	96	952665	hap1
PR01228	Nx	97	717705	hap1
PR01228	Nx	98	488775	hap1
PR01228	Nx	99	225991	hap1
PR01228	Nx	100	12234	hap1
PR01228	Lx	1	98387070	hap1
PR01228	Lx	2	98387070	hap1
PR01228	Lx	3	98387070	hap1
PR01228	Lx	4	94262566	hap1
PR01228	Lx	5	94262566	hap1
PR01228	Lx	6	94262566	hap1
PR01228	Lx	7	88057387	hap1
PR01228	Lx	8	88057387	hap1
PR01228	Lx	9	84378317	hap1
PR01228	Lx	10	84378317	hap1
PR01228	Lx	11	84378317	hap1
PR01228	Lx	12	80521497	hap1
PR01228	Lx	13	80521497	hap1
PR01228	Lx	14	80521497	hap1
PR01228	Lx	15	76952605	hap1
PR01228	Lx	16	76952605	hap1
PR01228	Lx	17	71707991	hap1
PR01228	Lx	18	71707991	hap1
PR01228	Lx	19	63812115	hap1
PR01228	Lx	20	63812115	hap1
PR01228	Lx	21	59973388	hap1
PR01228	Lx	22	59973388	hap1
PR01228	Lx	23	57902282	hap1
PR01228	Lx	24	57902282	hap1
PR01228	Lx	25	55929425	hap1
PR01228	Lx	26	55929425	hap1
PR01228	Lx	27	52438983	hap1
PR01228	Lx	28	46577186	hap1
PR01228	Lx	29	46577186	hap1
PR01228	Lx	30	44551791	hap1
PR01228	Lx	31	43002531	hap1
PR01228	Lx	32	43002531	hap1
PR01228	Lx	33	42085912	hap1
PR01228	Lx	34	41585883	hap1
PR01228	Lx	35	39740881	hap1
PR01228	Lx	36	39740881	hap1
PR01228	Lx	37	36352847	hap1
PR01228	Lx	38	35091513	hap1
PR01228	Lx	39	34269161	hap1
PR01228	Lx	40	33704394	hap1
PR01228	Lx	41	33088344	hap1
PR01228	Lx	42	29248161	hap1
PR01228	Lx	43	29221985	hap1
PR01228	Lx	44	28910719	hap1
PR01228	Lx	45	28534981	hap1
PR01228	Lx	46	28272217	hap1
PR01228	Lx	47	24049396	hap1
PR01228	Lx	48	23247905	hap1
PR01228	Lx	49	23152241	hap1
PR01228	Lx	50	22385087	hap1
PR01228	Lx	51	20926894	hap1
PR01228	Lx	52	20487919	hap1
PR01228	Lx	53	20472808	hap1
PR01228	Lx	54	19902209	hap1
PR01228	Lx	55	18828043	hap1
PR01228	Lx	56	18587474	hap1
PR01228	Lx	57	18108301	hap1
PR01228	Lx	58	17588361	hap1
PR01228	Lx	59	16308067	hap1
PR01228	Lx	60	16095501	hap1
PR01228	Lx	61	15940373	hap1
PR01228	Lx	62	15295364	hap1
PR01228	Lx	63	14722251	hap1
PR01228	Lx	64	14409846	hap1
PR01228	Lx	65	13909915	hap1
PR01228	Lx	66	13301236	hap1
PR01228	Lx	67	13085517	hap1
PR01228	Lx	68	12736163	hap1
PR01228	Lx	69	12370010	hap1
PR01228	Lx	70	10569380	hap1
PR01228	Lx	71	10128915	hap1
PR01228	Lx	72	9771544	hap1
PR01228	Lx	73	9373998	hap1
PR01228	Lx	74	8875623	hap1
PR01228	Lx	75	8627760	hap1
PR01228	Lx	76	7550822	hap1
PR01228	Lx	77	7227525	hap1
PR01228	Lx	78	6833689	hap1
PR01228	Lx	79	6295974	hap1
PR01228	Lx	80	5800875	hap1
PR01228	Lx	81	5256780	hap1
PR01228	Lx	82	5095872	hap1
PR01228	Lx	83	5010695	hap1
PR01228	Lx	84	4585053	hap1
PR01228	Lx	85	3984442	hap1
PR01228	Lx	86	3607485	hap1
PR01228	Lx	87	3242185	hap1
PR01228	Lx	88	2990413	hap1
PR01228	Lx	89	2561744	hap1
PR01228	Lx	90	2376881	hap1
PR01228	Lx	91	2094450	hap1
PR01228	Lx	92	1825193	hap1
PR01228	Lx	93	1595979	hap1
PR01228	Lx	94	1371513	hap1
PR01228	Lx	95	1187468	hap1
PR01228	Lx	96	952665	hap1
PR01228	Lx	97	717705	hap1
PR01228	Lx	98	488775	hap1
PR01228	Lx	99	225991	hap1
PR01228	Lx	100	12234	hap1
PR01228	NGx	1	98387070	hap1
PR01228	NGx	2	98387070	hap1
PR01228	NGx	3	98387070	hap1
PR01228	NGx	4	94262566	hap1
PR01228	NGx	5	94262566	hap1
PR01228	NGx	6	94262566	hap1
PR01228	NGx	7	88057387	hap1
PR01228	NGx	8	88057387	hap1
PR01228	NGx	9	88057387	hap1
PR01228	NGx	10	84378317	hap1
PR01228	NGx	11	84378317	hap1
PR01228	NGx	12	84378317	hap1
PR01228	NGx	13	80521497	hap1
PR01228	NGx	14	80521497	hap1
PR01228	NGx	15	76952605	hap1
PR01228	NGx	16	76952605	hap1
PR01228	NGx	17	76952605	hap1
PR01228	NGx	18	71707991	hap1
PR01228	NGx	19	71707991	hap1
PR01228	NGx	20	63812115	hap1
PR01228	NGx	21	63812115	hap1
PR01228	NGx	22	59973388	hap1
PR01228	NGx	23	59973388	hap1
PR01228	NGx	24	57902282	hap1
PR01228	NGx	25	57902282	hap1
PR01228	NGx	26	55929425	hap1
PR01228	NGx	27	55929425	hap1
PR01228	NGx	28	52438983	hap1
PR01228	NGx	29	52438983	hap1
PR01228	NGx	30	46577186	hap1
PR01228	NGx	31	44551791	hap1
PR01228	NGx	32	44551791	hap1
PR01228	NGx	33	43002531	hap1
PR01228	NGx	34	42085912	hap1
PR01228	NGx	35	42085912	hap1
PR01228	NGx	36	41585883	hap1
PR01228	NGx	37	39740881	hap1
PR01228	NGx	38	36352847	hap1
PR01228	NGx	39	36352847	hap1
PR01228	NGx	40	35091513	hap1
PR01228	NGx	41	34269161	hap1
PR01228	NGx	42	33704394	hap1
PR01228	NGx	43	33088344	hap1
PR01228	NGx	44	29248161	hap1
PR01228	NGx	45	29221985	hap1
PR01228	NGx	46	28910719	hap1
PR01228	NGx	47	28534981	hap1
PR01228	NGx	48	28272217	hap1
PR01228	NGx	49	26258338	hap1
PR01228	NGx	50	23247905	hap1
PR01228	NGx	51	23152241	hap1
PR01228	NGx	52	22878568	hap1
PR01228	NGx	53	22385087	hap1
PR01228	NGx	54	20692608	hap1
PR01228	NGx	55	20487919	hap1
PR01228	NGx	56	20159718	hap1
PR01228	NGx	57	19902209	hap1
PR01228	NGx	58	18828043	hap1
PR01228	NGx	59	18192399	hap1
PR01228	NGx	60	18108301	hap1
PR01228	NGx	61	17588361	hap1
PR01228	NGx	62	16308067	hap1
PR01228	NGx	63	16095501	hap1
PR01228	NGx	64	15940373	hap1
PR01228	NGx	65	15302426	hap1
PR01228	NGx	66	14781050	hap1
PR01228	NGx	67	14448510	hap1
PR01228	NGx	68	13909915	hap1
PR01228	NGx	69	13301236	hap1
PR01228	NGx	70	13139958	hap1
PR01228	NGx	71	12941364	hap1
PR01228	NGx	72	12566782	hap1
PR01228	NGx	73	11057574	hap1
PR01228	NGx	74	10329337	hap1
PR01228	NGx	75	9859033	hap1
PR01228	NGx	76	9706652	hap1
PR01228	NGx	77	9216442	hap1
PR01228	NGx	78	8780102	hap1
PR01228	NGx	79	8163580	hap1
PR01228	NGx	80	7541121	hap1
PR01228	NGx	81	7219789	hap1
PR01228	NGx	82	6582515	hap1
PR01228	NGx	83	6295974	hap1
PR01228	NGx	84	5800875	hap1
PR01228	NGx	85	5256780	hap1
PR01228	NGx	86	5100015	hap1
PR01228	NGx	87	5019965	hap1
PR01228	NGx	88	4636327	hap1
PR01228	NGx	89	4023772	hap1
PR01228	NGx	90	3774373	hap1
PR01228	NGx	91	3378735	hap1
PR01228	NGx	92	3086082	hap1
PR01228	NGx	93	2771786	hap1
PR01228	NGx	94	2482619	hap1
PR01228	NGx	95	2267729	hap1
PR01228	NGx	96	1940933	hap1
PR01228	NGx	97	1730771	hap1
PR01228	NGx	98	1515003	hap1
PR01228	NGx	99	1291141	hap1
PR01228	NGx	100	1137174	hap1
PR01228	LGx	1	1	hap1
PR01228	LGx	2	1	hap1
PR01228	LGx	3	1	hap1
PR01228	LGx	4	2	hap1
PR01228	LGx	5	2	hap1
PR01228	LGx	6	2	hap1
PR01228	LGx	7	3	hap1
PR01228	LGx	8	3	hap1
PR01228	LGx	9	3	hap1
PR01228	LGx	10	4	hap1
PR01228	LGx	11	4	hap1
PR01228	LGx	12	4	hap1
PR01228	LGx	13	5	hap1
PR01228	LGx	14	5	hap1
PR01228	LGx	15	6	hap1
PR01228	LGx	16	6	hap1
PR01228	LGx	17	6	hap1
PR01228	LGx	18	7	hap1
PR01228	LGx	19	7	hap1
PR01228	LGx	20	8	hap1
PR01228	LGx	21	8	hap1
PR01228	LGx	22	9	hap1
PR01228	LGx	23	9	hap1
PR01228	LGx	24	10	hap1
PR01228	LGx	25	10	hap1
PR01228	LGx	26	11	hap1
PR01228	LGx	27	11	hap1
PR01228	LGx	28	12	hap1
PR01228	LGx	29	12	hap1
PR01228	LGx	30	13	hap1
PR01228	LGx	31	14	hap1
PR01228	LGx	32	14	hap1
PR01228	LGx	33	15	hap1
PR01228	LGx	34	16	hap1
PR01228	LGx	35	16	hap1
PR01228	LGx	36	17	hap1
PR01228	LGx	37	18	hap1
PR01228	LGx	38	19	hap1
PR01228	LGx	39	19	hap1
PR01228	LGx	40	20	hap1
PR01228	LGx	41	21	hap1
PR01228	LGx	42	22	hap1
PR01228	LGx	43	23	hap1
PR01228	LGx	44	24	hap1
PR01228	LGx	45	25	hap1
PR01228	LGx	46	26	hap1
PR01228	LGx	47	27	hap1
PR01228	LGx	48	28	hap1
PR01228	LGx	49	29	hap1
PR01228	LGx	50	31	hap1
PR01228	LGx	51	32	hap1
PR01228	LGx	52	33	hap1
PR01228	LGx	53	34	hap1
PR01228	LGx	54	36	hap1
PR01228	LGx	55	37	hap1
PR01228	LGx	56	39	hap1
PR01228	LGx	57	40	hap1
PR01228	LGx	58	42	hap1
PR01228	LGx	59	44	hap1
PR01228	LGx	60	45	hap1
PR01228	LGx	61	47	hap1
PR01228	LGx	62	49	hap1
PR01228	LGx	63	51	hap1
PR01228	LGx	64	52	hap1
PR01228	LGx	65	54	hap1
PR01228	LGx	66	56	hap1
PR01228	LGx	67	58	hap1
PR01228	LGx	68	61	hap1
PR01228	LGx	69	63	hap1
PR01228	LGx	70	65	hap1
PR01228	LGx	71	67	hap1
PR01228	LGx	72	70	hap1
PR01228	LGx	73	72	hap1
PR01228	LGx	74	75	hap1
PR01228	LGx	75	78	hap1
PR01228	LGx	76	81	hap1
PR01228	LGx	77	84	hap1
PR01228	LGx	78	88	hap1
PR01228	LGx	79	91	hap1
PR01228	LGx	80	95	hap1
PR01228	LGx	81	99	hap1
PR01228	LGx	82	104	hap1
PR01228	LGx	83	108	hap1
PR01228	LGx	84	113	hap1
PR01228	LGx	85	119	hap1
PR01228	LGx	86	124	hap1
PR01228	LGx	87	130	hap1
PR01228	LGx	88	137	hap1
PR01228	LGx	89	144	hap1
PR01228	LGx	90	151	hap1
PR01228	LGx	91	160	hap1
PR01228	LGx	92	169	hap1
PR01228	LGx	93	180	hap1
PR01228	LGx	94	191	hap1
PR01228	LGx	95	204	hap1
PR01228	LGx	96	219	hap1
PR01228	LGx	97	235	hap1
PR01228	LGx	98	254	hap1
PR01228	LGx	99	275	hap1
PR01228	LGx	100	300	hap1
PR01228	auN	3089815013	598.7206	hap2
PR01228	auNG	3018593705	612.8469	hap2
PR01228	Nx	1	62618614	hap2
PR01228	Nx	2	62618614	hap2
PR01228	Nx	3	59182392	hap2
PR01228	Nx	4	42897002	hap2
PR01228	Nx	5	42897002	hap2
PR01228	Nx	6	40650436	hap2
PR01228	Nx	7	40538272	hap2
PR01228	Nx	8	40458346	hap2
PR01228	Nx	9	40458346	hap2
PR01228	Nx	10	39562848	hap2
PR01228	Nx	11	37951042	hap2
PR01228	Nx	12	36676985	hap2
PR01228	Nx	13	34248879	hap2
PR01228	Nx	14	34248879	hap2
PR01228	Nx	15	33856484	hap2
PR01228	Nx	16	32633872	hap2
PR01228	Nx	17	32541022	hap2
PR01228	Nx	18	32211226	hap2
PR01228	Nx	19	30222455	hap2
PR01228	Nx	20	29881508	hap2
PR01228	Nx	21	29273329	hap2
PR01228	Nx	22	28931493	hap2
PR01228	Nx	23	28270538	hap2
PR01228	Nx	24	27774499	hap2
PR01228	Nx	25	25935400	hap2
PR01228	Nx	26	25882773	hap2
PR01228	Nx	27	23642433	hap2
PR01228	Nx	28	23371493	hap2
PR01228	Nx	29	23081769	hap2
PR01228	Nx	30	22920178	hap2
PR01228	Nx	31	22663048	hap2
PR01228	Nx	32	21585794	hap2
PR01228	Nx	33	21585624	hap2
PR01228	Nx	34	20935444	hap2
PR01228	Nx	35	20587400	hap2
PR01228	Nx	36	20033802	hap2
PR01228	Nx	37	19959622	hap2
PR01228	Nx	38	19920063	hap2
PR01228	Nx	39	19406137	hap2
PR01228	Nx	40	19202888	hap2
PR01228	Nx	41	18921785	hap2
PR01228	Nx	42	18435398	hap2
PR01228	Nx	43	17749267	hap2
PR01228	Nx	44	16784540	hap2
PR01228	Nx	45	16534296	hap2
PR01228	Nx	46	16373178	hap2
PR01228	Nx	47	16216189	hap2
PR01228	Nx	48	15551073	hap2
PR01228	Nx	49	14924097	hap2
PR01228	Nx	50	14648763	hap2
PR01228	Nx	51	14360385	hap2
PR01228	Nx	52	13709923	hap2
PR01228	Nx	53	13290501	hap2
PR01228	Nx	54	12936267	hap2
PR01228	Nx	55	12369448	hap2
PR01228	Nx	56	12052642	hap2
PR01228	Nx	57	11591391	hap2
PR01228	Nx	58	11199044	hap2
PR01228	Nx	59	10794881	hap2
PR01228	Nx	60	10507688	hap2
PR01228	Nx	61	10098941	hap2
PR01228	Nx	62	9771544	hap2
PR01228	Nx	63	9615716	hap2
PR01228	Nx	64	9491782	hap2
PR01228	Nx	65	9281778	hap2
PR01228	Nx	66	8900438	hap2
PR01228	Nx	67	8308946	hap2
PR01228	Nx	68	7976823	hap2
PR01228	Nx	69	7782604	hap2
PR01228	Nx	70	7258775	hap2
PR01228	Nx	71	7122717	hap2
PR01228	Nx	72	6748599	hap2
PR01228	Nx	73	6352296	hap2
PR01228	Nx	74	6138897	hap2
PR01228	Nx	75	5970283	hap2
PR01228	Nx	76	5839628	hap2
PR01228	Nx	77	5484154	hap2
PR01228	Nx	78	5135372	hap2
PR01228	Nx	79	4784369	hap2
PR01228	Nx	80	4499034	hap2
PR01228	Nx	81	4357755	hap2
PR01228	Nx	82	4043322	hap2
PR01228	Nx	83	3814219	hap2
PR01228	Nx	84	3640159	hap2
PR01228	Nx	85	3463865	hap2
PR01228	Nx	86	3203864	hap2
PR01228	Nx	87	3055981	hap2
PR01228	Nx	88	2744748	hap2
PR01228	Nx	89	2513825	hap2
PR01228	Nx	90	2401204	hap2
PR01228	Nx	91	2136170	hap2
PR01228	Nx	92	1835798	hap2
PR01228	Nx	93	1561508	hap2
PR01228	Nx	94	1380595	hap2
PR01228	Nx	95	1142695	hap2
PR01228	Nx	96	900181	hap2
PR01228	Nx	97	687141	hap2
PR01228	Nx	98	430176	hap2
PR01228	Nx	99	224850	hap2
PR01228	Nx	100	13874	hap2
PR01228	Lx	1	62618614	hap2
PR01228	Lx	2	62618614	hap2
PR01228	Lx	3	59182392	hap2
PR01228	Lx	4	42897002	hap2
PR01228	Lx	5	42897002	hap2
PR01228	Lx	6	40650436	hap2
PR01228	Lx	7	40538272	hap2
PR01228	Lx	8	40458346	hap2
PR01228	Lx	9	40458346	hap2
PR01228	Lx	10	39562848	hap2
PR01228	Lx	11	37951042	hap2
PR01228	Lx	12	36676985	hap2
PR01228	Lx	13	34248879	hap2
PR01228	Lx	14	34248879	hap2
PR01228	Lx	15	33856484	hap2
PR01228	Lx	16	32633872	hap2
PR01228	Lx	17	32541022	hap2
PR01228	Lx	18	32211226	hap2
PR01228	Lx	19	30222455	hap2
PR01228	Lx	20	29881508	hap2
PR01228	Lx	21	29273329	hap2
PR01228	Lx	22	28931493	hap2
PR01228	Lx	23	28270538	hap2
PR01228	Lx	24	27774499	hap2
PR01228	Lx	25	25935400	hap2
PR01228	Lx	26	25882773	hap2
PR01228	Lx	27	23642433	hap2
PR01228	Lx	28	23371493	hap2
PR01228	Lx	29	23081769	hap2
PR01228	Lx	30	22920178	hap2
PR01228	Lx	31	22663048	hap2
PR01228	Lx	32	21585794	hap2
PR01228	Lx	33	21585624	hap2
PR01228	Lx	34	20935444	hap2
PR01228	Lx	35	20587400	hap2
PR01228	Lx	36	20033802	hap2
PR01228	Lx	37	19959622	hap2
PR01228	Lx	38	19920063	hap2
PR01228	Lx	39	19406137	hap2
PR01228	Lx	40	19202888	hap2
PR01228	Lx	41	18921785	hap2
PR01228	Lx	42	18435398	hap2
PR01228	Lx	43	17749267	hap2
PR01228	Lx	44	16784540	hap2
PR01228	Lx	45	16534296	hap2
PR01228	Lx	46	16373178	hap2
PR01228	Lx	47	16216189	hap2
PR01228	Lx	48	15551073	hap2
PR01228	Lx	49	14924097	hap2
PR01228	Lx	50	14648763	hap2
PR01228	Lx	51	14360385	hap2
PR01228	Lx	52	13709923	hap2
PR01228	Lx	53	13290501	hap2
PR01228	Lx	54	12936267	hap2
PR01228	Lx	55	12369448	hap2
PR01228	Lx	56	12052642	hap2
PR01228	Lx	57	11591391	hap2
PR01228	Lx	58	11199044	hap2
PR01228	Lx	59	10794881	hap2
PR01228	Lx	60	10507688	hap2
PR01228	Lx	61	10098941	hap2
PR01228	Lx	62	9771544	hap2
PR01228	Lx	63	9615716	hap2
PR01228	Lx	64	9491782	hap2
PR01228	Lx	65	9281778	hap2
PR01228	Lx	66	8900438	hap2
PR01228	Lx	67	8308946	hap2
PR01228	Lx	68	7976823	hap2
PR01228	Lx	69	7782604	hap2
PR01228	Lx	70	7258775	hap2
PR01228	Lx	71	7122717	hap2
PR01228	Lx	72	6748599	hap2
PR01228	Lx	73	6352296	hap2
PR01228	Lx	74	6138897	hap2
PR01228	Lx	75	5970283	hap2
PR01228	Lx	76	5839628	hap2
PR01228	Lx	77	5484154	hap2
PR01228	Lx	78	5135372	hap2
PR01228	Lx	79	4784369	hap2
PR01228	Lx	80	4499034	hap2
PR01228	Lx	81	4357755	hap2
PR01228	Lx	82	4043322	hap2
PR01228	Lx	83	3814219	hap2
PR01228	Lx	84	3640159	hap2
PR01228	Lx	85	3463865	hap2
PR01228	Lx	86	3203864	hap2
PR01228	Lx	87	3055981	hap2
PR01228	Lx	88	2744748	hap2
PR01228	Lx	89	2513825	hap2
PR01228	Lx	90	2401204	hap2
PR01228	Lx	91	2136170	hap2
PR01228	Lx	92	1835798	hap2
PR01228	Lx	93	1561508	hap2
PR01228	Lx	94	1380595	hap2
PR01228	Lx	95	1142695	hap2
PR01228	Lx	96	900181	hap2
PR01228	Lx	97	687141	hap2
PR01228	Lx	98	430176	hap2
PR01228	Lx	99	224850	hap2
PR01228	Lx	100	13874	hap2
PR01228	NGx	1	62618614	hap2
PR01228	NGx	2	62618614	hap2
PR01228	NGx	3	59182392	hap2
PR01228	NGx	4	59182392	hap2
PR01228	NGx	5	42897002	hap2
PR01228	NGx	6	40650436	hap2
PR01228	NGx	7	40538272	hap2
PR01228	NGx	8	40538272	hap2
PR01228	NGx	9	40458346	hap2
PR01228	NGx	10	39562848	hap2
PR01228	NGx	11	37951042	hap2
PR01228	NGx	12	37951042	hap2
PR01228	NGx	13	36676985	hap2
PR01228	NGx	14	34248879	hap2
PR01228	NGx	15	33856484	hap2
PR01228	NGx	16	32633872	hap2
PR01228	NGx	17	32541022	hap2
PR01228	NGx	18	32211226	hap2
PR01228	NGx	19	30222455	hap2
PR01228	NGx	20	29881508	hap2
PR01228	NGx	21	29273329	hap2
PR01228	NGx	22	28931493	hap2
PR01228	NGx	23	28270538	hap2
PR01228	NGx	24	28082732	hap2
PR01228	NGx	25	27774499	hap2
PR01228	NGx	26	25935400	hap2
PR01228	NGx	27	25882773	hap2
PR01228	NGx	28	23371493	hap2
PR01228	NGx	29	23154904	hap2
PR01228	NGx	30	23081769	hap2
PR01228	NGx	31	22920178	hap2
PR01228	NGx	32	22650770	hap2
PR01228	NGx	33	21585794	hap2
PR01228	NGx	34	21403662	hap2
PR01228	NGx	35	20935444	hap2
PR01228	NGx	36	20587400	hap2
PR01228	NGx	37	20033802	hap2
PR01228	NGx	38	19959622	hap2
PR01228	NGx	39	19920063	hap2
PR01228	NGx	40	19406137	hap2
PR01228	NGx	41	19202888	hap2
PR01228	NGx	42	18921785	hap2
PR01228	NGx	43	18435398	hap2
PR01228	NGx	44	17749267	hap2
PR01228	NGx	45	16784540	hap2
PR01228	NGx	46	16771246	hap2
PR01228	NGx	47	16373178	hap2
PR01228	NGx	48	16216189	hap2
PR01228	NGx	49	15551073	hap2
PR01228	NGx	50	14924097	hap2
PR01228	NGx	51	14648763	hap2
PR01228	NGx	52	14479910	hap2
PR01228	NGx	53	13717911	hap2
PR01228	NGx	54	13664014	hap2
PR01228	NGx	55	12936267	hap2
PR01228	NGx	56	12370009	hap2
PR01228	NGx	57	12052642	hap2
PR01228	NGx	58	11810259	hap2
PR01228	NGx	59	11218242	hap2
PR01228	NGx	60	11048409	hap2
PR01228	NGx	61	10621948	hap2
PR01228	NGx	62	10239723	hap2
PR01228	NGx	63	9912658	hap2
PR01228	NGx	64	9673307	hap2
PR01228	NGx	65	9544743	hap2
PR01228	NGx	66	9416181	hap2
PR01228	NGx	67	9159448	hap2
PR01228	NGx	68	8773276	hap2
PR01228	NGx	69	8258772	hap2
PR01228	NGx	70	7859897	hap2
PR01228	NGx	71	7712246	hap2
PR01228	NGx	72	7181716	hap2
PR01228	NGx	73	7083038	hap2
PR01228	NGx	74	6515527	hap2
PR01228	NGx	75	6187975	hap2
PR01228	NGx	76	6052792	hap2
PR01228	NGx	77	5956340	hap2
PR01228	NGx	78	5818410	hap2
PR01228	NGx	79	5429269	hap2
PR01228	NGx	80	5104360	hap2
PR01228	NGx	81	4700044	hap2
PR01228	NGx	82	4476472	hap2
PR01228	NGx	83	4348183	hap2
PR01228	NGx	84	3984442	hap2
PR01228	NGx	85	3814219	hap2
PR01228	NGx	86	3618032	hap2
PR01228	NGx	87	3463865	hap2
PR01228	NGx	88	3203864	hap2
PR01228	NGx	89	3055981	hap2
PR01228	NGx	90	2778956	hap2
PR01228	NGx	91	2531715	hap2
PR01228	NGx	92	2409586	hap2
PR01228	NGx	93	2147560	hap2
PR01228	NGx	94	1873477	hap2
PR01228	NGx	95	1594728	hap2
PR01228	NGx	96	1406759	hap2
PR01228	NGx	97	1224439	hap2
PR01228	NGx	98	974385	hap2
PR01228	NGx	99	761869	hap2
PR01228	NGx	100	530241	hap2
PR01228	LGx	1	1	hap2
PR01228	LGx	2	1	hap2
PR01228	LGx	3	2	hap2
PR01228	LGx	4	2	hap2
PR01228	LGx	5	3	hap2
PR01228	LGx	6	4	hap2
PR01228	LGx	7	5	hap2
PR01228	LGx	8	5	hap2
PR01228	LGx	9	6	hap2
PR01228	LGx	10	7	hap2
PR01228	LGx	11	8	hap2
PR01228	LGx	12	8	hap2
PR01228	LGx	13	9	hap2
PR01228	LGx	14	10	hap2
PR01228	LGx	15	11	hap2
PR01228	LGx	16	12	hap2
PR01228	LGx	17	13	hap2
PR01228	LGx	18	14	hap2
PR01228	LGx	19	15	hap2
PR01228	LGx	20	16	hap2
PR01228	LGx	21	17	hap2
PR01228	LGx	22	18	hap2
PR01228	LGx	23	19	hap2
PR01228	LGx	24	20	hap2
PR01228	LGx	25	21	hap2
PR01228	LGx	26	22	hap2
PR01228	LGx	27	23	hap2
PR01228	LGx	28	25	hap2
PR01228	LGx	29	26	hap2
PR01228	LGx	30	27	hap2
PR01228	LGx	31	28	hap2
PR01228	LGx	32	30	hap2
PR01228	LGx	33	31	hap2
PR01228	LGx	34	33	hap2
PR01228	LGx	35	34	hap2
PR01228	LGx	36	35	hap2
PR01228	LGx	37	37	hap2
PR01228	LGx	38	38	hap2
PR01228	LGx	39	40	hap2
PR01228	LGx	40	41	hap2
PR01228	LGx	41	43	hap2
PR01228	LGx	42	45	hap2
PR01228	LGx	43	46	hap2
PR01228	LGx	44	48	hap2
PR01228	LGx	45	50	hap2
PR01228	LGx	46	51	hap2
PR01228	LGx	47	53	hap2
PR01228	LGx	48	55	hap2
PR01228	LGx	49	57	hap2
PR01228	LGx	50	59	hap2
PR01228	LGx	51	61	hap2
PR01228	LGx	52	63	hap2
PR01228	LGx	53	65	hap2
PR01228	LGx	54	67	hap2
PR01228	LGx	55	70	hap2
PR01228	LGx	56	72	hap2
PR01228	LGx	57	75	hap2
PR01228	LGx	58	77	hap2
PR01228	LGx	59	80	hap2
PR01228	LGx	60	82	hap2
PR01228	LGx	61	85	hap2
PR01228	LGx	62	88	hap2
PR01228	LGx	63	91	hap2
PR01228	LGx	64	94	hap2
PR01228	LGx	65	97	hap2
PR01228	LGx	66	101	hap2
PR01228	LGx	67	104	hap2
PR01228	LGx	68	107	hap2
PR01228	LGx	69	111	hap2
PR01228	LGx	70	115	hap2
PR01228	LGx	71	118	hap2
PR01228	LGx	72	122	hap2
PR01228	LGx	73	127	hap2
PR01228	LGx	74	131	hap2
PR01228	LGx	75	136	hap2
PR01228	LGx	76	141	hap2
PR01228	LGx	77	146	hap2
PR01228	LGx	78	151	hap2
PR01228	LGx	79	156	hap2
PR01228	LGx	80	162	hap2
PR01228	LGx	81	168	hap2
PR01228	LGx	82	175	hap2
PR01228	LGx	83	182	hap2
PR01228	LGx	84	189	hap2
PR01228	LGx	85	196	hap2
PR01228	LGx	86	205	hap2
PR01228	LGx	87	213	hap2
PR01228	LGx	88	222	hap2
PR01228	LGx	89	232	hap2
PR01228	LGx	90	242	hap2
PR01228	LGx	91	253	hap2
PR01228	LGx	92	266	hap2
PR01228	LGx	93	279	hap2
PR01228	LGx	94	294	hap2
PR01228	LGx	95	311	hap2
PR01228	LGx	96	331	hap2
PR01228	LGx	97	354	hap2
PR01228	LGx	98	382	hap2
PR01228	LGx	99	417	hap2
PR01228	LGx	100	465	hap2
PR01228	auN	3284489842	270.35696	primary
PR01228	auNG	3018593705	294.17163	primary
PR01228	Nx	1	101569239	primary
PR01228	Nx	2	101569239	primary
PR01228	Nx	3	101569239	primary
PR01228	Nx	4	100675148	primary
PR01228	Nx	5	100675148	primary
PR01228	Nx	6	100675148	primary
PR01228	Nx	7	94262566	primary
PR01228	Nx	8	94262566	primary
PR01228	Nx	9	94262566	primary
PR01228	Nx	10	84378317	primary
PR01228	Nx	11	84378317	primary
PR01228	Nx	12	80521497	primary
PR01228	Nx	13	80521497	primary
PR01228	Nx	14	80521497	primary
PR01228	Nx	15	76952605	primary
PR01228	Nx	16	76952605	primary
PR01228	Nx	17	71707991	primary
PR01228	Nx	18	71707991	primary
PR01228	Nx	19	68912349	primary
PR01228	Nx	20	68912349	primary
PR01228	Nx	21	68447940	primary
PR01228	Nx	22	68447940	primary
PR01228	Nx	23	67555983	primary
PR01228	Nx	24	67555983	primary
PR01228	Nx	25	63812115	primary
PR01228	Nx	26	63812115	primary
PR01228	Nx	27	62680385	primary
PR01228	Nx	28	62680385	primary
PR01228	Nx	29	59260008	primary
PR01228	Nx	30	59260008	primary
PR01228	Nx	31	58244017	primary
PR01228	Nx	32	58244017	primary
PR01228	Nx	33	57879168	primary
PR01228	Nx	34	57879168	primary
PR01228	Nx	35	46793565	primary
PR01228	Nx	36	46565203	primary
PR01228	Nx	37	46244493	primary
PR01228	Nx	38	46244493	primary
PR01228	Nx	39	44551791	primary
PR01228	Nx	40	43002531	primary
PR01228	Nx	41	42085912	primary
PR01228	Nx	42	42085912	primary
PR01228	Nx	43	39740881	primary
PR01228	Nx	44	37193828	primary
PR01228	Nx	45	36694771	primary
PR01228	Nx	46	35091513	primary
PR01228	Nx	47	34279653	primary
PR01228	Nx	48	33704394	primary
PR01228	Nx	49	33088344	primary
PR01228	Nx	50	31689066	primary
PR01228	Nx	51	30199864	primary
PR01228	Nx	52	29655649	primary
PR01228	Nx	53	29502795	primary
PR01228	Nx	54	29221985	primary
PR01228	Nx	55	29058423	primary
PR01228	Nx	56	28672195	primary
PR01228	Nx	57	28272217	primary
PR01228	Nx	58	25608565	primary
PR01228	Nx	59	24893534	primary
PR01228	Nx	60	24049396	primary
PR01228	Nx	61	23152241	primary
PR01228	Nx	62	22985643	primary
PR01228	Nx	63	22340958	primary
PR01228	Nx	64	21585794	primary
PR01228	Nx	65	20472808	primary
PR01228	Nx	66	19902209	primary
PR01228	Nx	67	19074930	primary
PR01228	Nx	68	18386150	primary
PR01228	Nx	69	17588361	primary
PR01228	Nx	70	16771246	primary
PR01228	Nx	71	16535894	primary
PR01228	Nx	72	16227206	primary
PR01228	Nx	73	15853983	primary
PR01228	Nx	74	14701501	primary
PR01228	Nx	75	13691545	primary
PR01228	Nx	76	13308903	primary
PR01228	Nx	77	13085517	primary
PR01228	Nx	78	12941364	primary
PR01228	Nx	79	12370010	primary
PR01228	Nx	80	11821685	primary
PR01228	Nx	81	10377609	primary
PR01228	Nx	82	9863714	primary
PR01228	Nx	83	9673307	primary
PR01228	Nx	84	8669795	primary
PR01228	Nx	85	8163580	primary
PR01228	Nx	86	7264898	primary
PR01228	Nx	87	6286710	primary
PR01228	Nx	88	6010839	primary
PR01228	Nx	89	5129159	primary
PR01228	Nx	90	4976710	primary
PR01228	Nx	91	4370429	primary
PR01228	Nx	92	3890169	primary
PR01228	Nx	93	3524608	primary
PR01228	Nx	94	2989172	primary
PR01228	Nx	95	2390545	primary
PR01228	Nx	96	1947805	primary
PR01228	Nx	97	1517388	primary
PR01228	Nx	98	1165784	primary
PR01228	Nx	99	717705	primary
PR01228	Nx	100	15333	primary
PR01228	Lx	1	101569239	primary
PR01228	Lx	2	101569239	primary
PR01228	Lx	3	101569239	primary
PR01228	Lx	4	100675148	primary
PR01228	Lx	5	100675148	primary
PR01228	Lx	6	100675148	primary
PR01228	Lx	7	94262566	primary
PR01228	Lx	8	94262566	primary
PR01228	Lx	9	94262566	primary
PR01228	Lx	10	84378317	primary
PR01228	Lx	11	84378317	primary
PR01228	Lx	12	80521497	primary
PR01228	Lx	13	80521497	primary
PR01228	Lx	14	80521497	primary
PR01228	Lx	15	76952605	primary
PR01228	Lx	16	76952605	primary
PR01228	Lx	17	71707991	primary
PR01228	Lx	18	71707991	primary
PR01228	Lx	19	68912349	primary
PR01228	Lx	20	68912349	primary
PR01228	Lx	21	68447940	primary
PR01228	Lx	22	68447940	primary
PR01228	Lx	23	67555983	primary
PR01228	Lx	24	67555983	primary
PR01228	Lx	25	63812115	primary
PR01228	Lx	26	63812115	primary
PR01228	Lx	27	62680385	primary
PR01228	Lx	28	62680385	primary
PR01228	Lx	29	59260008	primary
PR01228	Lx	30	59260008	primary
PR01228	Lx	31	58244017	primary
PR01228	Lx	32	58244017	primary
PR01228	Lx	33	57879168	primary
PR01228	Lx	34	57879168	primary
PR01228	Lx	35	46793565	primary
PR01228	Lx	36	46565203	primary
PR01228	Lx	37	46244493	primary
PR01228	Lx	38	46244493	primary
PR01228	Lx	39	44551791	primary
PR01228	Lx	40	43002531	primary
PR01228	Lx	41	42085912	primary
PR01228	Lx	42	42085912	primary
PR01228	Lx	43	39740881	primary
PR01228	Lx	44	37193828	primary
PR01228	Lx	45	36694771	primary
PR01228	Lx	46	35091513	primary
PR01228	Lx	47	34279653	primary
PR01228	Lx	48	33704394	primary
PR01228	Lx	49	33088344	primary
PR01228	Lx	50	31689066	primary
PR01228	Lx	51	30199864	primary
PR01228	Lx	52	29655649	primary
PR01228	Lx	53	29502795	primary
PR01228	Lx	54	29221985	primary
PR01228	Lx	55	29058423	primary
PR01228	Lx	56	28672195	primary
PR01228	Lx	57	28272217	primary
PR01228	Lx	58	25608565	primary
PR01228	Lx	59	24893534	primary
PR01228	Lx	60	24049396	primary
PR01228	Lx	61	23152241	primary
PR01228	Lx	62	22985643	primary
PR01228	Lx	63	22340958	primary
PR01228	Lx	64	21585794	primary
PR01228	Lx	65	20472808	primary
PR01228	Lx	66	19902209	primary
PR01228	Lx	67	19074930	primary
PR01228	Lx	68	18386150	primary
PR01228	Lx	69	17588361	primary
PR01228	Lx	70	16771246	primary
PR01228	Lx	71	16535894	primary
PR01228	Lx	72	16227206	primary
PR01228	Lx	73	15853983	primary
PR01228	Lx	74	14701501	primary
PR01228	Lx	75	13691545	primary
PR01228	Lx	76	13308903	primary
PR01228	Lx	77	13085517	primary
PR01228	Lx	78	12941364	primary
PR01228	Lx	79	12370010	primary
PR01228	Lx	80	11821685	primary
PR01228	Lx	81	10377609	primary
PR01228	Lx	82	9863714	primary
PR01228	Lx	83	9673307	primary
PR01228	Lx	84	8669795	primary
PR01228	Lx	85	8163580	primary
PR01228	Lx	86	7264898	primary
PR01228	Lx	87	6286710	primary
PR01228	Lx	88	6010839	primary
PR01228	Lx	89	5129159	primary
PR01228	Lx	90	4976710	primary
PR01228	Lx	91	4370429	primary
PR01228	Lx	92	3890169	primary
PR01228	Lx	93	3524608	primary
PR01228	Lx	94	2989172	primary
PR01228	Lx	95	2390545	primary
PR01228	Lx	96	1947805	primary
PR01228	Lx	97	1517388	primary
PR01228	Lx	98	1165784	primary
PR01228	Lx	99	717705	primary
PR01228	Lx	100	15333	primary
PR01228	NGx	1	101569239	primary
PR01228	NGx	2	101569239	primary
PR01228	NGx	3	101569239	primary
PR01228	NGx	4	100675148	primary
PR01228	NGx	5	100675148	primary
PR01228	NGx	6	100675148	primary
PR01228	NGx	7	94262566	primary
PR01228	NGx	8	94262566	primary
PR01228	NGx	9	94262566	primary
PR01228	NGx	10	84378317	primary
PR01228	NGx	11	84378317	primary
PR01228	NGx	12	84378317	primary
PR01228	NGx	13	80521497	primary
PR01228	NGx	14	80521497	primary
PR01228	NGx	15	80521497	primary
PR01228	NGx	16	76952605	primary
PR01228	NGx	17	76952605	primary
PR01228	NGx	18	71707991	primary
PR01228	NGx	19	71707991	primary
PR01228	NGx	20	71707991	primary
PR01228	NGx	21	68912349	primary
PR01228	NGx	22	68912349	primary
PR01228	NGx	23	68447940	primary
PR01228	NGx	24	68447940	primary
PR01228	NGx	25	67555983	primary
PR01228	NGx	26	67555983	primary
PR01228	NGx	27	63812115	primary
PR01228	NGx	28	63812115	primary
PR01228	NGx	29	63812115	primary
PR01228	NGx	30	62680385	primary
PR01228	NGx	31	62680385	primary
PR01228	NGx	32	59260008	primary
PR01228	NGx	33	59260008	primary
PR01228	NGx	34	58244017	primary
PR01228	NGx	35	58244017	primary
PR01228	NGx	36	57879168	primary
PR01228	NGx	37	46793565	primary
PR01228	NGx	38	46793565	primary
PR01228	NGx	39	46565203	primary
PR01228	NGx	40	46565203	primary
PR01228	NGx	41	46244493	primary
PR01228	NGx	42	44551791	primary
PR01228	NGx	43	44551791	primary
PR01228	NGx	44	43002531	primary
PR01228	NGx	45	42085912	primary
PR01228	NGx	46	39740881	primary
PR01228	NGx	47	39740881	primary
PR01228	NGx	48	37193828	primary
PR01228	NGx	49	36694771	primary
PR01228	NGx	50	35091513	primary
PR01228	NGx	51	34279653	primary
PR01228	NGx	52	33704394	primary
PR01228	NGx	53	33704394	primary
PR01228	NGx	54	33088344	primary
PR01228	NGx	55	31689066	primary
PR01228	NGx	56	30199864	primary
PR01228	NGx	57	29655649	primary
PR01228	NGx	58	29502795	primary
PR01228	NGx	59	29221985	primary
PR01228	NGx	60	29058423	primary
PR01228	NGx	61	28672195	primary
PR01228	NGx	62	28272217	primary
PR01228	NGx	63	25608565	primary
PR01228	NGx	64	24893534	primary
PR01228	NGx	65	24049396	primary
PR01228	NGx	66	23247905	primary
PR01228	NGx	67	22985643	primary
PR01228	NGx	68	22878568	primary
PR01228	NGx	69	22340958	primary
PR01228	NGx	70	20692608	primary
PR01228	NGx	71	20472808	primary
PR01228	NGx	72	19716382	primary
PR01228	NGx	73	19074930	primary
PR01228	NGx	74	18386150	primary
PR01228	NGx	75	17588361	primary
PR01228	NGx	76	16791656	primary
PR01228	NGx	77	16642365	primary
PR01228	NGx	78	16308067	primary
PR01228	NGx	79	16112610	primary
PR01228	NGx	80	14781050	primary
PR01228	NGx	81	13912245	primary
PR01228	NGx	82	13624080	primary
PR01228	NGx	83	13301236	primary
PR01228	NGx	84	13085517	primary
PR01228	NGx	85	12830568	primary
PR01228	NGx	86	12370010	primary
PR01228	NGx	87	11821685	primary
PR01228	NGx	88	10569380	primary
PR01228	NGx	89	10055243	primary
PR01228	NGx	90	9771544	primary
PR01228	NGx	91	9522136	primary
PR01228	NGx	92	8335476	primary
PR01228	NGx	93	7976526	primary
PR01228	NGx	94	6583374	primary
PR01228	NGx	95	6244046	primary
PR01228	NGx	96	5844036	primary
PR01228	NGx	97	5100015	primary
PR01228	NGx	98	4976710	primary
PR01228	NGx	99	4370429	primary
PR01228	NGx	100	3984442	primary
PR01228	LGx	1	1	primary
PR01228	LGx	2	1	primary
PR01228	LGx	3	1	primary
PR01228	LGx	4	2	primary
PR01228	LGx	5	2	primary
PR01228	LGx	6	2	primary
PR01228	LGx	7	3	primary
PR01228	LGx	8	3	primary
PR01228	LGx	9	3	primary
PR01228	LGx	10	4	primary
PR01228	LGx	11	4	primary
PR01228	LGx	12	4	primary
PR01228	LGx	13	5	primary
PR01228	LGx	14	5	primary
PR01228	LGx	15	5	primary
PR01228	LGx	16	6	primary
PR01228	LGx	17	6	primary
PR01228	LGx	18	7	primary
PR01228	LGx	19	7	primary
PR01228	LGx	20	7	primary
PR01228	LGx	21	8	primary
PR01228	LGx	22	8	primary
PR01228	LGx	23	9	primary
PR01228	LGx	24	9	primary
PR01228	LGx	25	10	primary
PR01228	LGx	26	10	primary
PR01228	LGx	27	11	primary
PR01228	LGx	28	11	primary
PR01228	LGx	29	11	primary
PR01228	LGx	30	12	primary
PR01228	LGx	31	12	primary
PR01228	LGx	32	13	primary
PR01228	LGx	33	13	primary
PR01228	LGx	34	14	primary
PR01228	LGx	35	14	primary
PR01228	LGx	36	15	primary
PR01228	LGx	37	16	primary
PR01228	LGx	38	16	primary
PR01228	LGx	39	17	primary
PR01228	LGx	40	17	primary
PR01228	LGx	41	18	primary
PR01228	LGx	42	19	primary
PR01228	LGx	43	19	primary
PR01228	LGx	44	20	primary
PR01228	LGx	45	21	primary
PR01228	LGx	46	22	primary
PR01228	LGx	47	22	primary
PR01228	LGx	48	23	primary
PR01228	LGx	49	24	primary
PR01228	LGx	50	25	primary
PR01228	LGx	51	26	primary
PR01228	LGx	52	27	primary
PR01228	LGx	53	27	primary
PR01228	LGx	54	28	primary
PR01228	LGx	55	29	primary
PR01228	LGx	56	30	primary
PR01228	LGx	57	31	primary
PR01228	LGx	58	32	primary
PR01228	LGx	59	33	primary
PR01228	LGx	60	34	primary
PR01228	LGx	61	35	primary
PR01228	LGx	62	36	primary
PR01228	LGx	63	38	primary
PR01228	LGx	64	39	primary
PR01228	LGx	65	40	primary
PR01228	LGx	66	41	primary
PR01228	LGx	67	43	primary
PR01228	LGx	68	44	primary
PR01228	LGx	69	45	primary
PR01228	LGx	70	47	primary
PR01228	LGx	71	48	primary
PR01228	LGx	72	50	primary
PR01228	LGx	73	51	primary
PR01228	LGx	74	53	primary
PR01228	LGx	75	55	primary
PR01228	LGx	76	56	primary
PR01228	LGx	77	58	primary
PR01228	LGx	78	60	primary
PR01228	LGx	79	62	primary
PR01228	LGx	80	64	primary
PR01228	LGx	81	66	primary
PR01228	LGx	82	68	primary
PR01228	LGx	83	70	primary
PR01228	LGx	84	72	primary
PR01228	LGx	85	75	primary
PR01228	LGx	86	77	primary
PR01228	LGx	87	80	primary
PR01228	LGx	88	82	primary
PR01228	LGx	89	85	primary
PR01228	LGx	90	88	primary
PR01228	LGx	91	91	primary
PR01228	LGx	92	95	primary
PR01228	LGx	93	99	primary
PR01228	LGx	94	103	primary
PR01228	LGx	95	107	primary
PR01228	LGx	96	112	primary
PR01228	LGx	97	118	primary
PR01228	LGx	98	124	primary
PR01228	LGx	99	131	primary
PR01228	LGx	100	138	primary
PR00115	auN	3236349971	545.61	hap1
PR00115	auNG	3018593705	584.96936	hap1
PR00115	Nx	1	231654292	hap1
PR00115	Nx	2	231654292	hap1
PR00115	Nx	3	231654292	hap1
PR00115	Nx	4	231654292	hap1
PR00115	Nx	5	231654292	hap1
PR00115	Nx	6	231654292	hap1
PR00115	Nx	7	231654292	hap1
PR00115	Nx	8	194895482	hap1
PR00115	Nx	9	194895482	hap1
PR00115	Nx	10	194895482	hap1
PR00115	Nx	11	194895482	hap1
PR00115	Nx	12	194895482	hap1
PR00115	Nx	13	194895482	hap1
PR00115	Nx	14	148222837	hap1
PR00115	Nx	15	148222837	hap1
PR00115	Nx	16	148222837	hap1
PR00115	Nx	17	148222837	hap1
PR00115	Nx	18	122415672	hap1
PR00115	Nx	19	122415672	hap1
PR00115	Nx	20	122415672	hap1
PR00115	Nx	21	122415672	hap1
PR00115	Nx	22	115210294	hap1
PR00115	Nx	23	115210294	hap1
PR00115	Nx	24	115210294	hap1
PR00115	Nx	25	115210294	hap1
PR00115	Nx	26	111013271	hap1
PR00115	Nx	27	111013271	hap1
PR00115	Nx	28	111013271	hap1
PR00115	Nx	29	107179960	hap1
PR00115	Nx	30	107179960	hap1
PR00115	Nx	31	107179960	hap1
PR00115	Nx	32	97988603	hap1
PR00115	Nx	33	97988603	hap1
PR00115	Nx	34	97988603	hap1
PR00115	Nx	35	96105802	hap1
PR00115	Nx	36	96105802	hap1
PR00115	Nx	37	96105802	hap1
PR00115	Nx	38	93494657	hap1
PR00115	Nx	39	93494657	hap1
PR00115	Nx	40	93494657	hap1
PR00115	Nx	41	88690300	hap1
PR00115	Nx	42	88690300	hap1
PR00115	Nx	43	88690300	hap1
PR00115	Nx	44	76679189	hap1
PR00115	Nx	45	76679189	hap1
PR00115	Nx	46	76162108	hap1
PR00115	Nx	47	76162108	hap1
PR00115	Nx	48	76162108	hap1
PR00115	Nx	49	73474343	hap1
PR00115	Nx	50	73474343	hap1
PR00115	Nx	51	72296337	hap1
PR00115	Nx	52	72296337	hap1
PR00115	Nx	53	61175766	hap1
PR00115	Nx	54	61175766	hap1
PR00115	Nx	55	61060439	hap1
PR00115	Nx	56	61060439	hap1
PR00115	Nx	57	58379171	hap1
PR00115	Nx	58	58379171	hap1
PR00115	Nx	59	52734621	hap1
PR00115	Nx	60	51427964	hap1
PR00115	Nx	61	51427964	hap1
PR00115	Nx	62	46795541	hap1
PR00115	Nx	63	45584809	hap1
PR00115	Nx	64	45584809	hap1
PR00115	Nx	65	44423566	hap1
PR00115	Nx	66	43675329	hap1
PR00115	Nx	67	43675329	hap1
PR00115	Nx	68	41731322	hap1
PR00115	Nx	69	38319378	hap1
PR00115	Nx	70	37978814	hap1
PR00115	Nx	71	37536116	hap1
PR00115	Nx	72	36403571	hap1
PR00115	Nx	73	36403571	hap1
PR00115	Nx	74	35161355	hap1
PR00115	Nx	75	34783819	hap1
PR00115	Nx	76	33693536	hap1
PR00115	Nx	77	33326803	hap1
PR00115	Nx	78	32205671	hap1
PR00115	Nx	79	30597346	hap1
PR00115	Nx	80	29534958	hap1
PR00115	Nx	81	27714188	hap1
PR00115	Nx	82	26663122	hap1
PR00115	Nx	83	22869534	hap1
PR00115	Nx	84	21093974	hap1
PR00115	Nx	85	20213728	hap1
PR00115	Nx	86	16371980	hap1
PR00115	Nx	87	14497664	hap1
PR00115	Nx	88	13538112	hap1
PR00115	Nx	89	12287915	hap1
PR00115	Nx	90	10958913	hap1
PR00115	Nx	91	8819852	hap1
PR00115	Nx	92	8098645	hap1
PR00115	Nx	93	6676784	hap1
PR00115	Nx	94	4768692	hap1
PR00115	Nx	95	3420369	hap1
PR00115	Nx	96	2786702	hap1
PR00115	Nx	97	1691320	hap1
PR00115	Nx	98	734469	hap1
PR00115	Nx	99	72146	hap1
PR00115	Nx	100	11918	hap1
PR00115	Lx	1	231654292	hap1
PR00115	Lx	2	231654292	hap1
PR00115	Lx	3	231654292	hap1
PR00115	Lx	4	231654292	hap1
PR00115	Lx	5	231654292	hap1
PR00115	Lx	6	231654292	hap1
PR00115	Lx	7	231654292	hap1
PR00115	Lx	8	194895482	hap1
PR00115	Lx	9	194895482	hap1
PR00115	Lx	10	194895482	hap1
PR00115	Lx	11	194895482	hap1
PR00115	Lx	12	194895482	hap1
PR00115	Lx	13	194895482	hap1
PR00115	Lx	14	148222837	hap1
PR00115	Lx	15	148222837	hap1
PR00115	Lx	16	148222837	hap1
PR00115	Lx	17	148222837	hap1
PR00115	Lx	18	122415672	hap1
PR00115	Lx	19	122415672	hap1
PR00115	Lx	20	122415672	hap1
PR00115	Lx	21	122415672	hap1
PR00115	Lx	22	115210294	hap1
PR00115	Lx	23	115210294	hap1
PR00115	Lx	24	115210294	hap1
PR00115	Lx	25	115210294	hap1
PR00115	Lx	26	111013271	hap1
PR00115	Lx	27	111013271	hap1
PR00115	Lx	28	111013271	hap1
PR00115	Lx	29	107179960	hap1
PR00115	Lx	30	107179960	hap1
PR00115	Lx	31	107179960	hap1
PR00115	Lx	32	97988603	hap1
PR00115	Lx	33	97988603	hap1
PR00115	Lx	34	97988603	hap1
PR00115	Lx	35	96105802	hap1
PR00115	Lx	36	96105802	hap1
PR00115	Lx	37	96105802	hap1
PR00115	Lx	38	93494657	hap1
PR00115	Lx	39	93494657	hap1
PR00115	Lx	40	93494657	hap1
PR00115	Lx	41	88690300	hap1
PR00115	Lx	42	88690300	hap1
PR00115	Lx	43	88690300	hap1
PR00115	Lx	44	76679189	hap1
PR00115	Lx	45	76679189	hap1
PR00115	Lx	46	76162108	hap1
PR00115	Lx	47	76162108	hap1
PR00115	Lx	48	76162108	hap1
PR00115	Lx	49	73474343	hap1
PR00115	Lx	50	73474343	hap1
PR00115	Lx	51	72296337	hap1
PR00115	Lx	52	72296337	hap1
PR00115	Lx	53	61175766	hap1
PR00115	Lx	54	61175766	hap1
PR00115	Lx	55	61060439	hap1
PR00115	Lx	56	61060439	hap1
PR00115	Lx	57	58379171	hap1
PR00115	Lx	58	58379171	hap1
PR00115	Lx	59	52734621	hap1
PR00115	Lx	60	51427964	hap1
PR00115	Lx	61	51427964	hap1
PR00115	Lx	62	46795541	hap1
PR00115	Lx	63	45584809	hap1
PR00115	Lx	64	45584809	hap1
PR00115	Lx	65	44423566	hap1
PR00115	Lx	66	43675329	hap1
PR00115	Lx	67	43675329	hap1
PR00115	Lx	68	41731322	hap1
PR00115	Lx	69	38319378	hap1
PR00115	Lx	70	37978814	hap1
PR00115	Lx	71	37536116	hap1
PR00115	Lx	72	36403571	hap1
PR00115	Lx	73	36403571	hap1
PR00115	Lx	74	35161355	hap1
PR00115	Lx	75	34783819	hap1
PR00115	Lx	76	33693536	hap1
PR00115	Lx	77	33326803	hap1
PR00115	Lx	78	32205671	hap1
PR00115	Lx	79	30597346	hap1
PR00115	Lx	80	29534958	hap1
PR00115	Lx	81	27714188	hap1
PR00115	Lx	82	26663122	hap1
PR00115	Lx	83	22869534	hap1
PR00115	Lx	84	21093974	hap1
PR00115	Lx	85	20213728	hap1
PR00115	Lx	86	16371980	hap1
PR00115	Lx	87	14497664	hap1
PR00115	Lx	88	13538112	hap1
PR00115	Lx	89	12287915	hap1
PR00115	Lx	90	10958913	hap1
PR00115	Lx	91	8819852	hap1
PR00115	Lx	92	8098645	hap1
PR00115	Lx	93	6676784	hap1
PR00115	Lx	94	4768692	hap1
PR00115	Lx	95	3420369	hap1
PR00115	Lx	96	2786702	hap1
PR00115	Lx	97	1691320	hap1
PR00115	Lx	98	734469	hap1
PR00115	Lx	99	72146	hap1
PR00115	Lx	100	11918	hap1
PR00115	NGx	1	231654292	hap1
PR00115	NGx	2	231654292	hap1
PR00115	NGx	3	231654292	hap1
PR00115	NGx	4	231654292	hap1
PR00115	NGx	5	231654292	hap1
PR00115	NGx	6	231654292	hap1
PR00115	NGx	7	231654292	hap1
PR00115	NGx	8	194895482	hap1
PR00115	NGx	9	194895482	hap1
PR00115	NGx	10	194895482	hap1
PR00115	NGx	11	194895482	hap1
PR00115	NGx	12	194895482	hap1
PR00115	NGx	13	194895482	hap1
PR00115	NGx	14	194895482	hap1
PR00115	NGx	15	148222837	hap1
PR00115	NGx	16	148222837	hap1
PR00115	NGx	17	148222837	hap1
PR00115	NGx	18	148222837	hap1
PR00115	NGx	19	148222837	hap1
PR00115	NGx	20	122415672	hap1
PR00115	NGx	21	122415672	hap1
PR00115	NGx	22	122415672	hap1
PR00115	NGx	23	122415672	hap1
PR00115	NGx	24	115210294	hap1
PR00115	NGx	25	115210294	hap1
PR00115	NGx	26	115210294	hap1
PR00115	NGx	27	111013271	hap1
PR00115	NGx	28	111013271	hap1
PR00115	NGx	29	111013271	hap1
PR00115	NGx	30	111013271	hap1
PR00115	NGx	31	107179960	hap1
PR00115	NGx	32	107179960	hap1
PR00115	NGx	33	107179960	hap1
PR00115	NGx	34	107179960	hap1
PR00115	NGx	35	97988603	hap1
PR00115	NGx	36	97988603	hap1
PR00115	NGx	37	97988603	hap1
PR00115	NGx	38	96105802	hap1
PR00115	NGx	39	96105802	hap1
PR00115	NGx	40	96105802	hap1
PR00115	NGx	41	93494657	hap1
PR00115	NGx	42	93494657	hap1
PR00115	NGx	43	93494657	hap1
PR00115	NGx	44	88690300	hap1
PR00115	NGx	45	88690300	hap1
PR00115	NGx	46	88690300	hap1
PR00115	NGx	47	76679189	hap1
PR00115	NGx	48	76679189	hap1
PR00115	NGx	49	76679189	hap1
PR00115	NGx	50	76162108	hap1
PR00115	NGx	51	76162108	hap1
PR00115	NGx	52	73474343	hap1
PR00115	NGx	53	73474343	hap1
PR00115	NGx	54	73474343	hap1
PR00115	NGx	55	72296337	hap1
PR00115	NGx	56	72296337	hap1
PR00115	NGx	57	61175766	hap1
PR00115	NGx	58	61175766	hap1
PR00115	NGx	59	61060439	hap1
PR00115	NGx	60	61060439	hap1
PR00115	NGx	61	58379171	hap1
PR00115	NGx	62	58379171	hap1
PR00115	NGx	63	52734621	hap1
PR00115	NGx	64	52734621	hap1
PR00115	NGx	65	51427964	hap1
PR00115	NGx	66	46795541	hap1
PR00115	NGx	67	46795541	hap1
PR00115	NGx	68	45584809	hap1
PR00115	NGx	69	44423566	hap1
PR00115	NGx	70	44423566	hap1
PR00115	NGx	71	43675329	hap1
PR00115	NGx	72	41731322	hap1
PR00115	NGx	73	41731322	hap1
PR00115	NGx	74	38319378	hap1
PR00115	NGx	75	37978814	hap1
PR00115	NGx	76	37536116	hap1
PR00115	NGx	77	37536116	hap1
PR00115	NGx	78	36403571	hap1
PR00115	NGx	79	35161355	hap1
PR00115	NGx	80	34783819	hap1
PR00115	NGx	81	33693536	hap1
PR00115	NGx	82	33326803	hap1
PR00115	NGx	83	32205671	hap1
PR00115	NGx	84	30597346	hap1
PR00115	NGx	85	29534958	hap1
PR00115	NGx	86	29128075	hap1
PR00115	NGx	87	27714188	hap1
PR00115	NGx	88	26663122	hap1
PR00115	NGx	89	22869534	hap1
PR00115	NGx	90	21093974	hap1
PR00115	NGx	91	20213728	hap1
PR00115	NGx	92	20202045	hap1
PR00115	NGx	93	15424169	hap1
PR00115	NGx	94	14489859	hap1
PR00115	NGx	95	13402634	hap1
PR00115	NGx	96	11336637	hap1
PR00115	NGx	97	9640302	hap1
PR00115	NGx	98	8810490	hap1
PR00115	NGx	99	7328903	hap1
PR00115	NGx	100	6489469	hap1
PR00115	LGx	1	1	hap1
PR00115	LGx	2	1	hap1
PR00115	LGx	3	1	hap1
PR00115	LGx	4	1	hap1
PR00115	LGx	5	1	hap1
PR00115	LGx	6	1	hap1
PR00115	LGx	7	1	hap1
PR00115	LGx	8	2	hap1
PR00115	LGx	9	2	hap1
PR00115	LGx	10	2	hap1
PR00115	LGx	11	2	hap1
PR00115	LGx	12	2	hap1
PR00115	LGx	13	2	hap1
PR00115	LGx	14	2	hap1
PR00115	LGx	15	3	hap1
PR00115	LGx	16	3	hap1
PR00115	LGx	17	3	hap1
PR00115	LGx	18	3	hap1
PR00115	LGx	19	3	hap1
PR00115	LGx	20	4	hap1
PR00115	LGx	21	4	hap1
PR00115	LGx	22	4	hap1
PR00115	LGx	23	4	hap1
PR00115	LGx	24	5	hap1
PR00115	LGx	25	5	hap1
PR00115	LGx	26	5	hap1
PR00115	LGx	27	6	hap1
PR00115	LGx	28	6	hap1
PR00115	LGx	29	6	hap1
PR00115	LGx	30	6	hap1
PR00115	LGx	31	7	hap1
PR00115	LGx	32	7	hap1
PR00115	LGx	33	7	hap1
PR00115	LGx	34	7	hap1
PR00115	LGx	35	8	hap1
PR00115	LGx	36	8	hap1
PR00115	LGx	37	8	hap1
PR00115	LGx	38	9	hap1
PR00115	LGx	39	9	hap1
PR00115	LGx	40	9	hap1
PR00115	LGx	41	10	hap1
PR00115	LGx	42	10	hap1
PR00115	LGx	43	10	hap1
PR00115	LGx	44	11	hap1
PR00115	LGx	45	11	hap1
PR00115	LGx	46	11	hap1
PR00115	LGx	47	12	hap1
PR00115	LGx	48	12	hap1
PR00115	LGx	49	12	hap1
PR00115	LGx	50	13	hap1
PR00115	LGx	51	13	hap1
PR00115	LGx	52	14	hap1
PR00115	LGx	53	14	hap1
PR00115	LGx	54	14	hap1
PR00115	LGx	55	15	hap1
PR00115	LGx	56	15	hap1
PR00115	LGx	57	16	hap1
PR00115	LGx	58	16	hap1
PR00115	LGx	59	17	hap1
PR00115	LGx	60	17	hap1
PR00115	LGx	61	18	hap1
PR00115	LGx	62	18	hap1
PR00115	LGx	63	19	hap1
PR00115	LGx	64	19	hap1
PR00115	LGx	65	20	hap1
PR00115	LGx	66	21	hap1
PR00115	LGx	67	21	hap1
PR00115	LGx	68	22	hap1
PR00115	LGx	69	23	hap1
PR00115	LGx	70	23	hap1
PR00115	LGx	71	24	hap1
PR00115	LGx	72	25	hap1
PR00115	LGx	73	25	hap1
PR00115	LGx	74	26	hap1
PR00115	LGx	75	27	hap1
PR00115	LGx	76	28	hap1
PR00115	LGx	77	28	hap1
PR00115	LGx	78	29	hap1
PR00115	LGx	79	30	hap1
PR00115	LGx	80	31	hap1
PR00115	LGx	81	32	hap1
PR00115	LGx	82	33	hap1
PR00115	LGx	83	34	hap1
PR00115	LGx	84	35	hap1
PR00115	LGx	85	36	hap1
PR00115	LGx	86	37	hap1
PR00115	LGx	87	38	hap1
PR00115	LGx	88	39	hap1
PR00115	LGx	89	40	hap1
PR00115	LGx	90	41	hap1
PR00115	LGx	91	43	hap1
PR00115	LGx	92	44	hap1
PR00115	LGx	93	46	hap1
PR00115	LGx	94	48	hap1
PR00115	LGx	95	50	hap1
PR00115	LGx	96	53	hap1
PR00115	LGx	97	56	hap1
PR00115	LGx	98	59	hap1
PR00115	LGx	99	63	hap1
PR00115	LGx	100	67	hap1
PR00115	auN	3198743746	488.79825	hap2
PR00115	auNG	3018593705	517.9698	hap2
PR00115	Nx	1	147759774	hap2
PR00115	Nx	2	147759774	hap2
PR00115	Nx	3	147759774	hap2
PR00115	Nx	4	147759774	hap2
PR00115	Nx	5	119087374	hap2
PR00115	Nx	6	119087374	hap2
PR00115	Nx	7	119087374	hap2
PR00115	Nx	8	119087374	hap2
PR00115	Nx	9	110078551	hap2
PR00115	Nx	10	110078551	hap2
PR00115	Nx	11	110078551	hap2
PR00115	Nx	12	105453158	hap2
PR00115	Nx	13	105453158	hap2
PR00115	Nx	14	105453158	hap2
PR00115	Nx	15	105453158	hap2
PR00115	Nx	16	90185797	hap2
PR00115	Nx	17	90185797	hap2
PR00115	Nx	18	90101773	hap2
PR00115	Nx	19	90101773	hap2
PR00115	Nx	20	90101773	hap2
PR00115	Nx	21	84225870	hap2
PR00115	Nx	22	84225870	hap2
PR00115	Nx	23	84225870	hap2
PR00115	Nx	24	80392645	hap2
PR00115	Nx	25	80392645	hap2
PR00115	Nx	26	76536248	hap2
PR00115	Nx	27	76536248	hap2
PR00115	Nx	28	76536248	hap2
PR00115	Nx	29	76156384	hap2
PR00115	Nx	30	76156384	hap2
PR00115	Nx	31	75638703	hap2
PR00115	Nx	32	75638703	hap2
PR00115	Nx	33	75638703	hap2
PR00115	Nx	34	68332961	hap2
PR00115	Nx	35	68332961	hap2
PR00115	Nx	36	63158478	hap2
PR00115	Nx	37	63158478	hap2
PR00115	Nx	38	62496819	hap2
PR00115	Nx	39	62496819	hap2
PR00115	Nx	40	61851921	hap2
PR00115	Nx	41	60708209	hap2
PR00115	Nx	42	60708209	hap2
PR00115	Nx	43	55940049	hap2
PR00115	Nx	44	55940049	hap2
PR00115	Nx	45	53507017	hap2
PR00115	Nx	46	53507017	hap2
PR00115	Nx	47	51931183	hap2
PR00115	Nx	48	48519627	hap2
PR00115	Nx	49	48519627	hap2
PR00115	Nx	50	46935093	hap2
PR00115	Nx	51	44599104	hap2
PR00115	Nx	52	44599104	hap2
PR00115	Nx	53	40362918	hap2
PR00115	Nx	54	38456707	hap2
PR00115	Nx	55	38073777	hap2
PR00115	Nx	56	32493757	hap2
PR00115	Nx	57	32481587	hap2
PR00115	Nx	58	32481587	hap2
PR00115	Nx	59	32093068	hap2
PR00115	Nx	60	29852899	hap2
PR00115	Nx	61	29206053	hap2
PR00115	Nx	62	28692603	hap2
PR00115	Nx	63	28517162	hap2
PR00115	Nx	64	28235063	hap2
PR00115	Nx	65	26379876	hap2
PR00115	Nx	66	25691047	hap2
PR00115	Nx	67	24483303	hap2
PR00115	Nx	68	22970687	hap2
PR00115	Nx	69	22269384	hap2
PR00115	Nx	70	21912768	hap2
PR00115	Nx	71	21838499	hap2
PR00115	Nx	72	21731890	hap2
PR00115	Nx	73	21608039	hap2
PR00115	Nx	74	20388947	hap2
PR00115	Nx	75	20213728	hap2
PR00115	Nx	76	19766673	hap2
PR00115	Nx	77	18753840	hap2
PR00115	Nx	78	17812374	hap2
PR00115	Nx	79	16762877	hap2
PR00115	Nx	80	15944169	hap2
PR00115	Nx	81	15672354	hap2
PR00115	Nx	82	14311952	hap2
PR00115	Nx	83	12695776	hap2
PR00115	Nx	84	12388232	hap2
PR00115	Nx	85	10707329	hap2
PR00115	Nx	86	9675361	hap2
PR00115	Nx	87	8893230	hap2
PR00115	Nx	88	7799672	hap2
PR00115	Nx	89	7337749	hap2
PR00115	Nx	90	6578105	hap2
PR00115	Nx	91	5829797	hap2
PR00115	Nx	92	4921232	hap2
PR00115	Nx	93	4226033	hap2
PR00115	Nx	94	3768995	hap2
PR00115	Nx	95	3338859	hap2
PR00115	Nx	96	2833996	hap2
PR00115	Nx	97	1593934	hap2
PR00115	Nx	98	853831	hap2
PR00115	Nx	99	182778	hap2
PR00115	Nx	100	14449	hap2
PR00115	Lx	1	147759774	hap2
PR00115	Lx	2	147759774	hap2
PR00115	Lx	3	147759774	hap2
PR00115	Lx	4	147759774	hap2
PR00115	Lx	5	119087374	hap2
PR00115	Lx	6	119087374	hap2
PR00115	Lx	7	119087374	hap2
PR00115	Lx	8	119087374	hap2
PR00115	Lx	9	110078551	hap2
PR00115	Lx	10	110078551	hap2
PR00115	Lx	11	110078551	hap2
PR00115	Lx	12	105453158	hap2
PR00115	Lx	13	105453158	hap2
PR00115	Lx	14	105453158	hap2
PR00115	Lx	15	105453158	hap2
PR00115	Lx	16	90185797	hap2
PR00115	Lx	17	90185797	hap2
PR00115	Lx	18	90101773	hap2
PR00115	Lx	19	90101773	hap2
PR00115	Lx	20	90101773	hap2
PR00115	Lx	21	84225870	hap2
PR00115	Lx	22	84225870	hap2
PR00115	Lx	23	84225870	hap2
PR00115	Lx	24	80392645	hap2
PR00115	Lx	25	80392645	hap2
PR00115	Lx	26	76536248	hap2
PR00115	Lx	27	76536248	hap2
PR00115	Lx	28	76536248	hap2
PR00115	Lx	29	76156384	hap2
PR00115	Lx	30	76156384	hap2
PR00115	Lx	31	75638703	hap2
PR00115	Lx	32	75638703	hap2
PR00115	Lx	33	75638703	hap2
PR00115	Lx	34	68332961	hap2
PR00115	Lx	35	68332961	hap2
PR00115	Lx	36	63158478	hap2
PR00115	Lx	37	63158478	hap2
PR00115	Lx	38	62496819	hap2
PR00115	Lx	39	62496819	hap2
PR00115	Lx	40	61851921	hap2
PR00115	Lx	41	60708209	hap2
PR00115	Lx	42	60708209	hap2
PR00115	Lx	43	55940049	hap2
PR00115	Lx	44	55940049	hap2
PR00115	Lx	45	53507017	hap2
PR00115	Lx	46	53507017	hap2
PR00115	Lx	47	51931183	hap2
PR00115	Lx	48	48519627	hap2
PR00115	Lx	49	48519627	hap2
PR00115	Lx	50	46935093	hap2
PR00115	Lx	51	44599104	hap2
PR00115	Lx	52	44599104	hap2
PR00115	Lx	53	40362918	hap2
PR00115	Lx	54	38456707	hap2
PR00115	Lx	55	38073777	hap2
PR00115	Lx	56	32493757	hap2
PR00115	Lx	57	32481587	hap2
PR00115	Lx	58	32481587	hap2
PR00115	Lx	59	32093068	hap2
PR00115	Lx	60	29852899	hap2
PR00115	Lx	61	29206053	hap2
PR00115	Lx	62	28692603	hap2
PR00115	Lx	63	28517162	hap2
PR00115	Lx	64	28235063	hap2
PR00115	Lx	65	26379876	hap2
PR00115	Lx	66	25691047	hap2
PR00115	Lx	67	24483303	hap2
PR00115	Lx	68	22970687	hap2
PR00115	Lx	69	22269384	hap2
PR00115	Lx	70	21912768	hap2
PR00115	Lx	71	21838499	hap2
PR00115	Lx	72	21731890	hap2
PR00115	Lx	73	21608039	hap2
PR00115	Lx	74	20388947	hap2
PR00115	Lx	75	20213728	hap2
PR00115	Lx	76	19766673	hap2
PR00115	Lx	77	18753840	hap2
PR00115	Lx	78	17812374	hap2
PR00115	Lx	79	16762877	hap2
PR00115	Lx	80	15944169	hap2
PR00115	Lx	81	15672354	hap2
PR00115	Lx	82	14311952	hap2
PR00115	Lx	83	12695776	hap2
PR00115	Lx	84	12388232	hap2
PR00115	Lx	85	10707329	hap2
PR00115	Lx	86	9675361	hap2
PR00115	Lx	87	8893230	hap2
PR00115	Lx	88	7799672	hap2
PR00115	Lx	89	7337749	hap2
PR00115	Lx	90	6578105	hap2
PR00115	Lx	91	5829797	hap2
PR00115	Lx	92	4921232	hap2
PR00115	Lx	93	4226033	hap2
PR00115	Lx	94	3768995	hap2
PR00115	Lx	95	3338859	hap2
PR00115	Lx	96	2833996	hap2
PR00115	Lx	97	1593934	hap2
PR00115	Lx	98	853831	hap2
PR00115	Lx	99	182778	hap2
PR00115	Lx	100	14449	hap2
PR00115	NGx	1	147759774	hap2
PR00115	NGx	2	147759774	hap2
PR00115	NGx	3	147759774	hap2
PR00115	NGx	4	147759774	hap2
PR00115	NGx	5	119087374	hap2
PR00115	NGx	6	119087374	hap2
PR00115	NGx	7	119087374	hap2
PR00115	NGx	8	119087374	hap2
PR00115	NGx	9	110078551	hap2
PR00115	NGx	10	110078551	hap2
PR00115	NGx	11	110078551	hap2
PR00115	NGx	12	110078551	hap2
PR00115	NGx	13	105453158	hap2
PR00115	NGx	14	105453158	hap2
PR00115	NGx	15	105453158	hap2
PR00115	NGx	16	90185797	hap2
PR00115	NGx	17	90185797	hap2
PR00115	NGx	18	90185797	hap2
PR00115	NGx	19	90101773	hap2
PR00115	NGx	20	90101773	hap2
PR00115	NGx	21	90101773	hap2
PR00115	NGx	22	84225870	hap2
PR00115	NGx	23	84225870	hap2
PR00115	NGx	24	84225870	hap2
PR00115	NGx	25	80392645	hap2
PR00115	NGx	26	80392645	hap2
PR00115	NGx	27	80392645	hap2
PR00115	NGx	28	76536248	hap2
PR00115	NGx	29	76536248	hap2
PR00115	NGx	30	76156384	hap2
PR00115	NGx	31	76156384	hap2
PR00115	NGx	32	76156384	hap2
PR00115	NGx	33	75638703	hap2
PR00115	NGx	34	75638703	hap2
PR00115	NGx	35	68332961	hap2
PR00115	NGx	36	68332961	hap2
PR00115	NGx	37	68332961	hap2
PR00115	NGx	38	63158478	hap2
PR00115	NGx	39	63158478	hap2
PR00115	NGx	40	62496819	hap2
PR00115	NGx	41	62496819	hap2
PR00115	NGx	42	61851921	hap2
PR00115	NGx	43	61851921	hap2
PR00115	NGx	44	60708209	hap2
PR00115	NGx	45	60708209	hap2
PR00115	NGx	46	55940049	hap2
PR00115	NGx	47	55940049	hap2
PR00115	NGx	48	53507017	hap2
PR00115	NGx	49	53507017	hap2
PR00115	NGx	50	51931183	hap2
PR00115	NGx	51	48519627	hap2
PR00115	NGx	52	48519627	hap2
PR00115	NGx	53	46935093	hap2
PR00115	NGx	54	44599104	hap2
PR00115	NGx	55	44599104	hap2
PR00115	NGx	56	40362918	hap2
PR00115	NGx	57	38456707	hap2
PR00115	NGx	58	38456707	hap2
PR00115	NGx	59	38073777	hap2
PR00115	NGx	60	32493757	hap2
PR00115	NGx	61	32481587	hap2
PR00115	NGx	62	32093068	hap2
PR00115	NGx	63	30149892	hap2
PR00115	NGx	64	29852899	hap2
PR00115	NGx	65	29206053	hap2
PR00115	NGx	66	28692603	hap2
PR00115	NGx	67	28517162	hap2
PR00115	NGx	68	28235063	hap2
PR00115	NGx	69	26379876	hap2
PR00115	NGx	70	25691047	hap2
PR00115	NGx	71	24483303	hap2
PR00115	NGx	72	22970687	hap2
PR00115	NGx	73	22269384	hap2
PR00115	NGx	74	21912768	hap2
PR00115	NGx	75	21838499	hap2
PR00115	NGx	76	21812681	hap2
PR00115	NGx	77	21608039	hap2
PR00115	NGx	78	20407251	hap2
PR00115	NGx	79	20213728	hap2
PR00115	NGx	80	19847324	hap2
PR00115	NGx	81	19049971	hap2
PR00115	NGx	82	18753840	hap2
PR00115	NGx	83	17264837	hap2
PR00115	NGx	84	16169860	hap2
PR00115	NGx	85	15799494	hap2
PR00115	NGx	86	15147884	hap2
PR00115	NGx	87	14039885	hap2
PR00115	NGx	88	12695776	hap2
PR00115	NGx	89	12388232	hap2
PR00115	NGx	90	10707329	hap2
PR00115	NGx	91	9675361	hap2
PR00115	NGx	92	9307865	hap2
PR00115	NGx	93	8023759	hap2
PR00115	NGx	94	7417404	hap2
PR00115	NGx	95	6625048	hap2
PR00115	NGx	96	6283768	hap2
PR00115	NGx	97	4999100	hap2
PR00115	NGx	98	4516374	hap2
PR00115	NGx	99	4161520	hap2
PR00115	NGx	100	3729841	hap2
PR00115	LGx	1	1	hap2
PR00115	LGx	2	1	hap2
PR00115	LGx	3	1	hap2
PR00115	LGx	4	1	hap2
PR00115	LGx	5	2	hap2
PR00115	LGx	6	2	hap2
PR00115	LGx	7	2	hap2
PR00115	LGx	8	2	hap2
PR00115	LGx	9	3	hap2
PR00115	LGx	10	3	hap2
PR00115	LGx	11	3	hap2
PR00115	LGx	12	3	hap2
PR00115	LGx	13	4	hap2
PR00115	LGx	14	4	hap2
PR00115	LGx	15	4	hap2
PR00115	LGx	16	5	hap2
PR00115	LGx	17	5	hap2
PR00115	LGx	18	5	hap2
PR00115	LGx	19	6	hap2
PR00115	LGx	20	6	hap2
PR00115	LGx	21	6	hap2
PR00115	LGx	22	7	hap2
PR00115	LGx	23	7	hap2
PR00115	LGx	24	7	hap2
PR00115	LGx	25	8	hap2
PR00115	LGx	26	8	hap2
PR00115	LGx	27	8	hap2
PR00115	LGx	28	9	hap2
PR00115	LGx	29	9	hap2
PR00115	LGx	30	10	hap2
PR00115	LGx	31	10	hap2
PR00115	LGx	32	10	hap2
PR00115	LGx	33	11	hap2
PR00115	LGx	34	11	hap2
PR00115	LGx	35	12	hap2
PR00115	LGx	36	12	hap2
PR00115	LGx	37	12	hap2
PR00115	LGx	38	13	hap2
PR00115	LGx	39	13	hap2
PR00115	LGx	40	14	hap2
PR00115	LGx	41	14	hap2
PR00115	LGx	42	15	hap2
PR00115	LGx	43	15	hap2
PR00115	LGx	44	16	hap2
PR00115	LGx	45	16	hap2
PR00115	LGx	46	17	hap2
PR00115	LGx	47	17	hap2
PR00115	LGx	48	18	hap2
PR00115	LGx	49	18	hap2
PR00115	LGx	50	19	hap2
PR00115	LGx	51	20	hap2
PR00115	LGx	52	20	hap2
PR00115	LGx	53	21	hap2
PR00115	LGx	54	22	hap2
PR00115	LGx	55	22	hap2
PR00115	LGx	56	23	hap2
PR00115	LGx	57	24	hap2
PR00115	LGx	58	24	hap2
PR00115	LGx	59	25	hap2
PR00115	LGx	60	26	hap2
PR00115	LGx	61	27	hap2
PR00115	LGx	62	28	hap2
PR00115	LGx	63	29	hap2
PR00115	LGx	64	30	hap2
PR00115	LGx	65	31	hap2
PR00115	LGx	66	32	hap2
PR00115	LGx	67	33	hap2
PR00115	LGx	68	34	hap2
PR00115	LGx	69	35	hap2
PR00115	LGx	70	36	hap2
PR00115	LGx	71	38	hap2
PR00115	LGx	72	39	hap2
PR00115	LGx	73	40	hap2
PR00115	LGx	74	42	hap2
PR00115	LGx	75	43	hap2
PR00115	LGx	76	44	hap2
PR00115	LGx	77	46	hap2
PR00115	LGx	78	47	hap2
PR00115	LGx	79	49	hap2
PR00115	LGx	80	50	hap2
PR00115	LGx	81	52	hap2
PR00115	LGx	82	53	hap2
PR00115	LGx	83	55	hap2
PR00115	LGx	84	57	hap2
PR00115	LGx	85	59	hap2
PR00115	LGx	86	61	hap2
PR00115	LGx	87	63	hap2
PR00115	LGx	88	65	hap2
PR00115	LGx	89	67	hap2
PR00115	LGx	90	70	hap2
PR00115	LGx	91	73	hap2
PR00115	LGx	92	76	hap2
PR00115	LGx	93	80	hap2
PR00115	LGx	94	84	hap2
PR00115	LGx	95	88	hap2
PR00115	LGx	96	92	hap2
PR00115	LGx	97	98	hap2
PR00115	LGx	98	104	hap2
PR00115	LGx	99	111	hap2
PR00115	LGx	100	119	hap2
PR00115	auN	3380926467	145.44107	primary
PR00115	auNG	3018593705	162.89888	primary
PR00115	Nx	1	231662823	primary
PR00115	Nx	2	231662823	primary
PR00115	Nx	3	231662823	primary
PR00115	Nx	4	231662823	primary
PR00115	Nx	5	231662823	primary
PR00115	Nx	6	231662823	primary
PR00115	Nx	7	201681002	primary
PR00115	Nx	8	201681002	primary
PR00115	Nx	9	201681002	primary
PR00115	Nx	10	201681002	primary
PR00115	Nx	11	201681002	primary
PR00115	Nx	12	201681002	primary
PR00115	Nx	13	194895482	primary
PR00115	Nx	14	194895482	primary
PR00115	Nx	15	194895482	primary
PR00115	Nx	16	194895482	primary
PR00115	Nx	17	194895482	primary
PR00115	Nx	18	194895482	primary
PR00115	Nx	19	171475401	primary
PR00115	Nx	20	171475401	primary
PR00115	Nx	21	171475401	primary
PR00115	Nx	22	171475401	primary
PR00115	Nx	23	171475401	primary
PR00115	Nx	24	148222837	primary
PR00115	Nx	25	148222837	primary
PR00115	Nx	26	148222837	primary
PR00115	Nx	27	148222837	primary
PR00115	Nx	28	148222837	primary
PR00115	Nx	29	147759774	primary
PR00115	Nx	30	147759774	primary
PR00115	Nx	31	147759774	primary
PR00115	Nx	32	147759774	primary
PR00115	Nx	33	136220587	primary
PR00115	Nx	34	136220587	primary
PR00115	Nx	35	136220587	primary
PR00115	Nx	36	136220587	primary
PR00115	Nx	37	128642137	primary
PR00115	Nx	38	128642137	primary
PR00115	Nx	39	128642137	primary
PR00115	Nx	40	128642137	primary
PR00115	Nx	41	121395008	primary
PR00115	Nx	42	121395008	primary
PR00115	Nx	43	121395008	primary
PR00115	Nx	44	115210294	primary
PR00115	Nx	45	115210294	primary
PR00115	Nx	46	115210294	primary
PR00115	Nx	47	115210294	primary
PR00115	Nx	48	107180012	primary
PR00115	Nx	49	107180012	primary
PR00115	Nx	50	107180012	primary
PR00115	Nx	51	98628279	primary
PR00115	Nx	52	98628279	primary
PR00115	Nx	53	98628279	primary
PR00115	Nx	54	97988603	primary
PR00115	Nx	55	97988603	primary
PR00115	Nx	56	97988603	primary
PR00115	Nx	57	91200756	primary
PR00115	Nx	58	91200756	primary
PR00115	Nx	59	85532538	primary
PR00115	Nx	60	85532538	primary
PR00115	Nx	61	85532538	primary
PR00115	Nx	62	78559561	primary
PR00115	Nx	63	78559561	primary
PR00115	Nx	64	77127796	primary
PR00115	Nx	65	77127796	primary
PR00115	Nx	66	77127796	primary
PR00115	Nx	67	76509402	primary
PR00115	Nx	68	76509402	primary
PR00115	Nx	69	76456292	primary
PR00115	Nx	70	76456292	primary
PR00115	Nx	71	75655502	primary
PR00115	Nx	72	75655502	primary
PR00115	Nx	73	73463946	primary
PR00115	Nx	74	73463946	primary
PR00115	Nx	75	61175766	primary
PR00115	Nx	76	61175766	primary
PR00115	Nx	77	50628168	primary
PR00115	Nx	78	50628168	primary
PR00115	Nx	79	47544041	primary
PR00115	Nx	80	47291708	primary
PR00115	Nx	81	47291708	primary
PR00115	Nx	82	44680987	primary
PR00115	Nx	83	40356777	primary
PR00115	Nx	84	38456707	primary
PR00115	Nx	85	37978814	primary
PR00115	Nx	86	36535215	primary
PR00115	Nx	87	34783819	primary
PR00115	Nx	88	29128075	primary
PR00115	Nx	89	26286259	primary
PR00115	Nx	90	20213728	primary
PR00115	Nx	91	17812374	primary
PR00115	Nx	92	16116975	primary
PR00115	Nx	93	11262056	primary
PR00115	Nx	94	9811151	primary
PR00115	Nx	95	8886892	primary
PR00115	Nx	96	5952035	primary
PR00115	Nx	97	4451092	primary
PR00115	Nx	98	3110767	primary
PR00115	Nx	99	1743218	primary
PR00115	Nx	100	11918	primary
PR00115	Lx	1	231662823	primary
PR00115	Lx	2	231662823	primary
PR00115	Lx	3	231662823	primary
PR00115	Lx	4	231662823	primary
PR00115	Lx	5	231662823	primary
PR00115	Lx	6	231662823	primary
PR00115	Lx	7	201681002	primary
PR00115	Lx	8	201681002	primary
PR00115	Lx	9	201681002	primary
PR00115	Lx	10	201681002	primary
PR00115	Lx	11	201681002	primary
PR00115	Lx	12	201681002	primary
PR00115	Lx	13	194895482	primary
PR00115	Lx	14	194895482	primary
PR00115	Lx	15	194895482	primary
PR00115	Lx	16	194895482	primary
PR00115	Lx	17	194895482	primary
PR00115	Lx	18	194895482	primary
PR00115	Lx	19	171475401	primary
PR00115	Lx	20	171475401	primary
PR00115	Lx	21	171475401	primary
PR00115	Lx	22	171475401	primary
PR00115	Lx	23	171475401	primary
PR00115	Lx	24	148222837	primary
PR00115	Lx	25	148222837	primary
PR00115	Lx	26	148222837	primary
PR00115	Lx	27	148222837	primary
PR00115	Lx	28	148222837	primary
PR00115	Lx	29	147759774	primary
PR00115	Lx	30	147759774	primary
PR00115	Lx	31	147759774	primary
PR00115	Lx	32	147759774	primary
PR00115	Lx	33	136220587	primary
PR00115	Lx	34	136220587	primary
PR00115	Lx	35	136220587	primary
PR00115	Lx	36	136220587	primary
PR00115	Lx	37	128642137	primary
PR00115	Lx	38	128642137	primary
PR00115	Lx	39	128642137	primary
PR00115	Lx	40	128642137	primary
PR00115	Lx	41	121395008	primary
PR00115	Lx	42	121395008	primary
PR00115	Lx	43	121395008	primary
PR00115	Lx	44	115210294	primary
PR00115	Lx	45	115210294	primary
PR00115	Lx	46	115210294	primary
PR00115	Lx	47	115210294	primary
PR00115	Lx	48	107180012	primary
PR00115	Lx	49	107180012	primary
PR00115	Lx	50	107180012	primary
PR00115	Lx	51	98628279	primary
PR00115	Lx	52	98628279	primary
PR00115	Lx	53	98628279	primary
PR00115	Lx	54	97988603	primary
PR00115	Lx	55	97988603	primary
PR00115	Lx	56	97988603	primary
PR00115	Lx	57	91200756	primary
PR00115	Lx	58	91200756	primary
PR00115	Lx	59	85532538	primary
PR00115	Lx	60	85532538	primary
PR00115	Lx	61	85532538	primary
PR00115	Lx	62	78559561	primary
PR00115	Lx	63	78559561	primary
PR00115	Lx	64	77127796	primary
PR00115	Lx	65	77127796	primary
PR00115	Lx	66	77127796	primary
PR00115	Lx	67	76509402	primary
PR00115	Lx	68	76509402	primary
PR00115	Lx	69	76456292	primary
PR00115	Lx	70	76456292	primary
PR00115	Lx	71	75655502	primary
PR00115	Lx	72	75655502	primary
PR00115	Lx	73	73463946	primary
PR00115	Lx	74	73463946	primary
PR00115	Lx	75	61175766	primary
PR00115	Lx	76	61175766	primary
PR00115	Lx	77	50628168	primary
PR00115	Lx	78	50628168	primary
PR00115	Lx	79	47544041	primary
PR00115	Lx	80	47291708	primary
PR00115	Lx	81	47291708	primary
PR00115	Lx	82	44680987	primary
PR00115	Lx	83	40356777	primary
PR00115	Lx	84	38456707	primary
PR00115	Lx	85	37978814	primary
PR00115	Lx	86	36535215	primary
PR00115	Lx	87	34783819	primary
PR00115	Lx	88	29128075	primary
PR00115	Lx	89	26286259	primary
PR00115	Lx	90	20213728	primary
PR00115	Lx	91	17812374	primary
PR00115	Lx	92	16116975	primary
PR00115	Lx	93	11262056	primary
PR00115	Lx	94	9811151	primary
PR00115	Lx	95	8886892	primary
PR00115	Lx	96	5952035	primary
PR00115	Lx	97	4451092	primary
PR00115	Lx	98	3110767	primary
PR00115	Lx	99	1743218	primary
PR00115	Lx	100	11918	primary
PR00115	NGx	1	231662823	primary
PR00115	NGx	2	231662823	primary
PR00115	NGx	3	231662823	primary
PR00115	NGx	4	231662823	primary
PR00115	NGx	5	231662823	primary
PR00115	NGx	6	231662823	primary
PR00115	NGx	7	231662823	primary
PR00115	NGx	8	201681002	primary
PR00115	NGx	9	201681002	primary
PR00115	NGx	10	201681002	primary
PR00115	NGx	11	201681002	primary
PR00115	NGx	12	201681002	primary
PR00115	NGx	13	201681002	primary
PR00115	NGx	14	201681002	primary
PR00115	NGx	15	194895482	primary
PR00115	NGx	16	194895482	primary
PR00115	NGx	17	194895482	primary
PR00115	NGx	18	194895482	primary
PR00115	NGx	19	194895482	primary
PR00115	NGx	20	194895482	primary
PR00115	NGx	21	171475401	primary
PR00115	NGx	22	171475401	primary
PR00115	NGx	23	171475401	primary
PR00115	NGx	24	171475401	primary
PR00115	NGx	25	171475401	primary
PR00115	NGx	26	171475401	primary
PR00115	NGx	27	148222837	primary
PR00115	NGx	28	148222837	primary
PR00115	NGx	29	148222837	primary
PR00115	NGx	30	148222837	primary
PR00115	NGx	31	148222837	primary
PR00115	NGx	32	147759774	primary
PR00115	NGx	33	147759774	primary
PR00115	NGx	34	147759774	primary
PR00115	NGx	35	147759774	primary
PR00115	NGx	36	147759774	primary
PR00115	NGx	37	136220587	primary
PR00115	NGx	38	136220587	primary
PR00115	NGx	39	136220587	primary
PR00115	NGx	40	136220587	primary
PR00115	NGx	41	128642137	primary
PR00115	NGx	42	128642137	primary
PR00115	NGx	43	128642137	primary
PR00115	NGx	44	128642137	primary
PR00115	NGx	45	128642137	primary
PR00115	NGx	46	121395008	primary
PR00115	NGx	47	121395008	primary
PR00115	NGx	48	121395008	primary
PR00115	NGx	49	121395008	primary
PR00115	NGx	50	115210294	primary
PR00115	NGx	51	115210294	primary
PR00115	NGx	52	115210294	primary
PR00115	NGx	53	107180012	primary
PR00115	NGx	54	107180012	primary
PR00115	NGx	55	107180012	primary
PR00115	NGx	56	107180012	primary
PR00115	NGx	57	98628279	primary
PR00115	NGx	58	98628279	primary
PR00115	NGx	59	98628279	primary
PR00115	NGx	60	97988603	primary
PR00115	NGx	61	97988603	primary
PR00115	NGx	62	97988603	primary
PR00115	NGx	63	91200756	primary
PR00115	NGx	64	91200756	primary
PR00115	NGx	65	91200756	primary
PR00115	NGx	66	85532538	primary
PR00115	NGx	67	85532538	primary
PR00115	NGx	68	85532538	primary
PR00115	NGx	69	78559561	primary
PR00115	NGx	70	78559561	primary
PR00115	NGx	71	78559561	primary
PR00115	NGx	72	77127796	primary
PR00115	NGx	73	77127796	primary
PR00115	NGx	74	76509402	primary
PR00115	NGx	75	76509402	primary
PR00115	NGx	76	76509402	primary
PR00115	NGx	77	76456292	primary
PR00115	NGx	78	76456292	primary
PR00115	NGx	79	76456292	primary
PR00115	NGx	80	75655502	primary
PR00115	NGx	81	75655502	primary
PR00115	NGx	82	73463946	primary
PR00115	NGx	83	73463946	primary
PR00115	NGx	84	61175766	primary
PR00115	NGx	85	61175766	primary
PR00115	NGx	86	61175766	primary
PR00115	NGx	87	50628168	primary
PR00115	NGx	88	47544041	primary
PR00115	NGx	89	47544041	primary
PR00115	NGx	90	47291708	primary
PR00115	NGx	91	44680987	primary
PR00115	NGx	92	44680987	primary
PR00115	NGx	93	40356777	primary
PR00115	NGx	94	38456707	primary
PR00115	NGx	95	37978814	primary
PR00115	NGx	96	37978814	primary
PR00115	NGx	97	36535215	primary
PR00115	NGx	98	34783819	primary
PR00115	NGx	99	29128075	primary
PR00115	NGx	100	26286259	primary
PR00115	LGx	1	1	primary
PR00115	LGx	2	1	primary
PR00115	LGx	3	1	primary
PR00115	LGx	4	1	primary
PR00115	LGx	5	1	primary
PR00115	LGx	6	1	primary
PR00115	LGx	7	1	primary
PR00115	LGx	8	2	primary
PR00115	LGx	9	2	primary
PR00115	LGx	10	2	primary
PR00115	LGx	11	2	primary
PR00115	LGx	12	2	primary
PR00115	LGx	13	2	primary
PR00115	LGx	14	2	primary
PR00115	LGx	15	3	primary
PR00115	LGx	16	3	primary
PR00115	LGx	17	3	primary
PR00115	LGx	18	3	primary
PR00115	LGx	19	3	primary
PR00115	LGx	20	3	primary
PR00115	LGx	21	4	primary
PR00115	LGx	22	4	primary
PR00115	LGx	23	4	primary
PR00115	LGx	24	4	primary
PR00115	LGx	25	4	primary
PR00115	LGx	26	4	primary
PR00115	LGx	27	5	primary
PR00115	LGx	28	5	primary
PR00115	LGx	29	5	primary
PR00115	LGx	30	5	primary
PR00115	LGx	31	5	primary
PR00115	LGx	32	6	primary
PR00115	LGx	33	6	primary
PR00115	LGx	34	6	primary
PR00115	LGx	35	6	primary
PR00115	LGx	36	6	primary
PR00115	LGx	37	7	primary
PR00115	LGx	38	7	primary
PR00115	LGx	39	7	primary
PR00115	LGx	40	7	primary
PR00115	LGx	41	8	primary
PR00115	LGx	42	8	primary
PR00115	LGx	43	8	primary
PR00115	LGx	44	8	primary
PR00115	LGx	45	8	primary
PR00115	LGx	46	9	primary
PR00115	LGx	47	9	primary
PR00115	LGx	48	9	primary
PR00115	LGx	49	9	primary
PR00115	LGx	50	10	primary
PR00115	LGx	51	10	primary
PR00115	LGx	52	10	primary
PR00115	LGx	53	11	primary
PR00115	LGx	54	11	primary
PR00115	LGx	55	11	primary
PR00115	LGx	56	11	primary
PR00115	LGx	57	12	primary
PR00115	LGx	58	12	primary
PR00115	LGx	59	12	primary
PR00115	LGx	60	13	primary
PR00115	LGx	61	13	primary
PR00115	LGx	62	13	primary
PR00115	LGx	63	14	primary
PR00115	LGx	64	14	primary
PR00115	LGx	65	14	primary
PR00115	LGx	66	15	primary
PR00115	LGx	67	15	primary
PR00115	LGx	68	15	primary
PR00115	LGx	69	16	primary
PR00115	LGx	70	16	primary
PR00115	LGx	71	16	primary
PR00115	LGx	72	17	primary
PR00115	LGx	73	17	primary
PR00115	LGx	74	18	primary
PR00115	LGx	75	18	primary
PR00115	LGx	76	18	primary
PR00115	LGx	77	19	primary
PR00115	LGx	78	19	primary
PR00115	LGx	79	19	primary
PR00115	LGx	80	20	primary
PR00115	LGx	81	20	primary
PR00115	LGx	82	21	primary
PR00115	LGx	83	21	primary
PR00115	LGx	84	22	primary
PR00115	LGx	85	22	primary
PR00115	LGx	86	22	primary
PR00115	LGx	87	23	primary
PR00115	LGx	88	24	primary
PR00115	LGx	89	24	primary
PR00115	LGx	90	25	primary
PR00115	LGx	91	26	primary
PR00115	LGx	92	26	primary
PR00115	LGx	93	27	primary
PR00115	LGx	94	28	primary
PR00115	LGx	95	29	primary
PR00115	LGx	96	29	primary
PR00115	LGx	97	30	primary
PR00115	LGx	98	31	primary
PR00115	LGx	99	32	primary
PR00115	LGx	100	33	primary
PR00834	auN	3171274149	451.0258	hap1
PR00834	auNG	3018593705	473.83868	hap1
PR00834	Nx	1	106883013	hap1
PR00834	Nx	2	106883013	hap1
PR00834	Nx	3	106883013	hap1
PR00834	Nx	4	86528034	hap1
PR00834	Nx	5	86528034	hap1
PR00834	Nx	6	86528034	hap1
PR00834	Nx	7	80758935	hap1
PR00834	Nx	8	80758935	hap1
PR00834	Nx	9	71926973	hap1
PR00834	Nx	10	71926973	hap1
PR00834	Nx	11	58195505	hap1
PR00834	Nx	12	58195505	hap1
PR00834	Nx	13	54803141	hap1
PR00834	Nx	14	54803141	hap1
PR00834	Nx	15	53013930	hap1
PR00834	Nx	16	53013930	hap1
PR00834	Nx	17	46876731	hap1
PR00834	Nx	18	46373586	hap1
PR00834	Nx	19	46373586	hap1
PR00834	Nx	20	44564991	hap1
PR00834	Nx	21	41549937	hap1
PR00834	Nx	22	41284579	hap1
PR00834	Nx	23	41284579	hap1
PR00834	Nx	24	41106718	hap1
PR00834	Nx	25	40621627	hap1
PR00834	Nx	26	39478228	hap1
PR00834	Nx	27	37156139	hap1
PR00834	Nx	28	37156139	hap1
PR00834	Nx	29	36890399	hap1
PR00834	Nx	30	35894626	hap1
PR00834	Nx	31	35517249	hap1
PR00834	Nx	32	33882298	hap1
PR00834	Nx	33	33626063	hap1
PR00834	Nx	34	33527980	hap1
PR00834	Nx	35	33291265	hap1
PR00834	Nx	36	32617466	hap1
PR00834	Nx	37	31576096	hap1
PR00834	Nx	38	31051606	hap1
PR00834	Nx	39	30873865	hap1
PR00834	Nx	40	30694812	hap1
PR00834	Nx	41	29161004	hap1
PR00834	Nx	42	28960520	hap1
PR00834	Nx	43	28575384	hap1
PR00834	Nx	44	28247091	hap1
PR00834	Nx	45	27395627	hap1
PR00834	Nx	46	26991356	hap1
PR00834	Nx	47	25383330	hap1
PR00834	Nx	48	24561963	hap1
PR00834	Nx	49	24073285	hap1
PR00834	Nx	50	23374190	hap1
PR00834	Nx	51	23241862	hap1
PR00834	Nx	52	23167376	hap1
PR00834	Nx	53	22985962	hap1
PR00834	Nx	54	22197709	hap1
PR00834	Nx	55	21608875	hap1
PR00834	Nx	56	21092466	hap1
PR00834	Nx	57	20317895	hap1
PR00834	Nx	58	20008237	hap1
PR00834	Nx	59	19937754	hap1
PR00834	Nx	60	19848983	hap1
PR00834	Nx	61	19723877	hap1
PR00834	Nx	62	18863360	hap1
PR00834	Nx	63	18581029	hap1
PR00834	Nx	64	18490748	hap1
PR00834	Nx	65	17672911	hap1
PR00834	Nx	66	17668826	hap1
PR00834	Nx	67	17381744	hap1
PR00834	Nx	68	16362161	hap1
PR00834	Nx	69	16044692	hap1
PR00834	Nx	70	15521120	hap1
PR00834	Nx	71	15046438	hap1
PR00834	Nx	72	13915249	hap1
PR00834	Nx	73	13349472	hap1
PR00834	Nx	74	13149757	hap1
PR00834	Nx	75	12578360	hap1
PR00834	Nx	76	12465078	hap1
PR00834	Nx	77	12015619	hap1
PR00834	Nx	78	11282581	hap1
PR00834	Nx	79	10812209	hap1
PR00834	Nx	80	10354103	hap1
PR00834	Nx	81	9828016	hap1
PR00834	Nx	82	8928951	hap1
PR00834	Nx	83	8811729	hap1
PR00834	Nx	84	8072265	hap1
PR00834	Nx	85	7618713	hap1
PR00834	Nx	86	6536219	hap1
PR00834	Nx	87	6368314	hap1
PR00834	Nx	88	6179617	hap1
PR00834	Nx	89	5730537	hap1
PR00834	Nx	90	5130210	hap1
PR00834	Nx	91	4469827	hap1
PR00834	Nx	92	4112632	hap1
PR00834	Nx	93	3366737	hap1
PR00834	Nx	94	2910432	hap1
PR00834	Nx	95	2384267	hap1
PR00834	Nx	96	1937879	hap1
PR00834	Nx	97	1433463	hap1
PR00834	Nx	98	978807	hap1
PR00834	Nx	99	308701	hap1
PR00834	Nx	100	6395	hap1
PR00834	Lx	1	106883013	hap1
PR00834	Lx	2	106883013	hap1
PR00834	Lx	3	106883013	hap1
PR00834	Lx	4	86528034	hap1
PR00834	Lx	5	86528034	hap1
PR00834	Lx	6	86528034	hap1
PR00834	Lx	7	80758935	hap1
PR00834	Lx	8	80758935	hap1
PR00834	Lx	9	71926973	hap1
PR00834	Lx	10	71926973	hap1
PR00834	Lx	11	58195505	hap1
PR00834	Lx	12	58195505	hap1
PR00834	Lx	13	54803141	hap1
PR00834	Lx	14	54803141	hap1
PR00834	Lx	15	53013930	hap1
PR00834	Lx	16	53013930	hap1
PR00834	Lx	17	46876731	hap1
PR00834	Lx	18	46373586	hap1
PR00834	Lx	19	46373586	hap1
PR00834	Lx	20	44564991	hap1
PR00834	Lx	21	41549937	hap1
PR00834	Lx	22	41284579	hap1
PR00834	Lx	23	41284579	hap1
PR00834	Lx	24	41106718	hap1
PR00834	Lx	25	40621627	hap1
PR00834	Lx	26	39478228	hap1
PR00834	Lx	27	37156139	hap1
PR00834	Lx	28	37156139	hap1
PR00834	Lx	29	36890399	hap1
PR00834	Lx	30	35894626	hap1
PR00834	Lx	31	35517249	hap1
PR00834	Lx	32	33882298	hap1
PR00834	Lx	33	33626063	hap1
PR00834	Lx	34	33527980	hap1
PR00834	Lx	35	33291265	hap1
PR00834	Lx	36	32617466	hap1
PR00834	Lx	37	31576096	hap1
PR00834	Lx	38	31051606	hap1
PR00834	Lx	39	30873865	hap1
PR00834	Lx	40	30694812	hap1
PR00834	Lx	41	29161004	hap1
PR00834	Lx	42	28960520	hap1
PR00834	Lx	43	28575384	hap1
PR00834	Lx	44	28247091	hap1
PR00834	Lx	45	27395627	hap1
PR00834	Lx	46	26991356	hap1
PR00834	Lx	47	25383330	hap1
PR00834	Lx	48	24561963	hap1
PR00834	Lx	49	24073285	hap1
PR00834	Lx	50	23374190	hap1
PR00834	Lx	51	23241862	hap1
PR00834	Lx	52	23167376	hap1
PR00834	Lx	53	22985962	hap1
PR00834	Lx	54	22197709	hap1
PR00834	Lx	55	21608875	hap1
PR00834	Lx	56	21092466	hap1
PR00834	Lx	57	20317895	hap1
PR00834	Lx	58	20008237	hap1
PR00834	Lx	59	19937754	hap1
PR00834	Lx	60	19848983	hap1
PR00834	Lx	61	19723877	hap1
PR00834	Lx	62	18863360	hap1
PR00834	Lx	63	18581029	hap1
PR00834	Lx	64	18490748	hap1
PR00834	Lx	65	17672911	hap1
PR00834	Lx	66	17668826	hap1
PR00834	Lx	67	17381744	hap1
PR00834	Lx	68	16362161	hap1
PR00834	Lx	69	16044692	hap1
PR00834	Lx	70	15521120	hap1
PR00834	Lx	71	15046438	hap1
PR00834	Lx	72	13915249	hap1
PR00834	Lx	73	13349472	hap1
PR00834	Lx	74	13149757	hap1
PR00834	Lx	75	12578360	hap1
PR00834	Lx	76	12465078	hap1
PR00834	Lx	77	12015619	hap1
PR00834	Lx	78	11282581	hap1
PR00834	Lx	79	10812209	hap1
PR00834	Lx	80	10354103	hap1
PR00834	Lx	81	9828016	hap1
PR00834	Lx	82	8928951	hap1
PR00834	Lx	83	8811729	hap1
PR00834	Lx	84	8072265	hap1
PR00834	Lx	85	7618713	hap1
PR00834	Lx	86	6536219	hap1
PR00834	Lx	87	6368314	hap1
PR00834	Lx	88	6179617	hap1
PR00834	Lx	89	5730537	hap1
PR00834	Lx	90	5130210	hap1
PR00834	Lx	91	4469827	hap1
PR00834	Lx	92	4112632	hap1
PR00834	Lx	93	3366737	hap1
PR00834	Lx	94	2910432	hap1
PR00834	Lx	95	2384267	hap1
PR00834	Lx	96	1937879	hap1
PR00834	Lx	97	1433463	hap1
PR00834	Lx	98	978807	hap1
PR00834	Lx	99	308701	hap1
PR00834	Lx	100	6395	hap1
PR00834	NGx	1	106883013	hap1
PR00834	NGx	2	106883013	hap1
PR00834	NGx	3	106883013	hap1
PR00834	NGx	4	86528034	hap1
PR00834	NGx	5	86528034	hap1
PR00834	NGx	6	86528034	hap1
PR00834	NGx	7	80758935	hap1
PR00834	NGx	8	80758935	hap1
PR00834	NGx	9	80758935	hap1
PR00834	NGx	10	71926973	hap1
PR00834	NGx	11	71926973	hap1
PR00834	NGx	12	58195505	hap1
PR00834	NGx	13	58195505	hap1
PR00834	NGx	14	54803141	hap1
PR00834	NGx	15	54803141	hap1
PR00834	NGx	16	53013930	hap1
PR00834	NGx	17	46876731	hap1
PR00834	NGx	18	46876731	hap1
PR00834	NGx	19	46373586	hap1
PR00834	NGx	20	46373586	hap1
PR00834	NGx	21	44564991	hap1
PR00834	NGx	22	41549937	hap1
PR00834	NGx	23	41284579	hap1
PR00834	NGx	24	41284579	hap1
PR00834	NGx	25	41106718	hap1
PR00834	NGx	26	40621627	hap1
PR00834	NGx	27	39478228	hap1
PR00834	NGx	28	39478228	hap1
PR00834	NGx	29	37156139	hap1
PR00834	NGx	30	36890399	hap1
PR00834	NGx	31	35894626	hap1
PR00834	NGx	32	35517249	hap1
PR00834	NGx	33	35517249	hap1
PR00834	NGx	34	33882298	hap1
PR00834	NGx	35	33626063	hap1
PR00834	NGx	36	33527980	hap1
PR00834	NGx	37	33291265	hap1
PR00834	NGx	38	32617466	hap1
PR00834	NGx	39	31576096	hap1
PR00834	NGx	40	31051606	hap1
PR00834	NGx	41	30873865	hap1
PR00834	NGx	42	30694812	hap1
PR00834	NGx	43	29161004	hap1
PR00834	NGx	44	28960520	hap1
PR00834	NGx	45	28575384	hap1
PR00834	NGx	46	28247091	hap1
PR00834	NGx	47	27395627	hap1
PR00834	NGx	48	26991356	hap1
PR00834	NGx	49	25839676	hap1
PR00834	NGx	50	25383330	hap1
PR00834	NGx	51	24073285	hap1
PR00834	NGx	52	23468505	hap1
PR00834	NGx	53	23374190	hap1
PR00834	NGx	54	23167376	hap1
PR00834	NGx	55	23144513	hap1
PR00834	NGx	56	22985962	hap1
PR00834	NGx	57	22197709	hap1
PR00834	NGx	58	21608875	hap1
PR00834	NGx	59	21092466	hap1
PR00834	NGx	60	20317895	hap1
PR00834	NGx	61	20008237	hap1
PR00834	NGx	62	19937754	hap1
PR00834	NGx	63	19848983	hap1
PR00834	NGx	64	19723877	hap1
PR00834	NGx	65	19558978	hap1
PR00834	NGx	66	18581029	hap1
PR00834	NGx	67	18490748	hap1
PR00834	NGx	68	17725973	hap1
PR00834	NGx	69	17668826	hap1
PR00834	NGx	70	17381744	hap1
PR00834	NGx	71	16427436	hap1
PR00834	NGx	72	16119867	hap1
PR00834	NGx	73	15968172	hap1
PR00834	NGx	74	15076749	hap1
PR00834	NGx	75	14318718	hap1
PR00834	NGx	76	13915249	hap1
PR00834	NGx	77	13273412	hap1
PR00834	NGx	78	13067414	hap1
PR00834	NGx	79	12578360	hap1
PR00834	NGx	80	12367709	hap1
PR00834	NGx	81	12015619	hap1
PR00834	NGx	82	11282581	hap1
PR00834	NGx	83	10812209	hap1
PR00834	NGx	84	10354103	hap1
PR00834	NGx	85	9850510	hap1
PR00834	NGx	86	9616464	hap1
PR00834	NGx	87	8811729	hap1
PR00834	NGx	88	8072283	hap1
PR00834	NGx	89	7633210	hap1
PR00834	NGx	90	6746903	hap1
PR00834	NGx	91	6407594	hap1
PR00834	NGx	92	6189044	hap1
PR00834	NGx	93	5833294	hap1
PR00834	NGx	94	5400826	hap1
PR00834	NGx	95	4738246	hap1
PR00834	NGx	96	4355207	hap1
PR00834	NGx	97	3810236	hap1
PR00834	NGx	98	3253470	hap1
PR00834	NGx	99	2840702	hap1
PR00834	NGx	100	2342575	hap1
PR00834	LGx	1	1	hap1
PR00834	LGx	2	1	hap1
PR00834	LGx	3	1	hap1
PR00834	LGx	4	2	hap1
PR00834	LGx	5	2	hap1
PR00834	LGx	6	2	hap1
PR00834	LGx	7	3	hap1
PR00834	LGx	8	3	hap1
PR00834	LGx	9	3	hap1
PR00834	LGx	10	4	hap1
PR00834	LGx	11	4	hap1
PR00834	LGx	12	5	hap1
PR00834	LGx	13	5	hap1
PR00834	LGx	14	6	hap1
PR00834	LGx	15	6	hap1
PR00834	LGx	16	7	hap1
PR00834	LGx	17	8	hap1
PR00834	LGx	18	8	hap1
PR00834	LGx	19	9	hap1
PR00834	LGx	20	9	hap1
PR00834	LGx	21	10	hap1
PR00834	LGx	22	11	hap1
PR00834	LGx	23	12	hap1
PR00834	LGx	24	12	hap1
PR00834	LGx	25	13	hap1
PR00834	LGx	26	14	hap1
PR00834	LGx	27	15	hap1
PR00834	LGx	28	15	hap1
PR00834	LGx	29	16	hap1
PR00834	LGx	30	17	hap1
PR00834	LGx	31	18	hap1
PR00834	LGx	32	19	hap1
PR00834	LGx	33	19	hap1
PR00834	LGx	34	20	hap1
PR00834	LGx	35	21	hap1
PR00834	LGx	36	22	hap1
PR00834	LGx	37	23	hap1
PR00834	LGx	38	24	hap1
PR00834	LGx	39	25	hap1
PR00834	LGx	40	26	hap1
PR00834	LGx	41	27	hap1
PR00834	LGx	42	28	hap1
PR00834	LGx	43	29	hap1
PR00834	LGx	44	30	hap1
PR00834	LGx	45	31	hap1
PR00834	LGx	46	32	hap1
PR00834	LGx	47	33	hap1
PR00834	LGx	48	34	hap1
PR00834	LGx	49	35	hap1
PR00834	LGx	50	36	hap1
PR00834	LGx	51	38	hap1
PR00834	LGx	52	39	hap1
PR00834	LGx	53	40	hap1
PR00834	LGx	54	42	hap1
PR00834	LGx	55	43	hap1
PR00834	LGx	56	44	hap1
PR00834	LGx	57	45	hap1
PR00834	LGx	58	47	hap1
PR00834	LGx	59	48	hap1
PR00834	LGx	60	50	hap1
PR00834	LGx	61	51	hap1
PR00834	LGx	62	53	hap1
PR00834	LGx	63	54	hap1
PR00834	LGx	64	56	hap1
PR00834	LGx	65	57	hap1
PR00834	LGx	66	59	hap1
PR00834	LGx	67	61	hap1
PR00834	LGx	68	62	hap1
PR00834	LGx	69	64	hap1
PR00834	LGx	70	66	hap1
PR00834	LGx	71	67	hap1
PR00834	LGx	72	69	hap1
PR00834	LGx	73	71	hap1
PR00834	LGx	74	73	hap1
PR00834	LGx	75	75	hap1
PR00834	LGx	76	77	hap1
PR00834	LGx	77	80	hap1
PR00834	LGx	78	82	hap1
PR00834	LGx	79	84	hap1
PR00834	LGx	80	87	hap1
PR00834	LGx	81	89	hap1
PR00834	LGx	82	92	hap1
PR00834	LGx	83	94	hap1
PR00834	LGx	84	97	hap1
PR00834	LGx	85	100	hap1
PR00834	LGx	86	103	hap1
PR00834	LGx	87	107	hap1
PR00834	LGx	88	110	hap1
PR00834	LGx	89	114	hap1
PR00834	LGx	90	118	hap1
PR00834	LGx	91	123	hap1
PR00834	LGx	92	128	hap1
PR00834	LGx	93	133	hap1
PR00834	LGx	94	138	hap1
PR00834	LGx	95	144	hap1
PR00834	LGx	96	150	hap1
PR00834	LGx	97	158	hap1
PR00834	LGx	98	166	hap1
PR00834	LGx	99	176	hap1
PR00834	LGx	100	188	hap1
PR00834	auN	3184400992	331.02316	hap2
PR00834	auNG	3018593705	349.2058	hap2
PR00834	Nx	1	102284213	hap2
PR00834	Nx	2	102284213	hap2
PR00834	Nx	3	102284213	hap2
PR00834	Nx	4	95909861	hap2
PR00834	Nx	5	95909861	hap2
PR00834	Nx	6	95909861	hap2
PR00834	Nx	7	81992828	hap2
PR00834	Nx	8	81992828	hap2
PR00834	Nx	9	71129170	hap2
PR00834	Nx	10	71129170	hap2
PR00834	Nx	11	71129170	hap2
PR00834	Nx	12	67151984	hap2
PR00834	Nx	13	67151984	hap2
PR00834	Nx	14	63354415	hap2
PR00834	Nx	15	63354415	hap2
PR00834	Nx	16	62472781	hap2
PR00834	Nx	17	62472781	hap2
PR00834	Nx	18	60083247	hap2
PR00834	Nx	19	58592361	hap2
PR00834	Nx	20	58592361	hap2
PR00834	Nx	21	55571252	hap2
PR00834	Nx	22	55571252	hap2
PR00834	Nx	23	55087069	hap2
PR00834	Nx	24	55087069	hap2
PR00834	Nx	25	52073076	hap2
PR00834	Nx	26	50904819	hap2
PR00834	Nx	27	50904819	hap2
PR00834	Nx	28	46472762	hap2
PR00834	Nx	29	42535022	hap2
PR00834	Nx	30	42535022	hap2
PR00834	Nx	31	41347845	hap2
PR00834	Nx	32	40981924	hap2
PR00834	Nx	33	39486503	hap2
PR00834	Nx	34	39486503	hap2
PR00834	Nx	35	38802869	hap2
PR00834	Nx	36	36953413	hap2
PR00834	Nx	37	36785013	hap2
PR00834	Nx	38	35928631	hap2
PR00834	Nx	39	34663689	hap2
PR00834	Nx	40	33665496	hap2
PR00834	Nx	41	33308339	hap2
PR00834	Nx	42	33308339	hap2
PR00834	Nx	43	33173306	hap2
PR00834	Nx	44	32240419	hap2
PR00834	Nx	45	29032315	hap2
PR00834	Nx	46	28859784	hap2
PR00834	Nx	47	27763076	hap2
PR00834	Nx	48	27279403	hap2
PR00834	Nx	49	27046963	hap2
PR00834	Nx	50	26499074	hap2
PR00834	Nx	51	26017255	hap2
PR00834	Nx	52	24609945	hap2
PR00834	Nx	53	24596275	hap2
PR00834	Nx	54	24082749	hap2
PR00834	Nx	55	23164220	hap2
PR00834	Nx	56	22800709	hap2
PR00834	Nx	57	22217877	hap2
PR00834	Nx	58	21601998	hap2
PR00834	Nx	59	21381297	hap2
PR00834	Nx	60	20552867	hap2
PR00834	Nx	61	20064149	hap2
PR00834	Nx	62	19969167	hap2
PR00834	Nx	63	19566881	hap2
PR00834	Nx	64	19548528	hap2
PR00834	Nx	65	18587569	hap2
PR00834	Nx	66	17959432	hap2
PR00834	Nx	67	17830079	hap2
PR00834	Nx	68	17577828	hap2
PR00834	Nx	69	16887269	hap2
PR00834	Nx	70	16262184	hap2
PR00834	Nx	71	15800655	hap2
PR00834	Nx	72	14399230	hap2
PR00834	Nx	73	13691840	hap2
PR00834	Nx	74	13123007	hap2
PR00834	Nx	75	12921901	hap2
PR00834	Nx	76	12370561	hap2
PR00834	Nx	77	11704365	hap2
PR00834	Nx	78	11139431	hap2
PR00834	Nx	79	10266039	hap2
PR00834	Nx	80	9600254	hap2
PR00834	Nx	81	8755158	hap2
PR00834	Nx	82	8534537	hap2
PR00834	Nx	83	8271039	hap2
PR00834	Nx	84	7811775	hap2
PR00834	Nx	85	7052438	hap2
PR00834	Nx	86	6547998	hap2
PR00834	Nx	87	6073455	hap2
PR00834	Nx	88	5388846	hap2
PR00834	Nx	89	5201113	hap2
PR00834	Nx	90	4873063	hap2
PR00834	Nx	91	4592499	hap2
PR00834	Nx	92	4306786	hap2
PR00834	Nx	93	3548743	hap2
PR00834	Nx	94	3122827	hap2
PR00834	Nx	95	2657108	hap2
PR00834	Nx	96	2245215	hap2
PR00834	Nx	97	1659261	hap2
PR00834	Nx	98	1107990	hap2
PR00834	Nx	99	576937	hap2
PR00834	Nx	100	13538	hap2
PR00834	Lx	1	102284213	hap2
PR00834	Lx	2	102284213	hap2
PR00834	Lx	3	102284213	hap2
PR00834	Lx	4	95909861	hap2
PR00834	Lx	5	95909861	hap2
PR00834	Lx	6	95909861	hap2
PR00834	Lx	7	81992828	hap2
PR00834	Lx	8	81992828	hap2
PR00834	Lx	9	71129170	hap2
PR00834	Lx	10	71129170	hap2
PR00834	Lx	11	71129170	hap2
PR00834	Lx	12	67151984	hap2
PR00834	Lx	13	67151984	hap2
PR00834	Lx	14	63354415	hap2
PR00834	Lx	15	63354415	hap2
PR00834	Lx	16	62472781	hap2
PR00834	Lx	17	62472781	hap2
PR00834	Lx	18	60083247	hap2
PR00834	Lx	19	58592361	hap2
PR00834	Lx	20	58592361	hap2
PR00834	Lx	21	55571252	hap2
PR00834	Lx	22	55571252	hap2
PR00834	Lx	23	55087069	hap2
PR00834	Lx	24	55087069	hap2
PR00834	Lx	25	52073076	hap2
PR00834	Lx	26	50904819	hap2
PR00834	Lx	27	50904819	hap2
PR00834	Lx	28	46472762	hap2
PR00834	Lx	29	42535022	hap2
PR00834	Lx	30	42535022	hap2
PR00834	Lx	31	41347845	hap2
PR00834	Lx	32	40981924	hap2
PR00834	Lx	33	39486503	hap2
PR00834	Lx	34	39486503	hap2
PR00834	Lx	35	38802869	hap2
PR00834	Lx	36	36953413	hap2
PR00834	Lx	37	36785013	hap2
PR00834	Lx	38	35928631	hap2
PR00834	Lx	39	34663689	hap2
PR00834	Lx	40	33665496	hap2
PR00834	Lx	41	33308339	hap2
PR00834	Lx	42	33308339	hap2
PR00834	Lx	43	33173306	hap2
PR00834	Lx	44	32240419	hap2
PR00834	Lx	45	29032315	hap2
PR00834	Lx	46	28859784	hap2
PR00834	Lx	47	27763076	hap2
PR00834	Lx	48	27279403	hap2
PR00834	Lx	49	27046963	hap2
PR00834	Lx	50	26499074	hap2
PR00834	Lx	51	26017255	hap2
PR00834	Lx	52	24609945	hap2
PR00834	Lx	53	24596275	hap2
PR00834	Lx	54	24082749	hap2
PR00834	Lx	55	23164220	hap2
PR00834	Lx	56	22800709	hap2
PR00834	Lx	57	22217877	hap2
PR00834	Lx	58	21601998	hap2
PR00834	Lx	59	21381297	hap2
PR00834	Lx	60	20552867	hap2
PR00834	Lx	61	20064149	hap2
PR00834	Lx	62	19969167	hap2
PR00834	Lx	63	19566881	hap2
PR00834	Lx	64	19548528	hap2
PR00834	Lx	65	18587569	hap2
PR00834	Lx	66	17959432	hap2
PR00834	Lx	67	17830079	hap2
PR00834	Lx	68	17577828	hap2
PR00834	Lx	69	16887269	hap2
PR00834	Lx	70	16262184	hap2
PR00834	Lx	71	15800655	hap2
PR00834	Lx	72	14399230	hap2
PR00834	Lx	73	13691840	hap2
PR00834	Lx	74	13123007	hap2
PR00834	Lx	75	12921901	hap2
PR00834	Lx	76	12370561	hap2
PR00834	Lx	77	11704365	hap2
PR00834	Lx	78	11139431	hap2
PR00834	Lx	79	10266039	hap2
PR00834	Lx	80	9600254	hap2
PR00834	Lx	81	8755158	hap2
PR00834	Lx	82	8534537	hap2
PR00834	Lx	83	8271039	hap2
PR00834	Lx	84	7811775	hap2
PR00834	Lx	85	7052438	hap2
PR00834	Lx	86	6547998	hap2
PR00834	Lx	87	6073455	hap2
PR00834	Lx	88	5388846	hap2
PR00834	Lx	89	5201113	hap2
PR00834	Lx	90	4873063	hap2
PR00834	Lx	91	4592499	hap2
PR00834	Lx	92	4306786	hap2
PR00834	Lx	93	3548743	hap2
PR00834	Lx	94	3122827	hap2
PR00834	Lx	95	2657108	hap2
PR00834	Lx	96	2245215	hap2
PR00834	Lx	97	1659261	hap2
PR00834	Lx	98	1107990	hap2
PR00834	Lx	99	576937	hap2
PR00834	Lx	100	13538	hap2
PR00834	NGx	1	102284213	hap2
PR00834	NGx	2	102284213	hap2
PR00834	NGx	3	102284213	hap2
PR00834	NGx	4	95909861	hap2
PR00834	NGx	5	95909861	hap2
PR00834	NGx	6	95909861	hap2
PR00834	NGx	7	81992828	hap2
PR00834	NGx	8	81992828	hap2
PR00834	NGx	9	81992828	hap2
PR00834	NGx	10	71129170	hap2
PR00834	NGx	11	71129170	hap2
PR00834	NGx	12	67151984	hap2
PR00834	NGx	13	67151984	hap2
PR00834	NGx	14	63354415	hap2
PR00834	NGx	15	63354415	hap2
PR00834	NGx	16	62472781	hap2
PR00834	NGx	17	62472781	hap2
PR00834	NGx	18	62472781	hap2
PR00834	NGx	19	60083247	hap2
PR00834	NGx	20	60083247	hap2
PR00834	NGx	21	58592361	hap2
PR00834	NGx	22	55571252	hap2
PR00834	NGx	23	55571252	hap2
PR00834	NGx	24	55087069	hap2
PR00834	NGx	25	55087069	hap2
PR00834	NGx	26	52073076	hap2
PR00834	NGx	27	52073076	hap2
PR00834	NGx	28	50904819	hap2
PR00834	NGx	29	50904819	hap2
PR00834	NGx	30	46472762	hap2
PR00834	NGx	31	42535022	hap2
PR00834	NGx	32	41347845	hap2
PR00834	NGx	33	41347845	hap2
PR00834	NGx	34	40981924	hap2
PR00834	NGx	35	39486503	hap2
PR00834	NGx	36	39486503	hap2
PR00834	NGx	37	38802869	hap2
PR00834	NGx	38	36953413	hap2
PR00834	NGx	39	36785013	hap2
PR00834	NGx	40	35928631	hap2
PR00834	NGx	41	34663689	hap2
PR00834	NGx	42	34663689	hap2
PR00834	NGx	43	33665496	hap2
PR00834	NGx	44	33308339	hap2
PR00834	NGx	45	33173306	hap2
PR00834	NGx	46	32240419	hap2
PR00834	NGx	47	29933575	hap2
PR00834	NGx	48	29032315	hap2
PR00834	NGx	49	28859784	hap2
PR00834	NGx	50	27763076	hap2
PR00834	NGx	51	27279403	hap2
PR00834	NGx	52	27046963	hap2
PR00834	NGx	53	26017255	hap2
PR00834	NGx	54	25909726	hap2
PR00834	NGx	55	24609945	hap2
PR00834	NGx	56	24596275	hap2
PR00834	NGx	57	24082749	hap2
PR00834	NGx	58	23164220	hap2
PR00834	NGx	59	22800709	hap2
PR00834	NGx	60	22217877	hap2
PR00834	NGx	61	21601998	hap2
PR00834	NGx	62	21381297	hap2
PR00834	NGx	63	21064661	hap2
PR00834	NGx	64	20093378	hap2
PR00834	NGx	65	20064149	hap2
PR00834	NGx	66	19653147	hap2
PR00834	NGx	67	19548528	hap2
PR00834	NGx	68	18905601	hap2
PR00834	NGx	69	18569416	hap2
PR00834	NGx	70	17959432	hap2
PR00834	NGx	71	17830079	hap2
PR00834	NGx	72	17419990	hap2
PR00834	NGx	73	16874833	hap2
PR00834	NGx	74	16262184	hap2
PR00834	NGx	75	15800655	hap2
PR00834	NGx	76	14399230	hap2
PR00834	NGx	77	13691840	hap2
PR00834	NGx	78	13123007	hap2
PR00834	NGx	79	12921901	hap2
PR00834	NGx	80	12663274	hap2
PR00834	NGx	81	11704365	hap2
PR00834	NGx	82	11159072	hap2
PR00834	NGx	83	10751533	hap2
PR00834	NGx	84	9681252	hap2
PR00834	NGx	85	9329235	hap2
PR00834	NGx	86	8582492	hap2
PR00834	NGx	87	8457688	hap2
PR00834	NGx	88	8177813	hap2
PR00834	NGx	89	7360630	hap2
PR00834	NGx	90	6964920	hap2
PR00834	NGx	91	6193844	hap2
PR00834	NGx	92	5948114	hap2
PR00834	NGx	93	5361957	hap2
PR00834	NGx	94	5147523	hap2
PR00834	NGx	95	4835756	hap2
PR00834	NGx	96	4592499	hap2
PR00834	NGx	97	4306786	hap2
PR00834	NGx	98	3605937	hap2
PR00834	NGx	99	3157030	hap2
PR00834	NGx	100	2786211	hap2
PR00834	LGx	1	1	hap2
PR00834	LGx	2	1	hap2
PR00834	LGx	3	1	hap2
PR00834	LGx	4	2	hap2
PR00834	LGx	5	2	hap2
PR00834	LGx	6	2	hap2
PR00834	LGx	7	3	hap2
PR00834	LGx	8	3	hap2
PR00834	LGx	9	3	hap2
PR00834	LGx	10	4	hap2
PR00834	LGx	11	4	hap2
PR00834	LGx	12	5	hap2
PR00834	LGx	13	5	hap2
PR00834	LGx	14	6	hap2
PR00834	LGx	15	6	hap2
PR00834	LGx	16	7	hap2
PR00834	LGx	17	7	hap2
PR00834	LGx	18	7	hap2
PR00834	LGx	19	8	hap2
PR00834	LGx	20	8	hap2
PR00834	LGx	21	9	hap2
PR00834	LGx	22	10	hap2
PR00834	LGx	23	10	hap2
PR00834	LGx	24	11	hap2
PR00834	LGx	25	11	hap2
PR00834	LGx	26	12	hap2
PR00834	LGx	27	12	hap2
PR00834	LGx	28	13	hap2
PR00834	LGx	29	13	hap2
PR00834	LGx	30	14	hap2
PR00834	LGx	31	15	hap2
PR00834	LGx	32	16	hap2
PR00834	LGx	33	16	hap2
PR00834	LGx	34	17	hap2
PR00834	LGx	35	18	hap2
PR00834	LGx	36	18	hap2
PR00834	LGx	37	19	hap2
PR00834	LGx	38	20	hap2
PR00834	LGx	39	21	hap2
PR00834	LGx	40	22	hap2
PR00834	LGx	41	23	hap2
PR00834	LGx	42	23	hap2
PR00834	LGx	43	24	hap2
PR00834	LGx	44	25	hap2
PR00834	LGx	45	26	hap2
PR00834	LGx	46	27	hap2
PR00834	LGx	47	28	hap2
PR00834	LGx	48	29	hap2
PR00834	LGx	49	30	hap2
PR00834	LGx	50	31	hap2
PR00834	LGx	51	32	hap2
PR00834	LGx	52	33	hap2
PR00834	LGx	53	35	hap2
PR00834	LGx	54	36	hap2
PR00834	LGx	55	37	hap2
PR00834	LGx	56	38	hap2
PR00834	LGx	57	39	hap2
PR00834	LGx	58	41	hap2
PR00834	LGx	59	42	hap2
PR00834	LGx	60	43	hap2
PR00834	LGx	61	45	hap2
PR00834	LGx	62	46	hap2
PR00834	LGx	63	47	hap2
PR00834	LGx	64	49	hap2
PR00834	LGx	65	50	hap2
PR00834	LGx	66	52	hap2
PR00834	LGx	67	54	hap2
PR00834	LGx	68	55	hap2
PR00834	LGx	69	57	hap2
PR00834	LGx	70	58	hap2
PR00834	LGx	71	60	hap2
PR00834	LGx	72	62	hap2
PR00834	LGx	73	64	hap2
PR00834	LGx	74	65	hap2
PR00834	LGx	75	67	hap2
PR00834	LGx	76	69	hap2
PR00834	LGx	77	71	hap2
PR00834	LGx	78	74	hap2
PR00834	LGx	79	76	hap2
PR00834	LGx	80	78	hap2
PR00834	LGx	81	81	hap2
PR00834	LGx	82	83	hap2
PR00834	LGx	83	86	hap2
PR00834	LGx	84	89	hap2
PR00834	LGx	85	92	hap2
PR00834	LGx	86	96	hap2
PR00834	LGx	87	99	hap2
PR00834	LGx	88	103	hap2
PR00834	LGx	89	107	hap2
PR00834	LGx	90	111	hap2
PR00834	LGx	91	116	hap2
PR00834	LGx	92	120	hap2
PR00834	LGx	93	126	hap2
PR00834	LGx	94	132	hap2
PR00834	LGx	95	138	hap2
PR00834	LGx	96	144	hap2
PR00834	LGx	97	151	hap2
PR00834	LGx	98	158	hap2
PR00834	LGx	99	167	hap2
PR00834	LGx	100	177	hap2
PR00834	auN	3300163989	169.15526	primary
PR00834	auNG	3018593705	184.93382	primary
PR00834	Nx	1	125630225	primary
PR00834	Nx	2	125630225	primary
PR00834	Nx	3	125630225	primary
PR00834	Nx	4	119214715	primary
PR00834	Nx	5	119214715	primary
PR00834	Nx	6	119214715	primary
PR00834	Nx	7	119214715	primary
PR00834	Nx	8	116716297	primary
PR00834	Nx	9	116716297	primary
PR00834	Nx	10	116716297	primary
PR00834	Nx	11	115503167	primary
PR00834	Nx	12	115503167	primary
PR00834	Nx	13	115503167	primary
PR00834	Nx	14	115503167	primary
PR00834	Nx	15	95352151	primary
PR00834	Nx	16	95352151	primary
PR00834	Nx	17	95352151	primary
PR00834	Nx	18	92328559	primary
PR00834	Nx	19	92328559	primary
PR00834	Nx	20	92328559	primary
PR00834	Nx	21	91952997	primary
PR00834	Nx	22	91952997	primary
PR00834	Nx	23	86423241	primary
PR00834	Nx	24	86423241	primary
PR00834	Nx	25	86423241	primary
PR00834	Nx	26	85784805	primary
PR00834	Nx	27	85784805	primary
PR00834	Nx	28	85784805	primary
PR00834	Nx	29	78226719	primary
PR00834	Nx	30	78226719	primary
PR00834	Nx	31	70254237	primary
PR00834	Nx	32	70254237	primary
PR00834	Nx	33	67946145	primary
PR00834	Nx	34	67946145	primary
PR00834	Nx	35	67203661	primary
PR00834	Nx	36	67203661	primary
PR00834	Nx	37	62473740	primary
PR00834	Nx	38	62473740	primary
PR00834	Nx	39	61478942	primary
PR00834	Nx	40	61478942	primary
PR00834	Nx	41	59929605	primary
PR00834	Nx	42	59929605	primary
PR00834	Nx	43	56562195	primary
PR00834	Nx	44	56562195	primary
PR00834	Nx	45	53074330	primary
PR00834	Nx	46	52554852	primary
PR00834	Nx	47	52554852	primary
PR00834	Nx	48	48983432	primary
PR00834	Nx	49	46876731	primary
PR00834	Nx	50	46876731	primary
PR00834	Nx	51	46709140	primary
PR00834	Nx	52	45354235	primary
PR00834	Nx	53	44564991	primary
PR00834	Nx	54	44564991	primary
PR00834	Nx	55	44458266	primary
PR00834	Nx	56	42138822	primary
PR00834	Nx	57	38856811	primary
PR00834	Nx	58	38856811	primary
PR00834	Nx	59	37159057	primary
PR00834	Nx	60	35955874	primary
PR00834	Nx	61	33626263	primary
PR00834	Nx	62	33310794	primary
PR00834	Nx	63	33153688	primary
PR00834	Nx	64	31960595	primary
PR00834	Nx	65	30870185	primary
PR00834	Nx	66	29932301	primary
PR00834	Nx	67	29308383	primary
PR00834	Nx	68	27658370	primary
PR00834	Nx	69	27636214	primary
PR00834	Nx	70	27529187	primary
PR00834	Nx	71	27391376	primary
PR00834	Nx	72	25550421	primary
PR00834	Nx	73	24611933	primary
PR00834	Nx	74	24074406	primary
PR00834	Nx	75	23241862	primary
PR00834	Nx	76	23182494	primary
PR00834	Nx	77	22826715	primary
PR00834	Nx	78	22197709	primary
PR00834	Nx	79	21721652	primary
PR00834	Nx	80	20064149	primary
PR00834	Nx	81	17694978	primary
PR00834	Nx	82	17381744	primary
PR00834	Nx	83	17117875	primary
PR00834	Nx	84	16122366	primary
PR00834	Nx	85	13273412	primary
PR00834	Nx	86	13073099	primary
PR00834	Nx	87	12315716	primary
PR00834	Nx	88	11627272	primary
PR00834	Nx	89	10354103	primary
PR00834	Nx	90	9775684	primary
PR00834	Nx	91	8524243	primary
PR00834	Nx	92	7618713	primary
PR00834	Nx	93	7022961	primary
PR00834	Nx	94	6699081	primary
PR00834	Nx	95	5860074	primary
PR00834	Nx	96	5246707	primary
PR00834	Nx	97	4442520	primary
PR00834	Nx	98	3140023	primary
PR00834	Nx	99	1233943	primary
PR00834	Nx	100	9150	primary
PR00834	Lx	1	125630225	primary
PR00834	Lx	2	125630225	primary
PR00834	Lx	3	125630225	primary
PR00834	Lx	4	119214715	primary
PR00834	Lx	5	119214715	primary
PR00834	Lx	6	119214715	primary
PR00834	Lx	7	119214715	primary
PR00834	Lx	8	116716297	primary
PR00834	Lx	9	116716297	primary
PR00834	Lx	10	116716297	primary
PR00834	Lx	11	115503167	primary
PR00834	Lx	12	115503167	primary
PR00834	Lx	13	115503167	primary
PR00834	Lx	14	115503167	primary
PR00834	Lx	15	95352151	primary
PR00834	Lx	16	95352151	primary
PR00834	Lx	17	95352151	primary
PR00834	Lx	18	92328559	primary
PR00834	Lx	19	92328559	primary
PR00834	Lx	20	92328559	primary
PR00834	Lx	21	91952997	primary
PR00834	Lx	22	91952997	primary
PR00834	Lx	23	86423241	primary
PR00834	Lx	24	86423241	primary
PR00834	Lx	25	86423241	primary
PR00834	Lx	26	85784805	primary
PR00834	Lx	27	85784805	primary
PR00834	Lx	28	85784805	primary
PR00834	Lx	29	78226719	primary
PR00834	Lx	30	78226719	primary
PR00834	Lx	31	70254237	primary
PR00834	Lx	32	70254237	primary
PR00834	Lx	33	67946145	primary
PR00834	Lx	34	67946145	primary
PR00834	Lx	35	67203661	primary
PR00834	Lx	36	67203661	primary
PR00834	Lx	37	62473740	primary
PR00834	Lx	38	62473740	primary
PR00834	Lx	39	61478942	primary
PR00834	Lx	40	61478942	primary
PR00834	Lx	41	59929605	primary
PR00834	Lx	42	59929605	primary
PR00834	Lx	43	56562195	primary
PR00834	Lx	44	56562195	primary
PR00834	Lx	45	53074330	primary
PR00834	Lx	46	52554852	primary
PR00834	Lx	47	52554852	primary
PR00834	Lx	48	48983432	primary
PR00834	Lx	49	46876731	primary
PR00834	Lx	50	46876731	primary
PR00834	Lx	51	46709140	primary
PR00834	Lx	52	45354235	primary
PR00834	Lx	53	44564991	primary
PR00834	Lx	54	44564991	primary
PR00834	Lx	55	44458266	primary
PR00834	Lx	56	42138822	primary
PR00834	Lx	57	38856811	primary
PR00834	Lx	58	38856811	primary
PR00834	Lx	59	37159057	primary
PR00834	Lx	60	35955874	primary
PR00834	Lx	61	33626263	primary
PR00834	Lx	62	33310794	primary
PR00834	Lx	63	33153688	primary
PR00834	Lx	64	31960595	primary
PR00834	Lx	65	30870185	primary
PR00834	Lx	66	29932301	primary
PR00834	Lx	67	29308383	primary
PR00834	Lx	68	27658370	primary
PR00834	Lx	69	27636214	primary
PR00834	Lx	70	27529187	primary
PR00834	Lx	71	27391376	primary
PR00834	Lx	72	25550421	primary
PR00834	Lx	73	24611933	primary
PR00834	Lx	74	24074406	primary
PR00834	Lx	75	23241862	primary
PR00834	Lx	76	23182494	primary
PR00834	Lx	77	22826715	primary
PR00834	Lx	78	22197709	primary
PR00834	Lx	79	21721652	primary
PR00834	Lx	80	20064149	primary
PR00834	Lx	81	17694978	primary
PR00834	Lx	82	17381744	primary
PR00834	Lx	83	17117875	primary
PR00834	Lx	84	16122366	primary
PR00834	Lx	85	13273412	primary
PR00834	Lx	86	13073099	primary
PR00834	Lx	87	12315716	primary
PR00834	Lx	88	11627272	primary
PR00834	Lx	89	10354103	primary
PR00834	Lx	90	9775684	primary
PR00834	Lx	91	8524243	primary
PR00834	Lx	92	7618713	primary
PR00834	Lx	93	7022961	primary
PR00834	Lx	94	6699081	primary
PR00834	Lx	95	5860074	primary
PR00834	Lx	96	5246707	primary
PR00834	Lx	97	4442520	primary
PR00834	Lx	98	3140023	primary
PR00834	Lx	99	1233943	primary
PR00834	Lx	100	9150	primary
PR00834	NGx	1	125630225	primary
PR00834	NGx	2	125630225	primary
PR00834	NGx	3	125630225	primary
PR00834	NGx	4	125630225	primary
PR00834	NGx	5	119214715	primary
PR00834	NGx	6	119214715	primary
PR00834	NGx	7	119214715	primary
PR00834	NGx	8	119214715	primary
PR00834	NGx	9	116716297	primary
PR00834	NGx	10	116716297	primary
PR00834	NGx	11	116716297	primary
PR00834	NGx	12	115503167	primary
PR00834	NGx	13	115503167	primary
PR00834	NGx	14	115503167	primary
PR00834	NGx	15	115503167	primary
PR00834	NGx	16	95352151	primary
PR00834	NGx	17	95352151	primary
PR00834	NGx	18	95352151	primary
PR00834	NGx	19	92328559	primary
PR00834	NGx	20	92328559	primary
PR00834	NGx	21	92328559	primary
PR00834	NGx	22	92328559	primary
PR00834	NGx	23	91952997	primary
PR00834	NGx	24	91952997	primary
PR00834	NGx	25	91952997	primary
PR00834	NGx	26	86423241	primary
PR00834	NGx	27	86423241	primary
PR00834	NGx	28	85784805	primary
PR00834	NGx	29	85784805	primary
PR00834	NGx	30	85784805	primary
PR00834	NGx	31	78226719	primary
PR00834	NGx	32	78226719	primary
PR00834	NGx	33	78226719	primary
PR00834	NGx	34	70254237	primary
PR00834	NGx	35	70254237	primary
PR00834	NGx	36	67946145	primary
PR00834	NGx	37	67946145	primary
PR00834	NGx	38	67203661	primary
PR00834	NGx	39	67203661	primary
PR00834	NGx	40	67203661	primary
PR00834	NGx	41	62473740	primary
PR00834	NGx	42	62473740	primary
PR00834	NGx	43	61478942	primary
PR00834	NGx	44	61478942	primary
PR00834	NGx	45	59929605	primary
PR00834	NGx	46	59929605	primary
PR00834	NGx	47	56562195	primary
PR00834	NGx	48	56562195	primary
PR00834	NGx	49	53074330	primary
PR00834	NGx	50	52554852	primary
PR00834	NGx	51	52554852	primary
PR00834	NGx	52	48983432	primary
PR00834	NGx	53	48983432	primary
PR00834	NGx	54	46876731	primary
PR00834	NGx	55	46709140	primary
PR00834	NGx	56	46709140	primary
PR00834	NGx	57	45354235	primary
PR00834	NGx	58	44564991	primary
PR00834	NGx	59	44564991	primary
PR00834	NGx	60	44458266	primary
PR00834	NGx	61	42138822	primary
PR00834	NGx	62	42138822	primary
PR00834	NGx	63	38856811	primary
PR00834	NGx	64	37159057	primary
PR00834	NGx	65	35955874	primary
PR00834	NGx	66	33626263	primary
PR00834	NGx	67	33626263	primary
PR00834	NGx	68	33310794	primary
PR00834	NGx	69	33153688	primary
PR00834	NGx	70	31960595	primary
PR00834	NGx	71	30870185	primary
PR00834	NGx	72	29932301	primary
PR00834	NGx	73	29308383	primary
PR00834	NGx	74	28860208	primary
PR00834	NGx	75	27658370	primary
PR00834	NGx	76	27636214	primary
PR00834	NGx	77	27391376	primary
PR00834	NGx	78	25550421	primary
PR00834	NGx	79	24721048	primary
PR00834	NGx	80	24611933	primary
PR00834	NGx	81	24074406	primary
PR00834	NGx	82	23241862	primary
PR00834	NGx	83	23182494	primary
PR00834	NGx	84	22826715	primary
PR00834	NGx	85	22197709	primary
PR00834	NGx	86	21721652	primary
PR00834	NGx	87	20591637	primary
PR00834	NGx	88	19973157	primary
PR00834	NGx	89	17694978	primary
PR00834	NGx	90	17381744	primary
PR00834	NGx	91	16887269	primary
PR00834	NGx	92	15231121	primary
PR00834	NGx	93	13273412	primary
PR00834	NGx	94	13073099	primary
PR00834	NGx	95	12315716	primary
PR00834	NGx	96	12018544	primary
PR00834	NGx	97	10776898	primary
PR00834	NGx	98	10175505	primary
PR00834	NGx	99	9098484	primary
PR00834	NGx	100	8177813	primary
PR00834	LGx	1	1	primary
PR00834	LGx	2	1	primary
PR00834	LGx	3	1	primary
PR00834	LGx	4	1	primary
PR00834	LGx	5	2	primary
PR00834	LGx	6	2	primary
PR00834	LGx	7	2	primary
PR00834	LGx	8	2	primary
PR00834	LGx	9	3	primary
PR00834	LGx	10	3	primary
PR00834	LGx	11	3	primary
PR00834	LGx	12	4	primary
PR00834	LGx	13	4	primary
PR00834	LGx	14	4	primary
PR00834	LGx	15	4	primary
PR00834	LGx	16	5	primary
PR00834	LGx	17	5	primary
PR00834	LGx	18	5	primary
PR00834	LGx	19	6	primary
PR00834	LGx	20	6	primary
PR00834	LGx	21	6	primary
PR00834	LGx	22	6	primary
PR00834	LGx	23	7	primary
PR00834	LGx	24	7	primary
PR00834	LGx	25	7	primary
PR00834	LGx	26	8	primary
PR00834	LGx	27	8	primary
PR00834	LGx	28	9	primary
PR00834	LGx	29	9	primary
PR00834	LGx	30	9	primary
PR00834	LGx	31	10	primary
PR00834	LGx	32	10	primary
PR00834	LGx	33	10	primary
PR00834	LGx	34	11	primary
PR00834	LGx	35	11	primary
PR00834	LGx	36	12	primary
PR00834	LGx	37	12	primary
PR00834	LGx	38	13	primary
PR00834	LGx	39	13	primary
PR00834	LGx	40	13	primary
PR00834	LGx	41	14	primary
PR00834	LGx	42	14	primary
PR00834	LGx	43	15	primary
PR00834	LGx	44	15	primary
PR00834	LGx	45	16	primary
PR00834	LGx	46	16	primary
PR00834	LGx	47	17	primary
PR00834	LGx	48	17	primary
PR00834	LGx	49	18	primary
PR00834	LGx	50	19	primary
PR00834	LGx	51	19	primary
PR00834	LGx	52	20	primary
PR00834	LGx	53	20	primary
PR00834	LGx	54	21	primary
PR00834	LGx	55	22	primary
PR00834	LGx	56	22	primary
PR00834	LGx	57	23	primary
PR00834	LGx	58	24	primary
PR00834	LGx	59	24	primary
PR00834	LGx	60	25	primary
PR00834	LGx	61	26	primary
PR00834	LGx	62	26	primary
PR00834	LGx	63	27	primary
PR00834	LGx	64	28	primary
PR00834	LGx	65	29	primary
PR00834	LGx	66	30	primary
PR00834	LGx	67	30	primary
PR00834	LGx	68	31	primary
PR00834	LGx	69	32	primary
PR00834	LGx	70	33	primary
PR00834	LGx	71	34	primary
PR00834	LGx	72	35	primary
PR00834	LGx	73	36	primary
PR00834	LGx	74	37	primary
PR00834	LGx	75	38	primary
PR00834	LGx	76	39	primary
PR00834	LGx	77	41	primary
PR00834	LGx	78	42	primary
PR00834	LGx	79	43	primary
PR00834	LGx	80	44	primary
PR00834	LGx	81	45	primary
PR00834	LGx	82	47	primary
PR00834	LGx	83	48	primary
PR00834	LGx	84	49	primary
PR00834	LGx	85	51	primary
PR00834	LGx	86	52	primary
PR00834	LGx	87	53	primary
PR00834	LGx	88	55	primary
PR00834	LGx	89	56	primary
PR00834	LGx	90	58	primary
PR00834	LGx	91	60	primary
PR00834	LGx	92	62	primary
PR00834	LGx	93	64	primary
PR00834	LGx	94	66	primary
PR00834	LGx	95	69	primary
PR00834	LGx	96	71	primary
PR00834	LGx	97	74	primary
PR00834	LGx	98	77	primary
PR00834	LGx	99	80	primary
PR00834	LGx	100	83	primary
PR00838	auN	3162233856	538.46466	hap1
PR00838	auNG	3018593705	564.0875	hap1
PR00838	Nx	1	111198175	hap1
PR00838	Nx	2	111198175	hap1
PR00838	Nx	3	111198175	hap1
PR00838	Nx	4	99094730	hap1
PR00838	Nx	5	99094730	hap1
PR00838	Nx	6	99094730	hap1
PR00838	Nx	7	95217899	hap1
PR00838	Nx	8	95217899	hap1
PR00838	Nx	9	95217899	hap1
PR00838	Nx	10	74447449	hap1
PR00838	Nx	11	74447449	hap1
PR00838	Nx	12	74447449	hap1
PR00838	Nx	13	62723173	hap1
PR00838	Nx	14	60049436	hap1
PR00838	Nx	15	60049436	hap1
PR00838	Nx	16	58795545	hap1
PR00838	Nx	17	58795545	hap1
PR00838	Nx	18	54870507	hap1
PR00838	Nx	19	54870507	hap1
PR00838	Nx	20	48336277	hap1
PR00838	Nx	21	48336277	hap1
PR00838	Nx	22	46113909	hap1
PR00838	Nx	23	46036384	hap1
PR00838	Nx	24	42419380	hap1
PR00838	Nx	25	42419380	hap1
PR00838	Nx	26	41704919	hap1
PR00838	Nx	27	39543375	hap1
PR00838	Nx	28	38076053	hap1
PR00838	Nx	29	38076053	hap1
PR00838	Nx	30	38023972	hap1
PR00838	Nx	31	37750449	hap1
PR00838	Nx	32	37524942	hap1
PR00838	Nx	33	35929446	hap1
PR00838	Nx	34	35146596	hap1
PR00838	Nx	35	34158117	hap1
PR00838	Nx	36	33411127	hap1
PR00838	Nx	37	33411127	hap1
PR00838	Nx	38	31367057	hap1
PR00838	Nx	39	31356195	hap1
PR00838	Nx	40	30816726	hap1
PR00838	Nx	41	30663154	hap1
PR00838	Nx	42	29568306	hap1
PR00838	Nx	43	29102409	hap1
PR00838	Nx	44	26264823	hap1
PR00838	Nx	45	25358067	hap1
PR00838	Nx	46	23162154	hap1
PR00838	Nx	47	22030344	hap1
PR00838	Nx	48	20344964	hap1
PR00838	Nx	49	19167030	hap1
PR00838	Nx	50	19029542	hap1
PR00838	Nx	51	18663092	hap1
PR00838	Nx	52	17993424	hap1
PR00838	Nx	53	17701604	hap1
PR00838	Nx	54	17415572	hap1
PR00838	Nx	55	16844254	hap1
PR00838	Nx	56	16152471	hap1
PR00838	Nx	57	16119558	hap1
PR00838	Nx	58	15407857	hap1
PR00838	Nx	59	15116048	hap1
PR00838	Nx	60	14224463	hap1
PR00838	Nx	61	13478662	hap1
PR00838	Nx	62	12952240	hap1
PR00838	Nx	63	12465603	hap1
PR00838	Nx	64	12272758	hap1
PR00838	Nx	65	11893352	hap1
PR00838	Nx	66	11212274	hap1
PR00838	Nx	67	10770463	hap1
PR00838	Nx	68	10599134	hap1
PR00838	Nx	69	10337169	hap1
PR00838	Nx	70	10053819	hap1
PR00838	Nx	71	9615629	hap1
PR00838	Nx	72	8684560	hap1
PR00838	Nx	73	8301296	hap1
PR00838	Nx	74	7859848	hap1
PR00838	Nx	75	7575103	hap1
PR00838	Nx	76	7363078	hap1
PR00838	Nx	77	7237752	hap1
PR00838	Nx	78	7049968	hap1
PR00838	Nx	79	6474424	hap1
PR00838	Nx	80	6071893	hap1
PR00838	Nx	81	5710637	hap1
PR00838	Nx	82	5428111	hap1
PR00838	Nx	83	4951656	hap1
PR00838	Nx	84	4569764	hap1
PR00838	Nx	85	4449386	hap1
PR00838	Nx	86	4107015	hap1
PR00838	Nx	87	3716424	hap1
PR00838	Nx	88	3278861	hap1
PR00838	Nx	89	2944456	hap1
PR00838	Nx	90	2602524	hap1
PR00838	Nx	91	2263932	hap1
PR00838	Nx	92	2024923	hap1
PR00838	Nx	93	1746244	hap1
PR00838	Nx	94	1535619	hap1
PR00838	Nx	95	1351720	hap1
PR00838	Nx	96	1085009	hap1
PR00838	Nx	97	788748	hap1
PR00838	Nx	98	539376	hap1
PR00838	Nx	99	269694	hap1
PR00838	Nx	100	9828	hap1
PR00838	Lx	1	111198175	hap1
PR00838	Lx	2	111198175	hap1
PR00838	Lx	3	111198175	hap1
PR00838	Lx	4	99094730	hap1
PR00838	Lx	5	99094730	hap1
PR00838	Lx	6	99094730	hap1
PR00838	Lx	7	95217899	hap1
PR00838	Lx	8	95217899	hap1
PR00838	Lx	9	95217899	hap1
PR00838	Lx	10	74447449	hap1
PR00838	Lx	11	74447449	hap1
PR00838	Lx	12	74447449	hap1
PR00838	Lx	13	62723173	hap1
PR00838	Lx	14	60049436	hap1
PR00838	Lx	15	60049436	hap1
PR00838	Lx	16	58795545	hap1
PR00838	Lx	17	58795545	hap1
PR00838	Lx	18	54870507	hap1
PR00838	Lx	19	54870507	hap1
PR00838	Lx	20	48336277	hap1
PR00838	Lx	21	48336277	hap1
PR00838	Lx	22	46113909	hap1
PR00838	Lx	23	46036384	hap1
PR00838	Lx	24	42419380	hap1
PR00838	Lx	25	42419380	hap1
PR00838	Lx	26	41704919	hap1
PR00838	Lx	27	39543375	hap1
PR00838	Lx	28	38076053	hap1
PR00838	Lx	29	38076053	hap1
PR00838	Lx	30	38023972	hap1
PR00838	Lx	31	37750449	hap1
PR00838	Lx	32	37524942	hap1
PR00838	Lx	33	35929446	hap1
PR00838	Lx	34	35146596	hap1
PR00838	Lx	35	34158117	hap1
PR00838	Lx	36	33411127	hap1
PR00838	Lx	37	33411127	hap1
PR00838	Lx	38	31367057	hap1
PR00838	Lx	39	31356195	hap1
PR00838	Lx	40	30816726	hap1
PR00838	Lx	41	30663154	hap1
PR00838	Lx	42	29568306	hap1
PR00838	Lx	43	29102409	hap1
PR00838	Lx	44	26264823	hap1
PR00838	Lx	45	25358067	hap1
PR00838	Lx	46	23162154	hap1
PR00838	Lx	47	22030344	hap1
PR00838	Lx	48	20344964	hap1
PR00838	Lx	49	19167030	hap1
PR00838	Lx	50	19029542	hap1
PR00838	Lx	51	18663092	hap1
PR00838	Lx	52	17993424	hap1
PR00838	Lx	53	17701604	hap1
PR00838	Lx	54	17415572	hap1
PR00838	Lx	55	16844254	hap1
PR00838	Lx	56	16152471	hap1
PR00838	Lx	57	16119558	hap1
PR00838	Lx	58	15407857	hap1
PR00838	Lx	59	15116048	hap1
PR00838	Lx	60	14224463	hap1
PR00838	Lx	61	13478662	hap1
PR00838	Lx	62	12952240	hap1
PR00838	Lx	63	12465603	hap1
PR00838	Lx	64	12272758	hap1
PR00838	Lx	65	11893352	hap1
PR00838	Lx	66	11212274	hap1
PR00838	Lx	67	10770463	hap1
PR00838	Lx	68	10599134	hap1
PR00838	Lx	69	10337169	hap1
PR00838	Lx	70	10053819	hap1
PR00838	Lx	71	9615629	hap1
PR00838	Lx	72	8684560	hap1
PR00838	Lx	73	8301296	hap1
PR00838	Lx	74	7859848	hap1
PR00838	Lx	75	7575103	hap1
PR00838	Lx	76	7363078	hap1
PR00838	Lx	77	7237752	hap1
PR00838	Lx	78	7049968	hap1
PR00838	Lx	79	6474424	hap1
PR00838	Lx	80	6071893	hap1
PR00838	Lx	81	5710637	hap1
PR00838	Lx	82	5428111	hap1
PR00838	Lx	83	4951656	hap1
PR00838	Lx	84	4569764	hap1
PR00838	Lx	85	4449386	hap1
PR00838	Lx	86	4107015	hap1
PR00838	Lx	87	3716424	hap1
PR00838	Lx	88	3278861	hap1
PR00838	Lx	89	2944456	hap1
PR00838	Lx	90	2602524	hap1
PR00838	Lx	91	2263932	hap1
PR00838	Lx	92	2024923	hap1
PR00838	Lx	93	1746244	hap1
PR00838	Lx	94	1535619	hap1
PR00838	Lx	95	1351720	hap1
PR00838	Lx	96	1085009	hap1
PR00838	Lx	97	788748	hap1
PR00838	Lx	98	539376	hap1
PR00838	Lx	99	269694	hap1
PR00838	Lx	100	9828	hap1
PR00838	NGx	1	111198175	hap1
PR00838	NGx	2	111198175	hap1
PR00838	NGx	3	111198175	hap1
PR00838	NGx	4	99094730	hap1
PR00838	NGx	5	99094730	hap1
PR00838	NGx	6	99094730	hap1
PR00838	NGx	7	95217899	hap1
PR00838	NGx	8	95217899	hap1
PR00838	NGx	9	95217899	hap1
PR00838	NGx	10	95217899	hap1
PR00838	NGx	11	74447449	hap1
PR00838	NGx	12	74447449	hap1
PR00838	NGx	13	62723173	hap1
PR00838	NGx	14	62723173	hap1
PR00838	NGx	15	60049436	hap1
PR00838	NGx	16	60049436	hap1
PR00838	NGx	17	58795545	hap1
PR00838	NGx	18	58795545	hap1
PR00838	NGx	19	54870507	hap1
PR00838	NGx	20	54870507	hap1
PR00838	NGx	21	48336277	hap1
PR00838	NGx	22	48336277	hap1
PR00838	NGx	23	46113909	hap1
PR00838	NGx	24	46036384	hap1
PR00838	NGx	25	46036384	hap1
PR00838	NGx	26	42419380	hap1
PR00838	NGx	27	41704919	hap1
PR00838	NGx	28	39543375	hap1
PR00838	NGx	29	39543375	hap1
PR00838	NGx	30	38076053	hap1
PR00838	NGx	31	38023972	hap1
PR00838	NGx	32	37750449	hap1
PR00838	NGx	33	37524942	hap1
PR00838	NGx	34	37524942	hap1
PR00838	NGx	35	35929446	hap1
PR00838	NGx	36	35146596	hap1
PR00838	NGx	37	34158117	hap1
PR00838	NGx	38	33411127	hap1
PR00838	NGx	39	31367057	hap1
PR00838	NGx	40	31356195	hap1
PR00838	NGx	41	31188326	hap1
PR00838	NGx	42	30816726	hap1
PR00838	NGx	43	30663154	hap1
PR00838	NGx	44	29568306	hap1
PR00838	NGx	45	29102409	hap1
PR00838	NGx	46	26264823	hap1
PR00838	NGx	47	25358067	hap1
PR00838	NGx	48	23162154	hap1
PR00838	NGx	49	22795477	hap1
PR00838	NGx	50	20344964	hap1
PR00838	NGx	51	19377658	hap1
PR00838	NGx	52	19029542	hap1
PR00838	NGx	53	18726113	hap1
PR00838	NGx	54	18428821	hap1
PR00838	NGx	55	17713271	hap1
PR00838	NGx	56	17701604	hap1
PR00838	NGx	57	17096130	hap1
PR00838	NGx	58	16508654	hap1
PR00838	NGx	59	16131187	hap1
PR00838	NGx	60	16043242	hap1
PR00838	NGx	61	15389560	hap1
PR00838	NGx	62	14638442	hap1
PR00838	NGx	63	13831133	hap1
PR00838	NGx	64	13478662	hap1
PR00838	NGx	65	12952240	hap1
PR00838	NGx	66	12465603	hap1
PR00838	NGx	67	12272758	hap1
PR00838	NGx	68	11893352	hap1
PR00838	NGx	69	11492293	hap1
PR00838	NGx	70	10770463	hap1
PR00838	NGx	71	10599134	hap1
PR00838	NGx	72	10337169	hap1
PR00838	NGx	73	10142541	hap1
PR00838	NGx	74	9724388	hap1
PR00838	NGx	75	8992231	hap1
PR00838	NGx	76	8572372	hap1
PR00838	NGx	77	8111832	hap1
PR00838	NGx	78	7710857	hap1
PR00838	NGx	79	7522889	hap1
PR00838	NGx	80	7284646	hap1
PR00838	NGx	81	7152353	hap1
PR00838	NGx	82	7011983	hap1
PR00838	NGx	83	6419413	hap1
PR00838	NGx	84	6071893	hap1
PR00838	NGx	85	5621058	hap1
PR00838	NGx	86	5428111	hap1
PR00838	NGx	87	4951656	hap1
PR00838	NGx	88	4569764	hap1
PR00838	NGx	89	4449386	hap1
PR00838	NGx	90	4174574	hap1
PR00838	NGx	91	3727570	hap1
PR00838	NGx	92	3352582	hap1
PR00838	NGx	93	2946188	hap1
PR00838	NGx	94	2661681	hap1
PR00838	NGx	95	2413859	hap1
PR00838	NGx	96	2113865	hap1
PR00838	NGx	97	1872345	hap1
PR00838	NGx	98	1611549	hap1
PR00838	NGx	99	1440755	hap1
PR00838	NGx	100	1220295	hap1
PR00838	LGx	1	1	hap1
PR00838	LGx	2	1	hap1
PR00838	LGx	3	1	hap1
PR00838	LGx	4	2	hap1
PR00838	LGx	5	2	hap1
PR00838	LGx	6	2	hap1
PR00838	LGx	7	3	hap1
PR00838	LGx	8	3	hap1
PR00838	LGx	9	3	hap1
PR00838	LGx	10	3	hap1
PR00838	LGx	11	4	hap1
PR00838	LGx	12	4	hap1
PR00838	LGx	13	5	hap1
PR00838	LGx	14	5	hap1
PR00838	LGx	15	6	hap1
PR00838	LGx	16	6	hap1
PR00838	LGx	17	7	hap1
PR00838	LGx	18	7	hap1
PR00838	LGx	19	8	hap1
PR00838	LGx	20	8	hap1
PR00838	LGx	21	9	hap1
PR00838	LGx	22	9	hap1
PR00838	LGx	23	10	hap1
PR00838	LGx	24	11	hap1
PR00838	LGx	25	11	hap1
PR00838	LGx	26	12	hap1
PR00838	LGx	27	13	hap1
PR00838	LGx	28	14	hap1
PR00838	LGx	29	14	hap1
PR00838	LGx	30	15	hap1
PR00838	LGx	31	16	hap1
PR00838	LGx	32	17	hap1
PR00838	LGx	33	18	hap1
PR00838	LGx	34	18	hap1
PR00838	LGx	35	19	hap1
PR00838	LGx	36	20	hap1
PR00838	LGx	37	21	hap1
PR00838	LGx	38	22	hap1
PR00838	LGx	39	23	hap1
PR00838	LGx	40	24	hap1
PR00838	LGx	41	25	hap1
PR00838	LGx	42	26	hap1
PR00838	LGx	43	27	hap1
PR00838	LGx	44	28	hap1
PR00838	LGx	45	29	hap1
PR00838	LGx	46	30	hap1
PR00838	LGx	47	31	hap1
PR00838	LGx	48	32	hap1
PR00838	LGx	49	33	hap1
PR00838	LGx	50	35	hap1
PR00838	LGx	51	36	hap1
PR00838	LGx	52	38	hap1
PR00838	LGx	53	39	hap1
PR00838	LGx	54	41	hap1
PR00838	LGx	55	43	hap1
PR00838	LGx	56	44	hap1
PR00838	LGx	57	46	hap1
PR00838	LGx	58	48	hap1
PR00838	LGx	59	50	hap1
PR00838	LGx	60	52	hap1
PR00838	LGx	61	54	hap1
PR00838	LGx	62	56	hap1
PR00838	LGx	63	58	hap1
PR00838	LGx	64	60	hap1
PR00838	LGx	65	62	hap1
PR00838	LGx	66	65	hap1
PR00838	LGx	67	67	hap1
PR00838	LGx	68	70	hap1
PR00838	LGx	69	72	hap1
PR00838	LGx	70	75	hap1
PR00838	LGx	71	78	hap1
PR00838	LGx	72	81	hap1
PR00838	LGx	73	83	hap1
PR00838	LGx	74	87	hap1
PR00838	LGx	75	90	hap1
PR00838	LGx	76	93	hap1
PR00838	LGx	77	97	hap1
PR00838	LGx	78	101	hap1
PR00838	LGx	79	105	hap1
PR00838	LGx	80	109	hap1
PR00838	LGx	81	113	hap1
PR00838	LGx	82	117	hap1
PR00838	LGx	83	122	hap1
PR00838	LGx	84	126	hap1
PR00838	LGx	85	132	hap1
PR00838	LGx	86	137	hap1
PR00838	LGx	87	143	hap1
PR00838	LGx	88	149	hap1
PR00838	LGx	89	156	hap1
PR00838	LGx	90	163	hap1
PR00838	LGx	91	171	hap1
PR00838	LGx	92	179	hap1
PR00838	LGx	93	189	hap1
PR00838	LGx	94	200	hap1
PR00838	LGx	95	211	hap1
PR00838	LGx	96	225	hap1
PR00838	LGx	97	240	hap1
PR00838	LGx	98	258	hap1
PR00838	LGx	99	277	hap1
PR00838	LGx	100	300	hap1
PR00838	auN	3125393508	486.02744	hap2
PR00838	auNG	3018593705	503.2234	hap2
PR00838	Nx	1	81908201	hap2
PR00838	Nx	2	81908201	hap2
PR00838	Nx	3	77706430	hap2
PR00838	Nx	4	77706430	hap2
PR00838	Nx	5	77706430	hap2
PR00838	Nx	6	76563682	hap2
PR00838	Nx	7	76563682	hap2
PR00838	Nx	8	69880871	hap2
PR00838	Nx	9	69880871	hap2
PR00838	Nx	10	69108211	hap2
PR00838	Nx	11	69108211	hap2
PR00838	Nx	12	69108211	hap2
PR00838	Nx	13	60504207	hap2
PR00838	Nx	14	57521297	hap2
PR00838	Nx	15	57521297	hap2
PR00838	Nx	16	51624079	hap2
PR00838	Nx	17	51624079	hap2
PR00838	Nx	18	50850999	hap2
PR00838	Nx	19	50850999	hap2
PR00838	Nx	20	49934571	hap2
PR00838	Nx	21	46619635	hap2
PR00838	Nx	22	46619635	hap2
PR00838	Nx	23	46119958	hap2
PR00838	Nx	24	44953050	hap2
PR00838	Nx	25	44953050	hap2
PR00838	Nx	26	37817814	hap2
PR00838	Nx	27	35618518	hap2
PR00838	Nx	28	34809928	hap2
PR00838	Nx	29	33636372	hap2
PR00838	Nx	30	33284263	hap2
PR00838	Nx	31	32314532	hap2
PR00838	Nx	32	29349340	hap2
PR00838	Nx	33	29242629	hap2
PR00838	Nx	34	29117309	hap2
PR00838	Nx	35	28593261	hap2
PR00838	Nx	36	28381528	hap2
PR00838	Nx	37	28367425	hap2
PR00838	Nx	38	28148275	hap2
PR00838	Nx	39	27172961	hap2
PR00838	Nx	40	23700988	hap2
PR00838	Nx	41	22985657	hap2
PR00838	Nx	42	22791653	hap2
PR00838	Nx	43	22105322	hap2
PR00838	Nx	44	21993293	hap2
PR00838	Nx	45	21056304	hap2
PR00838	Nx	46	20457733	hap2
PR00838	Nx	47	20090642	hap2
PR00838	Nx	48	19959403	hap2
PR00838	Nx	49	19275845	hap2
PR00838	Nx	50	18391163	hap2
PR00838	Nx	51	18000566	hap2
PR00838	Nx	52	17759623	hap2
PR00838	Nx	53	17202080	hap2
PR00838	Nx	54	16087691	hap2
PR00838	Nx	55	16079260	hap2
PR00838	Nx	56	14992238	hap2
PR00838	Nx	57	14528732	hap2
PR00838	Nx	58	13706848	hap2
PR00838	Nx	59	13436994	hap2
PR00838	Nx	60	12998585	hap2
PR00838	Nx	61	12352296	hap2
PR00838	Nx	62	12188257	hap2
PR00838	Nx	63	11858048	hap2
PR00838	Nx	64	11380732	hap2
PR00838	Nx	65	10852229	hap2
PR00838	Nx	66	10411973	hap2
PR00838	Nx	67	9655150	hap2
PR00838	Nx	68	8946646	hap2
PR00838	Nx	69	8343174	hap2
PR00838	Nx	70	8071385	hap2
PR00838	Nx	71	8015296	hap2
PR00838	Nx	72	7844541	hap2
PR00838	Nx	73	7307585	hap2
PR00838	Nx	74	7080519	hap2
PR00838	Nx	75	7024082	hap2
PR00838	Nx	76	6648628	hap2
PR00838	Nx	77	6307479	hap2
PR00838	Nx	78	6048700	hap2
PR00838	Nx	79	5811666	hap2
PR00838	Nx	80	5511262	hap2
PR00838	Nx	81	5116214	hap2
PR00838	Nx	82	4672564	hap2
PR00838	Nx	83	4293108	hap2
PR00838	Nx	84	4003451	hap2
PR00838	Nx	85	3694424	hap2
PR00838	Nx	86	3414715	hap2
PR00838	Nx	87	3249522	hap2
PR00838	Nx	88	3006853	hap2
PR00838	Nx	89	2810478	hap2
PR00838	Nx	90	2604289	hap2
PR00838	Nx	91	2383017	hap2
PR00838	Nx	92	2134534	hap2
PR00838	Nx	93	1848524	hap2
PR00838	Nx	94	1485550	hap2
PR00838	Nx	95	1324274	hap2
PR00838	Nx	96	1079481	hap2
PR00838	Nx	97	894719	hap2
PR00838	Nx	98	640083	hap2
PR00838	Nx	99	312098	hap2
PR00838	Nx	100	6092	hap2
PR00838	Lx	1	81908201	hap2
PR00838	Lx	2	81908201	hap2
PR00838	Lx	3	77706430	hap2
PR00838	Lx	4	77706430	hap2
PR00838	Lx	5	77706430	hap2
PR00838	Lx	6	76563682	hap2
PR00838	Lx	7	76563682	hap2
PR00838	Lx	8	69880871	hap2
PR00838	Lx	9	69880871	hap2
PR00838	Lx	10	69108211	hap2
PR00838	Lx	11	69108211	hap2
PR00838	Lx	12	69108211	hap2
PR00838	Lx	13	60504207	hap2
PR00838	Lx	14	57521297	hap2
PR00838	Lx	15	57521297	hap2
PR00838	Lx	16	51624079	hap2
PR00838	Lx	17	51624079	hap2
PR00838	Lx	18	50850999	hap2
PR00838	Lx	19	50850999	hap2
PR00838	Lx	20	49934571	hap2
PR00838	Lx	21	46619635	hap2
PR00838	Lx	22	46619635	hap2
PR00838	Lx	23	46119958	hap2
PR00838	Lx	24	44953050	hap2
PR00838	Lx	25	44953050	hap2
PR00838	Lx	26	37817814	hap2
PR00838	Lx	27	35618518	hap2
PR00838	Lx	28	34809928	hap2
PR00838	Lx	29	33636372	hap2
PR00838	Lx	30	33284263	hap2
PR00838	Lx	31	32314532	hap2
PR00838	Lx	32	29349340	hap2
PR00838	Lx	33	29242629	hap2
PR00838	Lx	34	29117309	hap2
PR00838	Lx	35	28593261	hap2
PR00838	Lx	36	28381528	hap2
PR00838	Lx	37	28367425	hap2
PR00838	Lx	38	28148275	hap2
PR00838	Lx	39	27172961	hap2
PR00838	Lx	40	23700988	hap2
PR00838	Lx	41	22985657	hap2
PR00838	Lx	42	22791653	hap2
PR00838	Lx	43	22105322	hap2
PR00838	Lx	44	21993293	hap2
PR00838	Lx	45	21056304	hap2
PR00838	Lx	46	20457733	hap2
PR00838	Lx	47	20090642	hap2
PR00838	Lx	48	19959403	hap2
PR00838	Lx	49	19275845	hap2
PR00838	Lx	50	18391163	hap2
PR00838	Lx	51	18000566	hap2
PR00838	Lx	52	17759623	hap2
PR00838	Lx	53	17202080	hap2
PR00838	Lx	54	16087691	hap2
PR00838	Lx	55	16079260	hap2
PR00838	Lx	56	14992238	hap2
PR00838	Lx	57	14528732	hap2
PR00838	Lx	58	13706848	hap2
PR00838	Lx	59	13436994	hap2
PR00838	Lx	60	12998585	hap2
PR00838	Lx	61	12352296	hap2
PR00838	Lx	62	12188257	hap2
PR00838	Lx	63	11858048	hap2
PR00838	Lx	64	11380732	hap2
PR00838	Lx	65	10852229	hap2
PR00838	Lx	66	10411973	hap2
PR00838	Lx	67	9655150	hap2
PR00838	Lx	68	8946646	hap2
PR00838	Lx	69	8343174	hap2
PR00838	Lx	70	8071385	hap2
PR00838	Lx	71	8015296	hap2
PR00838	Lx	72	7844541	hap2
PR00838	Lx	73	7307585	hap2
PR00838	Lx	74	7080519	hap2
PR00838	Lx	75	7024082	hap2
PR00838	Lx	76	6648628	hap2
PR00838	Lx	77	6307479	hap2
PR00838	Lx	78	6048700	hap2
PR00838	Lx	79	5811666	hap2
PR00838	Lx	80	5511262	hap2
PR00838	Lx	81	5116214	hap2
PR00838	Lx	82	4672564	hap2
PR00838	Lx	83	4293108	hap2
PR00838	Lx	84	4003451	hap2
PR00838	Lx	85	3694424	hap2
PR00838	Lx	86	3414715	hap2
PR00838	Lx	87	3249522	hap2
PR00838	Lx	88	3006853	hap2
PR00838	Lx	89	2810478	hap2
PR00838	Lx	90	2604289	hap2
PR00838	Lx	91	2383017	hap2
PR00838	Lx	92	2134534	hap2
PR00838	Lx	93	1848524	hap2
PR00838	Lx	94	1485550	hap2
PR00838	Lx	95	1324274	hap2
PR00838	Lx	96	1079481	hap2
PR00838	Lx	97	894719	hap2
PR00838	Lx	98	640083	hap2
PR00838	Lx	99	312098	hap2
PR00838	Lx	100	6092	hap2
PR00838	NGx	1	81908201	hap2
PR00838	NGx	2	81908201	hap2
PR00838	NGx	3	77706430	hap2
PR00838	NGx	4	77706430	hap2
PR00838	NGx	5	77706430	hap2
PR00838	NGx	6	76563682	hap2
PR00838	NGx	7	76563682	hap2
PR00838	NGx	8	69880871	hap2
PR00838	NGx	9	69880871	hap2
PR00838	NGx	10	69880871	hap2
PR00838	NGx	11	69108211	hap2
PR00838	NGx	12	69108211	hap2
PR00838	NGx	13	60504207	hap2
PR00838	NGx	14	60504207	hap2
PR00838	NGx	15	57521297	hap2
PR00838	NGx	16	57521297	hap2
PR00838	NGx	17	51624079	hap2
PR00838	NGx	18	51624079	hap2
PR00838	NGx	19	50850999	hap2
PR00838	NGx	20	49934571	hap2
PR00838	NGx	21	49934571	hap2
PR00838	NGx	22	46619635	hap2
PR00838	NGx	23	46119958	hap2
PR00838	NGx	24	46119958	hap2
PR00838	NGx	25	44953050	hap2
PR00838	NGx	26	37817814	hap2
PR00838	NGx	27	37817814	hap2
PR00838	NGx	28	35618518	hap2
PR00838	NGx	29	34809928	hap2
PR00838	NGx	30	33636372	hap2
PR00838	NGx	31	33284263	hap2
PR00838	NGx	32	32314532	hap2
PR00838	NGx	33	29349340	hap2
PR00838	NGx	34	29242629	hap2
PR00838	NGx	35	29117309	hap2
PR00838	NGx	36	28593261	hap2
PR00838	NGx	37	28381528	hap2
PR00838	NGx	38	28367425	hap2
PR00838	NGx	39	28148275	hap2
PR00838	NGx	40	27172961	hap2
PR00838	NGx	41	26827232	hap2
PR00838	NGx	42	23700988	hap2
PR00838	NGx	43	22791653	hap2
PR00838	NGx	44	22544021	hap2
PR00838	NGx	45	22105322	hap2
PR00838	NGx	46	21397309	hap2
PR00838	NGx	47	21056304	hap2
PR00838	NGx	48	20382423	hap2
PR00838	NGx	49	20090642	hap2
PR00838	NGx	50	19898231	hap2
PR00838	NGx	51	19275845	hap2
PR00838	NGx	52	18218446	hap2
PR00838	NGx	53	17993405	hap2
PR00838	NGx	54	17759623	hap2
PR00838	NGx	55	17202080	hap2
PR00838	NGx	56	16087691	hap2
PR00838	NGx	57	15937407	hap2
PR00838	NGx	58	14992238	hap2
PR00838	NGx	59	14528732	hap2
PR00838	NGx	60	13706848	hap2
PR00838	NGx	61	13436994	hap2
PR00838	NGx	62	12998585	hap2
PR00838	NGx	63	12352296	hap2
PR00838	NGx	64	12188257	hap2
PR00838	NGx	65	11858048	hap2
PR00838	NGx	66	11411904	hap2
PR00838	NGx	67	11335680	hap2
PR00838	NGx	68	10411973	hap2
PR00838	NGx	69	9685107	hap2
PR00838	NGx	70	9417744	hap2
PR00838	NGx	71	8869855	hap2
PR00838	NGx	72	8139769	hap2
PR00838	NGx	73	8056169	hap2
PR00838	NGx	74	7962457	hap2
PR00838	NGx	75	7590298	hap2
PR00838	NGx	76	7272336	hap2
PR00838	NGx	77	7073575	hap2
PR00838	NGx	78	6801038	hap2
PR00838	NGx	79	6481156	hap2
PR00838	NGx	80	6278367	hap2
PR00838	NGx	81	5886017	hap2
PR00838	NGx	82	5783507	hap2
PR00838	NGx	83	5452186	hap2
PR00838	NGx	84	5088467	hap2
PR00838	NGx	85	4672564	hap2
PR00838	NGx	86	4293108	hap2
PR00838	NGx	87	4003451	hap2
PR00838	NGx	88	3694424	hap2
PR00838	NGx	89	3414715	hap2
PR00838	NGx	90	3249522	hap2
PR00838	NGx	91	3015885	hap2
PR00838	NGx	92	2837037	hap2
PR00838	NGx	93	2656864	hap2
PR00838	NGx	94	2413781	hap2
PR00838	NGx	95	2211987	hap2
PR00838	NGx	96	1913042	hap2
PR00838	NGx	97	1718900	hap2
PR00838	NGx	98	1380044	hap2
PR00838	NGx	99	1151358	hap2
PR00838	NGx	100	1009138	hap2
PR00838	LGx	1	1	hap2
PR00838	LGx	2	1	hap2
PR00838	LGx	3	2	hap2
PR00838	LGx	4	2	hap2
PR00838	LGx	5	2	hap2
PR00838	LGx	6	3	hap2
PR00838	LGx	7	3	hap2
PR00838	LGx	8	4	hap2
PR00838	LGx	9	4	hap2
PR00838	LGx	10	4	hap2
PR00838	LGx	11	5	hap2
PR00838	LGx	12	5	hap2
PR00838	LGx	13	6	hap2
PR00838	LGx	14	6	hap2
PR00838	LGx	15	7	hap2
PR00838	LGx	16	7	hap2
PR00838	LGx	17	8	hap2
PR00838	LGx	18	8	hap2
PR00838	LGx	19	9	hap2
PR00838	LGx	20	10	hap2
PR00838	LGx	21	10	hap2
PR00838	LGx	22	11	hap2
PR00838	LGx	23	12	hap2
PR00838	LGx	24	12	hap2
PR00838	LGx	25	13	hap2
PR00838	LGx	26	14	hap2
PR00838	LGx	27	14	hap2
PR00838	LGx	28	15	hap2
PR00838	LGx	29	16	hap2
PR00838	LGx	30	17	hap2
PR00838	LGx	31	18	hap2
PR00838	LGx	32	19	hap2
PR00838	LGx	33	20	hap2
PR00838	LGx	34	21	hap2
PR00838	LGx	35	22	hap2
PR00838	LGx	36	23	hap2
PR00838	LGx	37	24	hap2
PR00838	LGx	38	25	hap2
PR00838	LGx	39	26	hap2
PR00838	LGx	40	27	hap2
PR00838	LGx	41	28	hap2
PR00838	LGx	42	29	hap2
PR00838	LGx	43	31	hap2
PR00838	LGx	44	32	hap2
PR00838	LGx	45	33	hap2
PR00838	LGx	46	35	hap2
PR00838	LGx	47	36	hap2
PR00838	LGx	48	38	hap2
PR00838	LGx	49	39	hap2
PR00838	LGx	50	41	hap2
PR00838	LGx	51	42	hap2
PR00838	LGx	52	44	hap2
PR00838	LGx	53	46	hap2
PR00838	LGx	54	47	hap2
PR00838	LGx	55	49	hap2
PR00838	LGx	56	51	hap2
PR00838	LGx	57	53	hap2
PR00838	LGx	58	55	hap2
PR00838	LGx	59	57	hap2
PR00838	LGx	60	59	hap2
PR00838	LGx	61	61	hap2
PR00838	LGx	62	63	hap2
PR00838	LGx	63	66	hap2
PR00838	LGx	64	68	hap2
PR00838	LGx	65	71	hap2
PR00838	LGx	66	73	hap2
PR00838	LGx	67	76	hap2
PR00838	LGx	68	79	hap2
PR00838	LGx	69	82	hap2
PR00838	LGx	70	85	hap2
PR00838	LGx	71	88	hap2
PR00838	LGx	72	92	hap2
PR00838	LGx	73	95	hap2
PR00838	LGx	74	99	hap2
PR00838	LGx	75	103	hap2
PR00838	LGx	76	107	hap2
PR00838	LGx	77	111	hap2
PR00838	LGx	78	116	hap2
PR00838	LGx	79	120	hap2
PR00838	LGx	80	125	hap2
PR00838	LGx	81	130	hap2
PR00838	LGx	82	135	hap2
PR00838	LGx	83	140	hap2
PR00838	LGx	84	146	hap2
PR00838	LGx	85	152	hap2
PR00838	LGx	86	159	hap2
PR00838	LGx	87	166	hap2
PR00838	LGx	88	174	hap2
PR00838	LGx	89	183	hap2
PR00838	LGx	90	192	hap2
PR00838	LGx	91	201	hap2
PR00838	LGx	92	211	hap2
PR00838	LGx	93	222	hap2
PR00838	LGx	94	234	hap2
PR00838	LGx	95	247	hap2
PR00838	LGx	96	262	hap2
PR00838	LGx	97	279	hap2
PR00838	LGx	98	299	hap2
PR00838	LGx	99	323	hap2
PR00838	LGx	100	351	hap2
PR00838	auN	3285102388	263.56332	primary
PR00838	auNG	3018593705	286.83304	primary
PR00838	Nx	1	111198175	primary
PR00838	Nx	2	111198175	primary
PR00838	Nx	3	111198175	primary
PR00838	Nx	4	100377344	primary
PR00838	Nx	5	100377344	primary
PR00838	Nx	6	100377344	primary
PR00838	Nx	7	96751188	primary
PR00838	Nx	8	96751188	primary
PR00838	Nx	9	96751188	primary
PR00838	Nx	10	95217899	primary
PR00838	Nx	11	95217899	primary
PR00838	Nx	12	95217899	primary
PR00838	Nx	13	91353663	primary
PR00838	Nx	14	91353663	primary
PR00838	Nx	15	91353663	primary
PR00838	Nx	16	77045387	primary
PR00838	Nx	17	77045387	primary
PR00838	Nx	18	76100780	primary
PR00838	Nx	19	76100780	primary
PR00838	Nx	20	75175236	primary
PR00838	Nx	21	75175236	primary
PR00838	Nx	22	75175236	primary
PR00838	Nx	23	71905242	primary
PR00838	Nx	24	71905242	primary
PR00838	Nx	25	63745803	primary
PR00838	Nx	26	63745803	primary
PR00838	Nx	27	63701981	primary
PR00838	Nx	28	63701981	primary
PR00838	Nx	29	62510077	primary
PR00838	Nx	30	60504207	primary
PR00838	Nx	31	60504207	primary
PR00838	Nx	32	60049436	primary
PR00838	Nx	33	60049436	primary
PR00838	Nx	34	58599893	primary
PR00838	Nx	35	58599893	primary
PR00838	Nx	36	56780267	primary
PR00838	Nx	37	56780267	primary
PR00838	Nx	38	54854774	primary
PR00838	Nx	39	48708725	primary
PR00838	Nx	40	48708725	primary
PR00838	Nx	41	46727785	primary
PR00838	Nx	42	44953050	primary
PR00838	Nx	43	44953050	primary
PR00838	Nx	44	40591593	primary
PR00838	Nx	45	38023972	primary
PR00838	Nx	46	37937657	primary
PR00838	Nx	47	37525384	primary
PR00838	Nx	48	37005169	primary
PR00838	Nx	49	36820699	primary
PR00838	Nx	50	36820699	primary
PR00838	Nx	51	35929446	primary
PR00838	Nx	52	35620800	primary
PR00838	Nx	53	35411304	primary
PR00838	Nx	54	33286727	primary
PR00838	Nx	55	33209008	primary
PR00838	Nx	56	31369342	primary
PR00838	Nx	57	31356195	primary
PR00838	Nx	58	31304667	primary
PR00838	Nx	59	29966228	primary
PR00838	Nx	60	29104317	primary
PR00838	Nx	61	28747940	primary
PR00838	Nx	62	28656976	primary
PR00838	Nx	63	26827232	primary
PR00838	Nx	64	25863170	primary
PR00838	Nx	65	25592805	primary
PR00838	Nx	66	22356201	primary
PR00838	Nx	67	22030344	primary
PR00838	Nx	68	21472005	primary
PR00838	Nx	69	21056304	primary
PR00838	Nx	70	20344964	primary
PR00838	Nx	71	19029542	primary
PR00838	Nx	72	18756705	primary
PR00838	Nx	73	17329142	primary
PR00838	Nx	74	16844254	primary
PR00838	Nx	75	16131187	primary
PR00838	Nx	76	15944391	primary
PR00838	Nx	77	14638442	primary
PR00838	Nx	78	13334528	primary
PR00838	Nx	79	13001309	primary
PR00838	Nx	80	12077823	primary
PR00838	Nx	81	11144230	primary
PR00838	Nx	82	10599134	primary
PR00838	Nx	83	9709384	primary
PR00838	Nx	84	8655703	primary
PR00838	Nx	85	7962457	primary
PR00838	Nx	86	7710857	primary
PR00838	Nx	87	7059387	primary
PR00838	Nx	88	6276756	primary
PR00838	Nx	89	5574008	primary
PR00838	Nx	90	4976174	primary
PR00838	Nx	91	4599227	primary
PR00838	Nx	92	4318725	primary
PR00838	Nx	93	3956637	primary
PR00838	Nx	94	3510984	primary
PR00838	Nx	95	2817533	primary
PR00838	Nx	96	2366611	primary
PR00838	Nx	97	1910895	primary
PR00838	Nx	98	1327224	primary
PR00838	Nx	99	862387	primary
PR00838	Nx	100	12571	primary
PR00838	Lx	1	111198175	primary
PR00838	Lx	2	111198175	primary
PR00838	Lx	3	111198175	primary
PR00838	Lx	4	100377344	primary
PR00838	Lx	5	100377344	primary
PR00838	Lx	6	100377344	primary
PR00838	Lx	7	96751188	primary
PR00838	Lx	8	96751188	primary
PR00838	Lx	9	96751188	primary
PR00838	Lx	10	95217899	primary
PR00838	Lx	11	95217899	primary
PR00838	Lx	12	95217899	primary
PR00838	Lx	13	91353663	primary
PR00838	Lx	14	91353663	primary
PR00838	Lx	15	91353663	primary
PR00838	Lx	16	77045387	primary
PR00838	Lx	17	77045387	primary
PR00838	Lx	18	76100780	primary
PR00838	Lx	19	76100780	primary
PR00838	Lx	20	75175236	primary
PR00838	Lx	21	75175236	primary
PR00838	Lx	22	75175236	primary
PR00838	Lx	23	71905242	primary
PR00838	Lx	24	71905242	primary
PR00838	Lx	25	63745803	primary
PR00838	Lx	26	63745803	primary
PR00838	Lx	27	63701981	primary
PR00838	Lx	28	63701981	primary
PR00838	Lx	29	62510077	primary
PR00838	Lx	30	60504207	primary
PR00838	Lx	31	60504207	primary
PR00838	Lx	32	60049436	primary
PR00838	Lx	33	60049436	primary
PR00838	Lx	34	58599893	primary
PR00838	Lx	35	58599893	primary
PR00838	Lx	36	56780267	primary
PR00838	Lx	37	56780267	primary
PR00838	Lx	38	54854774	primary
PR00838	Lx	39	48708725	primary
PR00838	Lx	40	48708725	primary
PR00838	Lx	41	46727785	primary
PR00838	Lx	42	44953050	primary
PR00838	Lx	43	44953050	primary
PR00838	Lx	44	40591593	primary
PR00838	Lx	45	38023972	primary
PR00838	Lx	46	37937657	primary
PR00838	Lx	47	37525384	primary
PR00838	Lx	48	37005169	primary
PR00838	Lx	49	36820699	primary
PR00838	Lx	50	36820699	primary
PR00838	Lx	51	35929446	primary
PR00838	Lx	52	35620800	primary
PR00838	Lx	53	35411304	primary
PR00838	Lx	54	33286727	primary
PR00838	Lx	55	33209008	primary
PR00838	Lx	56	31369342	primary
PR00838	Lx	57	31356195	primary
PR00838	Lx	58	31304667	primary
PR00838	Lx	59	29966228	primary
PR00838	Lx	60	29104317	primary
PR00838	Lx	61	28747940	primary
PR00838	Lx	62	28656976	primary
PR00838	Lx	63	26827232	primary
PR00838	Lx	64	25863170	primary
PR00838	Lx	65	25592805	primary
PR00838	Lx	66	22356201	primary
PR00838	Lx	67	22030344	primary
PR00838	Lx	68	21472005	primary
PR00838	Lx	69	21056304	primary
PR00838	Lx	70	20344964	primary
PR00838	Lx	71	19029542	primary
PR00838	Lx	72	18756705	primary
PR00838	Lx	73	17329142	primary
PR00838	Lx	74	16844254	primary
PR00838	Lx	75	16131187	primary
PR00838	Lx	76	15944391	primary
PR00838	Lx	77	14638442	primary
PR00838	Lx	78	13334528	primary
PR00838	Lx	79	13001309	primary
PR00838	Lx	80	12077823	primary
PR00838	Lx	81	11144230	primary
PR00838	Lx	82	10599134	primary
PR00838	Lx	83	9709384	primary
PR00838	Lx	84	8655703	primary
PR00838	Lx	85	7962457	primary
PR00838	Lx	86	7710857	primary
PR00838	Lx	87	7059387	primary
PR00838	Lx	88	6276756	primary
PR00838	Lx	89	5574008	primary
PR00838	Lx	90	4976174	primary
PR00838	Lx	91	4599227	primary
PR00838	Lx	92	4318725	primary
PR00838	Lx	93	3956637	primary
PR00838	Lx	94	3510984	primary
PR00838	Lx	95	2817533	primary
PR00838	Lx	96	2366611	primary
PR00838	Lx	97	1910895	primary
PR00838	Lx	98	1327224	primary
PR00838	Lx	99	862387	primary
PR00838	Lx	100	12571	primary
PR00838	NGx	1	111198175	primary
PR00838	NGx	2	111198175	primary
PR00838	NGx	3	111198175	primary
PR00838	NGx	4	100377344	primary
PR00838	NGx	5	100377344	primary
PR00838	NGx	6	100377344	primary
PR00838	NGx	7	100377344	primary
PR00838	NGx	8	96751188	primary
PR00838	NGx	9	96751188	primary
PR00838	NGx	10	96751188	primary
PR00838	NGx	11	95217899	primary
PR00838	NGx	12	95217899	primary
PR00838	NGx	13	95217899	primary
PR00838	NGx	14	91353663	primary
PR00838	NGx	15	91353663	primary
PR00838	NGx	16	91353663	primary
PR00838	NGx	17	77045387	primary
PR00838	NGx	18	77045387	primary
PR00838	NGx	19	76100780	primary
PR00838	NGx	20	76100780	primary
PR00838	NGx	21	76100780	primary
PR00838	NGx	22	75175236	primary
PR00838	NGx	23	75175236	primary
PR00838	NGx	24	71905242	primary
PR00838	NGx	25	71905242	primary
PR00838	NGx	26	71905242	primary
PR00838	NGx	27	63745803	primary
PR00838	NGx	28	63745803	primary
PR00838	NGx	29	63701981	primary
PR00838	NGx	30	63701981	primary
PR00838	NGx	31	62510077	primary
PR00838	NGx	32	62510077	primary
PR00838	NGx	33	60504207	primary
PR00838	NGx	34	60504207	primary
PR00838	NGx	35	60049436	primary
PR00838	NGx	36	60049436	primary
PR00838	NGx	37	58599893	primary
PR00838	NGx	38	58599893	primary
PR00838	NGx	39	56780267	primary
PR00838	NGx	40	56780267	primary
PR00838	NGx	41	54854774	primary
PR00838	NGx	42	54854774	primary
PR00838	NGx	43	48708725	primary
PR00838	NGx	44	46727785	primary
PR00838	NGx	45	46727785	primary
PR00838	NGx	46	44953050	primary
PR00838	NGx	47	40591593	primary
PR00838	NGx	48	40591593	primary
PR00838	NGx	49	38023972	primary
PR00838	NGx	50	37937657	primary
PR00838	NGx	51	37525384	primary
PR00838	NGx	52	37525384	primary
PR00838	NGx	53	37005169	primary
PR00838	NGx	54	36820699	primary
PR00838	NGx	55	35929446	primary
PR00838	NGx	56	35620800	primary
PR00838	NGx	57	35411304	primary
PR00838	NGx	58	35411304	primary
PR00838	NGx	59	33286727	primary
PR00838	NGx	60	33209008	primary
PR00838	NGx	61	31369342	primary
PR00838	NGx	62	31356195	primary
PR00838	NGx	63	31304667	primary
PR00838	NGx	64	29966228	primary
PR00838	NGx	65	29340426	primary
PR00838	NGx	66	29104317	primary
PR00838	NGx	67	28747940	primary
PR00838	NGx	68	28656976	primary
PR00838	NGx	69	26827232	primary
PR00838	NGx	70	25592805	primary
PR00838	NGx	71	23287627	primary
PR00838	NGx	72	22356201	primary
PR00838	NGx	73	21765297	primary
PR00838	NGx	74	21472005	primary
PR00838	NGx	75	21056304	primary
PR00838	NGx	76	20344964	primary
PR00838	NGx	77	20238525	primary
PR00838	NGx	78	18756705	primary
PR00838	NGx	79	17329142	primary
PR00838	NGx	80	17035611	primary
PR00838	NGx	81	16152471	primary
PR00838	NGx	82	16108089	primary
PR00838	NGx	83	15941481	primary
PR00838	NGx	84	14247304	primary
PR00838	NGx	85	13334528	primary
PR00838	NGx	86	13001309	primary
PR00838	NGx	87	12077823	primary
PR00838	NGx	88	11212274	primary
PR00838	NGx	89	10744552	primary
PR00838	NGx	90	9731889	primary
PR00838	NGx	91	9494901	primary
PR00838	NGx	92	8256209	primary
PR00838	NGx	93	7859848	primary
PR00838	NGx	94	7575103	primary
PR00838	NGx	95	7053737	primary
PR00838	NGx	96	6244315	primary
PR00838	NGx	97	5416701	primary
PR00838	NGx	98	4976174	primary
PR00838	NGx	99	4599227	primary
PR00838	NGx	100	4367828	primary
PR00838	LGx	1	1	primary
PR00838	LGx	2	1	primary
PR00838	LGx	3	1	primary
PR00838	LGx	4	2	primary
PR00838	LGx	5	2	primary
PR00838	LGx	6	2	primary
PR00838	LGx	7	2	primary
PR00838	LGx	8	3	primary
PR00838	LGx	9	3	primary
PR00838	LGx	10	3	primary
PR00838	LGx	11	4	primary
PR00838	LGx	12	4	primary
PR00838	LGx	13	4	primary
PR00838	LGx	14	5	primary
PR00838	LGx	15	5	primary
PR00838	LGx	16	5	primary
PR00838	LGx	17	6	primary
PR00838	LGx	18	6	primary
PR00838	LGx	19	7	primary
PR00838	LGx	20	7	primary
PR00838	LGx	21	7	primary
PR00838	LGx	22	8	primary
PR00838	LGx	23	8	primary
PR00838	LGx	24	9	primary
PR00838	LGx	25	9	primary
PR00838	LGx	26	9	primary
PR00838	LGx	27	10	primary
PR00838	LGx	28	10	primary
PR00838	LGx	29	11	primary
PR00838	LGx	30	11	primary
PR00838	LGx	31	12	primary
PR00838	LGx	32	12	primary
PR00838	LGx	33	13	primary
PR00838	LGx	34	13	primary
PR00838	LGx	35	14	primary
PR00838	LGx	36	14	primary
PR00838	LGx	37	15	primary
PR00838	LGx	38	15	primary
PR00838	LGx	39	16	primary
PR00838	LGx	40	16	primary
PR00838	LGx	41	17	primary
PR00838	LGx	42	17	primary
PR00838	LGx	43	18	primary
PR00838	LGx	44	19	primary
PR00838	LGx	45	19	primary
PR00838	LGx	46	20	primary
PR00838	LGx	47	21	primary
PR00838	LGx	48	21	primary
PR00838	LGx	49	22	primary
PR00838	LGx	50	23	primary
PR00838	LGx	51	24	primary
PR00838	LGx	52	24	primary
PR00838	LGx	53	25	primary
PR00838	LGx	54	26	primary
PR00838	LGx	55	27	primary
PR00838	LGx	56	28	primary
PR00838	LGx	57	29	primary
PR00838	LGx	58	29	primary
PR00838	LGx	59	30	primary
PR00838	LGx	60	31	primary
PR00838	LGx	61	32	primary
PR00838	LGx	62	33	primary
PR00838	LGx	63	34	primary
PR00838	LGx	64	35	primary
PR00838	LGx	65	36	primary
PR00838	LGx	66	37	primary
PR00838	LGx	67	38	primary
PR00838	LGx	68	39	primary
PR00838	LGx	69	40	primary
PR00838	LGx	70	42	primary
PR00838	LGx	71	43	primary
PR00838	LGx	72	44	primary
PR00838	LGx	73	46	primary
PR00838	LGx	74	47	primary
PR00838	LGx	75	48	primary
PR00838	LGx	76	50	primary
PR00838	LGx	77	51	primary
PR00838	LGx	78	53	primary
PR00838	LGx	79	55	primary
PR00838	LGx	80	56	primary
PR00838	LGx	81	58	primary
PR00838	LGx	82	60	primary
PR00838	LGx	83	62	primary
PR00838	LGx	84	64	primary
PR00838	LGx	85	66	primary
PR00838	LGx	86	68	primary
PR00838	LGx	87	71	primary
PR00838	LGx	88	73	primary
PR00838	LGx	89	76	primary
PR00838	LGx	90	79	primary
PR00838	LGx	91	82	primary
PR00838	LGx	92	86	primary
PR00838	LGx	93	89	primary
PR00838	LGx	94	93	primary
PR00838	LGx	95	97	primary
PR00838	LGx	96	102	primary
PR00838	LGx	97	107	primary
PR00838	LGx	98	113	primary
PR00838	LGx	99	119	primary
PR00838	LGx	100	126	primary
PR01100	auN	3183312785	579.63904	hap1
PR01100	auNG	3018593705	611.2689	hap1
PR01100	Nx	1	77157462	hap1
PR01100	Nx	2	77157462	hap1
PR01100	Nx	3	75079048	hap1
PR01100	Nx	4	75079048	hap1
PR01100	Nx	5	68016681	hap1
PR01100	Nx	6	68016681	hap1
PR01100	Nx	7	63998668	hap1
PR01100	Nx	8	63998668	hap1
PR01100	Nx	9	62211906	hap1
PR01100	Nx	10	62211906	hap1
PR01100	Nx	11	60092464	hap1
PR01100	Nx	12	60092464	hap1
PR01100	Nx	13	57916603	hap1
PR01100	Nx	14	57916603	hap1
PR01100	Nx	15	57779390	hap1
PR01100	Nx	16	57779390	hap1
PR01100	Nx	17	55287815	hap1
PR01100	Nx	18	55287815	hap1
PR01100	Nx	19	52822209	hap1
PR01100	Nx	20	46714746	hap1
PR01100	Nx	21	46714746	hap1
PR01100	Nx	22	46571393	hap1
PR01100	Nx	23	46400205	hap1
PR01100	Nx	24	46400205	hap1
PR01100	Nx	25	43745371	hap1
PR01100	Nx	26	43166103	hap1
PR01100	Nx	27	41903174	hap1
PR01100	Nx	28	41903174	hap1
PR01100	Nx	29	41697479	hap1
PR01100	Nx	30	41345898	hap1
PR01100	Nx	31	40967525	hap1
PR01100	Nx	32	40967525	hap1
PR01100	Nx	33	36850616	hap1
PR01100	Nx	34	36765869	hap1
PR01100	Nx	35	36393070	hap1
PR01100	Nx	36	32585581	hap1
PR01100	Nx	37	31348184	hap1
PR01100	Nx	38	30019169	hap1
PR01100	Nx	39	28476944	hap1
PR01100	Nx	40	28388305	hap1
PR01100	Nx	41	28322193	hap1
PR01100	Nx	42	28288567	hap1
PR01100	Nx	43	26977547	hap1
PR01100	Nx	44	26960808	hap1
PR01100	Nx	45	26715701	hap1
PR01100	Nx	46	26432295	hap1
PR01100	Nx	47	26421689	hap1
PR01100	Nx	48	24096073	hap1
PR01100	Nx	49	24071694	hap1
PR01100	Nx	50	23784717	hap1
PR01100	Nx	51	22817245	hap1
PR01100	Nx	52	21586463	hap1
PR01100	Nx	53	20837502	hap1
PR01100	Nx	54	20732377	hap1
PR01100	Nx	55	20362928	hap1
PR01100	Nx	56	19340908	hap1
PR01100	Nx	57	18275850	hap1
PR01100	Nx	58	17694562	hap1
PR01100	Nx	59	17321229	hap1
PR01100	Nx	60	16600011	hap1
PR01100	Nx	61	16392583	hap1
PR01100	Nx	62	15945822	hap1
PR01100	Nx	63	15777504	hap1
PR01100	Nx	64	13576240	hap1
PR01100	Nx	65	13395853	hap1
PR01100	Nx	66	13040151	hap1
PR01100	Nx	67	12366331	hap1
PR01100	Nx	68	12205170	hap1
PR01100	Nx	69	11953029	hap1
PR01100	Nx	70	11158635	hap1
PR01100	Nx	71	10766695	hap1
PR01100	Nx	72	9927125	hap1
PR01100	Nx	73	9723426	hap1
PR01100	Nx	74	9264203	hap1
PR01100	Nx	75	8772703	hap1
PR01100	Nx	76	8550321	hap1
PR01100	Nx	77	7860480	hap1
PR01100	Nx	78	7596248	hap1
PR01100	Nx	79	7274675	hap1
PR01100	Nx	80	7062978	hap1
PR01100	Nx	81	6329597	hap1
PR01100	Nx	82	5726339	hap1
PR01100	Nx	83	5264340	hap1
PR01100	Nx	84	4976380	hap1
PR01100	Nx	85	4653612	hap1
PR01100	Nx	86	4212076	hap1
PR01100	Nx	87	3828522	hap1
PR01100	Nx	88	3617684	hap1
PR01100	Nx	89	3466825	hap1
PR01100	Nx	90	3138706	hap1
PR01100	Nx	91	2899625	hap1
PR01100	Nx	92	2512813	hap1
PR01100	Nx	93	2092078	hap1
PR01100	Nx	94	1837201	hap1
PR01100	Nx	95	1554950	hap1
PR01100	Nx	96	1214259	hap1
PR01100	Nx	97	920206	hap1
PR01100	Nx	98	579958	hap1
PR01100	Nx	99	206055	hap1
PR01100	Nx	100	11134	hap1
PR01100	Lx	1	77157462	hap1
PR01100	Lx	2	77157462	hap1
PR01100	Lx	3	75079048	hap1
PR01100	Lx	4	75079048	hap1
PR01100	Lx	5	68016681	hap1
PR01100	Lx	6	68016681	hap1
PR01100	Lx	7	63998668	hap1
PR01100	Lx	8	63998668	hap1
PR01100	Lx	9	62211906	hap1
PR01100	Lx	10	62211906	hap1
PR01100	Lx	11	60092464	hap1
PR01100	Lx	12	60092464	hap1
PR01100	Lx	13	57916603	hap1
PR01100	Lx	14	57916603	hap1
PR01100	Lx	15	57779390	hap1
PR01100	Lx	16	57779390	hap1
PR01100	Lx	17	55287815	hap1
PR01100	Lx	18	55287815	hap1
PR01100	Lx	19	52822209	hap1
PR01100	Lx	20	46714746	hap1
PR01100	Lx	21	46714746	hap1
PR01100	Lx	22	46571393	hap1
PR01100	Lx	23	46400205	hap1
PR01100	Lx	24	46400205	hap1
PR01100	Lx	25	43745371	hap1
PR01100	Lx	26	43166103	hap1
PR01100	Lx	27	41903174	hap1
PR01100	Lx	28	41903174	hap1
PR01100	Lx	29	41697479	hap1
PR01100	Lx	30	41345898	hap1
PR01100	Lx	31	40967525	hap1
PR01100	Lx	32	40967525	hap1
PR01100	Lx	33	36850616	hap1
PR01100	Lx	34	36765869	hap1
PR01100	Lx	35	36393070	hap1
PR01100	Lx	36	32585581	hap1
PR01100	Lx	37	31348184	hap1
PR01100	Lx	38	30019169	hap1
PR01100	Lx	39	28476944	hap1
PR01100	Lx	40	28388305	hap1
PR01100	Lx	41	28322193	hap1
PR01100	Lx	42	28288567	hap1
PR01100	Lx	43	26977547	hap1
PR01100	Lx	44	26960808	hap1
PR01100	Lx	45	26715701	hap1
PR01100	Lx	46	26432295	hap1
PR01100	Lx	47	26421689	hap1
PR01100	Lx	48	24096073	hap1
PR01100	Lx	49	24071694	hap1
PR01100	Lx	50	23784717	hap1
PR01100	Lx	51	22817245	hap1
PR01100	Lx	52	21586463	hap1
PR01100	Lx	53	20837502	hap1
PR01100	Lx	54	20732377	hap1
PR01100	Lx	55	20362928	hap1
PR01100	Lx	56	19340908	hap1
PR01100	Lx	57	18275850	hap1
PR01100	Lx	58	17694562	hap1
PR01100	Lx	59	17321229	hap1
PR01100	Lx	60	16600011	hap1
PR01100	Lx	61	16392583	hap1
PR01100	Lx	62	15945822	hap1
PR01100	Lx	63	15777504	hap1
PR01100	Lx	64	13576240	hap1
PR01100	Lx	65	13395853	hap1
PR01100	Lx	66	13040151	hap1
PR01100	Lx	67	12366331	hap1
PR01100	Lx	68	12205170	hap1
PR01100	Lx	69	11953029	hap1
PR01100	Lx	70	11158635	hap1
PR01100	Lx	71	10766695	hap1
PR01100	Lx	72	9927125	hap1
PR01100	Lx	73	9723426	hap1
PR01100	Lx	74	9264203	hap1
PR01100	Lx	75	8772703	hap1
PR01100	Lx	76	8550321	hap1
PR01100	Lx	77	7860480	hap1
PR01100	Lx	78	7596248	hap1
PR01100	Lx	79	7274675	hap1
PR01100	Lx	80	7062978	hap1
PR01100	Lx	81	6329597	hap1
PR01100	Lx	82	5726339	hap1
PR01100	Lx	83	5264340	hap1
PR01100	Lx	84	4976380	hap1
PR01100	Lx	85	4653612	hap1
PR01100	Lx	86	4212076	hap1
PR01100	Lx	87	3828522	hap1
PR01100	Lx	88	3617684	hap1
PR01100	Lx	89	3466825	hap1
PR01100	Lx	90	3138706	hap1
PR01100	Lx	91	2899625	hap1
PR01100	Lx	92	2512813	hap1
PR01100	Lx	93	2092078	hap1
PR01100	Lx	94	1837201	hap1
PR01100	Lx	95	1554950	hap1
PR01100	Lx	96	1214259	hap1
PR01100	Lx	97	920206	hap1
PR01100	Lx	98	579958	hap1
PR01100	Lx	99	206055	hap1
PR01100	Lx	100	11134	hap1
PR01100	NGx	1	77157462	hap1
PR01100	NGx	2	77157462	hap1
PR01100	NGx	3	75079048	hap1
PR01100	NGx	4	75079048	hap1
PR01100	NGx	5	75079048	hap1
PR01100	NGx	6	68016681	hap1
PR01100	NGx	7	68016681	hap1
PR01100	NGx	8	63998668	hap1
PR01100	NGx	9	63998668	hap1
PR01100	NGx	10	62211906	hap1
PR01100	NGx	11	62211906	hap1
PR01100	NGx	12	60092464	hap1
PR01100	NGx	13	60092464	hap1
PR01100	NGx	14	57916603	hap1
PR01100	NGx	15	57916603	hap1
PR01100	NGx	16	57779390	hap1
PR01100	NGx	17	57779390	hap1
PR01100	NGx	18	55287815	hap1
PR01100	NGx	19	55287815	hap1
PR01100	NGx	20	52822209	hap1
PR01100	NGx	21	46714746	hap1
PR01100	NGx	22	46714746	hap1
PR01100	NGx	23	46571393	hap1
PR01100	NGx	24	46400205	hap1
PR01100	NGx	25	46400205	hap1
PR01100	NGx	26	43745371	hap1
PR01100	NGx	27	43166103	hap1
PR01100	NGx	28	43166103	hap1
PR01100	NGx	29	41903174	hap1
PR01100	NGx	30	41697479	hap1
PR01100	NGx	31	41697479	hap1
PR01100	NGx	32	41345898	hap1
PR01100	NGx	33	40967525	hap1
PR01100	NGx	34	36850616	hap1
PR01100	NGx	35	36850616	hap1
PR01100	NGx	36	36765869	hap1
PR01100	NGx	37	36393070	hap1
PR01100	NGx	38	32585581	hap1
PR01100	NGx	39	31348184	hap1
PR01100	NGx	40	30019169	hap1
PR01100	NGx	41	28476944	hap1
PR01100	NGx	42	28388305	hap1
PR01100	NGx	43	28322193	hap1
PR01100	NGx	44	28288567	hap1
PR01100	NGx	45	27165517	hap1
PR01100	NGx	46	26977547	hap1
PR01100	NGx	47	26960808	hap1
PR01100	NGx	48	26432295	hap1
PR01100	NGx	49	26421689	hap1
PR01100	NGx	50	24465439	hap1
PR01100	NGx	51	24096073	hap1
PR01100	NGx	52	24071694	hap1
PR01100	NGx	53	23327043	hap1
PR01100	NGx	54	22817245	hap1
PR01100	NGx	55	21586463	hap1
PR01100	NGx	56	20837502	hap1
PR01100	NGx	57	20732377	hap1
PR01100	NGx	58	20362928	hap1
PR01100	NGx	59	19340908	hap1
PR01100	NGx	60	18275850	hap1
PR01100	NGx	61	17976802	hap1
PR01100	NGx	62	17321229	hap1
PR01100	NGx	63	16600011	hap1
PR01100	NGx	64	16392583	hap1
PR01100	NGx	65	15945822	hap1
PR01100	NGx	66	15777504	hap1
PR01100	NGx	67	13800586	hap1
PR01100	NGx	68	13456987	hap1
PR01100	NGx	69	13150010	hap1
PR01100	NGx	70	12936981	hap1
PR01100	NGx	71	12215833	hap1
PR01100	NGx	72	12196879	hap1
PR01100	NGx	73	11341513	hap1
PR01100	NGx	74	11158635	hap1
PR01100	NGx	75	10766695	hap1
PR01100	NGx	76	9927125	hap1
PR01100	NGx	77	9723426	hap1
PR01100	NGx	78	9264203	hap1
PR01100	NGx	79	8772703	hap1
PR01100	NGx	80	8741368	hap1
PR01100	NGx	81	8030385	hap1
PR01100	NGx	82	7716214	hap1
PR01100	NGx	83	7462392	hap1
PR01100	NGx	84	7195626	hap1
PR01100	NGx	85	6827070	hap1
PR01100	NGx	86	6237249	hap1
PR01100	NGx	87	5450476	hap1
PR01100	NGx	88	5092848	hap1
PR01100	NGx	89	4808479	hap1
PR01100	NGx	90	4500751	hap1
PR01100	NGx	91	4112336	hap1
PR01100	NGx	92	3756415	hap1
PR01100	NGx	93	3605655	hap1
PR01100	NGx	94	3435775	hap1
PR01100	NGx	95	3124418	hap1
PR01100	NGx	96	2899625	hap1
PR01100	NGx	97	2512813	hap1
PR01100	NGx	98	2136460	hap1
PR01100	NGx	99	1859449	hap1
PR01100	NGx	100	1613753	hap1
PR01100	LGx	1	1	hap1
PR01100	LGx	2	1	hap1
PR01100	LGx	3	2	hap1
PR01100	LGx	4	2	hap1
PR01100	LGx	5	2	hap1
PR01100	LGx	6	3	hap1
PR01100	LGx	7	3	hap1
PR01100	LGx	8	4	hap1
PR01100	LGx	9	4	hap1
PR01100	LGx	10	5	hap1
PR01100	LGx	11	5	hap1
PR01100	LGx	12	6	hap1
PR01100	LGx	13	6	hap1
PR01100	LGx	14	7	hap1
PR01100	LGx	15	7	hap1
PR01100	LGx	16	8	hap1
PR01100	LGx	17	8	hap1
PR01100	LGx	18	9	hap1
PR01100	LGx	19	9	hap1
PR01100	LGx	20	10	hap1
PR01100	LGx	21	11	hap1
PR01100	LGx	22	11	hap1
PR01100	LGx	23	12	hap1
PR01100	LGx	24	13	hap1
PR01100	LGx	25	13	hap1
PR01100	LGx	26	14	hap1
PR01100	LGx	27	15	hap1
PR01100	LGx	28	15	hap1
PR01100	LGx	29	16	hap1
PR01100	LGx	30	17	hap1
PR01100	LGx	31	17	hap1
PR01100	LGx	32	18	hap1
PR01100	LGx	33	19	hap1
PR01100	LGx	34	20	hap1
PR01100	LGx	35	20	hap1
PR01100	LGx	36	21	hap1
PR01100	LGx	37	22	hap1
PR01100	LGx	38	23	hap1
PR01100	LGx	39	24	hap1
PR01100	LGx	40	25	hap1
PR01100	LGx	41	26	hap1
PR01100	LGx	42	27	hap1
PR01100	LGx	43	28	hap1
PR01100	LGx	44	29	hap1
PR01100	LGx	45	30	hap1
PR01100	LGx	46	31	hap1
PR01100	LGx	47	32	hap1
PR01100	LGx	48	34	hap1
PR01100	LGx	49	35	hap1
PR01100	LGx	50	36	hap1
PR01100	LGx	51	37	hap1
PR01100	LGx	52	38	hap1
PR01100	LGx	53	40	hap1
PR01100	LGx	54	41	hap1
PR01100	LGx	55	42	hap1
PR01100	LGx	56	44	hap1
PR01100	LGx	57	45	hap1
PR01100	LGx	58	47	hap1
PR01100	LGx	59	48	hap1
PR01100	LGx	60	50	hap1
PR01100	LGx	61	51	hap1
PR01100	LGx	62	53	hap1
PR01100	LGx	63	55	hap1
PR01100	LGx	64	57	hap1
PR01100	LGx	65	59	hap1
PR01100	LGx	66	61	hap1
PR01100	LGx	67	63	hap1
PR01100	LGx	68	65	hap1
PR01100	LGx	69	67	hap1
PR01100	LGx	70	69	hap1
PR01100	LGx	71	72	hap1
PR01100	LGx	72	74	hap1
PR01100	LGx	73	77	hap1
PR01100	LGx	74	79	hap1
PR01100	LGx	75	82	hap1
PR01100	LGx	76	85	hap1
PR01100	LGx	77	88	hap1
PR01100	LGx	78	91	hap1
PR01100	LGx	79	95	hap1
PR01100	LGx	80	98	hap1
PR01100	LGx	81	102	hap1
PR01100	LGx	82	106	hap1
PR01100	LGx	83	110	hap1
PR01100	LGx	84	114	hap1
PR01100	LGx	85	118	hap1
PR01100	LGx	86	123	hap1
PR01100	LGx	87	128	hap1
PR01100	LGx	88	134	hap1
PR01100	LGx	89	140	hap1
PR01100	LGx	90	146	hap1
PR01100	LGx	91	153	hap1
PR01100	LGx	92	161	hap1
PR01100	LGx	93	169	hap1
PR01100	LGx	94	178	hap1
PR01100	LGx	95	187	hap1
PR01100	LGx	96	197	hap1
PR01100	LGx	97	208	hap1
PR01100	LGx	98	221	hap1
PR01100	LGx	99	236	hap1
PR01100	LGx	100	254	hap1
PR01100	auN	3096525600	498.58408	hap2
PR01100	auNG	3018593705	511.45615	hap2
PR01100	Nx	1	132264834	hap2
PR01100	Nx	2	132264834	hap2
PR01100	Nx	3	132264834	hap2
PR01100	Nx	4	132264834	hap2
PR01100	Nx	5	112212313	hap2
PR01100	Nx	6	112212313	hap2
PR01100	Nx	7	112212313	hap2
PR01100	Nx	8	105882197	hap2
PR01100	Nx	9	105882197	hap2
PR01100	Nx	10	105882197	hap2
PR01100	Nx	11	105882197	hap2
PR01100	Nx	12	95663544	hap2
PR01100	Nx	13	95663544	hap2
PR01100	Nx	14	95663544	hap2
PR01100	Nx	15	94501609	hap2
PR01100	Nx	16	94501609	hap2
PR01100	Nx	17	94501609	hap2
PR01100	Nx	18	94027277	hap2
PR01100	Nx	19	94027277	hap2
PR01100	Nx	20	94027277	hap2
PR01100	Nx	21	66119861	hap2
PR01100	Nx	22	66119861	hap2
PR01100	Nx	23	61781792	hap2
PR01100	Nx	24	61781792	hap2
PR01100	Nx	25	57271508	hap2
PR01100	Nx	26	57271508	hap2
PR01100	Nx	27	56386311	hap2
PR01100	Nx	28	56386311	hap2
PR01100	Nx	29	47268917	hap2
PR01100	Nx	30	47009507	hap2
PR01100	Nx	31	47009507	hap2
PR01100	Nx	32	40357294	hap2
PR01100	Nx	33	38785511	hap2
PR01100	Nx	34	34704108	hap2
PR01100	Nx	35	34704108	hap2
PR01100	Nx	36	33664806	hap2
PR01100	Nx	37	33663792	hap2
PR01100	Nx	38	29122708	hap2
PR01100	Nx	39	29028177	hap2
PR01100	Nx	40	28982254	hap2
PR01100	Nx	41	26110981	hap2
PR01100	Nx	42	26016429	hap2
PR01100	Nx	43	24460730	hap2
PR01100	Nx	44	24389394	hap2
PR01100	Nx	45	24184435	hap2
PR01100	Nx	46	23327107	hap2
PR01100	Nx	47	22138033	hap2
PR01100	Nx	48	21242790	hap2
PR01100	Nx	49	21127414	hap2
PR01100	Nx	50	20848707	hap2
PR01100	Nx	51	20434906	hap2
PR01100	Nx	52	20099395	hap2
PR01100	Nx	53	20032771	hap2
PR01100	Nx	54	19618276	hap2
PR01100	Nx	55	18809366	hap2
PR01100	Nx	56	18012638	hap2
PR01100	Nx	57	17206753	hap2
PR01100	Nx	58	16858531	hap2
PR01100	Nx	59	16107829	hap2
PR01100	Nx	60	15981789	hap2
PR01100	Nx	61	15313673	hap2
PR01100	Nx	62	14417706	hap2
PR01100	Nx	63	13079758	hap2
PR01100	Nx	64	13017636	hap2
PR01100	Nx	65	12420310	hap2
PR01100	Nx	66	12363159	hap2
PR01100	Nx	67	11914166	hap2
PR01100	Nx	68	10572904	hap2
PR01100	Nx	69	9723425	hap2
PR01100	Nx	70	9591301	hap2
PR01100	Nx	71	9058345	hap2
PR01100	Nx	72	8530882	hap2
PR01100	Nx	73	8314376	hap2
PR01100	Nx	74	8030385	hap2
PR01100	Nx	75	7860479	hap2
PR01100	Nx	76	7616329	hap2
PR01100	Nx	77	7037460	hap2
PR01100	Nx	78	6399001	hap2
PR01100	Nx	79	6285147	hap2
PR01100	Nx	80	5843897	hap2
PR01100	Nx	81	5355693	hap2
PR01100	Nx	82	5083982	hap2
PR01100	Nx	83	4951750	hap2
PR01100	Nx	84	4677444	hap2
PR01100	Nx	85	4423023	hap2
PR01100	Nx	86	4161492	hap2
PR01100	Nx	87	4022104	hap2
PR01100	Nx	88	3667496	hap2
PR01100	Nx	89	3436799	hap2
PR01100	Nx	90	3020455	hap2
PR01100	Nx	91	2669827	hap2
PR01100	Nx	92	2258323	hap2
PR01100	Nx	93	1965090	hap2
PR01100	Nx	94	1714499	hap2
PR01100	Nx	95	1460020	hap2
PR01100	Nx	96	1174536	hap2
PR01100	Nx	97	889709	hap2
PR01100	Nx	98	689894	hap2
PR01100	Nx	99	326262	hap2
PR01100	Nx	100	10263	hap2
PR01100	Lx	1	132264834	hap2
PR01100	Lx	2	132264834	hap2
PR01100	Lx	3	132264834	hap2
PR01100	Lx	4	132264834	hap2
PR01100	Lx	5	112212313	hap2
PR01100	Lx	6	112212313	hap2
PR01100	Lx	7	112212313	hap2
PR01100	Lx	8	105882197	hap2
PR01100	Lx	9	105882197	hap2
PR01100	Lx	10	105882197	hap2
PR01100	Lx	11	105882197	hap2
PR01100	Lx	12	95663544	hap2
PR01100	Lx	13	95663544	hap2
PR01100	Lx	14	95663544	hap2
PR01100	Lx	15	94501609	hap2
PR01100	Lx	16	94501609	hap2
PR01100	Lx	17	94501609	hap2
PR01100	Lx	18	94027277	hap2
PR01100	Lx	19	94027277	hap2
PR01100	Lx	20	94027277	hap2
PR01100	Lx	21	66119861	hap2
PR01100	Lx	22	66119861	hap2
PR01100	Lx	23	61781792	hap2
PR01100	Lx	24	61781792	hap2
PR01100	Lx	25	57271508	hap2
PR01100	Lx	26	57271508	hap2
PR01100	Lx	27	56386311	hap2
PR01100	Lx	28	56386311	hap2
PR01100	Lx	29	47268917	hap2
PR01100	Lx	30	47009507	hap2
PR01100	Lx	31	47009507	hap2
PR01100	Lx	32	40357294	hap2
PR01100	Lx	33	38785511	hap2
PR01100	Lx	34	34704108	hap2
PR01100	Lx	35	34704108	hap2
PR01100	Lx	36	33664806	hap2
PR01100	Lx	37	33663792	hap2
PR01100	Lx	38	29122708	hap2
PR01100	Lx	39	29028177	hap2
PR01100	Lx	40	28982254	hap2
PR01100	Lx	41	26110981	hap2
PR01100	Lx	42	26016429	hap2
PR01100	Lx	43	24460730	hap2
PR01100	Lx	44	24389394	hap2
PR01100	Lx	45	24184435	hap2
PR01100	Lx	46	23327107	hap2
PR01100	Lx	47	22138033	hap2
PR01100	Lx	48	21242790	hap2
PR01100	Lx	49	21127414	hap2
PR01100	Lx	50	20848707	hap2
PR01100	Lx	51	20434906	hap2
PR01100	Lx	52	20099395	hap2
PR01100	Lx	53	20032771	hap2
PR01100	Lx	54	19618276	hap2
PR01100	Lx	55	18809366	hap2
PR01100	Lx	56	18012638	hap2
PR01100	Lx	57	17206753	hap2
PR01100	Lx	58	16858531	hap2
PR01100	Lx	59	16107829	hap2
PR01100	Lx	60	15981789	hap2
PR01100	Lx	61	15313673	hap2
PR01100	Lx	62	14417706	hap2
PR01100	Lx	63	13079758	hap2
PR01100	Lx	64	13017636	hap2
PR01100	Lx	65	12420310	hap2
PR01100	Lx	66	12363159	hap2
PR01100	Lx	67	11914166	hap2
PR01100	Lx	68	10572904	hap2
PR01100	Lx	69	9723425	hap2
PR01100	Lx	70	9591301	hap2
PR01100	Lx	71	9058345	hap2
PR01100	Lx	72	8530882	hap2
PR01100	Lx	73	8314376	hap2
PR01100	Lx	74	8030385	hap2
PR01100	Lx	75	7860479	hap2
PR01100	Lx	76	7616329	hap2
PR01100	Lx	77	7037460	hap2
PR01100	Lx	78	6399001	hap2
PR01100	Lx	79	6285147	hap2
PR01100	Lx	80	5843897	hap2
PR01100	Lx	81	5355693	hap2
PR01100	Lx	82	5083982	hap2
PR01100	Lx	83	4951750	hap2
PR01100	Lx	84	4677444	hap2
PR01100	Lx	85	4423023	hap2
PR01100	Lx	86	4161492	hap2
PR01100	Lx	87	4022104	hap2
PR01100	Lx	88	3667496	hap2
PR01100	Lx	89	3436799	hap2
PR01100	Lx	90	3020455	hap2
PR01100	Lx	91	2669827	hap2
PR01100	Lx	92	2258323	hap2
PR01100	Lx	93	1965090	hap2
PR01100	Lx	94	1714499	hap2
PR01100	Lx	95	1460020	hap2
PR01100	Lx	96	1174536	hap2
PR01100	Lx	97	889709	hap2
PR01100	Lx	98	689894	hap2
PR01100	Lx	99	326262	hap2
PR01100	Lx	100	10263	hap2
PR01100	NGx	1	132264834	hap2
PR01100	NGx	2	132264834	hap2
PR01100	NGx	3	132264834	hap2
PR01100	NGx	4	132264834	hap2
PR01100	NGx	5	112212313	hap2
PR01100	NGx	6	112212313	hap2
PR01100	NGx	7	112212313	hap2
PR01100	NGx	8	112212313	hap2
PR01100	NGx	9	105882197	hap2
PR01100	NGx	10	105882197	hap2
PR01100	NGx	11	105882197	hap2
PR01100	NGx	12	95663544	hap2
PR01100	NGx	13	95663544	hap2
PR01100	NGx	14	95663544	hap2
PR01100	NGx	15	94501609	hap2
PR01100	NGx	16	94501609	hap2
PR01100	NGx	17	94501609	hap2
PR01100	NGx	18	94027277	hap2
PR01100	NGx	19	94027277	hap2
PR01100	NGx	20	94027277	hap2
PR01100	NGx	21	94027277	hap2
PR01100	NGx	22	66119861	hap2
PR01100	NGx	23	66119861	hap2
PR01100	NGx	24	61781792	hap2
PR01100	NGx	25	61781792	hap2
PR01100	NGx	26	57271508	hap2
PR01100	NGx	27	57271508	hap2
PR01100	NGx	28	56386311	hap2
PR01100	NGx	29	56386311	hap2
PR01100	NGx	30	47268917	hap2
PR01100	NGx	31	47009507	hap2
PR01100	NGx	32	47009507	hap2
PR01100	NGx	33	40357294	hap2
PR01100	NGx	34	38785511	hap2
PR01100	NGx	35	34704108	hap2
PR01100	NGx	36	33664806	hap2
PR01100	NGx	37	33664806	hap2
PR01100	NGx	38	33663792	hap2
PR01100	NGx	39	29122708	hap2
PR01100	NGx	40	29028177	hap2
PR01100	NGx	41	28982254	hap2
PR01100	NGx	42	26110981	hap2
PR01100	NGx	43	26016429	hap2
PR01100	NGx	44	24460730	hap2
PR01100	NGx	45	24389394	hap2
PR01100	NGx	46	24300521	hap2
PR01100	NGx	47	23327107	hap2
PR01100	NGx	48	22138033	hap2
PR01100	NGx	49	21622985	hap2
PR01100	NGx	50	21127414	hap2
PR01100	NGx	51	20882238	hap2
PR01100	NGx	52	20434906	hap2
PR01100	NGx	53	20266620	hap2
PR01100	NGx	54	20032771	hap2
PR01100	NGx	55	20010315	hap2
PR01100	NGx	56	18809366	hap2
PR01100	NGx	57	18056615	hap2
PR01100	NGx	58	17521200	hap2
PR01100	NGx	59	17013132	hap2
PR01100	NGx	60	16538802	hap2
PR01100	NGx	61	16107829	hap2
PR01100	NGx	62	15646667	hap2
PR01100	NGx	63	14949644	hap2
PR01100	NGx	64	14417706	hap2
PR01100	NGx	65	13077833	hap2
PR01100	NGx	66	12771574	hap2
PR01100	NGx	67	12420310	hap2
PR01100	NGx	68	12016030	hap2
PR01100	NGx	69	11914166	hap2
PR01100	NGx	70	10111607	hap2
PR01100	NGx	71	9723425	hap2
PR01100	NGx	72	9591301	hap2
PR01100	NGx	73	9021190	hap2
PR01100	NGx	74	8530882	hap2
PR01100	NGx	75	8176518	hap2
PR01100	NGx	76	8030385	hap2
PR01100	NGx	77	7860479	hap2
PR01100	NGx	78	7616329	hap2
PR01100	NGx	79	7037460	hap2
PR01100	NGx	80	6399001	hap2
PR01100	NGx	81	6290760	hap2
PR01100	NGx	82	5876714	hap2
PR01100	NGx	83	5355693	hap2
PR01100	NGx	84	5083982	hap2
PR01100	NGx	85	4951750	hap2
PR01100	NGx	86	4741628	hap2
PR01100	NGx	87	4522721	hap2
PR01100	NGx	88	4211350	hap2
PR01100	NGx	89	4033486	hap2
PR01100	NGx	90	3743258	hap2
PR01100	NGx	91	3450379	hap2
PR01100	NGx	92	3124418	hap2
PR01100	NGx	93	2821901	hap2
PR01100	NGx	94	2343947	hap2
PR01100	NGx	95	2111767	hap2
PR01100	NGx	96	1793531	hap2
PR01100	NGx	97	1553537	hap2
PR01100	NGx	98	1309572	hap2
PR01100	NGx	99	1063720	hap2
PR01100	NGx	100	801238	hap2
PR01100	LGx	1	1	hap2
PR01100	LGx	2	1	hap2
PR01100	LGx	3	1	hap2
PR01100	LGx	4	1	hap2
PR01100	LGx	5	2	hap2
PR01100	LGx	6	2	hap2
PR01100	LGx	7	2	hap2
PR01100	LGx	8	2	hap2
PR01100	LGx	9	3	hap2
PR01100	LGx	10	3	hap2
PR01100	LGx	11	3	hap2
PR01100	LGx	12	4	hap2
PR01100	LGx	13	4	hap2
PR01100	LGx	14	4	hap2
PR01100	LGx	15	5	hap2
PR01100	LGx	16	5	hap2
PR01100	LGx	17	5	hap2
PR01100	LGx	18	6	hap2
PR01100	LGx	19	6	hap2
PR01100	LGx	20	6	hap2
PR01100	LGx	21	6	hap2
PR01100	LGx	22	7	hap2
PR01100	LGx	23	7	hap2
PR01100	LGx	24	8	hap2
PR01100	LGx	25	8	hap2
PR01100	LGx	26	9	hap2
PR01100	LGx	27	9	hap2
PR01100	LGx	28	10	hap2
PR01100	LGx	29	10	hap2
PR01100	LGx	30	11	hap2
PR01100	LGx	31	12	hap2
PR01100	LGx	32	12	hap2
PR01100	LGx	33	13	hap2
PR01100	LGx	34	14	hap2
PR01100	LGx	35	15	hap2
PR01100	LGx	36	16	hap2
PR01100	LGx	37	16	hap2
PR01100	LGx	38	17	hap2
PR01100	LGx	39	18	hap2
PR01100	LGx	40	19	hap2
PR01100	LGx	41	20	hap2
PR01100	LGx	42	22	hap2
PR01100	LGx	43	23	hap2
PR01100	LGx	44	24	hap2
PR01100	LGx	45	25	hap2
PR01100	LGx	46	26	hap2
PR01100	LGx	47	28	hap2
PR01100	LGx	48	29	hap2
PR01100	LGx	49	30	hap2
PR01100	LGx	50	32	hap2
PR01100	LGx	51	33	hap2
PR01100	LGx	52	35	hap2
PR01100	LGx	53	36	hap2
PR01100	LGx	54	38	hap2
PR01100	LGx	55	39	hap2
PR01100	LGx	56	41	hap2
PR01100	LGx	57	42	hap2
PR01100	LGx	58	44	hap2
PR01100	LGx	59	46	hap2
PR01100	LGx	60	48	hap2
PR01100	LGx	61	49	hap2
PR01100	LGx	62	51	hap2
PR01100	LGx	63	53	hap2
PR01100	LGx	64	55	hap2
PR01100	LGx	65	58	hap2
PR01100	LGx	66	60	hap2
PR01100	LGx	67	62	hap2
PR01100	LGx	68	65	hap2
PR01100	LGx	69	67	hap2
PR01100	LGx	70	70	hap2
PR01100	LGx	71	73	hap2
PR01100	LGx	72	76	hap2
PR01100	LGx	73	80	hap2
PR01100	LGx	74	83	hap2
PR01100	LGx	75	87	hap2
PR01100	LGx	76	90	hap2
PR01100	LGx	77	94	hap2
PR01100	LGx	78	98	hap2
PR01100	LGx	79	102	hap2
PR01100	LGx	80	107	hap2
PR01100	LGx	81	111	hap2
PR01100	LGx	82	116	hap2
PR01100	LGx	83	122	hap2
PR01100	LGx	84	128	hap2
PR01100	LGx	85	134	hap2
PR01100	LGx	86	140	hap2
PR01100	LGx	87	146	hap2
PR01100	LGx	88	153	hap2
PR01100	LGx	89	161	hap2
PR01100	LGx	90	168	hap2
PR01100	LGx	91	177	hap2
PR01100	LGx	92	186	hap2
PR01100	LGx	93	196	hap2
PR01100	LGx	94	208	hap2
PR01100	LGx	95	221	hap2
PR01100	LGx	96	237	hap2
PR01100	LGx	97	255	hap2
PR01100	LGx	98	276	hap2
PR01100	LGx	99	301	hap2
PR01100	LGx	100	335	hap2
PR01100	auN	3326580896	305.53946	primary
PR01100	auNG	3018593705	336.71365	primary
PR01100	Nx	1	157078165	primary
PR01100	Nx	2	157078165	primary
PR01100	Nx	3	157078165	primary
PR01100	Nx	4	157078165	primary
PR01100	Nx	5	138220863	primary
PR01100	Nx	6	138220863	primary
PR01100	Nx	7	138220863	primary
PR01100	Nx	8	138220863	primary
PR01100	Nx	9	107058238	primary
PR01100	Nx	10	107058238	primary
PR01100	Nx	11	107058238	primary
PR01100	Nx	12	107058238	primary
PR01100	Nx	13	105882197	primary
PR01100	Nx	14	105882197	primary
PR01100	Nx	15	105882197	primary
PR01100	Nx	16	94027277	primary
PR01100	Nx	17	94027277	primary
PR01100	Nx	18	94027277	primary
PR01100	Nx	19	92353553	primary
PR01100	Nx	20	92353553	primary
PR01100	Nx	21	77358356	primary
PR01100	Nx	22	77358356	primary
PR01100	Nx	23	77358356	primary
PR01100	Nx	24	75295476	primary
PR01100	Nx	25	75295476	primary
PR01100	Nx	26	75177940	primary
PR01100	Nx	27	75177940	primary
PR01100	Nx	28	73187185	primary
PR01100	Nx	29	73187185	primary
PR01100	Nx	30	71239830	primary
PR01100	Nx	31	71239830	primary
PR01100	Nx	32	71239830	primary
PR01100	Nx	33	70687593	primary
PR01100	Nx	34	70687593	primary
PR01100	Nx	35	69297276	primary
PR01100	Nx	36	69297276	primary
PR01100	Nx	37	67979898	primary
PR01100	Nx	38	67979898	primary
PR01100	Nx	39	64040781	primary
PR01100	Nx	40	64040781	primary
PR01100	Nx	41	63347938	primary
PR01100	Nx	42	63347938	primary
PR01100	Nx	43	62211906	primary
PR01100	Nx	44	62211906	primary
PR01100	Nx	45	60092464	primary
PR01100	Nx	46	57271508	primary
PR01100	Nx	47	57271508	primary
PR01100	Nx	48	56503027	primary
PR01100	Nx	49	56503027	primary
PR01100	Nx	50	52822209	primary
PR01100	Nx	51	51602214	primary
PR01100	Nx	52	51602214	primary
PR01100	Nx	53	47009507	primary
PR01100	Nx	54	46571393	primary
PR01100	Nx	55	46571393	primary
PR01100	Nx	56	43745371	primary
PR01100	Nx	57	43166103	primary
PR01100	Nx	58	42704830	primary
PR01100	Nx	59	42704830	primary
PR01100	Nx	60	41630684	primary
PR01100	Nx	61	37134260	primary
PR01100	Nx	62	36910406	primary
PR01100	Nx	63	36711201	primary
PR01100	Nx	64	35308627	primary
PR01100	Nx	65	33713135	primary
PR01100	Nx	66	32585581	primary
PR01100	Nx	67	31180104	primary
PR01100	Nx	68	28322193	primary
PR01100	Nx	69	27991030	primary
PR01100	Nx	70	27485150	primary
PR01100	Nx	71	26411607	primary
PR01100	Nx	72	25143094	primary
PR01100	Nx	73	24465439	primary
PR01100	Nx	74	23327043	primary
PR01100	Nx	75	22838221	primary
PR01100	Nx	76	22817245	primary
PR01100	Nx	77	21586463	primary
PR01100	Nx	78	20573383	primary
PR01100	Nx	79	17798393	primary
PR01100	Nx	80	16600011	primary
PR01100	Nx	81	13634662	primary
PR01100	Nx	82	13040151	primary
PR01100	Nx	83	12363159	primary
PR01100	Nx	84	12205170	primary
PR01100	Nx	85	9927125	primary
PR01100	Nx	86	9681619	primary
PR01100	Nx	87	8803790	primary
PR01100	Nx	88	7860480	primary
PR01100	Nx	89	7596248	primary
PR01100	Nx	90	7200515	primary
PR01100	Nx	91	6044122	primary
PR01100	Nx	92	5345578	primary
PR01100	Nx	93	4699581	primary
PR01100	Nx	94	4222715	primary
PR01100	Nx	95	3619305	primary
PR01100	Nx	96	3042716	primary
PR01100	Nx	97	2226651	primary
PR01100	Nx	98	1655076	primary
PR01100	Nx	99	861460	primary
PR01100	Nx	100	12748	primary
PR01100	Lx	1	157078165	primary
PR01100	Lx	2	157078165	primary
PR01100	Lx	3	157078165	primary
PR01100	Lx	4	157078165	primary
PR01100	Lx	5	138220863	primary
PR01100	Lx	6	138220863	primary
PR01100	Lx	7	138220863	primary
PR01100	Lx	8	138220863	primary
PR01100	Lx	9	107058238	primary
PR01100	Lx	10	107058238	primary
PR01100	Lx	11	107058238	primary
PR01100	Lx	12	107058238	primary
PR01100	Lx	13	105882197	primary
PR01100	Lx	14	105882197	primary
PR01100	Lx	15	105882197	primary
PR01100	Lx	16	94027277	primary
PR01100	Lx	17	94027277	primary
PR01100	Lx	18	94027277	primary
PR01100	Lx	19	92353553	primary
PR01100	Lx	20	92353553	primary
PR01100	Lx	21	77358356	primary
PR01100	Lx	22	77358356	primary
PR01100	Lx	23	77358356	primary
PR01100	Lx	24	75295476	primary
PR01100	Lx	25	75295476	primary
PR01100	Lx	26	75177940	primary
PR01100	Lx	27	75177940	primary
PR01100	Lx	28	73187185	primary
PR01100	Lx	29	73187185	primary
PR01100	Lx	30	71239830	primary
PR01100	Lx	31	71239830	primary
PR01100	Lx	32	71239830	primary
PR01100	Lx	33	70687593	primary
PR01100	Lx	34	70687593	primary
PR01100	Lx	35	69297276	primary
PR01100	Lx	36	69297276	primary
PR01100	Lx	37	67979898	primary
PR01100	Lx	38	67979898	primary
PR01100	Lx	39	64040781	primary
PR01100	Lx	40	64040781	primary
PR01100	Lx	41	63347938	primary
PR01100	Lx	42	63347938	primary
PR01100	Lx	43	62211906	primary
PR01100	Lx	44	62211906	primary
PR01100	Lx	45	60092464	primary
PR01100	Lx	46	57271508	primary
PR01100	Lx	47	57271508	primary
PR01100	Lx	48	56503027	primary
PR01100	Lx	49	56503027	primary
PR01100	Lx	50	52822209	primary
PR01100	Lx	51	51602214	primary
PR01100	Lx	52	51602214	primary
PR01100	Lx	53	47009507	primary
PR01100	Lx	54	46571393	primary
PR01100	Lx	55	46571393	primary
PR01100	Lx	56	43745371	primary
PR01100	Lx	57	43166103	primary
PR01100	Lx	58	42704830	primary
PR01100	Lx	59	42704830	primary
PR01100	Lx	60	41630684	primary
PR01100	Lx	61	37134260	primary
PR01100	Lx	62	36910406	primary
PR01100	Lx	63	36711201	primary
PR01100	Lx	64	35308627	primary
PR01100	Lx	65	33713135	primary
PR01100	Lx	66	32585581	primary
PR01100	Lx	67	31180104	primary
PR01100	Lx	68	28322193	primary
PR01100	Lx	69	27991030	primary
PR01100	Lx	70	27485150	primary
PR01100	Lx	71	26411607	primary
PR01100	Lx	72	25143094	primary
PR01100	Lx	73	24465439	primary
PR01100	Lx	74	23327043	primary
PR01100	Lx	75	22838221	primary
PR01100	Lx	76	22817245	primary
PR01100	Lx	77	21586463	primary
PR01100	Lx	78	20573383	primary
PR01100	Lx	79	17798393	primary
PR01100	Lx	80	16600011	primary
PR01100	Lx	81	13634662	primary
PR01100	Lx	82	13040151	primary
PR01100	Lx	83	12363159	primary
PR01100	Lx	84	12205170	primary
PR01100	Lx	85	9927125	primary
PR01100	Lx	86	9681619	primary
PR01100	Lx	87	8803790	primary
PR01100	Lx	88	7860480	primary
PR01100	Lx	89	7596248	primary
PR01100	Lx	90	7200515	primary
PR01100	Lx	91	6044122	primary
PR01100	Lx	92	5345578	primary
PR01100	Lx	93	4699581	primary
PR01100	Lx	94	4222715	primary
PR01100	Lx	95	3619305	primary
PR01100	Lx	96	3042716	primary
PR01100	Lx	97	2226651	primary
PR01100	Lx	98	1655076	primary
PR01100	Lx	99	861460	primary
PR01100	Lx	100	12748	primary
PR01100	NGx	1	157078165	primary
PR01100	NGx	2	157078165	primary
PR01100	NGx	3	157078165	primary
PR01100	NGx	4	157078165	primary
PR01100	NGx	5	157078165	primary
PR01100	NGx	6	138220863	primary
PR01100	NGx	7	138220863	primary
PR01100	NGx	8	138220863	primary
PR01100	NGx	9	138220863	primary
PR01100	NGx	10	107058238	primary
PR01100	NGx	11	107058238	primary
PR01100	NGx	12	107058238	primary
PR01100	NGx	13	107058238	primary
PR01100	NGx	14	105882197	primary
PR01100	NGx	15	105882197	primary
PR01100	NGx	16	105882197	primary
PR01100	NGx	17	94027277	primary
PR01100	NGx	18	94027277	primary
PR01100	NGx	19	94027277	primary
PR01100	NGx	20	92353553	primary
PR01100	NGx	21	92353553	primary
PR01100	NGx	22	92353553	primary
PR01100	NGx	23	92353553	primary
PR01100	NGx	24	77358356	primary
PR01100	NGx	25	77358356	primary
PR01100	NGx	26	75295476	primary
PR01100	NGx	27	75295476	primary
PR01100	NGx	28	75295476	primary
PR01100	NGx	29	75177940	primary
PR01100	NGx	30	75177940	primary
PR01100	NGx	31	73187185	primary
PR01100	NGx	32	73187185	primary
PR01100	NGx	33	71239830	primary
PR01100	NGx	34	71239830	primary
PR01100	NGx	35	71239830	primary
PR01100	NGx	36	70687593	primary
PR01100	NGx	37	70687593	primary
PR01100	NGx	38	69297276	primary
PR01100	NGx	39	69297276	primary
PR01100	NGx	40	67979898	primary
PR01100	NGx	41	67979898	primary
PR01100	NGx	42	67979898	primary
PR01100	NGx	43	64040781	primary
PR01100	NGx	44	64040781	primary
PR01100	NGx	45	63347938	primary
PR01100	NGx	46	63347938	primary
PR01100	NGx	47	62211906	primary
PR01100	NGx	48	62211906	primary
PR01100	NGx	49	60092464	primary
PR01100	NGx	50	60092464	primary
PR01100	NGx	51	57271508	primary
PR01100	NGx	52	57271508	primary
PR01100	NGx	53	56503027	primary
PR01100	NGx	54	56503027	primary
PR01100	NGx	55	52822209	primary
PR01100	NGx	56	52822209	primary
PR01100	NGx	57	51602214	primary
PR01100	NGx	58	47009507	primary
PR01100	NGx	59	47009507	primary
PR01100	NGx	60	46571393	primary
PR01100	NGx	61	43745371	primary
PR01100	NGx	62	43745371	primary
PR01100	NGx	63	43166103	primary
PR01100	NGx	64	42704830	primary
PR01100	NGx	65	42704830	primary
PR01100	NGx	66	41630684	primary
PR01100	NGx	67	37134260	primary
PR01100	NGx	68	36910406	primary
PR01100	NGx	69	36711201	primary
PR01100	NGx	70	36711201	primary
PR01100	NGx	71	35308627	primary
PR01100	NGx	72	33713135	primary
PR01100	NGx	73	32585581	primary
PR01100	NGx	74	31180104	primary
PR01100	NGx	75	28322193	primary
PR01100	NGx	76	27991030	primary
PR01100	NGx	77	27485150	primary
PR01100	NGx	78	26421689	primary
PR01100	NGx	79	26411607	primary
PR01100	NGx	80	24465439	primary
PR01100	NGx	81	24071694	primary
PR01100	NGx	82	23327043	primary
PR01100	NGx	83	22838221	primary
PR01100	NGx	84	22738714	primary
PR01100	NGx	85	21586463	primary
PR01100	NGx	86	18976948	primary
PR01100	NGx	87	17798393	primary
PR01100	NGx	88	16600011	primary
PR01100	NGx	89	13634662	primary
PR01100	NGx	90	13150010	primary
PR01100	NGx	91	12936981	primary
PR01100	NGx	92	12215833	primary
PR01100	NGx	93	12196879	primary
PR01100	NGx	94	9774518	primary
PR01100	NGx	95	9681619	primary
PR01100	NGx	96	8030385	primary
PR01100	NGx	97	7856540	primary
PR01100	NGx	98	7726782	primary
PR01100	NGx	99	7200515	primary
PR01100	NGx	100	6444650	primary
PR01100	LGx	1	1	primary
PR01100	LGx	2	1	primary
PR01100	LGx	3	1	primary
PR01100	LGx	4	1	primary
PR01100	LGx	5	1	primary
PR01100	LGx	6	2	primary
PR01100	LGx	7	2	primary
PR01100	LGx	8	2	primary
PR01100	LGx	9	2	primary
PR01100	LGx	10	3	primary
PR01100	LGx	11	3	primary
PR01100	LGx	12	3	primary
PR01100	LGx	13	3	primary
PR01100	LGx	14	4	primary
PR01100	LGx	15	4	primary
PR01100	LGx	16	4	primary
PR01100	LGx	17	5	primary
PR01100	LGx	18	5	primary
PR01100	LGx	19	5	primary
PR01100	LGx	20	6	primary
PR01100	LGx	21	6	primary
PR01100	LGx	22	6	primary
PR01100	LGx	23	6	primary
PR01100	LGx	24	7	primary
PR01100	LGx	25	7	primary
PR01100	LGx	26	8	primary
PR01100	LGx	27	8	primary
PR01100	LGx	28	8	primary
PR01100	LGx	29	9	primary
PR01100	LGx	30	9	primary
PR01100	LGx	31	10	primary
PR01100	LGx	32	10	primary
PR01100	LGx	33	11	primary
PR01100	LGx	34	11	primary
PR01100	LGx	35	11	primary
PR01100	LGx	36	12	primary
PR01100	LGx	37	12	primary
PR01100	LGx	38	13	primary
PR01100	LGx	39	13	primary
PR01100	LGx	40	14	primary
PR01100	LGx	41	14	primary
PR01100	LGx	42	14	primary
PR01100	LGx	43	15	primary
PR01100	LGx	44	15	primary
PR01100	LGx	45	16	primary
PR01100	LGx	46	16	primary
PR01100	LGx	47	17	primary
PR01100	LGx	48	17	primary
PR01100	LGx	49	18	primary
PR01100	LGx	50	18	primary
PR01100	LGx	51	19	primary
PR01100	LGx	52	19	primary
PR01100	LGx	53	20	primary
PR01100	LGx	54	20	primary
PR01100	LGx	55	21	primary
PR01100	LGx	56	21	primary
PR01100	LGx	57	22	primary
PR01100	LGx	58	23	primary
PR01100	LGx	59	23	primary
PR01100	LGx	60	24	primary
PR01100	LGx	61	25	primary
PR01100	LGx	62	25	primary
PR01100	LGx	63	26	primary
PR01100	LGx	64	27	primary
PR01100	LGx	65	27	primary
PR01100	LGx	66	28	primary
PR01100	LGx	67	29	primary
PR01100	LGx	68	30	primary
PR01100	LGx	69	31	primary
PR01100	LGx	70	31	primary
PR01100	LGx	71	32	primary
PR01100	LGx	72	33	primary
PR01100	LGx	73	34	primary
PR01100	LGx	74	35	primary
PR01100	LGx	75	36	primary
PR01100	LGx	76	37	primary
PR01100	LGx	77	38	primary
PR01100	LGx	78	39	primary
PR01100	LGx	79	40	primary
PR01100	LGx	80	42	primary
PR01100	LGx	81	43	primary
PR01100	LGx	82	44	primary
PR01100	LGx	83	45	primary
PR01100	LGx	84	47	primary
PR01100	LGx	85	48	primary
PR01100	LGx	86	50	primary
PR01100	LGx	87	51	primary
PR01100	LGx	88	53	primary
PR01100	LGx	89	55	primary
PR01100	LGx	90	57	primary
PR01100	LGx	91	59	primary
PR01100	LGx	92	62	primary
PR01100	LGx	93	64	primary
PR01100	LGx	94	67	primary
PR01100	LGx	95	70	primary
PR01100	LGx	96	74	primary
PR01100	LGx	97	78	primary
PR01100	LGx	98	81	primary
PR01100	LGx	99	86	primary
PR01100	LGx	100	90	primary
PR00251	auN	3180505206	288.18585	hap1
PR00251	auNG	3018593705	303.6436	hap1
PR00251	Nx	1	172934117	hap1
PR00251	Nx	2	172934117	hap1
PR00251	Nx	3	172934117	hap1
PR00251	Nx	4	172934117	hap1
PR00251	Nx	5	172934117	hap1
PR00251	Nx	6	138239532	hap1
PR00251	Nx	7	138239532	hap1
PR00251	Nx	8	138239532	hap1
PR00251	Nx	9	138239532	hap1
PR00251	Nx	10	126857329	hap1
PR00251	Nx	11	126857329	hap1
PR00251	Nx	12	126857329	hap1
PR00251	Nx	13	126857329	hap1
PR00251	Nx	14	105471570	hap1
PR00251	Nx	15	105471570	hap1
PR00251	Nx	16	105471570	hap1
PR00251	Nx	17	105471570	hap1
PR00251	Nx	18	99920045	hap1
PR00251	Nx	19	99920045	hap1
PR00251	Nx	20	99920045	hap1
PR00251	Nx	21	91403245	hap1
PR00251	Nx	22	91403245	hap1
PR00251	Nx	23	91403245	hap1
PR00251	Nx	24	89568157	hap1
PR00251	Nx	25	89568157	hap1
PR00251	Nx	26	83384823	hap1
PR00251	Nx	27	83384823	hap1
PR00251	Nx	28	83384823	hap1
PR00251	Nx	29	81109024	hap1
PR00251	Nx	30	81109024	hap1
PR00251	Nx	31	81109024	hap1
PR00251	Nx	32	65856172	hap1
PR00251	Nx	33	65856172	hap1
PR00251	Nx	34	63421697	hap1
PR00251	Nx	35	63421697	hap1
PR00251	Nx	36	61569961	hap1
PR00251	Nx	37	61569961	hap1
PR00251	Nx	38	56453202	hap1
PR00251	Nx	39	54349902	hap1
PR00251	Nx	40	54349902	hap1
PR00251	Nx	41	54003339	hap1
PR00251	Nx	42	54003339	hap1
PR00251	Nx	43	52552060	hap1
PR00251	Nx	44	52409549	hap1
PR00251	Nx	45	52409549	hap1
PR00251	Nx	46	49616921	hap1
PR00251	Nx	47	49616921	hap1
PR00251	Nx	48	49583516	hap1
PR00251	Nx	49	47008584	hap1
PR00251	Nx	50	47008584	hap1
PR00251	Nx	51	46846450	hap1
PR00251	Nx	52	44398067	hap1
PR00251	Nx	53	44398067	hap1
PR00251	Nx	54	42910601	hap1
PR00251	Nx	55	40456456	hap1
PR00251	Nx	56	39674792	hap1
PR00251	Nx	57	39117440	hap1
PR00251	Nx	58	39117440	hap1
PR00251	Nx	59	38532211	hap1
PR00251	Nx	60	37006315	hap1
PR00251	Nx	61	36316898	hap1
PR00251	Nx	62	32523167	hap1
PR00251	Nx	63	32297354	hap1
PR00251	Nx	64	32278828	hap1
PR00251	Nx	65	31005459	hap1
PR00251	Nx	66	30907283	hap1
PR00251	Nx	67	30775887	hap1
PR00251	Nx	68	30040101	hap1
PR00251	Nx	69	28956288	hap1
PR00251	Nx	70	26418622	hap1
PR00251	Nx	71	25896286	hap1
PR00251	Nx	72	25518129	hap1
PR00251	Nx	73	24708111	hap1
PR00251	Nx	74	24645223	hap1
PR00251	Nx	75	22678317	hap1
PR00251	Nx	76	20273869	hap1
PR00251	Nx	77	19193734	hap1
PR00251	Nx	78	18958144	hap1
PR00251	Nx	79	17982991	hap1
PR00251	Nx	80	16484577	hap1
PR00251	Nx	81	15493562	hap1
PR00251	Nx	82	14810003	hap1
PR00251	Nx	83	14223249	hap1
PR00251	Nx	84	13281605	hap1
PR00251	Nx	85	10028173	hap1
PR00251	Nx	86	9566949	hap1
PR00251	Nx	87	8734172	hap1
PR00251	Nx	88	8105646	hap1
PR00251	Nx	89	7477278	hap1
PR00251	Nx	90	6977146	hap1
PR00251	Nx	91	5865079	hap1
PR00251	Nx	92	4903434	hap1
PR00251	Nx	93	4457016	hap1
PR00251	Nx	94	3996360	hap1
PR00251	Nx	95	3275792	hap1
PR00251	Nx	96	2742919	hap1
PR00251	Nx	97	1957866	hap1
PR00251	Nx	98	1352423	hap1
PR00251	Nx	99	609061	hap1
PR00251	Nx	100	13529	hap1
PR00251	Lx	1	172934117	hap1
PR00251	Lx	2	172934117	hap1
PR00251	Lx	3	172934117	hap1
PR00251	Lx	4	172934117	hap1
PR00251	Lx	5	172934117	hap1
PR00251	Lx	6	138239532	hap1
PR00251	Lx	7	138239532	hap1
PR00251	Lx	8	138239532	hap1
PR00251	Lx	9	138239532	hap1
PR00251	Lx	10	126857329	hap1
PR00251	Lx	11	126857329	hap1
PR00251	Lx	12	126857329	hap1
PR00251	Lx	13	126857329	hap1
PR00251	Lx	14	105471570	hap1
PR00251	Lx	15	105471570	hap1
PR00251	Lx	16	105471570	hap1
PR00251	Lx	17	105471570	hap1
PR00251	Lx	18	99920045	hap1
PR00251	Lx	19	99920045	hap1
PR00251	Lx	20	99920045	hap1
PR00251	Lx	21	91403245	hap1
PR00251	Lx	22	91403245	hap1
PR00251	Lx	23	91403245	hap1
PR00251	Lx	24	89568157	hap1
PR00251	Lx	25	89568157	hap1
PR00251	Lx	26	83384823	hap1
PR00251	Lx	27	83384823	hap1
PR00251	Lx	28	83384823	hap1
PR00251	Lx	29	81109024	hap1
PR00251	Lx	30	81109024	hap1
PR00251	Lx	31	81109024	hap1
PR00251	Lx	32	65856172	hap1
PR00251	Lx	33	65856172	hap1
PR00251	Lx	34	63421697	hap1
PR00251	Lx	35	63421697	hap1
PR00251	Lx	36	61569961	hap1
PR00251	Lx	37	61569961	hap1
PR00251	Lx	38	56453202	hap1
PR00251	Lx	39	54349902	hap1
PR00251	Lx	40	54349902	hap1
PR00251	Lx	41	54003339	hap1
PR00251	Lx	42	54003339	hap1
PR00251	Lx	43	52552060	hap1
PR00251	Lx	44	52409549	hap1
PR00251	Lx	45	52409549	hap1
PR00251	Lx	46	49616921	hap1
PR00251	Lx	47	49616921	hap1
PR00251	Lx	48	49583516	hap1
PR00251	Lx	49	47008584	hap1
PR00251	Lx	50	47008584	hap1
PR00251	Lx	51	46846450	hap1
PR00251	Lx	52	44398067	hap1
PR00251	Lx	53	44398067	hap1
PR00251	Lx	54	42910601	hap1
PR00251	Lx	55	40456456	hap1
PR00251	Lx	56	39674792	hap1
PR00251	Lx	57	39117440	hap1
PR00251	Lx	58	39117440	hap1
PR00251	Lx	59	38532211	hap1
PR00251	Lx	60	37006315	hap1
PR00251	Lx	61	36316898	hap1
PR00251	Lx	62	32523167	hap1
PR00251	Lx	63	32297354	hap1
PR00251	Lx	64	32278828	hap1
PR00251	Lx	65	31005459	hap1
PR00251	Lx	66	30907283	hap1
PR00251	Lx	67	30775887	hap1
PR00251	Lx	68	30040101	hap1
PR00251	Lx	69	28956288	hap1
PR00251	Lx	70	26418622	hap1
PR00251	Lx	71	25896286	hap1
PR00251	Lx	72	25518129	hap1
PR00251	Lx	73	24708111	hap1
PR00251	Lx	74	24645223	hap1
PR00251	Lx	75	22678317	hap1
PR00251	Lx	76	20273869	hap1
PR00251	Lx	77	19193734	hap1
PR00251	Lx	78	18958144	hap1
PR00251	Lx	79	17982991	hap1
PR00251	Lx	80	16484577	hap1
PR00251	Lx	81	15493562	hap1
PR00251	Lx	82	14810003	hap1
PR00251	Lx	83	14223249	hap1
PR00251	Lx	84	13281605	hap1
PR00251	Lx	85	10028173	hap1
PR00251	Lx	86	9566949	hap1
PR00251	Lx	87	8734172	hap1
PR00251	Lx	88	8105646	hap1
PR00251	Lx	89	7477278	hap1
PR00251	Lx	90	6977146	hap1
PR00251	Lx	91	5865079	hap1
PR00251	Lx	92	4903434	hap1
PR00251	Lx	93	4457016	hap1
PR00251	Lx	94	3996360	hap1
PR00251	Lx	95	3275792	hap1
PR00251	Lx	96	2742919	hap1
PR00251	Lx	97	1957866	hap1
PR00251	Lx	98	1352423	hap1
PR00251	Lx	99	609061	hap1
PR00251	Lx	100	13529	hap1
PR00251	NGx	1	172934117	hap1
PR00251	NGx	2	172934117	hap1
PR00251	NGx	3	172934117	hap1
PR00251	NGx	4	172934117	hap1
PR00251	NGx	5	172934117	hap1
PR00251	NGx	6	138239532	hap1
PR00251	NGx	7	138239532	hap1
PR00251	NGx	8	138239532	hap1
PR00251	NGx	9	138239532	hap1
PR00251	NGx	10	138239532	hap1
PR00251	NGx	11	126857329	hap1
PR00251	NGx	12	126857329	hap1
PR00251	NGx	13	126857329	hap1
PR00251	NGx	14	126857329	hap1
PR00251	NGx	15	105471570	hap1
PR00251	NGx	16	105471570	hap1
PR00251	NGx	17	105471570	hap1
PR00251	NGx	18	105471570	hap1
PR00251	NGx	19	99920045	hap1
PR00251	NGx	20	99920045	hap1
PR00251	NGx	21	99920045	hap1
PR00251	NGx	22	91403245	hap1
PR00251	NGx	23	91403245	hap1
PR00251	NGx	24	91403245	hap1
PR00251	NGx	25	89568157	hap1
PR00251	NGx	26	89568157	hap1
PR00251	NGx	27	89568157	hap1
PR00251	NGx	28	83384823	hap1
PR00251	NGx	29	83384823	hap1
PR00251	NGx	30	83384823	hap1
PR00251	NGx	31	81109024	hap1
PR00251	NGx	32	81109024	hap1
PR00251	NGx	33	65856172	hap1
PR00251	NGx	34	65856172	hap1
PR00251	NGx	35	63421697	hap1
PR00251	NGx	36	63421697	hap1
PR00251	NGx	37	63421697	hap1
PR00251	NGx	38	61569961	hap1
PR00251	NGx	39	61569961	hap1
PR00251	NGx	40	56453202	hap1
PR00251	NGx	41	54349902	hap1
PR00251	NGx	42	54349902	hap1
PR00251	NGx	43	54003339	hap1
PR00251	NGx	44	54003339	hap1
PR00251	NGx	45	52552060	hap1
PR00251	NGx	46	52552060	hap1
PR00251	NGx	47	52409549	hap1
PR00251	NGx	48	52409549	hap1
PR00251	NGx	49	49616921	hap1
PR00251	NGx	50	49583516	hap1
PR00251	NGx	51	49583516	hap1
PR00251	NGx	52	47008584	hap1
PR00251	NGx	53	46846450	hap1
PR00251	NGx	54	46846450	hap1
PR00251	NGx	55	44398067	hap1
PR00251	NGx	56	42910601	hap1
PR00251	NGx	57	42910601	hap1
PR00251	NGx	58	40456456	hap1
PR00251	NGx	59	39674792	hap1
PR00251	NGx	60	39117440	hap1
PR00251	NGx	61	39117440	hap1
PR00251	NGx	62	38532211	hap1
PR00251	NGx	63	37006315	hap1
PR00251	NGx	64	36316898	hap1
PR00251	NGx	65	32523167	hap1
PR00251	NGx	66	32523167	hap1
PR00251	NGx	67	32297354	hap1
PR00251	NGx	68	32278828	hap1
PR00251	NGx	69	31005459	hap1
PR00251	NGx	70	30907283	hap1
PR00251	NGx	71	30775887	hap1
PR00251	NGx	72	30040101	hap1
PR00251	NGx	73	28956288	hap1
PR00251	NGx	74	26418622	hap1
PR00251	NGx	75	25867304	hap1
PR00251	NGx	76	25518129	hap1
PR00251	NGx	77	24708111	hap1
PR00251	NGx	78	24645223	hap1
PR00251	NGx	79	22678317	hap1
PR00251	NGx	80	20273869	hap1
PR00251	NGx	81	19320352	hap1
PR00251	NGx	82	18958144	hap1
PR00251	NGx	83	17982991	hap1
PR00251	NGx	84	17728537	hap1
PR00251	NGx	85	16015494	hap1
PR00251	NGx	86	15385744	hap1
PR00251	NGx	87	14333959	hap1
PR00251	NGx	88	14044070	hap1
PR00251	NGx	89	12963732	hap1
PR00251	NGx	90	9935324	hap1
PR00251	NGx	91	9003519	hap1
PR00251	NGx	92	8335006	hap1
PR00251	NGx	93	7953558	hap1
PR00251	NGx	94	7122448	hap1
PR00251	NGx	95	6682288	hap1
PR00251	NGx	96	5713534	hap1
PR00251	NGx	97	4887466	hap1
PR00251	NGx	98	4457016	hap1
PR00251	NGx	99	4020196	hap1
PR00251	NGx	100	3275792	hap1
PR00251	LGx	1	1	hap1
PR00251	LGx	2	1	hap1
PR00251	LGx	3	1	hap1
PR00251	LGx	4	1	hap1
PR00251	LGx	5	1	hap1
PR00251	LGx	6	2	hap1
PR00251	LGx	7	2	hap1
PR00251	LGx	8	2	hap1
PR00251	LGx	9	2	hap1
PR00251	LGx	10	2	hap1
PR00251	LGx	11	3	hap1
PR00251	LGx	12	3	hap1
PR00251	LGx	13	3	hap1
PR00251	LGx	14	3	hap1
PR00251	LGx	15	4	hap1
PR00251	LGx	16	4	hap1
PR00251	LGx	17	4	hap1
PR00251	LGx	18	4	hap1
PR00251	LGx	19	5	hap1
PR00251	LGx	20	5	hap1
PR00251	LGx	21	5	hap1
PR00251	LGx	22	6	hap1
PR00251	LGx	23	6	hap1
PR00251	LGx	24	6	hap1
PR00251	LGx	25	7	hap1
PR00251	LGx	26	7	hap1
PR00251	LGx	27	7	hap1
PR00251	LGx	28	8	hap1
PR00251	LGx	29	8	hap1
PR00251	LGx	30	8	hap1
PR00251	LGx	31	9	hap1
PR00251	LGx	32	9	hap1
PR00251	LGx	33	10	hap1
PR00251	LGx	34	10	hap1
PR00251	LGx	35	11	hap1
PR00251	LGx	36	11	hap1
PR00251	LGx	37	11	hap1
PR00251	LGx	38	12	hap1
PR00251	LGx	39	12	hap1
PR00251	LGx	40	13	hap1
PR00251	LGx	41	14	hap1
PR00251	LGx	42	14	hap1
PR00251	LGx	43	15	hap1
PR00251	LGx	44	15	hap1
PR00251	LGx	45	16	hap1
PR00251	LGx	46	16	hap1
PR00251	LGx	47	17	hap1
PR00251	LGx	48	17	hap1
PR00251	LGx	49	18	hap1
PR00251	LGx	50	19	hap1
PR00251	LGx	51	19	hap1
PR00251	LGx	52	20	hap1
PR00251	LGx	53	21	hap1
PR00251	LGx	54	21	hap1
PR00251	LGx	55	22	hap1
PR00251	LGx	56	23	hap1
PR00251	LGx	57	23	hap1
PR00251	LGx	58	24	hap1
PR00251	LGx	59	25	hap1
PR00251	LGx	60	26	hap1
PR00251	LGx	61	26	hap1
PR00251	LGx	62	27	hap1
PR00251	LGx	63	28	hap1
PR00251	LGx	64	29	hap1
PR00251	LGx	65	30	hap1
PR00251	LGx	66	30	hap1
PR00251	LGx	67	31	hap1
PR00251	LGx	68	32	hap1
PR00251	LGx	69	33	hap1
PR00251	LGx	70	34	hap1
PR00251	LGx	71	35	hap1
PR00251	LGx	72	36	hap1
PR00251	LGx	73	37	hap1
PR00251	LGx	74	38	hap1
PR00251	LGx	75	40	hap1
PR00251	LGx	76	41	hap1
PR00251	LGx	77	42	hap1
PR00251	LGx	78	43	hap1
PR00251	LGx	79	44	hap1
PR00251	LGx	80	46	hap1
PR00251	LGx	81	47	hap1
PR00251	LGx	82	49	hap1
PR00251	LGx	83	51	hap1
PR00251	LGx	84	52	hap1
PR00251	LGx	85	54	hap1
PR00251	LGx	86	56	hap1
PR00251	LGx	87	58	hap1
PR00251	LGx	88	60	hap1
PR00251	LGx	89	62	hap1
PR00251	LGx	90	65	hap1
PR00251	LGx	91	69	hap1
PR00251	LGx	92	72	hap1
PR00251	LGx	93	76	hap1
PR00251	LGx	94	80	hap1
PR00251	LGx	95	84	hap1
PR00251	LGx	96	89	hap1
PR00251	LGx	97	95	hap1
PR00251	LGx	98	101	hap1
PR00251	LGx	99	108	hap1
PR00251	LGx	100	117	hap1
PR00251	auN	3143333504	281.0519	hap2
PR00251	auNG	3018593705	292.66602	hap2
PR00251	Nx	1	174868631	hap2
PR00251	Nx	2	174868631	hap2
PR00251	Nx	3	174868631	hap2
PR00251	Nx	4	174868631	hap2
PR00251	Nx	5	174868631	hap2
PR00251	Nx	6	149043724	hap2
PR00251	Nx	7	149043724	hap2
PR00251	Nx	8	149043724	hap2
PR00251	Nx	9	149043724	hap2
PR00251	Nx	10	149043724	hap2
PR00251	Nx	11	100131726	hap2
PR00251	Nx	12	100131726	hap2
PR00251	Nx	13	100131726	hap2
PR00251	Nx	14	82033410	hap2
PR00251	Nx	15	82033410	hap2
PR00251	Nx	16	82033410	hap2
PR00251	Nx	17	80590633	hap2
PR00251	Nx	18	80590633	hap2
PR00251	Nx	19	75400721	hap2
PR00251	Nx	20	75400721	hap2
PR00251	Nx	21	75400721	hap2
PR00251	Nx	22	69009397	hap2
PR00251	Nx	23	69009397	hap2
PR00251	Nx	24	66662357	hap2
PR00251	Nx	25	66662357	hap2
PR00251	Nx	26	61889314	hap2
PR00251	Nx	27	61889314	hap2
PR00251	Nx	28	59791035	hap2
PR00251	Nx	29	59791035	hap2
PR00251	Nx	30	55176198	hap2
PR00251	Nx	31	55176198	hap2
PR00251	Nx	32	50706443	hap2
PR00251	Nx	33	49655684	hap2
PR00251	Nx	34	49655684	hap2
PR00251	Nx	35	45635524	hap2
PR00251	Nx	36	45495642	hap2
PR00251	Nx	37	45495642	hap2
PR00251	Nx	38	44758634	hap2
PR00251	Nx	39	42959246	hap2
PR00251	Nx	40	40153819	hap2
PR00251	Nx	41	40153819	hap2
PR00251	Nx	42	38953485	hap2
PR00251	Nx	43	36433361	hap2
PR00251	Nx	44	35800845	hap2
PR00251	Nx	45	35395176	hap2
PR00251	Nx	46	33852852	hap2
PR00251	Nx	47	33721458	hap2
PR00251	Nx	48	33194905	hap2
PR00251	Nx	49	33194905	hap2
PR00251	Nx	50	32975433	hap2
PR00251	Nx	51	32470115	hap2
PR00251	Nx	52	32101616	hap2
PR00251	Nx	53	32092184	hap2
PR00251	Nx	54	31910389	hap2
PR00251	Nx	55	30778766	hap2
PR00251	Nx	56	30763341	hap2
PR00251	Nx	57	30116063	hap2
PR00251	Nx	58	25315779	hap2
PR00251	Nx	59	25225964	hap2
PR00251	Nx	60	24567575	hap2
PR00251	Nx	61	23037077	hap2
PR00251	Nx	62	22191033	hap2
PR00251	Nx	63	22105978	hap2
PR00251	Nx	64	20989687	hap2
PR00251	Nx	65	20810881	hap2
PR00251	Nx	66	20619007	hap2
PR00251	Nx	67	20072395	hap2
PR00251	Nx	68	18363961	hap2
PR00251	Nx	69	17354151	hap2
PR00251	Nx	70	17026729	hap2
PR00251	Nx	71	16987637	hap2
PR00251	Nx	72	16140096	hap2
PR00251	Nx	73	14752684	hap2
PR00251	Nx	74	14044078	hap2
PR00251	Nx	75	13186612	hap2
PR00251	Nx	76	12921146	hap2
PR00251	Nx	77	12432823	hap2
PR00251	Nx	78	12203413	hap2
PR00251	Nx	79	12053821	hap2
PR00251	Nx	80	11710412	hap2
PR00251	Nx	81	11469430	hap2
PR00251	Nx	82	10205787	hap2
PR00251	Nx	83	9306312	hap2
PR00251	Nx	84	9118686	hap2
PR00251	Nx	85	8022375	hap2
PR00251	Nx	86	7833001	hap2
PR00251	Nx	87	7126412	hap2
PR00251	Nx	88	6433350	hap2
PR00251	Nx	89	6158886	hap2
PR00251	Nx	90	5653194	hap2
PR00251	Nx	91	5474491	hap2
PR00251	Nx	92	4989621	hap2
PR00251	Nx	93	4470765	hap2
PR00251	Nx	94	3585429	hap2
PR00251	Nx	95	3045938	hap2
PR00251	Nx	96	2569050	hap2
PR00251	Nx	97	1837213	hap2
PR00251	Nx	98	1155843	hap2
PR00251	Nx	99	659794	hap2
PR00251	Nx	100	16569	hap2
PR00251	Lx	1	174868631	hap2
PR00251	Lx	2	174868631	hap2
PR00251	Lx	3	174868631	hap2
PR00251	Lx	4	174868631	hap2
PR00251	Lx	5	174868631	hap2
PR00251	Lx	6	149043724	hap2
PR00251	Lx	7	149043724	hap2
PR00251	Lx	8	149043724	hap2
PR00251	Lx	9	149043724	hap2
PR00251	Lx	10	149043724	hap2
PR00251	Lx	11	100131726	hap2
PR00251	Lx	12	100131726	hap2
PR00251	Lx	13	100131726	hap2
PR00251	Lx	14	82033410	hap2
PR00251	Lx	15	82033410	hap2
PR00251	Lx	16	82033410	hap2
PR00251	Lx	17	80590633	hap2
PR00251	Lx	18	80590633	hap2
PR00251	Lx	19	75400721	hap2
PR00251	Lx	20	75400721	hap2
PR00251	Lx	21	75400721	hap2
PR00251	Lx	22	69009397	hap2
PR00251	Lx	23	69009397	hap2
PR00251	Lx	24	66662357	hap2
PR00251	Lx	25	66662357	hap2
PR00251	Lx	26	61889314	hap2
PR00251	Lx	27	61889314	hap2
PR00251	Lx	28	59791035	hap2
PR00251	Lx	29	59791035	hap2
PR00251	Lx	30	55176198	hap2
PR00251	Lx	31	55176198	hap2
PR00251	Lx	32	50706443	hap2
PR00251	Lx	33	49655684	hap2
PR00251	Lx	34	49655684	hap2
PR00251	Lx	35	45635524	hap2
PR00251	Lx	36	45495642	hap2
PR00251	Lx	37	45495642	hap2
PR00251	Lx	38	44758634	hap2
PR00251	Lx	39	42959246	hap2
PR00251	Lx	40	40153819	hap2
PR00251	Lx	41	40153819	hap2
PR00251	Lx	42	38953485	hap2
PR00251	Lx	43	36433361	hap2
PR00251	Lx	44	35800845	hap2
PR00251	Lx	45	35395176	hap2
PR00251	Lx	46	33852852	hap2
PR00251	Lx	47	33721458	hap2
PR00251	Lx	48	33194905	hap2
PR00251	Lx	49	33194905	hap2
PR00251	Lx	50	32975433	hap2
PR00251	Lx	51	32470115	hap2
PR00251	Lx	52	32101616	hap2
PR00251	Lx	53	32092184	hap2
PR00251	Lx	54	31910389	hap2
PR00251	Lx	55	30778766	hap2
PR00251	Lx	56	30763341	hap2
PR00251	Lx	57	30116063	hap2
PR00251	Lx	58	25315779	hap2
PR00251	Lx	59	25225964	hap2
PR00251	Lx	60	24567575	hap2
PR00251	Lx	61	23037077	hap2
PR00251	Lx	62	22191033	hap2
PR00251	Lx	63	22105978	hap2
PR00251	Lx	64	20989687	hap2
PR00251	Lx	65	20810881	hap2
PR00251	Lx	66	20619007	hap2
PR00251	Lx	67	20072395	hap2
PR00251	Lx	68	18363961	hap2
PR00251	Lx	69	17354151	hap2
PR00251	Lx	70	17026729	hap2
PR00251	Lx	71	16987637	hap2
PR00251	Lx	72	16140096	hap2
PR00251	Lx	73	14752684	hap2
PR00251	Lx	74	14044078	hap2
PR00251	Lx	75	13186612	hap2
PR00251	Lx	76	12921146	hap2
PR00251	Lx	77	12432823	hap2
PR00251	Lx	78	12203413	hap2
PR00251	Lx	79	12053821	hap2
PR00251	Lx	80	11710412	hap2
PR00251	Lx	81	11469430	hap2
PR00251	Lx	82	10205787	hap2
PR00251	Lx	83	9306312	hap2
PR00251	Lx	84	9118686	hap2
PR00251	Lx	85	8022375	hap2
PR00251	Lx	86	7833001	hap2
PR00251	Lx	87	7126412	hap2
PR00251	Lx	88	6433350	hap2
PR00251	Lx	89	6158886	hap2
PR00251	Lx	90	5653194	hap2
PR00251	Lx	91	5474491	hap2
PR00251	Lx	92	4989621	hap2
PR00251	Lx	93	4470765	hap2
PR00251	Lx	94	3585429	hap2
PR00251	Lx	95	3045938	hap2
PR00251	Lx	96	2569050	hap2
PR00251	Lx	97	1837213	hap2
PR00251	Lx	98	1155843	hap2
PR00251	Lx	99	659794	hap2
PR00251	Lx	100	16569	hap2
PR00251	NGx	1	174868631	hap2
PR00251	NGx	2	174868631	hap2
PR00251	NGx	3	174868631	hap2
PR00251	NGx	4	174868631	hap2
PR00251	NGx	5	174868631	hap2
PR00251	NGx	6	149043724	hap2
PR00251	NGx	7	149043724	hap2
PR00251	NGx	8	149043724	hap2
PR00251	NGx	9	149043724	hap2
PR00251	NGx	10	149043724	hap2
PR00251	NGx	11	100131726	hap2
PR00251	NGx	12	100131726	hap2
PR00251	NGx	13	100131726	hap2
PR00251	NGx	14	100131726	hap2
PR00251	NGx	15	82033410	hap2
PR00251	NGx	16	82033410	hap2
PR00251	NGx	17	80590633	hap2
PR00251	NGx	18	80590633	hap2
PR00251	NGx	19	80590633	hap2
PR00251	NGx	20	75400721	hap2
PR00251	NGx	21	75400721	hap2
PR00251	NGx	22	69009397	hap2
PR00251	NGx	23	69009397	hap2
PR00251	NGx	24	69009397	hap2
PR00251	NGx	25	66662357	hap2
PR00251	NGx	26	66662357	hap2
PR00251	NGx	27	61889314	hap2
PR00251	NGx	28	61889314	hap2
PR00251	NGx	29	59791035	hap2
PR00251	NGx	30	59791035	hap2
PR00251	NGx	31	55176198	hap2
PR00251	NGx	32	55176198	hap2
PR00251	NGx	33	50706443	hap2
PR00251	NGx	34	49655684	hap2
PR00251	NGx	35	49655684	hap2
PR00251	NGx	36	45635524	hap2
PR00251	NGx	37	45635524	hap2
PR00251	NGx	38	45495642	hap2
PR00251	NGx	39	44758634	hap2
PR00251	NGx	40	44758634	hap2
PR00251	NGx	41	42959246	hap2
PR00251	NGx	42	40153819	hap2
PR00251	NGx	43	38953485	hap2
PR00251	NGx	44	38953485	hap2
PR00251	NGx	45	36433361	hap2
PR00251	NGx	46	35800845	hap2
PR00251	NGx	47	35395176	hap2
PR00251	NGx	48	33852852	hap2
PR00251	NGx	49	33721458	hap2
PR00251	NGx	50	33194905	hap2
PR00251	NGx	51	33194905	hap2
PR00251	NGx	52	32975433	hap2
PR00251	NGx	53	32470115	hap2
PR00251	NGx	54	32101616	hap2
PR00251	NGx	55	32092184	hap2
PR00251	NGx	56	31910389	hap2
PR00251	NGx	57	30778766	hap2
PR00251	NGx	58	30763341	hap2
PR00251	NGx	59	30116063	hap2
PR00251	NGx	60	26454871	hap2
PR00251	NGx	61	25315779	hap2
PR00251	NGx	62	24567575	hap2
PR00251	NGx	63	23037077	hap2
PR00251	NGx	64	22298575	hap2
PR00251	NGx	65	22191033	hap2
PR00251	NGx	66	21411431	hap2
PR00251	NGx	67	20989687	hap2
PR00251	NGx	68	20759538	hap2
PR00251	NGx	69	20619007	hap2
PR00251	NGx	70	19078623	hap2
PR00251	NGx	71	18363961	hap2
PR00251	NGx	72	17354151	hap2
PR00251	NGx	73	17026729	hap2
PR00251	NGx	74	16987637	hap2
PR00251	NGx	75	16140096	hap2
PR00251	NGx	76	14752684	hap2
PR00251	NGx	77	14044078	hap2
PR00251	NGx	78	13186612	hap2
PR00251	NGx	79	12921146	hap2
PR00251	NGx	80	12703697	hap2
PR00251	NGx	81	12203413	hap2
PR00251	NGx	82	12114349	hap2
PR00251	NGx	83	11710412	hap2
PR00251	NGx	84	11679642	hap2
PR00251	NGx	85	10505788	hap2
PR00251	NGx	86	9368975	hap2
PR00251	NGx	87	9178602	hap2
PR00251	NGx	88	8240407	hap2
PR00251	NGx	89	7962244	hap2
PR00251	NGx	90	7509285	hap2
PR00251	NGx	91	7065384	hap2
PR00251	NGx	92	6324567	hap2
PR00251	NGx	93	6073397	hap2
PR00251	NGx	94	5615009	hap2
PR00251	NGx	95	5339661	hap2
PR00251	NGx	96	4752452	hap2
PR00251	NGx	97	4422695	hap2
PR00251	NGx	98	3527420	hap2
PR00251	NGx	99	2981250	hap2
PR00251	NGx	100	2350130	hap2
PR00251	LGx	1	1	hap2
PR00251	LGx	2	1	hap2
PR00251	LGx	3	1	hap2
PR00251	LGx	4	1	hap2
PR00251	LGx	5	1	hap2
PR00251	LGx	6	2	hap2
PR00251	LGx	7	2	hap2
PR00251	LGx	8	2	hap2
PR00251	LGx	9	2	hap2
PR00251	LGx	10	2	hap2
PR00251	LGx	11	3	hap2
PR00251	LGx	12	3	hap2
PR00251	LGx	13	3	hap2
PR00251	LGx	14	3	hap2
PR00251	LGx	15	4	hap2
PR00251	LGx	16	4	hap2
PR00251	LGx	17	5	hap2
PR00251	LGx	18	5	hap2
PR00251	LGx	19	5	hap2
PR00251	LGx	20	6	hap2
PR00251	LGx	21	6	hap2
PR00251	LGx	22	7	hap2
PR00251	LGx	23	7	hap2
PR00251	LGx	24	7	hap2
PR00251	LGx	25	8	hap2
PR00251	LGx	26	8	hap2
PR00251	LGx	27	9	hap2
PR00251	LGx	28	9	hap2
PR00251	LGx	29	10	hap2
PR00251	LGx	30	10	hap2
PR00251	LGx	31	11	hap2
PR00251	LGx	32	11	hap2
PR00251	LGx	33	12	hap2
PR00251	LGx	34	13	hap2
PR00251	LGx	35	13	hap2
PR00251	LGx	36	14	hap2
PR00251	LGx	37	14	hap2
PR00251	LGx	38	15	hap2
PR00251	LGx	39	16	hap2
PR00251	LGx	40	16	hap2
PR00251	LGx	41	17	hap2
PR00251	LGx	42	18	hap2
PR00251	LGx	43	19	hap2
PR00251	LGx	44	19	hap2
PR00251	LGx	45	20	hap2
PR00251	LGx	46	21	hap2
PR00251	LGx	47	22	hap2
PR00251	LGx	48	23	hap2
PR00251	LGx	49	24	hap2
PR00251	LGx	50	25	hap2
PR00251	LGx	51	25	hap2
PR00251	LGx	52	26	hap2
PR00251	LGx	53	27	hap2
PR00251	LGx	54	28	hap2
PR00251	LGx	55	29	hap2
PR00251	LGx	56	30	hap2
PR00251	LGx	57	31	hap2
PR00251	LGx	58	32	hap2
PR00251	LGx	59	33	hap2
PR00251	LGx	60	34	hap2
PR00251	LGx	61	35	hap2
PR00251	LGx	62	37	hap2
PR00251	LGx	63	38	hap2
PR00251	LGx	64	39	hap2
PR00251	LGx	65	40	hap2
PR00251	LGx	66	42	hap2
PR00251	LGx	67	43	hap2
PR00251	LGx	68	45	hap2
PR00251	LGx	69	46	hap2
PR00251	LGx	70	48	hap2
PR00251	LGx	71	49	hap2
PR00251	LGx	72	51	hap2
PR00251	LGx	73	53	hap2
PR00251	LGx	74	54	hap2
PR00251	LGx	75	56	hap2
PR00251	LGx	76	58	hap2
PR00251	LGx	77	60	hap2
PR00251	LGx	78	63	hap2
PR00251	LGx	79	65	hap2
PR00251	LGx	80	67	hap2
PR00251	LGx	81	70	hap2
PR00251	LGx	82	72	hap2
PR00251	LGx	83	75	hap2
PR00251	LGx	84	77	hap2
PR00251	LGx	85	80	hap2
PR00251	LGx	86	83	hap2
PR00251	LGx	87	86	hap2
PR00251	LGx	88	90	hap2
PR00251	LGx	89	93	hap2
PR00251	LGx	90	97	hap2
PR00251	LGx	91	101	hap2
PR00251	LGx	92	106	hap2
PR00251	LGx	93	111	hap2
PR00251	LGx	94	116	hap2
PR00251	LGx	95	122	hap2
PR00251	LGx	96	127	hap2
PR00251	LGx	97	134	hap2
PR00251	LGx	98	142	hap2
PR00251	LGx	99	151	hap2
PR00251	LGx	100	162	hap2
PR00251	auN	3354468470	156.91888	primary
PR00251	auNG	3018593705	174.37903	primary
PR00251	Nx	1	174868631	primary
PR00251	Nx	2	174868631	primary
PR00251	Nx	3	174868631	primary
PR00251	Nx	4	174868631	primary
PR00251	Nx	5	174868631	primary
PR00251	Nx	6	174174841	primary
PR00251	Nx	7	174174841	primary
PR00251	Nx	8	174174841	primary
PR00251	Nx	9	174174841	primary
PR00251	Nx	10	174174841	primary
PR00251	Nx	11	149043724	primary
PR00251	Nx	12	149043724	primary
PR00251	Nx	13	149043724	primary
PR00251	Nx	14	149043724	primary
PR00251	Nx	15	137979020	primary
PR00251	Nx	16	137979020	primary
PR00251	Nx	17	137979020	primary
PR00251	Nx	18	137979020	primary
PR00251	Nx	19	137106487	primary
PR00251	Nx	20	137106487	primary
PR00251	Nx	21	137106487	primary
PR00251	Nx	22	137106487	primary
PR00251	Nx	23	137106487	primary
PR00251	Nx	24	126857329	primary
PR00251	Nx	25	126857329	primary
PR00251	Nx	26	126857329	primary
PR00251	Nx	27	125779736	primary
PR00251	Nx	28	125779736	primary
PR00251	Nx	29	125779736	primary
PR00251	Nx	30	125779736	primary
PR00251	Nx	31	106625687	primary
PR00251	Nx	32	106625687	primary
PR00251	Nx	33	106625687	primary
PR00251	Nx	34	100643588	primary
PR00251	Nx	35	100643588	primary
PR00251	Nx	36	100643588	primary
PR00251	Nx	37	99849738	primary
PR00251	Nx	38	99849738	primary
PR00251	Nx	39	99849738	primary
PR00251	Nx	40	94220417	primary
PR00251	Nx	41	94220417	primary
PR00251	Nx	42	94220417	primary
PR00251	Nx	43	87363188	primary
PR00251	Nx	44	87363188	primary
PR00251	Nx	45	87363188	primary
PR00251	Nx	46	81215417	primary
PR00251	Nx	47	81215417	primary
PR00251	Nx	48	76015124	primary
PR00251	Nx	49	76015124	primary
PR00251	Nx	50	75729370	primary
PR00251	Nx	51	75729370	primary
PR00251	Nx	52	75729370	primary
PR00251	Nx	53	75632745	primary
PR00251	Nx	54	75632745	primary
PR00251	Nx	55	69507445	primary
PR00251	Nx	56	69507445	primary
PR00251	Nx	57	68123524	primary
PR00251	Nx	58	68123524	primary
PR00251	Nx	59	61613522	primary
PR00251	Nx	60	61613522	primary
PR00251	Nx	61	56048309	primary
PR00251	Nx	62	55301528	primary
PR00251	Nx	63	55301528	primary
PR00251	Nx	64	54003339	primary
PR00251	Nx	65	54003339	primary
PR00251	Nx	66	52625103	primary
PR00251	Nx	67	49616921	primary
PR00251	Nx	68	49616921	primary
PR00251	Nx	69	48071587	primary
PR00251	Nx	70	45731584	primary
PR00251	Nx	71	45731584	primary
PR00251	Nx	72	45632665	primary
PR00251	Nx	73	42306533	primary
PR00251	Nx	74	40068748	primary
PR00251	Nx	75	39752687	primary
PR00251	Nx	76	39752687	primary
PR00251	Nx	77	39674792	primary
PR00251	Nx	78	38532211	primary
PR00251	Nx	79	32297354	primary
PR00251	Nx	80	30975588	primary
PR00251	Nx	81	30025928	primary
PR00251	Nx	82	29991041	primary
PR00251	Nx	83	27006255	primary
PR00251	Nx	84	26050375	primary
PR00251	Nx	85	22298576	primary
PR00251	Nx	86	17520975	primary
PR00251	Nx	87	16015494	primary
PR00251	Nx	88	14044070	primary
PR00251	Nx	89	12432823	primary
PR00251	Nx	90	11858169	primary
PR00251	Nx	91	10811961	primary
PR00251	Nx	92	9845676	primary
PR00251	Nx	93	8150700	primary
PR00251	Nx	94	7126412	primary
PR00251	Nx	95	4896846	primary
PR00251	Nx	96	4405539	primary
PR00251	Nx	97	3399794	primary
PR00251	Nx	98	2388760	primary
PR00251	Nx	99	1583627	primary
PR00251	Nx	100	15174	primary
PR00251	Lx	1	174868631	primary
PR00251	Lx	2	174868631	primary
PR00251	Lx	3	174868631	primary
PR00251	Lx	4	174868631	primary
PR00251	Lx	5	174868631	primary
PR00251	Lx	6	174174841	primary
PR00251	Lx	7	174174841	primary
PR00251	Lx	8	174174841	primary
PR00251	Lx	9	174174841	primary
PR00251	Lx	10	174174841	primary
PR00251	Lx	11	149043724	primary
PR00251	Lx	12	149043724	primary
PR00251	Lx	13	149043724	primary
PR00251	Lx	14	149043724	primary
PR00251	Lx	15	137979020	primary
PR00251	Lx	16	137979020	primary
PR00251	Lx	17	137979020	primary
PR00251	Lx	18	137979020	primary
PR00251	Lx	19	137106487	primary
PR00251	Lx	20	137106487	primary
PR00251	Lx	21	137106487	primary
PR00251	Lx	22	137106487	primary
PR00251	Lx	23	137106487	primary
PR00251	Lx	24	126857329	primary
PR00251	Lx	25	126857329	primary
PR00251	Lx	26	126857329	primary
PR00251	Lx	27	125779736	primary
PR00251	Lx	28	125779736	primary
PR00251	Lx	29	125779736	primary
PR00251	Lx	30	125779736	primary
PR00251	Lx	31	106625687	primary
PR00251	Lx	32	106625687	primary
PR00251	Lx	33	106625687	primary
PR00251	Lx	34	100643588	primary
PR00251	Lx	35	100643588	primary
PR00251	Lx	36	100643588	primary
PR00251	Lx	37	99849738	primary
PR00251	Lx	38	99849738	primary
PR00251	Lx	39	99849738	primary
PR00251	Lx	40	94220417	primary
PR00251	Lx	41	94220417	primary
PR00251	Lx	42	94220417	primary
PR00251	Lx	43	87363188	primary
PR00251	Lx	44	87363188	primary
PR00251	Lx	45	87363188	primary
PR00251	Lx	46	81215417	primary
PR00251	Lx	47	81215417	primary
PR00251	Lx	48	76015124	primary
PR00251	Lx	49	76015124	primary
PR00251	Lx	50	75729370	primary
PR00251	Lx	51	75729370	primary
PR00251	Lx	52	75729370	primary
PR00251	Lx	53	75632745	primary
PR00251	Lx	54	75632745	primary
PR00251	Lx	55	69507445	primary
PR00251	Lx	56	69507445	primary
PR00251	Lx	57	68123524	primary
PR00251	Lx	58	68123524	primary
PR00251	Lx	59	61613522	primary
PR00251	Lx	60	61613522	primary
PR00251	Lx	61	56048309	primary
PR00251	Lx	62	55301528	primary
PR00251	Lx	63	55301528	primary
PR00251	Lx	64	54003339	primary
PR00251	Lx	65	54003339	primary
PR00251	Lx	66	52625103	primary
PR00251	Lx	67	49616921	primary
PR00251	Lx	68	49616921	primary
PR00251	Lx	69	48071587	primary
PR00251	Lx	70	45731584	primary
PR00251	Lx	71	45731584	primary
PR00251	Lx	72	45632665	primary
PR00251	Lx	73	42306533	primary
PR00251	Lx	74	40068748	primary
PR00251	Lx	75	39752687	primary
PR00251	Lx	76	39752687	primary
PR00251	Lx	77	39674792	primary
PR00251	Lx	78	38532211	primary
PR00251	Lx	79	32297354	primary
PR00251	Lx	80	30975588	primary
PR00251	Lx	81	30025928	primary
PR00251	Lx	82	29991041	primary
PR00251	Lx	83	27006255	primary
PR00251	Lx	84	26050375	primary
PR00251	Lx	85	22298576	primary
PR00251	Lx	86	17520975	primary
PR00251	Lx	87	16015494	primary
PR00251	Lx	88	14044070	primary
PR00251	Lx	89	12432823	primary
PR00251	Lx	90	11858169	primary
PR00251	Lx	91	10811961	primary
PR00251	Lx	92	9845676	primary
PR00251	Lx	93	8150700	primary
PR00251	Lx	94	7126412	primary
PR00251	Lx	95	4896846	primary
PR00251	Lx	96	4405539	primary
PR00251	Lx	97	3399794	primary
PR00251	Lx	98	2388760	primary
PR00251	Lx	99	1583627	primary
PR00251	Lx	100	15174	primary
PR00251	NGx	1	174868631	primary
PR00251	NGx	2	174868631	primary
PR00251	NGx	3	174868631	primary
PR00251	NGx	4	174868631	primary
PR00251	NGx	5	174868631	primary
PR00251	NGx	6	174174841	primary
PR00251	NGx	7	174174841	primary
PR00251	NGx	8	174174841	primary
PR00251	NGx	9	174174841	primary
PR00251	NGx	10	174174841	primary
PR00251	NGx	11	174174841	primary
PR00251	NGx	12	149043724	primary
PR00251	NGx	13	149043724	primary
PR00251	NGx	14	149043724	primary
PR00251	NGx	15	149043724	primary
PR00251	NGx	16	149043724	primary
PR00251	NGx	17	137979020	primary
PR00251	NGx	18	137979020	primary
PR00251	NGx	19	137979020	primary
PR00251	NGx	20	137979020	primary
PR00251	NGx	21	137979020	primary
PR00251	NGx	22	137106487	primary
PR00251	NGx	23	137106487	primary
PR00251	NGx	24	137106487	primary
PR00251	NGx	25	137106487	primary
PR00251	NGx	26	126857329	primary
PR00251	NGx	27	126857329	primary
PR00251	NGx	28	126857329	primary
PR00251	NGx	29	126857329	primary
PR00251	NGx	30	125779736	primary
PR00251	NGx	31	125779736	primary
PR00251	NGx	32	125779736	primary
PR00251	NGx	33	125779736	primary
PR00251	NGx	34	106625687	primary
PR00251	NGx	35	106625687	primary
PR00251	NGx	36	106625687	primary
PR00251	NGx	37	106625687	primary
PR00251	NGx	38	100643588	primary
PR00251	NGx	39	100643588	primary
PR00251	NGx	40	100643588	primary
PR00251	NGx	41	99849738	primary
PR00251	NGx	42	99849738	primary
PR00251	NGx	43	99849738	primary
PR00251	NGx	44	99849738	primary
PR00251	NGx	45	94220417	primary
PR00251	NGx	46	94220417	primary
PR00251	NGx	47	94220417	primary
PR00251	NGx	48	87363188	primary
PR00251	NGx	49	87363188	primary
PR00251	NGx	50	87363188	primary
PR00251	NGx	51	81215417	primary
PR00251	NGx	52	81215417	primary
PR00251	NGx	53	76015124	primary
PR00251	NGx	54	76015124	primary
PR00251	NGx	55	76015124	primary
PR00251	NGx	56	75729370	primary
PR00251	NGx	57	75729370	primary
PR00251	NGx	58	75632745	primary
PR00251	NGx	59	75632745	primary
PR00251	NGx	60	75632745	primary
PR00251	NGx	61	69507445	primary
PR00251	NGx	62	69507445	primary
PR00251	NGx	63	68123524	primary
PR00251	NGx	64	68123524	primary
PR00251	NGx	65	61613522	primary
PR00251	NGx	66	61613522	primary
PR00251	NGx	67	56048309	primary
PR00251	NGx	68	56048309	primary
PR00251	NGx	69	55301528	primary
PR00251	NGx	70	55301528	primary
PR00251	NGx	71	54003339	primary
PR00251	NGx	72	54003339	primary
PR00251	NGx	73	52625103	primary
PR00251	NGx	74	52625103	primary
PR00251	NGx	75	49616921	primary
PR00251	NGx	76	48071587	primary
PR00251	NGx	77	48071587	primary
PR00251	NGx	78	45731584	primary
PR00251	NGx	79	45632665	primary
PR00251	NGx	80	45632665	primary
PR00251	NGx	81	42306533	primary
PR00251	NGx	82	40068748	primary
PR00251	NGx	83	40068748	primary
PR00251	NGx	84	39752687	primary
PR00251	NGx	85	39674792	primary
PR00251	NGx	86	38532211	primary
PR00251	NGx	87	38532211	primary
PR00251	NGx	88	32297354	primary
PR00251	NGx	89	30975588	primary
PR00251	NGx	90	30025928	primary
PR00251	NGx	91	29991041	primary
PR00251	NGx	92	28956288	primary
PR00251	NGx	93	27006255	primary
PR00251	NGx	94	22298576	primary
PR00251	NGx	95	19193734	primary
PR00251	NGx	96	16752071	primary
PR00251	NGx	97	14102785	primary
PR00251	NGx	98	13258720	primary
PR00251	NGx	99	12432823	primary
PR00251	NGx	100	11858169	primary
PR00251	LGx	1	1	primary
PR00251	LGx	2	1	primary
PR00251	LGx	3	1	primary
PR00251	LGx	4	1	primary
PR00251	LGx	5	1	primary
PR00251	LGx	6	2	primary
PR00251	LGx	7	2	primary
PR00251	LGx	8	2	primary
PR00251	LGx	9	2	primary
PR00251	LGx	10	2	primary
PR00251	LGx	11	2	primary
PR00251	LGx	12	3	primary
PR00251	LGx	13	3	primary
PR00251	LGx	14	3	primary
PR00251	LGx	15	3	primary
PR00251	LGx	16	3	primary
PR00251	LGx	17	4	primary
PR00251	LGx	18	4	primary
PR00251	LGx	19	4	primary
PR00251	LGx	20	4	primary
PR00251	LGx	21	4	primary
PR00251	LGx	22	5	primary
PR00251	LGx	23	5	primary
PR00251	LGx	24	5	primary
PR00251	LGx	25	5	primary
PR00251	LGx	26	6	primary
PR00251	LGx	27	6	primary
PR00251	LGx	28	6	primary
PR00251	LGx	29	6	primary
PR00251	LGx	30	7	primary
PR00251	LGx	31	7	primary
PR00251	LGx	32	7	primary
PR00251	LGx	33	7	primary
PR00251	LGx	34	8	primary
PR00251	LGx	35	8	primary
PR00251	LGx	36	8	primary
PR00251	LGx	37	8	primary
PR00251	LGx	38	9	primary
PR00251	LGx	39	9	primary
PR00251	LGx	40	9	primary
PR00251	LGx	41	10	primary
PR00251	LGx	42	10	primary
PR00251	LGx	43	10	primary
PR00251	LGx	44	10	primary
PR00251	LGx	45	11	primary
PR00251	LGx	46	11	primary
PR00251	LGx	47	11	primary
PR00251	LGx	48	12	primary
PR00251	LGx	49	12	primary
PR00251	LGx	50	12	primary
PR00251	LGx	51	13	primary
PR00251	LGx	52	13	primary
PR00251	LGx	53	14	primary
PR00251	LGx	54	14	primary
PR00251	LGx	55	14	primary
PR00251	LGx	56	15	primary
PR00251	LGx	57	15	primary
PR00251	LGx	58	16	primary
PR00251	LGx	59	16	primary
PR00251	LGx	60	16	primary
PR00251	LGx	61	17	primary
PR00251	LGx	62	17	primary
PR00251	LGx	63	18	primary
PR00251	LGx	64	18	primary
PR00251	LGx	65	19	primary
PR00251	LGx	66	19	primary
PR00251	LGx	67	20	primary
PR00251	LGx	68	20	primary
PR00251	LGx	69	21	primary
PR00251	LGx	70	21	primary
PR00251	LGx	71	22	primary
PR00251	LGx	72	22	primary
PR00251	LGx	73	23	primary
PR00251	LGx	74	23	primary
PR00251	LGx	75	24	primary
PR00251	LGx	76	25	primary
PR00251	LGx	77	25	primary
PR00251	LGx	78	26	primary
PR00251	LGx	79	27	primary
PR00251	LGx	80	27	primary
PR00251	LGx	81	28	primary
PR00251	LGx	82	29	primary
PR00251	LGx	83	29	primary
PR00251	LGx	84	30	primary
PR00251	LGx	85	31	primary
PR00251	LGx	86	32	primary
PR00251	LGx	87	32	primary
PR00251	LGx	88	33	primary
PR00251	LGx	89	34	primary
PR00251	LGx	90	35	primary
PR00251	LGx	91	36	primary
PR00251	LGx	92	37	primary
PR00251	LGx	93	38	primary
PR00251	LGx	94	40	primary
PR00251	LGx	95	41	primary
PR00251	LGx	96	43	primary
PR00251	LGx	97	45	primary
PR00251	LGx	98	47	primary
PR00251	LGx	99	49	primary
PR00251	LGx	100	52	primary
PR00366	auN	3175165263	419.12878	hap1
PR00366	auNG	3018593705	440.86856	hap1
PR00366	Nx	1	155083539	hap1
PR00366	Nx	2	155083539	hap1
PR00366	Nx	3	155083539	hap1
PR00366	Nx	4	155083539	hap1
PR00366	Nx	5	131674669	hap1
PR00366	Nx	6	131674669	hap1
PR00366	Nx	7	131674669	hap1
PR00366	Nx	8	131674669	hap1
PR00366	Nx	9	131674669	hap1
PR00366	Nx	10	111215298	hap1
PR00366	Nx	11	111215298	hap1
PR00366	Nx	12	111215298	hap1
PR00366	Nx	13	105156557	hap1
PR00366	Nx	14	105156557	hap1
PR00366	Nx	15	105156557	hap1
PR00366	Nx	16	94985570	hap1
PR00366	Nx	17	94985570	hap1
PR00366	Nx	18	94985570	hap1
PR00366	Nx	19	91552151	hap1
PR00366	Nx	20	91552151	hap1
PR00366	Nx	21	91552151	hap1
PR00366	Nx	22	89583595	hap1
PR00366	Nx	23	89583595	hap1
PR00366	Nx	24	89583595	hap1
PR00366	Nx	25	87883351	hap1
PR00366	Nx	26	87883351	hap1
PR00366	Nx	27	87883351	hap1
PR00366	Nx	28	80239595	hap1
PR00366	Nx	29	80239595	hap1
PR00366	Nx	30	74825547	hap1
PR00366	Nx	31	74825547	hap1
PR00366	Nx	32	74825547	hap1
PR00366	Nx	33	63938773	hap1
PR00366	Nx	34	63938773	hap1
PR00366	Nx	35	63358588	hap1
PR00366	Nx	36	63358588	hap1
PR00366	Nx	37	56946708	hap1
PR00366	Nx	38	56469476	hap1
PR00366	Nx	39	56469476	hap1
PR00366	Nx	40	53055775	hap1
PR00366	Nx	41	53055775	hap1
PR00366	Nx	42	52195114	hap1
PR00366	Nx	43	52195114	hap1
PR00366	Nx	44	51512019	hap1
PR00366	Nx	45	50990314	hap1
PR00366	Nx	46	50990314	hap1
PR00366	Nx	47	44617705	hap1
PR00366	Nx	48	44190518	hap1
PR00366	Nx	49	44190518	hap1
PR00366	Nx	50	42583276	hap1
PR00366	Nx	51	40696355	hap1
PR00366	Nx	52	39676191	hap1
PR00366	Nx	53	39180314	hap1
PR00366	Nx	54	39180314	hap1
PR00366	Nx	55	39135878	hap1
PR00366	Nx	56	37746470	hap1
PR00366	Nx	57	35830503	hap1
PR00366	Nx	58	34097411	hap1
PR00366	Nx	59	33608469	hap1
PR00366	Nx	60	33448159	hap1
PR00366	Nx	61	32983275	hap1
PR00366	Nx	62	32789010	hap1
PR00366	Nx	63	32789010	hap1
PR00366	Nx	64	32068661	hap1
PR00366	Nx	65	31704367	hap1
PR00366	Nx	66	28936641	hap1
PR00366	Nx	67	28118119	hap1
PR00366	Nx	68	27680818	hap1
PR00366	Nx	69	26920390	hap1
PR00366	Nx	70	26571960	hap1
PR00366	Nx	71	25075184	hap1
PR00366	Nx	72	21069202	hap1
PR00366	Nx	73	19878229	hap1
PR00366	Nx	74	18915532	hap1
PR00366	Nx	75	17720248	hap1
PR00366	Nx	76	16652171	hap1
PR00366	Nx	77	15851656	hap1
PR00366	Nx	78	13239637	hap1
PR00366	Nx	79	12780191	hap1
PR00366	Nx	80	12158594	hap1
PR00366	Nx	81	12115615	hap1
PR00366	Nx	82	11518629	hap1
PR00366	Nx	83	10518387	hap1
PR00366	Nx	84	9975007	hap1
PR00366	Nx	85	9101418	hap1
PR00366	Nx	86	7565049	hap1
PR00366	Nx	87	6551348	hap1
PR00366	Nx	88	5795406	hap1
PR00366	Nx	89	5322523	hap1
PR00366	Nx	90	5084242	hap1
PR00366	Nx	91	4599489	hap1
PR00366	Nx	92	4091334	hap1
PR00366	Nx	93	3402678	hap1
PR00366	Nx	94	2619787	hap1
PR00366	Nx	95	2193613	hap1
PR00366	Nx	96	1516881	hap1
PR00366	Nx	97	1093216	hap1
PR00366	Nx	98	708567	hap1
PR00366	Nx	99	259419	hap1
PR00366	Nx	100	13418	hap1
PR00366	Lx	1	155083539	hap1
PR00366	Lx	2	155083539	hap1
PR00366	Lx	3	155083539	hap1
PR00366	Lx	4	155083539	hap1
PR00366	Lx	5	131674669	hap1
PR00366	Lx	6	131674669	hap1
PR00366	Lx	7	131674669	hap1
PR00366	Lx	8	131674669	hap1
PR00366	Lx	9	131674669	hap1
PR00366	Lx	10	111215298	hap1
PR00366	Lx	11	111215298	hap1
PR00366	Lx	12	111215298	hap1
PR00366	Lx	13	105156557	hap1
PR00366	Lx	14	105156557	hap1
PR00366	Lx	15	105156557	hap1
PR00366	Lx	16	94985570	hap1
PR00366	Lx	17	94985570	hap1
PR00366	Lx	18	94985570	hap1
PR00366	Lx	19	91552151	hap1
PR00366	Lx	20	91552151	hap1
PR00366	Lx	21	91552151	hap1
PR00366	Lx	22	89583595	hap1
PR00366	Lx	23	89583595	hap1
PR00366	Lx	24	89583595	hap1
PR00366	Lx	25	87883351	hap1
PR00366	Lx	26	87883351	hap1
PR00366	Lx	27	87883351	hap1
PR00366	Lx	28	80239595	hap1
PR00366	Lx	29	80239595	hap1
PR00366	Lx	30	74825547	hap1
PR00366	Lx	31	74825547	hap1
PR00366	Lx	32	74825547	hap1
PR00366	Lx	33	63938773	hap1
PR00366	Lx	34	63938773	hap1
PR00366	Lx	35	63358588	hap1
PR00366	Lx	36	63358588	hap1
PR00366	Lx	37	56946708	hap1
PR00366	Lx	38	56469476	hap1
PR00366	Lx	39	56469476	hap1
PR00366	Lx	40	53055775	hap1
PR00366	Lx	41	53055775	hap1
PR00366	Lx	42	52195114	hap1
PR00366	Lx	43	52195114	hap1
PR00366	Lx	44	51512019	hap1
PR00366	Lx	45	50990314	hap1
PR00366	Lx	46	50990314	hap1
PR00366	Lx	47	44617705	hap1
PR00366	Lx	48	44190518	hap1
PR00366	Lx	49	44190518	hap1
PR00366	Lx	50	42583276	hap1
PR00366	Lx	51	40696355	hap1
PR00366	Lx	52	39676191	hap1
PR00366	Lx	53	39180314	hap1
PR00366	Lx	54	39180314	hap1
PR00366	Lx	55	39135878	hap1
PR00366	Lx	56	37746470	hap1
PR00366	Lx	57	35830503	hap1
PR00366	Lx	58	34097411	hap1
PR00366	Lx	59	33608469	hap1
PR00366	Lx	60	33448159	hap1
PR00366	Lx	61	32983275	hap1
PR00366	Lx	62	32789010	hap1
PR00366	Lx	63	32789010	hap1
PR00366	Lx	64	32068661	hap1
PR00366	Lx	65	31704367	hap1
PR00366	Lx	66	28936641	hap1
PR00366	Lx	67	28118119	hap1
PR00366	Lx	68	27680818	hap1
PR00366	Lx	69	26920390	hap1
PR00366	Lx	70	26571960	hap1
PR00366	Lx	71	25075184	hap1
PR00366	Lx	72	21069202	hap1
PR00366	Lx	73	19878229	hap1
PR00366	Lx	74	18915532	hap1
PR00366	Lx	75	17720248	hap1
PR00366	Lx	76	16652171	hap1
PR00366	Lx	77	15851656	hap1
PR00366	Lx	78	13239637	hap1
PR00366	Lx	79	12780191	hap1
PR00366	Lx	80	12158594	hap1
PR00366	Lx	81	12115615	hap1
PR00366	Lx	82	11518629	hap1
PR00366	Lx	83	10518387	hap1
PR00366	Lx	84	9975007	hap1
PR00366	Lx	85	9101418	hap1
PR00366	Lx	86	7565049	hap1
PR00366	Lx	87	6551348	hap1
PR00366	Lx	88	5795406	hap1
PR00366	Lx	89	5322523	hap1
PR00366	Lx	90	5084242	hap1
PR00366	Lx	91	4599489	hap1
PR00366	Lx	92	4091334	hap1
PR00366	Lx	93	3402678	hap1
PR00366	Lx	94	2619787	hap1
PR00366	Lx	95	2193613	hap1
PR00366	Lx	96	1516881	hap1
PR00366	Lx	97	1093216	hap1
PR00366	Lx	98	708567	hap1
PR00366	Lx	99	259419	hap1
PR00366	Lx	100	13418	hap1
PR00366	NGx	1	155083539	hap1
PR00366	NGx	2	155083539	hap1
PR00366	NGx	3	155083539	hap1
PR00366	NGx	4	155083539	hap1
PR00366	NGx	5	155083539	hap1
PR00366	NGx	6	131674669	hap1
PR00366	NGx	7	131674669	hap1
PR00366	NGx	8	131674669	hap1
PR00366	NGx	9	131674669	hap1
PR00366	NGx	10	111215298	hap1
PR00366	NGx	11	111215298	hap1
PR00366	NGx	12	111215298	hap1
PR00366	NGx	13	111215298	hap1
PR00366	NGx	14	105156557	hap1
PR00366	NGx	15	105156557	hap1
PR00366	NGx	16	105156557	hap1
PR00366	NGx	17	94985570	hap1
PR00366	NGx	18	94985570	hap1
PR00366	NGx	19	94985570	hap1
PR00366	NGx	20	91552151	hap1
PR00366	NGx	21	91552151	hap1
PR00366	NGx	22	91552151	hap1
PR00366	NGx	23	89583595	hap1
PR00366	NGx	24	89583595	hap1
PR00366	NGx	25	89583595	hap1
PR00366	NGx	26	87883351	hap1
PR00366	NGx	27	87883351	hap1
PR00366	NGx	28	87883351	hap1
PR00366	NGx	29	80239595	hap1
PR00366	NGx	30	80239595	hap1
PR00366	NGx	31	80239595	hap1
PR00366	NGx	32	74825547	hap1
PR00366	NGx	33	74825547	hap1
PR00366	NGx	34	63938773	hap1
PR00366	NGx	35	63938773	hap1
PR00366	NGx	36	63358588	hap1
PR00366	NGx	37	63358588	hap1
PR00366	NGx	38	63358588	hap1
PR00366	NGx	39	56946708	hap1
PR00366	NGx	40	56469476	hap1
PR00366	NGx	41	56469476	hap1
PR00366	NGx	42	53055775	hap1
PR00366	NGx	43	53055775	hap1
PR00366	NGx	44	52195114	hap1
PR00366	NGx	45	52195114	hap1
PR00366	NGx	46	51512019	hap1
PR00366	NGx	47	51512019	hap1
PR00366	NGx	48	50990314	hap1
PR00366	NGx	49	44617705	hap1
PR00366	NGx	50	44617705	hap1
PR00366	NGx	51	44190518	hap1
PR00366	NGx	52	42583276	hap1
PR00366	NGx	53	42583276	hap1
PR00366	NGx	54	40696355	hap1
PR00366	NGx	55	39676191	hap1
PR00366	NGx	56	39180314	hap1
PR00366	NGx	57	39180314	hap1
PR00366	NGx	58	39135878	hap1
PR00366	NGx	59	37746470	hap1
PR00366	NGx	60	35830503	hap1
PR00366	NGx	61	34097411	hap1
PR00366	NGx	62	33608469	hap1
PR00366	NGx	63	33608469	hap1
PR00366	NGx	64	33448159	hap1
PR00366	NGx	65	32983275	hap1
PR00366	NGx	66	32789010	hap1
PR00366	NGx	67	32068661	hap1
PR00366	NGx	68	31704367	hap1
PR00366	NGx	69	30545543	hap1
PR00366	NGx	70	28936641	hap1
PR00366	NGx	71	28118119	hap1
PR00366	NGx	72	27680818	hap1
PR00366	NGx	73	26920390	hap1
PR00366	NGx	74	26571960	hap1
PR00366	NGx	75	21544214	hap1
PR00366	NGx	76	21069202	hap1
PR00366	NGx	77	19407617	hap1
PR00366	NGx	78	18915532	hap1
PR00366	NGx	79	17720248	hap1
PR00366	NGx	80	16652171	hap1
PR00366	NGx	81	15851656	hap1
PR00366	NGx	82	13239637	hap1
PR00366	NGx	83	12780191	hap1
PR00366	NGx	84	12635247	hap1
PR00366	NGx	85	12115615	hap1
PR00366	NGx	86	11732996	hap1
PR00366	NGx	87	11226498	hap1
PR00366	NGx	88	9999402	hap1
PR00366	NGx	89	9199462	hap1
PR00366	NGx	90	8139821	hap1
PR00366	NGx	91	6996674	hap1
PR00366	NGx	92	6419060	hap1
PR00366	NGx	93	5766255	hap1
PR00366	NGx	94	5263813	hap1
PR00366	NGx	95	4880719	hap1
PR00366	NGx	96	4536389	hap1
PR00366	NGx	97	3985322	hap1
PR00366	NGx	98	3394969	hap1
PR00366	NGx	99	2597014	hap1
PR00366	NGx	100	2176568	hap1
PR00366	LGx	1	1	hap1
PR00366	LGx	2	1	hap1
PR00366	LGx	3	1	hap1
PR00366	LGx	4	1	hap1
PR00366	LGx	5	1	hap1
PR00366	LGx	6	2	hap1
PR00366	LGx	7	2	hap1
PR00366	LGx	8	2	hap1
PR00366	LGx	9	2	hap1
PR00366	LGx	10	3	hap1
PR00366	LGx	11	3	hap1
PR00366	LGx	12	3	hap1
PR00366	LGx	13	3	hap1
PR00366	LGx	14	4	hap1
PR00366	LGx	15	4	hap1
PR00366	LGx	16	4	hap1
PR00366	LGx	17	5	hap1
PR00366	LGx	18	5	hap1
PR00366	LGx	19	5	hap1
PR00366	LGx	20	6	hap1
PR00366	LGx	21	6	hap1
PR00366	LGx	22	6	hap1
PR00366	LGx	23	7	hap1
PR00366	LGx	24	7	hap1
PR00366	LGx	25	7	hap1
PR00366	LGx	26	8	hap1
PR00366	LGx	27	8	hap1
PR00366	LGx	28	8	hap1
PR00366	LGx	29	9	hap1
PR00366	LGx	30	9	hap1
PR00366	LGx	31	9	hap1
PR00366	LGx	32	10	hap1
PR00366	LGx	33	10	hap1
PR00366	LGx	34	11	hap1
PR00366	LGx	35	11	hap1
PR00366	LGx	36	12	hap1
PR00366	LGx	37	12	hap1
PR00366	LGx	38	12	hap1
PR00366	LGx	39	13	hap1
PR00366	LGx	40	14	hap1
PR00366	LGx	41	14	hap1
PR00366	LGx	42	15	hap1
PR00366	LGx	43	15	hap1
PR00366	LGx	44	16	hap1
PR00366	LGx	45	16	hap1
PR00366	LGx	46	17	hap1
PR00366	LGx	47	17	hap1
PR00366	LGx	48	18	hap1
PR00366	LGx	49	19	hap1
PR00366	LGx	50	19	hap1
PR00366	LGx	51	20	hap1
PR00366	LGx	52	21	hap1
PR00366	LGx	53	21	hap1
PR00366	LGx	54	22	hap1
PR00366	LGx	55	23	hap1
PR00366	LGx	56	24	hap1
PR00366	LGx	57	24	hap1
PR00366	LGx	58	25	hap1
PR00366	LGx	59	26	hap1
PR00366	LGx	60	27	hap1
PR00366	LGx	61	28	hap1
PR00366	LGx	62	29	hap1
PR00366	LGx	63	29	hap1
PR00366	LGx	64	30	hap1
PR00366	LGx	65	31	hap1
PR00366	LGx	66	32	hap1
PR00366	LGx	67	33	hap1
PR00366	LGx	68	34	hap1
PR00366	LGx	69	35	hap1
PR00366	LGx	70	36	hap1
PR00366	LGx	71	37	hap1
PR00366	LGx	72	38	hap1
PR00366	LGx	73	39	hap1
PR00366	LGx	74	40	hap1
PR00366	LGx	75	42	hap1
PR00366	LGx	76	43	hap1
PR00366	LGx	77	45	hap1
PR00366	LGx	78	46	hap1
PR00366	LGx	79	48	hap1
PR00366	LGx	80	50	hap1
PR00366	LGx	81	51	hap1
PR00366	LGx	82	54	hap1
PR00366	LGx	83	56	hap1
PR00366	LGx	84	58	hap1
PR00366	LGx	85	61	hap1
PR00366	LGx	86	63	hap1
PR00366	LGx	87	66	hap1
PR00366	LGx	88	69	hap1
PR00366	LGx	89	72	hap1
PR00366	LGx	90	75	hap1
PR00366	LGx	91	79	hap1
PR00366	LGx	92	84	hap1
PR00366	LGx	93	89	hap1
PR00366	LGx	94	94	hap1
PR00366	LGx	95	100	hap1
PR00366	LGx	96	107	hap1
PR00366	LGx	97	114	hap1
PR00366	LGx	98	122	hap1
PR00366	LGx	99	132	hap1
PR00366	LGx	100	145	hap1
PR00366	auN	3137161290	412.0033	hap2
PR00366	auNG	3018593705	428.1864	hap2
PR00366	Nx	1	143286804	hap2
PR00366	Nx	2	143286804	hap2
PR00366	Nx	3	143286804	hap2
PR00366	Nx	4	143286804	hap2
PR00366	Nx	5	127150469	hap2
PR00366	Nx	6	127150469	hap2
PR00366	Nx	7	127150469	hap2
PR00366	Nx	8	127150469	hap2
PR00366	Nx	9	97373613	hap2
PR00366	Nx	10	97373613	hap2
PR00366	Nx	11	97373613	hap2
PR00366	Nx	12	68247028	hap2
PR00366	Nx	13	68247028	hap2
PR00366	Nx	14	65636278	hap2
PR00366	Nx	15	65636278	hap2
PR00366	Nx	16	65374175	hap2
PR00366	Nx	17	65374175	hap2
PR00366	Nx	18	65374175	hap2
PR00366	Nx	19	63695871	hap2
PR00366	Nx	20	63695871	hap2
PR00366	Nx	21	63120730	hap2
PR00366	Nx	22	63120730	hap2
PR00366	Nx	23	59686837	hap2
PR00366	Nx	24	59686837	hap2
PR00366	Nx	25	58193731	hap2
PR00366	Nx	26	58109035	hap2
PR00366	Nx	27	58109035	hap2
PR00366	Nx	28	56923254	hap2
PR00366	Nx	29	56923254	hap2
PR00366	Nx	30	56245580	hap2
PR00366	Nx	31	56245580	hap2
PR00366	Nx	32	54212618	hap2
PR00366	Nx	33	54212618	hap2
PR00366	Nx	34	53415571	hap2
PR00366	Nx	35	52942658	hap2
PR00366	Nx	36	52942658	hap2
PR00366	Nx	37	52511278	hap2
PR00366	Nx	38	52511278	hap2
PR00366	Nx	39	47566421	hap2
PR00366	Nx	40	47326008	hap2
PR00366	Nx	41	47326008	hap2
PR00366	Nx	42	46961771	hap2
PR00366	Nx	43	44593759	hap2
PR00366	Nx	44	44593759	hap2
PR00366	Nx	45	42665265	hap2
PR00366	Nx	46	41519799	hap2
PR00366	Nx	47	35710448	hap2
PR00366	Nx	48	34204762	hap2
PR00366	Nx	49	34104769	hap2
PR00366	Nx	50	34104769	hap2
PR00366	Nx	51	31892064	hap2
PR00366	Nx	52	31568315	hap2
PR00366	Nx	53	30490095	hap2
PR00366	Nx	54	29604504	hap2
PR00366	Nx	55	27770853	hap2
PR00366	Nx	56	27449778	hap2
PR00366	Nx	57	27305347	hap2
PR00366	Nx	58	26417563	hap2
PR00366	Nx	59	24447348	hap2
PR00366	Nx	60	23480815	hap2
PR00366	Nx	61	23443910	hap2
PR00366	Nx	62	23370092	hap2
PR00366	Nx	63	22451790	hap2
PR00366	Nx	64	21377398	hap2
PR00366	Nx	65	20134986	hap2
PR00366	Nx	66	19988774	hap2
PR00366	Nx	67	18542592	hap2
PR00366	Nx	68	17344259	hap2
PR00366	Nx	69	17140991	hap2
PR00366	Nx	70	16021245	hap2
PR00366	Nx	71	15096518	hap2
PR00366	Nx	72	13579590	hap2
PR00366	Nx	73	12279710	hap2
PR00366	Nx	74	11864758	hap2
PR00366	Nx	75	10374794	hap2
PR00366	Nx	76	10198132	hap2
PR00366	Nx	77	9877342	hap2
PR00366	Nx	78	9497263	hap2
PR00366	Nx	79	8737287	hap2
PR00366	Nx	80	8079925	hap2
PR00366	Nx	81	7702960	hap2
PR00366	Nx	82	7408439	hap2
PR00366	Nx	83	6871686	hap2
PR00366	Nx	84	6101440	hap2
PR00366	Nx	85	5386078	hap2
PR00366	Nx	86	4884463	hap2
PR00366	Nx	87	4676807	hap2
PR00366	Nx	88	4278115	hap2
PR00366	Nx	89	3929186	hap2
PR00366	Nx	90	3575564	hap2
PR00366	Nx	91	3251080	hap2
PR00366	Nx	92	2910503	hap2
PR00366	Nx	93	2651378	hap2
PR00366	Nx	94	2440313	hap2
PR00366	Nx	95	2066129	hap2
PR00366	Nx	96	1781854	hap2
PR00366	Nx	97	1136592	hap2
PR00366	Nx	98	798406	hap2
PR00366	Nx	99	408663	hap2
PR00366	Nx	100	8836	hap2
PR00366	Lx	1	143286804	hap2
PR00366	Lx	2	143286804	hap2
PR00366	Lx	3	143286804	hap2
PR00366	Lx	4	143286804	hap2
PR00366	Lx	5	127150469	hap2
PR00366	Lx	6	127150469	hap2
PR00366	Lx	7	127150469	hap2
PR00366	Lx	8	127150469	hap2
PR00366	Lx	9	97373613	hap2
PR00366	Lx	10	97373613	hap2
PR00366	Lx	11	97373613	hap2
PR00366	Lx	12	68247028	hap2
PR00366	Lx	13	68247028	hap2
PR00366	Lx	14	65636278	hap2
PR00366	Lx	15	65636278	hap2
PR00366	Lx	16	65374175	hap2
PR00366	Lx	17	65374175	hap2
PR00366	Lx	18	65374175	hap2
PR00366	Lx	19	63695871	hap2
PR00366	Lx	20	63695871	hap2
PR00366	Lx	21	63120730	hap2
PR00366	Lx	22	63120730	hap2
PR00366	Lx	23	59686837	hap2
PR00366	Lx	24	59686837	hap2
PR00366	Lx	25	58193731	hap2
PR00366	Lx	26	58109035	hap2
PR00366	Lx	27	58109035	hap2
PR00366	Lx	28	56923254	hap2
PR00366	Lx	29	56923254	hap2
PR00366	Lx	30	56245580	hap2
PR00366	Lx	31	56245580	hap2
PR00366	Lx	32	54212618	hap2
PR00366	Lx	33	54212618	hap2
PR00366	Lx	34	53415571	hap2
PR00366	Lx	35	52942658	hap2
PR00366	Lx	36	52942658	hap2
PR00366	Lx	37	52511278	hap2
PR00366	Lx	38	52511278	hap2
PR00366	Lx	39	47566421	hap2
PR00366	Lx	40	47326008	hap2
PR00366	Lx	41	47326008	hap2
PR00366	Lx	42	46961771	hap2
PR00366	Lx	43	44593759	hap2
PR00366	Lx	44	44593759	hap2
PR00366	Lx	45	42665265	hap2
PR00366	Lx	46	41519799	hap2
PR00366	Lx	47	35710448	hap2
PR00366	Lx	48	34204762	hap2
PR00366	Lx	49	34104769	hap2
PR00366	Lx	50	34104769	hap2
PR00366	Lx	51	31892064	hap2
PR00366	Lx	52	31568315	hap2
PR00366	Lx	53	30490095	hap2
PR00366	Lx	54	29604504	hap2
PR00366	Lx	55	27770853	hap2
PR00366	Lx	56	27449778	hap2
PR00366	Lx	57	27305347	hap2
PR00366	Lx	58	26417563	hap2
PR00366	Lx	59	24447348	hap2
PR00366	Lx	60	23480815	hap2
PR00366	Lx	61	23443910	hap2
PR00366	Lx	62	23370092	hap2
PR00366	Lx	63	22451790	hap2
PR00366	Lx	64	21377398	hap2
PR00366	Lx	65	20134986	hap2
PR00366	Lx	66	19988774	hap2
PR00366	Lx	67	18542592	hap2
PR00366	Lx	68	17344259	hap2
PR00366	Lx	69	17140991	hap2
PR00366	Lx	70	16021245	hap2
PR00366	Lx	71	15096518	hap2
PR00366	Lx	72	13579590	hap2
PR00366	Lx	73	12279710	hap2
PR00366	Lx	74	11864758	hap2
PR00366	Lx	75	10374794	hap2
PR00366	Lx	76	10198132	hap2
PR00366	Lx	77	9877342	hap2
PR00366	Lx	78	9497263	hap2
PR00366	Lx	79	8737287	hap2
PR00366	Lx	80	8079925	hap2
PR00366	Lx	81	7702960	hap2
PR00366	Lx	82	7408439	hap2
PR00366	Lx	83	6871686	hap2
PR00366	Lx	84	6101440	hap2
PR00366	Lx	85	5386078	hap2
PR00366	Lx	86	4884463	hap2
PR00366	Lx	87	4676807	hap2
PR00366	Lx	88	4278115	hap2
PR00366	Lx	89	3929186	hap2
PR00366	Lx	90	3575564	hap2
PR00366	Lx	91	3251080	hap2
PR00366	Lx	92	2910503	hap2
PR00366	Lx	93	2651378	hap2
PR00366	Lx	94	2440313	hap2
PR00366	Lx	95	2066129	hap2
PR00366	Lx	96	1781854	hap2
PR00366	Lx	97	1136592	hap2
PR00366	Lx	98	798406	hap2
PR00366	Lx	99	408663	hap2
PR00366	Lx	100	8836	hap2
PR00366	NGx	1	143286804	hap2
PR00366	NGx	2	143286804	hap2
PR00366	NGx	3	143286804	hap2
PR00366	NGx	4	143286804	hap2
PR00366	NGx	5	127150469	hap2
PR00366	NGx	6	127150469	hap2
PR00366	NGx	7	127150469	hap2
PR00366	NGx	8	127150469	hap2
PR00366	NGx	9	97373613	hap2
PR00366	NGx	10	97373613	hap2
PR00366	NGx	11	97373613	hap2
PR00366	NGx	12	97373613	hap2
PR00366	NGx	13	68247028	hap2
PR00366	NGx	14	68247028	hap2
PR00366	NGx	15	65636278	hap2
PR00366	NGx	16	65636278	hap2
PR00366	NGx	17	65374175	hap2
PR00366	NGx	18	65374175	hap2
PR00366	NGx	19	63695871	hap2
PR00366	NGx	20	63695871	hap2
PR00366	NGx	21	63120730	hap2
PR00366	NGx	22	63120730	hap2
PR00366	NGx	23	59686837	hap2
PR00366	NGx	24	59686837	hap2
PR00366	NGx	25	58193731	hap2
PR00366	NGx	26	58193731	hap2
PR00366	NGx	27	58109035	hap2
PR00366	NGx	28	58109035	hap2
PR00366	NGx	29	56923254	hap2
PR00366	NGx	30	56923254	hap2
PR00366	NGx	31	56245580	hap2
PR00366	NGx	32	56245580	hap2
PR00366	NGx	33	54212618	hap2
PR00366	NGx	34	54212618	hap2
PR00366	NGx	35	53415571	hap2
PR00366	NGx	36	53415571	hap2
PR00366	NGx	37	52942658	hap2
PR00366	NGx	38	52511278	hap2
PR00366	NGx	39	52511278	hap2
PR00366	NGx	40	47566421	hap2
PR00366	NGx	41	47566421	hap2
PR00366	NGx	42	47326008	hap2
PR00366	NGx	43	46961771	hap2
PR00366	NGx	44	46961771	hap2
PR00366	NGx	45	44593759	hap2
PR00366	NGx	46	42665265	hap2
PR00366	NGx	47	42665265	hap2
PR00366	NGx	48	41519799	hap2
PR00366	NGx	49	35710448	hap2
PR00366	NGx	50	34204762	hap2
PR00366	NGx	51	34104769	hap2
PR00366	NGx	52	34104769	hap2
PR00366	NGx	53	31892064	hap2
PR00366	NGx	54	31568315	hap2
PR00366	NGx	55	30490095	hap2
PR00366	NGx	56	29604504	hap2
PR00366	NGx	57	28137276	hap2
PR00366	NGx	58	27449778	hap2
PR00366	NGx	59	27305347	hap2
PR00366	NGx	60	26417563	hap2
PR00366	NGx	61	24447348	hap2
PR00366	NGx	62	24100713	hap2
PR00366	NGx	63	23480815	hap2
PR00366	NGx	64	23370092	hap2
PR00366	NGx	65	22764726	hap2
PR00366	NGx	66	22451790	hap2
PR00366	NGx	67	20465641	hap2
PR00366	NGx	68	20134986	hap2
PR00366	NGx	69	19174859	hap2
PR00366	NGx	70	18542592	hap2
PR00366	NGx	71	17344259	hap2
PR00366	NGx	72	17060611	hap2
PR00366	NGx	73	15965125	hap2
PR00366	NGx	74	14763234	hap2
PR00366	NGx	75	13456522	hap2
PR00366	NGx	76	12279710	hap2
PR00366	NGx	77	10889286	hap2
PR00366	NGx	78	10349932	hap2
PR00366	NGx	79	10198132	hap2
PR00366	NGx	80	9901373	hap2
PR00366	NGx	81	9497263	hap2
PR00366	NGx	82	8737287	hap2
PR00366	NGx	83	8093446	hap2
PR00366	NGx	84	7758933	hap2
PR00366	NGx	85	7562448	hap2
PR00366	NGx	86	6983563	hap2
PR00366	NGx	87	6297088	hap2
PR00366	NGx	88	5668569	hap2
PR00366	NGx	89	5169323	hap2
PR00366	NGx	90	4718513	hap2
PR00366	NGx	91	4387395	hap2
PR00366	NGx	92	4056620	hap2
PR00366	NGx	93	3699592	hap2
PR00366	NGx	94	3374224	hap2
PR00366	NGx	95	3063821	hap2
PR00366	NGx	96	2791511	hap2
PR00366	NGx	97	2613856	hap2
PR00366	NGx	98	2302627	hap2
PR00366	NGx	99	1982596	hap2
PR00366	NGx	100	1642243	hap2
PR00366	LGx	1	1	hap2
PR00366	LGx	2	1	hap2
PR00366	LGx	3	1	hap2
PR00366	LGx	4	1	hap2
PR00366	LGx	5	2	hap2
PR00366	LGx	6	2	hap2
PR00366	LGx	7	2	hap2
PR00366	LGx	8	2	hap2
PR00366	LGx	9	3	hap2
PR00366	LGx	10	3	hap2
PR00366	LGx	11	3	hap2
PR00366	LGx	12	3	hap2
PR00366	LGx	13	4	hap2
PR00366	LGx	14	4	hap2
PR00366	LGx	15	5	hap2
PR00366	LGx	16	5	hap2
PR00366	LGx	17	6	hap2
PR00366	LGx	18	6	hap2
PR00366	LGx	19	7	hap2
PR00366	LGx	20	7	hap2
PR00366	LGx	21	8	hap2
PR00366	LGx	22	8	hap2
PR00366	LGx	23	9	hap2
PR00366	LGx	24	9	hap2
PR00366	LGx	25	10	hap2
PR00366	LGx	26	10	hap2
PR00366	LGx	27	11	hap2
PR00366	LGx	28	11	hap2
PR00366	LGx	29	12	hap2
PR00366	LGx	30	12	hap2
PR00366	LGx	31	13	hap2
PR00366	LGx	32	13	hap2
PR00366	LGx	33	14	hap2
PR00366	LGx	34	14	hap2
PR00366	LGx	35	15	hap2
PR00366	LGx	36	15	hap2
PR00366	LGx	37	16	hap2
PR00366	LGx	38	17	hap2
PR00366	LGx	39	17	hap2
PR00366	LGx	40	18	hap2
PR00366	LGx	41	18	hap2
PR00366	LGx	42	19	hap2
PR00366	LGx	43	20	hap2
PR00366	LGx	44	20	hap2
PR00366	LGx	45	21	hap2
PR00366	LGx	46	22	hap2
PR00366	LGx	47	22	hap2
PR00366	LGx	48	23	hap2
PR00366	LGx	49	24	hap2
PR00366	LGx	50	25	hap2
PR00366	LGx	51	26	hap2
PR00366	LGx	52	26	hap2
PR00366	LGx	53	27	hap2
PR00366	LGx	54	28	hap2
PR00366	LGx	55	29	hap2
PR00366	LGx	56	30	hap2
PR00366	LGx	57	31	hap2
PR00366	LGx	58	33	hap2
PR00366	LGx	59	34	hap2
PR00366	LGx	60	35	hap2
PR00366	LGx	61	36	hap2
PR00366	LGx	62	37	hap2
PR00366	LGx	63	38	hap2
PR00366	LGx	64	40	hap2
PR00366	LGx	65	41	hap2
PR00366	LGx	66	42	hap2
PR00366	LGx	67	44	hap2
PR00366	LGx	68	45	hap2
PR00366	LGx	69	47	hap2
PR00366	LGx	70	48	hap2
PR00366	LGx	71	50	hap2
PR00366	LGx	72	52	hap2
PR00366	LGx	73	54	hap2
PR00366	LGx	74	56	hap2
PR00366	LGx	75	58	hap2
PR00366	LGx	76	60	hap2
PR00366	LGx	77	63	hap2
PR00366	LGx	78	66	hap2
PR00366	LGx	79	68	hap2
PR00366	LGx	80	71	hap2
PR00366	LGx	81	75	hap2
PR00366	LGx	82	78	hap2
PR00366	LGx	83	81	hap2
PR00366	LGx	84	85	hap2
PR00366	LGx	85	89	hap2
PR00366	LGx	86	93	hap2
PR00366	LGx	87	98	hap2
PR00366	LGx	88	103	hap2
PR00366	LGx	89	108	hap2
PR00366	LGx	90	115	hap2
PR00366	LGx	91	121	hap2
PR00366	LGx	92	128	hap2
PR00366	LGx	93	136	hap2
PR00366	LGx	94	145	hap2
PR00366	LGx	95	154	hap2
PR00366	LGx	96	164	hap2
PR00366	LGx	97	175	hap2
PR00366	LGx	98	188	hap2
PR00366	LGx	99	202	hap2
PR00366	LGx	100	218	hap2
PR00366	auN	3322460718	160.56552	primary
PR00366	auNG	3018593705	176.72885	primary
PR00366	Nx	1	156607430	primary
PR00366	Nx	2	156607430	primary
PR00366	Nx	3	156607430	primary
PR00366	Nx	4	156607430	primary
PR00366	Nx	5	155071772	primary
PR00366	Nx	6	155071772	primary
PR00366	Nx	7	155071772	primary
PR00366	Nx	8	155071772	primary
PR00366	Nx	9	155071772	primary
PR00366	Nx	10	132572593	primary
PR00366	Nx	11	132572593	primary
PR00366	Nx	12	132572593	primary
PR00366	Nx	13	132572593	primary
PR00366	Nx	14	127150469	primary
PR00366	Nx	15	127150469	primary
PR00366	Nx	16	127150469	primary
PR00366	Nx	17	127150469	primary
PR00366	Nx	18	124067367	primary
PR00366	Nx	19	124067367	primary
PR00366	Nx	20	124067367	primary
PR00366	Nx	21	111219066	primary
PR00366	Nx	22	111219066	primary
PR00366	Nx	23	111219066	primary
PR00366	Nx	24	111219066	primary
PR00366	Nx	25	105179605	primary
PR00366	Nx	26	105179605	primary
PR00366	Nx	27	105179605	primary
PR00366	Nx	28	99967244	primary
PR00366	Nx	29	99967244	primary
PR00366	Nx	30	99967244	primary
PR00366	Nx	31	93075219	primary
PR00366	Nx	32	93075219	primary
PR00366	Nx	33	93075219	primary
PR00366	Nx	34	92743197	primary
PR00366	Nx	35	92743197	primary
PR00366	Nx	36	92743197	primary
PR00366	Nx	37	91967826	primary
PR00366	Nx	38	91967826	primary
PR00366	Nx	39	91600996	primary
PR00366	Nx	40	91600996	primary
PR00366	Nx	41	91600996	primary
PR00366	Nx	42	87522628	primary
PR00366	Nx	43	87522628	primary
PR00366	Nx	44	87522628	primary
PR00366	Nx	45	84323573	primary
PR00366	Nx	46	84323573	primary
PR00366	Nx	47	82465041	primary
PR00366	Nx	48	82465041	primary
PR00366	Nx	49	82465041	primary
PR00366	Nx	50	78090936	primary
PR00366	Nx	51	78090936	primary
PR00366	Nx	52	72875167	primary
PR00366	Nx	53	72875167	primary
PR00366	Nx	54	68282070	primary
PR00366	Nx	55	68282070	primary
PR00366	Nx	56	66849393	primary
PR00366	Nx	57	66849393	primary
PR00366	Nx	58	65636278	primary
PR00366	Nx	59	65636278	primary
PR00366	Nx	60	65245656	primary
PR00366	Nx	61	65245656	primary
PR00366	Nx	62	63938773	primary
PR00366	Nx	63	63938773	primary
PR00366	Nx	64	63740294	primary
PR00366	Nx	65	63740294	primary
PR00366	Nx	66	59100631	primary
PR00366	Nx	67	59100631	primary
PR00366	Nx	68	58193731	primary
PR00366	Nx	69	58193731	primary
PR00366	Nx	70	56245580	primary
PR00366	Nx	71	44190518	primary
PR00366	Nx	72	44190518	primary
PR00366	Nx	73	43404799	primary
PR00366	Nx	74	42668951	primary
PR00366	Nx	75	42325637	primary
PR00366	Nx	76	42325637	primary
PR00366	Nx	77	41948029	primary
PR00366	Nx	78	41739555	primary
PR00366	Nx	79	39676191	primary
PR00366	Nx	80	36661062	primary
PR00366	Nx	81	34236974	primary
PR00366	Nx	82	32333899	primary
PR00366	Nx	83	30795582	primary
PR00366	Nx	84	28936641	primary
PR00366	Nx	85	26920390	primary
PR00366	Nx	86	24322262	primary
PR00366	Nx	87	19670311	primary
PR00366	Nx	88	19350253	primary
PR00366	Nx	89	17411760	primary
PR00366	Nx	90	13467180	primary
PR00366	Nx	91	11967828	primary
PR00366	Nx	92	11490946	primary
PR00366	Nx	93	9398661	primary
PR00366	Nx	94	6514693	primary
PR00366	Nx	95	4777581	primary
PR00366	Nx	96	3760998	primary
PR00366	Nx	97	3060577	primary
PR00366	Nx	98	2047909	primary
PR00366	Nx	99	1028004	primary
PR00366	Nx	100	11985	primary
PR00366	Lx	1	156607430	primary
PR00366	Lx	2	156607430	primary
PR00366	Lx	3	156607430	primary
PR00366	Lx	4	156607430	primary
PR00366	Lx	5	155071772	primary
PR00366	Lx	6	155071772	primary
PR00366	Lx	7	155071772	primary
PR00366	Lx	8	155071772	primary
PR00366	Lx	9	155071772	primary
PR00366	Lx	10	132572593	primary
PR00366	Lx	11	132572593	primary
PR00366	Lx	12	132572593	primary
PR00366	Lx	13	132572593	primary
PR00366	Lx	14	127150469	primary
PR00366	Lx	15	127150469	primary
PR00366	Lx	16	127150469	primary
PR00366	Lx	17	127150469	primary
PR00366	Lx	18	124067367	primary
PR00366	Lx	19	124067367	primary
PR00366	Lx	20	124067367	primary
PR00366	Lx	21	111219066	primary
PR00366	Lx	22	111219066	primary
PR00366	Lx	23	111219066	primary
PR00366	Lx	24	111219066	primary
PR00366	Lx	25	105179605	primary
PR00366	Lx	26	105179605	primary
PR00366	Lx	27	105179605	primary
PR00366	Lx	28	99967244	primary
PR00366	Lx	29	99967244	primary
PR00366	Lx	30	99967244	primary
PR00366	Lx	31	93075219	primary
PR00366	Lx	32	93075219	primary
PR00366	Lx	33	93075219	primary
PR00366	Lx	34	92743197	primary
PR00366	Lx	35	92743197	primary
PR00366	Lx	36	92743197	primary
PR00366	Lx	37	91967826	primary
PR00366	Lx	38	91967826	primary
PR00366	Lx	39	91600996	primary
PR00366	Lx	40	91600996	primary
PR00366	Lx	41	91600996	primary
PR00366	Lx	42	87522628	primary
PR00366	Lx	43	87522628	primary
PR00366	Lx	44	87522628	primary
PR00366	Lx	45	84323573	primary
PR00366	Lx	46	84323573	primary
PR00366	Lx	47	82465041	primary
PR00366	Lx	48	82465041	primary
PR00366	Lx	49	82465041	primary
PR00366	Lx	50	78090936	primary
PR00366	Lx	51	78090936	primary
PR00366	Lx	52	72875167	primary
PR00366	Lx	53	72875167	primary
PR00366	Lx	54	68282070	primary
PR00366	Lx	55	68282070	primary
PR00366	Lx	56	66849393	primary
PR00366	Lx	57	66849393	primary
PR00366	Lx	58	65636278	primary
PR00366	Lx	59	65636278	primary
PR00366	Lx	60	65245656	primary
PR00366	Lx	61	65245656	primary
PR00366	Lx	62	63938773	primary
PR00366	Lx	63	63938773	primary
PR00366	Lx	64	63740294	primary
PR00366	Lx	65	63740294	primary
PR00366	Lx	66	59100631	primary
PR00366	Lx	67	59100631	primary
PR00366	Lx	68	58193731	primary
PR00366	Lx	69	58193731	primary
PR00366	Lx	70	56245580	primary
PR00366	Lx	71	44190518	primary
PR00366	Lx	72	44190518	primary
PR00366	Lx	73	43404799	primary
PR00366	Lx	74	42668951	primary
PR00366	Lx	75	42325637	primary
PR00366	Lx	76	42325637	primary
PR00366	Lx	77	41948029	primary
PR00366	Lx	78	41739555	primary
PR00366	Lx	79	39676191	primary
PR00366	Lx	80	36661062	primary
PR00366	Lx	81	34236974	primary
PR00366	Lx	82	32333899	primary
PR00366	Lx	83	30795582	primary
PR00366	Lx	84	28936641	primary
PR00366	Lx	85	26920390	primary
PR00366	Lx	86	24322262	primary
PR00366	Lx	87	19670311	primary
PR00366	Lx	88	19350253	primary
PR00366	Lx	89	17411760	primary
PR00366	Lx	90	13467180	primary
PR00366	Lx	91	11967828	primary
PR00366	Lx	92	11490946	primary
PR00366	Lx	93	9398661	primary
PR00366	Lx	94	6514693	primary
PR00366	Lx	95	4777581	primary
PR00366	Lx	96	3760998	primary
PR00366	Lx	97	3060577	primary
PR00366	Lx	98	2047909	primary
PR00366	Lx	99	1028004	primary
PR00366	Lx	100	11985	primary
PR00366	NGx	1	156607430	primary
PR00366	NGx	2	156607430	primary
PR00366	NGx	3	156607430	primary
PR00366	NGx	4	156607430	primary
PR00366	NGx	5	156607430	primary
PR00366	NGx	6	155071772	primary
PR00366	NGx	7	155071772	primary
PR00366	NGx	8	155071772	primary
PR00366	NGx	9	155071772	primary
PR00366	NGx	10	155071772	primary
PR00366	NGx	11	132572593	primary
PR00366	NGx	12	132572593	primary
PR00366	NGx	13	132572593	primary
PR00366	NGx	14	132572593	primary
PR00366	NGx	15	127150469	primary
PR00366	NGx	16	127150469	primary
PR00366	NGx	17	127150469	primary
PR00366	NGx	18	127150469	primary
PR00366	NGx	19	124067367	primary
PR00366	NGx	20	124067367	primary
PR00366	NGx	21	124067367	primary
PR00366	NGx	22	124067367	primary
PR00366	NGx	23	124067367	primary
PR00366	NGx	24	111219066	primary
PR00366	NGx	25	111219066	primary
PR00366	NGx	26	111219066	primary
PR00366	NGx	27	105179605	primary
PR00366	NGx	28	105179605	primary
PR00366	NGx	29	105179605	primary
PR00366	NGx	30	105179605	primary
PR00366	NGx	31	99967244	primary
PR00366	NGx	32	99967244	primary
PR00366	NGx	33	99967244	primary
PR00366	NGx	34	93075219	primary
PR00366	NGx	35	93075219	primary
PR00366	NGx	36	93075219	primary
PR00366	NGx	37	92743197	primary
PR00366	NGx	38	92743197	primary
PR00366	NGx	39	92743197	primary
PR00366	NGx	40	91967826	primary
PR00366	NGx	41	91967826	primary
PR00366	NGx	42	91967826	primary
PR00366	NGx	43	91600996	primary
PR00366	NGx	44	91600996	primary
PR00366	NGx	45	91600996	primary
PR00366	NGx	46	87522628	primary
PR00366	NGx	47	87522628	primary
PR00366	NGx	48	87522628	primary
PR00366	NGx	49	84323573	primary
PR00366	NGx	50	84323573	primary
PR00366	NGx	51	84323573	primary
PR00366	NGx	52	82465041	primary
PR00366	NGx	53	82465041	primary
PR00366	NGx	54	82465041	primary
PR00366	NGx	55	78090936	primary
PR00366	NGx	56	78090936	primary
PR00366	NGx	57	72875167	primary
PR00366	NGx	58	72875167	primary
PR00366	NGx	59	72875167	primary
PR00366	NGx	60	68282070	primary
PR00366	NGx	61	68282070	primary
PR00366	NGx	62	66849393	primary
PR00366	NGx	63	66849393	primary
PR00366	NGx	64	65636278	primary
PR00366	NGx	65	65636278	primary
PR00366	NGx	66	65245656	primary
PR00366	NGx	67	65245656	primary
PR00366	NGx	68	63938773	primary
PR00366	NGx	69	63938773	primary
PR00366	NGx	70	63938773	primary
PR00366	NGx	71	63740294	primary
PR00366	NGx	72	63740294	primary
PR00366	NGx	73	59100631	primary
PR00366	NGx	74	59100631	primary
PR00366	NGx	75	58193731	primary
PR00366	NGx	76	58193731	primary
PR00366	NGx	77	56245580	primary
PR00366	NGx	78	44190518	primary
PR00366	NGx	79	44190518	primary
PR00366	NGx	80	43404799	primary
PR00366	NGx	81	42668951	primary
PR00366	NGx	82	42668951	primary
PR00366	NGx	83	42325637	primary
PR00366	NGx	84	41948029	primary
PR00366	NGx	85	41948029	primary
PR00366	NGx	86	41739555	primary
PR00366	NGx	87	39676191	primary
PR00366	NGx	88	36661062	primary
PR00366	NGx	89	34236974	primary
PR00366	NGx	90	34236974	primary
PR00366	NGx	91	32333899	primary
PR00366	NGx	92	30795582	primary
PR00366	NGx	93	28936641	primary
PR00366	NGx	94	26920390	primary
PR00366	NGx	95	21100893	primary
PR00366	NGx	96	19670311	primary
PR00366	NGx	97	18915532	primary
PR00366	NGx	98	17411760	primary
PR00366	NGx	99	14358044	primary
PR00366	NGx	100	11967828	primary
PR00366	LGx	1	1	primary
PR00366	LGx	2	1	primary
PR00366	LGx	3	1	primary
PR00366	LGx	4	1	primary
PR00366	LGx	5	1	primary
PR00366	LGx	6	2	primary
PR00366	LGx	7	2	primary
PR00366	LGx	8	2	primary
PR00366	LGx	9	2	primary
PR00366	LGx	10	2	primary
PR00366	LGx	11	3	primary
PR00366	LGx	12	3	primary
PR00366	LGx	13	3	primary
PR00366	LGx	14	3	primary
PR00366	LGx	15	4	primary
PR00366	LGx	16	4	primary
PR00366	LGx	17	4	primary
PR00366	LGx	18	4	primary
PR00366	LGx	19	5	primary
PR00366	LGx	20	5	primary
PR00366	LGx	21	5	primary
PR00366	LGx	22	5	primary
PR00366	LGx	23	5	primary
PR00366	LGx	24	6	primary
PR00366	LGx	25	6	primary
PR00366	LGx	26	6	primary
PR00366	LGx	27	7	primary
PR00366	LGx	28	7	primary
PR00366	LGx	29	7	primary
PR00366	LGx	30	7	primary
PR00366	LGx	31	8	primary
PR00366	LGx	32	8	primary
PR00366	LGx	33	8	primary
PR00366	LGx	34	9	primary
PR00366	LGx	35	9	primary
PR00366	LGx	36	9	primary
PR00366	LGx	37	10	primary
PR00366	LGx	38	10	primary
PR00366	LGx	39	10	primary
PR00366	LGx	40	11	primary
PR00366	LGx	41	11	primary
PR00366	LGx	42	11	primary
PR00366	LGx	43	12	primary
PR00366	LGx	44	12	primary
PR00366	LGx	45	12	primary
PR00366	LGx	46	13	primary
PR00366	LGx	47	13	primary
PR00366	LGx	48	13	primary
PR00366	LGx	49	14	primary
PR00366	LGx	50	14	primary
PR00366	LGx	51	14	primary
PR00366	LGx	52	15	primary
PR00366	LGx	53	15	primary
PR00366	LGx	54	15	primary
PR00366	LGx	55	16	primary
PR00366	LGx	56	16	primary
PR00366	LGx	57	17	primary
PR00366	LGx	58	17	primary
PR00366	LGx	59	17	primary
PR00366	LGx	60	18	primary
PR00366	LGx	61	18	primary
PR00366	LGx	62	19	primary
PR00366	LGx	63	19	primary
PR00366	LGx	64	20	primary
PR00366	LGx	65	20	primary
PR00366	LGx	66	21	primary
PR00366	LGx	67	21	primary
PR00366	LGx	68	22	primary
PR00366	LGx	69	22	primary
PR00366	LGx	70	22	primary
PR00366	LGx	71	23	primary
PR00366	LGx	72	23	primary
PR00366	LGx	73	24	primary
PR00366	LGx	74	24	primary
PR00366	LGx	75	25	primary
PR00366	LGx	76	25	primary
PR00366	LGx	77	26	primary
PR00366	LGx	78	27	primary
PR00366	LGx	79	27	primary
PR00366	LGx	80	28	primary
PR00366	LGx	81	29	primary
PR00366	LGx	82	29	primary
PR00366	LGx	83	30	primary
PR00366	LGx	84	31	primary
PR00366	LGx	85	31	primary
PR00366	LGx	86	32	primary
PR00366	LGx	87	33	primary
PR00366	LGx	88	34	primary
PR00366	LGx	89	35	primary
PR00366	LGx	90	35	primary
PR00366	LGx	91	36	primary
PR00366	LGx	92	37	primary
PR00366	LGx	93	38	primary
PR00366	LGx	94	39	primary
PR00366	LGx	95	41	primary
PR00366	LGx	96	42	primary
PR00366	LGx	97	44	primary
PR00366	LGx	98	45	primary
PR00366	LGx	99	47	primary
PR00366	LGx	100	50	primary
PR00445	auN	3179590540	539.5114	hap1
PR00445	auNG	3018593705	568.2863	hap1
PR00445	Nx	1	129349760	hap1
PR00445	Nx	2	129349760	hap1
PR00445	Nx	3	129349760	hap1
PR00445	Nx	4	129349760	hap1
PR00445	Nx	5	112029473	hap1
PR00445	Nx	6	112029473	hap1
PR00445	Nx	7	112029473	hap1
PR00445	Nx	8	93371008	hap1
PR00445	Nx	9	93371008	hap1
PR00445	Nx	10	93371008	hap1
PR00445	Nx	11	82737595	hap1
PR00445	Nx	12	82737595	hap1
PR00445	Nx	13	82737595	hap1
PR00445	Nx	14	71531007	hap1
PR00445	Nx	15	71531007	hap1
PR00445	Nx	16	63281104	hap1
PR00445	Nx	17	63281104	hap1
PR00445	Nx	18	60554169	hap1
PR00445	Nx	19	60554169	hap1
PR00445	Nx	20	59893008	hap1
PR00445	Nx	21	59893008	hap1
PR00445	Nx	22	57817355	hap1
PR00445	Nx	23	54737805	hap1
PR00445	Nx	24	54737805	hap1
PR00445	Nx	25	54179457	hap1
PR00445	Nx	26	54179457	hap1
PR00445	Nx	27	51488616	hap1
PR00445	Nx	28	51488616	hap1
PR00445	Nx	29	49105476	hap1
PR00445	Nx	30	46933630	hap1
PR00445	Nx	31	46933630	hap1
PR00445	Nx	32	40511406	hap1
PR00445	Nx	33	40388382	hap1
PR00445	Nx	34	39890847	hap1
PR00445	Nx	35	39540443	hap1
PR00445	Nx	36	39540443	hap1
PR00445	Nx	37	39471401	hap1
PR00445	Nx	38	36639161	hap1
PR00445	Nx	39	36079718	hap1
PR00445	Nx	40	33437797	hap1
PR00445	Nx	41	33293060	hap1
PR00445	Nx	42	32094530	hap1
PR00445	Nx	43	29627262	hap1
PR00445	Nx	44	29597515	hap1
PR00445	Nx	45	29135669	hap1
PR00445	Nx	46	29129473	hap1
PR00445	Nx	47	28396398	hap1
PR00445	Nx	48	26447130	hap1
PR00445	Nx	49	24345603	hap1
PR00445	Nx	50	23504721	hap1
PR00445	Nx	51	22276818	hap1
PR00445	Nx	52	20317642	hap1
PR00445	Nx	53	20202244	hap1
PR00445	Nx	54	20019757	hap1
PR00445	Nx	55	19462956	hap1
PR00445	Nx	56	19396883	hap1
PR00445	Nx	57	18979884	hap1
PR00445	Nx	58	17727461	hap1
PR00445	Nx	59	17413544	hap1
PR00445	Nx	60	17048894	hap1
PR00445	Nx	61	16533625	hap1
PR00445	Nx	62	15791994	hap1
PR00445	Nx	63	15168685	hap1
PR00445	Nx	64	14646300	hap1
PR00445	Nx	65	12982798	hap1
PR00445	Nx	66	12652483	hap1
PR00445	Nx	67	12099563	hap1
PR00445	Nx	68	11991254	hap1
PR00445	Nx	69	11400267	hap1
PR00445	Nx	70	10897520	hap1
PR00445	Nx	71	10433142	hap1
PR00445	Nx	72	10164654	hap1
PR00445	Nx	73	9909379	hap1
PR00445	Nx	74	9745122	hap1
PR00445	Nx	75	9073721	hap1
PR00445	Nx	76	8649156	hap1
PR00445	Nx	77	8384207	hap1
PR00445	Nx	78	7252187	hap1
PR00445	Nx	79	6869335	hap1
PR00445	Nx	80	6760207	hap1
PR00445	Nx	81	5467473	hap1
PR00445	Nx	82	5089730	hap1
PR00445	Nx	83	4771356	hap1
PR00445	Nx	84	4337310	hap1
PR00445	Nx	85	3846558	hap1
PR00445	Nx	86	3489333	hap1
PR00445	Nx	87	3335967	hap1
PR00445	Nx	88	3054369	hap1
PR00445	Nx	89	2712035	hap1
PR00445	Nx	90	2523680	hap1
PR00445	Nx	91	2231690	hap1
PR00445	Nx	92	1950670	hap1
PR00445	Nx	93	1737645	hap1
PR00445	Nx	94	1471603	hap1
PR00445	Nx	95	1252899	hap1
PR00445	Nx	96	1007331	hap1
PR00445	Nx	97	748261	hap1
PR00445	Nx	98	553874	hap1
PR00445	Nx	99	267860	hap1
PR00445	Nx	100	11334	hap1
PR00445	Lx	1	129349760	hap1
PR00445	Lx	2	129349760	hap1
PR00445	Lx	3	129349760	hap1
PR00445	Lx	4	129349760	hap1
PR00445	Lx	5	112029473	hap1
PR00445	Lx	6	112029473	hap1
PR00445	Lx	7	112029473	hap1
PR00445	Lx	8	93371008	hap1
PR00445	Lx	9	93371008	hap1
PR00445	Lx	10	93371008	hap1
PR00445	Lx	11	82737595	hap1
PR00445	Lx	12	82737595	hap1
PR00445	Lx	13	82737595	hap1
PR00445	Lx	14	71531007	hap1
PR00445	Lx	15	71531007	hap1
PR00445	Lx	16	63281104	hap1
PR00445	Lx	17	63281104	hap1
PR00445	Lx	18	60554169	hap1
PR00445	Lx	19	60554169	hap1
PR00445	Lx	20	59893008	hap1
PR00445	Lx	21	59893008	hap1
PR00445	Lx	22	57817355	hap1
PR00445	Lx	23	54737805	hap1
PR00445	Lx	24	54737805	hap1
PR00445	Lx	25	54179457	hap1
PR00445	Lx	26	54179457	hap1
PR00445	Lx	27	51488616	hap1
PR00445	Lx	28	51488616	hap1
PR00445	Lx	29	49105476	hap1
PR00445	Lx	30	46933630	hap1
PR00445	Lx	31	46933630	hap1
PR00445	Lx	32	40511406	hap1
PR00445	Lx	33	40388382	hap1
PR00445	Lx	34	39890847	hap1
PR00445	Lx	35	39540443	hap1
PR00445	Lx	36	39540443	hap1
PR00445	Lx	37	39471401	hap1
PR00445	Lx	38	36639161	hap1
PR00445	Lx	39	36079718	hap1
PR00445	Lx	40	33437797	hap1
PR00445	Lx	41	33293060	hap1
PR00445	Lx	42	32094530	hap1
PR00445	Lx	43	29627262	hap1
PR00445	Lx	44	29597515	hap1
PR00445	Lx	45	29135669	hap1
PR00445	Lx	46	29129473	hap1
PR00445	Lx	47	28396398	hap1
PR00445	Lx	48	26447130	hap1
PR00445	Lx	49	24345603	hap1
PR00445	Lx	50	23504721	hap1
PR00445	Lx	51	22276818	hap1
PR00445	Lx	52	20317642	hap1
PR00445	Lx	53	20202244	hap1
PR00445	Lx	54	20019757	hap1
PR00445	Lx	55	19462956	hap1
PR00445	Lx	56	19396883	hap1
PR00445	Lx	57	18979884	hap1
PR00445	Lx	58	17727461	hap1
PR00445	Lx	59	17413544	hap1
PR00445	Lx	60	17048894	hap1
PR00445	Lx	61	16533625	hap1
PR00445	Lx	62	15791994	hap1
PR00445	Lx	63	15168685	hap1
PR00445	Lx	64	14646300	hap1
PR00445	Lx	65	12982798	hap1
PR00445	Lx	66	12652483	hap1
PR00445	Lx	67	12099563	hap1
PR00445	Lx	68	11991254	hap1
PR00445	Lx	69	11400267	hap1
PR00445	Lx	70	10897520	hap1
PR00445	Lx	71	10433142	hap1
PR00445	Lx	72	10164654	hap1
PR00445	Lx	73	9909379	hap1
PR00445	Lx	74	9745122	hap1
PR00445	Lx	75	9073721	hap1
PR00445	Lx	76	8649156	hap1
PR00445	Lx	77	8384207	hap1
PR00445	Lx	78	7252187	hap1
PR00445	Lx	79	6869335	hap1
PR00445	Lx	80	6760207	hap1
PR00445	Lx	81	5467473	hap1
PR00445	Lx	82	5089730	hap1
PR00445	Lx	83	4771356	hap1
PR00445	Lx	84	4337310	hap1
PR00445	Lx	85	3846558	hap1
PR00445	Lx	86	3489333	hap1
PR00445	Lx	87	3335967	hap1
PR00445	Lx	88	3054369	hap1
PR00445	Lx	89	2712035	hap1
PR00445	Lx	90	2523680	hap1
PR00445	Lx	91	2231690	hap1
PR00445	Lx	92	1950670	hap1
PR00445	Lx	93	1737645	hap1
PR00445	Lx	94	1471603	hap1
PR00445	Lx	95	1252899	hap1
PR00445	Lx	96	1007331	hap1
PR00445	Lx	97	748261	hap1
PR00445	Lx	98	553874	hap1
PR00445	Lx	99	267860	hap1
PR00445	Lx	100	11334	hap1
PR00445	NGx	1	129349760	hap1
PR00445	NGx	2	129349760	hap1
PR00445	NGx	3	129349760	hap1
PR00445	NGx	4	129349760	hap1
PR00445	NGx	5	112029473	hap1
PR00445	NGx	6	112029473	hap1
PR00445	NGx	7	112029473	hap1
PR00445	NGx	8	93371008	hap1
PR00445	NGx	9	93371008	hap1
PR00445	NGx	10	93371008	hap1
PR00445	NGx	11	93371008	hap1
PR00445	NGx	12	82737595	hap1
PR00445	NGx	13	82737595	hap1
PR00445	NGx	14	71531007	hap1
PR00445	NGx	15	71531007	hap1
PR00445	NGx	16	71531007	hap1
PR00445	NGx	17	63281104	hap1
PR00445	NGx	18	63281104	hap1
PR00445	NGx	19	60554169	hap1
PR00445	NGx	20	60554169	hap1
PR00445	NGx	21	59893008	hap1
PR00445	NGx	22	59893008	hap1
PR00445	NGx	23	57817355	hap1
PR00445	NGx	24	57817355	hap1
PR00445	NGx	25	54737805	hap1
PR00445	NGx	26	54737805	hap1
PR00445	NGx	27	54179457	hap1
PR00445	NGx	28	51488616	hap1
PR00445	NGx	29	51488616	hap1
PR00445	NGx	30	49105476	hap1
PR00445	NGx	31	49105476	hap1
PR00445	NGx	32	46933630	hap1
PR00445	NGx	33	40511406	hap1
PR00445	NGx	34	40511406	hap1
PR00445	NGx	35	40388382	hap1
PR00445	NGx	36	39890847	hap1
PR00445	NGx	37	39540443	hap1
PR00445	NGx	38	39540443	hap1
PR00445	NGx	39	39471401	hap1
PR00445	NGx	40	36639161	hap1
PR00445	NGx	41	36079718	hap1
PR00445	NGx	42	33437797	hap1
PR00445	NGx	43	33293060	hap1
PR00445	NGx	44	32094530	hap1
PR00445	NGx	45	29627262	hap1
PR00445	NGx	46	29597515	hap1
PR00445	NGx	47	29135669	hap1
PR00445	NGx	48	29129473	hap1
PR00445	NGx	49	28396398	hap1
PR00445	NGx	50	26447130	hap1
PR00445	NGx	51	25722510	hap1
PR00445	NGx	52	24345603	hap1
PR00445	NGx	53	23504721	hap1
PR00445	NGx	54	20661960	hap1
PR00445	NGx	55	20317642	hap1
PR00445	NGx	56	20115589	hap1
PR00445	NGx	57	20019757	hap1
PR00445	NGx	58	19462956	hap1
PR00445	NGx	59	19396883	hap1
PR00445	NGx	60	18979884	hap1
PR00445	NGx	61	17984676	hap1
PR00445	NGx	62	17413544	hap1
PR00445	NGx	63	17048894	hap1
PR00445	NGx	64	16533625	hap1
PR00445	NGx	65	15791994	hap1
PR00445	NGx	66	15428948	hap1
PR00445	NGx	67	14854302	hap1
PR00445	NGx	68	13350937	hap1
PR00445	NGx	69	12919896	hap1
PR00445	NGx	70	12377272	hap1
PR00445	NGx	71	12015369	hap1
PR00445	NGx	72	11812850	hap1
PR00445	NGx	73	11307234	hap1
PR00445	NGx	74	10542101	hap1
PR00445	NGx	75	10433142	hap1
PR00445	NGx	76	10164654	hap1
PR00445	NGx	77	9909379	hap1
PR00445	NGx	78	9650337	hap1
PR00445	NGx	79	9073721	hap1
PR00445	NGx	80	8649156	hap1
PR00445	NGx	81	8384207	hap1
PR00445	NGx	82	7252187	hap1
PR00445	NGx	83	6904014	hap1
PR00445	NGx	84	6771247	hap1
PR00445	NGx	85	5699005	hap1
PR00445	NGx	86	5128963	hap1
PR00445	NGx	87	4863264	hap1
PR00445	NGx	88	4467414	hap1
PR00445	NGx	89	4092773	hap1
PR00445	NGx	90	3675359	hap1
PR00445	NGx	91	3397381	hap1
PR00445	NGx	92	3283920	hap1
PR00445	NGx	93	3003746	hap1
PR00445	NGx	94	2700905	hap1
PR00445	NGx	95	2493407	hap1
PR00445	NGx	96	2203919	hap1
PR00445	NGx	97	1905762	hap1
PR00445	NGx	98	1710089	hap1
PR00445	NGx	99	1471603	hap1
PR00445	NGx	100	1270936	hap1
PR00445	LGx	1	1	hap1
PR00445	LGx	2	1	hap1
PR00445	LGx	3	1	hap1
PR00445	LGx	4	1	hap1
PR00445	LGx	5	2	hap1
PR00445	LGx	6	2	hap1
PR00445	LGx	7	2	hap1
PR00445	LGx	8	3	hap1
PR00445	LGx	9	3	hap1
PR00445	LGx	10	3	hap1
PR00445	LGx	11	3	hap1
PR00445	LGx	12	4	hap1
PR00445	LGx	13	4	hap1
PR00445	LGx	14	5	hap1
PR00445	LGx	15	5	hap1
PR00445	LGx	16	5	hap1
PR00445	LGx	17	6	hap1
PR00445	LGx	18	6	hap1
PR00445	LGx	19	7	hap1
PR00445	LGx	20	7	hap1
PR00445	LGx	21	8	hap1
PR00445	LGx	22	8	hap1
PR00445	LGx	23	9	hap1
PR00445	LGx	24	9	hap1
PR00445	LGx	25	10	hap1
PR00445	LGx	26	10	hap1
PR00445	LGx	27	11	hap1
PR00445	LGx	28	12	hap1
PR00445	LGx	29	12	hap1
PR00445	LGx	30	13	hap1
PR00445	LGx	31	13	hap1
PR00445	LGx	32	14	hap1
PR00445	LGx	33	15	hap1
PR00445	LGx	34	15	hap1
PR00445	LGx	35	16	hap1
PR00445	LGx	36	17	hap1
PR00445	LGx	37	18	hap1
PR00445	LGx	38	18	hap1
PR00445	LGx	39	19	hap1
PR00445	LGx	40	20	hap1
PR00445	LGx	41	21	hap1
PR00445	LGx	42	22	hap1
PR00445	LGx	43	23	hap1
PR00445	LGx	44	24	hap1
PR00445	LGx	45	25	hap1
PR00445	LGx	46	26	hap1
PR00445	LGx	47	27	hap1
PR00445	LGx	48	28	hap1
PR00445	LGx	49	29	hap1
PR00445	LGx	50	30	hap1
PR00445	LGx	51	31	hap1
PR00445	LGx	52	32	hap1
PR00445	LGx	53	33	hap1
PR00445	LGx	54	35	hap1
PR00445	LGx	55	36	hap1
PR00445	LGx	56	38	hap1
PR00445	LGx	57	39	hap1
PR00445	LGx	58	41	hap1
PR00445	LGx	59	42	hap1
PR00445	LGx	60	44	hap1
PR00445	LGx	61	45	hap1
PR00445	LGx	62	47	hap1
PR00445	LGx	63	49	hap1
PR00445	LGx	64	51	hap1
PR00445	LGx	65	53	hap1
PR00445	LGx	66	54	hap1
PR00445	LGx	67	56	hap1
PR00445	LGx	68	59	hap1
PR00445	LGx	69	61	hap1
PR00445	LGx	70	63	hap1
PR00445	LGx	71	66	hap1
PR00445	LGx	72	68	hap1
PR00445	LGx	73	71	hap1
PR00445	LGx	74	74	hap1
PR00445	LGx	75	76	hap1
PR00445	LGx	76	79	hap1
PR00445	LGx	77	82	hap1
PR00445	LGx	78	86	hap1
PR00445	LGx	79	89	hap1
PR00445	LGx	80	92	hap1
PR00445	LGx	81	96	hap1
PR00445	LGx	82	100	hap1
PR00445	LGx	83	104	hap1
PR00445	LGx	84	108	hap1
PR00445	LGx	85	113	hap1
PR00445	LGx	86	119	hap1
PR00445	LGx	87	125	hap1
PR00445	LGx	88	131	hap1
PR00445	LGx	89	138	hap1
PR00445	LGx	90	146	hap1
PR00445	LGx	91	154	hap1
PR00445	LGx	92	163	hap1
PR00445	LGx	93	173	hap1
PR00445	LGx	94	184	hap1
PR00445	LGx	95	195	hap1
PR00445	LGx	96	208	hap1
PR00445	LGx	97	223	hap1
PR00445	LGx	98	240	hap1
PR00445	LGx	99	259	hap1
PR00445	LGx	100	281	hap1
PR00445	auN	3136681422	512.8791	hap2
PR00445	auNG	3018593705	532.943	hap2
PR00445	Nx	1	111166738	hap2
PR00445	Nx	2	111166738	hap2
PR00445	Nx	3	111166738	hap2
PR00445	Nx	4	96436929	hap2
PR00445	Nx	5	96436929	hap2
PR00445	Nx	6	96436929	hap2
PR00445	Nx	7	90678870	hap2
PR00445	Nx	8	90678870	hap2
PR00445	Nx	9	90678870	hap2
PR00445	Nx	10	79826322	hap2
PR00445	Nx	11	79826322	hap2
PR00445	Nx	12	79826322	hap2
PR00445	Nx	13	75800325	hap2
PR00445	Nx	14	75800325	hap2
PR00445	Nx	15	74812482	hap2
PR00445	Nx	16	74812482	hap2
PR00445	Nx	17	69861194	hap2
PR00445	Nx	18	69861194	hap2
PR00445	Nx	19	69861194	hap2
PR00445	Nx	20	61893895	hap2
PR00445	Nx	21	61893895	hap2
PR00445	Nx	22	59564936	hap2
PR00445	Nx	23	58242179	hap2
PR00445	Nx	24	58242179	hap2
PR00445	Nx	25	48639420	hap2
PR00445	Nx	26	48639420	hap2
PR00445	Nx	27	44863841	hap2
PR00445	Nx	28	36635950	hap2
PR00445	Nx	29	35891460	hap2
PR00445	Nx	30	35891460	hap2
PR00445	Nx	31	32873219	hap2
PR00445	Nx	32	29821583	hap2
PR00445	Nx	33	28126848	hap2
PR00445	Nx	34	26919636	hap2
PR00445	Nx	35	26334900	hap2
PR00445	Nx	36	24821119	hap2
PR00445	Nx	37	24081827	hap2
PR00445	Nx	38	22279256	hap2
PR00445	Nx	39	21131804	hap2
PR00445	Nx	40	20683936	hap2
PR00445	Nx	41	20033263	hap2
PR00445	Nx	42	19704758	hap2
PR00445	Nx	43	19285623	hap2
PR00445	Nx	44	18843735	hap2
PR00445	Nx	45	18266398	hap2
PR00445	Nx	46	17958918	hap2
PR00445	Nx	47	17186179	hap2
PR00445	Nx	48	16632058	hap2
PR00445	Nx	49	16524462	hap2
PR00445	Nx	50	16138785	hap2
PR00445	Nx	51	15984423	hap2
PR00445	Nx	52	15230192	hap2
PR00445	Nx	53	14697617	hap2
PR00445	Nx	54	14086566	hap2
PR00445	Nx	55	13685405	hap2
PR00445	Nx	56	12939913	hap2
PR00445	Nx	57	12648652	hap2
PR00445	Nx	58	12513919	hap2
PR00445	Nx	59	12392173	hap2
PR00445	Nx	60	12016526	hap2
PR00445	Nx	61	11263328	hap2
PR00445	Nx	62	10927371	hap2
PR00445	Nx	63	10349172	hap2
PR00445	Nx	64	10185757	hap2
PR00445	Nx	65	9985076	hap2
PR00445	Nx	66	9704897	hap2
PR00445	Nx	67	9249182	hap2
PR00445	Nx	68	9074908	hap2
PR00445	Nx	69	8292361	hap2
PR00445	Nx	70	7825474	hap2
PR00445	Nx	71	7394015	hap2
PR00445	Nx	72	7161122	hap2
PR00445	Nx	73	6723478	hap2
PR00445	Nx	74	6624251	hap2
PR00445	Nx	75	6472998	hap2
PR00445	Nx	76	6215473	hap2
PR00445	Nx	77	5845388	hap2
PR00445	Nx	78	5451089	hap2
PR00445	Nx	79	5152910	hap2
PR00445	Nx	80	4918284	hap2
PR00445	Nx	81	4760598	hap2
PR00445	Nx	82	4524206	hap2
PR00445	Nx	83	4231355	hap2
PR00445	Nx	84	3914728	hap2
PR00445	Nx	85	3618921	hap2
PR00445	Nx	86	3281613	hap2
PR00445	Nx	87	3092153	hap2
PR00445	Nx	88	2771688	hap2
PR00445	Nx	89	2618399	hap2
PR00445	Nx	90	2358726	hap2
PR00445	Nx	91	2102818	hap2
PR00445	Nx	92	1843862	hap2
PR00445	Nx	93	1669814	hap2
PR00445	Nx	94	1377814	hap2
PR00445	Nx	95	1229598	hap2
PR00445	Nx	96	1010090	hap2
PR00445	Nx	97	717258	hap2
PR00445	Nx	98	547086	hap2
PR00445	Nx	99	304322	hap2
PR00445	Nx	100	16240	hap2
PR00445	Lx	1	111166738	hap2
PR00445	Lx	2	111166738	hap2
PR00445	Lx	3	111166738	hap2
PR00445	Lx	4	96436929	hap2
PR00445	Lx	5	96436929	hap2
PR00445	Lx	6	96436929	hap2
PR00445	Lx	7	90678870	hap2
PR00445	Lx	8	90678870	hap2
PR00445	Lx	9	90678870	hap2
PR00445	Lx	10	79826322	hap2
PR00445	Lx	11	79826322	hap2
PR00445	Lx	12	79826322	hap2
PR00445	Lx	13	75800325	hap2
PR00445	Lx	14	75800325	hap2
PR00445	Lx	15	74812482	hap2
PR00445	Lx	16	74812482	hap2
PR00445	Lx	17	69861194	hap2
PR00445	Lx	18	69861194	hap2
PR00445	Lx	19	69861194	hap2
PR00445	Lx	20	61893895	hap2
PR00445	Lx	21	61893895	hap2
PR00445	Lx	22	59564936	hap2
PR00445	Lx	23	58242179	hap2
PR00445	Lx	24	58242179	hap2
PR00445	Lx	25	48639420	hap2
PR00445	Lx	26	48639420	hap2
PR00445	Lx	27	44863841	hap2
PR00445	Lx	28	36635950	hap2
PR00445	Lx	29	35891460	hap2
PR00445	Lx	30	35891460	hap2
PR00445	Lx	31	32873219	hap2
PR00445	Lx	32	29821583	hap2
PR00445	Lx	33	28126848	hap2
PR00445	Lx	34	26919636	hap2
PR00445	Lx	35	26334900	hap2
PR00445	Lx	36	24821119	hap2
PR00445	Lx	37	24081827	hap2
PR00445	Lx	38	22279256	hap2
PR00445	Lx	39	21131804	hap2
PR00445	Lx	40	20683936	hap2
PR00445	Lx	41	20033263	hap2
PR00445	Lx	42	19704758	hap2
PR00445	Lx	43	19285623	hap2
PR00445	Lx	44	18843735	hap2
PR00445	Lx	45	18266398	hap2
PR00445	Lx	46	17958918	hap2
PR00445	Lx	47	17186179	hap2
PR00445	Lx	48	16632058	hap2
PR00445	Lx	49	16524462	hap2
PR00445	Lx	50	16138785	hap2
PR00445	Lx	51	15984423	hap2
PR00445	Lx	52	15230192	hap2
PR00445	Lx	53	14697617	hap2
PR00445	Lx	54	14086566	hap2
PR00445	Lx	55	13685405	hap2
PR00445	Lx	56	12939913	hap2
PR00445	Lx	57	12648652	hap2
PR00445	Lx	58	12513919	hap2
PR00445	Lx	59	12392173	hap2
PR00445	Lx	60	12016526	hap2
PR00445	Lx	61	11263328	hap2
PR00445	Lx	62	10927371	hap2
PR00445	Lx	63	10349172	hap2
PR00445	Lx	64	10185757	hap2
PR00445	Lx	65	9985076	hap2
PR00445	Lx	66	9704897	hap2
PR00445	Lx	67	9249182	hap2
PR00445	Lx	68	9074908	hap2
PR00445	Lx	69	8292361	hap2
PR00445	Lx	70	7825474	hap2
PR00445	Lx	71	7394015	hap2
PR00445	Lx	72	7161122	hap2
PR00445	Lx	73	6723478	hap2
PR00445	Lx	74	6624251	hap2
PR00445	Lx	75	6472998	hap2
PR00445	Lx	76	6215473	hap2
PR00445	Lx	77	5845388	hap2
PR00445	Lx	78	5451089	hap2
PR00445	Lx	79	5152910	hap2
PR00445	Lx	80	4918284	hap2
PR00445	Lx	81	4760598	hap2
PR00445	Lx	82	4524206	hap2
PR00445	Lx	83	4231355	hap2
PR00445	Lx	84	3914728	hap2
PR00445	Lx	85	3618921	hap2
PR00445	Lx	86	3281613	hap2
PR00445	Lx	87	3092153	hap2
PR00445	Lx	88	2771688	hap2
PR00445	Lx	89	2618399	hap2
PR00445	Lx	90	2358726	hap2
PR00445	Lx	91	2102818	hap2
PR00445	Lx	92	1843862	hap2
PR00445	Lx	93	1669814	hap2
PR00445	Lx	94	1377814	hap2
PR00445	Lx	95	1229598	hap2
PR00445	Lx	96	1010090	hap2
PR00445	Lx	97	717258	hap2
PR00445	Lx	98	547086	hap2
PR00445	Lx	99	304322	hap2
PR00445	Lx	100	16240	hap2
PR00445	NGx	1	111166738	hap2
PR00445	NGx	2	111166738	hap2
PR00445	NGx	3	111166738	hap2
PR00445	NGx	4	96436929	hap2
PR00445	NGx	5	96436929	hap2
PR00445	NGx	6	96436929	hap2
PR00445	NGx	7	90678870	hap2
PR00445	NGx	8	90678870	hap2
PR00445	NGx	9	90678870	hap2
PR00445	NGx	10	79826322	hap2
PR00445	NGx	11	79826322	hap2
PR00445	NGx	12	79826322	hap2
PR00445	NGx	13	75800325	hap2
PR00445	NGx	14	75800325	hap2
PR00445	NGx	15	75800325	hap2
PR00445	NGx	16	74812482	hap2
PR00445	NGx	17	74812482	hap2
PR00445	NGx	18	69861194	hap2
PR00445	NGx	19	69861194	hap2
PR00445	NGx	20	61893895	hap2
PR00445	NGx	21	61893895	hap2
PR00445	NGx	22	59564936	hap2
PR00445	NGx	23	59564936	hap2
PR00445	NGx	24	58242179	hap2
PR00445	NGx	25	58242179	hap2
PR00445	NGx	26	48639420	hap2
PR00445	NGx	27	48639420	hap2
PR00445	NGx	28	44863841	hap2
PR00445	NGx	29	36635950	hap2
PR00445	NGx	30	36635950	hap2
PR00445	NGx	31	35891460	hap2
PR00445	NGx	32	32873219	hap2
PR00445	NGx	33	29821583	hap2
PR00445	NGx	34	28126848	hap2
PR00445	NGx	35	27689622	hap2
PR00445	NGx	36	26919636	hap2
PR00445	NGx	37	24821119	hap2
PR00445	NGx	38	24081827	hap2
PR00445	NGx	39	23486252	hap2
PR00445	NGx	40	22279256	hap2
PR00445	NGx	41	20699265	hap2
PR00445	NGx	42	20683936	hap2
PR00445	NGx	43	19960888	hap2
PR00445	NGx	44	19704758	hap2
PR00445	NGx	45	19029413	hap2
PR00445	NGx	46	18843735	hap2
PR00445	NGx	47	18266398	hap2
PR00445	NGx	48	17904076	hap2
PR00445	NGx	49	17186179	hap2
PR00445	NGx	50	16632058	hap2
PR00445	NGx	51	16524462	hap2
PR00445	NGx	52	16138785	hap2
PR00445	NGx	53	15984423	hap2
PR00445	NGx	54	15230192	hap2
PR00445	NGx	55	14697617	hap2
PR00445	NGx	56	14086566	hap2
PR00445	NGx	57	13685405	hap2
PR00445	NGx	58	13172102	hap2
PR00445	NGx	59	12648652	hap2
PR00445	NGx	60	12521841	hap2
PR00445	NGx	61	12426054	hap2
PR00445	NGx	62	12017892	hap2
PR00445	NGx	63	11919744	hap2
PR00445	NGx	64	11107565	hap2
PR00445	NGx	65	10375806	hap2
PR00445	NGx	66	10201679	hap2
PR00445	NGx	67	10111634	hap2
PR00445	NGx	68	9800319	hap2
PR00445	NGx	69	9635129	hap2
PR00445	NGx	70	9151039	hap2
PR00445	NGx	71	8907631	hap2
PR00445	NGx	72	8217239	hap2
PR00445	NGx	73	7806864	hap2
PR00445	NGx	74	7368009	hap2
PR00445	NGx	75	7134929	hap2
PR00445	NGx	76	6723478	hap2
PR00445	NGx	77	6574760	hap2
PR00445	NGx	78	6472998	hap2
PR00445	NGx	79	6215473	hap2
PR00445	NGx	80	5845388	hap2
PR00445	NGx	81	5451089	hap2
PR00445	NGx	82	5196786	hap2
PR00445	NGx	83	4951595	hap2
PR00445	NGx	84	4797386	hap2
PR00445	NGx	85	4576291	hap2
PR00445	NGx	86	4308465	hap2
PR00445	NGx	87	3948205	hap2
PR00445	NGx	88	3711640	hap2
PR00445	NGx	89	3481482	hap2
PR00445	NGx	90	3166192	hap2
PR00445	NGx	91	2886199	hap2
PR00445	NGx	92	2695192	hap2
PR00445	NGx	93	2525193	hap2
PR00445	NGx	94	2243138	hap2
PR00445	NGx	95	1961516	hap2
PR00445	NGx	96	1789056	hap2
PR00445	NGx	97	1591405	hap2
PR00445	NGx	98	1325134	hap2
PR00445	NGx	99	1181766	hap2
PR00445	NGx	100	933578	hap2
PR00445	LGx	1	1	hap2
PR00445	LGx	2	1	hap2
PR00445	LGx	3	1	hap2
PR00445	LGx	4	2	hap2
PR00445	LGx	5	2	hap2
PR00445	LGx	6	2	hap2
PR00445	LGx	7	3	hap2
PR00445	LGx	8	3	hap2
PR00445	LGx	9	3	hap2
PR00445	LGx	10	4	hap2
PR00445	LGx	11	4	hap2
PR00445	LGx	12	4	hap2
PR00445	LGx	13	5	hap2
PR00445	LGx	14	5	hap2
PR00445	LGx	15	5	hap2
PR00445	LGx	16	6	hap2
PR00445	LGx	17	6	hap2
PR00445	LGx	18	7	hap2
PR00445	LGx	19	7	hap2
PR00445	LGx	20	8	hap2
PR00445	LGx	21	8	hap2
PR00445	LGx	22	9	hap2
PR00445	LGx	23	9	hap2
PR00445	LGx	24	10	hap2
PR00445	LGx	25	10	hap2
PR00445	LGx	26	11	hap2
PR00445	LGx	27	11	hap2
PR00445	LGx	28	12	hap2
PR00445	LGx	29	13	hap2
PR00445	LGx	30	13	hap2
PR00445	LGx	31	14	hap2
PR00445	LGx	32	15	hap2
PR00445	LGx	33	16	hap2
PR00445	LGx	34	17	hap2
PR00445	LGx	35	18	hap2
PR00445	LGx	36	19	hap2
PR00445	LGx	37	21	hap2
PR00445	LGx	38	22	hap2
PR00445	LGx	39	23	hap2
PR00445	LGx	40	24	hap2
PR00445	LGx	41	26	hap2
PR00445	LGx	42	27	hap2
PR00445	LGx	43	29	hap2
PR00445	LGx	44	30	hap2
PR00445	LGx	45	32	hap2
PR00445	LGx	46	33	hap2
PR00445	LGx	47	35	hap2
PR00445	LGx	48	37	hap2
PR00445	LGx	49	38	hap2
PR00445	LGx	50	40	hap2
PR00445	LGx	51	42	hap2
PR00445	LGx	52	44	hap2
PR00445	LGx	53	46	hap2
PR00445	LGx	54	48	hap2
PR00445	LGx	55	50	hap2
PR00445	LGx	56	52	hap2
PR00445	LGx	57	54	hap2
PR00445	LGx	58	56	hap2
PR00445	LGx	59	59	hap2
PR00445	LGx	60	61	hap2
PR00445	LGx	61	63	hap2
PR00445	LGx	62	66	hap2
PR00445	LGx	63	68	hap2
PR00445	LGx	64	71	hap2
PR00445	LGx	65	74	hap2
PR00445	LGx	66	77	hap2
PR00445	LGx	67	80	hap2
PR00445	LGx	68	83	hap2
PR00445	LGx	69	86	hap2
PR00445	LGx	70	89	hap2
PR00445	LGx	71	92	hap2
PR00445	LGx	72	96	hap2
PR00445	LGx	73	100	hap2
PR00445	LGx	74	104	hap2
PR00445	LGx	75	108	hap2
PR00445	LGx	76	112	hap2
PR00445	LGx	77	117	hap2
PR00445	LGx	78	121	hap2
PR00445	LGx	79	126	hap2
PR00445	LGx	80	131	hap2
PR00445	LGx	81	137	hap2
PR00445	LGx	82	142	hap2
PR00445	LGx	83	148	hap2
PR00445	LGx	84	154	hap2
PR00445	LGx	85	161	hap2
PR00445	LGx	86	168	hap2
PR00445	LGx	87	175	hap2
PR00445	LGx	88	183	hap2
PR00445	LGx	89	191	hap2
PR00445	LGx	90	200	hap2
PR00445	LGx	91	210	hap2
PR00445	LGx	92	221	hap2
PR00445	LGx	93	233	hap2
PR00445	LGx	94	246	hap2
PR00445	LGx	95	260	hap2
PR00445	LGx	96	276	hap2
PR00445	LGx	97	294	hap2
PR00445	LGx	98	315	hap2
PR00445	LGx	99	339	hap2
PR00445	LGx	100	368	hap2
PR00445	auN	3306247138	260.20938	primary
PR00445	auNG	3018593705	285.00574	primary
PR00445	Nx	1	133064173	primary
PR00445	Nx	2	133064173	primary
PR00445	Nx	3	133064173	primary
PR00445	Nx	4	133064173	primary
PR00445	Nx	5	111215221	primary
PR00445	Nx	6	111215221	primary
PR00445	Nx	7	111215221	primary
PR00445	Nx	8	93371008	primary
PR00445	Nx	9	93371008	primary
PR00445	Nx	10	93371008	primary
PR00445	Nx	11	91093342	primary
PR00445	Nx	12	91093342	primary
PR00445	Nx	13	90678870	primary
PR00445	Nx	14	90678870	primary
PR00445	Nx	15	90678870	primary
PR00445	Nx	16	88353331	primary
PR00445	Nx	17	88353331	primary
PR00445	Nx	18	88353331	primary
PR00445	Nx	19	83178412	primary
PR00445	Nx	20	83178412	primary
PR00445	Nx	21	83054515	primary
PR00445	Nx	22	83054515	primary
PR00445	Nx	23	83054515	primary
PR00445	Nx	24	72716322	primary
PR00445	Nx	25	72716322	primary
PR00445	Nx	26	70933661	primary
PR00445	Nx	27	70933661	primary
PR00445	Nx	28	64586475	primary
PR00445	Nx	29	64586475	primary
PR00445	Nx	30	63281104	primary
PR00445	Nx	31	63281104	primary
PR00445	Nx	32	61012170	primary
PR00445	Nx	33	61012170	primary
PR00445	Nx	34	60545922	primary
PR00445	Nx	35	60545922	primary
PR00445	Nx	36	59893008	primary
PR00445	Nx	37	59893008	primary
PR00445	Nx	38	58242179	primary
PR00445	Nx	39	56876054	primary
PR00445	Nx	40	56876054	primary
PR00445	Nx	41	55921899	primary
PR00445	Nx	42	55921899	primary
PR00445	Nx	43	55514872	primary
PR00445	Nx	44	54294118	primary
PR00445	Nx	45	54294118	primary
PR00445	Nx	46	53791797	primary
PR00445	Nx	47	53791797	primary
PR00445	Nx	48	51488616	primary
PR00445	Nx	49	49682405	primary
PR00445	Nx	50	49682405	primary
PR00445	Nx	51	49105476	primary
PR00445	Nx	52	42368887	primary
PR00445	Nx	53	42368887	primary
PR00445	Nx	54	41339641	primary
PR00445	Nx	55	39890847	primary
PR00445	Nx	56	39540433	primary
PR00445	Nx	57	38697904	primary
PR00445	Nx	58	36691707	primary
PR00445	Nx	59	36639161	primary
PR00445	Nx	60	36639161	primary
PR00445	Nx	61	36079718	primary
PR00445	Nx	62	33416026	primary
PR00445	Nx	63	32094530	primary
PR00445	Nx	64	31502907	primary
PR00445	Nx	65	29920682	primary
PR00445	Nx	66	28138701	primary
PR00445	Nx	67	28087564	primary
PR00445	Nx	68	27325990	primary
PR00445	Nx	69	26447130	primary
PR00445	Nx	70	25378853	primary
PR00445	Nx	71	22571807	primary
PR00445	Nx	72	22276818	primary
PR00445	Nx	73	20703309	primary
PR00445	Nx	74	20665021	primary
PR00445	Nx	75	20636817	primary
PR00445	Nx	76	20019757	primary
PR00445	Nx	77	18979884	primary
PR00445	Nx	78	17413544	primary
PR00445	Nx	79	15824381	primary
PR00445	Nx	80	13572551	primary
PR00445	Nx	81	13135908	primary
PR00445	Nx	82	11525249	primary
PR00445	Nx	83	10270722	primary
PR00445	Nx	84	9669427	primary
PR00445	Nx	85	9322197	primary
PR00445	Nx	86	7723381	primary
PR00445	Nx	87	6875438	primary
PR00445	Nx	88	6580071	primary
PR00445	Nx	89	5693408	primary
PR00445	Nx	90	4963539	primary
PR00445	Nx	91	4477455	primary
PR00445	Nx	92	3796012	primary
PR00445	Nx	93	3441429	primary
PR00445	Nx	94	3247525	primary
PR00445	Nx	95	2763471	primary
PR00445	Nx	96	2319272	primary
PR00445	Nx	97	1786598	primary
PR00445	Nx	98	1410583	primary
PR00445	Nx	99	806516	primary
PR00445	Nx	100	16572	primary
PR00445	Lx	1	133064173	primary
PR00445	Lx	2	133064173	primary
PR00445	Lx	3	133064173	primary
PR00445	Lx	4	133064173	primary
PR00445	Lx	5	111215221	primary
PR00445	Lx	6	111215221	primary
PR00445	Lx	7	111215221	primary
PR00445	Lx	8	93371008	primary
PR00445	Lx	9	93371008	primary
PR00445	Lx	10	93371008	primary
PR00445	Lx	11	91093342	primary
PR00445	Lx	12	91093342	primary
PR00445	Lx	13	90678870	primary
PR00445	Lx	14	90678870	primary
PR00445	Lx	15	90678870	primary
PR00445	Lx	16	88353331	primary
PR00445	Lx	17	88353331	primary
PR00445	Lx	18	88353331	primary
PR00445	Lx	19	83178412	primary
PR00445	Lx	20	83178412	primary
PR00445	Lx	21	83054515	primary
PR00445	Lx	22	83054515	primary
PR00445	Lx	23	83054515	primary
PR00445	Lx	24	72716322	primary
PR00445	Lx	25	72716322	primary
PR00445	Lx	26	70933661	primary
PR00445	Lx	27	70933661	primary
PR00445	Lx	28	64586475	primary
PR00445	Lx	29	64586475	primary
PR00445	Lx	30	63281104	primary
PR00445	Lx	31	63281104	primary
PR00445	Lx	32	61012170	primary
PR00445	Lx	33	61012170	primary
PR00445	Lx	34	60545922	primary
PR00445	Lx	35	60545922	primary
PR00445	Lx	36	59893008	primary
PR00445	Lx	37	59893008	primary
PR00445	Lx	38	58242179	primary
PR00445	Lx	39	56876054	primary
PR00445	Lx	40	56876054	primary
PR00445	Lx	41	55921899	primary
PR00445	Lx	42	55921899	primary
PR00445	Lx	43	55514872	primary
PR00445	Lx	44	54294118	primary
PR00445	Lx	45	54294118	primary
PR00445	Lx	46	53791797	primary
PR00445	Lx	47	53791797	primary
PR00445	Lx	48	51488616	primary
PR00445	Lx	49	49682405	primary
PR00445	Lx	50	49682405	primary
PR00445	Lx	51	49105476	primary
PR00445	Lx	52	42368887	primary
PR00445	Lx	53	42368887	primary
PR00445	Lx	54	41339641	primary
PR00445	Lx	55	39890847	primary
PR00445	Lx	56	39540433	primary
PR00445	Lx	57	38697904	primary
PR00445	Lx	58	36691707	primary
PR00445	Lx	59	36639161	primary
PR00445	Lx	60	36639161	primary
PR00445	Lx	61	36079718	primary
PR00445	Lx	62	33416026	primary
PR00445	Lx	63	32094530	primary
PR00445	Lx	64	31502907	primary
PR00445	Lx	65	29920682	primary
PR00445	Lx	66	28138701	primary
PR00445	Lx	67	28087564	primary
PR00445	Lx	68	27325990	primary
PR00445	Lx	69	26447130	primary
PR00445	Lx	70	25378853	primary
PR00445	Lx	71	22571807	primary
PR00445	Lx	72	22276818	primary
PR00445	Lx	73	20703309	primary
PR00445	Lx	74	20665021	primary
PR00445	Lx	75	20636817	primary
PR00445	Lx	76	20019757	primary
PR00445	Lx	77	18979884	primary
PR00445	Lx	78	17413544	primary
PR00445	Lx	79	15824381	primary
PR00445	Lx	80	13572551	primary
PR00445	Lx	81	13135908	primary
PR00445	Lx	82	11525249	primary
PR00445	Lx	83	10270722	primary
PR00445	Lx	84	9669427	primary
PR00445	Lx	85	9322197	primary
PR00445	Lx	86	7723381	primary
PR00445	Lx	87	6875438	primary
PR00445	Lx	88	6580071	primary
PR00445	Lx	89	5693408	primary
PR00445	Lx	90	4963539	primary
PR00445	Lx	91	4477455	primary
PR00445	Lx	92	3796012	primary
PR00445	Lx	93	3441429	primary
PR00445	Lx	94	3247525	primary
PR00445	Lx	95	2763471	primary
PR00445	Lx	96	2319272	primary
PR00445	Lx	97	1786598	primary
PR00445	Lx	98	1410583	primary
PR00445	Lx	99	806516	primary
PR00445	Lx	100	16572	primary
PR00445	NGx	1	133064173	primary
PR00445	NGx	2	133064173	primary
PR00445	NGx	3	133064173	primary
PR00445	NGx	4	133064173	primary
PR00445	NGx	5	111215221	primary
PR00445	NGx	6	111215221	primary
PR00445	NGx	7	111215221	primary
PR00445	NGx	8	111215221	primary
PR00445	NGx	9	93371008	primary
PR00445	NGx	10	93371008	primary
PR00445	NGx	11	93371008	primary
PR00445	NGx	12	91093342	primary
PR00445	NGx	13	91093342	primary
PR00445	NGx	14	91093342	primary
PR00445	NGx	15	90678870	primary
PR00445	NGx	16	90678870	primary
PR00445	NGx	17	90678870	primary
PR00445	NGx	18	88353331	primary
PR00445	NGx	19	88353331	primary
PR00445	NGx	20	88353331	primary
PR00445	NGx	21	83178412	primary
PR00445	NGx	22	83178412	primary
PR00445	NGx	23	83054515	primary
PR00445	NGx	24	83054515	primary
PR00445	NGx	25	83054515	primary
PR00445	NGx	26	72716322	primary
PR00445	NGx	27	72716322	primary
PR00445	NGx	28	72716322	primary
PR00445	NGx	29	70933661	primary
PR00445	NGx	30	70933661	primary
PR00445	NGx	31	64586475	primary
PR00445	NGx	32	64586475	primary
PR00445	NGx	33	63281104	primary
PR00445	NGx	34	63281104	primary
PR00445	NGx	35	61012170	primary
PR00445	NGx	36	61012170	primary
PR00445	NGx	37	60545922	primary
PR00445	NGx	38	60545922	primary
PR00445	NGx	39	59893008	primary
PR00445	NGx	40	59893008	primary
PR00445	NGx	41	58242179	primary
PR00445	NGx	42	58242179	primary
PR00445	NGx	43	56876054	primary
PR00445	NGx	44	56876054	primary
PR00445	NGx	45	55921899	primary
PR00445	NGx	46	55921899	primary
PR00445	NGx	47	55514872	primary
PR00445	NGx	48	55514872	primary
PR00445	NGx	49	54294118	primary
PR00445	NGx	50	53791797	primary
PR00445	NGx	51	53791797	primary
PR00445	NGx	52	51488616	primary
PR00445	NGx	53	51488616	primary
PR00445	NGx	54	49682405	primary
PR00445	NGx	55	49682405	primary
PR00445	NGx	56	49105476	primary
PR00445	NGx	57	42368887	primary
PR00445	NGx	58	42368887	primary
PR00445	NGx	59	41339641	primary
PR00445	NGx	60	39890847	primary
PR00445	NGx	61	39540433	primary
PR00445	NGx	62	39540433	primary
PR00445	NGx	63	38697904	primary
PR00445	NGx	64	36691707	primary
PR00445	NGx	65	36639161	primary
PR00445	NGx	66	36079718	primary
PR00445	NGx	67	36079718	primary
PR00445	NGx	68	33416026	primary
PR00445	NGx	69	32094530	primary
PR00445	NGx	70	31502907	primary
PR00445	NGx	71	29920682	primary
PR00445	NGx	72	29735747	primary
PR00445	NGx	73	28138701	primary
PR00445	NGx	74	28087564	primary
PR00445	NGx	75	26447130	primary
PR00445	NGx	76	25378853	primary
PR00445	NGx	77	23504721	primary
PR00445	NGx	78	22571807	primary
PR00445	NGx	79	20871071	primary
PR00445	NGx	80	20703309	primary
PR00445	NGx	81	20683936	primary
PR00445	NGx	82	20636817	primary
PR00445	NGx	83	20317642	primary
PR00445	NGx	84	18979884	primary
PR00445	NGx	85	17413544	primary
PR00445	NGx	86	16882978	primary
PR00445	NGx	87	14743377	primary
PR00445	NGx	88	13572551	primary
PR00445	NGx	89	12919896	primary
PR00445	NGx	90	11525249	primary
PR00445	NGx	91	10270722	primary
PR00445	NGx	92	9669427	primary
PR00445	NGx	93	9379882	primary
PR00445	NGx	94	7723381	primary
PR00445	NGx	95	6988062	primary
PR00445	NGx	96	6700216	primary
PR00445	NGx	97	5851486	primary
PR00445	NGx	98	5143673	primary
PR00445	NGx	99	4830974	primary
PR00445	NGx	100	4123220	primary
PR00445	LGx	1	1	primary
PR00445	LGx	2	1	primary
PR00445	LGx	3	1	primary
PR00445	LGx	4	1	primary
PR00445	LGx	5	2	primary
PR00445	LGx	6	2	primary
PR00445	LGx	7	2	primary
PR00445	LGx	8	2	primary
PR00445	LGx	9	3	primary
PR00445	LGx	10	3	primary
PR00445	LGx	11	3	primary
PR00445	LGx	12	4	primary
PR00445	LGx	13	4	primary
PR00445	LGx	14	4	primary
PR00445	LGx	15	5	primary
PR00445	LGx	16	5	primary
PR00445	LGx	17	5	primary
PR00445	LGx	18	6	primary
PR00445	LGx	19	6	primary
PR00445	LGx	20	6	primary
PR00445	LGx	21	7	primary
PR00445	LGx	22	7	primary
PR00445	LGx	23	8	primary
PR00445	LGx	24	8	primary
PR00445	LGx	25	8	primary
PR00445	LGx	26	9	primary
PR00445	LGx	27	9	primary
PR00445	LGx	28	9	primary
PR00445	LGx	29	10	primary
PR00445	LGx	30	10	primary
PR00445	LGx	31	11	primary
PR00445	LGx	32	11	primary
PR00445	LGx	33	12	primary
PR00445	LGx	34	12	primary
PR00445	LGx	35	13	primary
PR00445	LGx	36	13	primary
PR00445	LGx	37	14	primary
PR00445	LGx	38	14	primary
PR00445	LGx	39	15	primary
PR00445	LGx	40	15	primary
PR00445	LGx	41	16	primary
PR00445	LGx	42	16	primary
PR00445	LGx	43	17	primary
PR00445	LGx	44	17	primary
PR00445	LGx	45	18	primary
PR00445	LGx	46	18	primary
PR00445	LGx	47	19	primary
PR00445	LGx	48	19	primary
PR00445	LGx	49	20	primary
PR00445	LGx	50	21	primary
PR00445	LGx	51	21	primary
PR00445	LGx	52	22	primary
PR00445	LGx	53	22	primary
PR00445	LGx	54	23	primary
PR00445	LGx	55	23	primary
PR00445	LGx	56	24	primary
PR00445	LGx	57	25	primary
PR00445	LGx	58	25	primary
PR00445	LGx	59	26	primary
PR00445	LGx	60	27	primary
PR00445	LGx	61	28	primary
PR00445	LGx	62	28	primary
PR00445	LGx	63	29	primary
PR00445	LGx	64	30	primary
PR00445	LGx	65	31	primary
PR00445	LGx	66	32	primary
PR00445	LGx	67	32	primary
PR00445	LGx	68	33	primary
PR00445	LGx	69	34	primary
PR00445	LGx	70	35	primary
PR00445	LGx	71	36	primary
PR00445	LGx	72	37	primary
PR00445	LGx	73	38	primary
PR00445	LGx	74	39	primary
PR00445	LGx	75	41	primary
PR00445	LGx	76	42	primary
PR00445	LGx	77	43	primary
PR00445	LGx	78	44	primary
PR00445	LGx	79	46	primary
PR00445	LGx	80	47	primary
PR00445	LGx	81	48	primary
PR00445	LGx	82	50	primary
PR00445	LGx	83	51	primary
PR00445	LGx	84	53	primary
PR00445	LGx	85	55	primary
PR00445	LGx	86	56	primary
PR00445	LGx	87	58	primary
PR00445	LGx	88	60	primary
PR00445	LGx	89	63	primary
PR00445	LGx	90	65	primary
PR00445	LGx	91	68	primary
PR00445	LGx	92	71	primary
PR00445	LGx	93	74	primary
PR00445	LGx	94	78	primary
PR00445	LGx	95	82	primary
PR00445	LGx	96	86	primary
PR00445	LGx	97	91	primary
PR00445	LGx	98	96	primary
PR00445	LGx	99	102	primary
PR00445	LGx	100	109	primary
PR00249	auN	3188696052	360.58353	hap1
PR00249	auNG	3018593705	380.90292	hap1
PR00249	Nx	1	129610070	hap1
PR00249	Nx	2	129610070	hap1
PR00249	Nx	3	129610070	hap1
PR00249	Nx	4	129610070	hap1
PR00249	Nx	5	101985259	hap1
PR00249	Nx	6	101985259	hap1
PR00249	Nx	7	101985259	hap1
PR00249	Nx	8	101212141	hap1
PR00249	Nx	9	101212141	hap1
PR00249	Nx	10	101212141	hap1
PR00249	Nx	11	95877947	hap1
PR00249	Nx	12	95877947	hap1
PR00249	Nx	13	95877947	hap1
PR00249	Nx	14	92617206	hap1
PR00249	Nx	15	92617206	hap1
PR00249	Nx	16	92617206	hap1
PR00249	Nx	17	87917866	hap1
PR00249	Nx	18	87917866	hap1
PR00249	Nx	19	87917866	hap1
PR00249	Nx	20	85279323	hap1
PR00249	Nx	21	85279323	hap1
PR00249	Nx	22	67574184	hap1
PR00249	Nx	23	67574184	hap1
PR00249	Nx	24	65185962	hap1
PR00249	Nx	25	65185962	hap1
PR00249	Nx	26	61195322	hap1
PR00249	Nx	27	61195322	hap1
PR00249	Nx	28	57389959	hap1
PR00249	Nx	29	57389959	hap1
PR00249	Nx	30	55320773	hap1
PR00249	Nx	31	55320773	hap1
PR00249	Nx	32	53629080	hap1
PR00249	Nx	33	53629080	hap1
PR00249	Nx	34	50650548	hap1
PR00249	Nx	35	49625887	hap1
PR00249	Nx	36	49625887	hap1
PR00249	Nx	37	46997047	hap1
PR00249	Nx	38	44553198	hap1
PR00249	Nx	39	44553198	hap1
PR00249	Nx	40	42590792	hap1
PR00249	Nx	41	39723091	hap1
PR00249	Nx	42	38968824	hap1
PR00249	Nx	43	36695154	hap1
PR00249	Nx	44	36695154	hap1
PR00249	Nx	45	36014853	hap1
PR00249	Nx	46	35057696	hap1
PR00249	Nx	47	34988260	hap1
PR00249	Nx	48	33573808	hap1
PR00249	Nx	49	32941344	hap1
PR00249	Nx	50	31956650	hap1
PR00249	Nx	51	31715307	hap1
PR00249	Nx	52	30619977	hap1
PR00249	Nx	53	30465999	hap1
PR00249	Nx	54	29676795	hap1
PR00249	Nx	55	28815423	hap1
PR00249	Nx	56	28753160	hap1
PR00249	Nx	57	28510992	hap1
PR00249	Nx	58	27630049	hap1
PR00249	Nx	59	27462246	hap1
PR00249	Nx	60	27317555	hap1
PR00249	Nx	61	26792668	hap1
PR00249	Nx	62	25949115	hap1
PR00249	Nx	63	24795057	hap1
PR00249	Nx	64	24572192	hap1
PR00249	Nx	65	23870573	hap1
PR00249	Nx	66	23056235	hap1
PR00249	Nx	67	22874560	hap1
PR00249	Nx	68	22376050	hap1
PR00249	Nx	69	19983025	hap1
PR00249	Nx	70	19091730	hap1
PR00249	Nx	71	18411687	hap1
PR00249	Nx	72	17797288	hap1
PR00249	Nx	73	15651945	hap1
PR00249	Nx	74	14738838	hap1
PR00249	Nx	75	14427371	hap1
PR00249	Nx	76	14288753	hap1
PR00249	Nx	77	13146039	hap1
PR00249	Nx	78	13020366	hap1
PR00249	Nx	79	12769237	hap1
PR00249	Nx	80	12306435	hap1
PR00249	Nx	81	10730682	hap1
PR00249	Nx	82	10290977	hap1
PR00249	Nx	83	9016519	hap1
PR00249	Nx	84	8238236	hap1
PR00249	Nx	85	7772296	hap1
PR00249	Nx	86	6867820	hap1
PR00249	Nx	87	6522235	hap1
PR00249	Nx	88	6211228	hap1
PR00249	Nx	89	6005174	hap1
PR00249	Nx	90	5285155	hap1
PR00249	Nx	91	4362805	hap1
PR00249	Nx	92	3981243	hap1
PR00249	Nx	93	3406980	hap1
PR00249	Nx	94	2833723	hap1
PR00249	Nx	95	2474326	hap1
PR00249	Nx	96	2071105	hap1
PR00249	Nx	97	1485477	hap1
PR00249	Nx	98	927994	hap1
PR00249	Nx	99	431285	hap1
PR00249	Nx	100	14191	hap1
PR00249	Lx	1	129610070	hap1
PR00249	Lx	2	129610070	hap1
PR00249	Lx	3	129610070	hap1
PR00249	Lx	4	129610070	hap1
PR00249	Lx	5	101985259	hap1
PR00249	Lx	6	101985259	hap1
PR00249	Lx	7	101985259	hap1
PR00249	Lx	8	101212141	hap1
PR00249	Lx	9	101212141	hap1
PR00249	Lx	10	101212141	hap1
PR00249	Lx	11	95877947	hap1
PR00249	Lx	12	95877947	hap1
PR00249	Lx	13	95877947	hap1
PR00249	Lx	14	92617206	hap1
PR00249	Lx	15	92617206	hap1
PR00249	Lx	16	92617206	hap1
PR00249	Lx	17	87917866	hap1
PR00249	Lx	18	87917866	hap1
PR00249	Lx	19	87917866	hap1
PR00249	Lx	20	85279323	hap1
PR00249	Lx	21	85279323	hap1
PR00249	Lx	22	67574184	hap1
PR00249	Lx	23	67574184	hap1
PR00249	Lx	24	65185962	hap1
PR00249	Lx	25	65185962	hap1
PR00249	Lx	26	61195322	hap1
PR00249	Lx	27	61195322	hap1
PR00249	Lx	28	57389959	hap1
PR00249	Lx	29	57389959	hap1
PR00249	Lx	30	55320773	hap1
PR00249	Lx	31	55320773	hap1
PR00249	Lx	32	53629080	hap1
PR00249	Lx	33	53629080	hap1
PR00249	Lx	34	50650548	hap1
PR00249	Lx	35	49625887	hap1
PR00249	Lx	36	49625887	hap1
PR00249	Lx	37	46997047	hap1
PR00249	Lx	38	44553198	hap1
PR00249	Lx	39	44553198	hap1
PR00249	Lx	40	42590792	hap1
PR00249	Lx	41	39723091	hap1
PR00249	Lx	42	38968824	hap1
PR00249	Lx	43	36695154	hap1
PR00249	Lx	44	36695154	hap1
PR00249	Lx	45	36014853	hap1
PR00249	Lx	46	35057696	hap1
PR00249	Lx	47	34988260	hap1
PR00249	Lx	48	33573808	hap1
PR00249	Lx	49	32941344	hap1
PR00249	Lx	50	31956650	hap1
PR00249	Lx	51	31715307	hap1
PR00249	Lx	52	30619977	hap1
PR00249	Lx	53	30465999	hap1
PR00249	Lx	54	29676795	hap1
PR00249	Lx	55	28815423	hap1
PR00249	Lx	56	28753160	hap1
PR00249	Lx	57	28510992	hap1
PR00249	Lx	58	27630049	hap1
PR00249	Lx	59	27462246	hap1
PR00249	Lx	60	27317555	hap1
PR00249	Lx	61	26792668	hap1
PR00249	Lx	62	25949115	hap1
PR00249	Lx	63	24795057	hap1
PR00249	Lx	64	24572192	hap1
PR00249	Lx	65	23870573	hap1
PR00249	Lx	66	23056235	hap1
PR00249	Lx	67	22874560	hap1
PR00249	Lx	68	22376050	hap1
PR00249	Lx	69	19983025	hap1
PR00249	Lx	70	19091730	hap1
PR00249	Lx	71	18411687	hap1
PR00249	Lx	72	17797288	hap1
PR00249	Lx	73	15651945	hap1
PR00249	Lx	74	14738838	hap1
PR00249	Lx	75	14427371	hap1
PR00249	Lx	76	14288753	hap1
PR00249	Lx	77	13146039	hap1
PR00249	Lx	78	13020366	hap1
PR00249	Lx	79	12769237	hap1
PR00249	Lx	80	12306435	hap1
PR00249	Lx	81	10730682	hap1
PR00249	Lx	82	10290977	hap1
PR00249	Lx	83	9016519	hap1
PR00249	Lx	84	8238236	hap1
PR00249	Lx	85	7772296	hap1
PR00249	Lx	86	6867820	hap1
PR00249	Lx	87	6522235	hap1
PR00249	Lx	88	6211228	hap1
PR00249	Lx	89	6005174	hap1
PR00249	Lx	90	5285155	hap1
PR00249	Lx	91	4362805	hap1
PR00249	Lx	92	3981243	hap1
PR00249	Lx	93	3406980	hap1
PR00249	Lx	94	2833723	hap1
PR00249	Lx	95	2474326	hap1
PR00249	Lx	96	2071105	hap1
PR00249	Lx	97	1485477	hap1
PR00249	Lx	98	927994	hap1
PR00249	Lx	99	431285	hap1
PR00249	Lx	100	14191	hap1
PR00249	NGx	1	129610070	hap1
PR00249	NGx	2	129610070	hap1
PR00249	NGx	3	129610070	hap1
PR00249	NGx	4	129610070	hap1
PR00249	NGx	5	101985259	hap1
PR00249	NGx	6	101985259	hap1
PR00249	NGx	7	101985259	hap1
PR00249	NGx	8	101212141	hap1
PR00249	NGx	9	101212141	hap1
PR00249	NGx	10	101212141	hap1
PR00249	NGx	11	101212141	hap1
PR00249	NGx	12	95877947	hap1
PR00249	NGx	13	95877947	hap1
PR00249	NGx	14	95877947	hap1
PR00249	NGx	15	92617206	hap1
PR00249	NGx	16	92617206	hap1
PR00249	NGx	17	92617206	hap1
PR00249	NGx	18	87917866	hap1
PR00249	NGx	19	87917866	hap1
PR00249	NGx	20	87917866	hap1
PR00249	NGx	21	85279323	hap1
PR00249	NGx	22	85279323	hap1
PR00249	NGx	23	85279323	hap1
PR00249	NGx	24	67574184	hap1
PR00249	NGx	25	67574184	hap1
PR00249	NGx	26	65185962	hap1
PR00249	NGx	27	65185962	hap1
PR00249	NGx	28	61195322	hap1
PR00249	NGx	29	61195322	hap1
PR00249	NGx	30	57389959	hap1
PR00249	NGx	31	57389959	hap1
PR00249	NGx	32	55320773	hap1
PR00249	NGx	33	55320773	hap1
PR00249	NGx	34	53629080	hap1
PR00249	NGx	35	50650548	hap1
PR00249	NGx	36	50650548	hap1
PR00249	NGx	37	49625887	hap1
PR00249	NGx	38	49625887	hap1
PR00249	NGx	39	46997047	hap1
PR00249	NGx	40	44553198	hap1
PR00249	NGx	41	44553198	hap1
PR00249	NGx	42	42590792	hap1
PR00249	NGx	43	39723091	hap1
PR00249	NGx	44	39723091	hap1
PR00249	NGx	45	38968824	hap1
PR00249	NGx	46	36695154	hap1
PR00249	NGx	47	36014853	hap1
PR00249	NGx	48	35057696	hap1
PR00249	NGx	49	34988260	hap1
PR00249	NGx	50	34988260	hap1
PR00249	NGx	51	33573808	hap1
PR00249	NGx	52	32941344	hap1
PR00249	NGx	53	31956650	hap1
PR00249	NGx	54	31715307	hap1
PR00249	NGx	55	30619977	hap1
PR00249	NGx	56	30465999	hap1
PR00249	NGx	57	29676795	hap1
PR00249	NGx	58	28815423	hap1
PR00249	NGx	59	28753160	hap1
PR00249	NGx	60	28510992	hap1
PR00249	NGx	61	28022179	hap1
PR00249	NGx	62	27630049	hap1
PR00249	NGx	63	27317555	hap1
PR00249	NGx	64	26792668	hap1
PR00249	NGx	65	25949115	hap1
PR00249	NGx	66	25667958	hap1
PR00249	NGx	67	24795057	hap1
PR00249	NGx	68	24572192	hap1
PR00249	NGx	69	23247017	hap1
PR00249	NGx	70	23056235	hap1
PR00249	NGx	71	22874560	hap1
PR00249	NGx	72	20796189	hap1
PR00249	NGx	73	19983025	hap1
PR00249	NGx	74	19091730	hap1
PR00249	NGx	75	18411687	hap1
PR00249	NGx	76	17797288	hap1
PR00249	NGx	77	15651945	hap1
PR00249	NGx	78	14738838	hap1
PR00249	NGx	79	14427371	hap1
PR00249	NGx	80	14288753	hap1
PR00249	NGx	81	13585678	hap1
PR00249	NGx	82	13106802	hap1
PR00249	NGx	83	12868933	hap1
PR00249	NGx	84	12362378	hap1
PR00249	NGx	85	12009272	hap1
PR00249	NGx	86	10455164	hap1
PR00249	NGx	87	10016998	hap1
PR00249	NGx	88	8912708	hap1
PR00249	NGx	89	7860224	hap1
PR00249	NGx	90	7745973	hap1
PR00249	NGx	91	6689905	hap1
PR00249	NGx	92	6395531	hap1
PR00249	NGx	93	6211228	hap1
PR00249	NGx	94	6005174	hap1
PR00249	NGx	95	5285155	hap1
PR00249	NGx	96	4370913	hap1
PR00249	NGx	97	4027023	hap1
PR00249	NGx	98	3514855	hap1
PR00249	NGx	99	2904798	hap1
PR00249	NGx	100	2624363	hap1
PR00249	LGx	1	1	hap1
PR00249	LGx	2	1	hap1
PR00249	LGx	3	1	hap1
PR00249	LGx	4	1	hap1
PR00249	LGx	5	2	hap1
PR00249	LGx	6	2	hap1
PR00249	LGx	7	2	hap1
PR00249	LGx	8	3	hap1
PR00249	LGx	9	3	hap1
PR00249	LGx	10	3	hap1
PR00249	LGx	11	3	hap1
PR00249	LGx	12	4	hap1
PR00249	LGx	13	4	hap1
PR00249	LGx	14	4	hap1
PR00249	LGx	15	5	hap1
PR00249	LGx	16	5	hap1
PR00249	LGx	17	5	hap1
PR00249	LGx	18	6	hap1
PR00249	LGx	19	6	hap1
PR00249	LGx	20	6	hap1
PR00249	LGx	21	7	hap1
PR00249	LGx	22	7	hap1
PR00249	LGx	23	7	hap1
PR00249	LGx	24	8	hap1
PR00249	LGx	25	8	hap1
PR00249	LGx	26	9	hap1
PR00249	LGx	27	9	hap1
PR00249	LGx	28	10	hap1
PR00249	LGx	29	10	hap1
PR00249	LGx	30	11	hap1
PR00249	LGx	31	11	hap1
PR00249	LGx	32	12	hap1
PR00249	LGx	33	12	hap1
PR00249	LGx	34	13	hap1
PR00249	LGx	35	14	hap1
PR00249	LGx	36	14	hap1
PR00249	LGx	37	15	hap1
PR00249	LGx	38	15	hap1
PR00249	LGx	39	16	hap1
PR00249	LGx	40	17	hap1
PR00249	LGx	41	17	hap1
PR00249	LGx	42	18	hap1
PR00249	LGx	43	19	hap1
PR00249	LGx	44	19	hap1
PR00249	LGx	45	20	hap1
PR00249	LGx	46	21	hap1
PR00249	LGx	47	22	hap1
PR00249	LGx	48	23	hap1
PR00249	LGx	49	24	hap1
PR00249	LGx	50	24	hap1
PR00249	LGx	51	25	hap1
PR00249	LGx	52	26	hap1
PR00249	LGx	53	27	hap1
PR00249	LGx	54	28	hap1
PR00249	LGx	55	29	hap1
PR00249	LGx	56	30	hap1
PR00249	LGx	57	31	hap1
PR00249	LGx	58	32	hap1
PR00249	LGx	59	33	hap1
PR00249	LGx	60	34	hap1
PR00249	LGx	61	35	hap1
PR00249	LGx	62	36	hap1
PR00249	LGx	63	38	hap1
PR00249	LGx	64	39	hap1
PR00249	LGx	65	40	hap1
PR00249	LGx	66	41	hap1
PR00249	LGx	67	42	hap1
PR00249	LGx	68	43	hap1
PR00249	LGx	69	45	hap1
PR00249	LGx	70	46	hap1
PR00249	LGx	71	47	hap1
PR00249	LGx	72	49	hap1
PR00249	LGx	73	50	hap1
PR00249	LGx	74	52	hap1
PR00249	LGx	75	53	hap1
PR00249	LGx	76	55	hap1
PR00249	LGx	77	57	hap1
PR00249	LGx	78	59	hap1
PR00249	LGx	79	61	hap1
PR00249	LGx	80	63	hap1
PR00249	LGx	81	65	hap1
PR00249	LGx	82	67	hap1
PR00249	LGx	83	70	hap1
PR00249	LGx	84	72	hap1
PR00249	LGx	85	74	hap1
PR00249	LGx	86	77	hap1
PR00249	LGx	87	80	hap1
PR00249	LGx	88	83	hap1
PR00249	LGx	89	87	hap1
PR00249	LGx	90	91	hap1
PR00249	LGx	91	95	hap1
PR00249	LGx	92	100	hap1
PR00249	LGx	93	104	hap1
PR00249	LGx	94	109	hap1
PR00249	LGx	95	115	hap1
PR00249	LGx	96	121	hap1
PR00249	LGx	97	128	hap1
PR00249	LGx	98	136	hap1
PR00249	LGx	99	145	hap1
PR00249	LGx	100	156	hap1
PR00249	auN	3165962871	346.3689	hap2
PR00249	auNG	3018593705	363.27875	hap2
PR00249	Nx	1	136164906	hap2
PR00249	Nx	2	136164906	hap2
PR00249	Nx	3	136164906	hap2
PR00249	Nx	4	136164906	hap2
PR00249	Nx	5	120077516	hap2
PR00249	Nx	6	120077516	hap2
PR00249	Nx	7	120077516	hap2
PR00249	Nx	8	120077516	hap2
PR00249	Nx	9	105315845	hap2
PR00249	Nx	10	105315845	hap2
PR00249	Nx	11	105315845	hap2
PR00249	Nx	12	102728043	hap2
PR00249	Nx	13	102728043	hap2
PR00249	Nx	14	102728043	hap2
PR00249	Nx	15	99089923	hap2
PR00249	Nx	16	99089923	hap2
PR00249	Nx	17	99089923	hap2
PR00249	Nx	18	81782758	hap2
PR00249	Nx	19	81782758	hap2
PR00249	Nx	20	81782758	hap2
PR00249	Nx	21	67513020	hap2
PR00249	Nx	22	67513020	hap2
PR00249	Nx	23	60654113	hap2
PR00249	Nx	24	60654113	hap2
PR00249	Nx	25	60420980	hap2
PR00249	Nx	26	60420980	hap2
PR00249	Nx	27	55389539	hap2
PR00249	Nx	28	55389539	hap2
PR00249	Nx	29	49823549	hap2
PR00249	Nx	30	48801467	hap2
PR00249	Nx	31	48801467	hap2
PR00249	Nx	32	47567094	hap2
PR00249	Nx	33	46573331	hap2
PR00249	Nx	34	46573331	hap2
PR00249	Nx	35	45247887	hap2
PR00249	Nx	36	43384185	hap2
PR00249	Nx	37	42285119	hap2
PR00249	Nx	38	42285119	hap2
PR00249	Nx	39	39706052	hap2
PR00249	Nx	40	36128646	hap2
PR00249	Nx	41	35899405	hap2
PR00249	Nx	42	34682461	hap2
PR00249	Nx	43	34128584	hap2
PR00249	Nx	44	34128584	hap2
PR00249	Nx	45	32893844	hap2
PR00249	Nx	46	32719411	hap2
PR00249	Nx	47	32259175	hap2
PR00249	Nx	48	29661714	hap2
PR00249	Nx	49	29098577	hap2
PR00249	Nx	50	28714279	hap2
PR00249	Nx	51	27796374	hap2
PR00249	Nx	52	27697018	hap2
PR00249	Nx	53	27221346	hap2
PR00249	Nx	54	25588549	hap2
PR00249	Nx	55	25449509	hap2
PR00249	Nx	56	22279256	hap2
PR00249	Nx	57	21759702	hap2
PR00249	Nx	58	21177904	hap2
PR00249	Nx	59	20847517	hap2
PR00249	Nx	60	20535960	hap2
PR00249	Nx	61	20133141	hap2
PR00249	Nx	62	19158597	hap2
PR00249	Nx	63	18717853	hap2
PR00249	Nx	64	18679783	hap2
PR00249	Nx	65	17698712	hap2
PR00249	Nx	66	17060432	hap2
PR00249	Nx	67	15580572	hap2
PR00249	Nx	68	14218781	hap2
PR00249	Nx	69	13873567	hap2
PR00249	Nx	70	13207205	hap2
PR00249	Nx	71	12491242	hap2
PR00249	Nx	72	12180382	hap2
PR00249	Nx	73	11671324	hap2
PR00249	Nx	74	11299890	hap2
PR00249	Nx	75	10625128	hap2
PR00249	Nx	76	9624363	hap2
PR00249	Nx	77	9158833	hap2
PR00249	Nx	78	8914432	hap2
PR00249	Nx	79	7859761	hap2
PR00249	Nx	80	7430002	hap2
PR00249	Nx	81	7178729	hap2
PR00249	Nx	82	6873450	hap2
PR00249	Nx	83	6541190	hap2
PR00249	Nx	84	6319471	hap2
PR00249	Nx	85	5954384	hap2
PR00249	Nx	86	5629168	hap2
PR00249	Nx	87	5411635	hap2
PR00249	Nx	88	5034653	hap2
PR00249	Nx	89	4796413	hap2
PR00249	Nx	90	4408071	hap2
PR00249	Nx	91	4074902	hap2
PR00249	Nx	92	3586176	hap2
PR00249	Nx	93	3275902	hap2
PR00249	Nx	94	2946660	hap2
PR00249	Nx	95	2617039	hap2
PR00249	Nx	96	1984668	hap2
PR00249	Nx	97	1577612	hap2
PR00249	Nx	98	997728	hap2
PR00249	Nx	99	459170	hap2
PR00249	Nx	100	16627	hap2
PR00249	Lx	1	136164906	hap2
PR00249	Lx	2	136164906	hap2
PR00249	Lx	3	136164906	hap2
PR00249	Lx	4	136164906	hap2
PR00249	Lx	5	120077516	hap2
PR00249	Lx	6	120077516	hap2
PR00249	Lx	7	120077516	hap2
PR00249	Lx	8	120077516	hap2
PR00249	Lx	9	105315845	hap2
PR00249	Lx	10	105315845	hap2
PR00249	Lx	11	105315845	hap2
PR00249	Lx	12	102728043	hap2
PR00249	Lx	13	102728043	hap2
PR00249	Lx	14	102728043	hap2
PR00249	Lx	15	99089923	hap2
PR00249	Lx	16	99089923	hap2
PR00249	Lx	17	99089923	hap2
PR00249	Lx	18	81782758	hap2
PR00249	Lx	19	81782758	hap2
PR00249	Lx	20	81782758	hap2
PR00249	Lx	21	67513020	hap2
PR00249	Lx	22	67513020	hap2
PR00249	Lx	23	60654113	hap2
PR00249	Lx	24	60654113	hap2
PR00249	Lx	25	60420980	hap2
PR00249	Lx	26	60420980	hap2
PR00249	Lx	27	55389539	hap2
PR00249	Lx	28	55389539	hap2
PR00249	Lx	29	49823549	hap2
PR00249	Lx	30	48801467	hap2
PR00249	Lx	31	48801467	hap2
PR00249	Lx	32	47567094	hap2
PR00249	Lx	33	46573331	hap2
PR00249	Lx	34	46573331	hap2
PR00249	Lx	35	45247887	hap2
PR00249	Lx	36	43384185	hap2
PR00249	Lx	37	42285119	hap2
PR00249	Lx	38	42285119	hap2
PR00249	Lx	39	39706052	hap2
PR00249	Lx	40	36128646	hap2
PR00249	Lx	41	35899405	hap2
PR00249	Lx	42	34682461	hap2
PR00249	Lx	43	34128584	hap2
PR00249	Lx	44	34128584	hap2
PR00249	Lx	45	32893844	hap2
PR00249	Lx	46	32719411	hap2
PR00249	Lx	47	32259175	hap2
PR00249	Lx	48	29661714	hap2
PR00249	Lx	49	29098577	hap2
PR00249	Lx	50	28714279	hap2
PR00249	Lx	51	27796374	hap2
PR00249	Lx	52	27697018	hap2
PR00249	Lx	53	27221346	hap2
PR00249	Lx	54	25588549	hap2
PR00249	Lx	55	25449509	hap2
PR00249	Lx	56	22279256	hap2
PR00249	Lx	57	21759702	hap2
PR00249	Lx	58	21177904	hap2
PR00249	Lx	59	20847517	hap2
PR00249	Lx	60	20535960	hap2
PR00249	Lx	61	20133141	hap2
PR00249	Lx	62	19158597	hap2
PR00249	Lx	63	18717853	hap2
PR00249	Lx	64	18679783	hap2
PR00249	Lx	65	17698712	hap2
PR00249	Lx	66	17060432	hap2
PR00249	Lx	67	15580572	hap2
PR00249	Lx	68	14218781	hap2
PR00249	Lx	69	13873567	hap2
PR00249	Lx	70	13207205	hap2
PR00249	Lx	71	12491242	hap2
PR00249	Lx	72	12180382	hap2
PR00249	Lx	73	11671324	hap2
PR00249	Lx	74	11299890	hap2
PR00249	Lx	75	10625128	hap2
PR00249	Lx	76	9624363	hap2
PR00249	Lx	77	9158833	hap2
PR00249	Lx	78	8914432	hap2
PR00249	Lx	79	7859761	hap2
PR00249	Lx	80	7430002	hap2
PR00249	Lx	81	7178729	hap2
PR00249	Lx	82	6873450	hap2
PR00249	Lx	83	6541190	hap2
PR00249	Lx	84	6319471	hap2
PR00249	Lx	85	5954384	hap2
PR00249	Lx	86	5629168	hap2
PR00249	Lx	87	5411635	hap2
PR00249	Lx	88	5034653	hap2
PR00249	Lx	89	4796413	hap2
PR00249	Lx	90	4408071	hap2
PR00249	Lx	91	4074902	hap2
PR00249	Lx	92	3586176	hap2
PR00249	Lx	93	3275902	hap2
PR00249	Lx	94	2946660	hap2
PR00249	Lx	95	2617039	hap2
PR00249	Lx	96	1984668	hap2
PR00249	Lx	97	1577612	hap2
PR00249	Lx	98	997728	hap2
PR00249	Lx	99	459170	hap2
PR00249	Lx	100	16627	hap2
PR00249	NGx	1	136164906	hap2
PR00249	NGx	2	136164906	hap2
PR00249	NGx	3	136164906	hap2
PR00249	NGx	4	136164906	hap2
PR00249	NGx	5	120077516	hap2
PR00249	NGx	6	120077516	hap2
PR00249	NGx	7	120077516	hap2
PR00249	NGx	8	120077516	hap2
PR00249	NGx	9	105315845	hap2
PR00249	NGx	10	105315845	hap2
PR00249	NGx	11	105315845	hap2
PR00249	NGx	12	102728043	hap2
PR00249	NGx	13	102728043	hap2
PR00249	NGx	14	102728043	hap2
PR00249	NGx	15	102728043	hap2
PR00249	NGx	16	99089923	hap2
PR00249	NGx	17	99089923	hap2
PR00249	NGx	18	99089923	hap2
PR00249	NGx	19	81782758	hap2
PR00249	NGx	20	81782758	hap2
PR00249	NGx	21	81782758	hap2
PR00249	NGx	22	67513020	hap2
PR00249	NGx	23	67513020	hap2
PR00249	NGx	24	60654113	hap2
PR00249	NGx	25	60654113	hap2
PR00249	NGx	26	60420980	hap2
PR00249	NGx	27	60420980	hap2
PR00249	NGx	28	55389539	hap2
PR00249	NGx	29	55389539	hap2
PR00249	NGx	30	49823549	hap2
PR00249	NGx	31	49823549	hap2
PR00249	NGx	32	48801467	hap2
PR00249	NGx	33	47567094	hap2
PR00249	NGx	34	47567094	hap2
PR00249	NGx	35	46573331	hap2
PR00249	NGx	36	45247887	hap2
PR00249	NGx	37	45247887	hap2
PR00249	NGx	38	43384185	hap2
PR00249	NGx	39	42285119	hap2
PR00249	NGx	40	42285119	hap2
PR00249	NGx	41	39706052	hap2
PR00249	NGx	42	36128646	hap2
PR00249	NGx	43	35899405	hap2
PR00249	NGx	44	34682461	hap2
PR00249	NGx	45	34682461	hap2
PR00249	NGx	46	34128584	hap2
PR00249	NGx	47	32893844	hap2
PR00249	NGx	48	32719411	hap2
PR00249	NGx	49	32259175	hap2
PR00249	NGx	50	29661714	hap2
PR00249	NGx	51	29136165	hap2
PR00249	NGx	52	29098577	hap2
PR00249	NGx	53	28714279	hap2
PR00249	NGx	54	27796374	hap2
PR00249	NGx	55	27697018	hap2
PR00249	NGx	56	27221346	hap2
PR00249	NGx	57	25449509	hap2
PR00249	NGx	58	23761357	hap2
PR00249	NGx	59	22279256	hap2
PR00249	NGx	60	21311247	hap2
PR00249	NGx	61	21177904	hap2
PR00249	NGx	62	20847517	hap2
PR00249	NGx	63	20535960	hap2
PR00249	NGx	64	20133141	hap2
PR00249	NGx	65	19158597	hap2
PR00249	NGx	66	18717853	hap2
PR00249	NGx	67	18679783	hap2
PR00249	NGx	68	17698712	hap2
PR00249	NGx	69	17060432	hap2
PR00249	NGx	70	15680654	hap2
PR00249	NGx	71	15450336	hap2
PR00249	NGx	72	13896991	hap2
PR00249	NGx	73	13563229	hap2
PR00249	NGx	74	13124175	hap2
PR00249	NGx	75	12315406	hap2
PR00249	NGx	76	12048722	hap2
PR00249	NGx	77	11555014	hap2
PR00249	NGx	78	11287221	hap2
PR00249	NGx	79	10313280	hap2
PR00249	NGx	80	9317722	hap2
PR00249	NGx	81	9048778	hap2
PR00249	NGx	82	8914432	hap2
PR00249	NGx	83	7859761	hap2
PR00249	NGx	84	7430002	hap2
PR00249	NGx	85	7178729	hap2
PR00249	NGx	86	6873450	hap2
PR00249	NGx	87	6541190	hap2
PR00249	NGx	88	6319471	hap2
PR00249	NGx	89	5954384	hap2
PR00249	NGx	90	5655624	hap2
PR00249	NGx	91	5432504	hap2
PR00249	NGx	92	5152325	hap2
PR00249	NGx	93	4832662	hap2
PR00249	NGx	94	4504390	hap2
PR00249	NGx	95	4237282	hap2
PR00249	NGx	96	4010654	hap2
PR00249	NGx	97	3389255	hap2
PR00249	NGx	98	3151048	hap2
PR00249	NGx	99	2847281	hap2
PR00249	NGx	100	2343991	hap2
PR00249	LGx	1	1	hap2
PR00249	LGx	2	1	hap2
PR00249	LGx	3	1	hap2
PR00249	LGx	4	1	hap2
PR00249	LGx	5	2	hap2
PR00249	LGx	6	2	hap2
PR00249	LGx	7	2	hap2
PR00249	LGx	8	2	hap2
PR00249	LGx	9	3	hap2
PR00249	LGx	10	3	hap2
PR00249	LGx	11	3	hap2
PR00249	LGx	12	4	hap2
PR00249	LGx	13	4	hap2
PR00249	LGx	14	4	hap2
PR00249	LGx	15	4	hap2
PR00249	LGx	16	5	hap2
PR00249	LGx	17	5	hap2
PR00249	LGx	18	5	hap2
PR00249	LGx	19	6	hap2
PR00249	LGx	20	6	hap2
PR00249	LGx	21	6	hap2
PR00249	LGx	22	7	hap2
PR00249	LGx	23	7	hap2
PR00249	LGx	24	8	hap2
PR00249	LGx	25	8	hap2
PR00249	LGx	26	9	hap2
PR00249	LGx	27	9	hap2
PR00249	LGx	28	10	hap2
PR00249	LGx	29	10	hap2
PR00249	LGx	30	11	hap2
PR00249	LGx	31	11	hap2
PR00249	LGx	32	12	hap2
PR00249	LGx	33	13	hap2
PR00249	LGx	34	13	hap2
PR00249	LGx	35	14	hap2
PR00249	LGx	36	15	hap2
PR00249	LGx	37	15	hap2
PR00249	LGx	38	16	hap2
PR00249	LGx	39	17	hap2
PR00249	LGx	40	17	hap2
PR00249	LGx	41	18	hap2
PR00249	LGx	42	19	hap2
PR00249	LGx	43	20	hap2
PR00249	LGx	44	21	hap2
PR00249	LGx	45	21	hap2
PR00249	LGx	46	22	hap2
PR00249	LGx	47	23	hap2
PR00249	LGx	48	24	hap2
PR00249	LGx	49	25	hap2
PR00249	LGx	50	26	hap2
PR00249	LGx	51	27	hap2
PR00249	LGx	52	28	hap2
PR00249	LGx	53	29	hap2
PR00249	LGx	54	30	hap2
PR00249	LGx	55	31	hap2
PR00249	LGx	56	32	hap2
PR00249	LGx	57	34	hap2
PR00249	LGx	58	35	hap2
PR00249	LGx	59	36	hap2
PR00249	LGx	60	38	hap2
PR00249	LGx	61	39	hap2
PR00249	LGx	62	40	hap2
PR00249	LGx	63	42	hap2
PR00249	LGx	64	43	hap2
PR00249	LGx	65	45	hap2
PR00249	LGx	66	47	hap2
PR00249	LGx	67	48	hap2
PR00249	LGx	68	50	hap2
PR00249	LGx	69	52	hap2
PR00249	LGx	70	53	hap2
PR00249	LGx	71	55	hap2
PR00249	LGx	72	57	hap2
PR00249	LGx	73	60	hap2
PR00249	LGx	74	62	hap2
PR00249	LGx	75	64	hap2
PR00249	LGx	76	67	hap2
PR00249	LGx	77	69	hap2
PR00249	LGx	78	72	hap2
PR00249	LGx	79	75	hap2
PR00249	LGx	80	78	hap2
PR00249	LGx	81	81	hap2
PR00249	LGx	82	84	hap2
PR00249	LGx	83	88	hap2
PR00249	LGx	84	92	hap2
PR00249	LGx	85	96	hap2
PR00249	LGx	86	101	hap2
PR00249	LGx	87	105	hap2
PR00249	LGx	88	110	hap2
PR00249	LGx	89	115	hap2
PR00249	LGx	90	120	hap2
PR00249	LGx	91	125	hap2
PR00249	LGx	92	131	hap2
PR00249	LGx	93	137	hap2
PR00249	LGx	94	143	hap2
PR00249	LGx	95	150	hap2
PR00249	LGx	96	158	hap2
PR00249	LGx	97	166	hap2
PR00249	LGx	98	175	hap2
PR00249	LGx	99	185	hap2
PR00249	LGx	100	197	hap2
PR00249	auN	3302106599	178.38506	primary
PR00249	auNG	3018593705	195.13937	primary
PR00249	Nx	1	136164906	primary
PR00249	Nx	2	136164906	primary
PR00249	Nx	3	136164906	primary
PR00249	Nx	4	136164906	primary
PR00249	Nx	5	132102107	primary
PR00249	Nx	6	132102107	primary
PR00249	Nx	7	132102107	primary
PR00249	Nx	8	132102107	primary
PR00249	Nx	9	120486720	primary
PR00249	Nx	10	120486720	primary
PR00249	Nx	11	120486720	primary
PR00249	Nx	12	111185631	primary
PR00249	Nx	13	111185631	primary
PR00249	Nx	14	111185631	primary
PR00249	Nx	15	111185631	primary
PR00249	Nx	16	105315845	primary
PR00249	Nx	17	105315845	primary
PR00249	Nx	18	105315845	primary
PR00249	Nx	19	102728043	primary
PR00249	Nx	20	102728043	primary
PR00249	Nx	21	102728043	primary
PR00249	Nx	22	101212141	primary
PR00249	Nx	23	101212141	primary
PR00249	Nx	24	101212141	primary
PR00249	Nx	25	100594214	primary
PR00249	Nx	26	100594214	primary
PR00249	Nx	27	100594214	primary
PR00249	Nx	28	100525509	primary
PR00249	Nx	29	100525509	primary
PR00249	Nx	30	100525509	primary
PR00249	Nx	31	99462197	primary
PR00249	Nx	32	99462197	primary
PR00249	Nx	33	99462197	primary
PR00249	Nx	34	99259110	primary
PR00249	Nx	35	99259110	primary
PR00249	Nx	36	99259110	primary
PR00249	Nx	37	87916070	primary
PR00249	Nx	38	87916070	primary
PR00249	Nx	39	87916070	primary
PR00249	Nx	40	87706920	primary
PR00249	Nx	41	87706920	primary
PR00249	Nx	42	85279323	primary
PR00249	Nx	43	85279323	primary
PR00249	Nx	44	85279323	primary
PR00249	Nx	45	80708503	primary
PR00249	Nx	46	80708503	primary
PR00249	Nx	47	76594490	primary
PR00249	Nx	48	76594490	primary
PR00249	Nx	49	76594490	primary
PR00249	Nx	50	67513020	primary
PR00249	Nx	51	67513020	primary
PR00249	Nx	52	59420430	primary
PR00249	Nx	53	59420430	primary
PR00249	Nx	54	59294396	primary
PR00249	Nx	55	57389959	primary
PR00249	Nx	56	57389959	primary
PR00249	Nx	57	57280268	primary
PR00249	Nx	58	57280268	primary
PR00249	Nx	59	55320773	primary
PR00249	Nx	60	55320773	primary
PR00249	Nx	61	51093220	primary
PR00249	Nx	62	50979346	primary
PR00249	Nx	63	50979346	primary
PR00249	Nx	64	46573331	primary
PR00249	Nx	65	43501999	primary
PR00249	Nx	66	43348099	primary
PR00249	Nx	67	43348099	primary
PR00249	Nx	68	43227067	primary
PR00249	Nx	69	42590792	primary
PR00249	Nx	70	42177597	primary
PR00249	Nx	71	42177597	primary
PR00249	Nx	72	39707669	primary
PR00249	Nx	73	36695154	primary
PR00249	Nx	74	36014853	primary
PR00249	Nx	75	33921970	primary
PR00249	Nx	76	33757449	primary
PR00249	Nx	77	33397489	primary
PR00249	Nx	78	32976503	primary
PR00249	Nx	79	32941344	primary
PR00249	Nx	80	31956650	primary
PR00249	Nx	81	29702836	primary
PR00249	Nx	82	28022179	primary
PR00249	Nx	83	27735202	primary
PR00249	Nx	84	23599637	primary
PR00249	Nx	85	23534533	primary
PR00249	Nx	86	17520333	primary
PR00249	Nx	87	15313698	primary
PR00249	Nx	88	14680780	primary
PR00249	Nx	89	13224087	primary
PR00249	Nx	90	11846364	primary
PR00249	Nx	91	9303847	primary
PR00249	Nx	92	8125561	primary
PR00249	Nx	93	6873450	primary
PR00249	Nx	94	6231374	primary
PR00249	Nx	95	5983139	primary
PR00249	Nx	96	4362129	primary
PR00249	Nx	97	3300169	primary
PR00249	Nx	98	2277342	primary
PR00249	Nx	99	970399	primary
PR00249	Nx	100	16627	primary
PR00249	Lx	1	136164906	primary
PR00249	Lx	2	136164906	primary
PR00249	Lx	3	136164906	primary
PR00249	Lx	4	136164906	primary
PR00249	Lx	5	132102107	primary
PR00249	Lx	6	132102107	primary
PR00249	Lx	7	132102107	primary
PR00249	Lx	8	132102107	primary
PR00249	Lx	9	120486720	primary
PR00249	Lx	10	120486720	primary
PR00249	Lx	11	120486720	primary
PR00249	Lx	12	111185631	primary
PR00249	Lx	13	111185631	primary
PR00249	Lx	14	111185631	primary
PR00249	Lx	15	111185631	primary
PR00249	Lx	16	105315845	primary
PR00249	Lx	17	105315845	primary
PR00249	Lx	18	105315845	primary
PR00249	Lx	19	102728043	primary
PR00249	Lx	20	102728043	primary
PR00249	Lx	21	102728043	primary
PR00249	Lx	22	101212141	primary
PR00249	Lx	23	101212141	primary
PR00249	Lx	24	101212141	primary
PR00249	Lx	25	100594214	primary
PR00249	Lx	26	100594214	primary
PR00249	Lx	27	100594214	primary
PR00249	Lx	28	100525509	primary
PR00249	Lx	29	100525509	primary
PR00249	Lx	30	100525509	primary
PR00249	Lx	31	99462197	primary
PR00249	Lx	32	99462197	primary
PR00249	Lx	33	99462197	primary
PR00249	Lx	34	99259110	primary
PR00249	Lx	35	99259110	primary
PR00249	Lx	36	99259110	primary
PR00249	Lx	37	87916070	primary
PR00249	Lx	38	87916070	primary
PR00249	Lx	39	87916070	primary
PR00249	Lx	40	87706920	primary
PR00249	Lx	41	87706920	primary
PR00249	Lx	42	85279323	primary
PR00249	Lx	43	85279323	primary
PR00249	Lx	44	85279323	primary
PR00249	Lx	45	80708503	primary
PR00249	Lx	46	80708503	primary
PR00249	Lx	47	76594490	primary
PR00249	Lx	48	76594490	primary
PR00249	Lx	49	76594490	primary
PR00249	Lx	50	67513020	primary
PR00249	Lx	51	67513020	primary
PR00249	Lx	52	59420430	primary
PR00249	Lx	53	59420430	primary
PR00249	Lx	54	59294396	primary
PR00249	Lx	55	57389959	primary
PR00249	Lx	56	57389959	primary
PR00249	Lx	57	57280268	primary
PR00249	Lx	58	57280268	primary
PR00249	Lx	59	55320773	primary
PR00249	Lx	60	55320773	primary
PR00249	Lx	61	51093220	primary
PR00249	Lx	62	50979346	primary
PR00249	Lx	63	50979346	primary
PR00249	Lx	64	46573331	primary
PR00249	Lx	65	43501999	primary
PR00249	Lx	66	43348099	primary
PR00249	Lx	67	43348099	primary
PR00249	Lx	68	43227067	primary
PR00249	Lx	69	42590792	primary
PR00249	Lx	70	42177597	primary
PR00249	Lx	71	42177597	primary
PR00249	Lx	72	39707669	primary
PR00249	Lx	73	36695154	primary
PR00249	Lx	74	36014853	primary
PR00249	Lx	75	33921970	primary
PR00249	Lx	76	33757449	primary
PR00249	Lx	77	33397489	primary
PR00249	Lx	78	32976503	primary
PR00249	Lx	79	32941344	primary
PR00249	Lx	80	31956650	primary
PR00249	Lx	81	29702836	primary
PR00249	Lx	82	28022179	primary
PR00249	Lx	83	27735202	primary
PR00249	Lx	84	23599637	primary
PR00249	Lx	85	23534533	primary
PR00249	Lx	86	17520333	primary
PR00249	Lx	87	15313698	primary
PR00249	Lx	88	14680780	primary
PR00249	Lx	89	13224087	primary
PR00249	Lx	90	11846364	primary
PR00249	Lx	91	9303847	primary
PR00249	Lx	92	8125561	primary
PR00249	Lx	93	6873450	primary
PR00249	Lx	94	6231374	primary
PR00249	Lx	95	5983139	primary
PR00249	Lx	96	4362129	primary
PR00249	Lx	97	3300169	primary
PR00249	Lx	98	2277342	primary
PR00249	Lx	99	970399	primary
PR00249	Lx	100	16627	primary
PR00249	NGx	1	136164906	primary
PR00249	NGx	2	136164906	primary
PR00249	NGx	3	136164906	primary
PR00249	NGx	4	136164906	primary
PR00249	NGx	5	132102107	primary
PR00249	NGx	6	132102107	primary
PR00249	NGx	7	132102107	primary
PR00249	NGx	8	132102107	primary
PR00249	NGx	9	120486720	primary
PR00249	NGx	10	120486720	primary
PR00249	NGx	11	120486720	primary
PR00249	NGx	12	120486720	primary
PR00249	NGx	13	111185631	primary
PR00249	NGx	14	111185631	primary
PR00249	NGx	15	111185631	primary
PR00249	NGx	16	111185631	primary
PR00249	NGx	17	105315845	primary
PR00249	NGx	18	105315845	primary
PR00249	NGx	19	105315845	primary
PR00249	NGx	20	105315845	primary
PR00249	NGx	21	102728043	primary
PR00249	NGx	22	102728043	primary
PR00249	NGx	23	102728043	primary
PR00249	NGx	24	101212141	primary
PR00249	NGx	25	101212141	primary
PR00249	NGx	26	101212141	primary
PR00249	NGx	27	100594214	primary
PR00249	NGx	28	100594214	primary
PR00249	NGx	29	100594214	primary
PR00249	NGx	30	100594214	primary
PR00249	NGx	31	100525509	primary
PR00249	NGx	32	100525509	primary
PR00249	NGx	33	100525509	primary
PR00249	NGx	34	99462197	primary
PR00249	NGx	35	99462197	primary
PR00249	NGx	36	99462197	primary
PR00249	NGx	37	99259110	primary
PR00249	NGx	38	99259110	primary
PR00249	NGx	39	99259110	primary
PR00249	NGx	40	99259110	primary
PR00249	NGx	41	87916070	primary
PR00249	NGx	42	87916070	primary
PR00249	NGx	43	87706920	primary
PR00249	NGx	44	87706920	primary
PR00249	NGx	45	87706920	primary
PR00249	NGx	46	85279323	primary
PR00249	NGx	47	85279323	primary
PR00249	NGx	48	85279323	primary
PR00249	NGx	49	80708503	primary
PR00249	NGx	50	80708503	primary
PR00249	NGx	51	80708503	primary
PR00249	NGx	52	76594490	primary
PR00249	NGx	53	76594490	primary
PR00249	NGx	54	67513020	primary
PR00249	NGx	55	67513020	primary
PR00249	NGx	56	67513020	primary
PR00249	NGx	57	59420430	primary
PR00249	NGx	58	59420430	primary
PR00249	NGx	59	59294396	primary
PR00249	NGx	60	59294396	primary
PR00249	NGx	61	57389959	primary
PR00249	NGx	62	57280268	primary
PR00249	NGx	63	57280268	primary
PR00249	NGx	64	55320773	primary
PR00249	NGx	65	55320773	primary
PR00249	NGx	66	51093220	primary
PR00249	NGx	67	51093220	primary
PR00249	NGx	68	50979346	primary
PR00249	NGx	69	50979346	primary
PR00249	NGx	70	46573331	primary
PR00249	NGx	71	43501999	primary
PR00249	NGx	72	43501999	primary
PR00249	NGx	73	43348099	primary
PR00249	NGx	74	43227067	primary
PR00249	NGx	75	42590792	primary
PR00249	NGx	76	42590792	primary
PR00249	NGx	77	42177597	primary
PR00249	NGx	78	39707669	primary
PR00249	NGx	79	39707669	primary
PR00249	NGx	80	36695154	primary
PR00249	NGx	81	36014853	primary
PR00249	NGx	82	33921970	primary
PR00249	NGx	83	33757449	primary
PR00249	NGx	84	33397489	primary
PR00249	NGx	85	32976503	primary
PR00249	NGx	86	32941344	primary
PR00249	NGx	87	32941344	primary
PR00249	NGx	88	31956650	primary
PR00249	NGx	89	29702836	primary
PR00249	NGx	90	27735202	primary
PR00249	NGx	91	27317555	primary
PR00249	NGx	92	23599637	primary
PR00249	NGx	93	23534533	primary
PR00249	NGx	94	21320131	primary
PR00249	NGx	95	15651945	primary
PR00249	NGx	96	14991177	primary
PR00249	NGx	97	13585103	primary
PR00249	NGx	98	12013011	primary
PR00249	NGx	99	10573051	primary
PR00249	NGx	100	8902969	primary
PR00249	LGx	1	1	primary
PR00249	LGx	2	1	primary
PR00249	LGx	3	1	primary
PR00249	LGx	4	1	primary
PR00249	LGx	5	2	primary
PR00249	LGx	6	2	primary
PR00249	LGx	7	2	primary
PR00249	LGx	8	2	primary
PR00249	LGx	9	3	primary
PR00249	LGx	10	3	primary
PR00249	LGx	11	3	primary
PR00249	LGx	12	3	primary
PR00249	LGx	13	4	primary
PR00249	LGx	14	4	primary
PR00249	LGx	15	4	primary
PR00249	LGx	16	4	primary
PR00249	LGx	17	5	primary
PR00249	LGx	18	5	primary
PR00249	LGx	19	5	primary
PR00249	LGx	20	5	primary
PR00249	LGx	21	6	primary
PR00249	LGx	22	6	primary
PR00249	LGx	23	6	primary
PR00249	LGx	24	7	primary
PR00249	LGx	25	7	primary
PR00249	LGx	26	7	primary
PR00249	LGx	27	8	primary
PR00249	LGx	28	8	primary
PR00249	LGx	29	8	primary
PR00249	LGx	30	8	primary
PR00249	LGx	31	9	primary
PR00249	LGx	32	9	primary
PR00249	LGx	33	9	primary
PR00249	LGx	34	10	primary
PR00249	LGx	35	10	primary
PR00249	LGx	36	10	primary
PR00249	LGx	37	11	primary
PR00249	LGx	38	11	primary
PR00249	LGx	39	11	primary
PR00249	LGx	40	11	primary
PR00249	LGx	41	12	primary
PR00249	LGx	42	12	primary
PR00249	LGx	43	13	primary
PR00249	LGx	44	13	primary
PR00249	LGx	45	13	primary
PR00249	LGx	46	14	primary
PR00249	LGx	47	14	primary
PR00249	LGx	48	14	primary
PR00249	LGx	49	15	primary
PR00249	LGx	50	15	primary
PR00249	LGx	51	15	primary
PR00249	LGx	52	16	primary
PR00249	LGx	53	16	primary
PR00249	LGx	54	17	primary
PR00249	LGx	55	17	primary
PR00249	LGx	56	17	primary
PR00249	LGx	57	18	primary
PR00249	LGx	58	18	primary
PR00249	LGx	59	19	primary
PR00249	LGx	60	19	primary
PR00249	LGx	61	20	primary
PR00249	LGx	62	21	primary
PR00249	LGx	63	21	primary
PR00249	LGx	64	22	primary
PR00249	LGx	65	22	primary
PR00249	LGx	66	23	primary
PR00249	LGx	67	23	primary
PR00249	LGx	68	24	primary
PR00249	LGx	69	24	primary
PR00249	LGx	70	25	primary
PR00249	LGx	71	26	primary
PR00249	LGx	72	26	primary
PR00249	LGx	73	27	primary
PR00249	LGx	74	28	primary
PR00249	LGx	75	29	primary
PR00249	LGx	76	29	primary
PR00249	LGx	77	30	primary
PR00249	LGx	78	31	primary
PR00249	LGx	79	31	primary
PR00249	LGx	80	32	primary
PR00249	LGx	81	33	primary
PR00249	LGx	82	34	primary
PR00249	LGx	83	35	primary
PR00249	LGx	84	36	primary
PR00249	LGx	85	37	primary
PR00249	LGx	86	38	primary
PR00249	LGx	87	38	primary
PR00249	LGx	88	39	primary
PR00249	LGx	89	40	primary
PR00249	LGx	90	42	primary
PR00249	LGx	91	43	primary
PR00249	LGx	92	44	primary
PR00249	LGx	93	45	primary
PR00249	LGx	94	46	primary
PR00249	LGx	95	48	primary
PR00249	LGx	96	50	primary
PR00249	LGx	97	52	primary
PR00249	LGx	98	55	primary
PR00249	LGx	99	57	primary
PR00249	LGx	100	60	primary
PR01009	auN	3208829573	783.3155	hap1
PR01009	auNG	3018593705	832.6811	hap1
PR01009	Nx	1	72008718	hap1
PR01009	Nx	2	72008718	hap1
PR01009	Nx	3	53849809	hap1
PR01009	Nx	4	53134202	hap1
PR01009	Nx	5	53134202	hap1
PR01009	Nx	6	46026899	hap1
PR01009	Nx	7	46026899	hap1
PR01009	Nx	8	45146716	hap1
PR01009	Nx	9	41851343	hap1
PR01009	Nx	10	39547081	hap1
PR01009	Nx	11	39250882	hap1
PR01009	Nx	12	39250882	hap1
PR01009	Nx	13	37668584	hap1
PR01009	Nx	14	33113401	hap1
PR01009	Nx	15	32592604	hap1
PR01009	Nx	16	32577410	hap1
PR01009	Nx	17	29616791	hap1
PR01009	Nx	18	29217670	hap1
PR01009	Nx	19	28867238	hap1
PR01009	Nx	20	25754334	hap1
PR01009	Nx	21	25748115	hap1
PR01009	Nx	22	24622302	hap1
PR01009	Nx	23	23733016	hap1
PR01009	Nx	24	22829480	hap1
PR01009	Nx	25	22312324	hap1
PR01009	Nx	26	22013266	hap1
PR01009	Nx	27	21988805	hap1
PR01009	Nx	28	20969022	hap1
PR01009	Nx	29	20951728	hap1
PR01009	Nx	30	20893819	hap1
PR01009	Nx	31	20655384	hap1
PR01009	Nx	32	19987353	hap1
PR01009	Nx	33	19387409	hap1
PR01009	Nx	34	18369283	hap1
PR01009	Nx	35	16593029	hap1
PR01009	Nx	36	16194975	hap1
PR01009	Nx	37	15966271	hap1
PR01009	Nx	38	15590551	hap1
PR01009	Nx	39	14915546	hap1
PR01009	Nx	40	14619081	hap1
PR01009	Nx	41	13478692	hap1
PR01009	Nx	42	13340242	hap1
PR01009	Nx	43	13315194	hap1
PR01009	Nx	44	13177018	hap1
PR01009	Nx	45	13071220	hap1
PR01009	Nx	46	12845704	hap1
PR01009	Nx	47	12558550	hap1
PR01009	Nx	48	12377230	hap1
PR01009	Nx	49	11929660	hap1
PR01009	Nx	50	11699582	hap1
PR01009	Nx	51	11260880	hap1
PR01009	Nx	52	10797136	hap1
PR01009	Nx	53	10600342	hap1
PR01009	Nx	54	10134231	hap1
PR01009	Nx	55	9895830	hap1
PR01009	Nx	56	9756450	hap1
PR01009	Nx	57	9277123	hap1
PR01009	Nx	58	8618468	hap1
PR01009	Nx	59	8489814	hap1
PR01009	Nx	60	7993422	hap1
PR01009	Nx	61	7742653	hap1
PR01009	Nx	62	7465557	hap1
PR01009	Nx	63	7313027	hap1
PR01009	Nx	64	7156676	hap1
PR01009	Nx	65	6808053	hap1
PR01009	Nx	66	6363336	hap1
PR01009	Nx	67	6156224	hap1
PR01009	Nx	68	5963744	hap1
PR01009	Nx	69	5832549	hap1
PR01009	Nx	70	5578110	hap1
PR01009	Nx	71	5381229	hap1
PR01009	Nx	72	5154680	hap1
PR01009	Nx	73	4997632	hap1
PR01009	Nx	74	4914993	hap1
PR01009	Nx	75	4769027	hap1
PR01009	Nx	76	4693135	hap1
PR01009	Nx	77	4576979	hap1
PR01009	Nx	78	4401508	hap1
PR01009	Nx	79	4301953	hap1
PR01009	Nx	80	4153141	hap1
PR01009	Nx	81	3969837	hap1
PR01009	Nx	82	3522752	hap1
PR01009	Nx	83	3277183	hap1
PR01009	Nx	84	3090573	hap1
PR01009	Nx	85	2836234	hap1
PR01009	Nx	86	2641115	hap1
PR01009	Nx	87	2526913	hap1
PR01009	Nx	88	2323359	hap1
PR01009	Nx	89	2115834	hap1
PR01009	Nx	90	1884457	hap1
PR01009	Nx	91	1669082	hap1
PR01009	Nx	92	1469946	hap1
PR01009	Nx	93	1280653	hap1
PR01009	Nx	94	1145475	hap1
PR01009	Nx	95	957093	hap1
PR01009	Nx	96	784773	hap1
PR01009	Nx	97	585333	hap1
PR01009	Nx	98	423293	hap1
PR01009	Nx	99	161416	hap1
PR01009	Nx	100	13078	hap1
PR01009	Lx	1	72008718	hap1
PR01009	Lx	2	72008718	hap1
PR01009	Lx	3	53849809	hap1
PR01009	Lx	4	53134202	hap1
PR01009	Lx	5	53134202	hap1
PR01009	Lx	6	46026899	hap1
PR01009	Lx	7	46026899	hap1
PR01009	Lx	8	45146716	hap1
PR01009	Lx	9	41851343	hap1
PR01009	Lx	10	39547081	hap1
PR01009	Lx	11	39250882	hap1
PR01009	Lx	12	39250882	hap1
PR01009	Lx	13	37668584	hap1
PR01009	Lx	14	33113401	hap1
PR01009	Lx	15	32592604	hap1
PR01009	Lx	16	32577410	hap1
PR01009	Lx	17	29616791	hap1
PR01009	Lx	18	29217670	hap1
PR01009	Lx	19	28867238	hap1
PR01009	Lx	20	25754334	hap1
PR01009	Lx	21	25748115	hap1
PR01009	Lx	22	24622302	hap1
PR01009	Lx	23	23733016	hap1
PR01009	Lx	24	22829480	hap1
PR01009	Lx	25	22312324	hap1
PR01009	Lx	26	22013266	hap1
PR01009	Lx	27	21988805	hap1
PR01009	Lx	28	20969022	hap1
PR01009	Lx	29	20951728	hap1
PR01009	Lx	30	20893819	hap1
PR01009	Lx	31	20655384	hap1
PR01009	Lx	32	19987353	hap1
PR01009	Lx	33	19387409	hap1
PR01009	Lx	34	18369283	hap1
PR01009	Lx	35	16593029	hap1
PR01009	Lx	36	16194975	hap1
PR01009	Lx	37	15966271	hap1
PR01009	Lx	38	15590551	hap1
PR01009	Lx	39	14915546	hap1
PR01009	Lx	40	14619081	hap1
PR01009	Lx	41	13478692	hap1
PR01009	Lx	42	13340242	hap1
PR01009	Lx	43	13315194	hap1
PR01009	Lx	44	13177018	hap1
PR01009	Lx	45	13071220	hap1
PR01009	Lx	46	12845704	hap1
PR01009	Lx	47	12558550	hap1
PR01009	Lx	48	12377230	hap1
PR01009	Lx	49	11929660	hap1
PR01009	Lx	50	11699582	hap1
PR01009	Lx	51	11260880	hap1
PR01009	Lx	52	10797136	hap1
PR01009	Lx	53	10600342	hap1
PR01009	Lx	54	10134231	hap1
PR01009	Lx	55	9895830	hap1
PR01009	Lx	56	9756450	hap1
PR01009	Lx	57	9277123	hap1
PR01009	Lx	58	8618468	hap1
PR01009	Lx	59	8489814	hap1
PR01009	Lx	60	7993422	hap1
PR01009	Lx	61	7742653	hap1
PR01009	Lx	62	7465557	hap1
PR01009	Lx	63	7313027	hap1
PR01009	Lx	64	7156676	hap1
PR01009	Lx	65	6808053	hap1
PR01009	Lx	66	6363336	hap1
PR01009	Lx	67	6156224	hap1
PR01009	Lx	68	5963744	hap1
PR01009	Lx	69	5832549	hap1
PR01009	Lx	70	5578110	hap1
PR01009	Lx	71	5381229	hap1
PR01009	Lx	72	5154680	hap1
PR01009	Lx	73	4997632	hap1
PR01009	Lx	74	4914993	hap1
PR01009	Lx	75	4769027	hap1
PR01009	Lx	76	4693135	hap1
PR01009	Lx	77	4576979	hap1
PR01009	Lx	78	4401508	hap1
PR01009	Lx	79	4301953	hap1
PR01009	Lx	80	4153141	hap1
PR01009	Lx	81	3969837	hap1
PR01009	Lx	82	3522752	hap1
PR01009	Lx	83	3277183	hap1
PR01009	Lx	84	3090573	hap1
PR01009	Lx	85	2836234	hap1
PR01009	Lx	86	2641115	hap1
PR01009	Lx	87	2526913	hap1
PR01009	Lx	88	2323359	hap1
PR01009	Lx	89	2115834	hap1
PR01009	Lx	90	1884457	hap1
PR01009	Lx	91	1669082	hap1
PR01009	Lx	92	1469946	hap1
PR01009	Lx	93	1280653	hap1
PR01009	Lx	94	1145475	hap1
PR01009	Lx	95	957093	hap1
PR01009	Lx	96	784773	hap1
PR01009	Lx	97	585333	hap1
PR01009	Lx	98	423293	hap1
PR01009	Lx	99	161416	hap1
PR01009	Lx	100	13078	hap1
PR01009	NGx	1	72008718	hap1
PR01009	NGx	2	72008718	hap1
PR01009	NGx	3	53849809	hap1
PR01009	NGx	4	53849809	hap1
PR01009	NGx	5	53134202	hap1
PR01009	NGx	6	46026899	hap1
PR01009	NGx	7	46026899	hap1
PR01009	NGx	8	45146716	hap1
PR01009	NGx	9	41851343	hap1
PR01009	NGx	10	41851343	hap1
PR01009	NGx	11	39547081	hap1
PR01009	NGx	12	39250882	hap1
PR01009	NGx	13	37668584	hap1
PR01009	NGx	14	37668584	hap1
PR01009	NGx	15	33113401	hap1
PR01009	NGx	16	32592604	hap1
PR01009	NGx	17	32577410	hap1
PR01009	NGx	18	29616791	hap1
PR01009	NGx	19	29217670	hap1
PR01009	NGx	20	28867238	hap1
PR01009	NGx	21	26477412	hap1
PR01009	NGx	22	25754334	hap1
PR01009	NGx	23	24622302	hap1
PR01009	NGx	24	23733016	hap1
PR01009	NGx	25	23100057	hap1
PR01009	NGx	26	22829480	hap1
PR01009	NGx	27	22148482	hap1
PR01009	NGx	28	22013266	hap1
PR01009	NGx	29	21314920	hap1
PR01009	NGx	30	20969022	hap1
PR01009	NGx	31	20951728	hap1
PR01009	NGx	32	20893819	hap1
PR01009	NGx	33	20655384	hap1
PR01009	NGx	34	19987353	hap1
PR01009	NGx	35	19387409	hap1
PR01009	NGx	36	18369283	hap1
PR01009	NGx	37	16593029	hap1
PR01009	NGx	38	16197175	hap1
PR01009	NGx	39	16173914	hap1
PR01009	NGx	40	15739405	hap1
PR01009	NGx	41	15130660	hap1
PR01009	NGx	42	14767688	hap1
PR01009	NGx	43	13717088	hap1
PR01009	NGx	44	13367135	hap1
PR01009	NGx	45	13320343	hap1
PR01009	NGx	46	13315169	hap1
PR01009	NGx	47	13177018	hap1
PR01009	NGx	48	13012605	hap1
PR01009	NGx	49	12845704	hap1
PR01009	NGx	50	12558550	hap1
PR01009	NGx	51	12377230	hap1
PR01009	NGx	52	11929660	hap1
PR01009	NGx	53	11699582	hap1
PR01009	NGx	54	11288106	hap1
PR01009	NGx	55	10994231	hap1
PR01009	NGx	56	10608535	hap1
PR01009	NGx	57	10213928	hap1
PR01009	NGx	58	10036523	hap1
PR01009	NGx	59	9776066	hap1
PR01009	NGx	60	9534270	hap1
PR01009	NGx	61	8885091	hap1
PR01009	NGx	62	8525249	hap1
PR01009	NGx	63	8422155	hap1
PR01009	NGx	64	7912788	hap1
PR01009	NGx	65	7645454	hap1
PR01009	NGx	66	7396972	hap1
PR01009	NGx	67	7313027	hap1
PR01009	NGx	68	7156676	hap1
PR01009	NGx	69	6929809	hap1
PR01009	NGx	70	6421539	hap1
PR01009	NGx	71	6213034	hap1
PR01009	NGx	72	5974448	hap1
PR01009	NGx	73	5832789	hap1
PR01009	NGx	74	5633075	hap1
PR01009	NGx	75	5439156	hap1
PR01009	NGx	76	5311528	hap1
PR01009	NGx	77	5052242	hap1
PR01009	NGx	78	4988307	hap1
PR01009	NGx	79	4884833	hap1
PR01009	NGx	80	4762102	hap1
PR01009	NGx	81	4657259	hap1
PR01009	NGx	82	4535618	hap1
PR01009	NGx	83	4364005	hap1
PR01009	NGx	84	4301953	hap1
PR01009	NGx	85	4153141	hap1
PR01009	NGx	86	3978252	hap1
PR01009	NGx	87	3538945	hap1
PR01009	NGx	88	3293911	hap1
PR01009	NGx	89	3157132	hap1
PR01009	NGx	90	2920127	hap1
PR01009	NGx	91	2721668	hap1
PR01009	NGx	92	2578078	hap1
PR01009	NGx	93	2419153	hap1
PR01009	NGx	94	2187314	hap1
PR01009	NGx	95	2012873	hap1
PR01009	NGx	96	1807777	hap1
PR01009	NGx	97	1595606	hap1
PR01009	NGx	98	1426251	hap1
PR01009	NGx	99	1266136	hap1
PR01009	NGx	100	1125109	hap1
PR01009	LGx	1	1	hap1
PR01009	LGx	2	1	hap1
PR01009	LGx	3	2	hap1
PR01009	LGx	4	2	hap1
PR01009	LGx	5	3	hap1
PR01009	LGx	6	4	hap1
PR01009	LGx	7	4	hap1
PR01009	LGx	8	5	hap1
PR01009	LGx	9	6	hap1
PR01009	LGx	10	6	hap1
PR01009	LGx	11	7	hap1
PR01009	LGx	12	8	hap1
PR01009	LGx	13	9	hap1
PR01009	LGx	14	9	hap1
PR01009	LGx	15	10	hap1
PR01009	LGx	16	11	hap1
PR01009	LGx	17	12	hap1
PR01009	LGx	18	13	hap1
PR01009	LGx	19	14	hap1
PR01009	LGx	20	15	hap1
PR01009	LGx	21	16	hap1
PR01009	LGx	22	17	hap1
PR01009	LGx	23	19	hap1
PR01009	LGx	24	20	hap1
PR01009	LGx	25	21	hap1
PR01009	LGx	26	22	hap1
PR01009	LGx	27	24	hap1
PR01009	LGx	28	25	hap1
PR01009	LGx	29	27	hap1
PR01009	LGx	30	28	hap1
PR01009	LGx	31	29	hap1
PR01009	LGx	32	31	hap1
PR01009	LGx	33	32	hap1
PR01009	LGx	34	34	hap1
PR01009	LGx	35	35	hap1
PR01009	LGx	36	37	hap1
PR01009	LGx	37	39	hap1
PR01009	LGx	38	40	hap1
PR01009	LGx	39	42	hap1
PR01009	LGx	40	44	hap1
PR01009	LGx	41	46	hap1
PR01009	LGx	42	48	hap1
PR01009	LGx	43	50	hap1
PR01009	LGx	44	53	hap1
PR01009	LGx	45	55	hap1
PR01009	LGx	46	57	hap1
PR01009	LGx	47	59	hap1
PR01009	LGx	48	62	hap1
PR01009	LGx	49	64	hap1
PR01009	LGx	50	66	hap1
PR01009	LGx	51	69	hap1
PR01009	LGx	52	71	hap1
PR01009	LGx	53	74	hap1
PR01009	LGx	54	76	hap1
PR01009	LGx	55	79	hap1
PR01009	LGx	56	82	hap1
PR01009	LGx	57	85	hap1
PR01009	LGx	58	88	hap1
PR01009	LGx	59	91	hap1
PR01009	LGx	60	94	hap1
PR01009	LGx	61	97	hap1
PR01009	LGx	62	101	hap1
PR01009	LGx	63	104	hap1
PR01009	LGx	64	108	hap1
PR01009	LGx	65	112	hap1
PR01009	LGx	66	116	hap1
PR01009	LGx	67	120	hap1
PR01009	LGx	68	124	hap1
PR01009	LGx	69	128	hap1
PR01009	LGx	70	133	hap1
PR01009	LGx	71	138	hap1
PR01009	LGx	72	143	hap1
PR01009	LGx	73	148	hap1
PR01009	LGx	74	153	hap1
PR01009	LGx	75	158	hap1
PR01009	LGx	76	164	hap1
PR01009	LGx	77	170	hap1
PR01009	LGx	78	176	hap1
PR01009	LGx	79	182	hap1
PR01009	LGx	80	188	hap1
PR01009	LGx	81	195	hap1
PR01009	LGx	82	201	hap1
PR01009	LGx	83	208	hap1
PR01009	LGx	84	215	hap1
PR01009	LGx	85	222	hap1
PR01009	LGx	86	229	hap1
PR01009	LGx	87	237	hap1
PR01009	LGx	88	246	hap1
PR01009	LGx	89	255	hap1
PR01009	LGx	90	265	hap1
PR01009	LGx	91	276	hap1
PR01009	LGx	92	288	hap1
PR01009	LGx	93	300	hap1
PR01009	LGx	94	313	hap1
PR01009	LGx	95	327	hap1
PR01009	LGx	96	343	hap1
PR01009	LGx	97	360	hap1
PR01009	LGx	98	380	hap1
PR01009	LGx	99	403	hap1
PR01009	LGx	100	428	hap1
PR01009	auN	3189992460	741.3127	hap2
PR01009	auNG	3018593705	783.40515	hap2
PR01009	Nx	1	48301463	hap2
PR01009	Nx	2	40292418	hap2
PR01009	Nx	3	38054536	hap2
PR01009	Nx	4	31654732	hap2
PR01009	Nx	5	30452630	hap2
PR01009	Nx	6	29703903	hap2
PR01009	Nx	7	29410225	hap2
PR01009	Nx	8	28880647	hap2
PR01009	Nx	9	28354516	hap2
PR01009	Nx	10	27534681	hap2
PR01009	Nx	11	25752062	hap2
PR01009	Nx	12	25545374	hap2
PR01009	Nx	13	24925147	hap2
PR01009	Nx	14	24219738	hap2
PR01009	Nx	15	24210704	hap2
PR01009	Nx	16	22816065	hap2
PR01009	Nx	17	22510772	hap2
PR01009	Nx	18	20969049	hap2
PR01009	Nx	19	20701436	hap2
PR01009	Nx	20	20348869	hap2
PR01009	Nx	21	19967202	hap2
PR01009	Nx	22	19779863	hap2
PR01009	Nx	23	18321895	hap2
PR01009	Nx	24	18054752	hap2
PR01009	Nx	25	17769287	hap2
PR01009	Nx	26	16836222	hap2
PR01009	Nx	27	16545446	hap2
PR01009	Nx	28	15936455	hap2
PR01009	Nx	29	15573743	hap2
PR01009	Nx	30	15211974	hap2
PR01009	Nx	31	15098033	hap2
PR01009	Nx	32	14706207	hap2
PR01009	Nx	33	14296826	hap2
PR01009	Nx	34	13664725	hap2
PR01009	Nx	35	13325178	hap2
PR01009	Nx	36	12716811	hap2
PR01009	Nx	37	12658330	hap2
PR01009	Nx	38	12397020	hap2
PR01009	Nx	39	12365391	hap2
PR01009	Nx	40	12193443	hap2
PR01009	Nx	41	12069664	hap2
PR01009	Nx	42	11312662	hap2
PR01009	Nx	43	11126872	hap2
PR01009	Nx	44	10945047	hap2
PR01009	Nx	45	10553318	hap2
PR01009	Nx	46	10468356	hap2
PR01009	Nx	47	9982325	hap2
PR01009	Nx	48	9712972	hap2
PR01009	Nx	49	9401025	hap2
PR01009	Nx	50	9174378	hap2
PR01009	Nx	51	9122756	hap2
PR01009	Nx	52	8616267	hap2
PR01009	Nx	53	8293787	hap2
PR01009	Nx	54	8078144	hap2
PR01009	Nx	55	7887206	hap2
PR01009	Nx	56	7688953	hap2
PR01009	Nx	57	7474229	hap2
PR01009	Nx	58	7041625	hap2
PR01009	Nx	59	6773676	hap2
PR01009	Nx	60	6572128	hap2
PR01009	Nx	61	6332053	hap2
PR01009	Nx	62	6137236	hap2
PR01009	Nx	63	6040258	hap2
PR01009	Nx	64	5980842	hap2
PR01009	Nx	65	5797581	hap2
PR01009	Nx	66	5589021	hap2
PR01009	Nx	67	5333977	hap2
PR01009	Nx	68	5109878	hap2
PR01009	Nx	69	4971765	hap2
PR01009	Nx	70	4890942	hap2
PR01009	Nx	71	4777983	hap2
PR01009	Nx	72	4680890	hap2
PR01009	Nx	73	4584053	hap2
PR01009	Nx	74	4358224	hap2
PR01009	Nx	75	4088784	hap2
PR01009	Nx	76	3967171	hap2
PR01009	Nx	77	3771880	hap2
PR01009	Nx	78	3569981	hap2
PR01009	Nx	79	3348635	hap2
PR01009	Nx	80	3182944	hap2
PR01009	Nx	81	2916569	hap2
PR01009	Nx	82	2771034	hap2
PR01009	Nx	83	2625684	hap2
PR01009	Nx	84	2521426	hap2
PR01009	Nx	85	2351693	hap2
PR01009	Nx	86	2197836	hap2
PR01009	Nx	87	2090291	hap2
PR01009	Nx	88	1961412	hap2
PR01009	Nx	89	1801470	hap2
PR01009	Nx	90	1656541	hap2
PR01009	Nx	91	1509178	hap2
PR01009	Nx	92	1362497	hap2
PR01009	Nx	93	1192845	hap2
PR01009	Nx	94	1067704	hap2
PR01009	Nx	95	913562	hap2
PR01009	Nx	96	787123	hap2
PR01009	Nx	97	636922	hap2
PR01009	Nx	98	444216	hap2
PR01009	Nx	99	238351	hap2
PR01009	Nx	100	6572	hap2
PR01009	Lx	1	48301463	hap2
PR01009	Lx	2	40292418	hap2
PR01009	Lx	3	38054536	hap2
PR01009	Lx	4	31654732	hap2
PR01009	Lx	5	30452630	hap2
PR01009	Lx	6	29703903	hap2
PR01009	Lx	7	29410225	hap2
PR01009	Lx	8	28880647	hap2
PR01009	Lx	9	28354516	hap2
PR01009	Lx	10	27534681	hap2
PR01009	Lx	11	25752062	hap2
PR01009	Lx	12	25545374	hap2
PR01009	Lx	13	24925147	hap2
PR01009	Lx	14	24219738	hap2
PR01009	Lx	15	24210704	hap2
PR01009	Lx	16	22816065	hap2
PR01009	Lx	17	22510772	hap2
PR01009	Lx	18	20969049	hap2
PR01009	Lx	19	20701436	hap2
PR01009	Lx	20	20348869	hap2
PR01009	Lx	21	19967202	hap2
PR01009	Lx	22	19779863	hap2
PR01009	Lx	23	18321895	hap2
PR01009	Lx	24	18054752	hap2
PR01009	Lx	25	17769287	hap2
PR01009	Lx	26	16836222	hap2
PR01009	Lx	27	16545446	hap2
PR01009	Lx	28	15936455	hap2
PR01009	Lx	29	15573743	hap2
PR01009	Lx	30	15211974	hap2
PR01009	Lx	31	15098033	hap2
PR01009	Lx	32	14706207	hap2
PR01009	Lx	33	14296826	hap2
PR01009	Lx	34	13664725	hap2
PR01009	Lx	35	13325178	hap2
PR01009	Lx	36	12716811	hap2
PR01009	Lx	37	12658330	hap2
PR01009	Lx	38	12397020	hap2
PR01009	Lx	39	12365391	hap2
PR01009	Lx	40	12193443	hap2
PR01009	Lx	41	12069664	hap2
PR01009	Lx	42	11312662	hap2
PR01009	Lx	43	11126872	hap2
PR01009	Lx	44	10945047	hap2
PR01009	Lx	45	10553318	hap2
PR01009	Lx	46	10468356	hap2
PR01009	Lx	47	9982325	hap2
PR01009	Lx	48	9712972	hap2
PR01009	Lx	49	9401025	hap2
PR01009	Lx	50	9174378	hap2
PR01009	Lx	51	9122756	hap2
PR01009	Lx	52	8616267	hap2
PR01009	Lx	53	8293787	hap2
PR01009	Lx	54	8078144	hap2
PR01009	Lx	55	7887206	hap2
PR01009	Lx	56	7688953	hap2
PR01009	Lx	57	7474229	hap2
PR01009	Lx	58	7041625	hap2
PR01009	Lx	59	6773676	hap2
PR01009	Lx	60	6572128	hap2
PR01009	Lx	61	6332053	hap2
PR01009	Lx	62	6137236	hap2
PR01009	Lx	63	6040258	hap2
PR01009	Lx	64	5980842	hap2
PR01009	Lx	65	5797581	hap2
PR01009	Lx	66	5589021	hap2
PR01009	Lx	67	5333977	hap2
PR01009	Lx	68	5109878	hap2
PR01009	Lx	69	4971765	hap2
PR01009	Lx	70	4890942	hap2
PR01009	Lx	71	4777983	hap2
PR01009	Lx	72	4680890	hap2
PR01009	Lx	73	4584053	hap2
PR01009	Lx	74	4358224	hap2
PR01009	Lx	75	4088784	hap2
PR01009	Lx	76	3967171	hap2
PR01009	Lx	77	3771880	hap2
PR01009	Lx	78	3569981	hap2
PR01009	Lx	79	3348635	hap2
PR01009	Lx	80	3182944	hap2
PR01009	Lx	81	2916569	hap2
PR01009	Lx	82	2771034	hap2
PR01009	Lx	83	2625684	hap2
PR01009	Lx	84	2521426	hap2
PR01009	Lx	85	2351693	hap2
PR01009	Lx	86	2197836	hap2
PR01009	Lx	87	2090291	hap2
PR01009	Lx	88	1961412	hap2
PR01009	Lx	89	1801470	hap2
PR01009	Lx	90	1656541	hap2
PR01009	Lx	91	1509178	hap2
PR01009	Lx	92	1362497	hap2
PR01009	Lx	93	1192845	hap2
PR01009	Lx	94	1067704	hap2
PR01009	Lx	95	913562	hap2
PR01009	Lx	96	787123	hap2
PR01009	Lx	97	636922	hap2
PR01009	Lx	98	444216	hap2
PR01009	Lx	99	238351	hap2
PR01009	Lx	100	6572	hap2
PR01009	NGx	1	48301463	hap2
PR01009	NGx	2	40292418	hap2
PR01009	NGx	3	38054536	hap2
PR01009	NGx	4	38054536	hap2
PR01009	NGx	5	31654732	hap2
PR01009	NGx	6	30452630	hap2
PR01009	NGx	7	29703903	hap2
PR01009	NGx	8	29410225	hap2
PR01009	NGx	9	28880647	hap2
PR01009	NGx	10	28354516	hap2
PR01009	NGx	11	27534681	hap2
PR01009	NGx	12	25545374	hap2
PR01009	NGx	13	25543128	hap2
PR01009	NGx	14	24925147	hap2
PR01009	NGx	15	24219738	hap2
PR01009	NGx	16	23236479	hap2
PR01009	NGx	17	22816065	hap2
PR01009	NGx	18	22510772	hap2
PR01009	NGx	19	20969049	hap2
PR01009	NGx	20	20701436	hap2
PR01009	NGx	21	20371626	hap2
PR01009	NGx	22	19967202	hap2
PR01009	NGx	23	19885807	hap2
PR01009	NGx	24	18515584	hap2
PR01009	NGx	25	18054752	hap2
PR01009	NGx	26	17925380	hap2
PR01009	NGx	27	17164564	hap2
PR01009	NGx	28	16688192	hap2
PR01009	NGx	29	16194722	hap2
PR01009	NGx	30	15778431	hap2
PR01009	NGx	31	15573743	hap2
PR01009	NGx	32	15211974	hap2
PR01009	NGx	33	15098033	hap2
PR01009	NGx	34	14511740	hap2
PR01009	NGx	35	13893644	hap2
PR01009	NGx	36	13664725	hap2
PR01009	NGx	37	13325178	hap2
PR01009	NGx	38	12716811	hap2
PR01009	NGx	39	12658330	hap2
PR01009	NGx	40	12455838	hap2
PR01009	NGx	41	12365391	hap2
PR01009	NGx	42	12217072	hap2
PR01009	NGx	43	12069664	hap2
PR01009	NGx	44	11326547	hap2
PR01009	NGx	45	11267781	hap2
PR01009	NGx	46	11096382	hap2
PR01009	NGx	47	10919935	hap2
PR01009	NGx	48	10531570	hap2
PR01009	NGx	49	10226997	hap2
PR01009	NGx	50	9970209	hap2
PR01009	NGx	51	9541196	hap2
PR01009	NGx	52	9401025	hap2
PR01009	NGx	53	9159492	hap2
PR01009	NGx	54	8880722	hap2
PR01009	NGx	55	8616267	hap2
PR01009	NGx	56	8293787	hap2
PR01009	NGx	57	8078144	hap2
PR01009	NGx	58	7908889	hap2
PR01009	NGx	59	7721167	hap2
PR01009	NGx	60	7539793	hap2
PR01009	NGx	61	7126724	hap2
PR01009	NGx	62	6905045	hap2
PR01009	NGx	63	6682715	hap2
PR01009	NGx	64	6525419	hap2
PR01009	NGx	65	6274423	hap2
PR01009	NGx	66	6114773	hap2
PR01009	NGx	67	6018800	hap2
PR01009	NGx	68	5925857	hap2
PR01009	NGx	69	5790356	hap2
PR01009	NGx	70	5461220	hap2
PR01009	NGx	71	5333319	hap2
PR01009	NGx	72	5109256	hap2
PR01009	NGx	73	4971765	hap2
PR01009	NGx	74	4890942	hap2
PR01009	NGx	75	4777983	hap2
PR01009	NGx	76	4688325	hap2
PR01009	NGx	77	4611400	hap2
PR01009	NGx	78	4398253	hap2
PR01009	NGx	79	4131149	hap2
PR01009	NGx	80	4026755	hap2
PR01009	NGx	81	3785719	hap2
PR01009	NGx	82	3667453	hap2
PR01009	NGx	83	3421454	hap2
PR01009	NGx	84	3291087	hap2
PR01009	NGx	85	3043364	hap2
PR01009	NGx	86	2883945	hap2
PR01009	NGx	87	2704017	hap2
PR01009	NGx	88	2605380	hap2
PR01009	NGx	89	2493073	hap2
PR01009	NGx	90	2309699	hap2
PR01009	NGx	91	2193653	hap2
PR01009	NGx	92	2066803	hap2
PR01009	NGx	93	1961412	hap2
PR01009	NGx	94	1807386	hap2
PR01009	NGx	95	1665496	hap2
PR01009	NGx	96	1536126	hap2
PR01009	NGx	97	1373864	hap2
PR01009	NGx	98	1250703	hap2
PR01009	NGx	99	1102312	hap2
PR01009	NGx	100	986450	hap2
PR01009	LGx	1	1	hap2
PR01009	LGx	2	2	hap2
PR01009	LGx	3	3	hap2
PR01009	LGx	4	3	hap2
PR01009	LGx	5	4	hap2
PR01009	LGx	6	5	hap2
PR01009	LGx	7	6	hap2
PR01009	LGx	8	7	hap2
PR01009	LGx	9	8	hap2
PR01009	LGx	10	9	hap2
PR01009	LGx	11	10	hap2
PR01009	LGx	12	12	hap2
PR01009	LGx	13	13	hap2
PR01009	LGx	14	14	hap2
PR01009	LGx	15	15	hap2
PR01009	LGx	16	17	hap2
PR01009	LGx	17	18	hap2
PR01009	LGx	18	19	hap2
PR01009	LGx	19	21	hap2
PR01009	LGx	20	22	hap2
PR01009	LGx	21	23	hap2
PR01009	LGx	22	25	hap2
PR01009	LGx	23	26	hap2
PR01009	LGx	24	28	hap2
PR01009	LGx	25	30	hap2
PR01009	LGx	26	31	hap2
PR01009	LGx	27	33	hap2
PR01009	LGx	28	35	hap2
PR01009	LGx	29	37	hap2
PR01009	LGx	30	39	hap2
PR01009	LGx	31	40	hap2
PR01009	LGx	32	42	hap2
PR01009	LGx	33	44	hap2
PR01009	LGx	34	47	hap2
PR01009	LGx	35	49	hap2
PR01009	LGx	36	51	hap2
PR01009	LGx	37	53	hap2
PR01009	LGx	38	55	hap2
PR01009	LGx	39	58	hap2
PR01009	LGx	40	60	hap2
PR01009	LGx	41	63	hap2
PR01009	LGx	42	65	hap2
PR01009	LGx	43	68	hap2
PR01009	LGx	44	70	hap2
PR01009	LGx	45	73	hap2
PR01009	LGx	46	75	hap2
PR01009	LGx	47	78	hap2
PR01009	LGx	48	81	hap2
PR01009	LGx	49	84	hap2
PR01009	LGx	50	87	hap2
PR01009	LGx	51	90	hap2
PR01009	LGx	52	93	hap2
PR01009	LGx	53	97	hap2
PR01009	LGx	54	100	hap2
PR01009	LGx	55	103	hap2
PR01009	LGx	56	107	hap2
PR01009	LGx	57	111	hap2
PR01009	LGx	58	114	hap2
PR01009	LGx	59	118	hap2
PR01009	LGx	60	122	hap2
PR01009	LGx	61	126	hap2
PR01009	LGx	62	131	hap2
PR01009	LGx	63	135	hap2
PR01009	LGx	64	140	hap2
PR01009	LGx	65	144	hap2
PR01009	LGx	66	149	hap2
PR01009	LGx	67	154	hap2
PR01009	LGx	68	159	hap2
PR01009	LGx	69	164	hap2
PR01009	LGx	70	170	hap2
PR01009	LGx	71	175	hap2
PR01009	LGx	72	181	hap2
PR01009	LGx	73	187	hap2
PR01009	LGx	74	193	hap2
PR01009	LGx	75	200	hap2
PR01009	LGx	76	206	hap2
PR01009	LGx	77	213	hap2
PR01009	LGx	78	219	hap2
PR01009	LGx	79	226	hap2
PR01009	LGx	80	234	hap2
PR01009	LGx	81	241	hap2
PR01009	LGx	82	250	hap2
PR01009	LGx	83	258	hap2
PR01009	LGx	84	267	hap2
PR01009	LGx	85	277	hap2
PR01009	LGx	86	287	hap2
PR01009	LGx	87	298	hap2
PR01009	LGx	88	309	hap2
PR01009	LGx	89	321	hap2
PR01009	LGx	90	333	hap2
PR01009	LGx	91	347	hap2
PR01009	LGx	92	361	hap2
PR01009	LGx	93	376	hap2
PR01009	LGx	94	392	hap2
PR01009	LGx	95	409	hap2
PR01009	LGx	96	428	hap2
PR01009	LGx	97	449	hap2
PR01009	LGx	98	471	hap2
PR01009	LGx	99	497	hap2
PR01009	LGx	100	526	hap2
PR01009	auN	3332162673	355.97345	primary
PR01009	auNG	3018593705	392.95163	primary
PR01009	Nx	1	72008718	primary
PR01009	Nx	2	72008718	primary
PR01009	Nx	3	53875634	primary
PR01009	Nx	4	53849809	primary
PR01009	Nx	5	53849809	primary
PR01009	Nx	6	53134202	primary
PR01009	Nx	7	51825076	primary
PR01009	Nx	8	51825076	primary
PR01009	Nx	9	46026899	primary
PR01009	Nx	10	45146716	primary
PR01009	Nx	11	45146716	primary
PR01009	Nx	12	41881691	primary
PR01009	Nx	13	40624476	primary
PR01009	Nx	14	39547081	primary
PR01009	Nx	15	38054536	primary
PR01009	Nx	16	38054536	primary
PR01009	Nx	17	37852625	primary
PR01009	Nx	18	37668584	primary
PR01009	Nx	19	35101357	primary
PR01009	Nx	20	33113401	primary
PR01009	Nx	21	32812306	primary
PR01009	Nx	22	32592604	primary
PR01009	Nx	23	31205477	primary
PR01009	Nx	24	30667382	primary
PR01009	Nx	25	30301586	primary
PR01009	Nx	26	29675318	primary
PR01009	Nx	27	28887609	primary
PR01009	Nx	28	28867238	primary
PR01009	Nx	29	28732872	primary
PR01009	Nx	30	28305164	primary
PR01009	Nx	31	27426170	primary
PR01009	Nx	32	26804318	primary
PR01009	Nx	33	26480777	primary
PR01009	Nx	34	26107045	primary
PR01009	Nx	35	25748115	primary
PR01009	Nx	36	25543128	primary
PR01009	Nx	37	25540198	primary
PR01009	Nx	38	24710187	primary
PR01009	Nx	39	24220689	primary
PR01009	Nx	40	24216932	primary
PR01009	Nx	41	23236479	primary
PR01009	Nx	42	22013266	primary
PR01009	Nx	43	21216467	primary
PR01009	Nx	44	20940409	primary
PR01009	Nx	45	20655384	primary
PR01009	Nx	46	20551164	primary
PR01009	Nx	47	19987353	primary
PR01009	Nx	48	19887052	primary
PR01009	Nx	49	19660013	primary
PR01009	Nx	50	18721100	primary
PR01009	Nx	51	18515584	primary
PR01009	Nx	52	17977268	primary
PR01009	Nx	53	17750759	primary
PR01009	Nx	54	16983550	primary
PR01009	Nx	55	16173914	primary
PR01009	Nx	56	15347720	primary
PR01009	Nx	57	15130660	primary
PR01009	Nx	58	14767688	primary
PR01009	Nx	59	13896162	primary
PR01009	Nx	60	13367135	primary
PR01009	Nx	61	13320343	primary
PR01009	Nx	62	13071220	primary
PR01009	Nx	63	12945863	primary
PR01009	Nx	64	12448130	primary
PR01009	Nx	65	12116990	primary
PR01009	Nx	66	11699582	primary
PR01009	Nx	67	11260880	primary
PR01009	Nx	68	11096382	primary
PR01009	Nx	69	10797136	primary
PR01009	Nx	70	10607905	primary
PR01009	Nx	71	10213928	primary
PR01009	Nx	72	10037161	primary
PR01009	Nx	73	9848716	primary
PR01009	Nx	74	9277123	primary
PR01009	Nx	75	8618468	primary
PR01009	Nx	76	8180783	primary
PR01009	Nx	77	7854000	primary
PR01009	Nx	78	7610116	primary
PR01009	Nx	79	7371384	primary
PR01009	Nx	80	6944847	primary
PR01009	Nx	81	6274423	primary
PR01009	Nx	82	5890173	primary
PR01009	Nx	83	5645128	primary
PR01009	Nx	84	5354431	primary
PR01009	Nx	85	5052242	primary
PR01009	Nx	86	4961429	primary
PR01009	Nx	87	4769027	primary
PR01009	Nx	88	4622551	primary
PR01009	Nx	89	4292376	primary
PR01009	Nx	90	3994860	primary
PR01009	Nx	91	3522752	primary
PR01009	Nx	92	3143091	primary
PR01009	Nx	93	2888719	primary
PR01009	Nx	94	2604108	primary
PR01009	Nx	95	2320321	primary
PR01009	Nx	96	1884457	primary
PR01009	Nx	97	1523536	primary
PR01009	Nx	98	1072584	primary
PR01009	Nx	99	637146	primary
PR01009	Nx	100	13513	primary
PR01009	Lx	1	72008718	primary
PR01009	Lx	2	72008718	primary
PR01009	Lx	3	53875634	primary
PR01009	Lx	4	53849809	primary
PR01009	Lx	5	53849809	primary
PR01009	Lx	6	53134202	primary
PR01009	Lx	7	51825076	primary
PR01009	Lx	8	51825076	primary
PR01009	Lx	9	46026899	primary
PR01009	Lx	10	45146716	primary
PR01009	Lx	11	45146716	primary
PR01009	Lx	12	41881691	primary
PR01009	Lx	13	40624476	primary
PR01009	Lx	14	39547081	primary
PR01009	Lx	15	38054536	primary
PR01009	Lx	16	38054536	primary
PR01009	Lx	17	37852625	primary
PR01009	Lx	18	37668584	primary
PR01009	Lx	19	35101357	primary
PR01009	Lx	20	33113401	primary
PR01009	Lx	21	32812306	primary
PR01009	Lx	22	32592604	primary
PR01009	Lx	23	31205477	primary
PR01009	Lx	24	30667382	primary
PR01009	Lx	25	30301586	primary
PR01009	Lx	26	29675318	primary
PR01009	Lx	27	28887609	primary
PR01009	Lx	28	28867238	primary
PR01009	Lx	29	28732872	primary
PR01009	Lx	30	28305164	primary
PR01009	Lx	31	27426170	primary
PR01009	Lx	32	26804318	primary
PR01009	Lx	33	26480777	primary
PR01009	Lx	34	26107045	primary
PR01009	Lx	35	25748115	primary
PR01009	Lx	36	25543128	primary
PR01009	Lx	37	25540198	primary
PR01009	Lx	38	24710187	primary
PR01009	Lx	39	24220689	primary
PR01009	Lx	40	24216932	primary
PR01009	Lx	41	23236479	primary
PR01009	Lx	42	22013266	primary
PR01009	Lx	43	21216467	primary
PR01009	Lx	44	20940409	primary
PR01009	Lx	45	20655384	primary
PR01009	Lx	46	20551164	primary
PR01009	Lx	47	19987353	primary
PR01009	Lx	48	19887052	primary
PR01009	Lx	49	19660013	primary
PR01009	Lx	50	18721100	primary
PR01009	Lx	51	18515584	primary
PR01009	Lx	52	17977268	primary
PR01009	Lx	53	17750759	primary
PR01009	Lx	54	16983550	primary
PR01009	Lx	55	16173914	primary
PR01009	Lx	56	15347720	primary
PR01009	Lx	57	15130660	primary
PR01009	Lx	58	14767688	primary
PR01009	Lx	59	13896162	primary
PR01009	Lx	60	13367135	primary
PR01009	Lx	61	13320343	primary
PR01009	Lx	62	13071220	primary
PR01009	Lx	63	12945863	primary
PR01009	Lx	64	12448130	primary
PR01009	Lx	65	12116990	primary
PR01009	Lx	66	11699582	primary
PR01009	Lx	67	11260880	primary
PR01009	Lx	68	11096382	primary
PR01009	Lx	69	10797136	primary
PR01009	Lx	70	10607905	primary
PR01009	Lx	71	10213928	primary
PR01009	Lx	72	10037161	primary
PR01009	Lx	73	9848716	primary
PR01009	Lx	74	9277123	primary
PR01009	Lx	75	8618468	primary
PR01009	Lx	76	8180783	primary
PR01009	Lx	77	7854000	primary
PR01009	Lx	78	7610116	primary
PR01009	Lx	79	7371384	primary
PR01009	Lx	80	6944847	primary
PR01009	Lx	81	6274423	primary
PR01009	Lx	82	5890173	primary
PR01009	Lx	83	5645128	primary
PR01009	Lx	84	5354431	primary
PR01009	Lx	85	5052242	primary
PR01009	Lx	86	4961429	primary
PR01009	Lx	87	4769027	primary
PR01009	Lx	88	4622551	primary
PR01009	Lx	89	4292376	primary
PR01009	Lx	90	3994860	primary
PR01009	Lx	91	3522752	primary
PR01009	Lx	92	3143091	primary
PR01009	Lx	93	2888719	primary
PR01009	Lx	94	2604108	primary
PR01009	Lx	95	2320321	primary
PR01009	Lx	96	1884457	primary
PR01009	Lx	97	1523536	primary
PR01009	Lx	98	1072584	primary
PR01009	Lx	99	637146	primary
PR01009	Lx	100	13513	primary
PR01009	NGx	1	72008718	primary
PR01009	NGx	2	72008718	primary
PR01009	NGx	3	53875634	primary
PR01009	NGx	4	53875634	primary
PR01009	NGx	5	53849809	primary
PR01009	NGx	6	53134202	primary
PR01009	NGx	7	53134202	primary
PR01009	NGx	8	51825076	primary
PR01009	NGx	9	51825076	primary
PR01009	NGx	10	46026899	primary
PR01009	NGx	11	45146716	primary
PR01009	NGx	12	45146716	primary
PR01009	NGx	13	41881691	primary
PR01009	NGx	14	40624476	primary
PR01009	NGx	15	40624476	primary
PR01009	NGx	16	39547081	primary
PR01009	NGx	17	38054536	primary
PR01009	NGx	18	37852625	primary
PR01009	NGx	19	37852625	primary
PR01009	NGx	20	37668584	primary
PR01009	NGx	21	35101357	primary
PR01009	NGx	22	33113401	primary
PR01009	NGx	23	32812306	primary
PR01009	NGx	24	32592604	primary
PR01009	NGx	25	31205477	primary
PR01009	NGx	26	30667382	primary
PR01009	NGx	27	30301586	primary
PR01009	NGx	28	29675318	primary
PR01009	NGx	29	29217670	primary
PR01009	NGx	30	28887609	primary
PR01009	NGx	31	28867238	primary
PR01009	NGx	32	28732872	primary
PR01009	NGx	33	28305164	primary
PR01009	NGx	34	27426170	primary
PR01009	NGx	35	27413139	primary
PR01009	NGx	36	26804318	primary
PR01009	NGx	37	26480777	primary
PR01009	NGx	38	25748115	primary
PR01009	NGx	39	25674276	primary
PR01009	NGx	40	25543128	primary
PR01009	NGx	41	25540198	primary
PR01009	NGx	42	24710187	primary
PR01009	NGx	43	24220689	primary
PR01009	NGx	44	24216932	primary
PR01009	NGx	45	23236479	primary
PR01009	NGx	46	22829480	primary
PR01009	NGx	47	21216467	primary
PR01009	NGx	48	20969022	primary
PR01009	NGx	49	20893819	primary
PR01009	NGx	50	20655384	primary
PR01009	NGx	51	20348869	primary
PR01009	NGx	52	19987353	primary
PR01009	NGx	53	19887052	primary
PR01009	NGx	54	19660013	primary
PR01009	NGx	55	18721100	primary
PR01009	NGx	56	18687993	primary
PR01009	NGx	57	18015066	primary
PR01009	NGx	58	17750759	primary
PR01009	NGx	59	17397219	primary
PR01009	NGx	60	16194975	primary
PR01009	NGx	61	15966271	primary
PR01009	NGx	62	15347720	primary
PR01009	NGx	63	15130660	primary
PR01009	NGx	64	14767688	primary
PR01009	NGx	65	13896162	primary
PR01009	NGx	66	13710066	primary
PR01009	NGx	67	13340242	primary
PR01009	NGx	68	13177018	primary
PR01009	NGx	69	13012605	primary
PR01009	NGx	70	12558550	primary
PR01009	NGx	71	12377230	primary
PR01009	NGx	72	12116990	primary
PR01009	NGx	73	11451984	primary
PR01009	NGx	74	11260880	primary
PR01009	NGx	75	11096382	primary
PR01009	NGx	76	10797136	primary
PR01009	NGx	77	10607905	primary
PR01009	NGx	78	10218575	primary
PR01009	NGx	79	10120639	primary
PR01009	NGx	80	9895830	primary
PR01009	NGx	81	9600647	primary
PR01009	NGx	82	9159492	primary
PR01009	NGx	83	8618468	primary
PR01009	NGx	84	8180783	primary
PR01009	NGx	85	7854000	primary
PR01009	NGx	86	7610116	primary
PR01009	NGx	87	7371384	primary
PR01009	NGx	88	7046212	primary
PR01009	NGx	89	6434407	primary
PR01009	NGx	90	6114766	primary
PR01009	NGx	91	5832789	primary
PR01009	NGx	92	5524650	primary
PR01009	NGx	93	5331034	primary
PR01009	NGx	94	5048250	primary
PR01009	NGx	95	4961429	primary
PR01009	NGx	96	4769027	primary
PR01009	NGx	97	4622551	primary
PR01009	NGx	98	4324290	primary
PR01009	NGx	99	4055584	primary
PR01009	NGx	100	3732904	primary
PR01009	LGx	1	1	primary
PR01009	LGx	2	1	primary
PR01009	LGx	3	2	primary
PR01009	LGx	4	2	primary
PR01009	LGx	5	3	primary
PR01009	LGx	6	4	primary
PR01009	LGx	7	4	primary
PR01009	LGx	8	5	primary
PR01009	LGx	9	5	primary
PR01009	LGx	10	6	primary
PR01009	LGx	11	7	primary
PR01009	LGx	12	7	primary
PR01009	LGx	13	8	primary
PR01009	LGx	14	9	primary
PR01009	LGx	15	9	primary
PR01009	LGx	16	10	primary
PR01009	LGx	17	11	primary
PR01009	LGx	18	12	primary
PR01009	LGx	19	12	primary
PR01009	LGx	20	13	primary
PR01009	LGx	21	14	primary
PR01009	LGx	22	15	primary
PR01009	LGx	23	16	primary
PR01009	LGx	24	17	primary
PR01009	LGx	25	18	primary
PR01009	LGx	26	19	primary
PR01009	LGx	27	20	primary
PR01009	LGx	28	21	primary
PR01009	LGx	29	22	primary
PR01009	LGx	30	23	primary
PR01009	LGx	31	24	primary
PR01009	LGx	32	25	primary
PR01009	LGx	33	26	primary
PR01009	LGx	34	27	primary
PR01009	LGx	35	28	primary
PR01009	LGx	36	29	primary
PR01009	LGx	37	30	primary
PR01009	LGx	38	32	primary
PR01009	LGx	39	33	primary
PR01009	LGx	40	34	primary
PR01009	LGx	41	35	primary
PR01009	LGx	42	36	primary
PR01009	LGx	43	38	primary
PR01009	LGx	44	39	primary
PR01009	LGx	45	40	primary
PR01009	LGx	46	41	primary
PR01009	LGx	47	43	primary
PR01009	LGx	48	44	primary
PR01009	LGx	49	46	primary
PR01009	LGx	50	47	primary
PR01009	LGx	51	49	primary
PR01009	LGx	52	50	primary
PR01009	LGx	53	52	primary
PR01009	LGx	54	53	primary
PR01009	LGx	55	55	primary
PR01009	LGx	56	56	primary
PR01009	LGx	57	58	primary
PR01009	LGx	58	60	primary
PR01009	LGx	59	61	primary
PR01009	LGx	60	63	primary
PR01009	LGx	61	65	primary
PR01009	LGx	62	67	primary
PR01009	LGx	63	69	primary
PR01009	LGx	64	71	primary
PR01009	LGx	65	73	primary
PR01009	LGx	66	75	primary
PR01009	LGx	67	77	primary
PR01009	LGx	68	80	primary
PR01009	LGx	69	82	primary
PR01009	LGx	70	84	primary
PR01009	LGx	71	87	primary
PR01009	LGx	72	89	primary
PR01009	LGx	73	92	primary
PR01009	LGx	74	94	primary
PR01009	LGx	75	97	primary
PR01009	LGx	76	100	primary
PR01009	LGx	77	103	primary
PR01009	LGx	78	106	primary
PR01009	LGx	79	109	primary
PR01009	LGx	80	112	primary
PR01009	LGx	81	115	primary
PR01009	LGx	82	118	primary
PR01009	LGx	83	121	primary
PR01009	LGx	84	125	primary
PR01009	LGx	85	129	primary
PR01009	LGx	86	133	primary
PR01009	LGx	87	137	primary
PR01009	LGx	88	141	primary
PR01009	LGx	89	145	primary
PR01009	LGx	90	150	primary
PR01009	LGx	91	155	primary
PR01009	LGx	92	160	primary
PR01009	LGx	93	166	primary
PR01009	LGx	94	172	primary
PR01009	LGx	95	178	primary
PR01009	LGx	96	184	primary
PR01009	LGx	97	191	primary
PR01009	LGx	98	197	primary
PR01009	LGx	99	205	primary
PR01009	LGx	100	212	primary
PR01008	auN	3153992171	365.14813	hap1
PR01008	auNG	3018593705	381.52676	hap1
PR01008	Nx	1	88116541	hap1
PR01008	Nx	2	88116541	hap1
PR01008	Nx	3	72801342	hap1
PR01008	Nx	4	72801342	hap1
PR01008	Nx	5	72801342	hap1
PR01008	Nx	6	58888824	hap1
PR01008	Nx	7	58211358	hap1
PR01008	Nx	8	58211358	hap1
PR01008	Nx	9	56400402	hap1
PR01008	Nx	10	56400402	hap1
PR01008	Nx	11	55941207	hap1
PR01008	Nx	12	55941207	hap1
PR01008	Nx	13	51057799	hap1
PR01008	Nx	14	49039035	hap1
PR01008	Nx	15	49039035	hap1
PR01008	Nx	16	48802265	hap1
PR01008	Nx	17	48802265	hap1
PR01008	Nx	18	47264485	hap1
PR01008	Nx	19	46910007	hap1
PR01008	Nx	20	46910007	hap1
PR01008	Nx	21	46597541	hap1
PR01008	Nx	22	42143211	hap1
PR01008	Nx	23	40606622	hap1
PR01008	Nx	24	40606622	hap1
PR01008	Nx	25	39912197	hap1
PR01008	Nx	26	38097556	hap1
PR01008	Nx	27	37851117	hap1
PR01008	Nx	28	36688302	hap1
PR01008	Nx	29	36688302	hap1
PR01008	Nx	30	36004231	hap1
PR01008	Nx	31	35921375	hap1
PR01008	Nx	32	35056719	hap1
PR01008	Nx	33	34051983	hap1
PR01008	Nx	34	33887783	hap1
PR01008	Nx	35	32234632	hap1
PR01008	Nx	36	31579959	hap1
PR01008	Nx	37	31209322	hap1
PR01008	Nx	38	30709749	hap1
PR01008	Nx	39	30061532	hap1
PR01008	Nx	40	29447805	hap1
PR01008	Nx	41	29017242	hap1
PR01008	Nx	42	28918486	hap1
PR01008	Nx	43	28658062	hap1
PR01008	Nx	44	28656490	hap1
PR01008	Nx	45	27490794	hap1
PR01008	Nx	46	27308359	hap1
PR01008	Nx	47	27087558	hap1
PR01008	Nx	48	26619952	hap1
PR01008	Nx	49	26205531	hap1
PR01008	Nx	50	26198703	hap1
PR01008	Nx	51	25448239	hap1
PR01008	Nx	52	24822971	hap1
PR01008	Nx	53	24471218	hap1
PR01008	Nx	54	24235367	hap1
PR01008	Nx	55	24083901	hap1
PR01008	Nx	56	23575289	hap1
PR01008	Nx	57	23234080	hap1
PR01008	Nx	58	21800593	hap1
PR01008	Nx	59	20895098	hap1
PR01008	Nx	60	19972202	hap1
PR01008	Nx	61	19954543	hap1
PR01008	Nx	62	19318938	hap1
PR01008	Nx	63	18922357	hap1
PR01008	Nx	64	18712920	hap1
PR01008	Nx	65	17992051	hap1
PR01008	Nx	66	17095807	hap1
PR01008	Nx	67	15980484	hap1
PR01008	Nx	68	15728827	hap1
PR01008	Nx	69	15184678	hap1
PR01008	Nx	70	15001574	hap1
PR01008	Nx	71	14617424	hap1
PR01008	Nx	72	13696544	hap1
PR01008	Nx	73	13116619	hap1
PR01008	Nx	74	13015572	hap1
PR01008	Nx	75	12377479	hap1
PR01008	Nx	76	12285305	hap1
PR01008	Nx	77	11522137	hap1
PR01008	Nx	78	11019120	hap1
PR01008	Nx	79	10604937	hap1
PR01008	Nx	80	10286405	hap1
PR01008	Nx	81	9698962	hap1
PR01008	Nx	82	8931212	hap1
PR01008	Nx	83	8603281	hap1
PR01008	Nx	84	7916214	hap1
PR01008	Nx	85	7619001	hap1
PR01008	Nx	86	7073583	hap1
PR01008	Nx	87	6589662	hap1
PR01008	Nx	88	6261930	hap1
PR01008	Nx	89	5922066	hap1
PR01008	Nx	90	5685373	hap1
PR01008	Nx	91	5276227	hap1
PR01008	Nx	92	4650894	hap1
PR01008	Nx	93	4029079	hap1
PR01008	Nx	94	3508996	hap1
PR01008	Nx	95	2877066	hap1
PR01008	Nx	96	2279571	hap1
PR01008	Nx	97	1739874	hap1
PR01008	Nx	98	1174212	hap1
PR01008	Nx	99	584996	hap1
PR01008	Nx	100	11824	hap1
PR01008	Lx	1	88116541	hap1
PR01008	Lx	2	88116541	hap1
PR01008	Lx	3	72801342	hap1
PR01008	Lx	4	72801342	hap1
PR01008	Lx	5	72801342	hap1
PR01008	Lx	6	58888824	hap1
PR01008	Lx	7	58211358	hap1
PR01008	Lx	8	58211358	hap1
PR01008	Lx	9	56400402	hap1
PR01008	Lx	10	56400402	hap1
PR01008	Lx	11	55941207	hap1
PR01008	Lx	12	55941207	hap1
PR01008	Lx	13	51057799	hap1
PR01008	Lx	14	49039035	hap1
PR01008	Lx	15	49039035	hap1
PR01008	Lx	16	48802265	hap1
PR01008	Lx	17	48802265	hap1
PR01008	Lx	18	47264485	hap1
PR01008	Lx	19	46910007	hap1
PR01008	Lx	20	46910007	hap1
PR01008	Lx	21	46597541	hap1
PR01008	Lx	22	42143211	hap1
PR01008	Lx	23	40606622	hap1
PR01008	Lx	24	40606622	hap1
PR01008	Lx	25	39912197	hap1
PR01008	Lx	26	38097556	hap1
PR01008	Lx	27	37851117	hap1
PR01008	Lx	28	36688302	hap1
PR01008	Lx	29	36688302	hap1
PR01008	Lx	30	36004231	hap1
PR01008	Lx	31	35921375	hap1
PR01008	Lx	32	35056719	hap1
PR01008	Lx	33	34051983	hap1
PR01008	Lx	34	33887783	hap1
PR01008	Lx	35	32234632	hap1
PR01008	Lx	36	31579959	hap1
PR01008	Lx	37	31209322	hap1
PR01008	Lx	38	30709749	hap1
PR01008	Lx	39	30061532	hap1
PR01008	Lx	40	29447805	hap1
PR01008	Lx	41	29017242	hap1
PR01008	Lx	42	28918486	hap1
PR01008	Lx	43	28658062	hap1
PR01008	Lx	44	28656490	hap1
PR01008	Lx	45	27490794	hap1
PR01008	Lx	46	27308359	hap1
PR01008	Lx	47	27087558	hap1
PR01008	Lx	48	26619952	hap1
PR01008	Lx	49	26205531	hap1
PR01008	Lx	50	26198703	hap1
PR01008	Lx	51	25448239	hap1
PR01008	Lx	52	24822971	hap1
PR01008	Lx	53	24471218	hap1
PR01008	Lx	54	24235367	hap1
PR01008	Lx	55	24083901	hap1
PR01008	Lx	56	23575289	hap1
PR01008	Lx	57	23234080	hap1
PR01008	Lx	58	21800593	hap1
PR01008	Lx	59	20895098	hap1
PR01008	Lx	60	19972202	hap1
PR01008	Lx	61	19954543	hap1
PR01008	Lx	62	19318938	hap1
PR01008	Lx	63	18922357	hap1
PR01008	Lx	64	18712920	hap1
PR01008	Lx	65	17992051	hap1
PR01008	Lx	66	17095807	hap1
PR01008	Lx	67	15980484	hap1
PR01008	Lx	68	15728827	hap1
PR01008	Lx	69	15184678	hap1
PR01008	Lx	70	15001574	hap1
PR01008	Lx	71	14617424	hap1
PR01008	Lx	72	13696544	hap1
PR01008	Lx	73	13116619	hap1
PR01008	Lx	74	13015572	hap1
PR01008	Lx	75	12377479	hap1
PR01008	Lx	76	12285305	hap1
PR01008	Lx	77	11522137	hap1
PR01008	Lx	78	11019120	hap1
PR01008	Lx	79	10604937	hap1
PR01008	Lx	80	10286405	hap1
PR01008	Lx	81	9698962	hap1
PR01008	Lx	82	8931212	hap1
PR01008	Lx	83	8603281	hap1
PR01008	Lx	84	7916214	hap1
PR01008	Lx	85	7619001	hap1
PR01008	Lx	86	7073583	hap1
PR01008	Lx	87	6589662	hap1
PR01008	Lx	88	6261930	hap1
PR01008	Lx	89	5922066	hap1
PR01008	Lx	90	5685373	hap1
PR01008	Lx	91	5276227	hap1
PR01008	Lx	92	4650894	hap1
PR01008	Lx	93	4029079	hap1
PR01008	Lx	94	3508996	hap1
PR01008	Lx	95	2877066	hap1
PR01008	Lx	96	2279571	hap1
PR01008	Lx	97	1739874	hap1
PR01008	Lx	98	1174212	hap1
PR01008	Lx	99	584996	hap1
PR01008	Lx	100	11824	hap1
PR01008	NGx	1	88116541	hap1
PR01008	NGx	2	88116541	hap1
PR01008	NGx	3	72801342	hap1
PR01008	NGx	4	72801342	hap1
PR01008	NGx	5	72801342	hap1
PR01008	NGx	6	58888824	hap1
PR01008	NGx	7	58888824	hap1
PR01008	NGx	8	58211358	hap1
PR01008	NGx	9	58211358	hap1
PR01008	NGx	10	56400402	hap1
PR01008	NGx	11	56400402	hap1
PR01008	NGx	12	55941207	hap1
PR01008	NGx	13	51057799	hap1
PR01008	NGx	14	51057799	hap1
PR01008	NGx	15	49039035	hap1
PR01008	NGx	16	49039035	hap1
PR01008	NGx	17	48802265	hap1
PR01008	NGx	18	47264485	hap1
PR01008	NGx	19	47264485	hap1
PR01008	NGx	20	46910007	hap1
PR01008	NGx	21	46597541	hap1
PR01008	NGx	22	46597541	hap1
PR01008	NGx	23	42143211	hap1
PR01008	NGx	24	40606622	hap1
PR01008	NGx	25	40606622	hap1
PR01008	NGx	26	39912197	hap1
PR01008	NGx	27	38097556	hap1
PR01008	NGx	28	37851117	hap1
PR01008	NGx	29	37851117	hap1
PR01008	NGx	30	36688302	hap1
PR01008	NGx	31	36004231	hap1
PR01008	NGx	32	35921375	hap1
PR01008	NGx	33	35056719	hap1
PR01008	NGx	34	34051983	hap1
PR01008	NGx	35	33887783	hap1
PR01008	NGx	36	33887783	hap1
PR01008	NGx	37	32234632	hap1
PR01008	NGx	38	31579959	hap1
PR01008	NGx	39	31209322	hap1
PR01008	NGx	40	30709749	hap1
PR01008	NGx	41	30061532	hap1
PR01008	NGx	42	29447805	hap1
PR01008	NGx	43	29017242	hap1
PR01008	NGx	44	28918486	hap1
PR01008	NGx	45	28658062	hap1
PR01008	NGx	46	28656490	hap1
PR01008	NGx	47	28524331	hap1
PR01008	NGx	48	27308359	hap1
PR01008	NGx	49	27087558	hap1
PR01008	NGx	50	26619952	hap1
PR01008	NGx	51	26205531	hap1
PR01008	NGx	52	26198703	hap1
PR01008	NGx	53	25552368	hap1
PR01008	NGx	54	25448239	hap1
PR01008	NGx	55	24471218	hap1
PR01008	NGx	56	24235367	hap1
PR01008	NGx	57	24202074	hap1
PR01008	NGx	58	24083901	hap1
PR01008	NGx	59	23234080	hap1
PR01008	NGx	60	22541647	hap1
PR01008	NGx	61	21800593	hap1
PR01008	NGx	62	20236239	hap1
PR01008	NGx	63	19972202	hap1
PR01008	NGx	64	19526276	hap1
PR01008	NGx	65	19318938	hap1
PR01008	NGx	66	18922357	hap1
PR01008	NGx	67	18372063	hap1
PR01008	NGx	68	17992051	hap1
PR01008	NGx	69	17095807	hap1
PR01008	NGx	70	15980484	hap1
PR01008	NGx	71	15728827	hap1
PR01008	NGx	72	15184678	hap1
PR01008	NGx	73	15001574	hap1
PR01008	NGx	74	14617424	hap1
PR01008	NGx	75	13696544	hap1
PR01008	NGx	76	13150516	hap1
PR01008	NGx	77	13095480	hap1
PR01008	NGx	78	12426283	hap1
PR01008	NGx	79	12362741	hap1
PR01008	NGx	80	11606636	hap1
PR01008	NGx	81	11134909	hap1
PR01008	NGx	82	10921666	hap1
PR01008	NGx	83	10294115	hap1
PR01008	NGx	84	9835924	hap1
PR01008	NGx	85	9664267	hap1
PR01008	NGx	86	8860188	hap1
PR01008	NGx	87	8397979	hap1
PR01008	NGx	88	7868362	hap1
PR01008	NGx	89	7598770	hap1
PR01008	NGx	90	7073583	hap1
PR01008	NGx	91	6583506	hap1
PR01008	NGx	92	6261930	hap1
PR01008	NGx	93	5922066	hap1
PR01008	NGx	94	5758889	hap1
PR01008	NGx	95	5276227	hap1
PR01008	NGx	96	4740356	hap1
PR01008	NGx	97	4100989	hap1
PR01008	NGx	98	3535277	hap1
PR01008	NGx	99	3017927	hap1
PR01008	NGx	100	2354317	hap1
PR01008	LGx	1	1	hap1
PR01008	LGx	2	1	hap1
PR01008	LGx	3	2	hap1
PR01008	LGx	4	2	hap1
PR01008	LGx	5	2	hap1
PR01008	LGx	6	3	hap1
PR01008	LGx	7	3	hap1
PR01008	LGx	8	4	hap1
PR01008	LGx	9	4	hap1
PR01008	LGx	10	5	hap1
PR01008	LGx	11	5	hap1
PR01008	LGx	12	6	hap1
PR01008	LGx	13	7	hap1
PR01008	LGx	14	7	hap1
PR01008	LGx	15	8	hap1
PR01008	LGx	16	8	hap1
PR01008	LGx	17	9	hap1
PR01008	LGx	18	10	hap1
PR01008	LGx	19	10	hap1
PR01008	LGx	20	11	hap1
PR01008	LGx	21	12	hap1
PR01008	LGx	22	12	hap1
PR01008	LGx	23	13	hap1
PR01008	LGx	24	14	hap1
PR01008	LGx	25	14	hap1
PR01008	LGx	26	15	hap1
PR01008	LGx	27	16	hap1
PR01008	LGx	28	17	hap1
PR01008	LGx	29	17	hap1
PR01008	LGx	30	18	hap1
PR01008	LGx	31	19	hap1
PR01008	LGx	32	20	hap1
PR01008	LGx	33	21	hap1
PR01008	LGx	34	22	hap1
PR01008	LGx	35	23	hap1
PR01008	LGx	36	23	hap1
PR01008	LGx	37	24	hap1
PR01008	LGx	38	25	hap1
PR01008	LGx	39	26	hap1
PR01008	LGx	40	27	hap1
PR01008	LGx	41	28	hap1
PR01008	LGx	42	29	hap1
PR01008	LGx	43	30	hap1
PR01008	LGx	44	31	hap1
PR01008	LGx	45	32	hap1
PR01008	LGx	46	33	hap1
PR01008	LGx	47	34	hap1
PR01008	LGx	48	36	hap1
PR01008	LGx	49	37	hap1
PR01008	LGx	50	38	hap1
PR01008	LGx	51	39	hap1
PR01008	LGx	52	40	hap1
PR01008	LGx	53	41	hap1
PR01008	LGx	54	42	hap1
PR01008	LGx	55	44	hap1
PR01008	LGx	56	45	hap1
PR01008	LGx	57	46	hap1
PR01008	LGx	58	47	hap1
PR01008	LGx	59	49	hap1
PR01008	LGx	60	50	hap1
PR01008	LGx	61	51	hap1
PR01008	LGx	62	53	hap1
PR01008	LGx	63	54	hap1
PR01008	LGx	64	56	hap1
PR01008	LGx	65	57	hap1
PR01008	LGx	66	59	hap1
PR01008	LGx	67	61	hap1
PR01008	LGx	68	62	hap1
PR01008	LGx	69	64	hap1
PR01008	LGx	70	66	hap1
PR01008	LGx	71	68	hap1
PR01008	LGx	72	70	hap1
PR01008	LGx	73	72	hap1
PR01008	LGx	74	74	hap1
PR01008	LGx	75	76	hap1
PR01008	LGx	76	78	hap1
PR01008	LGx	77	80	hap1
PR01008	LGx	78	83	hap1
PR01008	LGx	79	85	hap1
PR01008	LGx	80	88	hap1
PR01008	LGx	81	90	hap1
PR01008	LGx	82	93	hap1
PR01008	LGx	83	96	hap1
PR01008	LGx	84	99	hap1
PR01008	LGx	85	102	hap1
PR01008	LGx	86	105	hap1
PR01008	LGx	87	109	hap1
PR01008	LGx	88	112	hap1
PR01008	LGx	89	116	hap1
PR01008	LGx	90	120	hap1
PR01008	LGx	91	125	hap1
PR01008	LGx	92	129	hap1
PR01008	LGx	93	134	hap1
PR01008	LGx	94	139	hap1
PR01008	LGx	95	145	hap1
PR01008	LGx	96	151	hap1
PR01008	LGx	97	158	hap1
PR01008	LGx	98	166	hap1
PR01008	LGx	99	175	hap1
PR01008	LGx	100	186	hap1
PR01008	auN	3177069636	411.17435	hap2
PR01008	auNG	3018593705	432.76093	hap2
PR01008	Nx	1	66719928	hap2
PR01008	Nx	2	66719928	hap2
PR01008	Nx	3	60609449	hap2
PR01008	Nx	4	60609449	hap2
PR01008	Nx	5	55165632	hap2
PR01008	Nx	6	54233834	hap2
PR01008	Nx	7	54233834	hap2
PR01008	Nx	8	47269456	hap2
PR01008	Nx	9	42036904	hap2
PR01008	Nx	10	42036904	hap2
PR01008	Nx	11	41911130	hap2
PR01008	Nx	12	38844987	hap2
PR01008	Nx	13	36780121	hap2
PR01008	Nx	14	35876594	hap2
PR01008	Nx	15	35876594	hap2
PR01008	Nx	16	33900167	hap2
PR01008	Nx	17	32441155	hap2
PR01008	Nx	18	31097735	hap2
PR01008	Nx	19	30706090	hap2
PR01008	Nx	20	28980388	hap2
PR01008	Nx	21	28297488	hap2
PR01008	Nx	22	26846552	hap2
PR01008	Nx	23	26329423	hap2
PR01008	Nx	24	26263234	hap2
PR01008	Nx	25	26078710	hap2
PR01008	Nx	26	25622307	hap2
PR01008	Nx	27	25472258	hap2
PR01008	Nx	28	25152384	hap2
PR01008	Nx	29	24761580	hap2
PR01008	Nx	30	24477821	hap2
PR01008	Nx	31	24204462	hap2
PR01008	Nx	32	23880652	hap2
PR01008	Nx	33	23371093	hap2
PR01008	Nx	34	23306360	hap2
PR01008	Nx	35	23177033	hap2
PR01008	Nx	36	22529348	hap2
PR01008	Nx	37	22154323	hap2
PR01008	Nx	38	21751979	hap2
PR01008	Nx	39	21444424	hap2
PR01008	Nx	40	21431902	hap2
PR01008	Nx	41	20140101	hap2
PR01008	Nx	42	19541016	hap2
PR01008	Nx	43	19408684	hap2
PR01008	Nx	44	19088081	hap2
PR01008	Nx	45	18599751	hap2
PR01008	Nx	46	18365833	hap2
PR01008	Nx	47	17456885	hap2
PR01008	Nx	48	17395065	hap2
PR01008	Nx	49	16505237	hap2
PR01008	Nx	50	16453833	hap2
PR01008	Nx	51	15949949	hap2
PR01008	Nx	52	15418558	hap2
PR01008	Nx	53	15189629	hap2
PR01008	Nx	54	14511572	hap2
PR01008	Nx	55	13951439	hap2
PR01008	Nx	56	13765502	hap2
PR01008	Nx	57	13108147	hap2
PR01008	Nx	58	12726157	hap2
PR01008	Nx	59	12366148	hap2
PR01008	Nx	60	12067556	hap2
PR01008	Nx	61	11283636	hap2
PR01008	Nx	62	11023851	hap2
PR01008	Nx	63	10558892	hap2
PR01008	Nx	64	10107932	hap2
PR01008	Nx	65	9903763	hap2
PR01008	Nx	66	9346969	hap2
PR01008	Nx	67	9263031	hap2
PR01008	Nx	68	8892810	hap2
PR01008	Nx	69	8370236	hap2
PR01008	Nx	70	7886650	hap2
PR01008	Nx	71	7580046	hap2
PR01008	Nx	72	7376024	hap2
PR01008	Nx	73	7278506	hap2
PR01008	Nx	74	6877931	hap2
PR01008	Nx	75	6673389	hap2
PR01008	Nx	76	6435599	hap2
PR01008	Nx	77	6312682	hap2
PR01008	Nx	78	6161285	hap2
PR01008	Nx	79	5995568	hap2
PR01008	Nx	80	5798167	hap2
PR01008	Nx	81	5461318	hap2
PR01008	Nx	82	5355967	hap2
PR01008	Nx	83	5103216	hap2
PR01008	Nx	84	5014387	hap2
PR01008	Nx	85	4851074	hap2
PR01008	Nx	86	4405437	hap2
PR01008	Nx	87	4226876	hap2
PR01008	Nx	88	4063807	hap2
PR01008	Nx	89	3832777	hap2
PR01008	Nx	90	3659637	hap2
PR01008	Nx	91	3269936	hap2
PR01008	Nx	92	3033743	hap2
PR01008	Nx	93	2688755	hap2
PR01008	Nx	94	2400708	hap2
PR01008	Nx	95	2059144	hap2
PR01008	Nx	96	1654376	hap2
PR01008	Nx	97	1347173	hap2
PR01008	Nx	98	1079222	hap2
PR01008	Nx	99	560026	hap2
PR01008	Nx	100	16558	hap2
PR01008	Lx	1	66719928	hap2
PR01008	Lx	2	66719928	hap2
PR01008	Lx	3	60609449	hap2
PR01008	Lx	4	60609449	hap2
PR01008	Lx	5	55165632	hap2
PR01008	Lx	6	54233834	hap2
PR01008	Lx	7	54233834	hap2
PR01008	Lx	8	47269456	hap2
PR01008	Lx	9	42036904	hap2
PR01008	Lx	10	42036904	hap2
PR01008	Lx	11	41911130	hap2
PR01008	Lx	12	38844987	hap2
PR01008	Lx	13	36780121	hap2
PR01008	Lx	14	35876594	hap2
PR01008	Lx	15	35876594	hap2
PR01008	Lx	16	33900167	hap2
PR01008	Lx	17	32441155	hap2
PR01008	Lx	18	31097735	hap2
PR01008	Lx	19	30706090	hap2
PR01008	Lx	20	28980388	hap2
PR01008	Lx	21	28297488	hap2
PR01008	Lx	22	26846552	hap2
PR01008	Lx	23	26329423	hap2
PR01008	Lx	24	26263234	hap2
PR01008	Lx	25	26078710	hap2
PR01008	Lx	26	25622307	hap2
PR01008	Lx	27	25472258	hap2
PR01008	Lx	28	25152384	hap2
PR01008	Lx	29	24761580	hap2
PR01008	Lx	30	24477821	hap2
PR01008	Lx	31	24204462	hap2
PR01008	Lx	32	23880652	hap2
PR01008	Lx	33	23371093	hap2
PR01008	Lx	34	23306360	hap2
PR01008	Lx	35	23177033	hap2
PR01008	Lx	36	22529348	hap2
PR01008	Lx	37	22154323	hap2
PR01008	Lx	38	21751979	hap2
PR01008	Lx	39	21444424	hap2
PR01008	Lx	40	21431902	hap2
PR01008	Lx	41	20140101	hap2
PR01008	Lx	42	19541016	hap2
PR01008	Lx	43	19408684	hap2
PR01008	Lx	44	19088081	hap2
PR01008	Lx	45	18599751	hap2
PR01008	Lx	46	18365833	hap2
PR01008	Lx	47	17456885	hap2
PR01008	Lx	48	17395065	hap2
PR01008	Lx	49	16505237	hap2
PR01008	Lx	50	16453833	hap2
PR01008	Lx	51	15949949	hap2
PR01008	Lx	52	15418558	hap2
PR01008	Lx	53	15189629	hap2
PR01008	Lx	54	14511572	hap2
PR01008	Lx	55	13951439	hap2
PR01008	Lx	56	13765502	hap2
PR01008	Lx	57	13108147	hap2
PR01008	Lx	58	12726157	hap2
PR01008	Lx	59	12366148	hap2
PR01008	Lx	60	12067556	hap2
PR01008	Lx	61	11283636	hap2
PR01008	Lx	62	11023851	hap2
PR01008	Lx	63	10558892	hap2
PR01008	Lx	64	10107932	hap2
PR01008	Lx	65	9903763	hap2
PR01008	Lx	66	9346969	hap2
PR01008	Lx	67	9263031	hap2
PR01008	Lx	68	8892810	hap2
PR01008	Lx	69	8370236	hap2
PR01008	Lx	70	7886650	hap2
PR01008	Lx	71	7580046	hap2
PR01008	Lx	72	7376024	hap2
PR01008	Lx	73	7278506	hap2
PR01008	Lx	74	6877931	hap2
PR01008	Lx	75	6673389	hap2
PR01008	Lx	76	6435599	hap2
PR01008	Lx	77	6312682	hap2
PR01008	Lx	78	6161285	hap2
PR01008	Lx	79	5995568	hap2
PR01008	Lx	80	5798167	hap2
PR01008	Lx	81	5461318	hap2
PR01008	Lx	82	5355967	hap2
PR01008	Lx	83	5103216	hap2
PR01008	Lx	84	5014387	hap2
PR01008	Lx	85	4851074	hap2
PR01008	Lx	86	4405437	hap2
PR01008	Lx	87	4226876	hap2
PR01008	Lx	88	4063807	hap2
PR01008	Lx	89	3832777	hap2
PR01008	Lx	90	3659637	hap2
PR01008	Lx	91	3269936	hap2
PR01008	Lx	92	3033743	hap2
PR01008	Lx	93	2688755	hap2
PR01008	Lx	94	2400708	hap2
PR01008	Lx	95	2059144	hap2
PR01008	Lx	96	1654376	hap2
PR01008	Lx	97	1347173	hap2
PR01008	Lx	98	1079222	hap2
PR01008	Lx	99	560026	hap2
PR01008	Lx	100	16558	hap2
PR01008	NGx	1	66719928	hap2
PR01008	NGx	2	66719928	hap2
PR01008	NGx	3	60609449	hap2
PR01008	NGx	4	60609449	hap2
PR01008	NGx	5	55165632	hap2
PR01008	NGx	6	55165632	hap2
PR01008	NGx	7	54233834	hap2
PR01008	NGx	8	47269456	hap2
PR01008	NGx	9	47269456	hap2
PR01008	NGx	10	42036904	hap2
PR01008	NGx	11	41911130	hap2
PR01008	NGx	12	41911130	hap2
PR01008	NGx	13	38844987	hap2
PR01008	NGx	14	36780121	hap2
PR01008	NGx	15	35876594	hap2
PR01008	NGx	16	33900167	hap2
PR01008	NGx	17	33900167	hap2
PR01008	NGx	18	32441155	hap2
PR01008	NGx	19	31097735	hap2
PR01008	NGx	20	30706090	hap2
PR01008	NGx	21	28980388	hap2
PR01008	NGx	22	28966984	hap2
PR01008	NGx	23	26846552	hap2
PR01008	NGx	24	26329423	hap2
PR01008	NGx	25	26263234	hap2
PR01008	NGx	26	26078710	hap2
PR01008	NGx	27	25909701	hap2
PR01008	NGx	28	25622307	hap2
PR01008	NGx	29	25472258	hap2
PR01008	NGx	30	24761580	hap2
PR01008	NGx	31	24624625	hap2
PR01008	NGx	32	24477821	hap2
PR01008	NGx	33	24204462	hap2
PR01008	NGx	34	23411597	hap2
PR01008	NGx	35	23371093	hap2
PR01008	NGx	36	23306360	hap2
PR01008	NGx	37	22701748	hap2
PR01008	NGx	38	22529348	hap2
PR01008	NGx	39	22154323	hap2
PR01008	NGx	40	21751979	hap2
PR01008	NGx	41	21444424	hap2
PR01008	NGx	42	21431902	hap2
PR01008	NGx	43	20140101	hap2
PR01008	NGx	44	19804301	hap2
PR01008	NGx	45	19408684	hap2
PR01008	NGx	46	19331727	hap2
PR01008	NGx	47	18796360	hap2
PR01008	NGx	48	18365833	hap2
PR01008	NGx	49	17644133	hap2
PR01008	NGx	50	17439307	hap2
PR01008	NGx	51	17084843	hap2
PR01008	NGx	52	16494350	hap2
PR01008	NGx	53	16453833	hap2
PR01008	NGx	54	15949949	hap2
PR01008	NGx	55	15418558	hap2
PR01008	NGx	56	15189629	hap2
PR01008	NGx	57	14511572	hap2
PR01008	NGx	58	13951439	hap2
PR01008	NGx	59	13765502	hap2
PR01008	NGx	60	13108147	hap2
PR01008	NGx	61	12726157	hap2
PR01008	NGx	62	12366148	hap2
PR01008	NGx	63	12067556	hap2
PR01008	NGx	64	11283636	hap2
PR01008	NGx	65	11224474	hap2
PR01008	NGx	66	10712550	hap2
PR01008	NGx	67	10178568	hap2
PR01008	NGx	68	9920419	hap2
PR01008	NGx	69	9647946	hap2
PR01008	NGx	70	9329930	hap2
PR01008	NGx	71	9004036	hap2
PR01008	NGx	72	8816152	hap2
PR01008	NGx	73	7978940	hap2
PR01008	NGx	74	7763367	hap2
PR01008	NGx	75	7538880	hap2
PR01008	NGx	76	7376024	hap2
PR01008	NGx	77	7091758	hap2
PR01008	NGx	78	6775832	hap2
PR01008	NGx	79	6673389	hap2
PR01008	NGx	80	6435599	hap2
PR01008	NGx	81	6312682	hap2
PR01008	NGx	82	6161285	hap2
PR01008	NGx	83	5995568	hap2
PR01008	NGx	84	5808941	hap2
PR01008	NGx	85	5467765	hap2
PR01008	NGx	86	5390220	hap2
PR01008	NGx	87	5168113	hap2
PR01008	NGx	88	5034006	hap2
PR01008	NGx	89	4938432	hap2
PR01008	NGx	90	4683760	hap2
PR01008	NGx	91	4336533	hap2
PR01008	NGx	92	4200619	hap2
PR01008	NGx	93	3955889	hap2
PR01008	NGx	94	3726678	hap2
PR01008	NGx	95	3504338	hap2
PR01008	NGx	96	3181416	hap2
PR01008	NGx	97	2976984	hap2
PR01008	NGx	98	2662715	hap2
PR01008	NGx	99	2350670	hap2
PR01008	NGx	100	2059144	hap2
PR01008	LGx	1	1	hap2
PR01008	LGx	2	1	hap2
PR01008	LGx	3	2	hap2
PR01008	LGx	4	2	hap2
PR01008	LGx	5	3	hap2
PR01008	LGx	6	3	hap2
PR01008	LGx	7	4	hap2
PR01008	LGx	8	5	hap2
PR01008	LGx	9	5	hap2
PR01008	LGx	10	6	hap2
PR01008	LGx	11	7	hap2
PR01008	LGx	12	7	hap2
PR01008	LGx	13	8	hap2
PR01008	LGx	14	9	hap2
PR01008	LGx	15	10	hap2
PR01008	LGx	16	11	hap2
PR01008	LGx	17	11	hap2
PR01008	LGx	18	12	hap2
PR01008	LGx	19	13	hap2
PR01008	LGx	20	14	hap2
PR01008	LGx	21	15	hap2
PR01008	LGx	22	16	hap2
PR01008	LGx	23	18	hap2
PR01008	LGx	24	19	hap2
PR01008	LGx	25	20	hap2
PR01008	LGx	26	21	hap2
PR01008	LGx	27	22	hap2
PR01008	LGx	28	23	hap2
PR01008	LGx	29	24	hap2
PR01008	LGx	30	26	hap2
PR01008	LGx	31	27	hap2
PR01008	LGx	32	28	hap2
PR01008	LGx	33	29	hap2
PR01008	LGx	34	31	hap2
PR01008	LGx	35	32	hap2
PR01008	LGx	36	33	hap2
PR01008	LGx	37	35	hap2
PR01008	LGx	38	36	hap2
PR01008	LGx	39	37	hap2
PR01008	LGx	40	39	hap2
PR01008	LGx	41	40	hap2
PR01008	LGx	42	41	hap2
PR01008	LGx	43	43	hap2
PR01008	LGx	44	44	hap2
PR01008	LGx	45	46	hap2
PR01008	LGx	46	47	hap2
PR01008	LGx	47	49	hap2
PR01008	LGx	48	51	hap2
PR01008	LGx	49	52	hap2
PR01008	LGx	50	54	hap2
PR01008	LGx	51	56	hap2
PR01008	LGx	52	58	hap2
PR01008	LGx	53	59	hap2
PR01008	LGx	54	61	hap2
PR01008	LGx	55	63	hap2
PR01008	LGx	56	65	hap2
PR01008	LGx	57	67	hap2
PR01008	LGx	58	69	hap2
PR01008	LGx	59	72	hap2
PR01008	LGx	60	74	hap2
PR01008	LGx	61	76	hap2
PR01008	LGx	62	79	hap2
PR01008	LGx	63	81	hap2
PR01008	LGx	64	84	hap2
PR01008	LGx	65	86	hap2
PR01008	LGx	66	89	hap2
PR01008	LGx	67	92	hap2
PR01008	LGx	68	95	hap2
PR01008	LGx	69	98	hap2
PR01008	LGx	70	101	hap2
PR01008	LGx	71	105	hap2
PR01008	LGx	72	108	hap2
PR01008	LGx	73	112	hap2
PR01008	LGx	74	115	hap2
PR01008	LGx	75	119	hap2
PR01008	LGx	76	123	hap2
PR01008	LGx	77	128	hap2
PR01008	LGx	78	132	hap2
PR01008	LGx	79	136	hap2
PR01008	LGx	80	141	hap2
PR01008	LGx	81	146	hap2
PR01008	LGx	82	151	hap2
PR01008	LGx	83	156	hap2
PR01008	LGx	84	161	hap2
PR01008	LGx	85	166	hap2
PR01008	LGx	86	172	hap2
PR01008	LGx	87	177	hap2
PR01008	LGx	88	183	hap2
PR01008	LGx	89	189	hap2
PR01008	LGx	90	196	hap2
PR01008	LGx	91	202	hap2
PR01008	LGx	92	209	hap2
PR01008	LGx	93	217	hap2
PR01008	LGx	94	225	hap2
PR01008	LGx	95	233	hap2
PR01008	LGx	96	242	hap2
PR01008	LGx	97	252	hap2
PR01008	LGx	98	262	hap2
PR01008	LGx	99	274	hap2
PR01008	LGx	100	288	hap2
PR01008	auN	3332033105	202.6806	primary
PR01008	auNG	3018593705	223.72618	primary
PR01008	Nx	1	118091519	primary
PR01008	Nx	2	118091519	primary
PR01008	Nx	3	118091519	primary
PR01008	Nx	4	95540034	primary
PR01008	Nx	5	95540034	primary
PR01008	Nx	6	95540034	primary
PR01008	Nx	7	88116541	primary
PR01008	Nx	8	88116541	primary
PR01008	Nx	9	88116541	primary
PR01008	Nx	10	77561620	primary
PR01008	Nx	11	77561620	primary
PR01008	Nx	12	76862129	primary
PR01008	Nx	13	76862129	primary
PR01008	Nx	14	74125564	primary
PR01008	Nx	15	74125564	primary
PR01008	Nx	16	58888824	primary
PR01008	Nx	17	58888824	primary
PR01008	Nx	18	58214923	primary
PR01008	Nx	19	58214923	primary
PR01008	Nx	20	57113080	primary
PR01008	Nx	21	57113080	primary
PR01008	Nx	22	56400402	primary
PR01008	Nx	23	51191743	primary
PR01008	Nx	24	51191743	primary
PR01008	Nx	25	50117147	primary
PR01008	Nx	26	49039035	primary
PR01008	Nx	27	49039035	primary
PR01008	Nx	28	48802265	primary
PR01008	Nx	29	47222772	primary
PR01008	Nx	30	47222772	primary
PR01008	Nx	31	46597541	primary
PR01008	Nx	32	45981948	primary
PR01008	Nx	33	45981948	primary
PR01008	Nx	34	42143211	primary
PR01008	Nx	35	42036904	primary
PR01008	Nx	36	40606622	primary
PR01008	Nx	37	39912197	primary
PR01008	Nx	38	38097556	primary
PR01008	Nx	39	38097556	primary
PR01008	Nx	40	37851117	primary
PR01008	Nx	41	37589922	primary
PR01008	Nx	42	36712150	primary
PR01008	Nx	43	36004231	primary
PR01008	Nx	44	35921375	primary
PR01008	Nx	45	35876594	primary
PR01008	Nx	46	35320890	primary
PR01008	Nx	47	34051983	primary
PR01008	Nx	48	33749891	primary
PR01008	Nx	49	33607920	primary
PR01008	Nx	50	32994076	primary
PR01008	Nx	51	32280932	primary
PR01008	Nx	52	32234632	primary
PR01008	Nx	53	31579959	primary
PR01008	Nx	54	29087962	primary
PR01008	Nx	55	29017242	primary
PR01008	Nx	56	28984651	primary
PR01008	Nx	57	28918486	primary
PR01008	Nx	58	27490794	primary
PR01008	Nx	59	26619952	primary
PR01008	Nx	60	26421131	primary
PR01008	Nx	61	26198703	primary
PR01008	Nx	62	24471218	primary
PR01008	Nx	63	24233829	primary
PR01008	Nx	64	24202074	primary
PR01008	Nx	65	23316983	primary
PR01008	Nx	66	23234080	primary
PR01008	Nx	67	20895098	primary
PR01008	Nx	68	20395927	primary
PR01008	Nx	69	19526276	primary
PR01008	Nx	70	18922357	primary
PR01008	Nx	71	18712920	primary
PR01008	Nx	72	17992051	primary
PR01008	Nx	73	17095807	primary
PR01008	Nx	74	16629844	primary
PR01008	Nx	75	15980484	primary
PR01008	Nx	76	15075112	primary
PR01008	Nx	77	13325005	primary
PR01008	Nx	78	13116619	primary
PR01008	Nx	79	12883678	primary
PR01008	Nx	80	12426283	primary
PR01008	Nx	81	12362741	primary
PR01008	Nx	82	11606636	primary
PR01008	Nx	83	10604937	primary
PR01008	Nx	84	10227350	primary
PR01008	Nx	85	9871303	primary
PR01008	Nx	86	9406235	primary
PR01008	Nx	87	8892810	primary
PR01008	Nx	88	8194842	primary
PR01008	Nx	89	7851702	primary
PR01008	Nx	90	7481097	primary
PR01008	Nx	91	6741635	primary
PR01008	Nx	92	6194600	primary
PR01008	Nx	93	5795801	primary
PR01008	Nx	94	5344216	primary
PR01008	Nx	95	4592791	primary
PR01008	Nx	96	4063805	primary
PR01008	Nx	97	3531117	primary
PR01008	Nx	98	2350698	primary
PR01008	Nx	99	1510593	primary
PR01008	Nx	100	11417	primary
PR01008	Lx	1	118091519	primary
PR01008	Lx	2	118091519	primary
PR01008	Lx	3	118091519	primary
PR01008	Lx	4	95540034	primary
PR01008	Lx	5	95540034	primary
PR01008	Lx	6	95540034	primary
PR01008	Lx	7	88116541	primary
PR01008	Lx	8	88116541	primary
PR01008	Lx	9	88116541	primary
PR01008	Lx	10	77561620	primary
PR01008	Lx	11	77561620	primary
PR01008	Lx	12	76862129	primary
PR01008	Lx	13	76862129	primary
PR01008	Lx	14	74125564	primary
PR01008	Lx	15	74125564	primary
PR01008	Lx	16	58888824	primary
PR01008	Lx	17	58888824	primary
PR01008	Lx	18	58214923	primary
PR01008	Lx	19	58214923	primary
PR01008	Lx	20	57113080	primary
PR01008	Lx	21	57113080	primary
PR01008	Lx	22	56400402	primary
PR01008	Lx	23	51191743	primary
PR01008	Lx	24	51191743	primary
PR01008	Lx	25	50117147	primary
PR01008	Lx	26	49039035	primary
PR01008	Lx	27	49039035	primary
PR01008	Lx	28	48802265	primary
PR01008	Lx	29	47222772	primary
PR01008	Lx	30	47222772	primary
PR01008	Lx	31	46597541	primary
PR01008	Lx	32	45981948	primary
PR01008	Lx	33	45981948	primary
PR01008	Lx	34	42143211	primary
PR01008	Lx	35	42036904	primary
PR01008	Lx	36	40606622	primary
PR01008	Lx	37	39912197	primary
PR01008	Lx	38	38097556	primary
PR01008	Lx	39	38097556	primary
PR01008	Lx	40	37851117	primary
PR01008	Lx	41	37589922	primary
PR01008	Lx	42	36712150	primary
PR01008	Lx	43	36004231	primary
PR01008	Lx	44	35921375	primary
PR01008	Lx	45	35876594	primary
PR01008	Lx	46	35320890	primary
PR01008	Lx	47	34051983	primary
PR01008	Lx	48	33749891	primary
PR01008	Lx	49	33607920	primary
PR01008	Lx	50	32994076	primary
PR01008	Lx	51	32280932	primary
PR01008	Lx	52	32234632	primary
PR01008	Lx	53	31579959	primary
PR01008	Lx	54	29087962	primary
PR01008	Lx	55	29017242	primary
PR01008	Lx	56	28984651	primary
PR01008	Lx	57	28918486	primary
PR01008	Lx	58	27490794	primary
PR01008	Lx	59	26619952	primary
PR01008	Lx	60	26421131	primary
PR01008	Lx	61	26198703	primary
PR01008	Lx	62	24471218	primary
PR01008	Lx	63	24233829	primary
PR01008	Lx	64	24202074	primary
PR01008	Lx	65	23316983	primary
PR01008	Lx	66	23234080	primary
PR01008	Lx	67	20895098	primary
PR01008	Lx	68	20395927	primary
PR01008	Lx	69	19526276	primary
PR01008	Lx	70	18922357	primary
PR01008	Lx	71	18712920	primary
PR01008	Lx	72	17992051	primary
PR01008	Lx	73	17095807	primary
PR01008	Lx	74	16629844	primary
PR01008	Lx	75	15980484	primary
PR01008	Lx	76	15075112	primary
PR01008	Lx	77	13325005	primary
PR01008	Lx	78	13116619	primary
PR01008	Lx	79	12883678	primary
PR01008	Lx	80	12426283	primary
PR01008	Lx	81	12362741	primary
PR01008	Lx	82	11606636	primary
PR01008	Lx	83	10604937	primary
PR01008	Lx	84	10227350	primary
PR01008	Lx	85	9871303	primary
PR01008	Lx	86	9406235	primary
PR01008	Lx	87	8892810	primary
PR01008	Lx	88	8194842	primary
PR01008	Lx	89	7851702	primary
PR01008	Lx	90	7481097	primary
PR01008	Lx	91	6741635	primary
PR01008	Lx	92	6194600	primary
PR01008	Lx	93	5795801	primary
PR01008	Lx	94	5344216	primary
PR01008	Lx	95	4592791	primary
PR01008	Lx	96	4063805	primary
PR01008	Lx	97	3531117	primary
PR01008	Lx	98	2350698	primary
PR01008	Lx	99	1510593	primary
PR01008	Lx	100	11417	primary
PR01008	NGx	1	118091519	primary
PR01008	NGx	2	118091519	primary
PR01008	NGx	3	118091519	primary
PR01008	NGx	4	95540034	primary
PR01008	NGx	5	95540034	primary
PR01008	NGx	6	95540034	primary
PR01008	NGx	7	95540034	primary
PR01008	NGx	8	88116541	primary
PR01008	NGx	9	88116541	primary
PR01008	NGx	10	77561620	primary
PR01008	NGx	11	77561620	primary
PR01008	NGx	12	77561620	primary
PR01008	NGx	13	76862129	primary
PR01008	NGx	14	76862129	primary
PR01008	NGx	15	76862129	primary
PR01008	NGx	16	74125564	primary
PR01008	NGx	17	74125564	primary
PR01008	NGx	18	58888824	primary
PR01008	NGx	19	58888824	primary
PR01008	NGx	20	58214923	primary
PR01008	NGx	21	58214923	primary
PR01008	NGx	22	57113080	primary
PR01008	NGx	23	57113080	primary
PR01008	NGx	24	56400402	primary
PR01008	NGx	25	56400402	primary
PR01008	NGx	26	51191743	primary
PR01008	NGx	27	50117147	primary
PR01008	NGx	28	50117147	primary
PR01008	NGx	29	49039035	primary
PR01008	NGx	30	49039035	primary
PR01008	NGx	31	48802265	primary
PR01008	NGx	32	47222772	primary
PR01008	NGx	33	47222772	primary
PR01008	NGx	34	46597541	primary
PR01008	NGx	35	45981948	primary
PR01008	NGx	36	45981948	primary
PR01008	NGx	37	42143211	primary
PR01008	NGx	38	42036904	primary
PR01008	NGx	39	42036904	primary
PR01008	NGx	40	40606622	primary
PR01008	NGx	41	39912197	primary
PR01008	NGx	42	38097556	primary
PR01008	NGx	43	38097556	primary
PR01008	NGx	44	37851117	primary
PR01008	NGx	45	37589922	primary
PR01008	NGx	46	36712150	primary
PR01008	NGx	47	36004231	primary
PR01008	NGx	48	36004231	primary
PR01008	NGx	49	35921375	primary
PR01008	NGx	50	35876594	primary
PR01008	NGx	51	35320890	primary
PR01008	NGx	52	34051983	primary
PR01008	NGx	53	33749891	primary
PR01008	NGx	54	33607920	primary
PR01008	NGx	55	32994076	primary
PR01008	NGx	56	32994076	primary
PR01008	NGx	57	32280932	primary
PR01008	NGx	58	32234632	primary
PR01008	NGx	59	31579959	primary
PR01008	NGx	60	29087962	primary
PR01008	NGx	61	29017242	primary
PR01008	NGx	62	28984651	primary
PR01008	NGx	63	28918486	primary
PR01008	NGx	64	27694689	primary
PR01008	NGx	65	26619952	primary
PR01008	NGx	66	26421131	primary
PR01008	NGx	67	26198703	primary
PR01008	NGx	68	25910964	primary
PR01008	NGx	69	24471218	primary
PR01008	NGx	70	24233829	primary
PR01008	NGx	71	24083901	primary
PR01008	NGx	72	23316983	primary
PR01008	NGx	73	23234080	primary
PR01008	NGx	74	20895098	primary
PR01008	NGx	75	20395927	primary
PR01008	NGx	76	19526276	primary
PR01008	NGx	77	19083919	primary
PR01008	NGx	78	18712920	primary
PR01008	NGx	79	18372063	primary
PR01008	NGx	80	17751175	primary
PR01008	NGx	81	16907974	primary
PR01008	NGx	82	16620185	primary
PR01008	NGx	83	15980484	primary
PR01008	NGx	84	15075112	primary
PR01008	NGx	85	13325005	primary
PR01008	NGx	86	13116619	primary
PR01008	NGx	87	12897510	primary
PR01008	NGx	88	12426283	primary
PR01008	NGx	89	12371763	primary
PR01008	NGx	90	12338014	primary
PR01008	NGx	91	11019120	primary
PR01008	NGx	92	10558892	primary
PR01008	NGx	93	10181073	primary
PR01008	NGx	94	9835924	primary
PR01008	NGx	95	9406235	primary
PR01008	NGx	96	8892810	primary
PR01008	NGx	97	8194842	primary
PR01008	NGx	98	7861118	primary
PR01008	NGx	99	7580046	primary
PR01008	NGx	100	7073583	primary
PR01008	LGx	1	1	primary
PR01008	LGx	2	1	primary
PR01008	LGx	3	1	primary
PR01008	LGx	4	2	primary
PR01008	LGx	5	2	primary
PR01008	LGx	6	2	primary
PR01008	LGx	7	2	primary
PR01008	LGx	8	3	primary
PR01008	LGx	9	3	primary
PR01008	LGx	10	4	primary
PR01008	LGx	11	4	primary
PR01008	LGx	12	4	primary
PR01008	LGx	13	5	primary
PR01008	LGx	14	5	primary
PR01008	LGx	15	5	primary
PR01008	LGx	16	6	primary
PR01008	LGx	17	6	primary
PR01008	LGx	18	7	primary
PR01008	LGx	19	7	primary
PR01008	LGx	20	8	primary
PR01008	LGx	21	8	primary
PR01008	LGx	22	9	primary
PR01008	LGx	23	9	primary
PR01008	LGx	24	10	primary
PR01008	LGx	25	10	primary
PR01008	LGx	26	11	primary
PR01008	LGx	27	12	primary
PR01008	LGx	28	12	primary
PR01008	LGx	29	13	primary
PR01008	LGx	30	13	primary
PR01008	LGx	31	14	primary
PR01008	LGx	32	15	primary
PR01008	LGx	33	15	primary
PR01008	LGx	34	16	primary
PR01008	LGx	35	17	primary
PR01008	LGx	36	17	primary
PR01008	LGx	37	18	primary
PR01008	LGx	38	19	primary
PR01008	LGx	39	19	primary
PR01008	LGx	40	20	primary
PR01008	LGx	41	21	primary
PR01008	LGx	42	22	primary
PR01008	LGx	43	22	primary
PR01008	LGx	44	23	primary
PR01008	LGx	45	24	primary
PR01008	LGx	46	25	primary
PR01008	LGx	47	26	primary
PR01008	LGx	48	26	primary
PR01008	LGx	49	27	primary
PR01008	LGx	50	28	primary
PR01008	LGx	51	29	primary
PR01008	LGx	52	30	primary
PR01008	LGx	53	31	primary
PR01008	LGx	54	32	primary
PR01008	LGx	55	33	primary
PR01008	LGx	56	33	primary
PR01008	LGx	57	34	primary
PR01008	LGx	58	35	primary
PR01008	LGx	59	36	primary
PR01008	LGx	60	37	primary
PR01008	LGx	61	38	primary
PR01008	LGx	62	39	primary
PR01008	LGx	63	40	primary
PR01008	LGx	64	41	primary
PR01008	LGx	65	43	primary
PR01008	LGx	66	44	primary
PR01008	LGx	67	45	primary
PR01008	LGx	68	46	primary
PR01008	LGx	69	47	primary
PR01008	LGx	70	48	primary
PR01008	LGx	71	50	primary
PR01008	LGx	72	51	primary
PR01008	LGx	73	52	primary
PR01008	LGx	74	54	primary
PR01008	LGx	75	55	primary
PR01008	LGx	76	57	primary
PR01008	LGx	77	58	primary
PR01008	LGx	78	60	primary
PR01008	LGx	79	61	primary
PR01008	LGx	80	63	primary
PR01008	LGx	81	65	primary
PR01008	LGx	82	67	primary
PR01008	LGx	83	68	primary
PR01008	LGx	84	70	primary
PR01008	LGx	85	73	primary
PR01008	LGx	86	75	primary
PR01008	LGx	87	77	primary
PR01008	LGx	88	80	primary
PR01008	LGx	89	82	primary
PR01008	LGx	90	84	primary
PR01008	LGx	91	87	primary
PR01008	LGx	92	90	primary
PR01008	LGx	93	93	primary
PR01008	LGx	94	96	primary
PR01008	LGx	95	99	primary
PR01008	LGx	96	102	primary
PR01008	LGx	97	106	primary
PR01008	LGx	98	109	primary
PR01008	LGx	99	113	primary
PR01008	LGx	100	117	primary
PR01010	auN	3161013518	435.92188	hap1
PR01010	auNG	3018593705	456.48904	hap1
PR01010	Nx	1	88160871	hap1
PR01010	Nx	2	88160871	hap1
PR01010	Nx	3	72229667	hap1
PR01010	Nx	4	72229667	hap1
PR01010	Nx	5	72229667	hap1
PR01010	Nx	6	68373182	hap1
PR01010	Nx	7	68373182	hap1
PR01010	Nx	8	65650688	hap1
PR01010	Nx	9	65650688	hap1
PR01010	Nx	10	58217537	hap1
PR01010	Nx	11	58217537	hap1
PR01010	Nx	12	53100469	hap1
PR01010	Nx	13	50577164	hap1
PR01010	Nx	14	50577164	hap1
PR01010	Nx	15	49957951	hap1
PR01010	Nx	16	49957951	hap1
PR01010	Nx	17	48775694	hap1
PR01010	Nx	18	48763949	hap1
PR01010	Nx	19	48763949	hap1
PR01010	Nx	20	42634842	hap1
PR01010	Nx	21	42013426	hap1
PR01010	Nx	22	41409396	hap1
PR01010	Nx	23	41409396	hap1
PR01010	Nx	24	41339307	hap1
PR01010	Nx	25	40716861	hap1
PR01010	Nx	26	39601667	hap1
PR01010	Nx	27	38735168	hap1
PR01010	Nx	28	38735168	hap1
PR01010	Nx	29	37628468	hap1
PR01010	Nx	30	33108661	hap1
PR01010	Nx	31	32530698	hap1
PR01010	Nx	32	31560476	hap1
PR01010	Nx	33	30281463	hap1
PR01010	Nx	34	30080783	hap1
PR01010	Nx	35	30073675	hap1
PR01010	Nx	36	29218686	hap1
PR01010	Nx	37	28961754	hap1
PR01010	Nx	38	28933199	hap1
PR01010	Nx	39	28394509	hap1
PR01010	Nx	40	28243711	hap1
PR01010	Nx	41	27835343	hap1
PR01010	Nx	42	27828014	hap1
PR01010	Nx	43	27686919	hap1
PR01010	Nx	44	27397850	hap1
PR01010	Nx	45	26114723	hap1
PR01010	Nx	46	24485791	hap1
PR01010	Nx	47	24190989	hap1
PR01010	Nx	48	24147424	hap1
PR01010	Nx	49	23311892	hap1
PR01010	Nx	50	23260349	hap1
PR01010	Nx	51	23103577	hap1
PR01010	Nx	52	22101982	hap1
PR01010	Nx	53	21787868	hap1
PR01010	Nx	54	20990893	hap1
PR01010	Nx	55	20907944	hap1
PR01010	Nx	56	19811006	hap1
PR01010	Nx	57	19269995	hap1
PR01010	Nx	58	19047232	hap1
PR01010	Nx	59	18153549	hap1
PR01010	Nx	60	17646538	hap1
PR01010	Nx	61	17091841	hap1
PR01010	Nx	62	16090956	hap1
PR01010	Nx	63	15540978	hap1
PR01010	Nx	64	15439812	hap1
PR01010	Nx	65	15068133	hap1
PR01010	Nx	66	13795755	hap1
PR01010	Nx	67	13443886	hap1
PR01010	Nx	68	13203729	hap1
PR01010	Nx	69	12769214	hap1
PR01010	Nx	70	12402085	hap1
PR01010	Nx	71	12204575	hap1
PR01010	Nx	72	11687376	hap1
PR01010	Nx	73	11276421	hap1
PR01010	Nx	74	10523204	hap1
PR01010	Nx	75	10066099	hap1
PR01010	Nx	76	9419171	hap1
PR01010	Nx	77	8969409	hap1
PR01010	Nx	78	8774965	hap1
PR01010	Nx	79	8070266	hap1
PR01010	Nx	80	7591721	hap1
PR01010	Nx	81	7248461	hap1
PR01010	Nx	82	6709182	hap1
PR01010	Nx	83	6407364	hap1
PR01010	Nx	84	6087639	hap1
PR01010	Nx	85	5828271	hap1
PR01010	Nx	86	5360524	hap1
PR01010	Nx	87	5007210	hap1
PR01010	Nx	88	4666755	hap1
PR01010	Nx	89	4218661	hap1
PR01010	Nx	90	3924720	hap1
PR01010	Nx	91	3366824	hap1
PR01010	Nx	92	3028567	hap1
PR01010	Nx	93	2691573	hap1
PR01010	Nx	94	2332657	hap1
PR01010	Nx	95	1839808	hap1
PR01010	Nx	96	1514091	hap1
PR01010	Nx	97	1165010	hap1
PR01010	Nx	98	791140	hap1
PR01010	Nx	99	390943	hap1
PR01010	Nx	100	11119	hap1
PR01010	Lx	1	88160871	hap1
PR01010	Lx	2	88160871	hap1
PR01010	Lx	3	72229667	hap1
PR01010	Lx	4	72229667	hap1
PR01010	Lx	5	72229667	hap1
PR01010	Lx	6	68373182	hap1
PR01010	Lx	7	68373182	hap1
PR01010	Lx	8	65650688	hap1
PR01010	Lx	9	65650688	hap1
PR01010	Lx	10	58217537	hap1
PR01010	Lx	11	58217537	hap1
PR01010	Lx	12	53100469	hap1
PR01010	Lx	13	50577164	hap1
PR01010	Lx	14	50577164	hap1
PR01010	Lx	15	49957951	hap1
PR01010	Lx	16	49957951	hap1
PR01010	Lx	17	48775694	hap1
PR01010	Lx	18	48763949	hap1
PR01010	Lx	19	48763949	hap1
PR01010	Lx	20	42634842	hap1
PR01010	Lx	21	42013426	hap1
PR01010	Lx	22	41409396	hap1
PR01010	Lx	23	41409396	hap1
PR01010	Lx	24	41339307	hap1
PR01010	Lx	25	40716861	hap1
PR01010	Lx	26	39601667	hap1
PR01010	Lx	27	38735168	hap1
PR01010	Lx	28	38735168	hap1
PR01010	Lx	29	37628468	hap1
PR01010	Lx	30	33108661	hap1
PR01010	Lx	31	32530698	hap1
PR01010	Lx	32	31560476	hap1
PR01010	Lx	33	30281463	hap1
PR01010	Lx	34	30080783	hap1
PR01010	Lx	35	30073675	hap1
PR01010	Lx	36	29218686	hap1
PR01010	Lx	37	28961754	hap1
PR01010	Lx	38	28933199	hap1
PR01010	Lx	39	28394509	hap1
PR01010	Lx	40	28243711	hap1
PR01010	Lx	41	27835343	hap1
PR01010	Lx	42	27828014	hap1
PR01010	Lx	43	27686919	hap1
PR01010	Lx	44	27397850	hap1
PR01010	Lx	45	26114723	hap1
PR01010	Lx	46	24485791	hap1
PR01010	Lx	47	24190989	hap1
PR01010	Lx	48	24147424	hap1
PR01010	Lx	49	23311892	hap1
PR01010	Lx	50	23260349	hap1
PR01010	Lx	51	23103577	hap1
PR01010	Lx	52	22101982	hap1
PR01010	Lx	53	21787868	hap1
PR01010	Lx	54	20990893	hap1
PR01010	Lx	55	20907944	hap1
PR01010	Lx	56	19811006	hap1
PR01010	Lx	57	19269995	hap1
PR01010	Lx	58	19047232	hap1
PR01010	Lx	59	18153549	hap1
PR01010	Lx	60	17646538	hap1
PR01010	Lx	61	17091841	hap1
PR01010	Lx	62	16090956	hap1
PR01010	Lx	63	15540978	hap1
PR01010	Lx	64	15439812	hap1
PR01010	Lx	65	15068133	hap1
PR01010	Lx	66	13795755	hap1
PR01010	Lx	67	13443886	hap1
PR01010	Lx	68	13203729	hap1
PR01010	Lx	69	12769214	hap1
PR01010	Lx	70	12402085	hap1
PR01010	Lx	71	12204575	hap1
PR01010	Lx	72	11687376	hap1
PR01010	Lx	73	11276421	hap1
PR01010	Lx	74	10523204	hap1
PR01010	Lx	75	10066099	hap1
PR01010	Lx	76	9419171	hap1
PR01010	Lx	77	8969409	hap1
PR01010	Lx	78	8774965	hap1
PR01010	Lx	79	8070266	hap1
PR01010	Lx	80	7591721	hap1
PR01010	Lx	81	7248461	hap1
PR01010	Lx	82	6709182	hap1
PR01010	Lx	83	6407364	hap1
PR01010	Lx	84	6087639	hap1
PR01010	Lx	85	5828271	hap1
PR01010	Lx	86	5360524	hap1
PR01010	Lx	87	5007210	hap1
PR01010	Lx	88	4666755	hap1
PR01010	Lx	89	4218661	hap1
PR01010	Lx	90	3924720	hap1
PR01010	Lx	91	3366824	hap1
PR01010	Lx	92	3028567	hap1
PR01010	Lx	93	2691573	hap1
PR01010	Lx	94	2332657	hap1
PR01010	Lx	95	1839808	hap1
PR01010	Lx	96	1514091	hap1
PR01010	Lx	97	1165010	hap1
PR01010	Lx	98	791140	hap1
PR01010	Lx	99	390943	hap1
PR01010	Lx	100	11119	hap1
PR01010	NGx	1	88160871	hap1
PR01010	NGx	2	88160871	hap1
PR01010	NGx	3	72229667	hap1
PR01010	NGx	4	72229667	hap1
PR01010	NGx	5	72229667	hap1
PR01010	NGx	6	68373182	hap1
PR01010	NGx	7	68373182	hap1
PR01010	NGx	8	65650688	hap1
PR01010	NGx	9	65650688	hap1
PR01010	NGx	10	58217537	hap1
PR01010	NGx	11	58217537	hap1
PR01010	NGx	12	53100469	hap1
PR01010	NGx	13	53100469	hap1
PR01010	NGx	14	50577164	hap1
PR01010	NGx	15	50577164	hap1
PR01010	NGx	16	49957951	hap1
PR01010	NGx	17	48775694	hap1
PR01010	NGx	18	48775694	hap1
PR01010	NGx	19	48763949	hap1
PR01010	NGx	20	48763949	hap1
PR01010	NGx	21	42634842	hap1
PR01010	NGx	22	42013426	hap1
PR01010	NGx	23	41409396	hap1
PR01010	NGx	24	41409396	hap1
PR01010	NGx	25	41339307	hap1
PR01010	NGx	26	40716861	hap1
PR01010	NGx	27	39601667	hap1
PR01010	NGx	28	39601667	hap1
PR01010	NGx	29	38735168	hap1
PR01010	NGx	30	37628468	hap1
PR01010	NGx	31	33108661	hap1
PR01010	NGx	32	32530698	hap1
PR01010	NGx	33	31560476	hap1
PR01010	NGx	34	30281463	hap1
PR01010	NGx	35	30080783	hap1
PR01010	NGx	36	30073675	hap1
PR01010	NGx	37	29218686	hap1
PR01010	NGx	38	28961754	hap1
PR01010	NGx	39	28933199	hap1
PR01010	NGx	40	28450351	hap1
PR01010	NGx	41	28394509	hap1
PR01010	NGx	42	28243711	hap1
PR01010	NGx	43	27835343	hap1
PR01010	NGx	44	27828014	hap1
PR01010	NGx	45	27686919	hap1
PR01010	NGx	46	27397850	hap1
PR01010	NGx	47	26114723	hap1
PR01010	NGx	48	25931613	hap1
PR01010	NGx	49	24190989	hap1
PR01010	NGx	50	24147424	hap1
PR01010	NGx	51	24049553	hap1
PR01010	NGx	52	23311892	hap1
PR01010	NGx	53	23103577	hap1
PR01010	NGx	54	22761452	hap1
PR01010	NGx	55	22101982	hap1
PR01010	NGx	56	21314674	hap1
PR01010	NGx	57	20990893	hap1
PR01010	NGx	58	20130625	hap1
PR01010	NGx	59	19811006	hap1
PR01010	NGx	60	19193700	hap1
PR01010	NGx	61	19047232	hap1
PR01010	NGx	62	18153549	hap1
PR01010	NGx	63	17178773	hap1
PR01010	NGx	64	17091841	hap1
PR01010	NGx	65	16090956	hap1
PR01010	NGx	66	15540978	hap1
PR01010	NGx	67	15439812	hap1
PR01010	NGx	68	15068133	hap1
PR01010	NGx	69	13795755	hap1
PR01010	NGx	70	13527992	hap1
PR01010	NGx	71	13203729	hap1
PR01010	NGx	72	12971428	hap1
PR01010	NGx	73	12678784	hap1
PR01010	NGx	74	12376922	hap1
PR01010	NGx	75	11738983	hap1
PR01010	NGx	76	11335746	hap1
PR01010	NGx	77	10687178	hap1
PR01010	NGx	78	10421669	hap1
PR01010	NGx	79	9955529	hap1
PR01010	NGx	80	9199139	hap1
PR01010	NGx	81	8938084	hap1
PR01010	NGx	82	8598624	hap1
PR01010	NGx	83	7984462	hap1
PR01010	NGx	84	7407126	hap1
PR01010	NGx	85	7031985	hap1
PR01010	NGx	86	6685814	hap1
PR01010	NGx	87	6407364	hap1
PR01010	NGx	88	6087639	hap1
PR01010	NGx	89	5828271	hap1
PR01010	NGx	90	5360524	hap1
PR01010	NGx	91	5023050	hap1
PR01010	NGx	92	4669811	hap1
PR01010	NGx	93	4290006	hap1
PR01010	NGx	94	3964909	hap1
PR01010	NGx	95	3436275	hap1
PR01010	NGx	96	3094853	hap1
PR01010	NGx	97	2838394	hap1
PR01010	NGx	98	2458571	hap1
PR01010	NGx	99	2104923	hap1
PR01010	NGx	100	1635050	hap1
PR01010	LGx	1	1	hap1
PR01010	LGx	2	1	hap1
PR01010	LGx	3	2	hap1
PR01010	LGx	4	2	hap1
PR01010	LGx	5	2	hap1
PR01010	LGx	6	3	hap1
PR01010	LGx	7	3	hap1
PR01010	LGx	8	4	hap1
PR01010	LGx	9	4	hap1
PR01010	LGx	10	5	hap1
PR01010	LGx	11	5	hap1
PR01010	LGx	12	6	hap1
PR01010	LGx	13	6	hap1
PR01010	LGx	14	7	hap1
PR01010	LGx	15	7	hap1
PR01010	LGx	16	8	hap1
PR01010	LGx	17	9	hap1
PR01010	LGx	18	9	hap1
PR01010	LGx	19	10	hap1
PR01010	LGx	20	10	hap1
PR01010	LGx	21	11	hap1
PR01010	LGx	22	12	hap1
PR01010	LGx	23	13	hap1
PR01010	LGx	24	13	hap1
PR01010	LGx	25	14	hap1
PR01010	LGx	26	15	hap1
PR01010	LGx	27	16	hap1
PR01010	LGx	28	16	hap1
PR01010	LGx	29	17	hap1
PR01010	LGx	30	18	hap1
PR01010	LGx	31	19	hap1
PR01010	LGx	32	20	hap1
PR01010	LGx	33	21	hap1
PR01010	LGx	34	22	hap1
PR01010	LGx	35	23	hap1
PR01010	LGx	36	24	hap1
PR01010	LGx	37	25	hap1
PR01010	LGx	38	26	hap1
PR01010	LGx	39	27	hap1
PR01010	LGx	40	28	hap1
PR01010	LGx	41	29	hap1
PR01010	LGx	42	30	hap1
PR01010	LGx	43	31	hap1
PR01010	LGx	44	32	hap1
PR01010	LGx	45	33	hap1
PR01010	LGx	46	34	hap1
PR01010	LGx	47	35	hap1
PR01010	LGx	48	36	hap1
PR01010	LGx	49	38	hap1
PR01010	LGx	50	39	hap1
PR01010	LGx	51	40	hap1
PR01010	LGx	52	41	hap1
PR01010	LGx	53	43	hap1
PR01010	LGx	54	44	hap1
PR01010	LGx	55	45	hap1
PR01010	LGx	56	47	hap1
PR01010	LGx	57	48	hap1
PR01010	LGx	58	50	hap1
PR01010	LGx	59	51	hap1
PR01010	LGx	60	53	hap1
PR01010	LGx	61	54	hap1
PR01010	LGx	62	56	hap1
PR01010	LGx	63	58	hap1
PR01010	LGx	64	59	hap1
PR01010	LGx	65	61	hap1
PR01010	LGx	66	63	hap1
PR01010	LGx	67	65	hap1
PR01010	LGx	68	67	hap1
PR01010	LGx	69	69	hap1
PR01010	LGx	70	71	hap1
PR01010	LGx	71	74	hap1
PR01010	LGx	72	76	hap1
PR01010	LGx	73	78	hap1
PR01010	LGx	74	81	hap1
PR01010	LGx	75	83	hap1
PR01010	LGx	76	86	hap1
PR01010	LGx	77	89	hap1
PR01010	LGx	78	91	hap1
PR01010	LGx	79	94	hap1
PR01010	LGx	80	98	hap1
PR01010	LGx	81	101	hap1
PR01010	LGx	82	104	hap1
PR01010	LGx	83	108	hap1
PR01010	LGx	84	112	hap1
PR01010	LGx	85	116	hap1
PR01010	LGx	86	121	hap1
PR01010	LGx	87	125	hap1
PR01010	LGx	88	130	hap1
PR01010	LGx	89	135	hap1
PR01010	LGx	90	141	hap1
PR01010	LGx	91	146	hap1
PR01010	LGx	92	153	hap1
PR01010	LGx	93	159	hap1
PR01010	LGx	94	167	hap1
PR01010	LGx	95	175	hap1
PR01010	LGx	96	184	hap1
PR01010	LGx	97	194	hap1
PR01010	LGx	98	206	hap1
PR01010	LGx	99	219	hap1
PR01010	LGx	100	235	hap1
PR01010	auN	3211327164	386.09808	hap2
PR01010	auNG	3018593705	410.74994	hap2
PR01010	Nx	1	81755490	hap2
PR01010	Nx	2	81755490	hap2
PR01010	Nx	3	76617137	hap2
PR01010	Nx	4	76617137	hap2
PR01010	Nx	5	56830353	hap2
PR01010	Nx	6	56830353	hap2
PR01010	Nx	7	56766711	hap2
PR01010	Nx	8	56766711	hap2
PR01010	Nx	9	47171571	hap2
PR01010	Nx	10	47135407	hap2
PR01010	Nx	11	47135407	hap2
PR01010	Nx	12	46197937	hap2
PR01010	Nx	13	43388406	hap2
PR01010	Nx	14	43388406	hap2
PR01010	Nx	15	42492142	hap2
PR01010	Nx	16	41512160	hap2
PR01010	Nx	17	38980024	hap2
PR01010	Nx	18	38980024	hap2
PR01010	Nx	19	38106847	hap2
PR01010	Nx	20	37770047	hap2
PR01010	Nx	21	37518887	hap2
PR01010	Nx	22	37396226	hap2
PR01010	Nx	23	36172782	hap2
PR01010	Nx	24	35764276	hap2
PR01010	Nx	25	33275043	hap2
PR01010	Nx	26	31307227	hap2
PR01010	Nx	27	30001813	hap2
PR01010	Nx	28	29941832	hap2
PR01010	Nx	29	29104589	hap2
PR01010	Nx	30	28657978	hap2
PR01010	Nx	31	28131178	hap2
PR01010	Nx	32	27306348	hap2
PR01010	Nx	33	26544719	hap2
PR01010	Nx	34	26104438	hap2
PR01010	Nx	35	25301126	hap2
PR01010	Nx	36	24083709	hap2
PR01010	Nx	37	24015923	hap2
PR01010	Nx	38	23248852	hap2
PR01010	Nx	39	22862568	hap2
PR01010	Nx	40	21392750	hap2
PR01010	Nx	41	21086677	hap2
PR01010	Nx	42	20663277	hap2
PR01010	Nx	43	20033296	hap2
PR01010	Nx	44	19571271	hap2
PR01010	Nx	45	19530746	hap2
PR01010	Nx	46	18691243	hap2
PR01010	Nx	47	18185353	hap2
PR01010	Nx	48	18029943	hap2
PR01010	Nx	49	17888647	hap2
PR01010	Nx	50	16902463	hap2
PR01010	Nx	51	16683368	hap2
PR01010	Nx	52	15730729	hap2
PR01010	Nx	53	15051005	hap2
PR01010	Nx	54	14933436	hap2
PR01010	Nx	55	14892778	hap2
PR01010	Nx	56	13796341	hap2
PR01010	Nx	57	13316278	hap2
PR01010	Nx	58	13096535	hap2
PR01010	Nx	59	13060791	hap2
PR01010	Nx	60	12841976	hap2
PR01010	Nx	61	12712938	hap2
PR01010	Nx	62	12454367	hap2
PR01010	Nx	63	12362432	hap2
PR01010	Nx	64	12227506	hap2
PR01010	Nx	65	11908297	hap2
PR01010	Nx	66	11744329	hap2
PR01010	Nx	67	10988653	hap2
PR01010	Nx	68	10601126	hap2
PR01010	Nx	69	10185004	hap2
PR01010	Nx	70	9605576	hap2
PR01010	Nx	71	9280083	hap2
PR01010	Nx	72	9052292	hap2
PR01010	Nx	73	8876489	hap2
PR01010	Nx	74	8409849	hap2
PR01010	Nx	75	8221429	hap2
PR01010	Nx	76	7896638	hap2
PR01010	Nx	77	7313473	hap2
PR01010	Nx	78	6883169	hap2
PR01010	Nx	79	6641767	hap2
PR01010	Nx	80	6219056	hap2
PR01010	Nx	81	6192594	hap2
PR01010	Nx	82	5555775	hap2
PR01010	Nx	83	5395049	hap2
PR01010	Nx	84	5189378	hap2
PR01010	Nx	85	4960879	hap2
PR01010	Nx	86	4624900	hap2
PR01010	Nx	87	4304459	hap2
PR01010	Nx	88	4137860	hap2
PR01010	Nx	89	3976058	hap2
PR01010	Nx	90	3631855	hap2
PR01010	Nx	91	3239847	hap2
PR01010	Nx	92	2772337	hap2
PR01010	Nx	93	2461669	hap2
PR01010	Nx	94	2270125	hap2
PR01010	Nx	95	1971353	hap2
PR01010	Nx	96	1618857	hap2
PR01010	Nx	97	1369776	hap2
PR01010	Nx	98	944636	hap2
PR01010	Nx	99	583725	hap2
PR01010	Nx	100	13180	hap2
PR01010	Lx	1	81755490	hap2
PR01010	Lx	2	81755490	hap2
PR01010	Lx	3	76617137	hap2
PR01010	Lx	4	76617137	hap2
PR01010	Lx	5	56830353	hap2
PR01010	Lx	6	56830353	hap2
PR01010	Lx	7	56766711	hap2
PR01010	Lx	8	56766711	hap2
PR01010	Lx	9	47171571	hap2
PR01010	Lx	10	47135407	hap2
PR01010	Lx	11	47135407	hap2
PR01010	Lx	12	46197937	hap2
PR01010	Lx	13	43388406	hap2
PR01010	Lx	14	43388406	hap2
PR01010	Lx	15	42492142	hap2
PR01010	Lx	16	41512160	hap2
PR01010	Lx	17	38980024	hap2
PR01010	Lx	18	38980024	hap2
PR01010	Lx	19	38106847	hap2
PR01010	Lx	20	37770047	hap2
PR01010	Lx	21	37518887	hap2
PR01010	Lx	22	37396226	hap2
PR01010	Lx	23	36172782	hap2
PR01010	Lx	24	35764276	hap2
PR01010	Lx	25	33275043	hap2
PR01010	Lx	26	31307227	hap2
PR01010	Lx	27	30001813	hap2
PR01010	Lx	28	29941832	hap2
PR01010	Lx	29	29104589	hap2
PR01010	Lx	30	28657978	hap2
PR01010	Lx	31	28131178	hap2
PR01010	Lx	32	27306348	hap2
PR01010	Lx	33	26544719	hap2
PR01010	Lx	34	26104438	hap2
PR01010	Lx	35	25301126	hap2
PR01010	Lx	36	24083709	hap2
PR01010	Lx	37	24015923	hap2
PR01010	Lx	38	23248852	hap2
PR01010	Lx	39	22862568	hap2
PR01010	Lx	40	21392750	hap2
PR01010	Lx	41	21086677	hap2
PR01010	Lx	42	20663277	hap2
PR01010	Lx	43	20033296	hap2
PR01010	Lx	44	19571271	hap2
PR01010	Lx	45	19530746	hap2
PR01010	Lx	46	18691243	hap2
PR01010	Lx	47	18185353	hap2
PR01010	Lx	48	18029943	hap2
PR01010	Lx	49	17888647	hap2
PR01010	Lx	50	16902463	hap2
PR01010	Lx	51	16683368	hap2
PR01010	Lx	52	15730729	hap2
PR01010	Lx	53	15051005	hap2
PR01010	Lx	54	14933436	hap2
PR01010	Lx	55	14892778	hap2
PR01010	Lx	56	13796341	hap2
PR01010	Lx	57	13316278	hap2
PR01010	Lx	58	13096535	hap2
PR01010	Lx	59	13060791	hap2
PR01010	Lx	60	12841976	hap2
PR01010	Lx	61	12712938	hap2
PR01010	Lx	62	12454367	hap2
PR01010	Lx	63	12362432	hap2
PR01010	Lx	64	12227506	hap2
PR01010	Lx	65	11908297	hap2
PR01010	Lx	66	11744329	hap2
PR01010	Lx	67	10988653	hap2
PR01010	Lx	68	10601126	hap2
PR01010	Lx	69	10185004	hap2
PR01010	Lx	70	9605576	hap2
PR01010	Lx	71	9280083	hap2
PR01010	Lx	72	9052292	hap2
PR01010	Lx	73	8876489	hap2
PR01010	Lx	74	8409849	hap2
PR01010	Lx	75	8221429	hap2
PR01010	Lx	76	7896638	hap2
PR01010	Lx	77	7313473	hap2
PR01010	Lx	78	6883169	hap2
PR01010	Lx	79	6641767	hap2
PR01010	Lx	80	6219056	hap2
PR01010	Lx	81	6192594	hap2
PR01010	Lx	82	5555775	hap2
PR01010	Lx	83	5395049	hap2
PR01010	Lx	84	5189378	hap2
PR01010	Lx	85	4960879	hap2
PR01010	Lx	86	4624900	hap2
PR01010	Lx	87	4304459	hap2
PR01010	Lx	88	4137860	hap2
PR01010	Lx	89	3976058	hap2
PR01010	Lx	90	3631855	hap2
PR01010	Lx	91	3239847	hap2
PR01010	Lx	92	2772337	hap2
PR01010	Lx	93	2461669	hap2
PR01010	Lx	94	2270125	hap2
PR01010	Lx	95	1971353	hap2
PR01010	Lx	96	1618857	hap2
PR01010	Lx	97	1369776	hap2
PR01010	Lx	98	944636	hap2
PR01010	Lx	99	583725	hap2
PR01010	Lx	100	13180	hap2
PR01010	NGx	1	81755490	hap2
PR01010	NGx	2	81755490	hap2
PR01010	NGx	3	76617137	hap2
PR01010	NGx	4	76617137	hap2
PR01010	NGx	5	76617137	hap2
PR01010	NGx	6	56830353	hap2
PR01010	NGx	7	56830353	hap2
PR01010	NGx	8	56766711	hap2
PR01010	NGx	9	56766711	hap2
PR01010	NGx	10	47171571	hap2
PR01010	NGx	11	47135407	hap2
PR01010	NGx	12	47135407	hap2
PR01010	NGx	13	46197937	hap2
PR01010	NGx	14	43388406	hap2
PR01010	NGx	15	43388406	hap2
PR01010	NGx	16	42492142	hap2
PR01010	NGx	17	41512160	hap2
PR01010	NGx	18	38980024	hap2
PR01010	NGx	19	38980024	hap2
PR01010	NGx	20	38106847	hap2
PR01010	NGx	21	37770047	hap2
PR01010	NGx	22	37518887	hap2
PR01010	NGx	23	37396226	hap2
PR01010	NGx	24	37396226	hap2
PR01010	NGx	25	36172782	hap2
PR01010	NGx	26	35764276	hap2
PR01010	NGx	27	33275043	hap2
PR01010	NGx	28	31307227	hap2
PR01010	NGx	29	30001813	hap2
PR01010	NGx	30	29941832	hap2
PR01010	NGx	31	29104589	hap2
PR01010	NGx	32	28657978	hap2
PR01010	NGx	33	28131178	hap2
PR01010	NGx	34	27306348	hap2
PR01010	NGx	35	26544719	hap2
PR01010	NGx	36	26104438	hap2
PR01010	NGx	37	25420492	hap2
PR01010	NGx	38	24083709	hap2
PR01010	NGx	39	24015923	hap2
PR01010	NGx	40	23546392	hap2
PR01010	NGx	41	22862568	hap2
PR01010	NGx	42	21797164	hap2
PR01010	NGx	43	21392750	hap2
PR01010	NGx	44	20829636	hap2
PR01010	NGx	45	20663277	hap2
PR01010	NGx	46	19982175	hap2
PR01010	NGx	47	19571271	hap2
PR01010	NGx	48	19042505	hap2
PR01010	NGx	49	18691243	hap2
PR01010	NGx	50	18185353	hap2
PR01010	NGx	51	18029943	hap2
PR01010	NGx	52	17888647	hap2
PR01010	NGx	53	16902463	hap2
PR01010	NGx	54	16683368	hap2
PR01010	NGx	55	15730729	hap2
PR01010	NGx	56	15051005	hap2
PR01010	NGx	57	14983728	hap2
PR01010	NGx	58	14916330	hap2
PR01010	NGx	59	14347408	hap2
PR01010	NGx	60	13683936	hap2
PR01010	NGx	61	13184760	hap2
PR01010	NGx	62	13096535	hap2
PR01010	NGx	63	13018440	hap2
PR01010	NGx	64	12841976	hap2
PR01010	NGx	65	12712938	hap2
PR01010	NGx	66	12454367	hap2
PR01010	NGx	67	12362432	hap2
PR01010	NGx	68	12227506	hap2
PR01010	NGx	69	11963878	hap2
PR01010	NGx	70	11744329	hap2
PR01010	NGx	71	11269679	hap2
PR01010	NGx	72	10775238	hap2
PR01010	NGx	73	10408841	hap2
PR01010	NGx	74	9608574	hap2
PR01010	NGx	75	9394050	hap2
PR01010	NGx	76	9274729	hap2
PR01010	NGx	77	8967174	hap2
PR01010	NGx	78	8822359	hap2
PR01010	NGx	79	8407629	hap2
PR01010	NGx	80	8164358	hap2
PR01010	NGx	81	7855759	hap2
PR01010	NGx	82	7313473	hap2
PR01010	NGx	83	6883169	hap2
PR01010	NGx	84	6641767	hap2
PR01010	NGx	85	6237164	hap2
PR01010	NGx	86	6195848	hap2
PR01010	NGx	87	5746256	hap2
PR01010	NGx	88	5465325	hap2
PR01010	NGx	89	5263103	hap2
PR01010	NGx	90	5079896	hap2
PR01010	NGx	91	4716601	hap2
PR01010	NGx	92	4549940	hap2
PR01010	NGx	93	4189417	hap2
PR01010	NGx	94	4037130	hap2
PR01010	NGx	95	3811176	hap2
PR01010	NGx	96	3505789	hap2
PR01010	NGx	97	3076705	hap2
PR01010	NGx	98	2768921	hap2
PR01010	NGx	99	2457866	hap2
PR01010	NGx	100	2270125	hap2
PR01010	LGx	1	1	hap2
PR01010	LGx	2	1	hap2
PR01010	LGx	3	2	hap2
PR01010	LGx	4	2	hap2
PR01010	LGx	5	2	hap2
PR01010	LGx	6	3	hap2
PR01010	LGx	7	3	hap2
PR01010	LGx	8	4	hap2
PR01010	LGx	9	4	hap2
PR01010	LGx	10	5	hap2
PR01010	LGx	11	6	hap2
PR01010	LGx	12	6	hap2
PR01010	LGx	13	7	hap2
PR01010	LGx	14	8	hap2
PR01010	LGx	15	8	hap2
PR01010	LGx	16	9	hap2
PR01010	LGx	17	10	hap2
PR01010	LGx	18	11	hap2
PR01010	LGx	19	11	hap2
PR01010	LGx	20	12	hap2
PR01010	LGx	21	13	hap2
PR01010	LGx	22	14	hap2
PR01010	LGx	23	15	hap2
PR01010	LGx	24	15	hap2
PR01010	LGx	25	16	hap2
PR01010	LGx	26	17	hap2
PR01010	LGx	27	18	hap2
PR01010	LGx	28	19	hap2
PR01010	LGx	29	20	hap2
PR01010	LGx	30	21	hap2
PR01010	LGx	31	22	hap2
PR01010	LGx	32	23	hap2
PR01010	LGx	33	24	hap2
PR01010	LGx	34	25	hap2
PR01010	LGx	35	26	hap2
PR01010	LGx	36	27	hap2
PR01010	LGx	37	28	hap2
PR01010	LGx	38	30	hap2
PR01010	LGx	39	31	hap2
PR01010	LGx	40	32	hap2
PR01010	LGx	41	34	hap2
PR01010	LGx	42	35	hap2
PR01010	LGx	43	36	hap2
PR01010	LGx	44	38	hap2
PR01010	LGx	45	39	hap2
PR01010	LGx	46	41	hap2
PR01010	LGx	47	42	hap2
PR01010	LGx	48	44	hap2
PR01010	LGx	49	45	hap2
PR01010	LGx	50	47	hap2
PR01010	LGx	51	49	hap2
PR01010	LGx	52	50	hap2
PR01010	LGx	53	52	hap2
PR01010	LGx	54	54	hap2
PR01010	LGx	55	56	hap2
PR01010	LGx	56	58	hap2
PR01010	LGx	57	60	hap2
PR01010	LGx	58	62	hap2
PR01010	LGx	59	64	hap2
PR01010	LGx	60	66	hap2
PR01010	LGx	61	68	hap2
PR01010	LGx	62	70	hap2
PR01010	LGx	63	73	hap2
PR01010	LGx	64	75	hap2
PR01010	LGx	65	77	hap2
PR01010	LGx	66	80	hap2
PR01010	LGx	67	82	hap2
PR01010	LGx	68	85	hap2
PR01010	LGx	69	87	hap2
PR01010	LGx	70	90	hap2
PR01010	LGx	71	92	hap2
PR01010	LGx	72	95	hap2
PR01010	LGx	73	98	hap2
PR01010	LGx	74	101	hap2
PR01010	LGx	75	104	hap2
PR01010	LGx	76	107	hap2
PR01010	LGx	77	111	hap2
PR01010	LGx	78	114	hap2
PR01010	LGx	79	118	hap2
PR01010	LGx	80	121	hap2
PR01010	LGx	81	125	hap2
PR01010	LGx	82	129	hap2
PR01010	LGx	83	133	hap2
PR01010	LGx	84	138	hap2
PR01010	LGx	85	142	hap2
PR01010	LGx	86	147	hap2
PR01010	LGx	87	152	hap2
PR01010	LGx	88	158	hap2
PR01010	LGx	89	163	hap2
PR01010	LGx	90	169	hap2
PR01010	LGx	91	175	hap2
PR01010	LGx	92	182	hap2
PR01010	LGx	93	189	hap2
PR01010	LGx	94	196	hap2
PR01010	LGx	95	204	hap2
PR01010	LGx	96	212	hap2
PR01010	LGx	97	221	hap2
PR01010	LGx	98	231	hap2
PR01010	LGx	99	243	hap2
PR01010	LGx	100	256	hap2
PR01010	auN	3282743208	213.41367	primary
PR01010	auNG	3018593705	232.08894	primary
PR01010	Nx	1	95292959	primary
PR01010	Nx	2	95292959	primary
PR01010	Nx	3	88160871	primary
PR01010	Nx	4	88160871	primary
PR01010	Nx	5	88160871	primary
PR01010	Nx	6	81767044	primary
PR01010	Nx	7	81767044	primary
PR01010	Nx	8	81767044	primary
PR01010	Nx	9	81725564	primary
PR01010	Nx	10	81725564	primary
PR01010	Nx	11	77701734	primary
PR01010	Nx	12	77701734	primary
PR01010	Nx	13	74693810	primary
PR01010	Nx	14	74693810	primary
PR01010	Nx	15	74693810	primary
PR01010	Nx	16	72229667	primary
PR01010	Nx	17	72229667	primary
PR01010	Nx	18	65373018	primary
PR01010	Nx	19	65373018	primary
PR01010	Nx	20	63937651	primary
PR01010	Nx	21	63937651	primary
PR01010	Nx	22	56830353	primary
PR01010	Nx	23	56830353	primary
PR01010	Nx	24	56766711	primary
PR01010	Nx	25	53322917	primary
PR01010	Nx	26	53322917	primary
PR01010	Nx	27	53100469	primary
PR01010	Nx	28	53100469	primary
PR01010	Nx	29	50875047	primary
PR01010	Nx	30	48775694	primary
PR01010	Nx	31	48775694	primary
PR01010	Nx	32	48763949	primary
PR01010	Nx	33	48329308	primary
PR01010	Nx	34	48329308	primary
PR01010	Nx	35	47973613	primary
PR01010	Nx	36	47171571	primary
PR01010	Nx	37	45388924	primary
PR01010	Nx	38	45388924	primary
PR01010	Nx	39	42634842	primary
PR01010	Nx	40	42013426	primary
PR01010	Nx	41	41709819	primary
PR01010	Nx	42	41709819	primary
PR01010	Nx	43	40716861	primary
PR01010	Nx	44	39315545	primary
PR01010	Nx	45	38980024	primary
PR01010	Nx	46	38735168	primary
PR01010	Nx	47	38194966	primary
PR01010	Nx	48	38194966	primary
PR01010	Nx	49	37518887	primary
PR01010	Nx	50	35294297	primary
PR01010	Nx	51	34871041	primary
PR01010	Nx	52	33275043	primary
PR01010	Nx	53	33108661	primary
PR01010	Nx	54	33069809	primary
PR01010	Nx	55	32530698	primary
PR01010	Nx	56	30189107	primary
PR01010	Nx	57	30073675	primary
PR01010	Nx	58	30001813	primary
PR01010	Nx	59	29521463	primary
PR01010	Nx	60	28933199	primary
PR01010	Nx	61	28519890	primary
PR01010	Nx	62	28450351	primary
PR01010	Nx	63	27686919	primary
PR01010	Nx	64	27289547	primary
PR01010	Nx	65	26310012	primary
PR01010	Nx	66	26114723	primary
PR01010	Nx	67	26104438	primary
PR01010	Nx	68	25931613	primary
PR01010	Nx	69	25880728	primary
PR01010	Nx	70	24485791	primary
PR01010	Nx	71	24311242	primary
PR01010	Nx	72	24147424	primary
PR01010	Nx	73	23050176	primary
PR01010	Nx	74	22761452	primary
PR01010	Nx	75	21300126	primary
PR01010	Nx	76	20907944	primary
PR01010	Nx	77	20507979	primary
PR01010	Nx	78	20426806	primary
PR01010	Nx	79	19531349	primary
PR01010	Nx	80	16578707	primary
PR01010	Nx	81	14916330	primary
PR01010	Nx	82	13652974	primary
PR01010	Nx	83	13248333	primary
PR01010	Nx	84	13151933	primary
PR01010	Nx	85	12628017	primary
PR01010	Nx	86	12376922	primary
PR01010	Nx	87	11276421	primary
PR01010	Nx	88	10132769	primary
PR01010	Nx	89	9010944	primary
PR01010	Nx	90	8919380	primary
PR01010	Nx	91	8328641	primary
PR01010	Nx	92	7039097	primary
PR01010	Nx	93	6126636	primary
PR01010	Nx	94	5360524	primary
PR01010	Nx	95	4319976	primary
PR01010	Nx	96	3882322	primary
PR01010	Nx	97	2841251	primary
PR01010	Nx	98	1978377	primary
PR01010	Nx	99	941366	primary
PR01010	Nx	100	14171	primary
PR01010	Lx	1	95292959	primary
PR01010	Lx	2	95292959	primary
PR01010	Lx	3	88160871	primary
PR01010	Lx	4	88160871	primary
PR01010	Lx	5	88160871	primary
PR01010	Lx	6	81767044	primary
PR01010	Lx	7	81767044	primary
PR01010	Lx	8	81767044	primary
PR01010	Lx	9	81725564	primary
PR01010	Lx	10	81725564	primary
PR01010	Lx	11	77701734	primary
PR01010	Lx	12	77701734	primary
PR01010	Lx	13	74693810	primary
PR01010	Lx	14	74693810	primary
PR01010	Lx	15	74693810	primary
PR01010	Lx	16	72229667	primary
PR01010	Lx	17	72229667	primary
PR01010	Lx	18	65373018	primary
PR01010	Lx	19	65373018	primary
PR01010	Lx	20	63937651	primary
PR01010	Lx	21	63937651	primary
PR01010	Lx	22	56830353	primary
PR01010	Lx	23	56830353	primary
PR01010	Lx	24	56766711	primary
PR01010	Lx	25	53322917	primary
PR01010	Lx	26	53322917	primary
PR01010	Lx	27	53100469	primary
PR01010	Lx	28	53100469	primary
PR01010	Lx	29	50875047	primary
PR01010	Lx	30	48775694	primary
PR01010	Lx	31	48775694	primary
PR01010	Lx	32	48763949	primary
PR01010	Lx	33	48329308	primary
PR01010	Lx	34	48329308	primary
PR01010	Lx	35	47973613	primary
PR01010	Lx	36	47171571	primary
PR01010	Lx	37	45388924	primary
PR01010	Lx	38	45388924	primary
PR01010	Lx	39	42634842	primary
PR01010	Lx	40	42013426	primary
PR01010	Lx	41	41709819	primary
PR01010	Lx	42	41709819	primary
PR01010	Lx	43	40716861	primary
PR01010	Lx	44	39315545	primary
PR01010	Lx	45	38980024	primary
PR01010	Lx	46	38735168	primary
PR01010	Lx	47	38194966	primary
PR01010	Lx	48	38194966	primary
PR01010	Lx	49	37518887	primary
PR01010	Lx	50	35294297	primary
PR01010	Lx	51	34871041	primary
PR01010	Lx	52	33275043	primary
PR01010	Lx	53	33108661	primary
PR01010	Lx	54	33069809	primary
PR01010	Lx	55	32530698	primary
PR01010	Lx	56	30189107	primary
PR01010	Lx	57	30073675	primary
PR01010	Lx	58	30001813	primary
PR01010	Lx	59	29521463	primary
PR01010	Lx	60	28933199	primary
PR01010	Lx	61	28519890	primary
PR01010	Lx	62	28450351	primary
PR01010	Lx	63	27686919	primary
PR01010	Lx	64	27289547	primary
PR01010	Lx	65	26310012	primary
PR01010	Lx	66	26114723	primary
PR01010	Lx	67	26104438	primary
PR01010	Lx	68	25931613	primary
PR01010	Lx	69	25880728	primary
PR01010	Lx	70	24485791	primary
PR01010	Lx	71	24311242	primary
PR01010	Lx	72	24147424	primary
PR01010	Lx	73	23050176	primary
PR01010	Lx	74	22761452	primary
PR01010	Lx	75	21300126	primary
PR01010	Lx	76	20907944	primary
PR01010	Lx	77	20507979	primary
PR01010	Lx	78	20426806	primary
PR01010	Lx	79	19531349	primary
PR01010	Lx	80	16578707	primary
PR01010	Lx	81	14916330	primary
PR01010	Lx	82	13652974	primary
PR01010	Lx	83	13248333	primary
PR01010	Lx	84	13151933	primary
PR01010	Lx	85	12628017	primary
PR01010	Lx	86	12376922	primary
PR01010	Lx	87	11276421	primary
PR01010	Lx	88	10132769	primary
PR01010	Lx	89	9010944	primary
PR01010	Lx	90	8919380	primary
PR01010	Lx	91	8328641	primary
PR01010	Lx	92	7039097	primary
PR01010	Lx	93	6126636	primary
PR01010	Lx	94	5360524	primary
PR01010	Lx	95	4319976	primary
PR01010	Lx	96	3882322	primary
PR01010	Lx	97	2841251	primary
PR01010	Lx	98	1978377	primary
PR01010	Lx	99	941366	primary
PR01010	Lx	100	14171	primary
PR01010	NGx	1	95292959	primary
PR01010	NGx	2	95292959	primary
PR01010	NGx	3	95292959	primary
PR01010	NGx	4	88160871	primary
PR01010	NGx	5	88160871	primary
PR01010	NGx	6	88160871	primary
PR01010	NGx	7	81767044	primary
PR01010	NGx	8	81767044	primary
PR01010	NGx	9	81725564	primary
PR01010	NGx	10	81725564	primary
PR01010	NGx	11	81725564	primary
PR01010	NGx	12	77701734	primary
PR01010	NGx	13	77701734	primary
PR01010	NGx	14	77701734	primary
PR01010	NGx	15	74693810	primary
PR01010	NGx	16	74693810	primary
PR01010	NGx	17	72229667	primary
PR01010	NGx	18	72229667	primary
PR01010	NGx	19	65373018	primary
PR01010	NGx	20	65373018	primary
PR01010	NGx	21	65373018	primary
PR01010	NGx	22	63937651	primary
PR01010	NGx	23	63937651	primary
PR01010	NGx	24	56830353	primary
PR01010	NGx	25	56830353	primary
PR01010	NGx	26	56766711	primary
PR01010	NGx	27	53322917	primary
PR01010	NGx	28	53322917	primary
PR01010	NGx	29	53100469	primary
PR01010	NGx	30	53100469	primary
PR01010	NGx	31	50875047	primary
PR01010	NGx	32	50875047	primary
PR01010	NGx	33	48775694	primary
PR01010	NGx	34	48763949	primary
PR01010	NGx	35	48763949	primary
PR01010	NGx	36	48329308	primary
PR01010	NGx	37	48329308	primary
PR01010	NGx	38	47973613	primary
PR01010	NGx	39	47171571	primary
PR01010	NGx	40	47171571	primary
PR01010	NGx	41	45388924	primary
PR01010	NGx	42	42634842	primary
PR01010	NGx	43	42634842	primary
PR01010	NGx	44	42013426	primary
PR01010	NGx	45	41709819	primary
PR01010	NGx	46	40716861	primary
PR01010	NGx	47	40716861	primary
PR01010	NGx	48	39315545	primary
PR01010	NGx	49	38980024	primary
PR01010	NGx	50	38735168	primary
PR01010	NGx	51	38735168	primary
PR01010	NGx	52	38194966	primary
PR01010	NGx	53	37518887	primary
PR01010	NGx	54	35294297	primary
PR01010	NGx	55	34871041	primary
PR01010	NGx	56	33275043	primary
PR01010	NGx	57	33275043	primary
PR01010	NGx	58	33108661	primary
PR01010	NGx	59	33069809	primary
PR01010	NGx	60	32530698	primary
PR01010	NGx	61	30189107	primary
PR01010	NGx	62	30073675	primary
PR01010	NGx	63	30001813	primary
PR01010	NGx	64	29521463	primary
PR01010	NGx	65	29218686	primary
PR01010	NGx	66	28933199	primary
PR01010	NGx	67	28519890	primary
PR01010	NGx	68	28450351	primary
PR01010	NGx	69	27289547	primary
PR01010	NGx	70	26310012	primary
PR01010	NGx	71	26201608	primary
PR01010	NGx	72	26114723	primary
PR01010	NGx	73	26104438	primary
PR01010	NGx	74	25931613	primary
PR01010	NGx	75	25880728	primary
PR01010	NGx	76	24485791	primary
PR01010	NGx	77	24311242	primary
PR01010	NGx	78	24147424	primary
PR01010	NGx	79	24049553	primary
PR01010	NGx	80	22761452	primary
PR01010	NGx	81	22101982	primary
PR01010	NGx	82	21300126	primary
PR01010	NGx	83	20649845	primary
PR01010	NGx	84	20507979	primary
PR01010	NGx	85	19998180	primary
PR01010	NGx	86	19531349	primary
PR01010	NGx	87	16578707	primary
PR01010	NGx	88	14916330	primary
PR01010	NGx	89	13652974	primary
PR01010	NGx	90	13318739	primary
PR01010	NGx	91	13203729	primary
PR01010	NGx	92	12678784	primary
PR01010	NGx	93	12402085	primary
PR01010	NGx	94	11743630	primary
PR01010	NGx	95	10985726	primary
PR01010	NGx	96	9837049	primary
PR01010	NGx	97	8988840	primary
PR01010	NGx	98	8856296	primary
PR01010	NGx	99	8328641	primary
PR01010	NGx	100	7043963	primary
PR01010	LGx	1	1	primary
PR01010	LGx	2	1	primary
PR01010	LGx	3	1	primary
PR01010	LGx	4	2	primary
PR01010	LGx	5	2	primary
PR01010	LGx	6	2	primary
PR01010	LGx	7	3	primary
PR01010	LGx	8	3	primary
PR01010	LGx	9	4	primary
PR01010	LGx	10	4	primary
PR01010	LGx	11	4	primary
PR01010	LGx	12	5	primary
PR01010	LGx	13	5	primary
PR01010	LGx	14	5	primary
PR01010	LGx	15	6	primary
PR01010	LGx	16	6	primary
PR01010	LGx	17	7	primary
PR01010	LGx	18	7	primary
PR01010	LGx	19	8	primary
PR01010	LGx	20	8	primary
PR01010	LGx	21	8	primary
PR01010	LGx	22	9	primary
PR01010	LGx	23	9	primary
PR01010	LGx	24	10	primary
PR01010	LGx	25	10	primary
PR01010	LGx	26	11	primary
PR01010	LGx	27	12	primary
PR01010	LGx	28	12	primary
PR01010	LGx	29	13	primary
PR01010	LGx	30	13	primary
PR01010	LGx	31	14	primary
PR01010	LGx	32	14	primary
PR01010	LGx	33	15	primary
PR01010	LGx	34	16	primary
PR01010	LGx	35	16	primary
PR01010	LGx	36	17	primary
PR01010	LGx	37	17	primary
PR01010	LGx	38	18	primary
PR01010	LGx	39	19	primary
PR01010	LGx	40	19	primary
PR01010	LGx	41	20	primary
PR01010	LGx	42	21	primary
PR01010	LGx	43	21	primary
PR01010	LGx	44	22	primary
PR01010	LGx	45	23	primary
PR01010	LGx	46	24	primary
PR01010	LGx	47	24	primary
PR01010	LGx	48	25	primary
PR01010	LGx	49	26	primary
PR01010	LGx	50	27	primary
PR01010	LGx	51	27	primary
PR01010	LGx	52	28	primary
PR01010	LGx	53	29	primary
PR01010	LGx	54	30	primary
PR01010	LGx	55	31	primary
PR01010	LGx	56	32	primary
PR01010	LGx	57	32	primary
PR01010	LGx	58	33	primary
PR01010	LGx	59	34	primary
PR01010	LGx	60	35	primary
PR01010	LGx	61	36	primary
PR01010	LGx	62	37	primary
PR01010	LGx	63	38	primary
PR01010	LGx	64	39	primary
PR01010	LGx	65	40	primary
PR01010	LGx	66	41	primary
PR01010	LGx	67	42	primary
PR01010	LGx	68	43	primary
PR01010	LGx	69	45	primary
PR01010	LGx	70	46	primary
PR01010	LGx	71	47	primary
PR01010	LGx	72	48	primary
PR01010	LGx	73	49	primary
PR01010	LGx	74	50	primary
PR01010	LGx	75	51	primary
PR01010	LGx	76	53	primary
PR01010	LGx	77	54	primary
PR01010	LGx	78	55	primary
PR01010	LGx	79	56	primary
PR01010	LGx	80	58	primary
PR01010	LGx	81	59	primary
PR01010	LGx	82	60	primary
PR01010	LGx	83	62	primary
PR01010	LGx	84	63	primary
PR01010	LGx	85	65	primary
PR01010	LGx	86	66	primary
PR01010	LGx	87	68	primary
PR01010	LGx	88	70	primary
PR01010	LGx	89	72	primary
PR01010	LGx	90	74	primary
PR01010	LGx	91	76	primary
PR01010	LGx	92	79	primary
PR01010	LGx	93	81	primary
PR01010	LGx	94	84	primary
PR01010	LGx	95	86	primary
PR01010	LGx	96	89	primary
PR01010	LGx	97	93	primary
PR01010	LGx	98	96	primary
PR01010	LGx	99	99	primary
PR01010	LGx	100	103	primary
GCF_002880755.1_Clint_PTRv2_genomic	auN	3018593705	2060.935	primary
GCF_002880755.1_Clint_PTRv2_genomic	auNG	3018593705	2060.935	primary
GCF_002880755.1_Clint_PTRv2_genomic	Nx	1	80443936	primary
GCF_002880755.1_Clint_PTRv2_genomic	Nx	2	80443936	primary
GCF_002880755.1_Clint_PTRv2_genomic	Nx	3	57643399	primary
GCF_002880755.1_Clint_PTRv2_genomic	Nx	4	57643399	primary
GCF_002880755.1_Clint_PTRv2_genomic	Nx	5	43674150	primary
GCF_002880755.1_Clint_PTRv2_genomic	Nx	6	43674150	primary
GCF_002880755.1_Clint_PTRv2_genomic	Nx	7	43057466	primary
GCF_002880755.1_Clint_PTRv2_genomic	Nx	8	38564971	primary
GCF_002880755.1_Clint_PTRv2_genomic	Nx	9	36877802	primary
GCF_002880755.1_Clint_PTRv2_genomic	Nx	10	36337070	primary
GCF_002880755.1_Clint_PTRv2_genomic	Nx	11	36337070	primary
GCF_002880755.1_Clint_PTRv2_genomic	Nx	12	34652539	primary
GCF_002880755.1_Clint_PTRv2_genomic	Nx	13	33804050	primary
GCF_002880755.1_Clint_PTRv2_genomic	Nx	14	33546130	primary
GCF_002880755.1_Clint_PTRv2_genomic	Nx	15	30332804	primary
GCF_002880755.1_Clint_PTRv2_genomic	Nx	16	28549076	primary
GCF_002880755.1_Clint_PTRv2_genomic	Nx	17	28530275	primary
GCF_002880755.1_Clint_PTRv2_genomic	Nx	18	28345970	primary
GCF_002880755.1_Clint_PTRv2_genomic	Nx	19	27585442	primary
GCF_002880755.1_Clint_PTRv2_genomic	Nx	20	26185173	primary
GCF_002880755.1_Clint_PTRv2_genomic	Nx	21	25900861	primary
GCF_002880755.1_Clint_PTRv2_genomic	Nx	22	25133461	primary
GCF_002880755.1_Clint_PTRv2_genomic	Nx	23	24925840	primary
GCF_002880755.1_Clint_PTRv2_genomic	Nx	24	24890809	primary
GCF_002880755.1_Clint_PTRv2_genomic	Nx	25	24343235	primary
GCF_002880755.1_Clint_PTRv2_genomic	Nx	26	21992741	primary
GCF_002880755.1_Clint_PTRv2_genomic	Nx	27	21911223	primary
GCF_002880755.1_Clint_PTRv2_genomic	Nx	28	21377125	primary
GCF_002880755.1_Clint_PTRv2_genomic	Nx	29	21094933	primary
GCF_002880755.1_Clint_PTRv2_genomic	Nx	30	20843880	primary
GCF_002880755.1_Clint_PTRv2_genomic	Nx	31	20345865	primary
GCF_002880755.1_Clint_PTRv2_genomic	Nx	32	19036705	primary
GCF_002880755.1_Clint_PTRv2_genomic	Nx	33	18522886	primary
GCF_002880755.1_Clint_PTRv2_genomic	Nx	34	18255753	primary
GCF_002880755.1_Clint_PTRv2_genomic	Nx	35	18018731	primary
GCF_002880755.1_Clint_PTRv2_genomic	Nx	36	18012134	primary
GCF_002880755.1_Clint_PTRv2_genomic	Nx	37	17957202	primary
GCF_002880755.1_Clint_PTRv2_genomic	Nx	38	17379358	primary
GCF_002880755.1_Clint_PTRv2_genomic	Nx	39	17147871	primary
GCF_002880755.1_Clint_PTRv2_genomic	Nx	40	16929436	primary
GCF_002880755.1_Clint_PTRv2_genomic	Nx	41	16415264	primary
GCF_002880755.1_Clint_PTRv2_genomic	Nx	42	16110180	primary
GCF_002880755.1_Clint_PTRv2_genomic	Nx	43	15625808	primary
GCF_002880755.1_Clint_PTRv2_genomic	Nx	44	15421589	primary
GCF_002880755.1_Clint_PTRv2_genomic	Nx	45	14984824	primary
GCF_002880755.1_Clint_PTRv2_genomic	Nx	46	14174859	primary
GCF_002880755.1_Clint_PTRv2_genomic	Nx	47	13181533	primary
GCF_002880755.1_Clint_PTRv2_genomic	Nx	48	13054281	primary
GCF_002880755.1_Clint_PTRv2_genomic	Nx	49	12504344	primary
GCF_002880755.1_Clint_PTRv2_genomic	Nx	50	12268568	primary
GCF_002880755.1_Clint_PTRv2_genomic	Nx	51	12091569	primary
GCF_002880755.1_Clint_PTRv2_genomic	Nx	52	11693463	primary
GCF_002880755.1_Clint_PTRv2_genomic	Nx	53	11372204	primary
GCF_002880755.1_Clint_PTRv2_genomic	Nx	54	11024959	primary
GCF_002880755.1_Clint_PTRv2_genomic	Nx	55	10707008	primary
GCF_002880755.1_Clint_PTRv2_genomic	Nx	56	10165144	primary
GCF_002880755.1_Clint_PTRv2_genomic	Nx	57	9848115	primary
GCF_002880755.1_Clint_PTRv2_genomic	Nx	58	9280842	primary
GCF_002880755.1_Clint_PTRv2_genomic	Nx	59	8992325	primary
GCF_002880755.1_Clint_PTRv2_genomic	Nx	60	8686045	primary
GCF_002880755.1_Clint_PTRv2_genomic	Nx	61	7991821	primary
GCF_002880755.1_Clint_PTRv2_genomic	Nx	62	7783337	primary
GCF_002880755.1_Clint_PTRv2_genomic	Nx	63	7659118	primary
GCF_002880755.1_Clint_PTRv2_genomic	Nx	64	7391323	primary
GCF_002880755.1_Clint_PTRv2_genomic	Nx	65	7140163	primary
GCF_002880755.1_Clint_PTRv2_genomic	Nx	66	6713202	primary
GCF_002880755.1_Clint_PTRv2_genomic	Nx	67	6323778	primary
GCF_002880755.1_Clint_PTRv2_genomic	Nx	68	5963716	primary
GCF_002880755.1_Clint_PTRv2_genomic	Nx	69	5642592	primary
GCF_002880755.1_Clint_PTRv2_genomic	Nx	70	5444274	primary
GCF_002880755.1_Clint_PTRv2_genomic	Nx	71	5346000	primary
GCF_002880755.1_Clint_PTRv2_genomic	Nx	72	5108778	primary
GCF_002880755.1_Clint_PTRv2_genomic	Nx	73	4769495	primary
GCF_002880755.1_Clint_PTRv2_genomic	Nx	74	4551211	primary
GCF_002880755.1_Clint_PTRv2_genomic	Nx	75	4201340	primary
GCF_002880755.1_Clint_PTRv2_genomic	Nx	76	4060788	primary
GCF_002880755.1_Clint_PTRv2_genomic	Nx	77	3844906	primary
GCF_002880755.1_Clint_PTRv2_genomic	Nx	78	3739790	primary
GCF_002880755.1_Clint_PTRv2_genomic	Nx	79	3534831	primary
GCF_002880755.1_Clint_PTRv2_genomic	Nx	80	3394360	primary
GCF_002880755.1_Clint_PTRv2_genomic	Nx	81	3151227	primary
GCF_002880755.1_Clint_PTRv2_genomic	Nx	82	2959231	primary
GCF_002880755.1_Clint_PTRv2_genomic	Nx	83	2767482	primary
GCF_002880755.1_Clint_PTRv2_genomic	Nx	84	2491091	primary
GCF_002880755.1_Clint_PTRv2_genomic	Nx	85	2243777	primary
GCF_002880755.1_Clint_PTRv2_genomic	Nx	86	2120134	primary
GCF_002880755.1_Clint_PTRv2_genomic	Nx	87	1777091	primary
GCF_002880755.1_Clint_PTRv2_genomic	Nx	88	1509525	primary
GCF_002880755.1_Clint_PTRv2_genomic	Nx	89	1292550	primary
GCF_002880755.1_Clint_PTRv2_genomic	Nx	90	1057646	primary
GCF_002880755.1_Clint_PTRv2_genomic	Nx	91	812380	primary
GCF_002880755.1_Clint_PTRv2_genomic	Nx	92	570082	primary
GCF_002880755.1_Clint_PTRv2_genomic	Nx	93	357715	primary
GCF_002880755.1_Clint_PTRv2_genomic	Nx	94	197061	primary
GCF_002880755.1_Clint_PTRv2_genomic	Nx	95	132387	primary
GCF_002880755.1_Clint_PTRv2_genomic	Nx	96	90950	primary
GCF_002880755.1_Clint_PTRv2_genomic	Nx	97	65107	primary
GCF_002880755.1_Clint_PTRv2_genomic	Nx	98	44551	primary
GCF_002880755.1_Clint_PTRv2_genomic	Nx	99	29243	primary
GCF_002880755.1_Clint_PTRv2_genomic	Nx	100	223	primary
GCF_002880755.1_Clint_PTRv2_genomic	Lx	1	80443936	primary
GCF_002880755.1_Clint_PTRv2_genomic	Lx	2	80443936	primary
GCF_002880755.1_Clint_PTRv2_genomic	Lx	3	57643399	primary
GCF_002880755.1_Clint_PTRv2_genomic	Lx	4	57643399	primary
GCF_002880755.1_Clint_PTRv2_genomic	Lx	5	43674150	primary
GCF_002880755.1_Clint_PTRv2_genomic	Lx	6	43674150	primary
GCF_002880755.1_Clint_PTRv2_genomic	Lx	7	43057466	primary
GCF_002880755.1_Clint_PTRv2_genomic	Lx	8	38564971	primary
GCF_002880755.1_Clint_PTRv2_genomic	Lx	9	36877802	primary
GCF_002880755.1_Clint_PTRv2_genomic	Lx	10	36337070	primary
GCF_002880755.1_Clint_PTRv2_genomic	Lx	11	36337070	primary
GCF_002880755.1_Clint_PTRv2_genomic	Lx	12	34652539	primary
GCF_002880755.1_Clint_PTRv2_genomic	Lx	13	33804050	primary
GCF_002880755.1_Clint_PTRv2_genomic	Lx	14	33546130	primary
GCF_002880755.1_Clint_PTRv2_genomic	Lx	15	30332804	primary
GCF_002880755.1_Clint_PTRv2_genomic	Lx	16	28549076	primary
GCF_002880755.1_Clint_PTRv2_genomic	Lx	17	28530275	primary
GCF_002880755.1_Clint_PTRv2_genomic	Lx	18	28345970	primary
GCF_002880755.1_Clint_PTRv2_genomic	Lx	19	27585442	primary
GCF_002880755.1_Clint_PTRv2_genomic	Lx	20	26185173	primary
GCF_002880755.1_Clint_PTRv2_genomic	Lx	21	25900861	primary
GCF_002880755.1_Clint_PTRv2_genomic	Lx	22	25133461	primary
GCF_002880755.1_Clint_PTRv2_genomic	Lx	23	24925840	primary
GCF_002880755.1_Clint_PTRv2_genomic	Lx	24	24890809	primary
GCF_002880755.1_Clint_PTRv2_genomic	Lx	25	24343235	primary
GCF_002880755.1_Clint_PTRv2_genomic	Lx	26	21992741	primary
GCF_002880755.1_Clint_PTRv2_genomic	Lx	27	21911223	primary
GCF_002880755.1_Clint_PTRv2_genomic	Lx	28	21377125	primary
GCF_002880755.1_Clint_PTRv2_genomic	Lx	29	21094933	primary
GCF_002880755.1_Clint_PTRv2_genomic	Lx	30	20843880	primary
GCF_002880755.1_Clint_PTRv2_genomic	Lx	31	20345865	primary
GCF_002880755.1_Clint_PTRv2_genomic	Lx	32	19036705	primary
GCF_002880755.1_Clint_PTRv2_genomic	Lx	33	18522886	primary
GCF_002880755.1_Clint_PTRv2_genomic	Lx	34	18255753	primary
GCF_002880755.1_Clint_PTRv2_genomic	Lx	35	18018731	primary
GCF_002880755.1_Clint_PTRv2_genomic	Lx	36	18012134	primary
GCF_002880755.1_Clint_PTRv2_genomic	Lx	37	17957202	primary
GCF_002880755.1_Clint_PTRv2_genomic	Lx	38	17379358	primary
GCF_002880755.1_Clint_PTRv2_genomic	Lx	39	17147871	primary
GCF_002880755.1_Clint_PTRv2_genomic	Lx	40	16929436	primary
GCF_002880755.1_Clint_PTRv2_genomic	Lx	41	16415264	primary
GCF_002880755.1_Clint_PTRv2_genomic	Lx	42	16110180	primary
GCF_002880755.1_Clint_PTRv2_genomic	Lx	43	15625808	primary
GCF_002880755.1_Clint_PTRv2_genomic	Lx	44	15421589	primary
GCF_002880755.1_Clint_PTRv2_genomic	Lx	45	14984824	primary
GCF_002880755.1_Clint_PTRv2_genomic	Lx	46	14174859	primary
GCF_002880755.1_Clint_PTRv2_genomic	Lx	47	13181533	primary
GCF_002880755.1_Clint_PTRv2_genomic	Lx	48	13054281	primary
GCF_002880755.1_Clint_PTRv2_genomic	Lx	49	12504344	primary
GCF_002880755.1_Clint_PTRv2_genomic	Lx	50	12268568	primary
GCF_002880755.1_Clint_PTRv2_genomic	Lx	51	12091569	primary
GCF_002880755.1_Clint_PTRv2_genomic	Lx	52	11693463	primary
GCF_002880755.1_Clint_PTRv2_genomic	Lx	53	11372204	primary
GCF_002880755.1_Clint_PTRv2_genomic	Lx	54	11024959	primary
GCF_002880755.1_Clint_PTRv2_genomic	Lx	55	10707008	primary
GCF_002880755.1_Clint_PTRv2_genomic	Lx	56	10165144	primary
GCF_002880755.1_Clint_PTRv2_genomic	Lx	57	9848115	primary
GCF_002880755.1_Clint_PTRv2_genomic	Lx	58	9280842	primary
GCF_002880755.1_Clint_PTRv2_genomic	Lx	59	8992325	primary
GCF_002880755.1_Clint_PTRv2_genomic	Lx	60	8686045	primary
GCF_002880755.1_Clint_PTRv2_genomic	Lx	61	7991821	primary
GCF_002880755.1_Clint_PTRv2_genomic	Lx	62	7783337	primary
GCF_002880755.1_Clint_PTRv2_genomic	Lx	63	7659118	primary
GCF_002880755.1_Clint_PTRv2_genomic	Lx	64	7391323	primary
GCF_002880755.1_Clint_PTRv2_genomic	Lx	65	7140163	primary
GCF_002880755.1_Clint_PTRv2_genomic	Lx	66	6713202	primary
GCF_002880755.1_Clint_PTRv2_genomic	Lx	67	6323778	primary
GCF_002880755.1_Clint_PTRv2_genomic	Lx	68	5963716	primary
GCF_002880755.1_Clint_PTRv2_genomic	Lx	69	5642592	primary
GCF_002880755.1_Clint_PTRv2_genomic	Lx	70	5444274	primary
GCF_002880755.1_Clint_PTRv2_genomic	Lx	71	5346000	primary
GCF_002880755.1_Clint_PTRv2_genomic	Lx	72	5108778	primary
GCF_002880755.1_Clint_PTRv2_genomic	Lx	73	4769495	primary
GCF_002880755.1_Clint_PTRv2_genomic	Lx	74	4551211	primary
GCF_002880755.1_Clint_PTRv2_genomic	Lx	75	4201340	primary
GCF_002880755.1_Clint_PTRv2_genomic	Lx	76	4060788	primary
GCF_002880755.1_Clint_PTRv2_genomic	Lx	77	3844906	primary
GCF_002880755.1_Clint_PTRv2_genomic	Lx	78	3739790	primary
GCF_002880755.1_Clint_PTRv2_genomic	Lx	79	3534831	primary
GCF_002880755.1_Clint_PTRv2_genomic	Lx	80	3394360	primary
GCF_002880755.1_Clint_PTRv2_genomic	Lx	81	3151227	primary
GCF_002880755.1_Clint_PTRv2_genomic	Lx	82	2959231	primary
GCF_002880755.1_Clint_PTRv2_genomic	Lx	83	2767482	primary
GCF_002880755.1_Clint_PTRv2_genomic	Lx	84	2491091	primary
GCF_002880755.1_Clint_PTRv2_genomic	Lx	85	2243777	primary
GCF_002880755.1_Clint_PTRv2_genomic	Lx	86	2120134	primary
GCF_002880755.1_Clint_PTRv2_genomic	Lx	87	1777091	primary
GCF_002880755.1_Clint_PTRv2_genomic	Lx	88	1509525	primary
GCF_002880755.1_Clint_PTRv2_genomic	Lx	89	1292550	primary
GCF_002880755.1_Clint_PTRv2_genomic	Lx	90	1057646	primary
GCF_002880755.1_Clint_PTRv2_genomic	Lx	91	812380	primary
GCF_002880755.1_Clint_PTRv2_genomic	Lx	92	570082	primary
GCF_002880755.1_Clint_PTRv2_genomic	Lx	93	357715	primary
GCF_002880755.1_Clint_PTRv2_genomic	Lx	94	197061	primary
GCF_002880755.1_Clint_PTRv2_genomic	Lx	95	132387	primary
GCF_002880755.1_Clint_PTRv2_genomic	Lx	96	90950	primary
GCF_002880755.1_Clint_PTRv2_genomic	Lx	97	65107	primary
GCF_002880755.1_Clint_PTRv2_genomic	Lx	98	44551	primary
GCF_002880755.1_Clint_PTRv2_genomic	Lx	99	29243	primary
GCF_002880755.1_Clint_PTRv2_genomic	Lx	100	223	primary
GCF_002880755.1_Clint_PTRv2_genomic	NGx	1	80443936	primary
GCF_002880755.1_Clint_PTRv2_genomic	NGx	2	80443936	primary
GCF_002880755.1_Clint_PTRv2_genomic	NGx	3	57643399	primary
GCF_002880755.1_Clint_PTRv2_genomic	NGx	4	57643399	primary
GCF_002880755.1_Clint_PTRv2_genomic	NGx	5	43674150	primary
GCF_002880755.1_Clint_PTRv2_genomic	NGx	6	43674150	primary
GCF_002880755.1_Clint_PTRv2_genomic	NGx	7	43057466	primary
GCF_002880755.1_Clint_PTRv2_genomic	NGx	8	38564971	primary
GCF_002880755.1_Clint_PTRv2_genomic	NGx	9	36877802	primary
GCF_002880755.1_Clint_PTRv2_genomic	NGx	10	36337070	primary
GCF_002880755.1_Clint_PTRv2_genomic	NGx	11	36337070	primary
GCF_002880755.1_Clint_PTRv2_genomic	NGx	12	34652539	primary
GCF_002880755.1_Clint_PTRv2_genomic	NGx	13	33804050	primary
GCF_002880755.1_Clint_PTRv2_genomic	NGx	14	33546130	primary
GCF_002880755.1_Clint_PTRv2_genomic	NGx	15	30332804	primary
GCF_002880755.1_Clint_PTRv2_genomic	NGx	16	28549076	primary
GCF_002880755.1_Clint_PTRv2_genomic	NGx	17	28530275	primary
GCF_002880755.1_Clint_PTRv2_genomic	NGx	18	28345970	primary
GCF_002880755.1_Clint_PTRv2_genomic	NGx	19	27585442	primary
GCF_002880755.1_Clint_PTRv2_genomic	NGx	20	26185173	primary
GCF_002880755.1_Clint_PTRv2_genomic	NGx	21	25900861	primary
GCF_002880755.1_Clint_PTRv2_genomic	NGx	22	25133461	primary
GCF_002880755.1_Clint_PTRv2_genomic	NGx	23	24925840	primary
GCF_002880755.1_Clint_PTRv2_genomic	NGx	24	24890809	primary
GCF_002880755.1_Clint_PTRv2_genomic	NGx	25	24343235	primary
GCF_002880755.1_Clint_PTRv2_genomic	NGx	26	21992741	primary
GCF_002880755.1_Clint_PTRv2_genomic	NGx	27	21911223	primary
GCF_002880755.1_Clint_PTRv2_genomic	NGx	28	21377125	primary
GCF_002880755.1_Clint_PTRv2_genomic	NGx	29	21094933	primary
GCF_002880755.1_Clint_PTRv2_genomic	NGx	30	20843880	primary
GCF_002880755.1_Clint_PTRv2_genomic	NGx	31	20345865	primary
GCF_002880755.1_Clint_PTRv2_genomic	NGx	32	19036705	primary
GCF_002880755.1_Clint_PTRv2_genomic	NGx	33	18522886	primary
GCF_002880755.1_Clint_PTRv2_genomic	NGx	34	18255753	primary
GCF_002880755.1_Clint_PTRv2_genomic	NGx	35	18018731	primary
GCF_002880755.1_Clint_PTRv2_genomic	NGx	36	18012134	primary
GCF_002880755.1_Clint_PTRv2_genomic	NGx	37	17957202	primary
GCF_002880755.1_Clint_PTRv2_genomic	NGx	38	17379358	primary
GCF_002880755.1_Clint_PTRv2_genomic	NGx	39	17147871	primary
GCF_002880755.1_Clint_PTRv2_genomic	NGx	40	16929436	primary
GCF_002880755.1_Clint_PTRv2_genomic	NGx	41	16415264	primary
GCF_002880755.1_Clint_PTRv2_genomic	NGx	42	16110180	primary
GCF_002880755.1_Clint_PTRv2_genomic	NGx	43	15625808	primary
GCF_002880755.1_Clint_PTRv2_genomic	NGx	44	15421589	primary
GCF_002880755.1_Clint_PTRv2_genomic	NGx	45	14984824	primary
GCF_002880755.1_Clint_PTRv2_genomic	NGx	46	14174859	primary
GCF_002880755.1_Clint_PTRv2_genomic	NGx	47	13181533	primary
GCF_002880755.1_Clint_PTRv2_genomic	NGx	48	13054281	primary
GCF_002880755.1_Clint_PTRv2_genomic	NGx	49	12504344	primary
GCF_002880755.1_Clint_PTRv2_genomic	NGx	50	12268568	primary
GCF_002880755.1_Clint_PTRv2_genomic	NGx	51	12091569	primary
GCF_002880755.1_Clint_PTRv2_genomic	NGx	52	11693463	primary
GCF_002880755.1_Clint_PTRv2_genomic	NGx	53	11372204	primary
GCF_002880755.1_Clint_PTRv2_genomic	NGx	54	11024959	primary
GCF_002880755.1_Clint_PTRv2_genomic	NGx	55	10707008	primary
GCF_002880755.1_Clint_PTRv2_genomic	NGx	56	10165144	primary
GCF_002880755.1_Clint_PTRv2_genomic	NGx	57	9848115	primary
GCF_002880755.1_Clint_PTRv2_genomic	NGx	58	9280842	primary
GCF_002880755.1_Clint_PTRv2_genomic	NGx	59	8992325	primary
GCF_002880755.1_Clint_PTRv2_genomic	NGx	60	8686045	primary
GCF_002880755.1_Clint_PTRv2_genomic	NGx	61	7991821	primary
GCF_002880755.1_Clint_PTRv2_genomic	NGx	62	7783337	primary
GCF_002880755.1_Clint_PTRv2_genomic	NGx	63	7659118	primary
GCF_002880755.1_Clint_PTRv2_genomic	NGx	64	7391323	primary
GCF_002880755.1_Clint_PTRv2_genomic	NGx	65	7140163	primary
GCF_002880755.1_Clint_PTRv2_genomic	NGx	66	6713202	primary
GCF_002880755.1_Clint_PTRv2_genomic	NGx	67	6323778	primary
GCF_002880755.1_Clint_PTRv2_genomic	NGx	68	5963716	primary
GCF_002880755.1_Clint_PTRv2_genomic	NGx	69	5642592	primary
GCF_002880755.1_Clint_PTRv2_genomic	NGx	70	5444274	primary
GCF_002880755.1_Clint_PTRv2_genomic	NGx	71	5346000	primary
GCF_002880755.1_Clint_PTRv2_genomic	NGx	72	5108778	primary
GCF_002880755.1_Clint_PTRv2_genomic	NGx	73	4769495	primary
GCF_002880755.1_Clint_PTRv2_genomic	NGx	74	4551211	primary
GCF_002880755.1_Clint_PTRv2_genomic	NGx	75	4201340	primary
GCF_002880755.1_Clint_PTRv2_genomic	NGx	76	4060788	primary
GCF_002880755.1_Clint_PTRv2_genomic	NGx	77	3844906	primary
GCF_002880755.1_Clint_PTRv2_genomic	NGx	78	3739790	primary
GCF_002880755.1_Clint_PTRv2_genomic	NGx	79	3534831	primary
GCF_002880755.1_Clint_PTRv2_genomic	NGx	80	3394360	primary
GCF_002880755.1_Clint_PTRv2_genomic	NGx	81	3151227	primary
GCF_002880755.1_Clint_PTRv2_genomic	NGx	82	2959231	primary
GCF_002880755.1_Clint_PTRv2_genomic	NGx	83	2767482	primary
GCF_002880755.1_Clint_PTRv2_genomic	NGx	84	2491091	primary
GCF_002880755.1_Clint_PTRv2_genomic	NGx	85	2243777	primary
GCF_002880755.1_Clint_PTRv2_genomic	NGx	86	2120134	primary
GCF_002880755.1_Clint_PTRv2_genomic	NGx	87	1777091	primary
GCF_002880755.1_Clint_PTRv2_genomic	NGx	88	1509525	primary
GCF_002880755.1_Clint_PTRv2_genomic	NGx	89	1292550	primary
GCF_002880755.1_Clint_PTRv2_genomic	NGx	90	1057646	primary
GCF_002880755.1_Clint_PTRv2_genomic	NGx	91	812380	primary
GCF_002880755.1_Clint_PTRv2_genomic	NGx	92	570082	primary
GCF_002880755.1_Clint_PTRv2_genomic	NGx	93	357715	primary
GCF_002880755.1_Clint_PTRv2_genomic	NGx	94	197061	primary
GCF_002880755.1_Clint_PTRv2_genomic	NGx	95	132387	primary
GCF_002880755.1_Clint_PTRv2_genomic	NGx	96	90950	primary
GCF_002880755.1_Clint_PTRv2_genomic	NGx	97	65107	primary
GCF_002880755.1_Clint_PTRv2_genomic	NGx	98	44551	primary
GCF_002880755.1_Clint_PTRv2_genomic	NGx	99	29243	primary
GCF_002880755.1_Clint_PTRv2_genomic	NGx	100	223	primary
GCF_002880755.1_Clint_PTRv2_genomic	LGx	1	1	primary
GCF_002880755.1_Clint_PTRv2_genomic	LGx	2	1	primary
GCF_002880755.1_Clint_PTRv2_genomic	LGx	3	2	primary
GCF_002880755.1_Clint_PTRv2_genomic	LGx	4	2	primary
GCF_002880755.1_Clint_PTRv2_genomic	LGx	5	3	primary
GCF_002880755.1_Clint_PTRv2_genomic	LGx	6	3	primary
GCF_002880755.1_Clint_PTRv2_genomic	LGx	7	4	primary
GCF_002880755.1_Clint_PTRv2_genomic	LGx	8	5	primary
GCF_002880755.1_Clint_PTRv2_genomic	LGx	9	6	primary
GCF_002880755.1_Clint_PTRv2_genomic	LGx	10	7	primary
GCF_002880755.1_Clint_PTRv2_genomic	LGx	11	7	primary
GCF_002880755.1_Clint_PTRv2_genomic	LGx	12	8	primary
GCF_002880755.1_Clint_PTRv2_genomic	LGx	13	9	primary
GCF_002880755.1_Clint_PTRv2_genomic	LGx	14	10	primary
GCF_002880755.1_Clint_PTRv2_genomic	LGx	15	11	primary
GCF_002880755.1_Clint_PTRv2_genomic	LGx	16	12	primary
GCF_002880755.1_Clint_PTRv2_genomic	LGx	17	13	primary
GCF_002880755.1_Clint_PTRv2_genomic	LGx	18	14	primary
GCF_002880755.1_Clint_PTRv2_genomic	LGx	19	15	primary
GCF_002880755.1_Clint_PTRv2_genomic	LGx	20	16	primary
GCF_002880755.1_Clint_PTRv2_genomic	LGx	21	17	primary
GCF_002880755.1_Clint_PTRv2_genomic	LGx	22	19	primary
GCF_002880755.1_Clint_PTRv2_genomic	LGx	23	20	primary
GCF_002880755.1_Clint_PTRv2_genomic	LGx	24	21	primary
GCF_002880755.1_Clint_PTRv2_genomic	LGx	25	22	primary
GCF_002880755.1_Clint_PTRv2_genomic	LGx	26	24	primary
GCF_002880755.1_Clint_PTRv2_genomic	LGx	27	25	primary
GCF_002880755.1_Clint_PTRv2_genomic	LGx	28	26	primary
GCF_002880755.1_Clint_PTRv2_genomic	LGx	29	28	primary
GCF_002880755.1_Clint_PTRv2_genomic	LGx	30	29	primary
GCF_002880755.1_Clint_PTRv2_genomic	LGx	31	31	primary
GCF_002880755.1_Clint_PTRv2_genomic	LGx	32	32	primary
GCF_002880755.1_Clint_PTRv2_genomic	LGx	33	34	primary
GCF_002880755.1_Clint_PTRv2_genomic	LGx	34	36	primary
GCF_002880755.1_Clint_PTRv2_genomic	LGx	35	37	primary
GCF_002880755.1_Clint_PTRv2_genomic	LGx	36	39	primary
GCF_002880755.1_Clint_PTRv2_genomic	LGx	37	41	primary
GCF_002880755.1_Clint_PTRv2_genomic	LGx	38	42	primary
GCF_002880755.1_Clint_PTRv2_genomic	LGx	39	44	primary
GCF_002880755.1_Clint_PTRv2_genomic	LGx	40	46	primary
GCF_002880755.1_Clint_PTRv2_genomic	LGx	41	48	primary
GCF_002880755.1_Clint_PTRv2_genomic	LGx	42	49	primary
GCF_002880755.1_Clint_PTRv2_genomic	LGx	43	51	primary
GCF_002880755.1_Clint_PTRv2_genomic	LGx	44	53	primary
GCF_002880755.1_Clint_PTRv2_genomic	LGx	45	55	primary
GCF_002880755.1_Clint_PTRv2_genomic	LGx	46	57	primary
GCF_002880755.1_Clint_PTRv2_genomic	LGx	47	60	primary
GCF_002880755.1_Clint_PTRv2_genomic	LGx	48	62	primary
GCF_002880755.1_Clint_PTRv2_genomic	LGx	49	64	primary
GCF_002880755.1_Clint_PTRv2_genomic	LGx	50	67	primary
GCF_002880755.1_Clint_PTRv2_genomic	LGx	51	69	primary
GCF_002880755.1_Clint_PTRv2_genomic	LGx	52	72	primary
GCF_002880755.1_Clint_PTRv2_genomic	LGx	53	74	primary
GCF_002880755.1_Clint_PTRv2_genomic	LGx	54	77	primary
GCF_002880755.1_Clint_PTRv2_genomic	LGx	55	80	primary
GCF_002880755.1_Clint_PTRv2_genomic	LGx	56	83	primary
GCF_002880755.1_Clint_PTRv2_genomic	LGx	57	86	primary
GCF_002880755.1_Clint_PTRv2_genomic	LGx	58	89	primary
GCF_002880755.1_Clint_PTRv2_genomic	LGx	59	92	primary
GCF_002880755.1_Clint_PTRv2_genomic	LGx	60	96	primary
GCF_002880755.1_Clint_PTRv2_genomic	LGx	61	99	primary
GCF_002880755.1_Clint_PTRv2_genomic	LGx	62	103	primary
GCF_002880755.1_Clint_PTRv2_genomic	LGx	63	107	primary
GCF_002880755.1_Clint_PTRv2_genomic	LGx	64	111	primary
GCF_002880755.1_Clint_PTRv2_genomic	LGx	65	115	primary
GCF_002880755.1_Clint_PTRv2_genomic	LGx	66	120	primary
GCF_002880755.1_Clint_PTRv2_genomic	LGx	67	124	primary
GCF_002880755.1_Clint_PTRv2_genomic	LGx	68	129	primary
GCF_002880755.1_Clint_PTRv2_genomic	LGx	69	134	primary
GCF_002880755.1_Clint_PTRv2_genomic	LGx	70	140	primary
GCF_002880755.1_Clint_PTRv2_genomic	LGx	71	145	primary
GCF_002880755.1_Clint_PTRv2_genomic	LGx	72	151	primary
GCF_002880755.1_Clint_PTRv2_genomic	LGx	73	157	primary
GCF_002880755.1_Clint_PTRv2_genomic	LGx	74	164	primary
GCF_002880755.1_Clint_PTRv2_genomic	LGx	75	171	primary
GCF_002880755.1_Clint_PTRv2_genomic	LGx	76	178	primary
GCF_002880755.1_Clint_PTRv2_genomic	LGx	77	186	primary
GCF_002880755.1_Clint_PTRv2_genomic	LGx	78	194	primary
GCF_002880755.1_Clint_PTRv2_genomic	LGx	79	202	primary
GCF_002880755.1_Clint_PTRv2_genomic	LGx	80	211	primary
GCF_002880755.1_Clint_PTRv2_genomic	LGx	81	220	primary
GCF_002880755.1_Clint_PTRv2_genomic	LGx	82	230	primary
GCF_002880755.1_Clint_PTRv2_genomic	LGx	83	240	primary
GCF_002880755.1_Clint_PTRv2_genomic	LGx	84	251	primary
GCF_002880755.1_Clint_PTRv2_genomic	LGx	85	264	primary
GCF_002880755.1_Clint_PTRv2_genomic	LGx	86	278	primary
GCF_002880755.1_Clint_PTRv2_genomic	LGx	87	294	primary
GCF_002880755.1_Clint_PTRv2_genomic	LGx	88	312	primary
GCF_002880755.1_Clint_PTRv2_genomic	LGx	89	333	primary
GCF_002880755.1_Clint_PTRv2_genomic	LGx	90	359	primary
GCF_002880755.1_Clint_PTRv2_genomic	LGx	91	391	primary
GCF_002880755.1_Clint_PTRv2_genomic	LGx	92	434	primary
GCF_002880755.1_Clint_PTRv2_genomic	LGx	93	502	primary
GCF_002880755.1_Clint_PTRv2_genomic	LGx	94	616	primary
GCF_002880755.1_Clint_PTRv2_genomic	LGx	95	805	primary
GCF_002880755.1_Clint_PTRv2_genomic	LGx	96	1084	primary
GCF_002880755.1_Clint_PTRv2_genomic	LGx	97	1479	primary
GCF_002880755.1_Clint_PTRv2_genomic	LGx	98	2034	primary
GCF_002880755.1_Clint_PTRv2_genomic	LGx	99	2868	primary
GCF_002880755.1_Clint_PTRv2_genomic	LGx	100	5061	primary
GCA_013052645.3_Mhudiblu_PPA_v2	auN	3073728508	2812.0173	primary
GCA_013052645.3_Mhudiblu_PPA_v2	auNG	3018593705	2863.379	primary
GCA_013052645.3_Mhudiblu_PPA_v2	Nx	1	75426312	primary
GCA_013052645.3_Mhudiblu_PPA_v2	Nx	2	75426312	primary
GCA_013052645.3_Mhudiblu_PPA_v2	Nx	3	62145061	primary
GCA_013052645.3_Mhudiblu_PPA_v2	Nx	4	62145061	primary
GCA_013052645.3_Mhudiblu_PPA_v2	Nx	5	60129203	primary
GCA_013052645.3_Mhudiblu_PPA_v2	Nx	6	60129203	primary
GCA_013052645.3_Mhudiblu_PPA_v2	Nx	7	57202581	primary
GCA_013052645.3_Mhudiblu_PPA_v2	Nx	8	57202581	primary
GCA_013052645.3_Mhudiblu_PPA_v2	Nx	9	56598989	primary
GCA_013052645.3_Mhudiblu_PPA_v2	Nx	10	56598989	primary
GCA_013052645.3_Mhudiblu_PPA_v2	Nx	11	53826644	primary
GCA_013052645.3_Mhudiblu_PPA_v2	Nx	12	44581106	primary
GCA_013052645.3_Mhudiblu_PPA_v2	Nx	13	44581106	primary
GCA_013052645.3_Mhudiblu_PPA_v2	Nx	14	43588933	primary
GCA_013052645.3_Mhudiblu_PPA_v2	Nx	15	42938230	primary
GCA_013052645.3_Mhudiblu_PPA_v2	Nx	16	42938230	primary
GCA_013052645.3_Mhudiblu_PPA_v2	Nx	17	39633151	primary
GCA_013052645.3_Mhudiblu_PPA_v2	Nx	18	38136629	primary
GCA_013052645.3_Mhudiblu_PPA_v2	Nx	19	32633871	primary
GCA_013052645.3_Mhudiblu_PPA_v2	Nx	20	32606380	primary
GCA_013052645.3_Mhudiblu_PPA_v2	Nx	21	32198754	primary
GCA_013052645.3_Mhudiblu_PPA_v2	Nx	22	32032471	primary
GCA_013052645.3_Mhudiblu_PPA_v2	Nx	23	31855413	primary
GCA_013052645.3_Mhudiblu_PPA_v2	Nx	24	30617047	primary
GCA_013052645.3_Mhudiblu_PPA_v2	Nx	25	29020576	primary
GCA_013052645.3_Mhudiblu_PPA_v2	Nx	26	28852348	primary
GCA_013052645.3_Mhudiblu_PPA_v2	Nx	27	28761085	primary
GCA_013052645.3_Mhudiblu_PPA_v2	Nx	28	28084624	primary
GCA_013052645.3_Mhudiblu_PPA_v2	Nx	29	27551481	primary
GCA_013052645.3_Mhudiblu_PPA_v2	Nx	30	27163934	primary
GCA_013052645.3_Mhudiblu_PPA_v2	Nx	31	26401067	primary
GCA_013052645.3_Mhudiblu_PPA_v2	Nx	32	26357117	primary
GCA_013052645.3_Mhudiblu_PPA_v2	Nx	33	25362805	primary
GCA_013052645.3_Mhudiblu_PPA_v2	Nx	34	24149608	primary
GCA_013052645.3_Mhudiblu_PPA_v2	Nx	35	23821506	primary
GCA_013052645.3_Mhudiblu_PPA_v2	Nx	36	23639943	primary
GCA_013052645.3_Mhudiblu_PPA_v2	Nx	37	22724375	primary
GCA_013052645.3_Mhudiblu_PPA_v2	Nx	38	22655711	primary
GCA_013052645.3_Mhudiblu_PPA_v2	Nx	39	22333267	primary
GCA_013052645.3_Mhudiblu_PPA_v2	Nx	40	21864608	primary
GCA_013052645.3_Mhudiblu_PPA_v2	Nx	41	21856380	primary
GCA_013052645.3_Mhudiblu_PPA_v2	Nx	42	20511897	primary
GCA_013052645.3_Mhudiblu_PPA_v2	Nx	43	19607211	primary
GCA_013052645.3_Mhudiblu_PPA_v2	Nx	44	18391963	primary
GCA_013052645.3_Mhudiblu_PPA_v2	Nx	45	18127911	primary
GCA_013052645.3_Mhudiblu_PPA_v2	Nx	46	17500995	primary
GCA_013052645.3_Mhudiblu_PPA_v2	Nx	47	16076653	primary
GCA_013052645.3_Mhudiblu_PPA_v2	Nx	48	15941406	primary
GCA_013052645.3_Mhudiblu_PPA_v2	Nx	49	15568404	primary
GCA_013052645.3_Mhudiblu_PPA_v2	Nx	50	15060309	primary
GCA_013052645.3_Mhudiblu_PPA_v2	Nx	51	14720374	primary
GCA_013052645.3_Mhudiblu_PPA_v2	Nx	52	14180927	primary
GCA_013052645.3_Mhudiblu_PPA_v2	Nx	53	13414898	primary
GCA_013052645.3_Mhudiblu_PPA_v2	Nx	54	12532605	primary
GCA_013052645.3_Mhudiblu_PPA_v2	Nx	55	12224960	primary
GCA_013052645.3_Mhudiblu_PPA_v2	Nx	56	11475291	primary
GCA_013052645.3_Mhudiblu_PPA_v2	Nx	57	11401227	primary
GCA_013052645.3_Mhudiblu_PPA_v2	Nx	58	11279136	primary
GCA_013052645.3_Mhudiblu_PPA_v2	Nx	59	11005134	primary
GCA_013052645.3_Mhudiblu_PPA_v2	Nx	60	10604415	primary
GCA_013052645.3_Mhudiblu_PPA_v2	Nx	61	10313804	primary
GCA_013052645.3_Mhudiblu_PPA_v2	Nx	62	9648975	primary
GCA_013052645.3_Mhudiblu_PPA_v2	Nx	63	9222431	primary
GCA_013052645.3_Mhudiblu_PPA_v2	Nx	64	8926279	primary
GCA_013052645.3_Mhudiblu_PPA_v2	Nx	65	8558528	primary
GCA_013052645.3_Mhudiblu_PPA_v2	Nx	66	8148877	primary
GCA_013052645.3_Mhudiblu_PPA_v2	Nx	67	7889089	primary
GCA_013052645.3_Mhudiblu_PPA_v2	Nx	68	7465859	primary
GCA_013052645.3_Mhudiblu_PPA_v2	Nx	69	7238351	primary
GCA_013052645.3_Mhudiblu_PPA_v2	Nx	70	6901800	primary
GCA_013052645.3_Mhudiblu_PPA_v2	Nx	71	6435112	primary
GCA_013052645.3_Mhudiblu_PPA_v2	Nx	72	5892101	primary
GCA_013052645.3_Mhudiblu_PPA_v2	Nx	73	5714680	primary
GCA_013052645.3_Mhudiblu_PPA_v2	Nx	74	5069731	primary
GCA_013052645.3_Mhudiblu_PPA_v2	Nx	75	4929469	primary
GCA_013052645.3_Mhudiblu_PPA_v2	Nx	76	4674730	primary
GCA_013052645.3_Mhudiblu_PPA_v2	Nx	77	4360448	primary
GCA_013052645.3_Mhudiblu_PPA_v2	Nx	78	3977698	primary
GCA_013052645.3_Mhudiblu_PPA_v2	Nx	79	3694584	primary
GCA_013052645.3_Mhudiblu_PPA_v2	Nx	80	3539636	primary
GCA_013052645.3_Mhudiblu_PPA_v2	Nx	81	3377376	primary
GCA_013052645.3_Mhudiblu_PPA_v2	Nx	82	3018517	primary
GCA_013052645.3_Mhudiblu_PPA_v2	Nx	83	2804280	primary
GCA_013052645.3_Mhudiblu_PPA_v2	Nx	84	2263110	primary
GCA_013052645.3_Mhudiblu_PPA_v2	Nx	85	1761126	primary
GCA_013052645.3_Mhudiblu_PPA_v2	Nx	86	1413744	primary
GCA_013052645.3_Mhudiblu_PPA_v2	Nx	87	1099013	primary
GCA_013052645.3_Mhudiblu_PPA_v2	Nx	88	769304	primary
GCA_013052645.3_Mhudiblu_PPA_v2	Nx	89	547997	primary
GCA_013052645.3_Mhudiblu_PPA_v2	Nx	90	385809	primary
GCA_013052645.3_Mhudiblu_PPA_v2	Nx	91	268447	primary
GCA_013052645.3_Mhudiblu_PPA_v2	Nx	92	191003	primary
GCA_013052645.3_Mhudiblu_PPA_v2	Nx	93	143195	primary
GCA_013052645.3_Mhudiblu_PPA_v2	Nx	94	103893	primary
GCA_013052645.3_Mhudiblu_PPA_v2	Nx	95	78491	primary
GCA_013052645.3_Mhudiblu_PPA_v2	Nx	96	61323	primary
GCA_013052645.3_Mhudiblu_PPA_v2	Nx	97	48959	primary
GCA_013052645.3_Mhudiblu_PPA_v2	Nx	98	38461	primary
GCA_013052645.3_Mhudiblu_PPA_v2	Nx	99	28249	primary
GCA_013052645.3_Mhudiblu_PPA_v2	Nx	100	1	primary
GCA_013052645.3_Mhudiblu_PPA_v2	Lx	1	75426312	primary
GCA_013052645.3_Mhudiblu_PPA_v2	Lx	2	75426312	primary
GCA_013052645.3_Mhudiblu_PPA_v2	Lx	3	62145061	primary
GCA_013052645.3_Mhudiblu_PPA_v2	Lx	4	62145061	primary
GCA_013052645.3_Mhudiblu_PPA_v2	Lx	5	60129203	primary
GCA_013052645.3_Mhudiblu_PPA_v2	Lx	6	60129203	primary
GCA_013052645.3_Mhudiblu_PPA_v2	Lx	7	57202581	primary
GCA_013052645.3_Mhudiblu_PPA_v2	Lx	8	57202581	primary
GCA_013052645.3_Mhudiblu_PPA_v2	Lx	9	56598989	primary
GCA_013052645.3_Mhudiblu_PPA_v2	Lx	10	56598989	primary
GCA_013052645.3_Mhudiblu_PPA_v2	Lx	11	53826644	primary
GCA_013052645.3_Mhudiblu_PPA_v2	Lx	12	44581106	primary
GCA_013052645.3_Mhudiblu_PPA_v2	Lx	13	44581106	primary
GCA_013052645.3_Mhudiblu_PPA_v2	Lx	14	43588933	primary
GCA_013052645.3_Mhudiblu_PPA_v2	Lx	15	42938230	primary
GCA_013052645.3_Mhudiblu_PPA_v2	Lx	16	42938230	primary
GCA_013052645.3_Mhudiblu_PPA_v2	Lx	17	39633151	primary
GCA_013052645.3_Mhudiblu_PPA_v2	Lx	18	38136629	primary
GCA_013052645.3_Mhudiblu_PPA_v2	Lx	19	32633871	primary
GCA_013052645.3_Mhudiblu_PPA_v2	Lx	20	32606380	primary
GCA_013052645.3_Mhudiblu_PPA_v2	Lx	21	32198754	primary
GCA_013052645.3_Mhudiblu_PPA_v2	Lx	22	32032471	primary
GCA_013052645.3_Mhudiblu_PPA_v2	Lx	23	31855413	primary
GCA_013052645.3_Mhudiblu_PPA_v2	Lx	24	30617047	primary
GCA_013052645.3_Mhudiblu_PPA_v2	Lx	25	29020576	primary
GCA_013052645.3_Mhudiblu_PPA_v2	Lx	26	28852348	primary
GCA_013052645.3_Mhudiblu_PPA_v2	Lx	27	28761085	primary
GCA_013052645.3_Mhudiblu_PPA_v2	Lx	28	28084624	primary
GCA_013052645.3_Mhudiblu_PPA_v2	Lx	29	27551481	primary
GCA_013052645.3_Mhudiblu_PPA_v2	Lx	30	27163934	primary
GCA_013052645.3_Mhudiblu_PPA_v2	Lx	31	26401067	primary
GCA_013052645.3_Mhudiblu_PPA_v2	Lx	32	26357117	primary
GCA_013052645.3_Mhudiblu_PPA_v2	Lx	33	25362805	primary
GCA_013052645.3_Mhudiblu_PPA_v2	Lx	34	24149608	primary
GCA_013052645.3_Mhudiblu_PPA_v2	Lx	35	23821506	primary
GCA_013052645.3_Mhudiblu_PPA_v2	Lx	36	23639943	primary
GCA_013052645.3_Mhudiblu_PPA_v2	Lx	37	22724375	primary
GCA_013052645.3_Mhudiblu_PPA_v2	Lx	38	22655711	primary
GCA_013052645.3_Mhudiblu_PPA_v2	Lx	39	22333267	primary
GCA_013052645.3_Mhudiblu_PPA_v2	Lx	40	21864608	primary
GCA_013052645.3_Mhudiblu_PPA_v2	Lx	41	21856380	primary
GCA_013052645.3_Mhudiblu_PPA_v2	Lx	42	20511897	primary
GCA_013052645.3_Mhudiblu_PPA_v2	Lx	43	19607211	primary
GCA_013052645.3_Mhudiblu_PPA_v2	Lx	44	18391963	primary
GCA_013052645.3_Mhudiblu_PPA_v2	Lx	45	18127911	primary
GCA_013052645.3_Mhudiblu_PPA_v2	Lx	46	17500995	primary
GCA_013052645.3_Mhudiblu_PPA_v2	Lx	47	16076653	primary
GCA_013052645.3_Mhudiblu_PPA_v2	Lx	48	15941406	primary
GCA_013052645.3_Mhudiblu_PPA_v2	Lx	49	15568404	primary
GCA_013052645.3_Mhudiblu_PPA_v2	Lx	50	15060309	primary
GCA_013052645.3_Mhudiblu_PPA_v2	Lx	51	14720374	primary
GCA_013052645.3_Mhudiblu_PPA_v2	Lx	52	14180927	primary
GCA_013052645.3_Mhudiblu_PPA_v2	Lx	53	13414898	primary
GCA_013052645.3_Mhudiblu_PPA_v2	Lx	54	12532605	primary
GCA_013052645.3_Mhudiblu_PPA_v2	Lx	55	12224960	primary
GCA_013052645.3_Mhudiblu_PPA_v2	Lx	56	11475291	primary
GCA_013052645.3_Mhudiblu_PPA_v2	Lx	57	11401227	primary
GCA_013052645.3_Mhudiblu_PPA_v2	Lx	58	11279136	primary
GCA_013052645.3_Mhudiblu_PPA_v2	Lx	59	11005134	primary
GCA_013052645.3_Mhudiblu_PPA_v2	Lx	60	10604415	primary
GCA_013052645.3_Mhudiblu_PPA_v2	Lx	61	10313804	primary
GCA_013052645.3_Mhudiblu_PPA_v2	Lx	62	9648975	primary
GCA_013052645.3_Mhudiblu_PPA_v2	Lx	63	9222431	primary
GCA_013052645.3_Mhudiblu_PPA_v2	Lx	64	8926279	primary
GCA_013052645.3_Mhudiblu_PPA_v2	Lx	65	8558528	primary
GCA_013052645.3_Mhudiblu_PPA_v2	Lx	66	8148877	primary
GCA_013052645.3_Mhudiblu_PPA_v2	Lx	67	7889089	primary
GCA_013052645.3_Mhudiblu_PPA_v2	Lx	68	7465859	primary
GCA_013052645.3_Mhudiblu_PPA_v2	Lx	69	7238351	primary
GCA_013052645.3_Mhudiblu_PPA_v2	Lx	70	6901800	primary
GCA_013052645.3_Mhudiblu_PPA_v2	Lx	71	6435112	primary
GCA_013052645.3_Mhudiblu_PPA_v2	Lx	72	5892101	primary
GCA_013052645.3_Mhudiblu_PPA_v2	Lx	73	5714680	primary
GCA_013052645.3_Mhudiblu_PPA_v2	Lx	74	5069731	primary
GCA_013052645.3_Mhudiblu_PPA_v2	Lx	75	4929469	primary
GCA_013052645.3_Mhudiblu_PPA_v2	Lx	76	4674730	primary
GCA_013052645.3_Mhudiblu_PPA_v2	Lx	77	4360448	primary
GCA_013052645.3_Mhudiblu_PPA_v2	Lx	78	3977698	primary
GCA_013052645.3_Mhudiblu_PPA_v2	Lx	79	3694584	primary
GCA_013052645.3_Mhudiblu_PPA_v2	Lx	80	3539636	primary
GCA_013052645.3_Mhudiblu_PPA_v2	Lx	81	3377376	primary
GCA_013052645.3_Mhudiblu_PPA_v2	Lx	82	3018517	primary
GCA_013052645.3_Mhudiblu_PPA_v2	Lx	83	2804280	primary
GCA_013052645.3_Mhudiblu_PPA_v2	Lx	84	2263110	primary
GCA_013052645.3_Mhudiblu_PPA_v2	Lx	85	1761126	primary
GCA_013052645.3_Mhudiblu_PPA_v2	Lx	86	1413744	primary
GCA_013052645.3_Mhudiblu_PPA_v2	Lx	87	1099013	primary
GCA_013052645.3_Mhudiblu_PPA_v2	Lx	88	769304	primary
GCA_013052645.3_Mhudiblu_PPA_v2	Lx	89	547997	primary
GCA_013052645.3_Mhudiblu_PPA_v2	Lx	90	385809	primary
GCA_013052645.3_Mhudiblu_PPA_v2	Lx	91	268447	primary
GCA_013052645.3_Mhudiblu_PPA_v2	Lx	92	191003	primary
GCA_013052645.3_Mhudiblu_PPA_v2	Lx	93	143195	primary
GCA_013052645.3_Mhudiblu_PPA_v2	Lx	94	103893	primary
GCA_013052645.3_Mhudiblu_PPA_v2	Lx	95	78491	primary
GCA_013052645.3_Mhudiblu_PPA_v2	Lx	96	61323	primary
GCA_013052645.3_Mhudiblu_PPA_v2	Lx	97	48959	primary
GCA_013052645.3_Mhudiblu_PPA_v2	Lx	98	38461	primary
GCA_013052645.3_Mhudiblu_PPA_v2	Lx	99	28249	primary
GCA_013052645.3_Mhudiblu_PPA_v2	Lx	100	1	primary
GCA_013052645.3_Mhudiblu_PPA_v2	NGx	1	75426312	primary
GCA_013052645.3_Mhudiblu_PPA_v2	NGx	2	75426312	primary
GCA_013052645.3_Mhudiblu_PPA_v2	NGx	3	62145061	primary
GCA_013052645.3_Mhudiblu_PPA_v2	NGx	4	62145061	primary
GCA_013052645.3_Mhudiblu_PPA_v2	NGx	5	60129203	primary
GCA_013052645.3_Mhudiblu_PPA_v2	NGx	6	60129203	primary
GCA_013052645.3_Mhudiblu_PPA_v2	NGx	7	57202581	primary
GCA_013052645.3_Mhudiblu_PPA_v2	NGx	8	57202581	primary
GCA_013052645.3_Mhudiblu_PPA_v2	NGx	9	56598989	primary
GCA_013052645.3_Mhudiblu_PPA_v2	NGx	10	56598989	primary
GCA_013052645.3_Mhudiblu_PPA_v2	NGx	11	53826644	primary
GCA_013052645.3_Mhudiblu_PPA_v2	NGx	12	53826644	primary
GCA_013052645.3_Mhudiblu_PPA_v2	NGx	13	44581106	primary
GCA_013052645.3_Mhudiblu_PPA_v2	NGx	14	43588933	primary
GCA_013052645.3_Mhudiblu_PPA_v2	NGx	15	43588933	primary
GCA_013052645.3_Mhudiblu_PPA_v2	NGx	16	42938230	primary
GCA_013052645.3_Mhudiblu_PPA_v2	NGx	17	39633151	primary
GCA_013052645.3_Mhudiblu_PPA_v2	NGx	18	38136629	primary
GCA_013052645.3_Mhudiblu_PPA_v2	NGx	19	38136629	primary
GCA_013052645.3_Mhudiblu_PPA_v2	NGx	20	32633871	primary
GCA_013052645.3_Mhudiblu_PPA_v2	NGx	21	32606380	primary
GCA_013052645.3_Mhudiblu_PPA_v2	NGx	22	32198754	primary
GCA_013052645.3_Mhudiblu_PPA_v2	NGx	23	32032471	primary
GCA_013052645.3_Mhudiblu_PPA_v2	NGx	24	31855413	primary
GCA_013052645.3_Mhudiblu_PPA_v2	NGx	25	30617047	primary
GCA_013052645.3_Mhudiblu_PPA_v2	NGx	26	29020576	primary
GCA_013052645.3_Mhudiblu_PPA_v2	NGx	27	28852348	primary
GCA_013052645.3_Mhudiblu_PPA_v2	NGx	28	28761085	primary
GCA_013052645.3_Mhudiblu_PPA_v2	NGx	29	28084624	primary
GCA_013052645.3_Mhudiblu_PPA_v2	NGx	30	27551481	primary
GCA_013052645.3_Mhudiblu_PPA_v2	NGx	31	26401067	primary
GCA_013052645.3_Mhudiblu_PPA_v2	NGx	32	26357117	primary
GCA_013052645.3_Mhudiblu_PPA_v2	NGx	33	25842055	primary
GCA_013052645.3_Mhudiblu_PPA_v2	NGx	34	25362805	primary
GCA_013052645.3_Mhudiblu_PPA_v2	NGx	35	24149608	primary
GCA_013052645.3_Mhudiblu_PPA_v2	NGx	36	23821506	primary
GCA_013052645.3_Mhudiblu_PPA_v2	NGx	37	23180309	primary
GCA_013052645.3_Mhudiblu_PPA_v2	NGx	38	22724375	primary
GCA_013052645.3_Mhudiblu_PPA_v2	NGx	39	22655711	primary
GCA_013052645.3_Mhudiblu_PPA_v2	NGx	40	22099553	primary
GCA_013052645.3_Mhudiblu_PPA_v2	NGx	41	21864608	primary
GCA_013052645.3_Mhudiblu_PPA_v2	NGx	42	21856380	primary
GCA_013052645.3_Mhudiblu_PPA_v2	NGx	43	20511897	primary
GCA_013052645.3_Mhudiblu_PPA_v2	NGx	44	19607211	primary
GCA_013052645.3_Mhudiblu_PPA_v2	NGx	45	18391963	primary
GCA_013052645.3_Mhudiblu_PPA_v2	NGx	46	17906893	primary
GCA_013052645.3_Mhudiblu_PPA_v2	NGx	47	17500995	primary
GCA_013052645.3_Mhudiblu_PPA_v2	NGx	48	16076653	primary
GCA_013052645.3_Mhudiblu_PPA_v2	NGx	49	15941406	primary
GCA_013052645.3_Mhudiblu_PPA_v2	NGx	50	15568404	primary
GCA_013052645.3_Mhudiblu_PPA_v2	NGx	51	15060309	primary
GCA_013052645.3_Mhudiblu_PPA_v2	NGx	52	14720374	primary
GCA_013052645.3_Mhudiblu_PPA_v2	NGx	53	14180927	primary
GCA_013052645.3_Mhudiblu_PPA_v2	NGx	54	13414898	primary
GCA_013052645.3_Mhudiblu_PPA_v2	NGx	55	12532605	primary
GCA_013052645.3_Mhudiblu_PPA_v2	NGx	56	12224960	primary
GCA_013052645.3_Mhudiblu_PPA_v2	NGx	57	11475291	primary
GCA_013052645.3_Mhudiblu_PPA_v2	NGx	58	11401227	primary
GCA_013052645.3_Mhudiblu_PPA_v2	NGx	59	11279136	primary
GCA_013052645.3_Mhudiblu_PPA_v2	NGx	60	11005134	primary
GCA_013052645.3_Mhudiblu_PPA_v2	NGx	61	10727251	primary
GCA_013052645.3_Mhudiblu_PPA_v2	NGx	62	10411128	primary
GCA_013052645.3_Mhudiblu_PPA_v2	NGx	63	9777427	primary
GCA_013052645.3_Mhudiblu_PPA_v2	NGx	64	9222431	primary
GCA_013052645.3_Mhudiblu_PPA_v2	NGx	65	8926279	primary
GCA_013052645.3_Mhudiblu_PPA_v2	NGx	66	8595122	primary
GCA_013052645.3_Mhudiblu_PPA_v2	NGx	67	8152720	primary
GCA_013052645.3_Mhudiblu_PPA_v2	NGx	68	7889089	primary
GCA_013052645.3_Mhudiblu_PPA_v2	NGx	69	7579801	primary
GCA_013052645.3_Mhudiblu_PPA_v2	NGx	70	7319360	primary
GCA_013052645.3_Mhudiblu_PPA_v2	NGx	71	6901801	primary
GCA_013052645.3_Mhudiblu_PPA_v2	NGx	72	6453333	primary
GCA_013052645.3_Mhudiblu_PPA_v2	NGx	73	6217449	primary
GCA_013052645.3_Mhudiblu_PPA_v2	NGx	74	5786257	primary
GCA_013052645.3_Mhudiblu_PPA_v2	NGx	75	5226327	primary
GCA_013052645.3_Mhudiblu_PPA_v2	NGx	76	4970884	primary
GCA_013052645.3_Mhudiblu_PPA_v2	NGx	77	4770229	primary
GCA_013052645.3_Mhudiblu_PPA_v2	NGx	78	4458471	primary
GCA_013052645.3_Mhudiblu_PPA_v2	NGx	79	4079868	primary
GCA_013052645.3_Mhudiblu_PPA_v2	NGx	80	3827042	primary
GCA_013052645.3_Mhudiblu_PPA_v2	NGx	81	3654636	primary
GCA_013052645.3_Mhudiblu_PPA_v2	NGx	82	3449063	primary
GCA_013052645.3_Mhudiblu_PPA_v2	NGx	83	3237620	primary
GCA_013052645.3_Mhudiblu_PPA_v2	NGx	84	2902267	primary
GCA_013052645.3_Mhudiblu_PPA_v2	NGx	85	2577486	primary
GCA_013052645.3_Mhudiblu_PPA_v2	NGx	86	2036411	primary
GCA_013052645.3_Mhudiblu_PPA_v2	NGx	87	1654297	primary
GCA_013052645.3_Mhudiblu_PPA_v2	NGx	88	1224392	primary
GCA_013052645.3_Mhudiblu_PPA_v2	NGx	89	926710	primary
GCA_013052645.3_Mhudiblu_PPA_v2	NGx	90	646451	primary
GCA_013052645.3_Mhudiblu_PPA_v2	NGx	91	477213	primary
GCA_013052645.3_Mhudiblu_PPA_v2	NGx	92	331983	primary
GCA_013052645.3_Mhudiblu_PPA_v2	NGx	93	241364	primary
GCA_013052645.3_Mhudiblu_PPA_v2	NGx	94	171062	primary
GCA_013052645.3_Mhudiblu_PPA_v2	NGx	95	130078	primary
GCA_013052645.3_Mhudiblu_PPA_v2	NGx	96	96531	primary
GCA_013052645.3_Mhudiblu_PPA_v2	NGx	97	72674	primary
GCA_013052645.3_Mhudiblu_PPA_v2	NGx	98	58149	primary
GCA_013052645.3_Mhudiblu_PPA_v2	NGx	99	46329	primary
GCA_013052645.3_Mhudiblu_PPA_v2	NGx	100	36576	primary
GCA_013052645.3_Mhudiblu_PPA_v2	LGx	1	1	primary
GCA_013052645.3_Mhudiblu_PPA_v2	LGx	2	1	primary
GCA_013052645.3_Mhudiblu_PPA_v2	LGx	3	2	primary
GCA_013052645.3_Mhudiblu_PPA_v2	LGx	4	2	primary
GCA_013052645.3_Mhudiblu_PPA_v2	LGx	5	3	primary
GCA_013052645.3_Mhudiblu_PPA_v2	LGx	6	3	primary
GCA_013052645.3_Mhudiblu_PPA_v2	LGx	7	4	primary
GCA_013052645.3_Mhudiblu_PPA_v2	LGx	8	4	primary
GCA_013052645.3_Mhudiblu_PPA_v2	LGx	9	5	primary
GCA_013052645.3_Mhudiblu_PPA_v2	LGx	10	5	primary
GCA_013052645.3_Mhudiblu_PPA_v2	LGx	11	6	primary
GCA_013052645.3_Mhudiblu_PPA_v2	LGx	12	6	primary
GCA_013052645.3_Mhudiblu_PPA_v2	LGx	13	7	primary
GCA_013052645.3_Mhudiblu_PPA_v2	LGx	14	8	primary
GCA_013052645.3_Mhudiblu_PPA_v2	LGx	15	8	primary
GCA_013052645.3_Mhudiblu_PPA_v2	LGx	16	9	primary
GCA_013052645.3_Mhudiblu_PPA_v2	LGx	17	10	primary
GCA_013052645.3_Mhudiblu_PPA_v2	LGx	18	11	primary
GCA_013052645.3_Mhudiblu_PPA_v2	LGx	19	11	primary
GCA_013052645.3_Mhudiblu_PPA_v2	LGx	20	12	primary
GCA_013052645.3_Mhudiblu_PPA_v2	LGx	21	13	primary
GCA_013052645.3_Mhudiblu_PPA_v2	LGx	22	14	primary
GCA_013052645.3_Mhudiblu_PPA_v2	LGx	23	15	primary
GCA_013052645.3_Mhudiblu_PPA_v2	LGx	24	16	primary
GCA_013052645.3_Mhudiblu_PPA_v2	LGx	25	17	primary
GCA_013052645.3_Mhudiblu_PPA_v2	LGx	26	18	primary
GCA_013052645.3_Mhudiblu_PPA_v2	LGx	27	19	primary
GCA_013052645.3_Mhudiblu_PPA_v2	LGx	28	20	primary
GCA_013052645.3_Mhudiblu_PPA_v2	LGx	29	21	primary
GCA_013052645.3_Mhudiblu_PPA_v2	LGx	30	22	primary
GCA_013052645.3_Mhudiblu_PPA_v2	LGx	31	24	primary
GCA_013052645.3_Mhudiblu_PPA_v2	LGx	32	25	primary
GCA_013052645.3_Mhudiblu_PPA_v2	LGx	33	26	primary
GCA_013052645.3_Mhudiblu_PPA_v2	LGx	34	27	primary
GCA_013052645.3_Mhudiblu_PPA_v2	LGx	35	28	primary
GCA_013052645.3_Mhudiblu_PPA_v2	LGx	36	29	primary
GCA_013052645.3_Mhudiblu_PPA_v2	LGx	37	31	primary
GCA_013052645.3_Mhudiblu_PPA_v2	LGx	38	32	primary
GCA_013052645.3_Mhudiblu_PPA_v2	LGx	39	33	primary
GCA_013052645.3_Mhudiblu_PPA_v2	LGx	40	35	primary
GCA_013052645.3_Mhudiblu_PPA_v2	LGx	41	36	primary
GCA_013052645.3_Mhudiblu_PPA_v2	LGx	42	37	primary
GCA_013052645.3_Mhudiblu_PPA_v2	LGx	43	39	primary
GCA_013052645.3_Mhudiblu_PPA_v2	LGx	44	40	primary
GCA_013052645.3_Mhudiblu_PPA_v2	LGx	45	42	primary
GCA_013052645.3_Mhudiblu_PPA_v2	LGx	46	44	primary
GCA_013052645.3_Mhudiblu_PPA_v2	LGx	47	45	primary
GCA_013052645.3_Mhudiblu_PPA_v2	LGx	48	47	primary
GCA_013052645.3_Mhudiblu_PPA_v2	LGx	49	49	primary
GCA_013052645.3_Mhudiblu_PPA_v2	LGx	50	51	primary
GCA_013052645.3_Mhudiblu_PPA_v2	LGx	51	53	primary
GCA_013052645.3_Mhudiblu_PPA_v2	LGx	52	55	primary
GCA_013052645.3_Mhudiblu_PPA_v2	LGx	53	57	primary
GCA_013052645.3_Mhudiblu_PPA_v2	LGx	54	59	primary
GCA_013052645.3_Mhudiblu_PPA_v2	LGx	55	62	primary
GCA_013052645.3_Mhudiblu_PPA_v2	LGx	56	64	primary
GCA_013052645.3_Mhudiblu_PPA_v2	LGx	57	67	primary
GCA_013052645.3_Mhudiblu_PPA_v2	LGx	58	69	primary
GCA_013052645.3_Mhudiblu_PPA_v2	LGx	59	72	primary
GCA_013052645.3_Mhudiblu_PPA_v2	LGx	60	75	primary
GCA_013052645.3_Mhudiblu_PPA_v2	LGx	61	77	primary
GCA_013052645.3_Mhudiblu_PPA_v2	LGx	62	80	primary
GCA_013052645.3_Mhudiblu_PPA_v2	LGx	63	83	primary
GCA_013052645.3_Mhudiblu_PPA_v2	LGx	64	87	primary
GCA_013052645.3_Mhudiblu_PPA_v2	LGx	65	90	primary
GCA_013052645.3_Mhudiblu_PPA_v2	LGx	66	93	primary
GCA_013052645.3_Mhudiblu_PPA_v2	LGx	67	97	primary
GCA_013052645.3_Mhudiblu_PPA_v2	LGx	68	101	primary
GCA_013052645.3_Mhudiblu_PPA_v2	LGx	69	105	primary
GCA_013052645.3_Mhudiblu_PPA_v2	LGx	70	109	primary
GCA_013052645.3_Mhudiblu_PPA_v2	LGx	71	113	primary
GCA_013052645.3_Mhudiblu_PPA_v2	LGx	72	117	primary
GCA_013052645.3_Mhudiblu_PPA_v2	LGx	73	122	primary
GCA_013052645.3_Mhudiblu_PPA_v2	LGx	74	127	primary
GCA_013052645.3_Mhudiblu_PPA_v2	LGx	75	133	primary
GCA_013052645.3_Mhudiblu_PPA_v2	LGx	76	139	primary
GCA_013052645.3_Mhudiblu_PPA_v2	LGx	77	145	primary
GCA_013052645.3_Mhudiblu_PPA_v2	LGx	78	151	primary
GCA_013052645.3_Mhudiblu_PPA_v2	LGx	79	158	primary
GCA_013052645.3_Mhudiblu_PPA_v2	LGx	80	166	primary
GCA_013052645.3_Mhudiblu_PPA_v2	LGx	81	174	primary
GCA_013052645.3_Mhudiblu_PPA_v2	LGx	82	183	primary
GCA_013052645.3_Mhudiblu_PPA_v2	LGx	83	192	primary
GCA_013052645.3_Mhudiblu_PPA_v2	LGx	84	202	primary
GCA_013052645.3_Mhudiblu_PPA_v2	LGx	85	212	primary
GCA_013052645.3_Mhudiblu_PPA_v2	LGx	86	226	primary
GCA_013052645.3_Mhudiblu_PPA_v2	LGx	87	243	primary
GCA_013052645.3_Mhudiblu_PPA_v2	LGx	88	264	primary
GCA_013052645.3_Mhudiblu_PPA_v2	LGx	89	292	primary
GCA_013052645.3_Mhudiblu_PPA_v2	LGx	90	330	primary
GCA_013052645.3_Mhudiblu_PPA_v2	LGx	91	383	primary
GCA_013052645.3_Mhudiblu_PPA_v2	LGx	92	458	primary
GCA_013052645.3_Mhudiblu_PPA_v2	LGx	93	566	primary
GCA_013052645.3_Mhudiblu_PPA_v2	LGx	94	715	primary
GCA_013052645.3_Mhudiblu_PPA_v2	LGx	95	917	primary
GCA_013052645.3_Mhudiblu_PPA_v2	LGx	96	1190	primary
GCA_013052645.3_Mhudiblu_PPA_v2	LGx	97	1550	primary
GCA_013052645.3_Mhudiblu_PPA_v2	LGx	98	2016	primary
GCA_013052645.3_Mhudiblu_PPA_v2	LGx	99	2600	primary
GCA_013052645.3_Mhudiblu_PPA_v2	LGx	100	3335	primary
CF_000001405.40_GRCh38.p14_genomic	auN	3136820509	779.56287	primary
GCF_000001405.40_GRCh38.p14_genomic	auNG	3018593705	810.09534	primary
GCF_000001405.40_GRCh38.p14_genomic	Nx	1	141414042	primary
GCF_000001405.40_GRCh38.p14_genomic	Nx	2	141414042	primary
GCF_000001405.40_GRCh38.p14_genomic	Nx	3	141414042	primary
GCF_000001405.40_GRCh38.p14_genomic	Nx	4	141414042	primary
GCF_000001405.40_GRCh38.p14_genomic	Nx	5	131201741	primary
GCF_000001405.40_GRCh38.p14_genomic	Nx	6	131201741	primary
GCF_000001405.40_GRCh38.p14_genomic	Nx	7	131201741	primary
GCF_000001405.40_GRCh38.p14_genomic	Nx	8	131201741	primary
GCF_000001405.40_GRCh38.p14_genomic	Nx	9	104529986	primary
GCF_000001405.40_GRCh38.p14_genomic	Nx	10	104529986	primary
GCF_000001405.40_GRCh38.p14_genomic	Nx	11	104529986	primary
GCF_000001405.40_GRCh38.p14_genomic	Nx	12	104529986	primary
GCF_000001405.40_GRCh38.p14_genomic	Nx	13	92204139	primary
GCF_000001405.40_GRCh38.p14_genomic	Nx	14	92204139	primary
GCF_000001405.40_GRCh38.p14_genomic	Nx	15	90540103	primary
GCF_000001405.40_GRCh38.p14_genomic	Nx	16	90540103	primary
GCF_000001405.40_GRCh38.p14_genomic	Nx	17	90540103	primary
GCF_000001405.40_GRCh38.p14_genomic	Nx	18	89342853	primary
GCF_000001405.40_GRCh38.p14_genomic	Nx	19	89342853	primary
GCF_000001405.40_GRCh38.p14_genomic	Nx	20	89342853	primary
GCF_000001405.40_GRCh38.p14_genomic	Nx	21	87272006	primary
GCF_000001405.40_GRCh38.p14_genomic	Nx	22	87272006	primary
GCF_000001405.40_GRCh38.p14_genomic	Nx	23	87272006	primary
GCF_000001405.40_GRCh38.p14_genomic	Nx	24	85983406	primary
GCF_000001405.40_GRCh38.p14_genomic	Nx	25	85983406	primary
GCF_000001405.40_GRCh38.p14_genomic	Nx	26	85983406	primary
GCF_000001405.40_GRCh38.p14_genomic	Nx	27	81144026	primary
GCF_000001405.40_GRCh38.p14_genomic	Nx	28	81144026	primary
GCF_000001405.40_GRCh38.p14_genomic	Nx	29	80374349	primary
GCF_000001405.40_GRCh38.p14_genomic	Nx	30	80374349	primary
GCF_000001405.40_GRCh38.p14_genomic	Nx	31	80374349	primary
GCF_000001405.40_GRCh38.p14_genomic	Nx	32	76250833	primary
GCF_000001405.40_GRCh38.p14_genomic	Nx	33	76250833	primary
GCF_000001405.40_GRCh38.p14_genomic	Nx	34	72520604	primary
GCF_000001405.40_GRCh38.p14_genomic	Nx	35	72520604	primary
GCF_000001405.40_GRCh38.p14_genomic	Nx	36	72520604	primary
GCF_000001405.40_GRCh38.p14_genomic	Nx	37	67794874	primary
GCF_000001405.40_GRCh38.p14_genomic	Nx	38	67794874	primary
GCF_000001405.40_GRCh38.p14_genomic	Nx	39	65962541	primary
GCF_000001405.40_GRCh38.p14_genomic	Nx	40	65962541	primary
GCF_000001405.40_GRCh38.p14_genomic	Nx	41	60993193	primary
GCF_000001405.40_GRCh38.p14_genomic	Nx	42	60993193	primary
GCF_000001405.40_GRCh38.p14_genomic	Nx	43	59364415	primary
GCF_000001405.40_GRCh38.p14_genomic	Nx	44	59364415	primary
GCF_000001405.40_GRCh38.p14_genomic	Nx	45	58393889	primary
GCF_000001405.40_GRCh38.p14_genomic	Nx	46	58393889	primary
GCF_000001405.40_GRCh38.p14_genomic	Nx	47	57879412	primary
GCF_000001405.40_GRCh38.p14_genomic	Nx	48	56413055	primary
GCF_000001405.40_GRCh38.p14_genomic	Nx	49	56413055	primary
GCF_000001405.40_GRCh38.p14_genomic	Nx	50	54806563	primary
GCF_000001405.40_GRCh38.p14_genomic	Nx	51	54806563	primary
GCF_000001405.40_GRCh38.p14_genomic	Nx	52	51818657	primary
GCF_000001405.40_GRCh38.p14_genomic	Nx	53	51818657	primary
GCF_000001405.40_GRCh38.p14_genomic	Nx	54	50761349	primary
GCF_000001405.40_GRCh38.p14_genomic	Nx	55	43847664	primary
GCF_000001405.40_GRCh38.p14_genomic	Nx	56	43847664	primary
GCF_000001405.40_GRCh38.p14_genomic	Nx	57	40519471	primary
GCF_000001405.40_GRCh38.p14_genomic	Nx	58	39736958	primary
GCF_000001405.40_GRCh38.p14_genomic	Nx	59	38519908	primary
GCF_000001405.40_GRCh38.p14_genomic	Nx	60	38510259	primary
GCF_000001405.40_GRCh38.p14_genomic	Nx	61	38510259	primary
GCF_000001405.40_GRCh38.p14_genomic	Nx	62	34961775	primary
GCF_000001405.40_GRCh38.p14_genomic	Nx	63	33622530	primary
GCF_000001405.40_GRCh38.p14_genomic	Nx	64	31699400	primary
GCF_000001405.40_GRCh38.p14_genomic	Nx	65	31366743	primary
GCF_000001405.40_GRCh38.p14_genomic	Nx	66	31264302	primary
GCF_000001405.40_GRCh38.p14_genomic	Nx	67	28855353	primary
GCF_000001405.40_GRCh38.p14_genomic	Nx	68	28019449	primary
GCF_000001405.40_GRCh38.p14_genomic	Nx	69	27634758	primary
GCF_000001405.40_GRCh38.p14_genomic	Nx	70	26058707	primary
GCF_000001405.40_GRCh38.p14_genomic	Nx	71	25725758	primary
GCF_000001405.40_GRCh38.p14_genomic	Nx	72	25716936	primary
GCF_000001405.40_GRCh38.p14_genomic	Nx	73	25450877	primary
GCF_000001405.40_GRCh38.p14_genomic	Nx	74	23496226	primary
GCF_000001405.40_GRCh38.p14_genomic	Nx	75	22496380	primary
GCF_000001405.40_GRCh38.p14_genomic	Nx	76	21304740	primary
GCF_000001405.40_GRCh38.p14_genomic	Nx	77	18818915	primary
GCF_000001405.40_GRCh38.p14_genomic	Nx	78	17661124	primary
GCF_000001405.40_GRCh38.p14_genomic	Nx	79	17520549	primary
GCF_000001405.40_GRCh38.p14_genomic	Nx	80	16721012	primary
GCF_000001405.40_GRCh38.p14_genomic	Nx	81	16430623	primary
GCF_000001405.40_GRCh38.p14_genomic	Nx	82	16135120	primary
GCF_000001405.40_GRCh38.p14_genomic	Nx	83	15400900	primary
GCF_000001405.40_GRCh38.p14_genomic	Nx	84	12703071	primary
GCF_000001405.40_GRCh38.p14_genomic	Nx	85	10208095	primary
GCF_000001405.40_GRCh38.p14_genomic	Nx	86	8276616	primary
GCF_000001405.40_GRCh38.p14_genomic	Nx	87	7355926	primary
GCF_000001405.40_GRCh38.p14_genomic	Nx	88	6909427	primary
GCF_000001405.40_GRCh38.p14_genomic	Nx	89	4867934	primary
GCF_000001405.40_GRCh38.p14_genomic	Nx	90	3231814	primary
GCF_000001405.40_GRCh38.p14_genomic	Nx	91	1999705	primary
GCF_000001405.40_GRCh38.p14_genomic	Nx	92	1419359	primary
GCF_000001405.40_GRCh38.p14_genomic	Nx	93	955087	primary
GCF_000001405.40_GRCh38.p14_genomic	Nx	94	648520	primary
GCF_000001405.40_GRCh38.p14_genomic	Nx	95	478999	primary
GCF_000001405.40_GRCh38.p14_genomic	Nx	96	349938	primary
GCF_000001405.40_GRCh38.p14_genomic	Nx	97	247418	primary
GCF_000001405.40_GRCh38.p14_genomic	Nx	98	185145	primary
GCF_000001405.40_GRCh38.p14_genomic	Nx	99	140567	primary
GCF_000001405.40_GRCh38.p14_genomic	Nx	100	1	primary
GCF_000001405.40_GRCh38.p14_genomic	Lx	1	141414042	primary
GCF_000001405.40_GRCh38.p14_genomic	Lx	2	141414042	primary
GCF_000001405.40_GRCh38.p14_genomic	Lx	3	141414042	primary
GCF_000001405.40_GRCh38.p14_genomic	Lx	4	141414042	primary
GCF_000001405.40_GRCh38.p14_genomic	Lx	5	131201741	primary
GCF_000001405.40_GRCh38.p14_genomic	Lx	6	131201741	primary
GCF_000001405.40_GRCh38.p14_genomic	Lx	7	131201741	primary
GCF_000001405.40_GRCh38.p14_genomic	Lx	8	131201741	primary
GCF_000001405.40_GRCh38.p14_genomic	Lx	9	104529986	primary
GCF_000001405.40_GRCh38.p14_genomic	Lx	10	104529986	primary
GCF_000001405.40_GRCh38.p14_genomic	Lx	11	104529986	primary
GCF_000001405.40_GRCh38.p14_genomic	Lx	12	104529986	primary
GCF_000001405.40_GRCh38.p14_genomic	Lx	13	92204139	primary
GCF_000001405.40_GRCh38.p14_genomic	Lx	14	92204139	primary
GCF_000001405.40_GRCh38.p14_genomic	Lx	15	90540103	primary
GCF_000001405.40_GRCh38.p14_genomic	Lx	16	90540103	primary
GCF_000001405.40_GRCh38.p14_genomic	Lx	17	90540103	primary
GCF_000001405.40_GRCh38.p14_genomic	Lx	18	89342853	primary
GCF_000001405.40_GRCh38.p14_genomic	Lx	19	89342853	primary
GCF_000001405.40_GRCh38.p14_genomic	Lx	20	89342853	primary
GCF_000001405.40_GRCh38.p14_genomic	Lx	21	87272006	primary
GCF_000001405.40_GRCh38.p14_genomic	Lx	22	87272006	primary
GCF_000001405.40_GRCh38.p14_genomic	Lx	23	87272006	primary
GCF_000001405.40_GRCh38.p14_genomic	Lx	24	85983406	primary
GCF_000001405.40_GRCh38.p14_genomic	Lx	25	85983406	primary
GCF_000001405.40_GRCh38.p14_genomic	Lx	26	85983406	primary
GCF_000001405.40_GRCh38.p14_genomic	Lx	27	81144026	primary
GCF_000001405.40_GRCh38.p14_genomic	Lx	28	81144026	primary
GCF_000001405.40_GRCh38.p14_genomic	Lx	29	80374349	primary
GCF_000001405.40_GRCh38.p14_genomic	Lx	30	80374349	primary
GCF_000001405.40_GRCh38.p14_genomic	Lx	31	80374349	primary
GCF_000001405.40_GRCh38.p14_genomic	Lx	32	76250833	primary
GCF_000001405.40_GRCh38.p14_genomic	Lx	33	76250833	primary
GCF_000001405.40_GRCh38.p14_genomic	Lx	34	72520604	primary
GCF_000001405.40_GRCh38.p14_genomic	Lx	35	72520604	primary
GCF_000001405.40_GRCh38.p14_genomic	Lx	36	72520604	primary
GCF_000001405.40_GRCh38.p14_genomic	Lx	37	67794874	primary
GCF_000001405.40_GRCh38.p14_genomic	Lx	38	67794874	primary
GCF_000001405.40_GRCh38.p14_genomic	Lx	39	65962541	primary
GCF_000001405.40_GRCh38.p14_genomic	Lx	40	65962541	primary
GCF_000001405.40_GRCh38.p14_genomic	Lx	41	60993193	primary
GCF_000001405.40_GRCh38.p14_genomic	Lx	42	60993193	primary
GCF_000001405.40_GRCh38.p14_genomic	Lx	43	59364415	primary
GCF_000001405.40_GRCh38.p14_genomic	Lx	44	59364415	primary
GCF_000001405.40_GRCh38.p14_genomic	Lx	45	58393889	primary
GCF_000001405.40_GRCh38.p14_genomic	Lx	46	58393889	primary
GCF_000001405.40_GRCh38.p14_genomic	Lx	47	57879412	primary
GCF_000001405.40_GRCh38.p14_genomic	Lx	48	56413055	primary
GCF_000001405.40_GRCh38.p14_genomic	Lx	49	56413055	primary
GCF_000001405.40_GRCh38.p14_genomic	Lx	50	54806563	primary
GCF_000001405.40_GRCh38.p14_genomic	Lx	51	54806563	primary
GCF_000001405.40_GRCh38.p14_genomic	Lx	52	51818657	primary
GCF_000001405.40_GRCh38.p14_genomic	Lx	53	51818657	primary
GCF_000001405.40_GRCh38.p14_genomic	Lx	54	50761349	primary
GCF_000001405.40_GRCh38.p14_genomic	Lx	55	43847664	primary
GCF_000001405.40_GRCh38.p14_genomic	Lx	56	43847664	primary
GCF_000001405.40_GRCh38.p14_genomic	Lx	57	40519471	primary
GCF_000001405.40_GRCh38.p14_genomic	Lx	58	39736958	primary
GCF_000001405.40_GRCh38.p14_genomic	Lx	59	38519908	primary
GCF_000001405.40_GRCh38.p14_genomic	Lx	60	38510259	primary
GCF_000001405.40_GRCh38.p14_genomic	Lx	61	38510259	primary
GCF_000001405.40_GRCh38.p14_genomic	Lx	62	34961775	primary
GCF_000001405.40_GRCh38.p14_genomic	Lx	63	33622530	primary
GCF_000001405.40_GRCh38.p14_genomic	Lx	64	31699400	primary
GCF_000001405.40_GRCh38.p14_genomic	Lx	65	31366743	primary
GCF_000001405.40_GRCh38.p14_genomic	Lx	66	31264302	primary
GCF_000001405.40_GRCh38.p14_genomic	Lx	67	28855353	primary
GCF_000001405.40_GRCh38.p14_genomic	Lx	68	28019449	primary
GCF_000001405.40_GRCh38.p14_genomic	Lx	69	27634758	primary
GCF_000001405.40_GRCh38.p14_genomic	Lx	70	26058707	primary
GCF_000001405.40_GRCh38.p14_genomic	Lx	71	25725758	primary
GCF_000001405.40_GRCh38.p14_genomic	Lx	72	25716936	primary
GCF_000001405.40_GRCh38.p14_genomic	Lx	73	25450877	primary
GCF_000001405.40_GRCh38.p14_genomic	Lx	74	23496226	primary
GCF_000001405.40_GRCh38.p14_genomic	Lx	75	22496380	primary
GCF_000001405.40_GRCh38.p14_genomic	Lx	76	21304740	primary
GCF_000001405.40_GRCh38.p14_genomic	Lx	77	18818915	primary
GCF_000001405.40_GRCh38.p14_genomic	Lx	78	17661124	primary
GCF_000001405.40_GRCh38.p14_genomic	Lx	79	17520549	primary
GCF_000001405.40_GRCh38.p14_genomic	Lx	80	16721012	primary
GCF_000001405.40_GRCh38.p14_genomic	Lx	81	16430623	primary
GCF_000001405.40_GRCh38.p14_genomic	Lx	82	16135120	primary
GCF_000001405.40_GRCh38.p14_genomic	Lx	83	15400900	primary
GCF_000001405.40_GRCh38.p14_genomic	Lx	84	12703071	primary
GCF_000001405.40_GRCh38.p14_genomic	Lx	85	10208095	primary
GCF_000001405.40_GRCh38.p14_genomic	Lx	86	8276616	primary
GCF_000001405.40_GRCh38.p14_genomic	Lx	87	7355926	primary
GCF_000001405.40_GRCh38.p14_genomic	Lx	88	6909427	primary
GCF_000001405.40_GRCh38.p14_genomic	Lx	89	4867934	primary
GCF_000001405.40_GRCh38.p14_genomic	Lx	90	3231814	primary
GCF_000001405.40_GRCh38.p14_genomic	Lx	91	1999705	primary
GCF_000001405.40_GRCh38.p14_genomic	Lx	92	1419359	primary
GCF_000001405.40_GRCh38.p14_genomic	Lx	93	955087	primary
GCF_000001405.40_GRCh38.p14_genomic	Lx	94	648520	primary
GCF_000001405.40_GRCh38.p14_genomic	Lx	95	478999	primary
GCF_000001405.40_GRCh38.p14_genomic	Lx	96	349938	primary
GCF_000001405.40_GRCh38.p14_genomic	Lx	97	247418	primary
GCF_000001405.40_GRCh38.p14_genomic	Lx	98	185145	primary
GCF_000001405.40_GRCh38.p14_genomic	Lx	99	140567	primary
GCF_000001405.40_GRCh38.p14_genomic	Lx	100	1	primary
GCF_000001405.40_GRCh38.p14_genomic	NGx	1	141414042	primary
GCF_000001405.40_GRCh38.p14_genomic	NGx	2	141414042	primary
GCF_000001405.40_GRCh38.p14_genomic	NGx	3	141414042	primary
GCF_000001405.40_GRCh38.p14_genomic	NGx	4	141414042	primary
GCF_000001405.40_GRCh38.p14_genomic	NGx	5	131201741	primary
GCF_000001405.40_GRCh38.p14_genomic	NGx	6	131201741	primary
GCF_000001405.40_GRCh38.p14_genomic	NGx	7	131201741	primary
GCF_000001405.40_GRCh38.p14_genomic	NGx	8	131201741	primary
GCF_000001405.40_GRCh38.p14_genomic	NGx	9	131201741	primary
GCF_000001405.40_GRCh38.p14_genomic	NGx	10	104529986	primary
GCF_000001405.40_GRCh38.p14_genomic	NGx	11	104529986	primary
GCF_000001405.40_GRCh38.p14_genomic	NGx	12	104529986	primary
GCF_000001405.40_GRCh38.p14_genomic	NGx	13	92204139	primary
GCF_000001405.40_GRCh38.p14_genomic	NGx	14	92204139	primary
GCF_000001405.40_GRCh38.p14_genomic	NGx	15	92204139	primary
GCF_000001405.40_GRCh38.p14_genomic	NGx	16	90540103	primary
GCF_000001405.40_GRCh38.p14_genomic	NGx	17	90540103	primary
GCF_000001405.40_GRCh38.p14_genomic	NGx	18	90540103	primary
GCF_000001405.40_GRCh38.p14_genomic	NGx	19	89342853	primary
GCF_000001405.40_GRCh38.p14_genomic	NGx	20	89342853	primary
GCF_000001405.40_GRCh38.p14_genomic	NGx	21	89342853	primary
GCF_000001405.40_GRCh38.p14_genomic	NGx	22	87272006	primary
GCF_000001405.40_GRCh38.p14_genomic	NGx	23	87272006	primary
GCF_000001405.40_GRCh38.p14_genomic	NGx	24	87272006	primary
GCF_000001405.40_GRCh38.p14_genomic	NGx	25	85983406	primary
GCF_000001405.40_GRCh38.p14_genomic	NGx	26	85983406	primary
GCF_000001405.40_GRCh38.p14_genomic	NGx	27	85983406	primary
GCF_000001405.40_GRCh38.p14_genomic	NGx	28	81144026	primary
GCF_000001405.40_GRCh38.p14_genomic	NGx	29	81144026	primary
GCF_000001405.40_GRCh38.p14_genomic	NGx	30	80374349	primary
GCF_000001405.40_GRCh38.p14_genomic	NGx	31	80374349	primary
GCF_000001405.40_GRCh38.p14_genomic	NGx	32	80374349	primary
GCF_000001405.40_GRCh38.p14_genomic	NGx	33	76250833	primary
GCF_000001405.40_GRCh38.p14_genomic	NGx	34	76250833	primary
GCF_000001405.40_GRCh38.p14_genomic	NGx	35	76250833	primary
GCF_000001405.40_GRCh38.p14_genomic	NGx	36	72520604	primary
GCF_000001405.40_GRCh38.p14_genomic	NGx	37	72520604	primary
GCF_000001405.40_GRCh38.p14_genomic	NGx	38	67794874	primary
GCF_000001405.40_GRCh38.p14_genomic	NGx	39	67794874	primary
GCF_000001405.40_GRCh38.p14_genomic	NGx	40	65962541	primary
GCF_000001405.40_GRCh38.p14_genomic	NGx	41	65962541	primary
GCF_000001405.40_GRCh38.p14_genomic	NGx	42	60993193	primary
GCF_000001405.40_GRCh38.p14_genomic	NGx	43	60993193	primary
GCF_000001405.40_GRCh38.p14_genomic	NGx	44	59364415	primary
GCF_000001405.40_GRCh38.p14_genomic	NGx	45	59364415	primary
GCF_000001405.40_GRCh38.p14_genomic	NGx	46	58393889	primary
GCF_000001405.40_GRCh38.p14_genomic	NGx	47	58393889	primary
GCF_000001405.40_GRCh38.p14_genomic	NGx	48	57879412	primary
GCF_000001405.40_GRCh38.p14_genomic	NGx	49	57879412	primary
GCF_000001405.40_GRCh38.p14_genomic	NGx	50	56413055	primary
GCF_000001405.40_GRCh38.p14_genomic	NGx	51	56413055	primary
GCF_000001405.40_GRCh38.p14_genomic	NGx	52	54806563	primary
GCF_000001405.40_GRCh38.p14_genomic	NGx	53	54806563	primary
GCF_000001405.40_GRCh38.p14_genomic	NGx	54	51818657	primary
GCF_000001405.40_GRCh38.p14_genomic	NGx	55	51818657	primary
GCF_000001405.40_GRCh38.p14_genomic	NGx	56	50761349	primary
GCF_000001405.40_GRCh38.p14_genomic	NGx	57	43847664	primary
GCF_000001405.40_GRCh38.p14_genomic	NGx	58	43847664	primary
GCF_000001405.40_GRCh38.p14_genomic	NGx	59	40519471	primary
GCF_000001405.40_GRCh38.p14_genomic	NGx	60	39736958	primary
GCF_000001405.40_GRCh38.p14_genomic	NGx	61	38519908	primary
GCF_000001405.40_GRCh38.p14_genomic	NGx	62	38519908	primary
GCF_000001405.40_GRCh38.p14_genomic	NGx	63	38510259	primary
GCF_000001405.40_GRCh38.p14_genomic	NGx	64	34961775	primary
GCF_000001405.40_GRCh38.p14_genomic	NGx	65	33622530	primary
GCF_000001405.40_GRCh38.p14_genomic	NGx	66	31699400	primary
GCF_000001405.40_GRCh38.p14_genomic	NGx	67	31366743	primary
GCF_000001405.40_GRCh38.p14_genomic	NGx	68	31264302	primary
GCF_000001405.40_GRCh38.p14_genomic	NGx	69	28855353	primary
GCF_000001405.40_GRCh38.p14_genomic	NGx	70	28019449	primary
GCF_000001405.40_GRCh38.p14_genomic	NGx	71	27634758	primary
GCF_000001405.40_GRCh38.p14_genomic	NGx	72	26282031	primary
GCF_000001405.40_GRCh38.p14_genomic	NGx	73	26058707	primary
GCF_000001405.40_GRCh38.p14_genomic	NGx	74	25725758	primary
GCF_000001405.40_GRCh38.p14_genomic	NGx	75	25716936	primary
GCF_000001405.40_GRCh38.p14_genomic	NGx	76	25450877	primary
GCF_000001405.40_GRCh38.p14_genomic	NGx	77	23496226	primary
GCF_000001405.40_GRCh38.p14_genomic	NGx	78	22496380	primary
GCF_000001405.40_GRCh38.p14_genomic	NGx	79	21304740	primary
GCF_000001405.40_GRCh38.p14_genomic	NGx	80	18818915	primary
GCF_000001405.40_GRCh38.p14_genomic	NGx	81	17661124	primary
GCF_000001405.40_GRCh38.p14_genomic	NGx	82	17520549	primary
GCF_000001405.40_GRCh38.p14_genomic	NGx	83	16721012	primary
GCF_000001405.40_GRCh38.p14_genomic	NGx	84	16430623	primary
GCF_000001405.40_GRCh38.p14_genomic	NGx	85	16135120	primary
GCF_000001405.40_GRCh38.p14_genomic	NGx	86	15400900	primary
GCF_000001405.40_GRCh38.p14_genomic	NGx	87	12703071	primary
GCF_000001405.40_GRCh38.p14_genomic	NGx	88	11555290	primary
GCF_000001405.40_GRCh38.p14_genomic	NGx	89	8563283	primary
GCF_000001405.40_GRCh38.p14_genomic	NGx	90	7516663	primary
GCF_000001405.40_GRCh38.p14_genomic	NGx	91	7084843	primary
GCF_000001405.40_GRCh38.p14_genomic	NGx	92	5428458	primary
GCF_000001405.40_GRCh38.p14_genomic	NGx	93	4283816	primary
GCF_000001405.40_GRCh38.p14_genomic	NGx	94	2659700	primary
GCF_000001405.40_GRCh38.p14_genomic	NGx	95	1722995	primary
GCF_000001405.40_GRCh38.p14_genomic	NGx	96	1138693	primary
GCF_000001405.40_GRCh38.p14_genomic	NGx	97	846919	primary
GCF_000001405.40_GRCh38.p14_genomic	NGx	98	608609	primary
GCF_000001405.40_GRCh38.p14_genomic	NGx	99	447746	primary
GCF_000001405.40_GRCh38.p14_genomic	NGx	100	325987	primary
GCF_000001405.40_GRCh38.p14_genomic	LGx	1	1	primary
GCF_000001405.40_GRCh38.p14_genomic	LGx	2	1	primary
GCF_000001405.40_GRCh38.p14_genomic	LGx	3	1	primary
GCF_000001405.40_GRCh38.p14_genomic	LGx	4	1	primary
GCF_000001405.40_GRCh38.p14_genomic	LGx	5	2	primary
GCF_000001405.40_GRCh38.p14_genomic	LGx	6	2	primary
GCF_000001405.40_GRCh38.p14_genomic	LGx	7	2	primary
GCF_000001405.40_GRCh38.p14_genomic	LGx	8	2	primary
GCF_000001405.40_GRCh38.p14_genomic	LGx	9	2	primary
GCF_000001405.40_GRCh38.p14_genomic	LGx	10	3	primary
GCF_000001405.40_GRCh38.p14_genomic	LGx	11	3	primary
GCF_000001405.40_GRCh38.p14_genomic	LGx	12	3	primary
GCF_000001405.40_GRCh38.p14_genomic	LGx	13	4	primary
GCF_000001405.40_GRCh38.p14_genomic	LGx	14	4	primary
GCF_000001405.40_GRCh38.p14_genomic	LGx	15	4	primary
GCF_000001405.40_GRCh38.p14_genomic	LGx	16	5	primary
GCF_000001405.40_GRCh38.p14_genomic	LGx	17	5	primary
GCF_000001405.40_GRCh38.p14_genomic	LGx	18	5	primary
GCF_000001405.40_GRCh38.p14_genomic	LGx	19	6	primary
GCF_000001405.40_GRCh38.p14_genomic	LGx	20	6	primary
GCF_000001405.40_GRCh38.p14_genomic	LGx	21	6	primary
GCF_000001405.40_GRCh38.p14_genomic	LGx	22	7	primary
GCF_000001405.40_GRCh38.p14_genomic	LGx	23	7	primary
GCF_000001405.40_GRCh38.p14_genomic	LGx	24	7	primary
GCF_000001405.40_GRCh38.p14_genomic	LGx	25	8	primary
GCF_000001405.40_GRCh38.p14_genomic	LGx	26	8	primary
GCF_000001405.40_GRCh38.p14_genomic	LGx	27	8	primary
GCF_000001405.40_GRCh38.p14_genomic	LGx	28	9	primary
GCF_000001405.40_GRCh38.p14_genomic	LGx	29	9	primary
GCF_000001405.40_GRCh38.p14_genomic	LGx	30	10	primary
GCF_000001405.40_GRCh38.p14_genomic	LGx	31	10	primary
GCF_000001405.40_GRCh38.p14_genomic	LGx	32	10	primary
GCF_000001405.40_GRCh38.p14_genomic	LGx	33	11	primary
GCF_000001405.40_GRCh38.p14_genomic	LGx	34	11	primary
GCF_000001405.40_GRCh38.p14_genomic	LGx	35	11	primary
GCF_000001405.40_GRCh38.p14_genomic	LGx	36	12	primary
GCF_000001405.40_GRCh38.p14_genomic	LGx	37	12	primary
GCF_000001405.40_GRCh38.p14_genomic	LGx	38	13	primary
GCF_000001405.40_GRCh38.p14_genomic	LGx	39	13	primary
GCF_000001405.40_GRCh38.p14_genomic	LGx	40	14	primary
GCF_000001405.40_GRCh38.p14_genomic	LGx	41	14	primary
GCF_000001405.40_GRCh38.p14_genomic	LGx	42	15	primary
GCF_000001405.40_GRCh38.p14_genomic	LGx	43	15	primary
GCF_000001405.40_GRCh38.p14_genomic	LGx	44	16	primary
GCF_000001405.40_GRCh38.p14_genomic	LGx	45	16	primary
GCF_000001405.40_GRCh38.p14_genomic	LGx	46	17	primary
GCF_000001405.40_GRCh38.p14_genomic	LGx	47	17	primary
GCF_000001405.40_GRCh38.p14_genomic	LGx	48	18	primary
GCF_000001405.40_GRCh38.p14_genomic	LGx	49	18	primary
GCF_000001405.40_GRCh38.p14_genomic	LGx	50	19	primary
GCF_000001405.40_GRCh38.p14_genomic	LGx	51	19	primary
GCF_000001405.40_GRCh38.p14_genomic	LGx	52	20	primary
GCF_000001405.40_GRCh38.p14_genomic	LGx	53	20	primary
GCF_000001405.40_GRCh38.p14_genomic	LGx	54	21	primary
GCF_000001405.40_GRCh38.p14_genomic	LGx	55	21	primary
GCF_000001405.40_GRCh38.p14_genomic	LGx	56	22	primary
GCF_000001405.40_GRCh38.p14_genomic	LGx	57	23	primary
GCF_000001405.40_GRCh38.p14_genomic	LGx	58	23	primary
GCF_000001405.40_GRCh38.p14_genomic	LGx	59	24	primary
GCF_000001405.40_GRCh38.p14_genomic	LGx	60	25	primary
GCF_000001405.40_GRCh38.p14_genomic	LGx	61	26	primary
GCF_000001405.40_GRCh38.p14_genomic	LGx	62	26	primary
GCF_000001405.40_GRCh38.p14_genomic	LGx	63	27	primary
GCF_000001405.40_GRCh38.p14_genomic	LGx	64	28	primary
GCF_000001405.40_GRCh38.p14_genomic	LGx	65	29	primary
GCF_000001405.40_GRCh38.p14_genomic	LGx	66	30	primary
GCF_000001405.40_GRCh38.p14_genomic	LGx	67	31	primary
GCF_000001405.40_GRCh38.p14_genomic	LGx	68	32	primary
GCF_000001405.40_GRCh38.p14_genomic	LGx	69	33	primary
GCF_000001405.40_GRCh38.p14_genomic	LGx	70	34	primary
GCF_000001405.40_GRCh38.p14_genomic	LGx	71	35	primary
GCF_000001405.40_GRCh38.p14_genomic	LGx	72	36	primary
GCF_000001405.40_GRCh38.p14_genomic	LGx	73	37	primary
GCF_000001405.40_GRCh38.p14_genomic	LGx	74	38	primary
GCF_000001405.40_GRCh38.p14_genomic	LGx	75	39	primary
GCF_000001405.40_GRCh38.p14_genomic	LGx	76	40	primary
GCF_000001405.40_GRCh38.p14_genomic	LGx	77	42	primary
GCF_000001405.40_GRCh38.p14_genomic	LGx	78	43	primary
GCF_000001405.40_GRCh38.p14_genomic	LGx	79	44	primary
GCF_000001405.40_GRCh38.p14_genomic	LGx	80	46	primary
GCF_000001405.40_GRCh38.p14_genomic	LGx	81	48	primary
GCF_000001405.40_GRCh38.p14_genomic	LGx	82	49	primary
GCF_000001405.40_GRCh38.p14_genomic	LGx	83	51	primary
GCF_000001405.40_GRCh38.p14_genomic	LGx	84	53	primary
GCF_000001405.40_GRCh38.p14_genomic	LGx	85	55	primary
GCF_000001405.40_GRCh38.p14_genomic	LGx	86	57	primary
GCF_000001405.40_GRCh38.p14_genomic	LGx	87	59	primary
GCF_000001405.40_GRCh38.p14_genomic	LGx	88	61	primary
GCF_000001405.40_GRCh38.p14_genomic	LGx	89	64	primary
GCF_000001405.40_GRCh38.p14_genomic	LGx	90	68	primary
GCF_000001405.40_GRCh38.p14_genomic	LGx	91	72	primary
GCF_000001405.40_GRCh38.p14_genomic	LGx	92	77	primary
GCF_000001405.40_GRCh38.p14_genomic	LGx	93	83	primary
GCF_000001405.40_GRCh38.p14_genomic	LGx	94	93	primary
GCF_000001405.40_GRCh38.p14_genomic	LGx	95	107	primary
GCF_000001405.40_GRCh38.p14_genomic	LGx	96	128	primary
GCF_000001405.40_GRCh38.p14_genomic	LGx	97	158	primary
GCF_000001405.40_GRCh38.p14_genomic	LGx	98	202	primary
GCF_000001405.40_GRCh38.p14_genomic	LGx	99	261	primary
GCF_000001405.40_GRCh38.p14_genomic	LGx	100	341	primary
GCF_009914755.1_T2T-CHM13v2.0_genomic	auN	3117275501	17.71083	primary
GCF_009914755.1_T2T-CHM13v2.0_genomic	auNG	3018593705	18.28982	primary
GCF_009914755.1_T2T-CHM13v2.0_genomic	Nx	1	248387328	primary
GCF_009914755.1_T2T-CHM13v2.0_genomic	Nx	2	248387328	primary
GCF_009914755.1_T2T-CHM13v2.0_genomic	Nx	3	248387328	primary
GCF_009914755.1_T2T-CHM13v2.0_genomic	Nx	4	248387328	primary
GCF_009914755.1_T2T-CHM13v2.0_genomic	Nx	5	248387328	primary
GCF_009914755.1_T2T-CHM13v2.0_genomic	Nx	6	248387328	primary
GCF_009914755.1_T2T-CHM13v2.0_genomic	Nx	7	248387328	primary
GCF_009914755.1_T2T-CHM13v2.0_genomic	Nx	8	242696752	primary
GCF_009914755.1_T2T-CHM13v2.0_genomic	Nx	9	242696752	primary
GCF_009914755.1_T2T-CHM13v2.0_genomic	Nx	10	242696752	primary
GCF_009914755.1_T2T-CHM13v2.0_genomic	Nx	11	242696752	primary
GCF_009914755.1_T2T-CHM13v2.0_genomic	Nx	12	242696752	primary
GCF_009914755.1_T2T-CHM13v2.0_genomic	Nx	13	242696752	primary
GCF_009914755.1_T2T-CHM13v2.0_genomic	Nx	14	242696752	primary
GCF_009914755.1_T2T-CHM13v2.0_genomic	Nx	15	242696752	primary
GCF_009914755.1_T2T-CHM13v2.0_genomic	Nx	16	201105948	primary
GCF_009914755.1_T2T-CHM13v2.0_genomic	Nx	17	201105948	primary
GCF_009914755.1_T2T-CHM13v2.0_genomic	Nx	18	201105948	primary
GCF_009914755.1_T2T-CHM13v2.0_genomic	Nx	19	201105948	primary
GCF_009914755.1_T2T-CHM13v2.0_genomic	Nx	20	201105948	primary
GCF_009914755.1_T2T-CHM13v2.0_genomic	Nx	21	201105948	primary
GCF_009914755.1_T2T-CHM13v2.0_genomic	Nx	22	201105948	primary
GCF_009914755.1_T2T-CHM13v2.0_genomic	Nx	23	193574945	primary
GCF_009914755.1_T2T-CHM13v2.0_genomic	Nx	24	193574945	primary
GCF_009914755.1_T2T-CHM13v2.0_genomic	Nx	25	193574945	primary
GCF_009914755.1_T2T-CHM13v2.0_genomic	Nx	26	193574945	primary
GCF_009914755.1_T2T-CHM13v2.0_genomic	Nx	27	193574945	primary
GCF_009914755.1_T2T-CHM13v2.0_genomic	Nx	28	193574945	primary
GCF_009914755.1_T2T-CHM13v2.0_genomic	Nx	29	182045439	primary
GCF_009914755.1_T2T-CHM13v2.0_genomic	Nx	30	182045439	primary
GCF_009914755.1_T2T-CHM13v2.0_genomic	Nx	31	182045439	primary
GCF_009914755.1_T2T-CHM13v2.0_genomic	Nx	32	182045439	primary
GCF_009914755.1_T2T-CHM13v2.0_genomic	Nx	33	182045439	primary
GCF_009914755.1_T2T-CHM13v2.0_genomic	Nx	34	182045439	primary
GCF_009914755.1_T2T-CHM13v2.0_genomic	Nx	35	172126628	primary
GCF_009914755.1_T2T-CHM13v2.0_genomic	Nx	36	172126628	primary
GCF_009914755.1_T2T-CHM13v2.0_genomic	Nx	37	172126628	primary
GCF_009914755.1_T2T-CHM13v2.0_genomic	Nx	38	172126628	primary
GCF_009914755.1_T2T-CHM13v2.0_genomic	Nx	39	172126628	primary
GCF_009914755.1_T2T-CHM13v2.0_genomic	Nx	40	160567428	primary
GCF_009914755.1_T2T-CHM13v2.0_genomic	Nx	41	160567428	primary
GCF_009914755.1_T2T-CHM13v2.0_genomic	Nx	42	160567428	primary
GCF_009914755.1_T2T-CHM13v2.0_genomic	Nx	43	160567428	primary
GCF_009914755.1_T2T-CHM13v2.0_genomic	Nx	44	160567428	primary
GCF_009914755.1_T2T-CHM13v2.0_genomic	Nx	45	154259566	primary
GCF_009914755.1_T2T-CHM13v2.0_genomic	Nx	46	154259566	primary
GCF_009914755.1_T2T-CHM13v2.0_genomic	Nx	47	154259566	primary
GCF_009914755.1_T2T-CHM13v2.0_genomic	Nx	48	154259566	primary
GCF_009914755.1_T2T-CHM13v2.0_genomic	Nx	49	154259566	primary
GCF_009914755.1_T2T-CHM13v2.0_genomic	Nx	50	150617247	primary
GCF_009914755.1_T2T-CHM13v2.0_genomic	Nx	51	150617247	primary
GCF_009914755.1_T2T-CHM13v2.0_genomic	Nx	52	150617247	primary
GCF_009914755.1_T2T-CHM13v2.0_genomic	Nx	53	150617247	primary
GCF_009914755.1_T2T-CHM13v2.0_genomic	Nx	54	150617247	primary
GCF_009914755.1_T2T-CHM13v2.0_genomic	Nx	55	146259331	primary
GCF_009914755.1_T2T-CHM13v2.0_genomic	Nx	56	146259331	primary
GCF_009914755.1_T2T-CHM13v2.0_genomic	Nx	57	146259331	primary
GCF_009914755.1_T2T-CHM13v2.0_genomic	Nx	58	146259331	primary
GCF_009914755.1_T2T-CHM13v2.0_genomic	Nx	59	146259331	primary
GCF_009914755.1_T2T-CHM13v2.0_genomic	Nx	60	135127769	primary
GCF_009914755.1_T2T-CHM13v2.0_genomic	Nx	61	135127769	primary
GCF_009914755.1_T2T-CHM13v2.0_genomic	Nx	62	135127769	primary
GCF_009914755.1_T2T-CHM13v2.0_genomic	Nx	63	135127769	primary
GCF_009914755.1_T2T-CHM13v2.0_genomic	Nx	64	134758134	primary
GCF_009914755.1_T2T-CHM13v2.0_genomic	Nx	65	134758134	primary
GCF_009914755.1_T2T-CHM13v2.0_genomic	Nx	66	134758134	primary
GCF_009914755.1_T2T-CHM13v2.0_genomic	Nx	67	134758134	primary
GCF_009914755.1_T2T-CHM13v2.0_genomic	Nx	68	134758134	primary
GCF_009914755.1_T2T-CHM13v2.0_genomic	Nx	69	133324548	primary
GCF_009914755.1_T2T-CHM13v2.0_genomic	Nx	70	133324548	primary
GCF_009914755.1_T2T-CHM13v2.0_genomic	Nx	71	133324548	primary
GCF_009914755.1_T2T-CHM13v2.0_genomic	Nx	72	133324548	primary
GCF_009914755.1_T2T-CHM13v2.0_genomic	Nx	73	113566686	primary
GCF_009914755.1_T2T-CHM13v2.0_genomic	Nx	74	113566686	primary
GCF_009914755.1_T2T-CHM13v2.0_genomic	Nx	75	113566686	primary
GCF_009914755.1_T2T-CHM13v2.0_genomic	Nx	76	101161492	primary
GCF_009914755.1_T2T-CHM13v2.0_genomic	Nx	77	101161492	primary
GCF_009914755.1_T2T-CHM13v2.0_genomic	Nx	78	101161492	primary
GCF_009914755.1_T2T-CHM13v2.0_genomic	Nx	79	101161492	primary
GCF_009914755.1_T2T-CHM13v2.0_genomic	Nx	80	99753195	primary
GCF_009914755.1_T2T-CHM13v2.0_genomic	Nx	81	99753195	primary
GCF_009914755.1_T2T-CHM13v2.0_genomic	Nx	82	99753195	primary
GCF_009914755.1_T2T-CHM13v2.0_genomic	Nx	83	96330374	primary
GCF_009914755.1_T2T-CHM13v2.0_genomic	Nx	84	96330374	primary
GCF_009914755.1_T2T-CHM13v2.0_genomic	Nx	85	96330374	primary
GCF_009914755.1_T2T-CHM13v2.0_genomic	Nx	86	84276897	primary
GCF_009914755.1_T2T-CHM13v2.0_genomic	Nx	87	84276897	primary
GCF_009914755.1_T2T-CHM13v2.0_genomic	Nx	88	84276897	primary
GCF_009914755.1_T2T-CHM13v2.0_genomic	Nx	89	80542538	primary
GCF_009914755.1_T2T-CHM13v2.0_genomic	Nx	90	80542538	primary
GCF_009914755.1_T2T-CHM13v2.0_genomic	Nx	91	66210255	primary
GCF_009914755.1_T2T-CHM13v2.0_genomic	Nx	92	66210255	primary
GCF_009914755.1_T2T-CHM13v2.0_genomic	Nx	93	62460029	primary
GCF_009914755.1_T2T-CHM13v2.0_genomic	Nx	94	62460029	primary
GCF_009914755.1_T2T-CHM13v2.0_genomic	Nx	95	61707364	primary
GCF_009914755.1_T2T-CHM13v2.0_genomic	Nx	96	61707364	primary
GCF_009914755.1_T2T-CHM13v2.0_genomic	Nx	97	51324926	primary
GCF_009914755.1_T2T-CHM13v2.0_genomic	Nx	98	51324926	primary
GCF_009914755.1_T2T-CHM13v2.0_genomic	Nx	99	45090682	primary
GCF_009914755.1_T2T-CHM13v2.0_genomic	Nx	100	45090682	primary
GCF_009914755.1_T2T-CHM13v2.0_genomic	Lx	1	248387328	primary
GCF_009914755.1_T2T-CHM13v2.0_genomic	Lx	2	248387328	primary
GCF_009914755.1_T2T-CHM13v2.0_genomic	Lx	3	248387328	primary
GCF_009914755.1_T2T-CHM13v2.0_genomic	Lx	4	248387328	primary
GCF_009914755.1_T2T-CHM13v2.0_genomic	Lx	5	248387328	primary
GCF_009914755.1_T2T-CHM13v2.0_genomic	Lx	6	248387328	primary
GCF_009914755.1_T2T-CHM13v2.0_genomic	Lx	7	248387328	primary
GCF_009914755.1_T2T-CHM13v2.0_genomic	Lx	8	242696752	primary
GCF_009914755.1_T2T-CHM13v2.0_genomic	Lx	9	242696752	primary
GCF_009914755.1_T2T-CHM13v2.0_genomic	Lx	10	242696752	primary
GCF_009914755.1_T2T-CHM13v2.0_genomic	Lx	11	242696752	primary
GCF_009914755.1_T2T-CHM13v2.0_genomic	Lx	12	242696752	primary
GCF_009914755.1_T2T-CHM13v2.0_genomic	Lx	13	242696752	primary
GCF_009914755.1_T2T-CHM13v2.0_genomic	Lx	14	242696752	primary
GCF_009914755.1_T2T-CHM13v2.0_genomic	Lx	15	242696752	primary
GCF_009914755.1_T2T-CHM13v2.0_genomic	Lx	16	201105948	primary
GCF_009914755.1_T2T-CHM13v2.0_genomic	Lx	17	201105948	primary
GCF_009914755.1_T2T-CHM13v2.0_genomic	Lx	18	201105948	primary
GCF_009914755.1_T2T-CHM13v2.0_genomic	Lx	19	201105948	primary
GCF_009914755.1_T2T-CHM13v2.0_genomic	Lx	20	201105948	primary
GCF_009914755.1_T2T-CHM13v2.0_genomic	Lx	21	201105948	primary
GCF_009914755.1_T2T-CHM13v2.0_genomic	Lx	22	201105948	primary
GCF_009914755.1_T2T-CHM13v2.0_genomic	Lx	23	193574945	primary
GCF_009914755.1_T2T-CHM13v2.0_genomic	Lx	24	193574945	primary
GCF_009914755.1_T2T-CHM13v2.0_genomic	Lx	25	193574945	primary
GCF_009914755.1_T2T-CHM13v2.0_genomic	Lx	26	193574945	primary
GCF_009914755.1_T2T-CHM13v2.0_genomic	Lx	27	193574945	primary
GCF_009914755.1_T2T-CHM13v2.0_genomic	Lx	28	193574945	primary
GCF_009914755.1_T2T-CHM13v2.0_genomic	Lx	29	182045439	primary
GCF_009914755.1_T2T-CHM13v2.0_genomic	Lx	30	182045439	primary
GCF_009914755.1_T2T-CHM13v2.0_genomic	Lx	31	182045439	primary
GCF_009914755.1_T2T-CHM13v2.0_genomic	Lx	32	182045439	primary
GCF_009914755.1_T2T-CHM13v2.0_genomic	Lx	33	182045439	primary
GCF_009914755.1_T2T-CHM13v2.0_genomic	Lx	34	182045439	primary
GCF_009914755.1_T2T-CHM13v2.0_genomic	Lx	35	172126628	primary
GCF_009914755.1_T2T-CHM13v2.0_genomic	Lx	36	172126628	primary
GCF_009914755.1_T2T-CHM13v2.0_genomic	Lx	37	172126628	primary
GCF_009914755.1_T2T-CHM13v2.0_genomic	Lx	38	172126628	primary
GCF_009914755.1_T2T-CHM13v2.0_genomic	Lx	39	172126628	primary
GCF_009914755.1_T2T-CHM13v2.0_genomic	Lx	40	160567428	primary
GCF_009914755.1_T2T-CHM13v2.0_genomic	Lx	41	160567428	primary
GCF_009914755.1_T2T-CHM13v2.0_genomic	Lx	42	160567428	primary
GCF_009914755.1_T2T-CHM13v2.0_genomic	Lx	43	160567428	primary
GCF_009914755.1_T2T-CHM13v2.0_genomic	Lx	44	160567428	primary
GCF_009914755.1_T2T-CHM13v2.0_genomic	Lx	45	154259566	primary
GCF_009914755.1_T2T-CHM13v2.0_genomic	Lx	46	154259566	primary
GCF_009914755.1_T2T-CHM13v2.0_genomic	Lx	47	154259566	primary
GCF_009914755.1_T2T-CHM13v2.0_genomic	Lx	48	154259566	primary
GCF_009914755.1_T2T-CHM13v2.0_genomic	Lx	49	154259566	primary
GCF_009914755.1_T2T-CHM13v2.0_genomic	Lx	50	150617247	primary
GCF_009914755.1_T2T-CHM13v2.0_genomic	Lx	51	150617247	primary
GCF_009914755.1_T2T-CHM13v2.0_genomic	Lx	52	150617247	primary
GCF_009914755.1_T2T-CHM13v2.0_genomic	Lx	53	150617247	primary
GCF_009914755.1_T2T-CHM13v2.0_genomic	Lx	54	150617247	primary
GCF_009914755.1_T2T-CHM13v2.0_genomic	Lx	55	146259331	primary
GCF_009914755.1_T2T-CHM13v2.0_genomic	Lx	56	146259331	primary
GCF_009914755.1_T2T-CHM13v2.0_genomic	Lx	57	146259331	primary
GCF_009914755.1_T2T-CHM13v2.0_genomic	Lx	58	146259331	primary
GCF_009914755.1_T2T-CHM13v2.0_genomic	Lx	59	146259331	primary
GCF_009914755.1_T2T-CHM13v2.0_genomic	Lx	60	135127769	primary
GCF_009914755.1_T2T-CHM13v2.0_genomic	Lx	61	135127769	primary
GCF_009914755.1_T2T-CHM13v2.0_genomic	Lx	62	135127769	primary
GCF_009914755.1_T2T-CHM13v2.0_genomic	Lx	63	135127769	primary
GCF_009914755.1_T2T-CHM13v2.0_genomic	Lx	64	134758134	primary
GCF_009914755.1_T2T-CHM13v2.0_genomic	Lx	65	134758134	primary
GCF_009914755.1_T2T-CHM13v2.0_genomic	Lx	66	134758134	primary
GCF_009914755.1_T2T-CHM13v2.0_genomic	Lx	67	134758134	primary
GCF_009914755.1_T2T-CHM13v2.0_genomic	Lx	68	134758134	primary
GCF_009914755.1_T2T-CHM13v2.0_genomic	Lx	69	133324548	primary
GCF_009914755.1_T2T-CHM13v2.0_genomic	Lx	70	133324548	primary
GCF_009914755.1_T2T-CHM13v2.0_genomic	Lx	71	133324548	primary
GCF_009914755.1_T2T-CHM13v2.0_genomic	Lx	72	133324548	primary
GCF_009914755.1_T2T-CHM13v2.0_genomic	Lx	73	113566686	primary
GCF_009914755.1_T2T-CHM13v2.0_genomic	Lx	74	113566686	primary
GCF_009914755.1_T2T-CHM13v2.0_genomic	Lx	75	113566686	primary
GCF_009914755.1_T2T-CHM13v2.0_genomic	Lx	76	101161492	primary
GCF_009914755.1_T2T-CHM13v2.0_genomic	Lx	77	101161492	primary
GCF_009914755.1_T2T-CHM13v2.0_genomic	Lx	78	101161492	primary
GCF_009914755.1_T2T-CHM13v2.0_genomic	Lx	79	101161492	primary
GCF_009914755.1_T2T-CHM13v2.0_genomic	Lx	80	99753195	primary
GCF_009914755.1_T2T-CHM13v2.0_genomic	Lx	81	99753195	primary
GCF_009914755.1_T2T-CHM13v2.0_genomic	Lx	82	99753195	primary
GCF_009914755.1_T2T-CHM13v2.0_genomic	Lx	83	96330374	primary
GCF_009914755.1_T2T-CHM13v2.0_genomic	Lx	84	96330374	primary
GCF_009914755.1_T2T-CHM13v2.0_genomic	Lx	85	96330374	primary
GCF_009914755.1_T2T-CHM13v2.0_genomic	Lx	86	84276897	primary
GCF_009914755.1_T2T-CHM13v2.0_genomic	Lx	87	84276897	primary
GCF_009914755.1_T2T-CHM13v2.0_genomic	Lx	88	84276897	primary
GCF_009914755.1_T2T-CHM13v2.0_genomic	Lx	89	80542538	primary
GCF_009914755.1_T2T-CHM13v2.0_genomic	Lx	90	80542538	primary
GCF_009914755.1_T2T-CHM13v2.0_genomic	Lx	91	66210255	primary
GCF_009914755.1_T2T-CHM13v2.0_genomic	Lx	92	66210255	primary
GCF_009914755.1_T2T-CHM13v2.0_genomic	Lx	93	62460029	primary
GCF_009914755.1_T2T-CHM13v2.0_genomic	Lx	94	62460029	primary
GCF_009914755.1_T2T-CHM13v2.0_genomic	Lx	95	61707364	primary
GCF_009914755.1_T2T-CHM13v2.0_genomic	Lx	96	61707364	primary
GCF_009914755.1_T2T-CHM13v2.0_genomic	Lx	97	51324926	primary
GCF_009914755.1_T2T-CHM13v2.0_genomic	Lx	98	51324926	primary
GCF_009914755.1_T2T-CHM13v2.0_genomic	Lx	99	45090682	primary
GCF_009914755.1_T2T-CHM13v2.0_genomic	Lx	100	45090682	primary
GCF_009914755.1_T2T-CHM13v2.0_genomic	NGx	1	248387328	primary
GCF_009914755.1_T2T-CHM13v2.0_genomic	NGx	2	248387328	primary
GCF_009914755.1_T2T-CHM13v2.0_genomic	NGx	3	248387328	primary
GCF_009914755.1_T2T-CHM13v2.0_genomic	NGx	4	248387328	primary
GCF_009914755.1_T2T-CHM13v2.0_genomic	NGx	5	248387328	primary
GCF_009914755.1_T2T-CHM13v2.0_genomic	NGx	6	248387328	primary
GCF_009914755.1_T2T-CHM13v2.0_genomic	NGx	7	248387328	primary
GCF_009914755.1_T2T-CHM13v2.0_genomic	NGx	8	248387328	primary
GCF_009914755.1_T2T-CHM13v2.0_genomic	NGx	9	242696752	primary
GCF_009914755.1_T2T-CHM13v2.0_genomic	NGx	10	242696752	primary
GCF_009914755.1_T2T-CHM13v2.0_genomic	NGx	11	242696752	primary
GCF_009914755.1_T2T-CHM13v2.0_genomic	NGx	12	242696752	primary
GCF_009914755.1_T2T-CHM13v2.0_genomic	NGx	13	242696752	primary
GCF_009914755.1_T2T-CHM13v2.0_genomic	NGx	14	242696752	primary
GCF_009914755.1_T2T-CHM13v2.0_genomic	NGx	15	242696752	primary
GCF_009914755.1_T2T-CHM13v2.0_genomic	NGx	16	242696752	primary
GCF_009914755.1_T2T-CHM13v2.0_genomic	NGx	17	201105948	primary
GCF_009914755.1_T2T-CHM13v2.0_genomic	NGx	18	201105948	primary
GCF_009914755.1_T2T-CHM13v2.0_genomic	NGx	19	201105948	primary
GCF_009914755.1_T2T-CHM13v2.0_genomic	NGx	20	201105948	primary
GCF_009914755.1_T2T-CHM13v2.0_genomic	NGx	21	201105948	primary
GCF_009914755.1_T2T-CHM13v2.0_genomic	NGx	22	201105948	primary
GCF_009914755.1_T2T-CHM13v2.0_genomic	NGx	23	193574945	primary
GCF_009914755.1_T2T-CHM13v2.0_genomic	NGx	24	193574945	primary
GCF_009914755.1_T2T-CHM13v2.0_genomic	NGx	25	193574945	primary
GCF_009914755.1_T2T-CHM13v2.0_genomic	NGx	26	193574945	primary
GCF_009914755.1_T2T-CHM13v2.0_genomic	NGx	27	193574945	primary
GCF_009914755.1_T2T-CHM13v2.0_genomic	NGx	28	193574945	primary
GCF_009914755.1_T2T-CHM13v2.0_genomic	NGx	29	193574945	primary
GCF_009914755.1_T2T-CHM13v2.0_genomic	NGx	30	182045439	primary
GCF_009914755.1_T2T-CHM13v2.0_genomic	NGx	31	182045439	primary
GCF_009914755.1_T2T-CHM13v2.0_genomic	NGx	32	182045439	primary
GCF_009914755.1_T2T-CHM13v2.0_genomic	NGx	33	182045439	primary
GCF_009914755.1_T2T-CHM13v2.0_genomic	NGx	34	182045439	primary
GCF_009914755.1_T2T-CHM13v2.0_genomic	NGx	35	182045439	primary
GCF_009914755.1_T2T-CHM13v2.0_genomic	NGx	36	172126628	primary
GCF_009914755.1_T2T-CHM13v2.0_genomic	NGx	37	172126628	primary
GCF_009914755.1_T2T-CHM13v2.0_genomic	NGx	38	172126628	primary
GCF_009914755.1_T2T-CHM13v2.0_genomic	NGx	39	172126628	primary
GCF_009914755.1_T2T-CHM13v2.0_genomic	NGx	40	172126628	primary
GCF_009914755.1_T2T-CHM13v2.0_genomic	NGx	41	172126628	primary
GCF_009914755.1_T2T-CHM13v2.0_genomic	NGx	42	160567428	primary
GCF_009914755.1_T2T-CHM13v2.0_genomic	NGx	43	160567428	primary
GCF_009914755.1_T2T-CHM13v2.0_genomic	NGx	44	160567428	primary
GCF_009914755.1_T2T-CHM13v2.0_genomic	NGx	45	160567428	primary
GCF_009914755.1_T2T-CHM13v2.0_genomic	NGx	46	160567428	primary
GCF_009914755.1_T2T-CHM13v2.0_genomic	NGx	47	154259566	primary
GCF_009914755.1_T2T-CHM13v2.0_genomic	NGx	48	154259566	primary
GCF_009914755.1_T2T-CHM13v2.0_genomic	NGx	49	154259566	primary
GCF_009914755.1_T2T-CHM13v2.0_genomic	NGx	50	154259566	primary
GCF_009914755.1_T2T-CHM13v2.0_genomic	NGx	51	154259566	primary
GCF_009914755.1_T2T-CHM13v2.0_genomic	NGx	52	150617247	primary
GCF_009914755.1_T2T-CHM13v2.0_genomic	NGx	53	150617247	primary
GCF_009914755.1_T2T-CHM13v2.0_genomic	NGx	54	150617247	primary
GCF_009914755.1_T2T-CHM13v2.0_genomic	NGx	55	150617247	primary
GCF_009914755.1_T2T-CHM13v2.0_genomic	NGx	56	150617247	primary
GCF_009914755.1_T2T-CHM13v2.0_genomic	NGx	57	146259331	primary
GCF_009914755.1_T2T-CHM13v2.0_genomic	NGx	58	146259331	primary
GCF_009914755.1_T2T-CHM13v2.0_genomic	NGx	59	146259331	primary
GCF_009914755.1_T2T-CHM13v2.0_genomic	NGx	60	146259331	primary
GCF_009914755.1_T2T-CHM13v2.0_genomic	NGx	61	146259331	primary
GCF_009914755.1_T2T-CHM13v2.0_genomic	NGx	62	135127769	primary
GCF_009914755.1_T2T-CHM13v2.0_genomic	NGx	63	135127769	primary
GCF_009914755.1_T2T-CHM13v2.0_genomic	NGx	64	135127769	primary
GCF_009914755.1_T2T-CHM13v2.0_genomic	NGx	65	135127769	primary
GCF_009914755.1_T2T-CHM13v2.0_genomic	NGx	66	134758134	primary
GCF_009914755.1_T2T-CHM13v2.0_genomic	NGx	67	134758134	primary
GCF_009914755.1_T2T-CHM13v2.0_genomic	NGx	68	134758134	primary
GCF_009914755.1_T2T-CHM13v2.0_genomic	NGx	69	134758134	primary
GCF_009914755.1_T2T-CHM13v2.0_genomic	NGx	70	134758134	primary
GCF_009914755.1_T2T-CHM13v2.0_genomic	NGx	71	133324548	primary
GCF_009914755.1_T2T-CHM13v2.0_genomic	NGx	72	133324548	primary
GCF_009914755.1_T2T-CHM13v2.0_genomic	NGx	73	133324548	primary
GCF_009914755.1_T2T-CHM13v2.0_genomic	NGx	74	133324548	primary
GCF_009914755.1_T2T-CHM13v2.0_genomic	NGx	75	113566686	primary
GCF_009914755.1_T2T-CHM13v2.0_genomic	NGx	76	113566686	primary
GCF_009914755.1_T2T-CHM13v2.0_genomic	NGx	77	113566686	primary
GCF_009914755.1_T2T-CHM13v2.0_genomic	NGx	78	113566686	primary
GCF_009914755.1_T2T-CHM13v2.0_genomic	NGx	79	101161492	primary
GCF_009914755.1_T2T-CHM13v2.0_genomic	NGx	80	101161492	primary
GCF_009914755.1_T2T-CHM13v2.0_genomic	NGx	81	101161492	primary
GCF_009914755.1_T2T-CHM13v2.0_genomic	NGx	82	99753195	primary
GCF_009914755.1_T2T-CHM13v2.0_genomic	NGx	83	99753195	primary
GCF_009914755.1_T2T-CHM13v2.0_genomic	NGx	84	99753195	primary
GCF_009914755.1_T2T-CHM13v2.0_genomic	NGx	85	99753195	primary
GCF_009914755.1_T2T-CHM13v2.0_genomic	NGx	86	96330374	primary
GCF_009914755.1_T2T-CHM13v2.0_genomic	NGx	87	96330374	primary
GCF_009914755.1_T2T-CHM13v2.0_genomic	NGx	88	96330374	primary
GCF_009914755.1_T2T-CHM13v2.0_genomic	NGx	89	84276897	primary
GCF_009914755.1_T2T-CHM13v2.0_genomic	NGx	90	84276897	primary
GCF_009914755.1_T2T-CHM13v2.0_genomic	NGx	91	84276897	primary
GCF_009914755.1_T2T-CHM13v2.0_genomic	NGx	92	80542538	primary
GCF_009914755.1_T2T-CHM13v2.0_genomic	NGx	93	80542538	primary
GCF_009914755.1_T2T-CHM13v2.0_genomic	NGx	94	66210255	primary
GCF_009914755.1_T2T-CHM13v2.0_genomic	NGx	95	66210255	primary
GCF_009914755.1_T2T-CHM13v2.0_genomic	NGx	96	62460029	primary
GCF_009914755.1_T2T-CHM13v2.0_genomic	NGx	97	62460029	primary
GCF_009914755.1_T2T-CHM13v2.0_genomic	NGx	98	62460029	primary
GCF_009914755.1_T2T-CHM13v2.0_genomic	NGx	99	61707364	primary
GCF_009914755.1_T2T-CHM13v2.0_genomic	NGx	100	61707364	primary
GCF_009914755.1_T2T-CHM13v2.0_genomic	LGx	1	1	primary
GCF_009914755.1_T2T-CHM13v2.0_genomic	LGx	2	1	primary
GCF_009914755.1_T2T-CHM13v2.0_genomic	LGx	3	1	primary
GCF_009914755.1_T2T-CHM13v2.0_genomic	LGx	4	1	primary
GCF_009914755.1_T2T-CHM13v2.0_genomic	LGx	5	1	primary
GCF_009914755.1_T2T-CHM13v2.0_genomic	LGx	6	1	primary
GCF_009914755.1_T2T-CHM13v2.0_genomic	LGx	7	1	primary
GCF_009914755.1_T2T-CHM13v2.0_genomic	LGx	8	1	primary
GCF_009914755.1_T2T-CHM13v2.0_genomic	LGx	9	2	primary
GCF_009914755.1_T2T-CHM13v2.0_genomic	LGx	10	2	primary
GCF_009914755.1_T2T-CHM13v2.0_genomic	LGx	11	2	primary
GCF_009914755.1_T2T-CHM13v2.0_genomic	LGx	12	2	primary
GCF_009914755.1_T2T-CHM13v2.0_genomic	LGx	13	2	primary
GCF_009914755.1_T2T-CHM13v2.0_genomic	LGx	14	2	primary
GCF_009914755.1_T2T-CHM13v2.0_genomic	LGx	15	2	primary
GCF_009914755.1_T2T-CHM13v2.0_genomic	LGx	16	2	primary
GCF_009914755.1_T2T-CHM13v2.0_genomic	LGx	17	3	primary
GCF_009914755.1_T2T-CHM13v2.0_genomic	LGx	18	3	primary
GCF_009914755.1_T2T-CHM13v2.0_genomic	LGx	19	3	primary
GCF_009914755.1_T2T-CHM13v2.0_genomic	LGx	20	3	primary
GCF_009914755.1_T2T-CHM13v2.0_genomic	LGx	21	3	primary
GCF_009914755.1_T2T-CHM13v2.0_genomic	LGx	22	3	primary
GCF_009914755.1_T2T-CHM13v2.0_genomic	LGx	23	4	primary
GCF_009914755.1_T2T-CHM13v2.0_genomic	LGx	24	4	primary
GCF_009914755.1_T2T-CHM13v2.0_genomic	LGx	25	4	primary
GCF_009914755.1_T2T-CHM13v2.0_genomic	LGx	26	4	primary
GCF_009914755.1_T2T-CHM13v2.0_genomic	LGx	27	4	primary
GCF_009914755.1_T2T-CHM13v2.0_genomic	LGx	28	4	primary
GCF_009914755.1_T2T-CHM13v2.0_genomic	LGx	29	4	primary
GCF_009914755.1_T2T-CHM13v2.0_genomic	LGx	30	5	primary
GCF_009914755.1_T2T-CHM13v2.0_genomic	LGx	31	5	primary
GCF_009914755.1_T2T-CHM13v2.0_genomic	LGx	32	5	primary
GCF_009914755.1_T2T-CHM13v2.0_genomic	LGx	33	5	primary
GCF_009914755.1_T2T-CHM13v2.0_genomic	LGx	34	5	primary
GCF_009914755.1_T2T-CHM13v2.0_genomic	LGx	35	5	primary
GCF_009914755.1_T2T-CHM13v2.0_genomic	LGx	36	6	primary
GCF_009914755.1_T2T-CHM13v2.0_genomic	LGx	37	6	primary
GCF_009914755.1_T2T-CHM13v2.0_genomic	LGx	38	6	primary
GCF_009914755.1_T2T-CHM13v2.0_genomic	LGx	39	6	primary
GCF_009914755.1_T2T-CHM13v2.0_genomic	LGx	40	6	primary
GCF_009914755.1_T2T-CHM13v2.0_genomic	LGx	41	6	primary
GCF_009914755.1_T2T-CHM13v2.0_genomic	LGx	42	7	primary
GCF_009914755.1_T2T-CHM13v2.0_genomic	LGx	43	7	primary
GCF_009914755.1_T2T-CHM13v2.0_genomic	LGx	44	7	primary
GCF_009914755.1_T2T-CHM13v2.0_genomic	LGx	45	7	primary
GCF_009914755.1_T2T-CHM13v2.0_genomic	LGx	46	7	primary
GCF_009914755.1_T2T-CHM13v2.0_genomic	LGx	47	8	primary
GCF_009914755.1_T2T-CHM13v2.0_genomic	LGx	48	8	primary
GCF_009914755.1_T2T-CHM13v2.0_genomic	LGx	49	8	primary
GCF_009914755.1_T2T-CHM13v2.0_genomic	LGx	50	8	primary
GCF_009914755.1_T2T-CHM13v2.0_genomic	LGx	51	8	primary
GCF_009914755.1_T2T-CHM13v2.0_genomic	LGx	52	9	primary
GCF_009914755.1_T2T-CHM13v2.0_genomic	LGx	53	9	primary
GCF_009914755.1_T2T-CHM13v2.0_genomic	LGx	54	9	primary
GCF_009914755.1_T2T-CHM13v2.0_genomic	LGx	55	9	primary
GCF_009914755.1_T2T-CHM13v2.0_genomic	LGx	56	9	primary
GCF_009914755.1_T2T-CHM13v2.0_genomic	LGx	57	10	primary
GCF_009914755.1_T2T-CHM13v2.0_genomic	LGx	58	10	primary
GCF_009914755.1_T2T-CHM13v2.0_genomic	LGx	59	10	primary
GCF_009914755.1_T2T-CHM13v2.0_genomic	LGx	60	10	primary
GCF_009914755.1_T2T-CHM13v2.0_genomic	LGx	61	10	primary
GCF_009914755.1_T2T-CHM13v2.0_genomic	LGx	62	11	primary
GCF_009914755.1_T2T-CHM13v2.0_genomic	LGx	63	11	primary
GCF_009914755.1_T2T-CHM13v2.0_genomic	LGx	64	11	primary
GCF_009914755.1_T2T-CHM13v2.0_genomic	LGx	65	11	primary
GCF_009914755.1_T2T-CHM13v2.0_genomic	LGx	66	12	primary
GCF_009914755.1_T2T-CHM13v2.0_genomic	LGx	67	12	primary
GCF_009914755.1_T2T-CHM13v2.0_genomic	LGx	68	12	primary
GCF_009914755.1_T2T-CHM13v2.0_genomic	LGx	69	12	primary
GCF_009914755.1_T2T-CHM13v2.0_genomic	LGx	70	12	primary
GCF_009914755.1_T2T-CHM13v2.0_genomic	LGx	71	13	primary
GCF_009914755.1_T2T-CHM13v2.0_genomic	LGx	72	13	primary
GCF_009914755.1_T2T-CHM13v2.0_genomic	LGx	73	13	primary
GCF_009914755.1_T2T-CHM13v2.0_genomic	LGx	74	13	primary
GCF_009914755.1_T2T-CHM13v2.0_genomic	LGx	75	14	primary
GCF_009914755.1_T2T-CHM13v2.0_genomic	LGx	76	14	primary
GCF_009914755.1_T2T-CHM13v2.0_genomic	LGx	77	14	primary
GCF_009914755.1_T2T-CHM13v2.0_genomic	LGx	78	14	primary
GCF_009914755.1_T2T-CHM13v2.0_genomic	LGx	79	15	primary
GCF_009914755.1_T2T-CHM13v2.0_genomic	LGx	80	15	primary
GCF_009914755.1_T2T-CHM13v2.0_genomic	LGx	81	15	primary
GCF_009914755.1_T2T-CHM13v2.0_genomic	LGx	82	16	primary
GCF_009914755.1_T2T-CHM13v2.0_genomic	LGx	83	16	primary
GCF_009914755.1_T2T-CHM13v2.0_genomic	LGx	84	16	primary
GCF_009914755.1_T2T-CHM13v2.0_genomic	LGx	85	16	primary
GCF_009914755.1_T2T-CHM13v2.0_genomic	LGx	86	17	primary
GCF_009914755.1_T2T-CHM13v2.0_genomic	LGx	87	17	primary
GCF_009914755.1_T2T-CHM13v2.0_genomic	LGx	88	17	primary
GCF_009914755.1_T2T-CHM13v2.0_genomic	LGx	89	18	primary
GCF_009914755.1_T2T-CHM13v2.0_genomic	LGx	90	18	primary
GCF_009914755.1_T2T-CHM13v2.0_genomic	LGx	91	18	primary
GCF_009914755.1_T2T-CHM13v2.0_genomic	LGx	92	19	primary
GCF_009914755.1_T2T-CHM13v2.0_genomic	LGx	93	19	primary
GCF_009914755.1_T2T-CHM13v2.0_genomic	LGx	94	20	primary
GCF_009914755.1_T2T-CHM13v2.0_genomic	LGx	95	20	primary
GCF_009914755.1_T2T-CHM13v2.0_genomic	LGx	96	21	primary
GCF_009914755.1_T2T-CHM13v2.0_genomic	LGx	97	21	primary
GCF_009914755.1_T2T-CHM13v2.0_genomic	LGx	98	21	primary
GCF_009914755.1_T2T-CHM13v2.0_genomic	LGx	99	22	primary
GCF_009914755.1_T2T-CHM13v2.0_genomic	LGx	100	22	primary