genomeName	stat	v1	v2	type
PR01227	auN	2984997423	394.9642	hap1
PR01227	auNG	3018593705	390.5683	hap1
PR01227	Nx	1	135230377.0	hap1
PR01227	Nx	2	135230377.0	hap1
PR01227	Nx	3	135230377.0	hap1
PR01227	Nx	4	135230377.0	hap1
PR01227	Nx	5	134678745.0	hap1
PR01227	Nx	6	134678745.0	hap1
PR01227	Nx	7	134678745.0	hap1
PR01227	Nx	8	134678745.0	hap1
PR01227	Nx	9	134678745.0	hap1
PR01227	Nx	10	134581458.0	hap1
PR01227	Nx	11	134581458.0	hap1
PR01227	Nx	12	134581458.0	hap1
PR01227	Nx	13	134581458.0	hap1
PR01227	Nx	14	121921640.0	hap1
PR01227	Nx	15	121921640.0	hap1
PR01227	Nx	16	121921640.0	hap1
PR01227	Nx	17	121921640.0	hap1
PR01227	Nx	18	114201073.0	hap1
PR01227	Nx	19	114201073.0	hap1
PR01227	Nx	20	114201073.0	hap1
PR01227	Nx	21	114201073.0	hap1
PR01227	Nx	22	110928542.0	hap1
PR01227	Nx	23	110928542.0	hap1
PR01227	Nx	24	110928542.0	hap1
PR01227	Nx	25	110928542.0	hap1
PR01227	Nx	26	107052048.0	hap1
PR01227	Nx	27	107052048.0	hap1
PR01227	Nx	28	107052048.0	hap1
PR01227	Nx	29	87937049.0	hap1
PR01227	Nx	30	87937049.0	hap1
PR01227	Nx	31	87937049.0	hap1
PR01227	Nx	32	72445317.0	hap1
PR01227	Nx	33	72445317.0	hap1
PR01227	Nx	34	72445317.0	hap1
PR01227	Nx	35	70906380.0	hap1
PR01227	Nx	36	70906380.0	hap1
PR01227	Nx	37	65260272.0	hap1
PR01227	Nx	38	65260272.0	hap1
PR01227	Nx	39	62917582.0	hap1
PR01227	Nx	40	62917582.0	hap1
PR01227	Nx	41	56483615.0	hap1
PR01227	Nx	42	56483615.0	hap1
PR01227	Nx	43	52173600.0	hap1
PR01227	Nx	44	52173600.0	hap1
PR01227	Nx	45	48396939.0	hap1
PR01227	Nx	46	48396939.0	hap1
PR01227	Nx	47	46564981.0	hap1
PR01227	Nx	48	43571814.0	hap1
PR01227	Nx	49	43571814.0	hap1
PR01227	Nx	50	41101977.0	hap1
PR01227	Nx	51	39074555.0	hap1
PR01227	Nx	52	38624588.0	hap1
PR01227	Nx	53	38624588.0	hap1
PR01227	Nx	54	38620244.0	hap1
PR01227	Nx	55	38541641.0	hap1
PR01227	Nx	56	38308808.0	hap1
PR01227	Nx	57	38018297.0	hap1
PR01227	Nx	58	38018297.0	hap1
PR01227	Nx	59	37484603.0	hap1
PR01227	Nx	60	36352493.0	hap1
PR01227	Nx	61	35102662.0	hap1
PR01227	Nx	62	33628500.0	hap1
PR01227	Nx	63	33061205.0	hap1
PR01227	Nx	64	33061205.0	hap1
PR01227	Nx	65	30803128.0	hap1
PR01227	Nx	66	29844159.0	hap1
PR01227	Nx	67	28632912.0	hap1
PR01227	Nx	68	28071265.0	hap1
PR01227	Nx	69	24666027.0	hap1
PR01227	Nx	70	23672821.0	hap1
PR01227	Nx	71	22496560.0	hap1
PR01227	Nx	72	21790219.0	hap1
PR01227	Nx	73	20705144.0	hap1
PR01227	Nx	74	20611433.0	hap1
PR01227	Nx	75	17770686.0	hap1
PR01227	Nx	76	16352716.0	hap1
PR01227	Nx	77	15848503.0	hap1
PR01227	Nx	78	14944538.0	hap1
PR01227	Nx	79	13946108.0	hap1
PR01227	Nx	80	12617750.0	hap1
PR01227	Nx	81	11756940.0	hap1
PR01227	Nx	82	10983003.0	hap1
PR01227	Nx	83	10386746.0	hap1
PR01227	Nx	84	9727567.0	hap1
PR01227	Nx	85	8551519.0	hap1
PR01227	Nx	86	7478838.0	hap1
PR01227	Nx	87	7110064.0	hap1
PR01227	Nx	88	5604630.0	hap1
PR01227	Nx	89	5241832.0	hap1
PR01227	Nx	90	4698739.0	hap1
PR01227	Nx	91	4250171.0	hap1
PR01227	Nx	92	3556133.0	hap1
PR01227	Nx	93	3010006.0	hap1
PR01227	Nx	94	2619447.0	hap1
PR01227	Nx	95	1997794.0	hap1
PR01227	Nx	96	1559045.0	hap1
PR01227	Nx	97	1141632.0	hap1
PR01227	Nx	98	831411.0	hap1
PR01227	Nx	99	337396.0	hap1
PR01227	Nx	100	11041.0	hap1
PR01227	Lx	1	135230377.0	hap1
PR01227	Lx	2	135230377.0	hap1
PR01227	Lx	3	135230377.0	hap1
PR01227	Lx	4	135230377.0	hap1
PR01227	Lx	5	134678745.0	hap1
PR01227	Lx	6	134678745.0	hap1
PR01227	Lx	7	134678745.0	hap1
PR01227	Lx	8	134678745.0	hap1
PR01227	Lx	9	134678745.0	hap1
PR01227	Lx	10	134581458.0	hap1
PR01227	Lx	11	134581458.0	hap1
PR01227	Lx	12	134581458.0	hap1
PR01227	Lx	13	134581458.0	hap1
PR01227	Lx	14	121921640.0	hap1
PR01227	Lx	15	121921640.0	hap1
PR01227	Lx	16	121921640.0	hap1
PR01227	Lx	17	121921640.0	hap1
PR01227	Lx	18	114201073.0	hap1
PR01227	Lx	19	114201073.0	hap1
PR01227	Lx	20	114201073.0	hap1
PR01227	Lx	21	114201073.0	hap1
PR01227	Lx	22	110928542.0	hap1
PR01227	Lx	23	110928542.0	hap1
PR01227	Lx	24	110928542.0	hap1
PR01227	Lx	25	110928542.0	hap1
PR01227	Lx	26	107052048.0	hap1
PR01227	Lx	27	107052048.0	hap1
PR01227	Lx	28	107052048.0	hap1
PR01227	Lx	29	87937049.0	hap1
PR01227	Lx	30	87937049.0	hap1
PR01227	Lx	31	87937049.0	hap1
PR01227	Lx	32	72445317.0	hap1
PR01227	Lx	33	72445317.0	hap1
PR01227	Lx	34	72445317.0	hap1
PR01227	Lx	35	70906380.0	hap1
PR01227	Lx	36	70906380.0	hap1
PR01227	Lx	37	65260272.0	hap1
PR01227	Lx	38	65260272.0	hap1
PR01227	Lx	39	62917582.0	hap1
PR01227	Lx	40	62917582.0	hap1
PR01227	Lx	41	56483615.0	hap1
PR01227	Lx	42	56483615.0	hap1
PR01227	Lx	43	52173600.0	hap1
PR01227	Lx	44	52173600.0	hap1
PR01227	Lx	45	48396939.0	hap1
PR01227	Lx	46	48396939.0	hap1
PR01227	Lx	47	46564981.0	hap1
PR01227	Lx	48	43571814.0	hap1
PR01227	Lx	49	43571814.0	hap1
PR01227	Lx	50	41101977.0	hap1
PR01227	Lx	51	39074555.0	hap1
PR01227	Lx	52	38624588.0	hap1
PR01227	Lx	53	38624588.0	hap1
PR01227	Lx	54	38620244.0	hap1
PR01227	Lx	55	38541641.0	hap1
PR01227	Lx	56	38308808.0	hap1
PR01227	Lx	57	38018297.0	hap1
PR01227	Lx	58	38018297.0	hap1
PR01227	Lx	59	37484603.0	hap1
PR01227	Lx	60	36352493.0	hap1
PR01227	Lx	61	35102662.0	hap1
PR01227	Lx	62	33628500.0	hap1
PR01227	Lx	63	33061205.0	hap1
PR01227	Lx	64	33061205.0	hap1
PR01227	Lx	65	30803128.0	hap1
PR01227	Lx	66	29844159.0	hap1
PR01227	Lx	67	28632912.0	hap1
PR01227	Lx	68	28071265.0	hap1
PR01227	Lx	69	24666027.0	hap1
PR01227	Lx	70	23672821.0	hap1
PR01227	Lx	71	22496560.0	hap1
PR01227	Lx	72	21790219.0	hap1
PR01227	Lx	73	20705144.0	hap1
PR01227	Lx	74	20611433.0	hap1
PR01227	Lx	75	17770686.0	hap1
PR01227	Lx	76	16352716.0	hap1
PR01227	Lx	77	15848503.0	hap1
PR01227	Lx	78	14944538.0	hap1
PR01227	Lx	79	13946108.0	hap1
PR01227	Lx	80	12617750.0	hap1
PR01227	Lx	81	11756940.0	hap1
PR01227	Lx	82	10983003.0	hap1
PR01227	Lx	83	10386746.0	hap1
PR01227	Lx	84	9727567.0	hap1
PR01227	Lx	85	8551519.0	hap1
PR01227	Lx	86	7478838.0	hap1
PR01227	Lx	87	7110064.0	hap1
PR01227	Lx	88	5604630.0	hap1
PR01227	Lx	89	5241832.0	hap1
PR01227	Lx	90	4698739.0	hap1
PR01227	Lx	91	4250171.0	hap1
PR01227	Lx	92	3556133.0	hap1
PR01227	Lx	93	3010006.0	hap1
PR01227	Lx	94	2619447.0	hap1
PR01227	Lx	95	1997794.0	hap1
PR01227	Lx	96	1559045.0	hap1
PR01227	Lx	97	1141632.0	hap1
PR01227	Lx	98	831411.0	hap1
PR01227	Lx	99	337396.0	hap1
PR01227	Lx	100	11041.0	hap1
PR01227	NGx	1	135230377.0	hap1
PR01227	NGx	2	135230377.0	hap1
PR01227	NGx	3	135230377.0	hap1
PR01227	NGx	4	135230377.0	hap1
PR01227	NGx	5	134678745.0	hap1
PR01227	NGx	6	134678745.0	hap1
PR01227	NGx	7	134678745.0	hap1
PR01227	NGx	8	134678745.0	hap1
PR01227	NGx	9	134581458.0	hap1
PR01227	NGx	10	134581458.0	hap1
PR01227	NGx	11	134581458.0	hap1
PR01227	NGx	12	134581458.0	hap1
PR01227	NGx	13	134581458.0	hap1
PR01227	NGx	14	121921640.0	hap1
PR01227	NGx	15	121921640.0	hap1
PR01227	NGx	16	121921640.0	hap1
PR01227	NGx	17	121921640.0	hap1
PR01227	NGx	18	114201073.0	hap1
PR01227	NGx	19	114201073.0	hap1
PR01227	NGx	20	114201073.0	hap1
PR01227	NGx	21	114201073.0	hap1
PR01227	NGx	22	110928542.0	hap1
PR01227	NGx	23	110928542.0	hap1
PR01227	NGx	24	110928542.0	hap1
PR01227	NGx	25	107052048.0	hap1
PR01227	NGx	26	107052048.0	hap1
PR01227	NGx	27	107052048.0	hap1
PR01227	NGx	28	107052048.0	hap1
PR01227	NGx	29	87937049.0	hap1
PR01227	NGx	30	87937049.0	hap1
PR01227	NGx	31	87937049.0	hap1
PR01227	NGx	32	72445317.0	hap1
PR01227	NGx	33	72445317.0	hap1
PR01227	NGx	34	70906380.0	hap1
PR01227	NGx	35	70906380.0	hap1
PR01227	NGx	36	70906380.0	hap1
PR01227	NGx	37	65260272.0	hap1
PR01227	NGx	38	65260272.0	hap1
PR01227	NGx	39	62917582.0	hap1
PR01227	NGx	40	62917582.0	hap1
PR01227	NGx	41	56483615.0	hap1
PR01227	NGx	42	56483615.0	hap1
PR01227	NGx	43	52173600.0	hap1
PR01227	NGx	44	48396939.0	hap1
PR01227	NGx	45	48396939.0	hap1
PR01227	NGx	46	46564981.0	hap1
PR01227	NGx	47	46564981.0	hap1
PR01227	NGx	48	43571814.0	hap1
PR01227	NGx	49	41101977.0	hap1
PR01227	NGx	50	39074555.0	hap1
PR01227	NGx	51	39074555.0	hap1
PR01227	NGx	52	38624588.0	hap1
PR01227	NGx	53	38620244.0	hap1
PR01227	NGx	54	38541641.0	hap1
PR01227	NGx	55	38541641.0	hap1
PR01227	NGx	56	38308808.0	hap1
PR01227	NGx	57	38018297.0	hap1
PR01227	NGx	58	37484603.0	hap1
PR01227	NGx	59	36352493.0	hap1
PR01227	NGx	60	36352493.0	hap1
PR01227	NGx	61	35102662.0	hap1
PR01227	NGx	62	33628500.0	hap1
PR01227	NGx	63	33061205.0	hap1
PR01227	NGx	64	30803128.0	hap1
PR01227	NGx	65	29844159.0	hap1
PR01227	NGx	66	28632912.0	hap1
PR01227	NGx	67	28071265.0	hap1
PR01227	NGx	68	25233478.0	hap1
PR01227	NGx	69	23672821.0	hap1
PR01227	NGx	70	22496560.0	hap1
PR01227	NGx	71	22491309.0	hap1
PR01227	NGx	72	20705144.0	hap1
PR01227	NGx	73	20611433.0	hap1
PR01227	NGx	74	17770686.0	hap1
PR01227	NGx	75	16774616.0	hap1
PR01227	NGx	76	16152032.0	hap1
PR01227	NGx	77	14944538.0	hap1
PR01227	NGx	78	14021804.0	hap1
PR01227	NGx	79	13402769.0	hap1
PR01227	NGx	80	11756940.0	hap1
PR01227	NGx	81	10983003.0	hap1
PR01227	NGx	82	10531993.0	hap1
PR01227	NGx	83	9727567.0	hap1
PR01227	NGx	84	8551519.0	hap1
PR01227	NGx	85	7478838.0	hap1
PR01227	NGx	86	7110064.0	hap1
PR01227	NGx	87	5604630.0	hap1
PR01227	NGx	88	5241832.0	hap1
PR01227	NGx	89	4698739.0	hap1
PR01227	NGx	90	4250171.0	hap1
PR01227	NGx	91	3537103.0	hap1
PR01227	NGx	92	3010006.0	hap1
PR01227	NGx	93	2590009.0	hap1
PR01227	NGx	94	1994658.0	hap1
PR01227	NGx	95	1502097.0	hap1
PR01227	NGx	96	1126000.0	hap1
PR01227	NGx	97	798663.0	hap1
PR01227	NGx	98	306086.0	hap1
PR01227	NGx	99	0.0	hap1
PR01227	NGx	100	0.0	hap1
PR01227	LGx	1	1.0	hap1
PR01227	LGx	2	1.0	hap1
PR01227	LGx	3	1.0	hap1
PR01227	LGx	4	1.0	hap1
PR01227	LGx	5	2.0	hap1
PR01227	LGx	6	2.0	hap1
PR01227	LGx	7	2.0	hap1
PR01227	LGx	8	2.0	hap1
PR01227	LGx	9	3.0	hap1
PR01227	LGx	10	3.0	hap1
PR01227	LGx	11	3.0	hap1
PR01227	LGx	12	3.0	hap1
PR01227	LGx	13	3.0	hap1
PR01227	LGx	14	4.0	hap1
PR01227	LGx	15	4.0	hap1
PR01227	LGx	16	4.0	hap1
PR01227	LGx	17	4.0	hap1
PR01227	LGx	18	5.0	hap1
PR01227	LGx	19	5.0	hap1
PR01227	LGx	20	5.0	hap1
PR01227	LGx	21	5.0	hap1
PR01227	LGx	22	6.0	hap1
PR01227	LGx	23	6.0	hap1
PR01227	LGx	24	6.0	hap1
PR01227	LGx	25	7.0	hap1
PR01227	LGx	26	7.0	hap1
PR01227	LGx	27	7.0	hap1
PR01227	LGx	28	7.0	hap1
PR01227	LGx	29	8.0	hap1
PR01227	LGx	30	8.0	hap1
PR01227	LGx	31	8.0	hap1
PR01227	LGx	32	9.0	hap1
PR01227	LGx	33	9.0	hap1
PR01227	LGx	34	10.0	hap1
PR01227	LGx	35	10.0	hap1
PR01227	LGx	36	10.0	hap1
PR01227	LGx	37	11.0	hap1
PR01227	LGx	38	11.0	hap1
PR01227	LGx	39	12.0	hap1
PR01227	LGx	40	12.0	hap1
PR01227	LGx	41	13.0	hap1
PR01227	LGx	42	13.0	hap1
PR01227	LGx	43	14.0	hap1
PR01227	LGx	44	15.0	hap1
PR01227	LGx	45	15.0	hap1
PR01227	LGx	46	16.0	hap1
PR01227	LGx	47	16.0	hap1
PR01227	LGx	48	17.0	hap1
PR01227	LGx	49	18.0	hap1
PR01227	LGx	50	19.0	hap1
PR01227	LGx	51	19.0	hap1
PR01227	LGx	52	20.0	hap1
PR01227	LGx	53	21.0	hap1
PR01227	LGx	54	22.0	hap1
PR01227	LGx	55	22.0	hap1
PR01227	LGx	56	23.0	hap1
PR01227	LGx	57	24.0	hap1
PR01227	LGx	58	25.0	hap1
PR01227	LGx	59	26.0	hap1
PR01227	LGx	60	26.0	hap1
PR01227	LGx	61	27.0	hap1
PR01227	LGx	62	28.0	hap1
PR01227	LGx	63	29.0	hap1
PR01227	LGx	64	30.0	hap1
PR01227	LGx	65	31.0	hap1
PR01227	LGx	66	32.0	hap1
PR01227	LGx	67	33.0	hap1
PR01227	LGx	68	34.0	hap1
PR01227	LGx	69	36.0	hap1
PR01227	LGx	70	37.0	hap1
PR01227	LGx	71	38.0	hap1
PR01227	LGx	72	40.0	hap1
PR01227	LGx	73	41.0	hap1
PR01227	LGx	74	43.0	hap1
PR01227	LGx	75	44.0	hap1
PR01227	LGx	76	46.0	hap1
PR01227	LGx	77	48.0	hap1
PR01227	LGx	78	50.0	hap1
PR01227	LGx	79	52.0	hap1
PR01227	LGx	80	55.0	hap1
PR01227	LGx	81	58.0	hap1
PR01227	LGx	82	60.0	hap1
PR01227	LGx	83	63.0	hap1
PR01227	LGx	84	67.0	hap1
PR01227	LGx	85	70.0	hap1
PR01227	LGx	86	74.0	hap1
PR01227	LGx	87	79.0	hap1
PR01227	LGx	88	85.0	hap1
PR01227	LGx	89	91.0	hap1
PR01227	LGx	90	98.0	hap1
PR01227	LGx	91	106.0	hap1
PR01227	LGx	92	115.0	hap1
PR01227	LGx	93	126.0	hap1
PR01227	LGx	94	139.0	hap1
PR01227	LGx	95	157.0	hap1
PR01227	LGx	96	180.0	hap1
PR01227	LGx	97	210.0	hap1
PR01227	LGx	98	271.0	hap1
PR01227	LGx	99	670.0	hap1
PR01227	LGx	100	670.0	hap1
PR01227	auN	3125594602	352.85294	hap2
PR01227	auNG	3018593705	365.3606	hap2
PR01227	Nx	1	210544002.0	hap2
PR01227	Nx	2	210544002.0	hap2
PR01227	Nx	3	210544002.0	hap2
PR01227	Nx	4	210544002.0	hap2
PR01227	Nx	5	210544002.0	hap2
PR01227	Nx	6	210544002.0	hap2
PR01227	Nx	7	191644516.0	hap2
PR01227	Nx	8	191644516.0	hap2
PR01227	Nx	9	191644516.0	hap2
PR01227	Nx	10	191644516.0	hap2
PR01227	Nx	11	191644516.0	hap2
PR01227	Nx	12	191644516.0	hap2
PR01227	Nx	13	124074563.0	hap2
PR01227	Nx	14	124074563.0	hap2
PR01227	Nx	15	124074563.0	hap2
PR01227	Nx	16	124074563.0	hap2
PR01227	Nx	17	111935090.0	hap2
PR01227	Nx	18	111935090.0	hap2
PR01227	Nx	19	111935090.0	hap2
PR01227	Nx	20	111935090.0	hap2
PR01227	Nx	21	110900415.0	hap2
PR01227	Nx	22	110900415.0	hap2
PR01227	Nx	23	110900415.0	hap2
PR01227	Nx	24	106920619.0	hap2
PR01227	Nx	25	106920619.0	hap2
PR01227	Nx	26	106920619.0	hap2
PR01227	Nx	27	106920619.0	hap2
PR01227	Nx	28	98809936.0	hap2
PR01227	Nx	29	98809936.0	hap2
PR01227	Nx	30	98809936.0	hap2
PR01227	Nx	31	96947681.0	hap2
PR01227	Nx	32	96947681.0	hap2
PR01227	Nx	33	96947681.0	hap2
PR01227	Nx	34	93950419.0	hap2
PR01227	Nx	35	93950419.0	hap2
PR01227	Nx	36	93950419.0	hap2
PR01227	Nx	37	78183186.0	hap2
PR01227	Nx	38	78183186.0	hap2
PR01227	Nx	39	78183186.0	hap2
PR01227	Nx	40	76149146.0	hap2
PR01227	Nx	41	76149146.0	hap2
PR01227	Nx	42	75763620.0	hap2
PR01227	Nx	43	75763620.0	hap2
PR01227	Nx	44	75763620.0	hap2
PR01227	Nx	45	68228012.0	hap2
PR01227	Nx	46	68228012.0	hap2
PR01227	Nx	47	60376644.0	hap2
PR01227	Nx	48	60376644.0	hap2
PR01227	Nx	49	59838634.0	hap2
PR01227	Nx	50	59838634.0	hap2
PR01227	Nx	51	57548616.0	hap2
PR01227	Nx	52	54360536.0	hap2
PR01227	Nx	53	54360536.0	hap2
PR01227	Nx	54	53943289.0	hap2
PR01227	Nx	55	53943289.0	hap2
PR01227	Nx	56	43756873.0	hap2
PR01227	Nx	57	42903804.0	hap2
PR01227	Nx	58	42903804.0	hap2
PR01227	Nx	59	42210743.0	hap2
PR01227	Nx	60	41096743.0	hap2
PR01227	Nx	61	39375017.0	hap2
PR01227	Nx	62	39375017.0	hap2
PR01227	Nx	63	37472214.0	hap2
PR01227	Nx	64	36956557.0	hap2
PR01227	Nx	65	35645046.0	hap2
PR01227	Nx	66	34440608.0	hap2
PR01227	Nx	67	31306360.0	hap2
PR01227	Nx	68	30089679.0	hap2
PR01227	Nx	69	29432757.0	hap2
PR01227	Nx	70	29381606.0	hap2
PR01227	Nx	71	28907569.0	hap2
PR01227	Nx	72	27827802.0	hap2
PR01227	Nx	73	21415499.0	hap2
PR01227	Nx	74	19878700.0	hap2
PR01227	Nx	75	19687583.0	hap2
PR01227	Nx	76	19438594.0	hap2
PR01227	Nx	77	17558018.0	hap2
PR01227	Nx	78	17287150.0	hap2
PR01227	Nx	79	14640416.0	hap2
PR01227	Nx	80	13947604.0	hap2
PR01227	Nx	81	12325803.0	hap2
PR01227	Nx	82	11328208.0	hap2
PR01227	Nx	83	10515158.0	hap2
PR01227	Nx	84	9511254.0	hap2
PR01227	Nx	85	8319090.0	hap2
PR01227	Nx	86	7767075.0	hap2
PR01227	Nx	87	6642819.0	hap2
PR01227	Nx	88	6159885.0	hap2
PR01227	Nx	89	5403601.0	hap2
PR01227	Nx	90	4904846.0	hap2
PR01227	Nx	91	4205430.0	hap2
PR01227	Nx	92	3600624.0	hap2
PR01227	Nx	93	3105453.0	hap2
PR01227	Nx	94	2716416.0	hap2
PR01227	Nx	95	2355422.0	hap2
PR01227	Nx	96	1762643.0	hap2
PR01227	Nx	97	1354192.0	hap2
PR01227	Nx	98	878783.0	hap2
PR01227	Nx	99	383544.0	hap2
PR01227	Nx	100	11426.0	hap2
PR01227	Lx	1	210544002.0	hap2
PR01227	Lx	2	210544002.0	hap2
PR01227	Lx	3	210544002.0	hap2
PR01227	Lx	4	210544002.0	hap2
PR01227	Lx	5	210544002.0	hap2
PR01227	Lx	6	210544002.0	hap2
PR01227	Lx	7	191644516.0	hap2
PR01227	Lx	8	191644516.0	hap2
PR01227	Lx	9	191644516.0	hap2
PR01227	Lx	10	191644516.0	hap2
PR01227	Lx	11	191644516.0	hap2
PR01227	Lx	12	191644516.0	hap2
PR01227	Lx	13	124074563.0	hap2
PR01227	Lx	14	124074563.0	hap2
PR01227	Lx	15	124074563.0	hap2
PR01227	Lx	16	124074563.0	hap2
PR01227	Lx	17	111935090.0	hap2
PR01227	Lx	18	111935090.0	hap2
PR01227	Lx	19	111935090.0	hap2
PR01227	Lx	20	111935090.0	hap2
PR01227	Lx	21	110900415.0	hap2
PR01227	Lx	22	110900415.0	hap2
PR01227	Lx	23	110900415.0	hap2
PR01227	Lx	24	106920619.0	hap2
PR01227	Lx	25	106920619.0	hap2
PR01227	Lx	26	106920619.0	hap2
PR01227	Lx	27	106920619.0	hap2
PR01227	Lx	28	98809936.0	hap2
PR01227	Lx	29	98809936.0	hap2
PR01227	Lx	30	98809936.0	hap2
PR01227	Lx	31	96947681.0	hap2
PR01227	Lx	32	96947681.0	hap2
PR01227	Lx	33	96947681.0	hap2
PR01227	Lx	34	93950419.0	hap2
PR01227	Lx	35	93950419.0	hap2
PR01227	Lx	36	93950419.0	hap2
PR01227	Lx	37	78183186.0	hap2
PR01227	Lx	38	78183186.0	hap2
PR01227	Lx	39	78183186.0	hap2
PR01227	Lx	40	76149146.0	hap2
PR01227	Lx	41	76149146.0	hap2
PR01227	Lx	42	75763620.0	hap2
PR01227	Lx	43	75763620.0	hap2
PR01227	Lx	44	75763620.0	hap2
PR01227	Lx	45	68228012.0	hap2
PR01227	Lx	46	68228012.0	hap2
PR01227	Lx	47	60376644.0	hap2
PR01227	Lx	48	60376644.0	hap2
PR01227	Lx	49	59838634.0	hap2
PR01227	Lx	50	59838634.0	hap2
PR01227	Lx	51	57548616.0	hap2
PR01227	Lx	52	54360536.0	hap2
PR01227	Lx	53	54360536.0	hap2
PR01227	Lx	54	53943289.0	hap2
PR01227	Lx	55	53943289.0	hap2
PR01227	Lx	56	43756873.0	hap2
PR01227	Lx	57	42903804.0	hap2
PR01227	Lx	58	42903804.0	hap2
PR01227	Lx	59	42210743.0	hap2
PR01227	Lx	60	41096743.0	hap2
PR01227	Lx	61	39375017.0	hap2
PR01227	Lx	62	39375017.0	hap2
PR01227	Lx	63	37472214.0	hap2
PR01227	Lx	64	36956557.0	hap2
PR01227	Lx	65	35645046.0	hap2
PR01227	Lx	66	34440608.0	hap2
PR01227	Lx	67	31306360.0	hap2
PR01227	Lx	68	30089679.0	hap2
PR01227	Lx	69	29432757.0	hap2
PR01227	Lx	70	29381606.0	hap2
PR01227	Lx	71	28907569.0	hap2
PR01227	Lx	72	27827802.0	hap2
PR01227	Lx	73	21415499.0	hap2
PR01227	Lx	74	19878700.0	hap2
PR01227	Lx	75	19687583.0	hap2
PR01227	Lx	76	19438594.0	hap2
PR01227	Lx	77	17558018.0	hap2
PR01227	Lx	78	17287150.0	hap2
PR01227	Lx	79	14640416.0	hap2
PR01227	Lx	80	13947604.0	hap2
PR01227	Lx	81	12325803.0	hap2
PR01227	Lx	82	11328208.0	hap2
PR01227	Lx	83	10515158.0	hap2
PR01227	Lx	84	9511254.0	hap2
PR01227	Lx	85	8319090.0	hap2
PR01227	Lx	86	7767075.0	hap2
PR01227	Lx	87	6642819.0	hap2
PR01227	Lx	88	6159885.0	hap2
PR01227	Lx	89	5403601.0	hap2
PR01227	Lx	90	4904846.0	hap2
PR01227	Lx	91	4205430.0	hap2
PR01227	Lx	92	3600624.0	hap2
PR01227	Lx	93	3105453.0	hap2
PR01227	Lx	94	2716416.0	hap2
PR01227	Lx	95	2355422.0	hap2
PR01227	Lx	96	1762643.0	hap2
PR01227	Lx	97	1354192.0	hap2
PR01227	Lx	98	878783.0	hap2
PR01227	Lx	99	383544.0	hap2
PR01227	Lx	100	11426.0	hap2
PR01227	NGx	1	210544002.0	hap2
PR01227	NGx	2	210544002.0	hap2
PR01227	NGx	3	210544002.0	hap2
PR01227	NGx	4	210544002.0	hap2
PR01227	NGx	5	210544002.0	hap2
PR01227	NGx	6	210544002.0	hap2
PR01227	NGx	7	191644516.0	hap2
PR01227	NGx	8	191644516.0	hap2
PR01227	NGx	9	191644516.0	hap2
PR01227	NGx	10	191644516.0	hap2
PR01227	NGx	11	191644516.0	hap2
PR01227	NGx	12	191644516.0	hap2
PR01227	NGx	13	191644516.0	hap2
PR01227	NGx	14	124074563.0	hap2
PR01227	NGx	15	124074563.0	hap2
PR01227	NGx	16	124074563.0	hap2
PR01227	NGx	17	124074563.0	hap2
PR01227	NGx	18	111935090.0	hap2
PR01227	NGx	19	111935090.0	hap2
PR01227	NGx	20	111935090.0	hap2
PR01227	NGx	21	111935090.0	hap2
PR01227	NGx	22	110900415.0	hap2
PR01227	NGx	23	110900415.0	hap2
PR01227	NGx	24	110900415.0	hap2
PR01227	NGx	25	106920619.0	hap2
PR01227	NGx	26	106920619.0	hap2
PR01227	NGx	27	106920619.0	hap2
PR01227	NGx	28	106920619.0	hap2
PR01227	NGx	29	98809936.0	hap2
PR01227	NGx	30	98809936.0	hap2
PR01227	NGx	31	98809936.0	hap2
PR01227	NGx	32	96947681.0	hap2
PR01227	NGx	33	96947681.0	hap2
PR01227	NGx	34	96947681.0	hap2
PR01227	NGx	35	93950419.0	hap2
PR01227	NGx	36	93950419.0	hap2
PR01227	NGx	37	93950419.0	hap2
PR01227	NGx	38	78183186.0	hap2
PR01227	NGx	39	78183186.0	hap2
PR01227	NGx	40	78183186.0	hap2
PR01227	NGx	41	76149146.0	hap2
PR01227	NGx	42	76149146.0	hap2
PR01227	NGx	43	76149146.0	hap2
PR01227	NGx	44	75763620.0	hap2
PR01227	NGx	45	75763620.0	hap2
PR01227	NGx	46	68228012.0	hap2
PR01227	NGx	47	68228012.0	hap2
PR01227	NGx	48	60376644.0	hap2
PR01227	NGx	49	60376644.0	hap2
PR01227	NGx	50	59838634.0	hap2
PR01227	NGx	51	59838634.0	hap2
PR01227	NGx	52	57548616.0	hap2
PR01227	NGx	53	57548616.0	hap2
PR01227	NGx	54	54360536.0	hap2
PR01227	NGx	55	54360536.0	hap2
PR01227	NGx	56	53943289.0	hap2
PR01227	NGx	57	53943289.0	hap2
PR01227	NGx	58	43756873.0	hap2
PR01227	NGx	59	42903804.0	hap2
PR01227	NGx	60	42903804.0	hap2
PR01227	NGx	61	42210743.0	hap2
PR01227	NGx	62	41096743.0	hap2
PR01227	NGx	63	39375017.0	hap2
PR01227	NGx	64	39375017.0	hap2
PR01227	NGx	65	37472214.0	hap2
PR01227	NGx	66	36956557.0	hap2
PR01227	NGx	67	35645046.0	hap2
PR01227	NGx	68	34440608.0	hap2
PR01227	NGx	69	34440608.0	hap2
PR01227	NGx	70	31306360.0	hap2
PR01227	NGx	71	30089679.0	hap2
PR01227	NGx	72	29432757.0	hap2
PR01227	NGx	73	29381606.0	hap2
PR01227	NGx	74	27827802.0	hap2
PR01227	NGx	75	21415499.0	hap2
PR01227	NGx	76	20685088.0	hap2
PR01227	NGx	77	19854953.0	hap2
PR01227	NGx	78	19687583.0	hap2
PR01227	NGx	79	18772303.0	hap2
PR01227	NGx	80	17558018.0	hap2
PR01227	NGx	81	17287150.0	hap2
PR01227	NGx	82	14640416.0	hap2
PR01227	NGx	83	13947604.0	hap2
PR01227	NGx	84	12325803.0	hap2
PR01227	NGx	85	11328208.0	hap2
PR01227	NGx	86	10515158.0	hap2
PR01227	NGx	87	9511254.0	hap2
PR01227	NGx	88	8319090.0	hap2
PR01227	NGx	89	7767075.0	hap2
PR01227	NGx	90	6676670.0	hap2
PR01227	NGx	91	6343796.0	hap2
PR01227	NGx	92	5471887.0	hap2
PR01227	NGx	93	5029649.0	hap2
PR01227	NGx	94	4344181.0	hap2
PR01227	NGx	95	3666697.0	hap2
PR01227	NGx	96	3342120.0	hap2
PR01227	NGx	97	2830231.0	hap2
PR01227	NGx	98	2486489.0	hap2
PR01227	NGx	99	2038858.0	hap2
PR01227	NGx	100	1542140.0	hap2
PR01227	LGx	1	1.0	hap2
PR01227	LGx	2	1.0	hap2
PR01227	LGx	3	1.0	hap2
PR01227	LGx	4	1.0	hap2
PR01227	LGx	5	1.0	hap2
PR01227	LGx	6	1.0	hap2
PR01227	LGx	7	2.0	hap2
PR01227	LGx	8	2.0	hap2
PR01227	LGx	9	2.0	hap2
PR01227	LGx	10	2.0	hap2
PR01227	LGx	11	2.0	hap2
PR01227	LGx	12	2.0	hap2
PR01227	LGx	13	2.0	hap2
PR01227	LGx	14	3.0	hap2
PR01227	LGx	15	3.0	hap2
PR01227	LGx	16	3.0	hap2
PR01227	LGx	17	3.0	hap2
PR01227	LGx	18	4.0	hap2
PR01227	LGx	19	4.0	hap2
PR01227	LGx	20	4.0	hap2
PR01227	LGx	21	4.0	hap2
PR01227	LGx	22	5.0	hap2
PR01227	LGx	23	5.0	hap2
PR01227	LGx	24	5.0	hap2
PR01227	LGx	25	6.0	hap2
PR01227	LGx	26	6.0	hap2
PR01227	LGx	27	6.0	hap2
PR01227	LGx	28	6.0	hap2
PR01227	LGx	29	7.0	hap2
PR01227	LGx	30	7.0	hap2
PR01227	LGx	31	7.0	hap2
PR01227	LGx	32	8.0	hap2
PR01227	LGx	33	8.0	hap2
PR01227	LGx	34	8.0	hap2
PR01227	LGx	35	9.0	hap2
PR01227	LGx	36	9.0	hap2
PR01227	LGx	37	9.0	hap2
PR01227	LGx	38	10.0	hap2
PR01227	LGx	39	10.0	hap2
PR01227	LGx	40	10.0	hap2
PR01227	LGx	41	11.0	hap2
PR01227	LGx	42	11.0	hap2
PR01227	LGx	43	11.0	hap2
PR01227	LGx	44	12.0	hap2
PR01227	LGx	45	12.0	hap2
PR01227	LGx	46	13.0	hap2
PR01227	LGx	47	13.0	hap2
PR01227	LGx	48	14.0	hap2
PR01227	LGx	49	14.0	hap2
PR01227	LGx	50	15.0	hap2
PR01227	LGx	51	15.0	hap2
PR01227	LGx	52	16.0	hap2
PR01227	LGx	53	16.0	hap2
PR01227	LGx	54	17.0	hap2
PR01227	LGx	55	17.0	hap2
PR01227	LGx	56	18.0	hap2
PR01227	LGx	57	18.0	hap2
PR01227	LGx	58	19.0	hap2
PR01227	LGx	59	20.0	hap2
PR01227	LGx	60	20.0	hap2
PR01227	LGx	61	21.0	hap2
PR01227	LGx	62	22.0	hap2
PR01227	LGx	63	23.0	hap2
PR01227	LGx	64	23.0	hap2
PR01227	LGx	65	24.0	hap2
PR01227	LGx	66	25.0	hap2
PR01227	LGx	67	26.0	hap2
PR01227	LGx	68	27.0	hap2
PR01227	LGx	69	27.0	hap2
PR01227	LGx	70	28.0	hap2
PR01227	LGx	71	29.0	hap2
PR01227	LGx	72	30.0	hap2
PR01227	LGx	73	31.0	hap2
PR01227	LGx	74	33.0	hap2
PR01227	LGx	75	34.0	hap2
PR01227	LGx	76	35.0	hap2
PR01227	LGx	77	37.0	hap2
PR01227	LGx	78	38.0	hap2
PR01227	LGx	79	40.0	hap2
PR01227	LGx	80	41.0	hap2
PR01227	LGx	81	43.0	hap2
PR01227	LGx	82	45.0	hap2
PR01227	LGx	83	47.0	hap2
PR01227	LGx	84	49.0	hap2
PR01227	LGx	85	52.0	hap2
PR01227	LGx	86	55.0	hap2
PR01227	LGx	87	58.0	hap2
PR01227	LGx	88	61.0	hap2
PR01227	LGx	89	65.0	hap2
PR01227	LGx	90	69.0	hap2
PR01227	LGx	91	74.0	hap2
PR01227	LGx	92	79.0	hap2
PR01227	LGx	93	85.0	hap2
PR01227	LGx	94	91.0	hap2
PR01227	LGx	95	99.0	hap2
PR01227	LGx	96	107.0	hap2
PR01227	LGx	97	117.0	hap2
PR01227	LGx	98	129.0	hap2
PR01227	LGx	99	142.0	hap2
PR01227	LGx	100	159.0	hap2
PR01227	auN	3261326775	179.76173	primary
PR01227	auNG	3018593705	194.21686	primary
PR01227	Nx	1	231201183.0	primary
PR01227	Nx	2	231201183.0	primary
PR01227	Nx	3	231201183.0	primary
PR01227	Nx	4	231201183.0	primary
PR01227	Nx	5	231201183.0	primary
PR01227	Nx	6	231201183.0	primary
PR01227	Nx	7	231201183.0	primary
PR01227	Nx	8	197695068.0	primary
PR01227	Nx	9	197695068.0	primary
PR01227	Nx	10	197695068.0	primary
PR01227	Nx	11	197695068.0	primary
PR01227	Nx	12	197695068.0	primary
PR01227	Nx	13	197695068.0	primary
PR01227	Nx	14	191430088.0	primary
PR01227	Nx	15	191430088.0	primary
PR01227	Nx	16	191430088.0	primary
PR01227	Nx	17	191430088.0	primary
PR01227	Nx	18	191430088.0	primary
PR01227	Nx	19	191430088.0	primary
PR01227	Nx	20	135402373.0	primary
PR01227	Nx	21	135402373.0	primary
PR01227	Nx	22	135402373.0	primary
PR01227	Nx	23	135402373.0	primary
PR01227	Nx	24	134416185.0	primary
PR01227	Nx	25	134416185.0	primary
PR01227	Nx	26	134416185.0	primary
PR01227	Nx	27	134416185.0	primary
PR01227	Nx	28	134370386.0	primary
PR01227	Nx	29	134370386.0	primary
PR01227	Nx	30	134370386.0	primary
PR01227	Nx	31	134370386.0	primary
PR01227	Nx	32	114938671.0	primary
PR01227	Nx	33	114938671.0	primary
PR01227	Nx	34	114938671.0	primary
PR01227	Nx	35	110928542.0	primary
PR01227	Nx	36	110928542.0	primary
PR01227	Nx	37	110928542.0	primary
PR01227	Nx	38	110928542.0	primary
PR01227	Nx	39	107672571.0	primary
PR01227	Nx	40	107672571.0	primary
PR01227	Nx	41	107672571.0	primary
PR01227	Nx	42	99624413.0	primary
PR01227	Nx	43	99624413.0	primary
PR01227	Nx	44	99624413.0	primary
PR01227	Nx	45	96863211.0	primary
PR01227	Nx	46	96863211.0	primary
PR01227	Nx	47	96863211.0	primary
PR01227	Nx	48	93950419.0	primary
PR01227	Nx	49	93950419.0	primary
PR01227	Nx	50	93950419.0	primary
PR01227	Nx	51	77144720.0	primary
PR01227	Nx	52	77144720.0	primary
PR01227	Nx	53	70887227.0	primary
PR01227	Nx	54	70887227.0	primary
PR01227	Nx	55	70887227.0	primary
PR01227	Nx	56	69221068.0	primary
PR01227	Nx	57	69221068.0	primary
PR01227	Nx	58	68228012.0	primary
PR01227	Nx	59	68228012.0	primary
PR01227	Nx	60	65260272.0	primary
PR01227	Nx	61	65260272.0	primary
PR01227	Nx	62	64670720.0	primary
PR01227	Nx	63	64670720.0	primary
PR01227	Nx	64	60658823.0	primary
PR01227	Nx	65	60658823.0	primary
PR01227	Nx	66	60258256.0	primary
PR01227	Nx	67	56483615.0	primary
PR01227	Nx	68	56483615.0	primary
PR01227	Nx	69	53943289.0	primary
PR01227	Nx	70	53943289.0	primary
PR01227	Nx	71	53570547.0	primary
PR01227	Nx	72	53570547.0	primary
PR01227	Nx	73	46708455.0	primary
PR01227	Nx	74	44178616.0	primary
PR01227	Nx	75	42903635.0	primary
PR01227	Nx	76	42903635.0	primary
PR01227	Nx	77	42534153.0	primary
PR01227	Nx	78	42493352.0	primary
PR01227	Nx	79	39074555.0	primary
PR01227	Nx	80	37472214.0	primary
PR01227	Nx	81	37472214.0	primary
PR01227	Nx	82	30809475.0	primary
PR01227	Nx	83	29381601.0	primary
PR01227	Nx	84	26169846.0	primary
PR01227	Nx	85	21535524.0	primary
PR01227	Nx	86	19225827.0	primary
PR01227	Nx	87	18804116.0	primary
PR01227	Nx	88	18244135.0	primary
PR01227	Nx	89	16044959.0	primary
PR01227	Nx	90	13009465.0	primary
PR01227	Nx	91	11731409.0	primary
PR01227	Nx	92	9727567.0	primary
PR01227	Nx	93	8994222.0	primary
PR01227	Nx	94	6464311.0	primary
PR01227	Nx	95	4356083.0	primary
PR01227	Nx	96	3333622.0	primary
PR01227	Nx	97	2580132.0	primary
PR01227	Nx	98	1786858.0	primary
PR01227	Nx	99	898223.0	primary
PR01227	Nx	100	9939.0	primary
PR01227	Lx	1	231201183.0	primary
PR01227	Lx	2	231201183.0	primary
PR01227	Lx	3	231201183.0	primary
PR01227	Lx	4	231201183.0	primary
PR01227	Lx	5	231201183.0	primary
PR01227	Lx	6	231201183.0	primary
PR01227	Lx	7	231201183.0	primary
PR01227	Lx	8	197695068.0	primary
PR01227	Lx	9	197695068.0	primary
PR01227	Lx	10	197695068.0	primary
PR01227	Lx	11	197695068.0	primary
PR01227	Lx	12	197695068.0	primary
PR01227	Lx	13	197695068.0	primary
PR01227	Lx	14	191430088.0	primary
PR01227	Lx	15	191430088.0	primary
PR01227	Lx	16	191430088.0	primary
PR01227	Lx	17	191430088.0	primary
PR01227	Lx	18	191430088.0	primary
PR01227	Lx	19	191430088.0	primary
PR01227	Lx	20	135402373.0	primary
PR01227	Lx	21	135402373.0	primary
PR01227	Lx	22	135402373.0	primary
PR01227	Lx	23	135402373.0	primary
PR01227	Lx	24	134416185.0	primary
PR01227	Lx	25	134416185.0	primary
PR01227	Lx	26	134416185.0	primary
PR01227	Lx	27	134416185.0	primary
PR01227	Lx	28	134370386.0	primary
PR01227	Lx	29	134370386.0	primary
PR01227	Lx	30	134370386.0	primary
PR01227	Lx	31	134370386.0	primary
PR01227	Lx	32	114938671.0	primary
PR01227	Lx	33	114938671.0	primary
PR01227	Lx	34	114938671.0	primary
PR01227	Lx	35	110928542.0	primary
PR01227	Lx	36	110928542.0	primary
PR01227	Lx	37	110928542.0	primary
PR01227	Lx	38	110928542.0	primary
PR01227	Lx	39	107672571.0	primary
PR01227	Lx	40	107672571.0	primary
PR01227	Lx	41	107672571.0	primary
PR01227	Lx	42	99624413.0	primary
PR01227	Lx	43	99624413.0	primary
PR01227	Lx	44	99624413.0	primary
PR01227	Lx	45	96863211.0	primary
PR01227	Lx	46	96863211.0	primary
PR01227	Lx	47	96863211.0	primary
PR01227	Lx	48	93950419.0	primary
PR01227	Lx	49	93950419.0	primary
PR01227	Lx	50	93950419.0	primary
PR01227	Lx	51	77144720.0	primary
PR01227	Lx	52	77144720.0	primary
PR01227	Lx	53	70887227.0	primary
PR01227	Lx	54	70887227.0	primary
PR01227	Lx	55	70887227.0	primary
PR01227	Lx	56	69221068.0	primary
PR01227	Lx	57	69221068.0	primary
PR01227	Lx	58	68228012.0	primary
PR01227	Lx	59	68228012.0	primary
PR01227	Lx	60	65260272.0	primary
PR01227	Lx	61	65260272.0	primary
PR01227	Lx	62	64670720.0	primary
PR01227	Lx	63	64670720.0	primary
PR01227	Lx	64	60658823.0	primary
PR01227	Lx	65	60658823.0	primary
PR01227	Lx	66	60258256.0	primary
PR01227	Lx	67	56483615.0	primary
PR01227	Lx	68	56483615.0	primary
PR01227	Lx	69	53943289.0	primary
PR01227	Lx	70	53943289.0	primary
PR01227	Lx	71	53570547.0	primary
PR01227	Lx	72	53570547.0	primary
PR01227	Lx	73	46708455.0	primary
PR01227	Lx	74	44178616.0	primary
PR01227	Lx	75	42903635.0	primary
PR01227	Lx	76	42903635.0	primary
PR01227	Lx	77	42534153.0	primary
PR01227	Lx	78	42493352.0	primary
PR01227	Lx	79	39074555.0	primary
PR01227	Lx	80	37472214.0	primary
PR01227	Lx	81	37472214.0	primary
PR01227	Lx	82	30809475.0	primary
PR01227	Lx	83	29381601.0	primary
PR01227	Lx	84	26169846.0	primary
PR01227	Lx	85	21535524.0	primary
PR01227	Lx	86	19225827.0	primary
PR01227	Lx	87	18804116.0	primary
PR01227	Lx	88	18244135.0	primary
PR01227	Lx	89	16044959.0	primary
PR01227	Lx	90	13009465.0	primary
PR01227	Lx	91	11731409.0	primary
PR01227	Lx	92	9727567.0	primary
PR01227	Lx	93	8994222.0	primary
PR01227	Lx	94	6464311.0	primary
PR01227	Lx	95	4356083.0	primary
PR01227	Lx	96	3333622.0	primary
PR01227	Lx	97	2580132.0	primary
PR01227	Lx	98	1786858.0	primary
PR01227	Lx	99	898223.0	primary
PR01227	Lx	100	9939.0	primary
PR01227	NGx	1	231201183.0	primary
PR01227	NGx	2	231201183.0	primary
PR01227	NGx	3	231201183.0	primary
PR01227	NGx	4	231201183.0	primary
PR01227	NGx	5	231201183.0	primary
PR01227	NGx	6	231201183.0	primary
PR01227	NGx	7	231201183.0	primary
PR01227	NGx	8	197695068.0	primary
PR01227	NGx	9	197695068.0	primary
PR01227	NGx	10	197695068.0	primary
PR01227	NGx	11	197695068.0	primary
PR01227	NGx	12	197695068.0	primary
PR01227	NGx	13	197695068.0	primary
PR01227	NGx	14	197695068.0	primary
PR01227	NGx	15	191430088.0	primary
PR01227	NGx	16	191430088.0	primary
PR01227	NGx	17	191430088.0	primary
PR01227	NGx	18	191430088.0	primary
PR01227	NGx	19	191430088.0	primary
PR01227	NGx	20	191430088.0	primary
PR01227	NGx	21	135402373.0	primary
PR01227	NGx	22	135402373.0	primary
PR01227	NGx	23	135402373.0	primary
PR01227	NGx	24	135402373.0	primary
PR01227	NGx	25	135402373.0	primary
PR01227	NGx	26	134416185.0	primary
PR01227	NGx	27	134416185.0	primary
PR01227	NGx	28	134416185.0	primary
PR01227	NGx	29	134416185.0	primary
PR01227	NGx	30	134370386.0	primary
PR01227	NGx	31	134370386.0	primary
PR01227	NGx	32	134370386.0	primary
PR01227	NGx	33	134370386.0	primary
PR01227	NGx	34	114938671.0	primary
PR01227	NGx	35	114938671.0	primary
PR01227	NGx	36	114938671.0	primary
PR01227	NGx	37	114938671.0	primary
PR01227	NGx	38	110928542.0	primary
PR01227	NGx	39	110928542.0	primary
PR01227	NGx	40	110928542.0	primary
PR01227	NGx	41	110928542.0	primary
PR01227	NGx	42	107672571.0	primary
PR01227	NGx	43	107672571.0	primary
PR01227	NGx	44	107672571.0	primary
PR01227	NGx	45	99624413.0	primary
PR01227	NGx	46	99624413.0	primary
PR01227	NGx	47	99624413.0	primary
PR01227	NGx	48	99624413.0	primary
PR01227	NGx	49	96863211.0	primary
PR01227	NGx	50	96863211.0	primary
PR01227	NGx	51	96863211.0	primary
PR01227	NGx	52	93950419.0	primary
PR01227	NGx	53	93950419.0	primary
PR01227	NGx	54	93950419.0	primary
PR01227	NGx	55	77144720.0	primary
PR01227	NGx	56	77144720.0	primary
PR01227	NGx	57	77144720.0	primary
PR01227	NGx	58	70887227.0	primary
PR01227	NGx	59	70887227.0	primary
PR01227	NGx	60	69221068.0	primary
PR01227	NGx	61	69221068.0	primary
PR01227	NGx	62	68228012.0	primary
PR01227	NGx	63	68228012.0	primary
PR01227	NGx	64	68228012.0	primary
PR01227	NGx	65	65260272.0	primary
PR01227	NGx	66	65260272.0	primary
PR01227	NGx	67	64670720.0	primary
PR01227	NGx	68	64670720.0	primary
PR01227	NGx	69	60658823.0	primary
PR01227	NGx	70	60658823.0	primary
PR01227	NGx	71	60258256.0	primary
PR01227	NGx	72	60258256.0	primary
PR01227	NGx	73	56483615.0	primary
PR01227	NGx	74	56483615.0	primary
PR01227	NGx	75	53943289.0	primary
PR01227	NGx	76	53943289.0	primary
PR01227	NGx	77	53570547.0	primary
PR01227	NGx	78	46708455.0	primary
PR01227	NGx	79	46708455.0	primary
PR01227	NGx	80	44178616.0	primary
PR01227	NGx	81	42903635.0	primary
PR01227	NGx	82	42903635.0	primary
PR01227	NGx	83	42534153.0	primary
PR01227	NGx	84	42493352.0	primary
PR01227	NGx	85	42493352.0	primary
PR01227	NGx	86	39074555.0	primary
PR01227	NGx	87	37472214.0	primary
PR01227	NGx	88	30809475.0	primary
PR01227	NGx	89	29849413.0	primary
PR01227	NGx	90	29381601.0	primary
PR01227	NGx	91	26169846.0	primary
PR01227	NGx	92	21535524.0	primary
PR01227	NGx	93	19225827.0	primary
PR01227	NGx	94	18804116.0	primary
PR01227	NGx	95	18244135.0	primary
PR01227	NGx	96	16044959.0	primary
PR01227	NGx	97	13009465.0	primary
PR01227	NGx	98	11774602.0	primary
PR01227	NGx	99	11328208.0	primary
PR01227	NGx	100	9567046.0	primary
PR01227	LGx	1	1.0	primary
PR01227	LGx	2	1.0	primary
PR01227	LGx	3	1.0	primary
PR01227	LGx	4	1.0	primary
PR01227	LGx	5	1.0	primary
PR01227	LGx	6	1.0	primary
PR01227	LGx	7	1.0	primary
PR01227	LGx	8	2.0	primary
PR01227	LGx	9	2.0	primary
PR01227	LGx	10	2.0	primary
PR01227	LGx	11	2.0	primary
PR01227	LGx	12	2.0	primary
PR01227	LGx	13	2.0	primary
PR01227	LGx	14	2.0	primary
PR01227	LGx	15	3.0	primary
PR01227	LGx	16	3.0	primary
PR01227	LGx	17	3.0	primary
PR01227	LGx	18	3.0	primary
PR01227	LGx	19	3.0	primary
PR01227	LGx	20	3.0	primary
PR01227	LGx	21	4.0	primary
PR01227	LGx	22	4.0	primary
PR01227	LGx	23	4.0	primary
PR01227	LGx	24	4.0	primary
PR01227	LGx	25	4.0	primary
PR01227	LGx	26	5.0	primary
PR01227	LGx	27	5.0	primary
PR01227	LGx	28	5.0	primary
PR01227	LGx	29	5.0	primary
PR01227	LGx	30	6.0	primary
PR01227	LGx	31	6.0	primary
PR01227	LGx	32	6.0	primary
PR01227	LGx	33	6.0	primary
PR01227	LGx	34	7.0	primary
PR01227	LGx	35	7.0	primary
PR01227	LGx	36	7.0	primary
PR01227	LGx	37	7.0	primary
PR01227	LGx	38	8.0	primary
PR01227	LGx	39	8.0	primary
PR01227	LGx	40	8.0	primary
PR01227	LGx	41	8.0	primary
PR01227	LGx	42	9.0	primary
PR01227	LGx	43	9.0	primary
PR01227	LGx	44	9.0	primary
PR01227	LGx	45	10.0	primary
PR01227	LGx	46	10.0	primary
PR01227	LGx	47	10.0	primary
PR01227	LGx	48	10.0	primary
PR01227	LGx	49	11.0	primary
PR01227	LGx	50	11.0	primary
PR01227	LGx	51	11.0	primary
PR01227	LGx	52	12.0	primary
PR01227	LGx	53	12.0	primary
PR01227	LGx	54	12.0	primary
PR01227	LGx	55	13.0	primary
PR01227	LGx	56	13.0	primary
PR01227	LGx	57	13.0	primary
PR01227	LGx	58	14.0	primary
PR01227	LGx	59	14.0	primary
PR01227	LGx	60	15.0	primary
PR01227	LGx	61	15.0	primary
PR01227	LGx	62	16.0	primary
PR01227	LGx	63	16.0	primary
PR01227	LGx	64	16.0	primary
PR01227	LGx	65	17.0	primary
PR01227	LGx	66	17.0	primary
PR01227	LGx	67	18.0	primary
PR01227	LGx	68	18.0	primary
PR01227	LGx	69	19.0	primary
PR01227	LGx	70	19.0	primary
PR01227	LGx	71	20.0	primary
PR01227	LGx	72	20.0	primary
PR01227	LGx	73	21.0	primary
PR01227	LGx	74	21.0	primary
PR01227	LGx	75	22.0	primary
PR01227	LGx	76	22.0	primary
PR01227	LGx	77	23.0	primary
PR01227	LGx	78	24.0	primary
PR01227	LGx	79	24.0	primary
PR01227	LGx	80	25.0	primary
PR01227	LGx	81	26.0	primary
PR01227	LGx	82	26.0	primary
PR01227	LGx	83	27.0	primary
PR01227	LGx	84	28.0	primary
PR01227	LGx	85	28.0	primary
PR01227	LGx	86	29.0	primary
PR01227	LGx	87	30.0	primary
PR01227	LGx	88	31.0	primary
PR01227	LGx	89	32.0	primary
PR01227	LGx	90	33.0	primary
PR01227	LGx	91	34.0	primary
PR01227	LGx	92	35.0	primary
PR01227	LGx	93	37.0	primary
PR01227	LGx	94	38.0	primary
PR01227	LGx	95	40.0	primary
PR01227	LGx	96	42.0	primary
PR01227	LGx	97	44.0	primary
PR01227	LGx	98	46.0	primary
PR01227	LGx	99	49.0	primary
PR01227	LGx	100	52.0	primary
PR00496A	auN	3191396365	578.098	hap1
PR00496A	auNG	3018593705	611.19183	hap1
PR00496A	Nx	1	56846785.0	hap1
PR00496A	Nx	2	53131556.0	hap1
PR00496A	Nx	3	53131556.0	hap1
PR00496A	Nx	4	45898738.0	hap1
PR00496A	Nx	5	42656180.0	hap1
PR00496A	Nx	6	42656180.0	hap1
PR00496A	Nx	7	42145293.0	hap1
PR00496A	Nx	8	37070232.0	hap1
PR00496A	Nx	9	35410678.0	hap1
PR00496A	Nx	10	35323889.0	hap1
PR00496A	Nx	11	35278706.0	hap1
PR00496A	Nx	12	35278706.0	hap1
PR00496A	Nx	13	35132013.0	hap1
PR00496A	Nx	14	33646426.0	hap1
PR00496A	Nx	15	33404581.0	hap1
PR00496A	Nx	16	32101279.0	hap1
PR00496A	Nx	17	31947417.0	hap1
PR00496A	Nx	18	31661358.0	hap1
PR00496A	Nx	19	31451634.0	hap1
PR00496A	Nx	20	30126821.0	hap1
PR00496A	Nx	21	29797370.0	hap1
PR00496A	Nx	22	28604754.0	hap1
PR00496A	Nx	23	25473777.0	hap1
PR00496A	Nx	24	25467161.0	hap1
PR00496A	Nx	25	25438872.0	hap1
PR00496A	Nx	26	24499436.0	hap1
PR00496A	Nx	27	23240423.0	hap1
PR00496A	Nx	28	23065700.0	hap1
PR00496A	Nx	29	21936060.0	hap1
PR00496A	Nx	30	21547584.0	hap1
PR00496A	Nx	31	20885811.0	hap1
PR00496A	Nx	32	20788244.0	hap1
PR00496A	Nx	33	20559911.0	hap1
PR00496A	Nx	34	20473534.0	hap1
PR00496A	Nx	35	20037396.0	hap1
PR00496A	Nx	36	19998865.0	hap1
PR00496A	Nx	37	19662434.0	hap1
PR00496A	Nx	38	19502830.0	hap1
PR00496A	Nx	39	19155881.0	hap1
PR00496A	Nx	40	19082550.0	hap1
PR00496A	Nx	41	18931129.0	hap1
PR00496A	Nx	42	18864577.0	hap1
PR00496A	Nx	43	18172899.0	hap1
PR00496A	Nx	44	17808904.0	hap1
PR00496A	Nx	45	17716482.0	hap1
PR00496A	Nx	46	17711618.0	hap1
PR00496A	Nx	47	16742260.0	hap1
PR00496A	Nx	48	16190011.0	hap1
PR00496A	Nx	49	15221087.0	hap1
PR00496A	Nx	50	15118206.0	hap1
PR00496A	Nx	51	14664277.0	hap1
PR00496A	Nx	52	14313108.0	hap1
PR00496A	Nx	53	14026009.0	hap1
PR00496A	Nx	54	13702878.0	hap1
PR00496A	Nx	55	13287464.0	hap1
PR00496A	Nx	56	12771992.0	hap1
PR00496A	Nx	57	12377531.0	hap1
PR00496A	Nx	58	12009347.0	hap1
PR00496A	Nx	59	11339471.0	hap1
PR00496A	Nx	60	11039076.0	hap1
PR00496A	Nx	61	10781092.0	hap1
PR00496A	Nx	62	10476747.0	hap1
PR00496A	Nx	63	10300292.0	hap1
PR00496A	Nx	64	10123333.0	hap1
PR00496A	Nx	65	9802159.0	hap1
PR00496A	Nx	66	8952141.0	hap1
PR00496A	Nx	67	8886446.0	hap1
PR00496A	Nx	68	8616782.0	hap1
PR00496A	Nx	69	8258261.0	hap1
PR00496A	Nx	70	7870309.0	hap1
PR00496A	Nx	71	7382422.0	hap1
PR00496A	Nx	72	6777561.0	hap1
PR00496A	Nx	73	6505590.0	hap1
PR00496A	Nx	74	6233278.0	hap1
PR00496A	Nx	75	5868956.0	hap1
PR00496A	Nx	76	5673693.0	hap1
PR00496A	Nx	77	5429409.0	hap1
PR00496A	Nx	78	5331008.0	hap1
PR00496A	Nx	79	5107712.0	hap1
PR00496A	Nx	80	4945031.0	hap1
PR00496A	Nx	81	4778090.0	hap1
PR00496A	Nx	82	4620193.0	hap1
PR00496A	Nx	83	4092471.0	hap1
PR00496A	Nx	84	3858069.0	hap1
PR00496A	Nx	85	3626393.0	hap1
PR00496A	Nx	86	3439269.0	hap1
PR00496A	Nx	87	3157096.0	hap1
PR00496A	Nx	88	2892596.0	hap1
PR00496A	Nx	89	2754982.0	hap1
PR00496A	Nx	90	2538535.0	hap1
PR00496A	Nx	91	2293393.0	hap1
PR00496A	Nx	92	2031919.0	hap1
PR00496A	Nx	93	1781507.0	hap1
PR00496A	Nx	94	1532150.0	hap1
PR00496A	Nx	95	1341610.0	hap1
PR00496A	Nx	96	1101525.0	hap1
PR00496A	Nx	97	876221.0	hap1
PR00496A	Nx	98	551901.0	hap1
PR00496A	Nx	99	289500.0	hap1
PR00496A	Nx	100	14367.0	hap1
PR00496A	Lx	1	56846785.0	hap1
PR00496A	Lx	2	53131556.0	hap1
PR00496A	Lx	3	53131556.0	hap1
PR00496A	Lx	4	45898738.0	hap1
PR00496A	Lx	5	42656180.0	hap1
PR00496A	Lx	6	42656180.0	hap1
PR00496A	Lx	7	42145293.0	hap1
PR00496A	Lx	8	37070232.0	hap1
PR00496A	Lx	9	35410678.0	hap1
PR00496A	Lx	10	35323889.0	hap1
PR00496A	Lx	11	35278706.0	hap1
PR00496A	Lx	12	35278706.0	hap1
PR00496A	Lx	13	35132013.0	hap1
PR00496A	Lx	14	33646426.0	hap1
PR00496A	Lx	15	33404581.0	hap1
PR00496A	Lx	16	32101279.0	hap1
PR00496A	Lx	17	31947417.0	hap1
PR00496A	Lx	18	31661358.0	hap1
PR00496A	Lx	19	31451634.0	hap1
PR00496A	Lx	20	30126821.0	hap1
PR00496A	Lx	21	29797370.0	hap1
PR00496A	Lx	22	28604754.0	hap1
PR00496A	Lx	23	25473777.0	hap1
PR00496A	Lx	24	25467161.0	hap1
PR00496A	Lx	25	25438872.0	hap1
PR00496A	Lx	26	24499436.0	hap1
PR00496A	Lx	27	23240423.0	hap1
PR00496A	Lx	28	23065700.0	hap1
PR00496A	Lx	29	21936060.0	hap1
PR00496A	Lx	30	21547584.0	hap1
PR00496A	Lx	31	20885811.0	hap1
PR00496A	Lx	32	20788244.0	hap1
PR00496A	Lx	33	20559911.0	hap1
PR00496A	Lx	34	20473534.0	hap1
PR00496A	Lx	35	20037396.0	hap1
PR00496A	Lx	36	19998865.0	hap1
PR00496A	Lx	37	19662434.0	hap1
PR00496A	Lx	38	19502830.0	hap1
PR00496A	Lx	39	19155881.0	hap1
PR00496A	Lx	40	19082550.0	hap1
PR00496A	Lx	41	18931129.0	hap1
PR00496A	Lx	42	18864577.0	hap1
PR00496A	Lx	43	18172899.0	hap1
PR00496A	Lx	44	17808904.0	hap1
PR00496A	Lx	45	17716482.0	hap1
PR00496A	Lx	46	17711618.0	hap1
PR00496A	Lx	47	16742260.0	hap1
PR00496A	Lx	48	16190011.0	hap1
PR00496A	Lx	49	15221087.0	hap1
PR00496A	Lx	50	15118206.0	hap1
PR00496A	Lx	51	14664277.0	hap1
PR00496A	Lx	52	14313108.0	hap1
PR00496A	Lx	53	14026009.0	hap1
PR00496A	Lx	54	13702878.0	hap1
PR00496A	Lx	55	13287464.0	hap1
PR00496A	Lx	56	12771992.0	hap1
PR00496A	Lx	57	12377531.0	hap1
PR00496A	Lx	58	12009347.0	hap1
PR00496A	Lx	59	11339471.0	hap1
PR00496A	Lx	60	11039076.0	hap1
PR00496A	Lx	61	10781092.0	hap1
PR00496A	Lx	62	10476747.0	hap1
PR00496A	Lx	63	10300292.0	hap1
PR00496A	Lx	64	10123333.0	hap1
PR00496A	Lx	65	9802159.0	hap1
PR00496A	Lx	66	8952141.0	hap1
PR00496A	Lx	67	8886446.0	hap1
PR00496A	Lx	68	8616782.0	hap1
PR00496A	Lx	69	8258261.0	hap1
PR00496A	Lx	70	7870309.0	hap1
PR00496A	Lx	71	7382422.0	hap1
PR00496A	Lx	72	6777561.0	hap1
PR00496A	Lx	73	6505590.0	hap1
PR00496A	Lx	74	6233278.0	hap1
PR00496A	Lx	75	5868956.0	hap1
PR00496A	Lx	76	5673693.0	hap1
PR00496A	Lx	77	5429409.0	hap1
PR00496A	Lx	78	5331008.0	hap1
PR00496A	Lx	79	5107712.0	hap1
PR00496A	Lx	80	4945031.0	hap1
PR00496A	Lx	81	4778090.0	hap1
PR00496A	Lx	82	4620193.0	hap1
PR00496A	Lx	83	4092471.0	hap1
PR00496A	Lx	84	3858069.0	hap1
PR00496A	Lx	85	3626393.0	hap1
PR00496A	Lx	86	3439269.0	hap1
PR00496A	Lx	87	3157096.0	hap1
PR00496A	Lx	88	2892596.0	hap1
PR00496A	Lx	89	2754982.0	hap1
PR00496A	Lx	90	2538535.0	hap1
PR00496A	Lx	91	2293393.0	hap1
PR00496A	Lx	92	2031919.0	hap1
PR00496A	Lx	93	1781507.0	hap1
PR00496A	Lx	94	1532150.0	hap1
PR00496A	Lx	95	1341610.0	hap1
PR00496A	Lx	96	1101525.0	hap1
PR00496A	Lx	97	876221.0	hap1
PR00496A	Lx	98	551901.0	hap1
PR00496A	Lx	99	289500.0	hap1
PR00496A	Lx	100	14367.0	hap1
PR00496A	NGx	1	56846785.0	hap1
PR00496A	NGx	2	53131556.0	hap1
PR00496A	NGx	3	53131556.0	hap1
PR00496A	NGx	4	45898738.0	hap1
PR00496A	NGx	5	45898738.0	hap1
PR00496A	NGx	6	42656180.0	hap1
PR00496A	NGx	7	42145293.0	hap1
PR00496A	NGx	8	37070232.0	hap1
PR00496A	NGx	9	37070232.0	hap1
PR00496A	NGx	10	35410678.0	hap1
PR00496A	NGx	11	35323889.0	hap1
PR00496A	NGx	12	35278706.0	hap1
PR00496A	NGx	13	35132013.0	hap1
PR00496A	NGx	14	33646426.0	hap1
PR00496A	NGx	15	33404581.0	hap1
PR00496A	NGx	16	33404581.0	hap1
PR00496A	NGx	17	32101279.0	hap1
PR00496A	NGx	18	31947417.0	hap1
PR00496A	NGx	19	31661358.0	hap1
PR00496A	NGx	20	31451634.0	hap1
PR00496A	NGx	21	30126821.0	hap1
PR00496A	NGx	22	29797370.0	hap1
PR00496A	NGx	23	28652201.0	hap1
PR00496A	NGx	24	28604754.0	hap1
PR00496A	NGx	25	25473777.0	hap1
PR00496A	NGx	26	25438872.0	hap1
PR00496A	NGx	27	24499436.0	hap1
PR00496A	NGx	28	23252928.0	hap1
PR00496A	NGx	29	23240423.0	hap1
PR00496A	NGx	30	22493974.0	hap1
PR00496A	NGx	31	21936060.0	hap1
PR00496A	NGx	32	21547584.0	hap1
PR00496A	NGx	33	20885811.0	hap1
PR00496A	NGx	34	20788244.0	hap1
PR00496A	NGx	35	20559911.0	hap1
PR00496A	NGx	36	20473534.0	hap1
PR00496A	NGx	37	20037396.0	hap1
PR00496A	NGx	38	19998865.0	hap1
PR00496A	NGx	39	19662434.0	hap1
PR00496A	NGx	40	19538678.0	hap1
PR00496A	NGx	41	19155881.0	hap1
PR00496A	NGx	42	19110034.0	hap1
PR00496A	NGx	43	19020540.0	hap1
PR00496A	NGx	44	18864577.0	hap1
PR00496A	NGx	45	18330766.0	hap1
PR00496A	NGx	46	18049167.0	hap1
PR00496A	NGx	47	17745463.0	hap1
PR00496A	NGx	48	17716482.0	hap1
PR00496A	NGx	49	17355439.0	hap1
PR00496A	NGx	50	16199418.0	hap1
PR00496A	NGx	51	15363180.0	hap1
PR00496A	NGx	52	15173917.0	hap1
PR00496A	NGx	53	14868328.0	hap1
PR00496A	NGx	54	14664277.0	hap1
PR00496A	NGx	55	14313108.0	hap1
PR00496A	NGx	56	14026009.0	hap1
PR00496A	NGx	57	13702878.0	hap1
PR00496A	NGx	58	13290747.0	hap1
PR00496A	NGx	59	12771992.0	hap1
PR00496A	NGx	60	12400829.0	hap1
PR00496A	NGx	61	12279858.0	hap1
PR00496A	NGx	62	11621850.0	hap1
PR00496A	NGx	63	11226410.0	hap1
PR00496A	NGx	64	11008400.0	hap1
PR00496A	NGx	65	10687951.0	hap1
PR00496A	NGx	66	10318002.0	hap1
PR00496A	NGx	67	10237340.0	hap1
PR00496A	NGx	68	10046637.0	hap1
PR00496A	NGx	69	9665992.0	hap1
PR00496A	NGx	70	8952141.0	hap1
PR00496A	NGx	71	8855665.0	hap1
PR00496A	NGx	72	8616782.0	hap1
PR00496A	NGx	73	8258261.0	hap1
PR00496A	NGx	74	8042141.0	hap1
PR00496A	NGx	75	7427950.0	hap1
PR00496A	NGx	76	6777561.0	hap1
PR00496A	NGx	77	6512260.0	hap1
PR00496A	NGx	78	6239893.0	hap1
PR00496A	NGx	79	5894983.0	hap1
PR00496A	NGx	80	5727565.0	hap1
PR00496A	NGx	81	5505579.0	hap1
PR00496A	NGx	82	5412289.0	hap1
PR00496A	NGx	83	5189079.0	hap1
PR00496A	NGx	84	5009762.0	hap1
PR00496A	NGx	85	4881884.0	hap1
PR00496A	NGx	86	4674349.0	hap1
PR00496A	NGx	87	4493745.0	hap1
PR00496A	NGx	88	4062891.0	hap1
PR00496A	NGx	89	3795031.0	hap1
PR00496A	NGx	90	3559333.0	hap1
PR00496A	NGx	91	3413884.0	hap1
PR00496A	NGx	92	3157096.0	hap1
PR00496A	NGx	93	2896396.0	hap1
PR00496A	NGx	94	2774682.0	hap1
PR00496A	NGx	95	2579220.0	hap1
PR00496A	NGx	96	2303840.0	hap1
PR00496A	NGx	97	2141671.0	hap1
PR00496A	NGx	98	1866153.0	hap1
PR00496A	NGx	99	1586961.0	hap1
PR00496A	NGx	100	1405721.0	hap1
PR00496A	LGx	1	1.0	hap1
PR00496A	LGx	2	2.0	hap1
PR00496A	LGx	3	2.0	hap1
PR00496A	LGx	4	3.0	hap1
PR00496A	LGx	5	3.0	hap1
PR00496A	LGx	6	4.0	hap1
PR00496A	LGx	7	5.0	hap1
PR00496A	LGx	8	6.0	hap1
PR00496A	LGx	9	6.0	hap1
PR00496A	LGx	10	7.0	hap1
PR00496A	LGx	11	8.0	hap1
PR00496A	LGx	12	9.0	hap1
PR00496A	LGx	13	10.0	hap1
PR00496A	LGx	14	11.0	hap1
PR00496A	LGx	15	12.0	hap1
PR00496A	LGx	16	12.0	hap1
PR00496A	LGx	17	13.0	hap1
PR00496A	LGx	18	14.0	hap1
PR00496A	LGx	19	15.0	hap1
PR00496A	LGx	20	16.0	hap1
PR00496A	LGx	21	17.0	hap1
PR00496A	LGx	22	18.0	hap1
PR00496A	LGx	23	19.0	hap1
PR00496A	LGx	24	20.0	hap1
PR00496A	LGx	25	21.0	hap1
PR00496A	LGx	26	23.0	hap1
PR00496A	LGx	27	24.0	hap1
PR00496A	LGx	28	25.0	hap1
PR00496A	LGx	29	26.0	hap1
PR00496A	LGx	30	28.0	hap1
PR00496A	LGx	31	29.0	hap1
PR00496A	LGx	32	30.0	hap1
PR00496A	LGx	33	32.0	hap1
PR00496A	LGx	34	33.0	hap1
PR00496A	LGx	35	35.0	hap1
PR00496A	LGx	36	36.0	hap1
PR00496A	LGx	37	38.0	hap1
PR00496A	LGx	38	39.0	hap1
PR00496A	LGx	39	41.0	hap1
PR00496A	LGx	40	42.0	hap1
PR00496A	LGx	41	44.0	hap1
PR00496A	LGx	42	45.0	hap1
PR00496A	LGx	43	47.0	hap1
PR00496A	LGx	44	49.0	hap1
PR00496A	LGx	45	50.0	hap1
PR00496A	LGx	46	52.0	hap1
PR00496A	LGx	47	54.0	hap1
PR00496A	LGx	48	55.0	hap1
PR00496A	LGx	49	57.0	hap1
PR00496A	LGx	50	59.0	hap1
PR00496A	LGx	51	61.0	hap1
PR00496A	LGx	52	63.0	hap1
PR00496A	LGx	53	65.0	hap1
PR00496A	LGx	54	67.0	hap1
PR00496A	LGx	55	69.0	hap1
PR00496A	LGx	56	71.0	hap1
PR00496A	LGx	57	73.0	hap1
PR00496A	LGx	58	75.0	hap1
PR00496A	LGx	59	78.0	hap1
PR00496A	LGx	60	80.0	hap1
PR00496A	LGx	61	82.0	hap1
PR00496A	LGx	62	85.0	hap1
PR00496A	LGx	63	88.0	hap1
PR00496A	LGx	64	90.0	hap1
PR00496A	LGx	65	93.0	hap1
PR00496A	LGx	66	96.0	hap1
PR00496A	LGx	67	99.0	hap1
PR00496A	LGx	68	102.0	hap1
PR00496A	LGx	69	105.0	hap1
PR00496A	LGx	70	108.0	hap1
PR00496A	LGx	71	112.0	hap1
PR00496A	LGx	72	115.0	hap1
PR00496A	LGx	73	119.0	hap1
PR00496A	LGx	74	122.0	hap1
PR00496A	LGx	75	126.0	hap1
PR00496A	LGx	76	131.0	hap1
PR00496A	LGx	77	135.0	hap1
PR00496A	LGx	78	140.0	hap1
PR00496A	LGx	79	145.0	hap1
PR00496A	LGx	80	150.0	hap1
PR00496A	LGx	81	155.0	hap1
PR00496A	LGx	82	161.0	hap1
PR00496A	LGx	83	167.0	hap1
PR00496A	LGx	84	172.0	hap1
PR00496A	LGx	85	179.0	hap1
PR00496A	LGx	86	185.0	hap1
PR00496A	LGx	87	191.0	hap1
PR00496A	LGx	88	198.0	hap1
PR00496A	LGx	89	206.0	hap1
PR00496A	LGx	90	214.0	hap1
PR00496A	LGx	91	223.0	hap1
PR00496A	LGx	92	232.0	hap1
PR00496A	LGx	93	242.0	hap1
PR00496A	LGx	94	253.0	hap1
PR00496A	LGx	95	264.0	hap1
PR00496A	LGx	96	277.0	hap1
PR00496A	LGx	97	290.0	hap1
PR00496A	LGx	98	305.0	hap1
PR00496A	LGx	99	323.0	hap1
PR00496A	LGx	100	343.0	hap1
PR00496A	auN	3204390177	554.7027	hap2
PR00496A	auNG	3018593705	588.84503	hap2
PR00496A	Nx	1	93620666.0	hap2
PR00496A	Nx	2	93620666.0	hap2
PR00496A	Nx	3	63199223.0	hap2
PR00496A	Nx	4	63199223.0	hap2
PR00496A	Nx	5	57544842.0	hap2
PR00496A	Nx	6	57544842.0	hap2
PR00496A	Nx	7	36315821.0	hap2
PR00496A	Nx	8	35601290.0	hap2
PR00496A	Nx	9	34702057.0	hap2
PR00496A	Nx	10	34702057.0	hap2
PR00496A	Nx	11	32765200.0	hap2
PR00496A	Nx	12	31536973.0	hap2
PR00496A	Nx	13	28578121.0	hap2
PR00496A	Nx	14	26884284.0	hap2
PR00496A	Nx	15	26057153.0	hap2
PR00496A	Nx	16	25602034.0	hap2
PR00496A	Nx	17	25579261.0	hap2
PR00496A	Nx	18	23790907.0	hap2
PR00496A	Nx	19	23748216.0	hap2
PR00496A	Nx	20	23737939.0	hap2
PR00496A	Nx	21	23580876.0	hap2
PR00496A	Nx	22	23069874.0	hap2
PR00496A	Nx	23	22574735.0	hap2
PR00496A	Nx	24	21799304.0	hap2
PR00496A	Nx	25	21443101.0	hap2
PR00496A	Nx	26	20973617.0	hap2
PR00496A	Nx	27	20759993.0	hap2
PR00496A	Nx	28	20312688.0	hap2
PR00496A	Nx	29	19975222.0	hap2
PR00496A	Nx	30	19145588.0	hap2
PR00496A	Nx	31	18785897.0	hap2
PR00496A	Nx	32	17731071.0	hap2
PR00496A	Nx	33	17551792.0	hap2
PR00496A	Nx	34	17045114.0	hap2
PR00496A	Nx	35	16644230.0	hap2
PR00496A	Nx	36	16380884.0	hap2
PR00496A	Nx	37	16117546.0	hap2
PR00496A	Nx	38	15286861.0	hap2
PR00496A	Nx	39	14785088.0	hap2
PR00496A	Nx	40	14451791.0	hap2
PR00496A	Nx	41	13917641.0	hap2
PR00496A	Nx	42	13652362.0	hap2
PR00496A	Nx	43	13382923.0	hap2
PR00496A	Nx	44	13283261.0	hap2
PR00496A	Nx	45	12872532.0	hap2
PR00496A	Nx	46	12551248.0	hap2
PR00496A	Nx	47	12441613.0	hap2
PR00496A	Nx	48	12272829.0	hap2
PR00496A	Nx	49	12149330.0	hap2
PR00496A	Nx	50	12077784.0	hap2
PR00496A	Nx	51	11907502.0	hap2
PR00496A	Nx	52	11450441.0	hap2
PR00496A	Nx	53	11325258.0	hap2
PR00496A	Nx	54	11268079.0	hap2
PR00496A	Nx	55	10819034.0	hap2
PR00496A	Nx	56	10568673.0	hap2
PR00496A	Nx	57	9959216.0	hap2
PR00496A	Nx	58	9665992.0	hap2
PR00496A	Nx	59	9513436.0	hap2
PR00496A	Nx	60	8961804.0	hap2
PR00496A	Nx	61	8820529.0	hap2
PR00496A	Nx	62	8404243.0	hap2
PR00496A	Nx	63	8280391.0	hap2
PR00496A	Nx	64	8165095.0	hap2
PR00496A	Nx	65	8086044.0	hap2
PR00496A	Nx	66	7936054.0	hap2
PR00496A	Nx	67	7611761.0	hap2
PR00496A	Nx	68	7362058.0	hap2
PR00496A	Nx	69	7062151.0	hap2
PR00496A	Nx	70	6657417.0	hap2
PR00496A	Nx	71	6533686.0	hap2
PR00496A	Nx	72	6367084.0	hap2
PR00496A	Nx	73	6070172.0	hap2
PR00496A	Nx	74	5943171.0	hap2
PR00496A	Nx	75	5658897.0	hap2
PR00496A	Nx	76	5356157.0	hap2
PR00496A	Nx	77	5139356.0	hap2
PR00496A	Nx	78	5012452.0	hap2
PR00496A	Nx	79	4876574.0	hap2
PR00496A	Nx	80	4622207.0	hap2
PR00496A	Nx	81	4280011.0	hap2
PR00496A	Nx	82	4031183.0	hap2
PR00496A	Nx	83	3932211.0	hap2
PR00496A	Nx	84	3811815.0	hap2
PR00496A	Nx	85	3560096.0	hap2
PR00496A	Nx	86	3210322.0	hap2
PR00496A	Nx	87	3041336.0	hap2
PR00496A	Nx	88	2925504.0	hap2
PR00496A	Nx	89	2725555.0	hap2
PR00496A	Nx	90	2511585.0	hap2
PR00496A	Nx	91	2328787.0	hap2
PR00496A	Nx	92	2074979.0	hap2
PR00496A	Nx	93	1781507.0	hap2
PR00496A	Nx	94	1597567.0	hap2
PR00496A	Nx	95	1441487.0	hap2
PR00496A	Nx	96	1156927.0	hap2
PR00496A	Nx	97	883838.0	hap2
PR00496A	Nx	98	620348.0	hap2
PR00496A	Nx	99	347921.0	hap2
PR00496A	Nx	100	16555.0	hap2
PR00496A	Lx	1	93620666.0	hap2
PR00496A	Lx	2	93620666.0	hap2
PR00496A	Lx	3	63199223.0	hap2
PR00496A	Lx	4	63199223.0	hap2
PR00496A	Lx	5	57544842.0	hap2
PR00496A	Lx	6	57544842.0	hap2
PR00496A	Lx	7	36315821.0	hap2
PR00496A	Lx	8	35601290.0	hap2
PR00496A	Lx	9	34702057.0	hap2
PR00496A	Lx	10	34702057.0	hap2
PR00496A	Lx	11	32765200.0	hap2
PR00496A	Lx	12	31536973.0	hap2
PR00496A	Lx	13	28578121.0	hap2
PR00496A	Lx	14	26884284.0	hap2
PR00496A	Lx	15	26057153.0	hap2
PR00496A	Lx	16	25602034.0	hap2
PR00496A	Lx	17	25579261.0	hap2
PR00496A	Lx	18	23790907.0	hap2
PR00496A	Lx	19	23748216.0	hap2
PR00496A	Lx	20	23737939.0	hap2
PR00496A	Lx	21	23580876.0	hap2
PR00496A	Lx	22	23069874.0	hap2
PR00496A	Lx	23	22574735.0	hap2
PR00496A	Lx	24	21799304.0	hap2
PR00496A	Lx	25	21443101.0	hap2
PR00496A	Lx	26	20973617.0	hap2
PR00496A	Lx	27	20759993.0	hap2
PR00496A	Lx	28	20312688.0	hap2
PR00496A	Lx	29	19975222.0	hap2
PR00496A	Lx	30	19145588.0	hap2
PR00496A	Lx	31	18785897.0	hap2
PR00496A	Lx	32	17731071.0	hap2
PR00496A	Lx	33	17551792.0	hap2
PR00496A	Lx	34	17045114.0	hap2
PR00496A	Lx	35	16644230.0	hap2
PR00496A	Lx	36	16380884.0	hap2
PR00496A	Lx	37	16117546.0	hap2
PR00496A	Lx	38	15286861.0	hap2
PR00496A	Lx	39	14785088.0	hap2
PR00496A	Lx	40	14451791.0	hap2
PR00496A	Lx	41	13917641.0	hap2
PR00496A	Lx	42	13652362.0	hap2
PR00496A	Lx	43	13382923.0	hap2
PR00496A	Lx	44	13283261.0	hap2
PR00496A	Lx	45	12872532.0	hap2
PR00496A	Lx	46	12551248.0	hap2
PR00496A	Lx	47	12441613.0	hap2
PR00496A	Lx	48	12272829.0	hap2
PR00496A	Lx	49	12149330.0	hap2
PR00496A	Lx	50	12077784.0	hap2
PR00496A	Lx	51	11907502.0	hap2
PR00496A	Lx	52	11450441.0	hap2
PR00496A	Lx	53	11325258.0	hap2
PR00496A	Lx	54	11268079.0	hap2
PR00496A	Lx	55	10819034.0	hap2
PR00496A	Lx	56	10568673.0	hap2
PR00496A	Lx	57	9959216.0	hap2
PR00496A	Lx	58	9665992.0	hap2
PR00496A	Lx	59	9513436.0	hap2
PR00496A	Lx	60	8961804.0	hap2
PR00496A	Lx	61	8820529.0	hap2
PR00496A	Lx	62	8404243.0	hap2
PR00496A	Lx	63	8280391.0	hap2
PR00496A	Lx	64	8165095.0	hap2
PR00496A	Lx	65	8086044.0	hap2
PR00496A	Lx	66	7936054.0	hap2
PR00496A	Lx	67	7611761.0	hap2
PR00496A	Lx	68	7362058.0	hap2
PR00496A	Lx	69	7062151.0	hap2
PR00496A	Lx	70	6657417.0	hap2
PR00496A	Lx	71	6533686.0	hap2
PR00496A	Lx	72	6367084.0	hap2
PR00496A	Lx	73	6070172.0	hap2
PR00496A	Lx	74	5943171.0	hap2
PR00496A	Lx	75	5658897.0	hap2
PR00496A	Lx	76	5356157.0	hap2
PR00496A	Lx	77	5139356.0	hap2
PR00496A	Lx	78	5012452.0	hap2
PR00496A	Lx	79	4876574.0	hap2
PR00496A	Lx	80	4622207.0	hap2
PR00496A	Lx	81	4280011.0	hap2
PR00496A	Lx	82	4031183.0	hap2
PR00496A	Lx	83	3932211.0	hap2
PR00496A	Lx	84	3811815.0	hap2
PR00496A	Lx	85	3560096.0	hap2
PR00496A	Lx	86	3210322.0	hap2
PR00496A	Lx	87	3041336.0	hap2
PR00496A	Lx	88	2925504.0	hap2
PR00496A	Lx	89	2725555.0	hap2
PR00496A	Lx	90	2511585.0	hap2
PR00496A	Lx	91	2328787.0	hap2
PR00496A	Lx	92	2074979.0	hap2
PR00496A	Lx	93	1781507.0	hap2
PR00496A	Lx	94	1597567.0	hap2
PR00496A	Lx	95	1441487.0	hap2
PR00496A	Lx	96	1156927.0	hap2
PR00496A	Lx	97	883838.0	hap2
PR00496A	Lx	98	620348.0	hap2
PR00496A	Lx	99	347921.0	hap2
PR00496A	Lx	100	16555.0	hap2
PR00496A	NGx	1	93620666.0	hap2
PR00496A	NGx	2	93620666.0	hap2
PR00496A	NGx	3	93620666.0	hap2
PR00496A	NGx	4	63199223.0	hap2
PR00496A	NGx	5	63199223.0	hap2
PR00496A	NGx	6	57544842.0	hap2
PR00496A	NGx	7	57544842.0	hap2
PR00496A	NGx	8	36315821.0	hap2
PR00496A	NGx	9	35601290.0	hap2
PR00496A	NGx	10	34702057.0	hap2
PR00496A	NGx	11	32765200.0	hap2
PR00496A	NGx	12	31536973.0	hap2
PR00496A	NGx	13	30878865.0	hap2
PR00496A	NGx	14	28578121.0	hap2
PR00496A	NGx	15	26884284.0	hap2
PR00496A	NGx	16	26057153.0	hap2
PR00496A	NGx	17	25602034.0	hap2
PR00496A	NGx	18	25579261.0	hap2
PR00496A	NGx	19	24987409.0	hap2
PR00496A	NGx	20	23748216.0	hap2
PR00496A	NGx	21	23737939.0	hap2
PR00496A	NGx	22	23686737.0	hap2
PR00496A	NGx	23	23069874.0	hap2
PR00496A	NGx	24	22574735.0	hap2
PR00496A	NGx	25	22019013.0	hap2
PR00496A	NGx	26	21443101.0	hap2
PR00496A	NGx	27	21090235.0	hap2
PR00496A	NGx	28	20973617.0	hap2
PR00496A	NGx	29	20552223.0	hap2
PR00496A	NGx	30	20312688.0	hap2
PR00496A	NGx	31	19975222.0	hap2
PR00496A	NGx	32	19145588.0	hap2
PR00496A	NGx	33	18785897.0	hap2
PR00496A	NGx	34	17731071.0	hap2
PR00496A	NGx	35	17551792.0	hap2
PR00496A	NGx	36	17045114.0	hap2
PR00496A	NGx	37	16644230.0	hap2
PR00496A	NGx	38	16380884.0	hap2
PR00496A	NGx	39	16117546.0	hap2
PR00496A	NGx	40	15286861.0	hap2
PR00496A	NGx	41	14785088.0	hap2
PR00496A	NGx	42	14659842.0	hap2
PR00496A	NGx	43	14234913.0	hap2
PR00496A	NGx	44	13899821.0	hap2
PR00496A	NGx	45	13526181.0	hap2
PR00496A	NGx	46	13382923.0	hap2
PR00496A	NGx	47	13105919.0	hap2
PR00496A	NGx	48	12841452.0	hap2
PR00496A	NGx	49	12551248.0	hap2
PR00496A	NGx	50	12434719.0	hap2
PR00496A	NGx	51	12272829.0	hap2
PR00496A	NGx	52	12149330.0	hap2
PR00496A	NGx	53	12077784.0	hap2
PR00496A	NGx	54	11907502.0	hap2
PR00496A	NGx	55	11653833.0	hap2
PR00496A	NGx	56	11383195.0	hap2
PR00496A	NGx	57	11312828.0	hap2
PR00496A	NGx	58	10832433.0	hap2
PR00496A	NGx	59	10586270.0	hap2
PR00496A	NGx	60	10224746.0	hap2
PR00496A	NGx	61	9749524.0	hap2
PR00496A	NGx	62	9553577.0	hap2
PR00496A	NGx	63	9347530.0	hap2
PR00496A	NGx	64	8957369.0	hap2
PR00496A	NGx	65	8800865.0	hap2
PR00496A	NGx	66	8404243.0	hap2
PR00496A	NGx	67	8280391.0	hap2
PR00496A	NGx	68	8165095.0	hap2
PR00496A	NGx	69	8086044.0	hap2
PR00496A	NGx	70	7936054.0	hap2
PR00496A	NGx	71	7711439.0	hap2
PR00496A	NGx	72	7455142.0	hap2
PR00496A	NGx	73	7208341.0	hap2
PR00496A	NGx	74	6672509.0	hap2
PR00496A	NGx	75	6604282.0	hap2
PR00496A	NGx	76	6471125.0	hap2
PR00496A	NGx	77	6181794.0	hap2
PR00496A	NGx	78	6054069.0	hap2
PR00496A	NGx	79	5785949.0	hap2
PR00496A	NGx	80	5582236.0	hap2
PR00496A	NGx	81	5353176.0	hap2
PR00496A	NGx	82	5088981.0	hap2
PR00496A	NGx	83	4941636.0	hap2
PR00496A	NGx	84	4872794.0	hap2
PR00496A	NGx	85	4551869.0	hap2
PR00496A	NGx	86	4280011.0	hap2
PR00496A	NGx	87	4031183.0	hap2
PR00496A	NGx	88	3947288.0	hap2
PR00496A	NGx	89	3834982.0	hap2
PR00496A	NGx	90	3589159.0	hap2
PR00496A	NGx	91	3369989.0	hap2
PR00496A	NGx	92	3151035.0	hap2
PR00496A	NGx	93	2956191.0	hap2
PR00496A	NGx	94	2803485.0	hap2
PR00496A	NGx	95	2587953.0	hap2
PR00496A	NGx	96	2410160.0	hap2
PR00496A	NGx	97	2210282.0	hap2
PR00496A	NGx	98	1987711.0	hap2
PR00496A	NGx	99	1704911.0	hap2
PR00496A	NGx	100	1578981.0	hap2
PR00496A	LGx	1	1.0	hap2
PR00496A	LGx	2	1.0	hap2
PR00496A	LGx	3	1.0	hap2
PR00496A	LGx	4	2.0	hap2
PR00496A	LGx	5	2.0	hap2
PR00496A	LGx	6	3.0	hap2
PR00496A	LGx	7	3.0	hap2
PR00496A	LGx	8	4.0	hap2
PR00496A	LGx	9	5.0	hap2
PR00496A	LGx	10	6.0	hap2
PR00496A	LGx	11	7.0	hap2
PR00496A	LGx	12	8.0	hap2
PR00496A	LGx	13	9.0	hap2
PR00496A	LGx	14	10.0	hap2
PR00496A	LGx	15	11.0	hap2
PR00496A	LGx	16	12.0	hap2
PR00496A	LGx	17	13.0	hap2
PR00496A	LGx	18	14.0	hap2
PR00496A	LGx	19	15.0	hap2
PR00496A	LGx	20	17.0	hap2
PR00496A	LGx	21	18.0	hap2
PR00496A	LGx	22	19.0	hap2
PR00496A	LGx	23	21.0	hap2
PR00496A	LGx	24	22.0	hap2
PR00496A	LGx	25	23.0	hap2
PR00496A	LGx	26	25.0	hap2
PR00496A	LGx	27	26.0	hap2
PR00496A	LGx	28	27.0	hap2
PR00496A	LGx	29	29.0	hap2
PR00496A	LGx	30	30.0	hap2
PR00496A	LGx	31	32.0	hap2
PR00496A	LGx	32	33.0	hap2
PR00496A	LGx	33	35.0	hap2
PR00496A	LGx	34	37.0	hap2
PR00496A	LGx	35	38.0	hap2
PR00496A	LGx	36	40.0	hap2
PR00496A	LGx	37	42.0	hap2
PR00496A	LGx	38	44.0	hap2
PR00496A	LGx	39	46.0	hap2
PR00496A	LGx	40	48.0	hap2
PR00496A	LGx	41	50.0	hap2
PR00496A	LGx	42	52.0	hap2
PR00496A	LGx	43	54.0	hap2
PR00496A	LGx	44	56.0	hap2
PR00496A	LGx	45	58.0	hap2
PR00496A	LGx	46	60.0	hap2
PR00496A	LGx	47	63.0	hap2
PR00496A	LGx	48	65.0	hap2
PR00496A	LGx	49	67.0	hap2
PR00496A	LGx	50	70.0	hap2
PR00496A	LGx	51	72.0	hap2
PR00496A	LGx	52	75.0	hap2
PR00496A	LGx	53	77.0	hap2
PR00496A	LGx	54	80.0	hap2
PR00496A	LGx	55	82.0	hap2
PR00496A	LGx	56	85.0	hap2
PR00496A	LGx	57	87.0	hap2
PR00496A	LGx	58	90.0	hap2
PR00496A	LGx	59	93.0	hap2
PR00496A	LGx	60	96.0	hap2
PR00496A	LGx	61	99.0	hap2
PR00496A	LGx	62	102.0	hap2
PR00496A	LGx	63	105.0	hap2
PR00496A	LGx	64	109.0	hap2
PR00496A	LGx	65	112.0	hap2
PR00496A	LGx	66	115.0	hap2
PR00496A	LGx	67	119.0	hap2
PR00496A	LGx	68	123.0	hap2
PR00496A	LGx	69	126.0	hap2
PR00496A	LGx	70	130.0	hap2
PR00496A	LGx	71	134.0	hap2
PR00496A	LGx	72	138.0	hap2
PR00496A	LGx	73	142.0	hap2
PR00496A	LGx	74	147.0	hap2
PR00496A	LGx	75	151.0	hap2
PR00496A	LGx	76	156.0	hap2
PR00496A	LGx	77	160.0	hap2
PR00496A	LGx	78	165.0	hap2
PR00496A	LGx	79	171.0	hap2
PR00496A	LGx	80	176.0	hap2
PR00496A	LGx	81	181.0	hap2
PR00496A	LGx	82	187.0	hap2
PR00496A	LGx	83	193.0	hap2
PR00496A	LGx	84	199.0	hap2
PR00496A	LGx	85	206.0	hap2
PR00496A	LGx	86	212.0	hap2
PR00496A	LGx	87	220.0	hap2
PR00496A	LGx	88	227.0	hap2
PR00496A	LGx	89	235.0	hap2
PR00496A	LGx	90	243.0	hap2
PR00496A	LGx	91	252.0	hap2
PR00496A	LGx	92	261.0	hap2
PR00496A	LGx	93	271.0	hap2
PR00496A	LGx	94	282.0	hap2
PR00496A	LGx	95	293.0	hap2
PR00496A	LGx	96	305.0	hap2
PR00496A	LGx	97	318.0	hap2
PR00496A	LGx	98	332.0	hap2
PR00496A	LGx	99	348.0	hap2
PR00496A	LGx	100	367.0	hap2
PR00496A	auN	3360986110	305.93817	primary
PR00496A	auNG	3018593705	340.64005	primary
PR00496A	Nx	1	93620666.0	primary
PR00496A	Nx	2	93620666.0	primary
PR00496A	Nx	3	92179349.0	primary
PR00496A	Nx	4	92179349.0	primary
PR00496A	Nx	5	92179349.0	primary
PR00496A	Nx	6	63199223.0	primary
PR00496A	Nx	7	63199223.0	primary
PR00496A	Nx	8	61092058.0	primary
PR00496A	Nx	9	61092058.0	primary
PR00496A	Nx	10	57544842.0	primary
PR00496A	Nx	11	57028491.0	primary
PR00496A	Nx	12	57028491.0	primary
PR00496A	Nx	13	56905977.0	primary
PR00496A	Nx	14	56905977.0	primary
PR00496A	Nx	15	53131556.0	primary
PR00496A	Nx	16	50273859.0	primary
PR00496A	Nx	17	50273859.0	primary
PR00496A	Nx	18	49090839.0	primary
PR00496A	Nx	19	48889556.0	primary
PR00496A	Nx	20	48889556.0	primary
PR00496A	Nx	21	48641416.0	primary
PR00496A	Nx	22	46834763.0	primary
PR00496A	Nx	23	46834763.0	primary
PR00496A	Nx	24	44352005.0	primary
PR00496A	Nx	25	42656777.0	primary
PR00496A	Nx	26	40957858.0	primary
PR00496A	Nx	27	39828199.0	primary
PR00496A	Nx	28	39828199.0	primary
PR00496A	Nx	29	38443038.0	primary
PR00496A	Nx	30	37615265.0	primary
PR00496A	Nx	31	37540291.0	primary
PR00496A	Nx	32	37070232.0	primary
PR00496A	Nx	33	36843397.0	primary
PR00496A	Nx	34	36315821.0	primary
PR00496A	Nx	35	35410678.0	primary
PR00496A	Nx	36	35323889.0	primary
PR00496A	Nx	37	35132013.0	primary
PR00496A	Nx	38	33958291.0	primary
PR00496A	Nx	39	33404581.0	primary
PR00496A	Nx	40	33273539.0	primary
PR00496A	Nx	41	33008474.0	primary
PR00496A	Nx	42	32453888.0	primary
PR00496A	Nx	43	31661358.0	primary
PR00496A	Nx	44	30681551.0	primary
PR00496A	Nx	45	29841182.0	primary
PR00496A	Nx	46	28948172.0	primary
PR00496A	Nx	47	28941394.0	primary
PR00496A	Nx	48	28604754.0	primary
PR00496A	Nx	49	27120733.0	primary
PR00496A	Nx	50	25887457.0	primary
PR00496A	Nx	51	25602034.0	primary
PR00496A	Nx	52	25473777.0	primary
PR00496A	Nx	53	25161068.0	primary
PR00496A	Nx	54	24499436.0	primary
PR00496A	Nx	55	23737939.0	primary
PR00496A	Nx	56	23252928.0	primary
PR00496A	Nx	57	23065700.0	primary
PR00496A	Nx	58	21446359.0	primary
PR00496A	Nx	59	21443101.0	primary
PR00496A	Nx	60	20782741.0	primary
PR00496A	Nx	61	20559911.0	primary
PR00496A	Nx	62	20476518.0	primary
PR00496A	Nx	63	19906950.0	primary
PR00496A	Nx	64	19155881.0	primary
PR00496A	Nx	65	18380809.0	primary
PR00496A	Nx	66	18292377.0	primary
PR00496A	Nx	67	17745463.0	primary
PR00496A	Nx	68	15919822.0	primary
PR00496A	Nx	69	15118206.0	primary
PR00496A	Nx	70	14124490.0	primary
PR00496A	Nx	71	13348549.0	primary
PR00496A	Nx	72	12943627.0	primary
PR00496A	Nx	73	12571994.0	primary
PR00496A	Nx	74	12377531.0	primary
PR00496A	Nx	75	11636097.0	primary
PR00496A	Nx	76	11226410.0	primary
PR00496A	Nx	77	10899479.0	primary
PR00496A	Nx	78	10592147.0	primary
PR00496A	Nx	79	9913866.0	primary
PR00496A	Nx	80	9407868.0	primary
PR00496A	Nx	81	8641122.0	primary
PR00496A	Nx	82	8098342.0	primary
PR00496A	Nx	83	7522252.0	primary
PR00496A	Nx	84	7062151.0	primary
PR00496A	Nx	85	6533686.0	primary
PR00496A	Nx	86	5850701.0	primary
PR00496A	Nx	87	5351131.0	primary
PR00496A	Nx	88	5029254.0	primary
PR00496A	Nx	89	4717240.0	primary
PR00496A	Nx	90	4210994.0	primary
PR00496A	Nx	91	3882680.0	primary
PR00496A	Nx	92	3553520.0	primary
PR00496A	Nx	93	3137457.0	primary
PR00496A	Nx	94	2774682.0	primary
PR00496A	Nx	95	2520952.0	primary
PR00496A	Nx	96	2167389.0	primary
PR00496A	Nx	97	1619816.0	primary
PR00496A	Nx	98	1210823.0	primary
PR00496A	Nx	99	653946.0	primary
PR00496A	Nx	100	18681.0	primary
PR00496A	Lx	1	93620666.0	primary
PR00496A	Lx	2	93620666.0	primary
PR00496A	Lx	3	92179349.0	primary
PR00496A	Lx	4	92179349.0	primary
PR00496A	Lx	5	92179349.0	primary
PR00496A	Lx	6	63199223.0	primary
PR00496A	Lx	7	63199223.0	primary
PR00496A	Lx	8	61092058.0	primary
PR00496A	Lx	9	61092058.0	primary
PR00496A	Lx	10	57544842.0	primary
PR00496A	Lx	11	57028491.0	primary
PR00496A	Lx	12	57028491.0	primary
PR00496A	Lx	13	56905977.0	primary
PR00496A	Lx	14	56905977.0	primary
PR00496A	Lx	15	53131556.0	primary
PR00496A	Lx	16	50273859.0	primary
PR00496A	Lx	17	50273859.0	primary
PR00496A	Lx	18	49090839.0	primary
PR00496A	Lx	19	48889556.0	primary
PR00496A	Lx	20	48889556.0	primary
PR00496A	Lx	21	48641416.0	primary
PR00496A	Lx	22	46834763.0	primary
PR00496A	Lx	23	46834763.0	primary
PR00496A	Lx	24	44352005.0	primary
PR00496A	Lx	25	42656777.0	primary
PR00496A	Lx	26	40957858.0	primary
PR00496A	Lx	27	39828199.0	primary
PR00496A	Lx	28	39828199.0	primary
PR00496A	Lx	29	38443038.0	primary
PR00496A	Lx	30	37615265.0	primary
PR00496A	Lx	31	37540291.0	primary
PR00496A	Lx	32	37070232.0	primary
PR00496A	Lx	33	36843397.0	primary
PR00496A	Lx	34	36315821.0	primary
PR00496A	Lx	35	35410678.0	primary
PR00496A	Lx	36	35323889.0	primary
PR00496A	Lx	37	35132013.0	primary
PR00496A	Lx	38	33958291.0	primary
PR00496A	Lx	39	33404581.0	primary
PR00496A	Lx	40	33273539.0	primary
PR00496A	Lx	41	33008474.0	primary
PR00496A	Lx	42	32453888.0	primary
PR00496A	Lx	43	31661358.0	primary
PR00496A	Lx	44	30681551.0	primary
PR00496A	Lx	45	29841182.0	primary
PR00496A	Lx	46	28948172.0	primary
PR00496A	Lx	47	28941394.0	primary
PR00496A	Lx	48	28604754.0	primary
PR00496A	Lx	49	27120733.0	primary
PR00496A	Lx	50	25887457.0	primary
PR00496A	Lx	51	25602034.0	primary
PR00496A	Lx	52	25473777.0	primary
PR00496A	Lx	53	25161068.0	primary
PR00496A	Lx	54	24499436.0	primary
PR00496A	Lx	55	23737939.0	primary
PR00496A	Lx	56	23252928.0	primary
PR00496A	Lx	57	23065700.0	primary
PR00496A	Lx	58	21446359.0	primary
PR00496A	Lx	59	21443101.0	primary
PR00496A	Lx	60	20782741.0	primary
PR00496A	Lx	61	20559911.0	primary
PR00496A	Lx	62	20476518.0	primary
PR00496A	Lx	63	19906950.0	primary
PR00496A	Lx	64	19155881.0	primary
PR00496A	Lx	65	18380809.0	primary
PR00496A	Lx	66	18292377.0	primary
PR00496A	Lx	67	17745463.0	primary
PR00496A	Lx	68	15919822.0	primary
PR00496A	Lx	69	15118206.0	primary
PR00496A	Lx	70	14124490.0	primary
PR00496A	Lx	71	13348549.0	primary
PR00496A	Lx	72	12943627.0	primary
PR00496A	Lx	73	12571994.0	primary
PR00496A	Lx	74	12377531.0	primary
PR00496A	Lx	75	11636097.0	primary
PR00496A	Lx	76	11226410.0	primary
PR00496A	Lx	77	10899479.0	primary
PR00496A	Lx	78	10592147.0	primary
PR00496A	Lx	79	9913866.0	primary
PR00496A	Lx	80	9407868.0	primary
PR00496A	Lx	81	8641122.0	primary
PR00496A	Lx	82	8098342.0	primary
PR00496A	Lx	83	7522252.0	primary
PR00496A	Lx	84	7062151.0	primary
PR00496A	Lx	85	6533686.0	primary
PR00496A	Lx	86	5850701.0	primary
PR00496A	Lx	87	5351131.0	primary
PR00496A	Lx	88	5029254.0	primary
PR00496A	Lx	89	4717240.0	primary
PR00496A	Lx	90	4210994.0	primary
PR00496A	Lx	91	3882680.0	primary
PR00496A	Lx	92	3553520.0	primary
PR00496A	Lx	93	3137457.0	primary
PR00496A	Lx	94	2774682.0	primary
PR00496A	Lx	95	2520952.0	primary
PR00496A	Lx	96	2167389.0	primary
PR00496A	Lx	97	1619816.0	primary
PR00496A	Lx	98	1210823.0	primary
PR00496A	Lx	99	653946.0	primary
PR00496A	Lx	100	18681.0	primary
PR00496A	NGx	1	93620666.0	primary
PR00496A	NGx	2	93620666.0	primary
PR00496A	NGx	3	93620666.0	primary
PR00496A	NGx	4	92179349.0	primary
PR00496A	NGx	5	92179349.0	primary
PR00496A	NGx	6	92179349.0	primary
PR00496A	NGx	7	63199223.0	primary
PR00496A	NGx	8	63199223.0	primary
PR00496A	NGx	9	61092058.0	primary
PR00496A	NGx	10	61092058.0	primary
PR00496A	NGx	11	57544842.0	primary
PR00496A	NGx	12	57544842.0	primary
PR00496A	NGx	13	57028491.0	primary
PR00496A	NGx	14	57028491.0	primary
PR00496A	NGx	15	56905977.0	primary
PR00496A	NGx	16	53131556.0	primary
PR00496A	NGx	17	53131556.0	primary
PR00496A	NGx	18	50273859.0	primary
PR00496A	NGx	19	50273859.0	primary
PR00496A	NGx	20	49090839.0	primary
PR00496A	NGx	21	49090839.0	primary
PR00496A	NGx	22	48889556.0	primary
PR00496A	NGx	23	48641416.0	primary
PR00496A	NGx	24	48641416.0	primary
PR00496A	NGx	25	46834763.0	primary
PR00496A	NGx	26	44352005.0	primary
PR00496A	NGx	27	44352005.0	primary
PR00496A	NGx	28	42656777.0	primary
PR00496A	NGx	29	40957858.0	primary
PR00496A	NGx	30	40957858.0	primary
PR00496A	NGx	31	39828199.0	primary
PR00496A	NGx	32	38443038.0	primary
PR00496A	NGx	33	37615265.0	primary
PR00496A	NGx	34	37540291.0	primary
PR00496A	NGx	35	37540291.0	primary
PR00496A	NGx	36	37070232.0	primary
PR00496A	NGx	37	36843397.0	primary
PR00496A	NGx	38	36315821.0	primary
PR00496A	NGx	39	35410678.0	primary
PR00496A	NGx	40	35323889.0	primary
PR00496A	NGx	41	35323889.0	primary
PR00496A	NGx	42	35132013.0	primary
PR00496A	NGx	43	33958291.0	primary
PR00496A	NGx	44	33404581.0	primary
PR00496A	NGx	45	33273539.0	primary
PR00496A	NGx	46	33008474.0	primary
PR00496A	NGx	47	32453888.0	primary
PR00496A	NGx	48	31661358.0	primary
PR00496A	NGx	49	30681551.0	primary
PR00496A	NGx	50	29841182.0	primary
PR00496A	NGx	51	28948172.0	primary
PR00496A	NGx	52	28941394.0	primary
PR00496A	NGx	53	28604754.0	primary
PR00496A	NGx	54	27120733.0	primary
PR00496A	NGx	55	26577524.0	primary
PR00496A	NGx	56	25887457.0	primary
PR00496A	NGx	57	25602034.0	primary
PR00496A	NGx	58	25473777.0	primary
PR00496A	NGx	59	25161068.0	primary
PR00496A	NGx	60	24499436.0	primary
PR00496A	NGx	61	23737939.0	primary
PR00496A	NGx	62	23582699.0	primary
PR00496A	NGx	63	23065700.0	primary
PR00496A	NGx	64	21936060.0	primary
PR00496A	NGx	65	21446359.0	primary
PR00496A	NGx	66	20950456.0	primary
PR00496A	NGx	67	20782741.0	primary
PR00496A	NGx	68	20559911.0	primary
PR00496A	NGx	69	20476518.0	primary
PR00496A	NGx	70	19906950.0	primary
PR00496A	NGx	71	19502830.0	primary
PR00496A	NGx	72	18380809.0	primary
PR00496A	NGx	73	18292377.0	primary
PR00496A	NGx	74	17746870.0	primary
PR00496A	NGx	75	16578266.0	primary
PR00496A	NGx	76	15363180.0	primary
PR00496A	NGx	77	14946038.0	primary
PR00496A	NGx	78	14124490.0	primary
PR00496A	NGx	79	13348549.0	primary
PR00496A	NGx	80	12953453.0	primary
PR00496A	NGx	81	12571994.0	primary
PR00496A	NGx	82	12400829.0	primary
PR00496A	NGx	83	12009347.0	primary
PR00496A	NGx	84	11359245.0	primary
PR00496A	NGx	85	11148764.0	primary
PR00496A	NGx	86	10832433.0	primary
PR00496A	NGx	87	10592147.0	primary
PR00496A	NGx	88	9913866.0	primary
PR00496A	NGx	89	9499131.0	primary
PR00496A	NGx	90	8641122.0	primary
PR00496A	NGx	91	8280391.0	primary
PR00496A	NGx	92	7751839.0	primary
PR00496A	NGx	93	7462385.0	primary
PR00496A	NGx	94	7012482.0	primary
PR00496A	NGx	95	6239579.0	primary
PR00496A	NGx	96	5750560.0	primary
PR00496A	NGx	97	5351131.0	primary
PR00496A	NGx	98	5029254.0	primary
PR00496A	NGx	99	4768945.0	primary
PR00496A	NGx	100	4220993.0	primary
PR00496A	LGx	1	1.0	primary
PR00496A	LGx	2	1.0	primary
PR00496A	LGx	3	1.0	primary
PR00496A	LGx	4	2.0	primary
PR00496A	LGx	5	2.0	primary
PR00496A	LGx	6	2.0	primary
PR00496A	LGx	7	3.0	primary
PR00496A	LGx	8	3.0	primary
PR00496A	LGx	9	4.0	primary
PR00496A	LGx	10	4.0	primary
PR00496A	LGx	11	5.0	primary
PR00496A	LGx	12	5.0	primary
PR00496A	LGx	13	6.0	primary
PR00496A	LGx	14	6.0	primary
PR00496A	LGx	15	7.0	primary
PR00496A	LGx	16	8.0	primary
PR00496A	LGx	17	8.0	primary
PR00496A	LGx	18	9.0	primary
PR00496A	LGx	19	9.0	primary
PR00496A	LGx	20	10.0	primary
PR00496A	LGx	21	10.0	primary
PR00496A	LGx	22	11.0	primary
PR00496A	LGx	23	12.0	primary
PR00496A	LGx	24	12.0	primary
PR00496A	LGx	25	13.0	primary
PR00496A	LGx	26	14.0	primary
PR00496A	LGx	27	14.0	primary
PR00496A	LGx	28	15.0	primary
PR00496A	LGx	29	16.0	primary
PR00496A	LGx	30	16.0	primary
PR00496A	LGx	31	17.0	primary
PR00496A	LGx	32	18.0	primary
PR00496A	LGx	33	19.0	primary
PR00496A	LGx	34	20.0	primary
PR00496A	LGx	35	20.0	primary
PR00496A	LGx	36	21.0	primary
PR00496A	LGx	37	22.0	primary
PR00496A	LGx	38	23.0	primary
PR00496A	LGx	39	24.0	primary
PR00496A	LGx	40	25.0	primary
PR00496A	LGx	41	25.0	primary
PR00496A	LGx	42	26.0	primary
PR00496A	LGx	43	27.0	primary
PR00496A	LGx	44	28.0	primary
PR00496A	LGx	45	29.0	primary
PR00496A	LGx	46	30.0	primary
PR00496A	LGx	47	31.0	primary
PR00496A	LGx	48	32.0	primary
PR00496A	LGx	49	33.0	primary
PR00496A	LGx	50	34.0	primary
PR00496A	LGx	51	35.0	primary
PR00496A	LGx	52	36.0	primary
PR00496A	LGx	53	37.0	primary
PR00496A	LGx	54	38.0	primary
PR00496A	LGx	55	39.0	primary
PR00496A	LGx	56	40.0	primary
PR00496A	LGx	57	41.0	primary
PR00496A	LGx	58	42.0	primary
PR00496A	LGx	59	44.0	primary
PR00496A	LGx	60	45.0	primary
PR00496A	LGx	61	46.0	primary
PR00496A	LGx	62	47.0	primary
PR00496A	LGx	63	49.0	primary
PR00496A	LGx	64	50.0	primary
PR00496A	LGx	65	51.0	primary
PR00496A	LGx	66	53.0	primary
PR00496A	LGx	67	54.0	primary
PR00496A	LGx	68	56.0	primary
PR00496A	LGx	69	57.0	primary
PR00496A	LGx	70	59.0	primary
PR00496A	LGx	71	60.0	primary
PR00496A	LGx	72	62.0	primary
PR00496A	LGx	73	64.0	primary
PR00496A	LGx	74	65.0	primary
PR00496A	LGx	75	67.0	primary
PR00496A	LGx	76	69.0	primary
PR00496A	LGx	77	71.0	primary
PR00496A	LGx	78	73.0	primary
PR00496A	LGx	79	75.0	primary
PR00496A	LGx	80	77.0	primary
PR00496A	LGx	81	80.0	primary
PR00496A	LGx	82	82.0	primary
PR00496A	LGx	83	85.0	primary
PR00496A	LGx	84	87.0	primary
PR00496A	LGx	85	90.0	primary
PR00496A	LGx	86	93.0	primary
PR00496A	LGx	87	95.0	primary
PR00496A	LGx	88	98.0	primary
PR00496A	LGx	89	101.0	primary
PR00496A	LGx	90	105.0	primary
PR00496A	LGx	91	108.0	primary
PR00496A	LGx	92	112.0	primary
PR00496A	LGx	93	116.0	primary
PR00496A	LGx	94	120.0	primary
PR00496A	LGx	95	125.0	primary
PR00496A	LGx	96	130.0	primary
PR00496A	LGx	97	135.0	primary
PR00496A	LGx	98	141.0	primary
PR00496A	LGx	99	147.0	primary
PR00496A	LGx	100	154.0	primary
PR01223	auN	3110429773	435.39462	hap1
PR01223	auNG	3018593705	448.6408	hap1
PR01223	Nx	1	136068910.0	hap1
PR01223	Nx	2	136068910.0	hap1
PR01223	Nx	3	136068910.0	hap1
PR01223	Nx	4	136068910.0	hap1
PR01223	Nx	5	135699555.0	hap1
PR01223	Nx	6	135699555.0	hap1
PR01223	Nx	7	135699555.0	hap1
PR01223	Nx	8	135699555.0	hap1
PR01223	Nx	9	133925207.0	hap1
PR01223	Nx	10	133925207.0	hap1
PR01223	Nx	11	133925207.0	hap1
PR01223	Nx	12	133925207.0	hap1
PR01223	Nx	13	133925207.0	hap1
PR01223	Nx	14	106225241.0	hap1
PR01223	Nx	15	106225241.0	hap1
PR01223	Nx	16	106225241.0	hap1
PR01223	Nx	17	94102913.0	hap1
PR01223	Nx	18	94102913.0	hap1
PR01223	Nx	19	94102913.0	hap1
PR01223	Nx	20	89849478.0	hap1
PR01223	Nx	21	89849478.0	hap1
PR01223	Nx	22	89849478.0	hap1
PR01223	Nx	23	84367249.0	hap1
PR01223	Nx	24	84367249.0	hap1
PR01223	Nx	25	84367249.0	hap1
PR01223	Nx	26	81224847.0	hap1
PR01223	Nx	27	81224847.0	hap1
PR01223	Nx	28	79174241.0	hap1
PR01223	Nx	29	79174241.0	hap1
PR01223	Nx	30	79174241.0	hap1
PR01223	Nx	31	77336878.0	hap1
PR01223	Nx	32	77336878.0	hap1
PR01223	Nx	33	72144605.0	hap1
PR01223	Nx	34	72144605.0	hap1
PR01223	Nx	35	72144605.0	hap1
PR01223	Nx	36	67417507.0	hap1
PR01223	Nx	37	67417507.0	hap1
PR01223	Nx	38	65629315.0	hap1
PR01223	Nx	39	65629315.0	hap1
PR01223	Nx	40	65300807.0	hap1
PR01223	Nx	41	65300807.0	hap1
PR01223	Nx	42	64371993.0	hap1
PR01223	Nx	43	64371993.0	hap1
PR01223	Nx	44	63092222.0	hap1
PR01223	Nx	45	63092222.0	hap1
PR01223	Nx	46	61214084.0	hap1
PR01223	Nx	47	61214084.0	hap1
PR01223	Nx	48	56178720.0	hap1
PR01223	Nx	49	56178720.0	hap1
PR01223	Nx	50	49245477.0	hap1
PR01223	Nx	51	47678932.0	hap1
PR01223	Nx	52	47678932.0	hap1
PR01223	Nx	53	43730030.0	hap1
PR01223	Nx	54	42607007.0	hap1
PR01223	Nx	55	42607007.0	hap1
PR01223	Nx	56	35844135.0	hap1
PR01223	Nx	57	33839632.0	hap1
PR01223	Nx	58	33549557.0	hap1
PR01223	Nx	59	32320143.0	hap1
PR01223	Nx	60	29734201.0	hap1
PR01223	Nx	61	29260327.0	hap1
PR01223	Nx	62	29253098.0	hap1
PR01223	Nx	63	28969623.0	hap1
PR01223	Nx	64	25896577.0	hap1
PR01223	Nx	65	24279113.0	hap1
PR01223	Nx	66	23354780.0	hap1
PR01223	Nx	67	22802159.0	hap1
PR01223	Nx	68	21734848.0	hap1
PR01223	Nx	69	20829656.0	hap1
PR01223	Nx	70	20532052.0	hap1
PR01223	Nx	71	19365994.0	hap1
PR01223	Nx	72	18772668.0	hap1
PR01223	Nx	73	18447114.0	hap1
PR01223	Nx	74	17763424.0	hap1
PR01223	Nx	75	16687188.0	hap1
PR01223	Nx	76	16094612.0	hap1
PR01223	Nx	77	15722602.0	hap1
PR01223	Nx	78	15165638.0	hap1
PR01223	Nx	79	14508617.0	hap1
PR01223	Nx	80	13920556.0	hap1
PR01223	Nx	81	12279997.0	hap1
PR01223	Nx	82	11504854.0	hap1
PR01223	Nx	83	9969387.0	hap1
PR01223	Nx	84	9603854.0	hap1
PR01223	Nx	85	7889780.0	hap1
PR01223	Nx	86	7069845.0	hap1
PR01223	Nx	87	6046662.0	hap1
PR01223	Nx	88	5088030.0	hap1
PR01223	Nx	89	4454301.0	hap1
PR01223	Nx	90	3650627.0	hap1
PR01223	Nx	91	3268796.0	hap1
PR01223	Nx	92	2954146.0	hap1
PR01223	Nx	93	2536590.0	hap1
PR01223	Nx	94	1951042.0	hap1
PR01223	Nx	95	1661866.0	hap1
PR01223	Nx	96	1416385.0	hap1
PR01223	Nx	97	948287.0	hap1
PR01223	Nx	98	671786.0	hap1
PR01223	Nx	99	294912.0	hap1
PR01223	Nx	100	14503.0	hap1
PR01223	Lx	1	136068910.0	hap1
PR01223	Lx	2	136068910.0	hap1
PR01223	Lx	3	136068910.0	hap1
PR01223	Lx	4	136068910.0	hap1
PR01223	Lx	5	135699555.0	hap1
PR01223	Lx	6	135699555.0	hap1
PR01223	Lx	7	135699555.0	hap1
PR01223	Lx	8	135699555.0	hap1
PR01223	Lx	9	133925207.0	hap1
PR01223	Lx	10	133925207.0	hap1
PR01223	Lx	11	133925207.0	hap1
PR01223	Lx	12	133925207.0	hap1
PR01223	Lx	13	133925207.0	hap1
PR01223	Lx	14	106225241.0	hap1
PR01223	Lx	15	106225241.0	hap1
PR01223	Lx	16	106225241.0	hap1
PR01223	Lx	17	94102913.0	hap1
PR01223	Lx	18	94102913.0	hap1
PR01223	Lx	19	94102913.0	hap1
PR01223	Lx	20	89849478.0	hap1
PR01223	Lx	21	89849478.0	hap1
PR01223	Lx	22	89849478.0	hap1
PR01223	Lx	23	84367249.0	hap1
PR01223	Lx	24	84367249.0	hap1
PR01223	Lx	25	84367249.0	hap1
PR01223	Lx	26	81224847.0	hap1
PR01223	Lx	27	81224847.0	hap1
PR01223	Lx	28	79174241.0	hap1
PR01223	Lx	29	79174241.0	hap1
PR01223	Lx	30	79174241.0	hap1
PR01223	Lx	31	77336878.0	hap1
PR01223	Lx	32	77336878.0	hap1
PR01223	Lx	33	72144605.0	hap1
PR01223	Lx	34	72144605.0	hap1
PR01223	Lx	35	72144605.0	hap1
PR01223	Lx	36	67417507.0	hap1
PR01223	Lx	37	67417507.0	hap1
PR01223	Lx	38	65629315.0	hap1
PR01223	Lx	39	65629315.0	hap1
PR01223	Lx	40	65300807.0	hap1
PR01223	Lx	41	65300807.0	hap1
PR01223	Lx	42	64371993.0	hap1
PR01223	Lx	43	64371993.0	hap1
PR01223	Lx	44	63092222.0	hap1
PR01223	Lx	45	63092222.0	hap1
PR01223	Lx	46	61214084.0	hap1
PR01223	Lx	47	61214084.0	hap1
PR01223	Lx	48	56178720.0	hap1
PR01223	Lx	49	56178720.0	hap1
PR01223	Lx	50	49245477.0	hap1
PR01223	Lx	51	47678932.0	hap1
PR01223	Lx	52	47678932.0	hap1
PR01223	Lx	53	43730030.0	hap1
PR01223	Lx	54	42607007.0	hap1
PR01223	Lx	55	42607007.0	hap1
PR01223	Lx	56	35844135.0	hap1
PR01223	Lx	57	33839632.0	hap1
PR01223	Lx	58	33549557.0	hap1
PR01223	Lx	59	32320143.0	hap1
PR01223	Lx	60	29734201.0	hap1
PR01223	Lx	61	29260327.0	hap1
PR01223	Lx	62	29253098.0	hap1
PR01223	Lx	63	28969623.0	hap1
PR01223	Lx	64	25896577.0	hap1
PR01223	Lx	65	24279113.0	hap1
PR01223	Lx	66	23354780.0	hap1
PR01223	Lx	67	22802159.0	hap1
PR01223	Lx	68	21734848.0	hap1
PR01223	Lx	69	20829656.0	hap1
PR01223	Lx	70	20532052.0	hap1
PR01223	Lx	71	19365994.0	hap1
PR01223	Lx	72	18772668.0	hap1
PR01223	Lx	73	18447114.0	hap1
PR01223	Lx	74	17763424.0	hap1
PR01223	Lx	75	16687188.0	hap1
PR01223	Lx	76	16094612.0	hap1
PR01223	Lx	77	15722602.0	hap1
PR01223	Lx	78	15165638.0	hap1
PR01223	Lx	79	14508617.0	hap1
PR01223	Lx	80	13920556.0	hap1
PR01223	Lx	81	12279997.0	hap1
PR01223	Lx	82	11504854.0	hap1
PR01223	Lx	83	9969387.0	hap1
PR01223	Lx	84	9603854.0	hap1
PR01223	Lx	85	7889780.0	hap1
PR01223	Lx	86	7069845.0	hap1
PR01223	Lx	87	6046662.0	hap1
PR01223	Lx	88	5088030.0	hap1
PR01223	Lx	89	4454301.0	hap1
PR01223	Lx	90	3650627.0	hap1
PR01223	Lx	91	3268796.0	hap1
PR01223	Lx	92	2954146.0	hap1
PR01223	Lx	93	2536590.0	hap1
PR01223	Lx	94	1951042.0	hap1
PR01223	Lx	95	1661866.0	hap1
PR01223	Lx	96	1416385.0	hap1
PR01223	Lx	97	948287.0	hap1
PR01223	Lx	98	671786.0	hap1
PR01223	Lx	99	294912.0	hap1
PR01223	Lx	100	14503.0	hap1
PR01223	NGx	1	136068910.0	hap1
PR01223	NGx	2	136068910.0	hap1
PR01223	NGx	3	136068910.0	hap1
PR01223	NGx	4	136068910.0	hap1
PR01223	NGx	5	135699555.0	hap1
PR01223	NGx	6	135699555.0	hap1
PR01223	NGx	7	135699555.0	hap1
PR01223	NGx	8	135699555.0	hap1
PR01223	NGx	9	135699555.0	hap1
PR01223	NGx	10	133925207.0	hap1
PR01223	NGx	11	133925207.0	hap1
PR01223	NGx	12	133925207.0	hap1
PR01223	NGx	13	133925207.0	hap1
PR01223	NGx	14	106225241.0	hap1
PR01223	NGx	15	106225241.0	hap1
PR01223	NGx	16	106225241.0	hap1
PR01223	NGx	17	94102913.0	hap1
PR01223	NGx	18	94102913.0	hap1
PR01223	NGx	19	94102913.0	hap1
PR01223	NGx	20	94102913.0	hap1
PR01223	NGx	21	89849478.0	hap1
PR01223	NGx	22	89849478.0	hap1
PR01223	NGx	23	89849478.0	hap1
PR01223	NGx	24	84367249.0	hap1
PR01223	NGx	25	84367249.0	hap1
PR01223	NGx	26	81224847.0	hap1
PR01223	NGx	27	81224847.0	hap1
PR01223	NGx	28	81224847.0	hap1
PR01223	NGx	29	79174241.0	hap1
PR01223	NGx	30	79174241.0	hap1
PR01223	NGx	31	79174241.0	hap1
PR01223	NGx	32	77336878.0	hap1
PR01223	NGx	33	77336878.0	hap1
PR01223	NGx	34	72144605.0	hap1
PR01223	NGx	35	72144605.0	hap1
PR01223	NGx	36	72144605.0	hap1
PR01223	NGx	37	67417507.0	hap1
PR01223	NGx	38	67417507.0	hap1
PR01223	NGx	39	65629315.0	hap1
PR01223	NGx	40	65629315.0	hap1
PR01223	NGx	41	65300807.0	hap1
PR01223	NGx	42	65300807.0	hap1
PR01223	NGx	43	64371993.0	hap1
PR01223	NGx	44	64371993.0	hap1
PR01223	NGx	45	63092222.0	hap1
PR01223	NGx	46	63092222.0	hap1
PR01223	NGx	47	61214084.0	hap1
PR01223	NGx	48	61214084.0	hap1
PR01223	NGx	49	56178720.0	hap1
PR01223	NGx	50	56178720.0	hap1
PR01223	NGx	51	49245477.0	hap1
PR01223	NGx	52	49245477.0	hap1
PR01223	NGx	53	47678932.0	hap1
PR01223	NGx	54	47678932.0	hap1
PR01223	NGx	55	43730030.0	hap1
PR01223	NGx	56	42607007.0	hap1
PR01223	NGx	57	35844135.0	hap1
PR01223	NGx	58	35844135.0	hap1
PR01223	NGx	59	33839632.0	hap1
PR01223	NGx	60	33549557.0	hap1
PR01223	NGx	61	32320143.0	hap1
PR01223	NGx	62	29734201.0	hap1
PR01223	NGx	63	29260327.0	hap1
PR01223	NGx	64	29253098.0	hap1
PR01223	NGx	65	28969623.0	hap1
PR01223	NGx	66	25896577.0	hap1
PR01223	NGx	67	24279113.0	hap1
PR01223	NGx	68	23354780.0	hap1
PR01223	NGx	69	22802159.0	hap1
PR01223	NGx	70	21734848.0	hap1
PR01223	NGx	71	20829656.0	hap1
PR01223	NGx	72	20534834.0	hap1
PR01223	NGx	73	19365994.0	hap1
PR01223	NGx	74	18775288.0	hap1
PR01223	NGx	75	18447114.0	hap1
PR01223	NGx	76	17763424.0	hap1
PR01223	NGx	77	16687188.0	hap1
PR01223	NGx	78	16625539.0	hap1
PR01223	NGx	79	15771680.0	hap1
PR01223	NGx	80	15561697.0	hap1
PR01223	NGx	81	14883618.0	hap1
PR01223	NGx	82	14471430.0	hap1
PR01223	NGx	83	13102629.0	hap1
PR01223	NGx	84	11814658.0	hap1
PR01223	NGx	85	10155654.0	hap1
PR01223	NGx	86	9901102.0	hap1
PR01223	NGx	87	8127991.0	hap1
PR01223	NGx	88	7329945.0	hap1
PR01223	NGx	89	6799318.0	hap1
PR01223	NGx	90	5247031.0	hap1
PR01223	NGx	91	4689292.0	hap1
PR01223	NGx	92	3962432.0	hap1
PR01223	NGx	93	3551638.0	hap1
PR01223	NGx	94	3219038.0	hap1
PR01223	NGx	95	2860539.0	hap1
PR01223	NGx	96	2475357.0	hap1
PR01223	NGx	97	1930914.0	hap1
PR01223	NGx	98	1630025.0	hap1
PR01223	NGx	99	1398865.0	hap1
PR01223	NGx	100	930462.0	hap1
PR01223	LGx	1	1.0	hap1
PR01223	LGx	2	1.0	hap1
PR01223	LGx	3	1.0	hap1
PR01223	LGx	4	1.0	hap1
PR01223	LGx	5	2.0	hap1
PR01223	LGx	6	2.0	hap1
PR01223	LGx	7	2.0	hap1
PR01223	LGx	8	2.0	hap1
PR01223	LGx	9	2.0	hap1
PR01223	LGx	10	3.0	hap1
PR01223	LGx	11	3.0	hap1
PR01223	LGx	12	3.0	hap1
PR01223	LGx	13	3.0	hap1
PR01223	LGx	14	4.0	hap1
PR01223	LGx	15	4.0	hap1
PR01223	LGx	16	4.0	hap1
PR01223	LGx	17	5.0	hap1
PR01223	LGx	18	5.0	hap1
PR01223	LGx	19	5.0	hap1
PR01223	LGx	20	5.0	hap1
PR01223	LGx	21	6.0	hap1
PR01223	LGx	22	6.0	hap1
PR01223	LGx	23	6.0	hap1
PR01223	LGx	24	7.0	hap1
PR01223	LGx	25	7.0	hap1
PR01223	LGx	26	8.0	hap1
PR01223	LGx	27	8.0	hap1
PR01223	LGx	28	8.0	hap1
PR01223	LGx	29	9.0	hap1
PR01223	LGx	30	9.0	hap1
PR01223	LGx	31	9.0	hap1
PR01223	LGx	32	10.0	hap1
PR01223	LGx	33	10.0	hap1
PR01223	LGx	34	11.0	hap1
PR01223	LGx	35	11.0	hap1
PR01223	LGx	36	11.0	hap1
PR01223	LGx	37	12.0	hap1
PR01223	LGx	38	12.0	hap1
PR01223	LGx	39	13.0	hap1
PR01223	LGx	40	13.0	hap1
PR01223	LGx	41	14.0	hap1
PR01223	LGx	42	14.0	hap1
PR01223	LGx	43	15.0	hap1
PR01223	LGx	44	15.0	hap1
PR01223	LGx	45	16.0	hap1
PR01223	LGx	46	16.0	hap1
PR01223	LGx	47	17.0	hap1
PR01223	LGx	48	17.0	hap1
PR01223	LGx	49	18.0	hap1
PR01223	LGx	50	18.0	hap1
PR01223	LGx	51	19.0	hap1
PR01223	LGx	52	19.0	hap1
PR01223	LGx	53	20.0	hap1
PR01223	LGx	54	20.0	hap1
PR01223	LGx	55	21.0	hap1
PR01223	LGx	56	22.0	hap1
PR01223	LGx	57	23.0	hap1
PR01223	LGx	58	23.0	hap1
PR01223	LGx	59	24.0	hap1
PR01223	LGx	60	25.0	hap1
PR01223	LGx	61	26.0	hap1
PR01223	LGx	62	27.0	hap1
PR01223	LGx	63	28.0	hap1
PR01223	LGx	64	29.0	hap1
PR01223	LGx	65	30.0	hap1
PR01223	LGx	66	31.0	hap1
PR01223	LGx	67	33.0	hap1
PR01223	LGx	68	34.0	hap1
PR01223	LGx	69	35.0	hap1
PR01223	LGx	70	37.0	hap1
PR01223	LGx	71	38.0	hap1
PR01223	LGx	72	39.0	hap1
PR01223	LGx	73	41.0	hap1
PR01223	LGx	74	42.0	hap1
PR01223	LGx	75	44.0	hap1
PR01223	LGx	76	46.0	hap1
PR01223	LGx	77	48.0	hap1
PR01223	LGx	78	49.0	hap1
PR01223	LGx	79	51.0	hap1
PR01223	LGx	80	53.0	hap1
PR01223	LGx	81	55.0	hap1
PR01223	LGx	82	57.0	hap1
PR01223	LGx	83	59.0	hap1
PR01223	LGx	84	62.0	hap1
PR01223	LGx	85	65.0	hap1
PR01223	LGx	86	68.0	hap1
PR01223	LGx	87	71.0	hap1
PR01223	LGx	88	75.0	hap1
PR01223	LGx	89	79.0	hap1
PR01223	LGx	90	84.0	hap1
PR01223	LGx	91	90.0	hap1
PR01223	LGx	92	97.0	hap1
PR01223	LGx	93	105.0	hap1
PR01223	LGx	94	114.0	hap1
PR01223	LGx	95	123.0	hap1
PR01223	LGx	96	135.0	hap1
PR01223	LGx	97	149.0	hap1
PR01223	LGx	98	166.0	hap1
PR01223	LGx	99	186.0	hap1
PR01223	LGx	100	212.0	hap1
PR01223	auN	3105838096	400.20972	hap2
PR01223	auNG	3018593705	411.7767	hap2
PR01223	Nx	1	103139762.0	hap2
PR01223	Nx	2	103139762.0	hap2
PR01223	Nx	3	103139762.0	hap2
PR01223	Nx	4	101915135.0	hap2
PR01223	Nx	5	101915135.0	hap2
PR01223	Nx	6	101915135.0	hap2
PR01223	Nx	7	98817764.0	hap2
PR01223	Nx	8	98817764.0	hap2
PR01223	Nx	9	98817764.0	hap2
PR01223	Nx	10	76582702.0	hap2
PR01223	Nx	11	76582702.0	hap2
PR01223	Nx	12	76582702.0	hap2
PR01223	Nx	13	74522188.0	hap2
PR01223	Nx	14	74522188.0	hap2
PR01223	Nx	15	72869909.0	hap2
PR01223	Nx	16	72869909.0	hap2
PR01223	Nx	17	71652512.0	hap2
PR01223	Nx	18	71652512.0	hap2
PR01223	Nx	19	71652512.0	hap2
PR01223	Nx	20	70449617.0	hap2
PR01223	Nx	21	70449617.0	hap2
PR01223	Nx	22	69670609.0	hap2
PR01223	Nx	23	69670609.0	hap2
PR01223	Nx	24	66068955.0	hap2
PR01223	Nx	25	66068955.0	hap2
PR01223	Nx	26	60245125.0	hap2
PR01223	Nx	27	60245125.0	hap2
PR01223	Nx	28	58269111.0	hap2
PR01223	Nx	29	58269111.0	hap2
PR01223	Nx	30	56477910.0	hap2
PR01223	Nx	31	56477910.0	hap2
PR01223	Nx	32	55236418.0	hap2
PR01223	Nx	33	55236418.0	hap2
PR01223	Nx	34	50395590.0	hap2
PR01223	Nx	35	50214148.0	hap2
PR01223	Nx	36	50214148.0	hap2
PR01223	Nx	37	42921587.0	hap2
PR01223	Nx	38	42522930.0	hap2
PR01223	Nx	39	42522930.0	hap2
PR01223	Nx	40	40372982.0	hap2
PR01223	Nx	41	38489279.0	hap2
PR01223	Nx	42	38464236.0	hap2
PR01223	Nx	43	38464236.0	hap2
PR01223	Nx	44	38082811.0	hap2
PR01223	Nx	45	36997275.0	hap2
PR01223	Nx	46	36515391.0	hap2
PR01223	Nx	47	34118303.0	hap2
PR01223	Nx	48	32981347.0	hap2
PR01223	Nx	49	32464309.0	hap2
PR01223	Nx	50	32045283.0	hap2
PR01223	Nx	51	31647846.0	hap2
PR01223	Nx	52	29763233.0	hap2
PR01223	Nx	53	29731772.0	hap2
PR01223	Nx	54	28766597.0	hap2
PR01223	Nx	55	27254963.0	hap2
PR01223	Nx	56	26076047.0	hap2
PR01223	Nx	57	25243820.0	hap2
PR01223	Nx	58	25178091.0	hap2
PR01223	Nx	59	24456707.0	hap2
PR01223	Nx	60	24283332.0	hap2
PR01223	Nx	61	23218504.0	hap2
PR01223	Nx	62	23041960.0	hap2
PR01223	Nx	63	22064166.0	hap2
PR01223	Nx	64	21157732.0	hap2
PR01223	Nx	65	20448575.0	hap2
PR01223	Nx	66	20162908.0	hap2
PR01223	Nx	67	18608518.0	hap2
PR01223	Nx	68	18146695.0	hap2
PR01223	Nx	69	18052936.0	hap2
PR01223	Nx	70	17049132.0	hap2
PR01223	Nx	71	15746014.0	hap2
PR01223	Nx	72	15158576.0	hap2
PR01223	Nx	73	14306175.0	hap2
PR01223	Nx	74	14125596.0	hap2
PR01223	Nx	75	13457452.0	hap2
PR01223	Nx	76	13220923.0	hap2
PR01223	Nx	77	12347459.0	hap2
PR01223	Nx	78	11386841.0	hap2
PR01223	Nx	79	10629538.0	hap2
PR01223	Nx	80	9893316.0	hap2
PR01223	Nx	81	8728839.0	hap2
PR01223	Nx	82	7418293.0	hap2
PR01223	Nx	83	6904905.0	hap2
PR01223	Nx	84	6149467.0	hap2
PR01223	Nx	85	5581308.0	hap2
PR01223	Nx	86	5354934.0	hap2
PR01223	Nx	87	5014179.0	hap2
PR01223	Nx	88	4761530.0	hap2
PR01223	Nx	89	4020358.0	hap2
PR01223	Nx	90	3750071.0	hap2
PR01223	Nx	91	3140344.0	hap2
PR01223	Nx	92	2775772.0	hap2
PR01223	Nx	93	2351915.0	hap2
PR01223	Nx	94	2106881.0	hap2
PR01223	Nx	95	1654602.0	hap2
PR01223	Nx	96	1353792.0	hap2
PR01223	Nx	97	1097667.0	hap2
PR01223	Nx	98	753885.0	hap2
PR01223	Nx	99	385289.0	hap2
PR01223	Nx	100	11577.0	hap2
PR01223	Lx	1	103139762.0	hap2
PR01223	Lx	2	103139762.0	hap2
PR01223	Lx	3	103139762.0	hap2
PR01223	Lx	4	101915135.0	hap2
PR01223	Lx	5	101915135.0	hap2
PR01223	Lx	6	101915135.0	hap2
PR01223	Lx	7	98817764.0	hap2
PR01223	Lx	8	98817764.0	hap2
PR01223	Lx	9	98817764.0	hap2
PR01223	Lx	10	76582702.0	hap2
PR01223	Lx	11	76582702.0	hap2
PR01223	Lx	12	76582702.0	hap2
PR01223	Lx	13	74522188.0	hap2
PR01223	Lx	14	74522188.0	hap2
PR01223	Lx	15	72869909.0	hap2
PR01223	Lx	16	72869909.0	hap2
PR01223	Lx	17	71652512.0	hap2
PR01223	Lx	18	71652512.0	hap2
PR01223	Lx	19	71652512.0	hap2
PR01223	Lx	20	70449617.0	hap2
PR01223	Lx	21	70449617.0	hap2
PR01223	Lx	22	69670609.0	hap2
PR01223	Lx	23	69670609.0	hap2
PR01223	Lx	24	66068955.0	hap2
PR01223	Lx	25	66068955.0	hap2
PR01223	Lx	26	60245125.0	hap2
PR01223	Lx	27	60245125.0	hap2
PR01223	Lx	28	58269111.0	hap2
PR01223	Lx	29	58269111.0	hap2
PR01223	Lx	30	56477910.0	hap2
PR01223	Lx	31	56477910.0	hap2
PR01223	Lx	32	55236418.0	hap2
PR01223	Lx	33	55236418.0	hap2
PR01223	Lx	34	50395590.0	hap2
PR01223	Lx	35	50214148.0	hap2
PR01223	Lx	36	50214148.0	hap2
PR01223	Lx	37	42921587.0	hap2
PR01223	Lx	38	42522930.0	hap2
PR01223	Lx	39	42522930.0	hap2
PR01223	Lx	40	40372982.0	hap2
PR01223	Lx	41	38489279.0	hap2
PR01223	Lx	42	38464236.0	hap2
PR01223	Lx	43	38464236.0	hap2
PR01223	Lx	44	38082811.0	hap2
PR01223	Lx	45	36997275.0	hap2
PR01223	Lx	46	36515391.0	hap2
PR01223	Lx	47	34118303.0	hap2
PR01223	Lx	48	32981347.0	hap2
PR01223	Lx	49	32464309.0	hap2
PR01223	Lx	50	32045283.0	hap2
PR01223	Lx	51	31647846.0	hap2
PR01223	Lx	52	29763233.0	hap2
PR01223	Lx	53	29731772.0	hap2
PR01223	Lx	54	28766597.0	hap2
PR01223	Lx	55	27254963.0	hap2
PR01223	Lx	56	26076047.0	hap2
PR01223	Lx	57	25243820.0	hap2
PR01223	Lx	58	25178091.0	hap2
PR01223	Lx	59	24456707.0	hap2
PR01223	Lx	60	24283332.0	hap2
PR01223	Lx	61	23218504.0	hap2
PR01223	Lx	62	23041960.0	hap2
PR01223	Lx	63	22064166.0	hap2
PR01223	Lx	64	21157732.0	hap2
PR01223	Lx	65	20448575.0	hap2
PR01223	Lx	66	20162908.0	hap2
PR01223	Lx	67	18608518.0	hap2
PR01223	Lx	68	18146695.0	hap2
PR01223	Lx	69	18052936.0	hap2
PR01223	Lx	70	17049132.0	hap2
PR01223	Lx	71	15746014.0	hap2
PR01223	Lx	72	15158576.0	hap2
PR01223	Lx	73	14306175.0	hap2
PR01223	Lx	74	14125596.0	hap2
PR01223	Lx	75	13457452.0	hap2
PR01223	Lx	76	13220923.0	hap2
PR01223	Lx	77	12347459.0	hap2
PR01223	Lx	78	11386841.0	hap2
PR01223	Lx	79	10629538.0	hap2
PR01223	Lx	80	9893316.0	hap2
PR01223	Lx	81	8728839.0	hap2
PR01223	Lx	82	7418293.0	hap2
PR01223	Lx	83	6904905.0	hap2
PR01223	Lx	84	6149467.0	hap2
PR01223	Lx	85	5581308.0	hap2
PR01223	Lx	86	5354934.0	hap2
PR01223	Lx	87	5014179.0	hap2
PR01223	Lx	88	4761530.0	hap2
PR01223	Lx	89	4020358.0	hap2
PR01223	Lx	90	3750071.0	hap2
PR01223	Lx	91	3140344.0	hap2
PR01223	Lx	92	2775772.0	hap2
PR01223	Lx	93	2351915.0	hap2
PR01223	Lx	94	2106881.0	hap2
PR01223	Lx	95	1654602.0	hap2
PR01223	Lx	96	1353792.0	hap2
PR01223	Lx	97	1097667.0	hap2
PR01223	Lx	98	753885.0	hap2
PR01223	Lx	99	385289.0	hap2
PR01223	Lx	100	11577.0	hap2
PR01223	NGx	1	103139762.0	hap2
PR01223	NGx	2	103139762.0	hap2
PR01223	NGx	3	103139762.0	hap2
PR01223	NGx	4	101915135.0	hap2
PR01223	NGx	5	101915135.0	hap2
PR01223	NGx	6	101915135.0	hap2
PR01223	NGx	7	98817764.0	hap2
PR01223	NGx	8	98817764.0	hap2
PR01223	NGx	9	98817764.0	hap2
PR01223	NGx	10	98817764.0	hap2
PR01223	NGx	11	76582702.0	hap2
PR01223	NGx	12	76582702.0	hap2
PR01223	NGx	13	74522188.0	hap2
PR01223	NGx	14	74522188.0	hap2
PR01223	NGx	15	74522188.0	hap2
PR01223	NGx	16	72869909.0	hap2
PR01223	NGx	17	72869909.0	hap2
PR01223	NGx	18	71652512.0	hap2
PR01223	NGx	19	71652512.0	hap2
PR01223	NGx	20	70449617.0	hap2
PR01223	NGx	21	70449617.0	hap2
PR01223	NGx	22	70449617.0	hap2
PR01223	NGx	23	69670609.0	hap2
PR01223	NGx	24	69670609.0	hap2
PR01223	NGx	25	66068955.0	hap2
PR01223	NGx	26	66068955.0	hap2
PR01223	NGx	27	60245125.0	hap2
PR01223	NGx	28	60245125.0	hap2
PR01223	NGx	29	58269111.0	hap2
PR01223	NGx	30	58269111.0	hap2
PR01223	NGx	31	56477910.0	hap2
PR01223	NGx	32	56477910.0	hap2
PR01223	NGx	33	55236418.0	hap2
PR01223	NGx	34	55236418.0	hap2
PR01223	NGx	35	50395590.0	hap2
PR01223	NGx	36	50214148.0	hap2
PR01223	NGx	37	50214148.0	hap2
PR01223	NGx	38	42921587.0	hap2
PR01223	NGx	39	42921587.0	hap2
PR01223	NGx	40	42522930.0	hap2
PR01223	NGx	41	40372982.0	hap2
PR01223	NGx	42	38489279.0	hap2
PR01223	NGx	43	38489279.0	hap2
PR01223	NGx	44	38464236.0	hap2
PR01223	NGx	45	38082811.0	hap2
PR01223	NGx	46	36997275.0	hap2
PR01223	NGx	47	36515391.0	hap2
PR01223	NGx	48	36515391.0	hap2
PR01223	NGx	49	34118303.0	hap2
PR01223	NGx	50	32981347.0	hap2
PR01223	NGx	51	32464309.0	hap2
PR01223	NGx	52	32045283.0	hap2
PR01223	NGx	53	31647846.0	hap2
PR01223	NGx	54	29763233.0	hap2
PR01223	NGx	55	29731772.0	hap2
PR01223	NGx	56	28766597.0	hap2
PR01223	NGx	57	27254963.0	hap2
PR01223	NGx	58	26076047.0	hap2
PR01223	NGx	59	25243820.0	hap2
PR01223	NGx	60	24492152.0	hap2
PR01223	NGx	61	24456707.0	hap2
PR01223	NGx	62	24283332.0	hap2
PR01223	NGx	63	23218504.0	hap2
PR01223	NGx	64	22738521.0	hap2
PR01223	NGx	65	22064166.0	hap2
PR01223	NGx	66	20687382.0	hap2
PR01223	NGx	67	20448575.0	hap2
PR01223	NGx	68	20162908.0	hap2
PR01223	NGx	69	18608518.0	hap2
PR01223	NGx	70	18146695.0	hap2
PR01223	NGx	71	18052936.0	hap2
PR01223	NGx	72	17049132.0	hap2
PR01223	NGx	73	15746014.0	hap2
PR01223	NGx	74	15158576.0	hap2
PR01223	NGx	75	14306175.0	hap2
PR01223	NGx	76	14125596.0	hap2
PR01223	NGx	77	13495744.0	hap2
PR01223	NGx	78	13283447.0	hap2
PR01223	NGx	79	12347459.0	hap2
PR01223	NGx	80	11594924.0	hap2
PR01223	NGx	81	10772707.0	hap2
PR01223	NGx	82	10139343.0	hap2
PR01223	NGx	83	8887554.0	hap2
PR01223	NGx	84	7889780.0	hap2
PR01223	NGx	85	7093275.0	hap2
PR01223	NGx	86	6576451.0	hap2
PR01223	NGx	87	5813243.0	hap2
PR01223	NGx	88	5566944.0	hap2
PR01223	NGx	89	5256242.0	hap2
PR01223	NGx	90	4858068.0	hap2
PR01223	NGx	91	4455713.0	hap2
PR01223	NGx	92	3936327.0	hap2
PR01223	NGx	93	3353274.0	hap2
PR01223	NGx	94	2947790.0	hap2
PR01223	NGx	95	2648973.0	hap2
PR01223	NGx	96	2259415.0	hap2
PR01223	NGx	97	1966177.0	hap2
PR01223	NGx	98	1611130.0	hap2
PR01223	NGx	99	1320671.0	hap2
PR01223	NGx	100	1047046.0	hap2
PR01223	LGx	1	1.0	hap2
PR01223	LGx	2	1.0	hap2
PR01223	LGx	3	1.0	hap2
PR01223	LGx	4	2.0	hap2
PR01223	LGx	5	2.0	hap2
PR01223	LGx	6	2.0	hap2
PR01223	LGx	7	3.0	hap2
PR01223	LGx	8	3.0	hap2
PR01223	LGx	9	3.0	hap2
PR01223	LGx	10	3.0	hap2
PR01223	LGx	11	4.0	hap2
PR01223	LGx	12	4.0	hap2
PR01223	LGx	13	5.0	hap2
PR01223	LGx	14	5.0	hap2
PR01223	LGx	15	5.0	hap2
PR01223	LGx	16	6.0	hap2
PR01223	LGx	17	6.0	hap2
PR01223	LGx	18	7.0	hap2
PR01223	LGx	19	7.0	hap2
PR01223	LGx	20	8.0	hap2
PR01223	LGx	21	8.0	hap2
PR01223	LGx	22	8.0	hap2
PR01223	LGx	23	9.0	hap2
PR01223	LGx	24	9.0	hap2
PR01223	LGx	25	10.0	hap2
PR01223	LGx	26	10.0	hap2
PR01223	LGx	27	11.0	hap2
PR01223	LGx	28	11.0	hap2
PR01223	LGx	29	12.0	hap2
PR01223	LGx	30	12.0	hap2
PR01223	LGx	31	13.0	hap2
PR01223	LGx	32	13.0	hap2
PR01223	LGx	33	14.0	hap2
PR01223	LGx	34	14.0	hap2
PR01223	LGx	35	15.0	hap2
PR01223	LGx	36	16.0	hap2
PR01223	LGx	37	16.0	hap2
PR01223	LGx	38	17.0	hap2
PR01223	LGx	39	17.0	hap2
PR01223	LGx	40	18.0	hap2
PR01223	LGx	41	19.0	hap2
PR01223	LGx	42	20.0	hap2
PR01223	LGx	43	20.0	hap2
PR01223	LGx	44	21.0	hap2
PR01223	LGx	45	22.0	hap2
PR01223	LGx	46	23.0	hap2
PR01223	LGx	47	24.0	hap2
PR01223	LGx	48	24.0	hap2
PR01223	LGx	49	25.0	hap2
PR01223	LGx	50	26.0	hap2
PR01223	LGx	51	27.0	hap2
PR01223	LGx	52	28.0	hap2
PR01223	LGx	53	29.0	hap2
PR01223	LGx	54	30.0	hap2
PR01223	LGx	55	31.0	hap2
PR01223	LGx	56	32.0	hap2
PR01223	LGx	57	33.0	hap2
PR01223	LGx	58	34.0	hap2
PR01223	LGx	59	35.0	hap2
PR01223	LGx	60	37.0	hap2
PR01223	LGx	61	38.0	hap2
PR01223	LGx	62	39.0	hap2
PR01223	LGx	63	40.0	hap2
PR01223	LGx	64	42.0	hap2
PR01223	LGx	65	43.0	hap2
PR01223	LGx	66	45.0	hap2
PR01223	LGx	67	46.0	hap2
PR01223	LGx	68	47.0	hap2
PR01223	LGx	69	49.0	hap2
PR01223	LGx	70	51.0	hap2
PR01223	LGx	71	52.0	hap2
PR01223	LGx	72	54.0	hap2
PR01223	LGx	73	56.0	hap2
PR01223	LGx	74	58.0	hap2
PR01223	LGx	75	60.0	hap2
PR01223	LGx	76	62.0	hap2
PR01223	LGx	77	64.0	hap2
PR01223	LGx	78	66.0	hap2
PR01223	LGx	79	69.0	hap2
PR01223	LGx	80	71.0	hap2
PR01223	LGx	81	74.0	hap2
PR01223	LGx	82	77.0	hap2
PR01223	LGx	83	80.0	hap2
PR01223	LGx	84	84.0	hap2
PR01223	LGx	85	88.0	hap2
PR01223	LGx	86	92.0	hap2
PR01223	LGx	87	97.0	hap2
PR01223	LGx	88	102.0	hap2
PR01223	LGx	89	108.0	hap2
PR01223	LGx	90	114.0	hap2
PR01223	LGx	91	120.0	hap2
PR01223	LGx	92	128.0	hap2
PR01223	LGx	93	136.0	hap2
PR01223	LGx	94	145.0	hap2
PR01223	LGx	95	156.0	hap2
PR01223	LGx	96	169.0	hap2
PR01223	LGx	97	183.0	hap2
PR01223	LGx	98	200.0	hap2
PR01223	LGx	99	221.0	hap2
PR01223	LGx	100	246.0	hap2
PR01223	auN	3277096605	197.27174	primary
PR01223	auNG	3018593705	214.16547	primary
PR01223	Nx	1	166843025.0	primary
PR01223	Nx	2	166843025.0	primary
PR01223	Nx	3	166843025.0	primary
PR01223	Nx	4	166843025.0	primary
PR01223	Nx	5	166843025.0	primary
PR01223	Nx	6	136820495.0	primary
PR01223	Nx	7	136820495.0	primary
PR01223	Nx	8	136820495.0	primary
PR01223	Nx	9	136820495.0	primary
PR01223	Nx	10	136039413.0	primary
PR01223	Nx	11	136039413.0	primary
PR01223	Nx	12	136039413.0	primary
PR01223	Nx	13	136039413.0	primary
PR01223	Nx	14	133925207.0	primary
PR01223	Nx	15	133925207.0	primary
PR01223	Nx	16	133925207.0	primary
PR01223	Nx	17	133925207.0	primary
PR01223	Nx	18	113442717.0	primary
PR01223	Nx	19	113442717.0	primary
PR01223	Nx	20	113442717.0	primary
PR01223	Nx	21	106258508.0	primary
PR01223	Nx	22	106258508.0	primary
PR01223	Nx	23	106258508.0	primary
PR01223	Nx	24	106258508.0	primary
PR01223	Nx	25	101840449.0	primary
PR01223	Nx	26	101840449.0	primary
PR01223	Nx	27	101840449.0	primary
PR01223	Nx	28	90776136.0	primary
PR01223	Nx	29	90776136.0	primary
PR01223	Nx	30	90776136.0	primary
PR01223	Nx	31	84284763.0	primary
PR01223	Nx	32	84284763.0	primary
PR01223	Nx	33	82863561.0	primary
PR01223	Nx	34	82863561.0	primary
PR01223	Nx	35	82863561.0	primary
PR01223	Nx	36	81224847.0	primary
PR01223	Nx	37	81224847.0	primary
PR01223	Nx	38	79175665.0	primary
PR01223	Nx	39	79175665.0	primary
PR01223	Nx	40	79175665.0	primary
PR01223	Nx	41	77336878.0	primary
PR01223	Nx	42	77336878.0	primary
PR01223	Nx	43	76495101.0	primary
PR01223	Nx	44	76495101.0	primary
PR01223	Nx	45	72144605.0	primary
PR01223	Nx	46	72144605.0	primary
PR01223	Nx	47	70810369.0	primary
PR01223	Nx	48	70810369.0	primary
PR01223	Nx	49	70810369.0	primary
PR01223	Nx	50	65316074.0	primary
PR01223	Nx	51	65316074.0	primary
PR01223	Nx	52	64371993.0	primary
PR01223	Nx	53	64371993.0	primary
PR01223	Nx	54	60151699.0	primary
PR01223	Nx	55	57380629.0	primary
PR01223	Nx	56	57380629.0	primary
PR01223	Nx	57	56621050.0	primary
PR01223	Nx	58	56621050.0	primary
PR01223	Nx	59	52675371.0	primary
PR01223	Nx	60	52675371.0	primary
PR01223	Nx	61	49245477.0	primary
PR01223	Nx	62	44608000.0	primary
PR01223	Nx	63	43730030.0	primary
PR01223	Nx	64	43730030.0	primary
PR01223	Nx	65	42607007.0	primary
PR01223	Nx	66	38131019.0	primary
PR01223	Nx	67	35341170.0	primary
PR01223	Nx	68	34164292.0	primary
PR01223	Nx	69	33839632.0	primary
PR01223	Nx	70	33118711.0	primary
PR01223	Nx	71	32045283.0	primary
PR01223	Nx	72	30263829.0	primary
PR01223	Nx	73	29943131.0	primary
PR01223	Nx	74	29734191.0	primary
PR01223	Nx	75	29265609.0	primary
PR01223	Nx	76	28969623.0	primary
PR01223	Nx	77	28891049.0	primary
PR01223	Nx	78	24279113.0	primary
PR01223	Nx	79	22668770.0	primary
PR01223	Nx	80	22064166.0	primary
PR01223	Nx	81	20532052.0	primary
PR01223	Nx	82	19851709.0	primary
PR01223	Nx	83	16687188.0	primary
PR01223	Nx	84	16094612.0	primary
PR01223	Nx	85	15561697.0	primary
PR01223	Nx	86	14012973.0	primary
PR01223	Nx	87	13102629.0	primary
PR01223	Nx	88	11814658.0	primary
PR01223	Nx	89	9187393.0	primary
PR01223	Nx	90	7334325.0	primary
PR01223	Nx	91	6955764.0	primary
PR01223	Nx	92	5968845.0	primary
PR01223	Nx	93	5229013.0	primary
PR01223	Nx	94	4636891.0	primary
PR01223	Nx	95	3493219.0	primary
PR01223	Nx	96	2648417.0	primary
PR01223	Nx	97	2072444.0	primary
PR01223	Nx	98	1566872.0	primary
PR01223	Nx	99	919406.0	primary
PR01223	Nx	100	12404.0	primary
PR01223	Lx	1	166843025.0	primary
PR01223	Lx	2	166843025.0	primary
PR01223	Lx	3	166843025.0	primary
PR01223	Lx	4	166843025.0	primary
PR01223	Lx	5	166843025.0	primary
PR01223	Lx	6	136820495.0	primary
PR01223	Lx	7	136820495.0	primary
PR01223	Lx	8	136820495.0	primary
PR01223	Lx	9	136820495.0	primary
PR01223	Lx	10	136039413.0	primary
PR01223	Lx	11	136039413.0	primary
PR01223	Lx	12	136039413.0	primary
PR01223	Lx	13	136039413.0	primary
PR01223	Lx	14	133925207.0	primary
PR01223	Lx	15	133925207.0	primary
PR01223	Lx	16	133925207.0	primary
PR01223	Lx	17	133925207.0	primary
PR01223	Lx	18	113442717.0	primary
PR01223	Lx	19	113442717.0	primary
PR01223	Lx	20	113442717.0	primary
PR01223	Lx	21	106258508.0	primary
PR01223	Lx	22	106258508.0	primary
PR01223	Lx	23	106258508.0	primary
PR01223	Lx	24	106258508.0	primary
PR01223	Lx	25	101840449.0	primary
PR01223	Lx	26	101840449.0	primary
PR01223	Lx	27	101840449.0	primary
PR01223	Lx	28	90776136.0	primary
PR01223	Lx	29	90776136.0	primary
PR01223	Lx	30	90776136.0	primary
PR01223	Lx	31	84284763.0	primary
PR01223	Lx	32	84284763.0	primary
PR01223	Lx	33	82863561.0	primary
PR01223	Lx	34	82863561.0	primary
PR01223	Lx	35	82863561.0	primary
PR01223	Lx	36	81224847.0	primary
PR01223	Lx	37	81224847.0	primary
PR01223	Lx	38	79175665.0	primary
PR01223	Lx	39	79175665.0	primary
PR01223	Lx	40	79175665.0	primary
PR01223	Lx	41	77336878.0	primary
PR01223	Lx	42	77336878.0	primary
PR01223	Lx	43	76495101.0	primary
PR01223	Lx	44	76495101.0	primary
PR01223	Lx	45	72144605.0	primary
PR01223	Lx	46	72144605.0	primary
PR01223	Lx	47	70810369.0	primary
PR01223	Lx	48	70810369.0	primary
PR01223	Lx	49	70810369.0	primary
PR01223	Lx	50	65316074.0	primary
PR01223	Lx	51	65316074.0	primary
PR01223	Lx	52	64371993.0	primary
PR01223	Lx	53	64371993.0	primary
PR01223	Lx	54	60151699.0	primary
PR01223	Lx	55	57380629.0	primary
PR01223	Lx	56	57380629.0	primary
PR01223	Lx	57	56621050.0	primary
PR01223	Lx	58	56621050.0	primary
PR01223	Lx	59	52675371.0	primary
PR01223	Lx	60	52675371.0	primary
PR01223	Lx	61	49245477.0	primary
PR01223	Lx	62	44608000.0	primary
PR01223	Lx	63	43730030.0	primary
PR01223	Lx	64	43730030.0	primary
PR01223	Lx	65	42607007.0	primary
PR01223	Lx	66	38131019.0	primary
PR01223	Lx	67	35341170.0	primary
PR01223	Lx	68	34164292.0	primary
PR01223	Lx	69	33839632.0	primary
PR01223	Lx	70	33118711.0	primary
PR01223	Lx	71	32045283.0	primary
PR01223	Lx	72	30263829.0	primary
PR01223	Lx	73	29943131.0	primary
PR01223	Lx	74	29734191.0	primary
PR01223	Lx	75	29265609.0	primary
PR01223	Lx	76	28969623.0	primary
PR01223	Lx	77	28891049.0	primary
PR01223	Lx	78	24279113.0	primary
PR01223	Lx	79	22668770.0	primary
PR01223	Lx	80	22064166.0	primary
PR01223	Lx	81	20532052.0	primary
PR01223	Lx	82	19851709.0	primary
PR01223	Lx	83	16687188.0	primary
PR01223	Lx	84	16094612.0	primary
PR01223	Lx	85	15561697.0	primary
PR01223	Lx	86	14012973.0	primary
PR01223	Lx	87	13102629.0	primary
PR01223	Lx	88	11814658.0	primary
PR01223	Lx	89	9187393.0	primary
PR01223	Lx	90	7334325.0	primary
PR01223	Lx	91	6955764.0	primary
PR01223	Lx	92	5968845.0	primary
PR01223	Lx	93	5229013.0	primary
PR01223	Lx	94	4636891.0	primary
PR01223	Lx	95	3493219.0	primary
PR01223	Lx	96	2648417.0	primary
PR01223	Lx	97	2072444.0	primary
PR01223	Lx	98	1566872.0	primary
PR01223	Lx	99	919406.0	primary
PR01223	Lx	100	12404.0	primary
PR01223	NGx	1	166843025.0	primary
PR01223	NGx	2	166843025.0	primary
PR01223	NGx	3	166843025.0	primary
PR01223	NGx	4	166843025.0	primary
PR01223	NGx	5	166843025.0	primary
PR01223	NGx	6	136820495.0	primary
PR01223	NGx	7	136820495.0	primary
PR01223	NGx	8	136820495.0	primary
PR01223	NGx	9	136820495.0	primary
PR01223	NGx	10	136820495.0	primary
PR01223	NGx	11	136039413.0	primary
PR01223	NGx	12	136039413.0	primary
PR01223	NGx	13	136039413.0	primary
PR01223	NGx	14	136039413.0	primary
PR01223	NGx	15	133925207.0	primary
PR01223	NGx	16	133925207.0	primary
PR01223	NGx	17	133925207.0	primary
PR01223	NGx	18	133925207.0	primary
PR01223	NGx	19	133925207.0	primary
PR01223	NGx	20	113442717.0	primary
PR01223	NGx	21	113442717.0	primary
PR01223	NGx	22	113442717.0	primary
PR01223	NGx	23	106258508.0	primary
PR01223	NGx	24	106258508.0	primary
PR01223	NGx	25	106258508.0	primary
PR01223	NGx	26	106258508.0	primary
PR01223	NGx	27	101840449.0	primary
PR01223	NGx	28	101840449.0	primary
PR01223	NGx	29	101840449.0	primary
PR01223	NGx	30	90776136.0	primary
PR01223	NGx	31	90776136.0	primary
PR01223	NGx	32	90776136.0	primary
PR01223	NGx	33	84284763.0	primary
PR01223	NGx	34	84284763.0	primary
PR01223	NGx	35	84284763.0	primary
PR01223	NGx	36	82863561.0	primary
PR01223	NGx	37	82863561.0	primary
PR01223	NGx	38	82863561.0	primary
PR01223	NGx	39	81224847.0	primary
PR01223	NGx	40	81224847.0	primary
PR01223	NGx	41	79175665.0	primary
PR01223	NGx	42	79175665.0	primary
PR01223	NGx	43	79175665.0	primary
PR01223	NGx	44	77336878.0	primary
PR01223	NGx	45	77336878.0	primary
PR01223	NGx	46	77336878.0	primary
PR01223	NGx	47	76495101.0	primary
PR01223	NGx	48	76495101.0	primary
PR01223	NGx	49	72144605.0	primary
PR01223	NGx	50	72144605.0	primary
PR01223	NGx	51	70810369.0	primary
PR01223	NGx	52	70810369.0	primary
PR01223	NGx	53	70810369.0	primary
PR01223	NGx	54	65316074.0	primary
PR01223	NGx	55	65316074.0	primary
PR01223	NGx	56	64371993.0	primary
PR01223	NGx	57	64371993.0	primary
PR01223	NGx	58	60151699.0	primary
PR01223	NGx	59	60151699.0	primary
PR01223	NGx	60	57380629.0	primary
PR01223	NGx	61	57380629.0	primary
PR01223	NGx	62	56621050.0	primary
PR01223	NGx	63	56621050.0	primary
PR01223	NGx	64	52675371.0	primary
PR01223	NGx	65	52675371.0	primary
PR01223	NGx	66	49245477.0	primary
PR01223	NGx	67	44608000.0	primary
PR01223	NGx	68	44608000.0	primary
PR01223	NGx	69	43730030.0	primary
PR01223	NGx	70	42607007.0	primary
PR01223	NGx	71	42607007.0	primary
PR01223	NGx	72	38131019.0	primary
PR01223	NGx	73	35341170.0	primary
PR01223	NGx	74	34164292.0	primary
PR01223	NGx	75	33839632.0	primary
PR01223	NGx	76	33118711.0	primary
PR01223	NGx	77	32045283.0	primary
PR01223	NGx	78	30263829.0	primary
PR01223	NGx	79	29943131.0	primary
PR01223	NGx	80	29734191.0	primary
PR01223	NGx	81	29265609.0	primary
PR01223	NGx	82	28969623.0	primary
PR01223	NGx	83	28891049.0	primary
PR01223	NGx	84	24936227.0	primary
PR01223	NGx	85	24279113.0	primary
PR01223	NGx	86	22668770.0	primary
PR01223	NGx	87	21008213.0	primary
PR01223	NGx	88	20532052.0	primary
PR01223	NGx	89	20383623.0	primary
PR01223	NGx	90	16687188.0	primary
PR01223	NGx	91	16094612.0	primary
PR01223	NGx	92	15561697.0	primary
PR01223	NGx	93	14471430.0	primary
PR01223	NGx	94	13676756.0	primary
PR01223	NGx	95	12397378.0	primary
PR01223	NGx	96	11480819.0	primary
PR01223	NGx	97	7889780.0	primary
PR01223	NGx	98	7313673.0	primary
PR01223	NGx	99	6928126.0	primary
PR01223	NGx	100	5542536.0	primary
PR01223	LGx	1	1.0	primary
PR01223	LGx	2	1.0	primary
PR01223	LGx	3	1.0	primary
PR01223	LGx	4	1.0	primary
PR01223	LGx	5	1.0	primary
PR01223	LGx	6	2.0	primary
PR01223	LGx	7	2.0	primary
PR01223	LGx	8	2.0	primary
PR01223	LGx	9	2.0	primary
PR01223	LGx	10	2.0	primary
PR01223	LGx	11	3.0	primary
PR01223	LGx	12	3.0	primary
PR01223	LGx	13	3.0	primary
PR01223	LGx	14	3.0	primary
PR01223	LGx	15	4.0	primary
PR01223	LGx	16	4.0	primary
PR01223	LGx	17	4.0	primary
PR01223	LGx	18	4.0	primary
PR01223	LGx	19	4.0	primary
PR01223	LGx	20	5.0	primary
PR01223	LGx	21	5.0	primary
PR01223	LGx	22	5.0	primary
PR01223	LGx	23	6.0	primary
PR01223	LGx	24	6.0	primary
PR01223	LGx	25	6.0	primary
PR01223	LGx	26	6.0	primary
PR01223	LGx	27	7.0	primary
PR01223	LGx	28	7.0	primary
PR01223	LGx	29	7.0	primary
PR01223	LGx	30	8.0	primary
PR01223	LGx	31	8.0	primary
PR01223	LGx	32	8.0	primary
PR01223	LGx	33	9.0	primary
PR01223	LGx	34	9.0	primary
PR01223	LGx	35	9.0	primary
PR01223	LGx	36	10.0	primary
PR01223	LGx	37	10.0	primary
PR01223	LGx	38	10.0	primary
PR01223	LGx	39	11.0	primary
PR01223	LGx	40	11.0	primary
PR01223	LGx	41	12.0	primary
PR01223	LGx	42	12.0	primary
PR01223	LGx	43	12.0	primary
PR01223	LGx	44	13.0	primary
PR01223	LGx	45	13.0	primary
PR01223	LGx	46	13.0	primary
PR01223	LGx	47	14.0	primary
PR01223	LGx	48	14.0	primary
PR01223	LGx	49	15.0	primary
PR01223	LGx	50	15.0	primary
PR01223	LGx	51	16.0	primary
PR01223	LGx	52	16.0	primary
PR01223	LGx	53	16.0	primary
PR01223	LGx	54	17.0	primary
PR01223	LGx	55	17.0	primary
PR01223	LGx	56	18.0	primary
PR01223	LGx	57	18.0	primary
PR01223	LGx	58	19.0	primary
PR01223	LGx	59	19.0	primary
PR01223	LGx	60	20.0	primary
PR01223	LGx	61	20.0	primary
PR01223	LGx	62	21.0	primary
PR01223	LGx	63	21.0	primary
PR01223	LGx	64	22.0	primary
PR01223	LGx	65	22.0	primary
PR01223	LGx	66	23.0	primary
PR01223	LGx	67	24.0	primary
PR01223	LGx	68	24.0	primary
PR01223	LGx	69	25.0	primary
PR01223	LGx	70	26.0	primary
PR01223	LGx	71	26.0	primary
PR01223	LGx	72	27.0	primary
PR01223	LGx	73	28.0	primary
PR01223	LGx	74	29.0	primary
PR01223	LGx	75	30.0	primary
PR01223	LGx	76	31.0	primary
PR01223	LGx	77	32.0	primary
PR01223	LGx	78	33.0	primary
PR01223	LGx	79	34.0	primary
PR01223	LGx	80	35.0	primary
PR01223	LGx	81	36.0	primary
PR01223	LGx	82	37.0	primary
PR01223	LGx	83	38.0	primary
PR01223	LGx	84	39.0	primary
PR01223	LGx	85	40.0	primary
PR01223	LGx	86	41.0	primary
PR01223	LGx	87	43.0	primary
PR01223	LGx	88	44.0	primary
PR01223	LGx	89	45.0	primary
PR01223	LGx	90	47.0	primary
PR01223	LGx	91	49.0	primary
PR01223	LGx	92	51.0	primary
PR01223	LGx	93	53.0	primary
PR01223	LGx	94	55.0	primary
PR01223	LGx	95	57.0	primary
PR01223	LGx	96	60.0	primary
PR01223	LGx	97	63.0	primary
PR01223	LGx	98	67.0	primary
PR01223	LGx	99	71.0	primary
PR01223	LGx	100	76.0	primary
PR00512	auN	3140161377	890.2737	hap1
PR00512	auNG	3018593705	926.12756	hap1
PR00512	Nx	1	111386555.0	hap1
PR00512	Nx	2	111386555.0	hap1
PR00512	Nx	3	111386555.0	hap1
PR00512	Nx	4	108774679.0	hap1
PR00512	Nx	5	108774679.0	hap1
PR00512	Nx	6	108774679.0	hap1
PR00512	Nx	7	108774679.0	hap1
PR00512	Nx	8	83085715.0	hap1
PR00512	Nx	9	83085715.0	hap1
PR00512	Nx	10	75291892.0	hap1
PR00512	Nx	11	75291892.0	hap1
PR00512	Nx	12	75291892.0	hap1
PR00512	Nx	13	68015459.0	hap1
PR00512	Nx	14	68015459.0	hap1
PR00512	Nx	15	62911090.0	hap1
PR00512	Nx	16	62911090.0	hap1
PR00512	Nx	17	60150004.0	hap1
PR00512	Nx	18	60150004.0	hap1
PR00512	Nx	19	58016410.0	hap1
PR00512	Nx	20	55001409.0	hap1
PR00512	Nx	21	55001409.0	hap1
PR00512	Nx	22	53273921.0	hap1
PR00512	Nx	23	53273921.0	hap1
PR00512	Nx	24	50214602.0	hap1
PR00512	Nx	25	50214602.0	hap1
PR00512	Nx	26	45316509.0	hap1
PR00512	Nx	27	45049210.0	hap1
PR00512	Nx	28	44895175.0	hap1
PR00512	Nx	29	44895175.0	hap1
PR00512	Nx	30	44777146.0	hap1
PR00512	Nx	31	42368305.0	hap1
PR00512	Nx	32	42368305.0	hap1
PR00512	Nx	33	40664465.0	hap1
PR00512	Nx	34	39083432.0	hap1
PR00512	Nx	35	38469909.0	hap1
PR00512	Nx	36	38123448.0	hap1
PR00512	Nx	37	38123448.0	hap1
PR00512	Nx	38	37284733.0	hap1
PR00512	Nx	39	37030255.0	hap1
PR00512	Nx	40	36752864.0	hap1
PR00512	Nx	41	35462714.0	hap1
PR00512	Nx	42	33647506.0	hap1
PR00512	Nx	43	32024703.0	hap1
PR00512	Nx	44	31930629.0	hap1
PR00512	Nx	45	31380173.0	hap1
PR00512	Nx	46	30205391.0	hap1
PR00512	Nx	47	30156098.0	hap1
PR00512	Nx	48	28989137.0	hap1
PR00512	Nx	49	28982584.0	hap1
PR00512	Nx	50	26973299.0	hap1
PR00512	Nx	51	26602149.0	hap1
PR00512	Nx	52	26273014.0	hap1
PR00512	Nx	53	24612051.0	hap1
PR00512	Nx	54	22875382.0	hap1
PR00512	Nx	55	21054838.0	hap1
PR00512	Nx	56	20210228.0	hap1
PR00512	Nx	57	19301138.0	hap1
PR00512	Nx	58	17870305.0	hap1
PR00512	Nx	59	17571387.0	hap1
PR00512	Nx	60	16575978.0	hap1
PR00512	Nx	61	16516819.0	hap1
PR00512	Nx	62	16036221.0	hap1
PR00512	Nx	63	15941408.0	hap1
PR00512	Nx	64	15848692.0	hap1
PR00512	Nx	65	14767070.0	hap1
PR00512	Nx	66	14362341.0	hap1
PR00512	Nx	67	13750064.0	hap1
PR00512	Nx	68	13137367.0	hap1
PR00512	Nx	69	12945902.0	hap1
PR00512	Nx	70	12676809.0	hap1
PR00512	Nx	71	11872906.0	hap1
PR00512	Nx	72	11244814.0	hap1
PR00512	Nx	73	10708830.0	hap1
PR00512	Nx	74	10424462.0	hap1
PR00512	Nx	75	9658151.0	hap1
PR00512	Nx	76	7797187.0	hap1
PR00512	Nx	77	7166396.0	hap1
PR00512	Nx	78	6827899.0	hap1
PR00512	Nx	79	6380282.0	hap1
PR00512	Nx	80	5981510.0	hap1
PR00512	Nx	81	5419686.0	hap1
PR00512	Nx	82	4820713.0	hap1
PR00512	Nx	83	4505158.0	hap1
PR00512	Nx	84	3973793.0	hap1
PR00512	Nx	85	3375311.0	hap1
PR00512	Nx	86	3064236.0	hap1
PR00512	Nx	87	2596695.0	hap1
PR00512	Nx	88	2101896.0	hap1
PR00512	Nx	89	1793292.0	hap1
PR00512	Nx	90	1600915.0	hap1
PR00512	Nx	91	1369274.0	hap1
PR00512	Nx	92	1156043.0	hap1
PR00512	Nx	93	951256.0	hap1
PR00512	Nx	94	841027.0	hap1
PR00512	Nx	95	651299.0	hap1
PR00512	Nx	96	483213.0	hap1
PR00512	Nx	97	348589.0	hap1
PR00512	Nx	98	217113.0	hap1
PR00512	Nx	99	99075.0	hap1
PR00512	Nx	100	2922.0	hap1
PR00512	Lx	1	111386555.0	hap1
PR00512	Lx	2	111386555.0	hap1
PR00512	Lx	3	111386555.0	hap1
PR00512	Lx	4	108774679.0	hap1
PR00512	Lx	5	108774679.0	hap1
PR00512	Lx	6	108774679.0	hap1
PR00512	Lx	7	108774679.0	hap1
PR00512	Lx	8	83085715.0	hap1
PR00512	Lx	9	83085715.0	hap1
PR00512	Lx	10	75291892.0	hap1
PR00512	Lx	11	75291892.0	hap1
PR00512	Lx	12	75291892.0	hap1
PR00512	Lx	13	68015459.0	hap1
PR00512	Lx	14	68015459.0	hap1
PR00512	Lx	15	62911090.0	hap1
PR00512	Lx	16	62911090.0	hap1
PR00512	Lx	17	60150004.0	hap1
PR00512	Lx	18	60150004.0	hap1
PR00512	Lx	19	58016410.0	hap1
PR00512	Lx	20	55001409.0	hap1
PR00512	Lx	21	55001409.0	hap1
PR00512	Lx	22	53273921.0	hap1
PR00512	Lx	23	53273921.0	hap1
PR00512	Lx	24	50214602.0	hap1
PR00512	Lx	25	50214602.0	hap1
PR00512	Lx	26	45316509.0	hap1
PR00512	Lx	27	45049210.0	hap1
PR00512	Lx	28	44895175.0	hap1
PR00512	Lx	29	44895175.0	hap1
PR00512	Lx	30	44777146.0	hap1
PR00512	Lx	31	42368305.0	hap1
PR00512	Lx	32	42368305.0	hap1
PR00512	Lx	33	40664465.0	hap1
PR00512	Lx	34	39083432.0	hap1
PR00512	Lx	35	38469909.0	hap1
PR00512	Lx	36	38123448.0	hap1
PR00512	Lx	37	38123448.0	hap1
PR00512	Lx	38	37284733.0	hap1
PR00512	Lx	39	37030255.0	hap1
PR00512	Lx	40	36752864.0	hap1
PR00512	Lx	41	35462714.0	hap1
PR00512	Lx	42	33647506.0	hap1
PR00512	Lx	43	32024703.0	hap1
PR00512	Lx	44	31930629.0	hap1
PR00512	Lx	45	31380173.0	hap1
PR00512	Lx	46	30205391.0	hap1
PR00512	Lx	47	30156098.0	hap1
PR00512	Lx	48	28989137.0	hap1
PR00512	Lx	49	28982584.0	hap1
PR00512	Lx	50	26973299.0	hap1
PR00512	Lx	51	26602149.0	hap1
PR00512	Lx	52	26273014.0	hap1
PR00512	Lx	53	24612051.0	hap1
PR00512	Lx	54	22875382.0	hap1
PR00512	Lx	55	21054838.0	hap1
PR00512	Lx	56	20210228.0	hap1
PR00512	Lx	57	19301138.0	hap1
PR00512	Lx	58	17870305.0	hap1
PR00512	Lx	59	17571387.0	hap1
PR00512	Lx	60	16575978.0	hap1
PR00512	Lx	61	16516819.0	hap1
PR00512	Lx	62	16036221.0	hap1
PR00512	Lx	63	15941408.0	hap1
PR00512	Lx	64	15848692.0	hap1
PR00512	Lx	65	14767070.0	hap1
PR00512	Lx	66	14362341.0	hap1
PR00512	Lx	67	13750064.0	hap1
PR00512	Lx	68	13137367.0	hap1
PR00512	Lx	69	12945902.0	hap1
PR00512	Lx	70	12676809.0	hap1
PR00512	Lx	71	11872906.0	hap1
PR00512	Lx	72	11244814.0	hap1
PR00512	Lx	73	10708830.0	hap1
PR00512	Lx	74	10424462.0	hap1
PR00512	Lx	75	9658151.0	hap1
PR00512	Lx	76	7797187.0	hap1
PR00512	Lx	77	7166396.0	hap1
PR00512	Lx	78	6827899.0	hap1
PR00512	Lx	79	6380282.0	hap1
PR00512	Lx	80	5981510.0	hap1
PR00512	Lx	81	5419686.0	hap1
PR00512	Lx	82	4820713.0	hap1
PR00512	Lx	83	4505158.0	hap1
PR00512	Lx	84	3973793.0	hap1
PR00512	Lx	85	3375311.0	hap1
PR00512	Lx	86	3064236.0	hap1
PR00512	Lx	87	2596695.0	hap1
PR00512	Lx	88	2101896.0	hap1
PR00512	Lx	89	1793292.0	hap1
PR00512	Lx	90	1600915.0	hap1
PR00512	Lx	91	1369274.0	hap1
PR00512	Lx	92	1156043.0	hap1
PR00512	Lx	93	951256.0	hap1
PR00512	Lx	94	841027.0	hap1
PR00512	Lx	95	651299.0	hap1
PR00512	Lx	96	483213.0	hap1
PR00512	Lx	97	348589.0	hap1
PR00512	Lx	98	217113.0	hap1
PR00512	Lx	99	99075.0	hap1
PR00512	Lx	100	2922.0	hap1
PR00512	NGx	1	111386555.0	hap1
PR00512	NGx	2	111386555.0	hap1
PR00512	NGx	3	111386555.0	hap1
PR00512	NGx	4	108774679.0	hap1
PR00512	NGx	5	108774679.0	hap1
PR00512	NGx	6	108774679.0	hap1
PR00512	NGx	7	108774679.0	hap1
PR00512	NGx	8	83085715.0	hap1
PR00512	NGx	9	83085715.0	hap1
PR00512	NGx	10	83085715.0	hap1
PR00512	NGx	11	75291892.0	hap1
PR00512	NGx	12	75291892.0	hap1
PR00512	NGx	13	68015459.0	hap1
PR00512	NGx	14	68015459.0	hap1
PR00512	NGx	15	62911090.0	hap1
PR00512	NGx	16	62911090.0	hap1
PR00512	NGx	17	60150004.0	hap1
PR00512	NGx	18	60150004.0	hap1
PR00512	NGx	19	58016410.0	hap1
PR00512	NGx	20	58016410.0	hap1
PR00512	NGx	21	55001409.0	hap1
PR00512	NGx	22	55001409.0	hap1
PR00512	NGx	23	53273921.0	hap1
PR00512	NGx	24	53273921.0	hap1
PR00512	NGx	25	50214602.0	hap1
PR00512	NGx	26	50214602.0	hap1
PR00512	NGx	27	45316509.0	hap1
PR00512	NGx	28	45049210.0	hap1
PR00512	NGx	29	45049210.0	hap1
PR00512	NGx	30	44895175.0	hap1
PR00512	NGx	31	44777146.0	hap1
PR00512	NGx	32	44777146.0	hap1
PR00512	NGx	33	42368305.0	hap1
PR00512	NGx	34	40664465.0	hap1
PR00512	NGx	35	39083432.0	hap1
PR00512	NGx	36	39083432.0	hap1
PR00512	NGx	37	38469909.0	hap1
PR00512	NGx	38	38123448.0	hap1
PR00512	NGx	39	37284733.0	hap1
PR00512	NGx	40	37030255.0	hap1
PR00512	NGx	41	37030255.0	hap1
PR00512	NGx	42	36752864.0	hap1
PR00512	NGx	43	35462714.0	hap1
PR00512	NGx	44	33647506.0	hap1
PR00512	NGx	45	32024703.0	hap1
PR00512	NGx	46	31930629.0	hap1
PR00512	NGx	47	31380173.0	hap1
PR00512	NGx	48	30205391.0	hap1
PR00512	NGx	49	30156098.0	hap1
PR00512	NGx	50	28989137.0	hap1
PR00512	NGx	51	28982584.0	hap1
PR00512	NGx	52	26973299.0	hap1
PR00512	NGx	53	26602149.0	hap1
PR00512	NGx	54	26273014.0	hap1
PR00512	NGx	55	25116411.0	hap1
PR00512	NGx	56	22875382.0	hap1
PR00512	NGx	57	21054838.0	hap1
PR00512	NGx	58	20406075.0	hap1
PR00512	NGx	59	19301138.0	hap1
PR00512	NGx	60	19288613.0	hap1
PR00512	NGx	61	17598893.0	hap1
PR00512	NGx	62	16657986.0	hap1
PR00512	NGx	63	16525366.0	hap1
PR00512	NGx	64	16044580.0	hap1
PR00512	NGx	65	16036221.0	hap1
PR00512	NGx	66	15892961.0	hap1
PR00512	NGx	67	15472640.0	hap1
PR00512	NGx	68	14767070.0	hap1
PR00512	NGx	69	14362341.0	hap1
PR00512	NGx	70	13397793.0	hap1
PR00512	NGx	71	13097661.0	hap1
PR00512	NGx	72	12945902.0	hap1
PR00512	NGx	73	12374390.0	hap1
PR00512	NGx	74	11872906.0	hap1
PR00512	NGx	75	11093419.0	hap1
PR00512	NGx	76	10708830.0	hap1
PR00512	NGx	77	10424462.0	hap1
PR00512	NGx	78	9658151.0	hap1
PR00512	NGx	79	7797187.0	hap1
PR00512	NGx	80	7166396.0	hap1
PR00512	NGx	81	6876461.0	hap1
PR00512	NGx	82	6567809.0	hap1
PR00512	NGx	83	6091836.0	hap1
PR00512	NGx	84	5505826.0	hap1
PR00512	NGx	85	4888112.0	hap1
PR00512	NGx	86	4553402.0	hap1
PR00512	NGx	87	4178755.0	hap1
PR00512	NGx	88	3487672.0	hap1
PR00512	NGx	89	3162492.0	hap1
PR00512	NGx	90	2732899.0	hap1
PR00512	NGx	91	2424728.0	hap1
PR00512	NGx	92	1931996.0	hap1
PR00512	NGx	93	1718796.0	hap1
PR00512	NGx	94	1521073.0	hap1
PR00512	NGx	95	1330669.0	hap1
PR00512	NGx	96	1126722.0	hap1
PR00512	NGx	97	931919.0	hap1
PR00512	NGx	98	799284.0	hap1
PR00512	NGx	99	638418.0	hap1
PR00512	NGx	100	469025.0	hap1
PR00512	LGx	1	1.0	hap1
PR00512	LGx	2	1.0	hap1
PR00512	LGx	3	1.0	hap1
PR00512	LGx	4	2.0	hap1
PR00512	LGx	5	2.0	hap1
PR00512	LGx	6	2.0	hap1
PR00512	LGx	7	2.0	hap1
PR00512	LGx	8	3.0	hap1
PR00512	LGx	9	3.0	hap1
PR00512	LGx	10	3.0	hap1
PR00512	LGx	11	4.0	hap1
PR00512	LGx	12	4.0	hap1
PR00512	LGx	13	5.0	hap1
PR00512	LGx	14	5.0	hap1
PR00512	LGx	15	6.0	hap1
PR00512	LGx	16	6.0	hap1
PR00512	LGx	17	7.0	hap1
PR00512	LGx	18	7.0	hap1
PR00512	LGx	19	8.0	hap1
PR00512	LGx	20	8.0	hap1
PR00512	LGx	21	9.0	hap1
PR00512	LGx	22	9.0	hap1
PR00512	LGx	23	10.0	hap1
PR00512	LGx	24	10.0	hap1
PR00512	LGx	25	11.0	hap1
PR00512	LGx	26	11.0	hap1
PR00512	LGx	27	12.0	hap1
PR00512	LGx	28	13.0	hap1
PR00512	LGx	29	13.0	hap1
PR00512	LGx	30	14.0	hap1
PR00512	LGx	31	15.0	hap1
PR00512	LGx	32	15.0	hap1
PR00512	LGx	33	16.0	hap1
PR00512	LGx	34	17.0	hap1
PR00512	LGx	35	18.0	hap1
PR00512	LGx	36	18.0	hap1
PR00512	LGx	37	19.0	hap1
PR00512	LGx	38	20.0	hap1
PR00512	LGx	39	21.0	hap1
PR00512	LGx	40	22.0	hap1
PR00512	LGx	41	22.0	hap1
PR00512	LGx	42	23.0	hap1
PR00512	LGx	43	24.0	hap1
PR00512	LGx	44	25.0	hap1
PR00512	LGx	45	26.0	hap1
PR00512	LGx	46	27.0	hap1
PR00512	LGx	47	28.0	hap1
PR00512	LGx	48	29.0	hap1
PR00512	LGx	49	30.0	hap1
PR00512	LGx	50	31.0	hap1
PR00512	LGx	51	32.0	hap1
PR00512	LGx	52	33.0	hap1
PR00512	LGx	53	34.0	hap1
PR00512	LGx	54	35.0	hap1
PR00512	LGx	55	36.0	hap1
PR00512	LGx	56	38.0	hap1
PR00512	LGx	57	39.0	hap1
PR00512	LGx	58	40.0	hap1
PR00512	LGx	59	42.0	hap1
PR00512	LGx	60	43.0	hap1
PR00512	LGx	61	45.0	hap1
PR00512	LGx	62	47.0	hap1
PR00512	LGx	63	49.0	hap1
PR00512	LGx	64	51.0	hap1
PR00512	LGx	65	52.0	hap1
PR00512	LGx	66	54.0	hap1
PR00512	LGx	67	56.0	hap1
PR00512	LGx	68	58.0	hap1
PR00512	LGx	69	60.0	hap1
PR00512	LGx	70	63.0	hap1
PR00512	LGx	71	65.0	hap1
PR00512	LGx	72	67.0	hap1
PR00512	LGx	73	70.0	hap1
PR00512	LGx	74	72.0	hap1
PR00512	LGx	75	75.0	hap1
PR00512	LGx	76	77.0	hap1
PR00512	LGx	77	80.0	hap1
PR00512	LGx	78	83.0	hap1
PR00512	LGx	79	87.0	hap1
PR00512	LGx	80	91.0	hap1
PR00512	LGx	81	95.0	hap1
PR00512	LGx	82	100.0	hap1
PR00512	LGx	83	105.0	hap1
PR00512	LGx	84	110.0	hap1
PR00512	LGx	85	116.0	hap1
PR00512	LGx	86	122.0	hap1
PR00512	LGx	87	129.0	hap1
PR00512	LGx	88	137.0	hap1
PR00512	LGx	89	146.0	hap1
PR00512	LGx	90	156.0	hap1
PR00512	LGx	91	167.0	hap1
PR00512	LGx	92	182.0	hap1
PR00512	LGx	93	198.0	hap1
PR00512	LGx	94	217.0	hap1
PR00512	LGx	95	238.0	hap1
PR00512	LGx	96	263.0	hap1
PR00512	LGx	97	293.0	hap1
PR00512	LGx	98	328.0	hap1
PR00512	LGx	99	370.0	hap1
PR00512	LGx	100	426.0	hap1
PR00512	auN	3134066043	877.8056	hap2
PR00512	auNG	3018593705	911.3848	hap2
PR00512	Nx	1	85806773.0	hap2
PR00512	Nx	2	85806773.0	hap2
PR00512	Nx	3	85775483.0	hap2
PR00512	Nx	4	85775483.0	hap2
PR00512	Nx	5	85775483.0	hap2
PR00512	Nx	6	74647081.0	hap2
PR00512	Nx	7	74647081.0	hap2
PR00512	Nx	8	74275353.0	hap2
PR00512	Nx	9	74275353.0	hap2
PR00512	Nx	10	74275353.0	hap2
PR00512	Nx	11	62200047.0	hap2
PR00512	Nx	12	62200047.0	hap2
PR00512	Nx	13	56869757.0	hap2
PR00512	Nx	14	56869757.0	hap2
PR00512	Nx	15	56469021.0	hap2
PR00512	Nx	16	56186532.0	hap2
PR00512	Nx	17	56186532.0	hap2
PR00512	Nx	18	47901140.0	hap2
PR00512	Nx	19	47901140.0	hap2
PR00512	Nx	20	46840049.0	hap2
PR00512	Nx	21	44699852.0	hap2
PR00512	Nx	22	44699852.0	hap2
PR00512	Nx	23	43678238.0	hap2
PR00512	Nx	24	43431863.0	hap2
PR00512	Nx	25	42421831.0	hap2
PR00512	Nx	26	42421831.0	hap2
PR00512	Nx	27	41397874.0	hap2
PR00512	Nx	28	37413220.0	hap2
PR00512	Nx	29	36947918.0	hap2
PR00512	Nx	30	35048833.0	hap2
PR00512	Nx	31	35048833.0	hap2
PR00512	Nx	32	33710913.0	hap2
PR00512	Nx	33	33529964.0	hap2
PR00512	Nx	34	31608303.0	hap2
PR00512	Nx	35	30590137.0	hap2
PR00512	Nx	36	30284825.0	hap2
PR00512	Nx	37	30117472.0	hap2
PR00512	Nx	38	29151639.0	hap2
PR00512	Nx	39	26742085.0	hap2
PR00512	Nx	40	26220773.0	hap2
PR00512	Nx	41	25300223.0	hap2
PR00512	Nx	42	24965148.0	hap2
PR00512	Nx	43	23612957.0	hap2
PR00512	Nx	44	23255241.0	hap2
PR00512	Nx	45	23154880.0	hap2
PR00512	Nx	46	22332011.0	hap2
PR00512	Nx	47	21916045.0	hap2
PR00512	Nx	48	21055708.0	hap2
PR00512	Nx	49	20485509.0	hap2
PR00512	Nx	50	18340559.0	hap2
PR00512	Nx	51	17860178.0	hap2
PR00512	Nx	52	17071950.0	hap2
PR00512	Nx	53	16609960.0	hap2
PR00512	Nx	54	16229820.0	hap2
PR00512	Nx	55	16121772.0	hap2
PR00512	Nx	56	15507877.0	hap2
PR00512	Nx	57	15416964.0	hap2
PR00512	Nx	58	14734616.0	hap2
PR00512	Nx	59	14269361.0	hap2
PR00512	Nx	60	14193194.0	hap2
PR00512	Nx	61	12905349.0	hap2
PR00512	Nx	62	12463403.0	hap2
PR00512	Nx	63	12397347.0	hap2
PR00512	Nx	64	12292277.0	hap2
PR00512	Nx	65	11628087.0	hap2
PR00512	Nx	66	11180330.0	hap2
PR00512	Nx	67	10787265.0	hap2
PR00512	Nx	68	10535604.0	hap2
PR00512	Nx	69	9054996.0	hap2
PR00512	Nx	70	8255610.0	hap2
PR00512	Nx	71	7875718.0	hap2
PR00512	Nx	72	7382595.0	hap2
PR00512	Nx	73	7027405.0	hap2
PR00512	Nx	74	6680613.0	hap2
PR00512	Nx	75	6401232.0	hap2
PR00512	Nx	76	5737677.0	hap2
PR00512	Nx	77	5342945.0	hap2
PR00512	Nx	78	5012237.0	hap2
PR00512	Nx	79	4683665.0	hap2
PR00512	Nx	80	4419701.0	hap2
PR00512	Nx	81	3912193.0	hap2
PR00512	Nx	82	3656822.0	hap2
PR00512	Nx	83	3223334.0	hap2
PR00512	Nx	84	2865668.0	hap2
PR00512	Nx	85	2640131.0	hap2
PR00512	Nx	86	2348636.0	hap2
PR00512	Nx	87	2121029.0	hap2
PR00512	Nx	88	1809192.0	hap2
PR00512	Nx	89	1569795.0	hap2
PR00512	Nx	90	1430454.0	hap2
PR00512	Nx	91	1308789.0	hap2
PR00512	Nx	92	1169982.0	hap2
PR00512	Nx	93	1013919.0	hap2
PR00512	Nx	94	861891.0	hap2
PR00512	Nx	95	724276.0	hap2
PR00512	Nx	96	570122.0	hap2
PR00512	Nx	97	413841.0	hap2
PR00512	Nx	98	265770.0	hap2
PR00512	Nx	99	124241.0	hap2
PR00512	Nx	100	12984.0	hap2
PR00512	Lx	1	85806773.0	hap2
PR00512	Lx	2	85806773.0	hap2
PR00512	Lx	3	85775483.0	hap2
PR00512	Lx	4	85775483.0	hap2
PR00512	Lx	5	85775483.0	hap2
PR00512	Lx	6	74647081.0	hap2
PR00512	Lx	7	74647081.0	hap2
PR00512	Lx	8	74275353.0	hap2
PR00512	Lx	9	74275353.0	hap2
PR00512	Lx	10	74275353.0	hap2
PR00512	Lx	11	62200047.0	hap2
PR00512	Lx	12	62200047.0	hap2
PR00512	Lx	13	56869757.0	hap2
PR00512	Lx	14	56869757.0	hap2
PR00512	Lx	15	56469021.0	hap2
PR00512	Lx	16	56186532.0	hap2
PR00512	Lx	17	56186532.0	hap2
PR00512	Lx	18	47901140.0	hap2
PR00512	Lx	19	47901140.0	hap2
PR00512	Lx	20	46840049.0	hap2
PR00512	Lx	21	44699852.0	hap2
PR00512	Lx	22	44699852.0	hap2
PR00512	Lx	23	43678238.0	hap2
PR00512	Lx	24	43431863.0	hap2
PR00512	Lx	25	42421831.0	hap2
PR00512	Lx	26	42421831.0	hap2
PR00512	Lx	27	41397874.0	hap2
PR00512	Lx	28	37413220.0	hap2
PR00512	Lx	29	36947918.0	hap2
PR00512	Lx	30	35048833.0	hap2
PR00512	Lx	31	35048833.0	hap2
PR00512	Lx	32	33710913.0	hap2
PR00512	Lx	33	33529964.0	hap2
PR00512	Lx	34	31608303.0	hap2
PR00512	Lx	35	30590137.0	hap2
PR00512	Lx	36	30284825.0	hap2
PR00512	Lx	37	30117472.0	hap2
PR00512	Lx	38	29151639.0	hap2
PR00512	Lx	39	26742085.0	hap2
PR00512	Lx	40	26220773.0	hap2
PR00512	Lx	41	25300223.0	hap2
PR00512	Lx	42	24965148.0	hap2
PR00512	Lx	43	23612957.0	hap2
PR00512	Lx	44	23255241.0	hap2
PR00512	Lx	45	23154880.0	hap2
PR00512	Lx	46	22332011.0	hap2
PR00512	Lx	47	21916045.0	hap2
PR00512	Lx	48	21055708.0	hap2
PR00512	Lx	49	20485509.0	hap2
PR00512	Lx	50	18340559.0	hap2
PR00512	Lx	51	17860178.0	hap2
PR00512	Lx	52	17071950.0	hap2
PR00512	Lx	53	16609960.0	hap2
PR00512	Lx	54	16229820.0	hap2
PR00512	Lx	55	16121772.0	hap2
PR00512	Lx	56	15507877.0	hap2
PR00512	Lx	57	15416964.0	hap2
PR00512	Lx	58	14734616.0	hap2
PR00512	Lx	59	14269361.0	hap2
PR00512	Lx	60	14193194.0	hap2
PR00512	Lx	61	12905349.0	hap2
PR00512	Lx	62	12463403.0	hap2
PR00512	Lx	63	12397347.0	hap2
PR00512	Lx	64	12292277.0	hap2
PR00512	Lx	65	11628087.0	hap2
PR00512	Lx	66	11180330.0	hap2
PR00512	Lx	67	10787265.0	hap2
PR00512	Lx	68	10535604.0	hap2
PR00512	Lx	69	9054996.0	hap2
PR00512	Lx	70	8255610.0	hap2
PR00512	Lx	71	7875718.0	hap2
PR00512	Lx	72	7382595.0	hap2
PR00512	Lx	73	7027405.0	hap2
PR00512	Lx	74	6680613.0	hap2
PR00512	Lx	75	6401232.0	hap2
PR00512	Lx	76	5737677.0	hap2
PR00512	Lx	77	5342945.0	hap2
PR00512	Lx	78	5012237.0	hap2
PR00512	Lx	79	4683665.0	hap2
PR00512	Lx	80	4419701.0	hap2
PR00512	Lx	81	3912193.0	hap2
PR00512	Lx	82	3656822.0	hap2
PR00512	Lx	83	3223334.0	hap2
PR00512	Lx	84	2865668.0	hap2
PR00512	Lx	85	2640131.0	hap2
PR00512	Lx	86	2348636.0	hap2
PR00512	Lx	87	2121029.0	hap2
PR00512	Lx	88	1809192.0	hap2
PR00512	Lx	89	1569795.0	hap2
PR00512	Lx	90	1430454.0	hap2
PR00512	Lx	91	1308789.0	hap2
PR00512	Lx	92	1169982.0	hap2
PR00512	Lx	93	1013919.0	hap2
PR00512	Lx	94	861891.0	hap2
PR00512	Lx	95	724276.0	hap2
PR00512	Lx	96	570122.0	hap2
PR00512	Lx	97	413841.0	hap2
PR00512	Lx	98	265770.0	hap2
PR00512	Lx	99	124241.0	hap2
PR00512	Lx	100	12984.0	hap2
PR00512	NGx	1	85806773.0	hap2
PR00512	NGx	2	85806773.0	hap2
PR00512	NGx	3	85775483.0	hap2
PR00512	NGx	4	85775483.0	hap2
PR00512	NGx	5	85775483.0	hap2
PR00512	NGx	6	74647081.0	hap2
PR00512	NGx	7	74647081.0	hap2
PR00512	NGx	8	74647081.0	hap2
PR00512	NGx	9	74275353.0	hap2
PR00512	NGx	10	74275353.0	hap2
PR00512	NGx	11	62200047.0	hap2
PR00512	NGx	12	62200047.0	hap2
PR00512	NGx	13	56869757.0	hap2
PR00512	NGx	14	56869757.0	hap2
PR00512	NGx	15	56469021.0	hap2
PR00512	NGx	16	56469021.0	hap2
PR00512	NGx	17	56186532.0	hap2
PR00512	NGx	18	56186532.0	hap2
PR00512	NGx	19	47901140.0	hap2
PR00512	NGx	20	46840049.0	hap2
PR00512	NGx	21	46840049.0	hap2
PR00512	NGx	22	44699852.0	hap2
PR00512	NGx	23	43678238.0	hap2
PR00512	NGx	24	43678238.0	hap2
PR00512	NGx	25	43431863.0	hap2
PR00512	NGx	26	42421831.0	hap2
PR00512	NGx	27	42421831.0	hap2
PR00512	NGx	28	41397874.0	hap2
PR00512	NGx	29	37413220.0	hap2
PR00512	NGx	30	36947918.0	hap2
PR00512	NGx	31	36947918.0	hap2
PR00512	NGx	32	35048833.0	hap2
PR00512	NGx	33	33710913.0	hap2
PR00512	NGx	34	33529964.0	hap2
PR00512	NGx	35	31608303.0	hap2
PR00512	NGx	36	30590137.0	hap2
PR00512	NGx	37	30284825.0	hap2
PR00512	NGx	38	30117472.0	hap2
PR00512	NGx	39	29151639.0	hap2
PR00512	NGx	40	27006888.0	hap2
PR00512	NGx	41	26742085.0	hap2
PR00512	NGx	42	26220773.0	hap2
PR00512	NGx	43	24965148.0	hap2
PR00512	NGx	44	24659466.0	hap2
PR00512	NGx	45	23612957.0	hap2
PR00512	NGx	46	23255241.0	hap2
PR00512	NGx	47	22673843.0	hap2
PR00512	NGx	48	22332011.0	hap2
PR00512	NGx	49	21916045.0	hap2
PR00512	NGx	50	21055708.0	hap2
PR00512	NGx	51	20485509.0	hap2
PR00512	NGx	52	18340559.0	hap2
PR00512	NGx	53	17860178.0	hap2
PR00512	NGx	54	17071950.0	hap2
PR00512	NGx	55	16609960.0	hap2
PR00512	NGx	56	16229820.0	hap2
PR00512	NGx	57	16121772.0	hap2
PR00512	NGx	58	15507877.0	hap2
PR00512	NGx	59	15416964.0	hap2
PR00512	NGx	60	14734616.0	hap2
PR00512	NGx	61	14269361.0	hap2
PR00512	NGx	62	14193194.0	hap2
PR00512	NGx	63	13495289.0	hap2
PR00512	NGx	64	12674436.0	hap2
PR00512	NGx	65	12436265.0	hap2
PR00512	NGx	66	12336740.0	hap2
PR00512	NGx	67	11719575.0	hap2
PR00512	NGx	68	11601315.0	hap2
PR00512	NGx	69	11138612.0	hap2
PR00512	NGx	70	10678742.0	hap2
PR00512	NGx	71	9314176.0	hap2
PR00512	NGx	72	9000063.0	hap2
PR00512	NGx	73	8244598.0	hap2
PR00512	NGx	74	7634097.0	hap2
PR00512	NGx	75	7366473.0	hap2
PR00512	NGx	76	6975671.0	hap2
PR00512	NGx	77	6671588.0	hap2
PR00512	NGx	78	6069098.0	hap2
PR00512	NGx	79	5716076.0	hap2
PR00512	NGx	80	5342945.0	hap2
PR00512	NGx	81	5012237.0	hap2
PR00512	NGx	82	4683665.0	hap2
PR00512	NGx	83	4419701.0	hap2
PR00512	NGx	84	3913245.0	hap2
PR00512	NGx	85	3668214.0	hap2
PR00512	NGx	86	3251641.0	hap2
PR00512	NGx	87	3015676.0	hap2
PR00512	NGx	88	2674451.0	hap2
PR00512	NGx	89	2455006.0	hap2
PR00512	NGx	90	2196141.0	hap2
PR00512	NGx	91	1885242.0	hap2
PR00512	NGx	92	1644483.0	hap2
PR00512	NGx	93	1476151.0	hap2
PR00512	NGx	94	1369085.0	hap2
PR00512	NGx	95	1215368.0	hap2
PR00512	NGx	96	1115598.0	hap2
PR00512	NGx	97	958051.0	hap2
PR00512	NGx	98	810946.0	hap2
PR00512	NGx	99	664640.0	hap2
PR00512	NGx	100	514839.0	hap2
PR00512	LGx	1	1.0	hap2
PR00512	LGx	2	1.0	hap2
PR00512	LGx	3	2.0	hap2
PR00512	LGx	4	2.0	hap2
PR00512	LGx	5	2.0	hap2
PR00512	LGx	6	3.0	hap2
PR00512	LGx	7	3.0	hap2
PR00512	LGx	8	3.0	hap2
PR00512	LGx	9	4.0	hap2
PR00512	LGx	10	4.0	hap2
PR00512	LGx	11	5.0	hap2
PR00512	LGx	12	5.0	hap2
PR00512	LGx	13	6.0	hap2
PR00512	LGx	14	6.0	hap2
PR00512	LGx	15	7.0	hap2
PR00512	LGx	16	7.0	hap2
PR00512	LGx	17	8.0	hap2
PR00512	LGx	18	8.0	hap2
PR00512	LGx	19	9.0	hap2
PR00512	LGx	20	10.0	hap2
PR00512	LGx	21	10.0	hap2
PR00512	LGx	22	11.0	hap2
PR00512	LGx	23	12.0	hap2
PR00512	LGx	24	12.0	hap2
PR00512	LGx	25	13.0	hap2
PR00512	LGx	26	14.0	hap2
PR00512	LGx	27	14.0	hap2
PR00512	LGx	28	15.0	hap2
PR00512	LGx	29	16.0	hap2
PR00512	LGx	30	17.0	hap2
PR00512	LGx	31	17.0	hap2
PR00512	LGx	32	18.0	hap2
PR00512	LGx	33	19.0	hap2
PR00512	LGx	34	20.0	hap2
PR00512	LGx	35	21.0	hap2
PR00512	LGx	36	22.0	hap2
PR00512	LGx	37	23.0	hap2
PR00512	LGx	38	24.0	hap2
PR00512	LGx	39	25.0	hap2
PR00512	LGx	40	26.0	hap2
PR00512	LGx	41	27.0	hap2
PR00512	LGx	42	28.0	hap2
PR00512	LGx	43	30.0	hap2
PR00512	LGx	44	31.0	hap2
PR00512	LGx	45	32.0	hap2
PR00512	LGx	46	33.0	hap2
PR00512	LGx	47	35.0	hap2
PR00512	LGx	48	36.0	hap2
PR00512	LGx	49	37.0	hap2
PR00512	LGx	50	39.0	hap2
PR00512	LGx	51	40.0	hap2
PR00512	LGx	52	42.0	hap2
PR00512	LGx	53	43.0	hap2
PR00512	LGx	54	45.0	hap2
PR00512	LGx	55	47.0	hap2
PR00512	LGx	56	49.0	hap2
PR00512	LGx	57	51.0	hap2
PR00512	LGx	58	53.0	hap2
PR00512	LGx	59	55.0	hap2
PR00512	LGx	60	57.0	hap2
PR00512	LGx	61	59.0	hap2
PR00512	LGx	62	61.0	hap2
PR00512	LGx	63	63.0	hap2
PR00512	LGx	64	65.0	hap2
PR00512	LGx	65	68.0	hap2
PR00512	LGx	66	70.0	hap2
PR00512	LGx	67	73.0	hap2
PR00512	LGx	68	75.0	hap2
PR00512	LGx	69	78.0	hap2
PR00512	LGx	70	81.0	hap2
PR00512	LGx	71	84.0	hap2
PR00512	LGx	72	87.0	hap2
PR00512	LGx	73	90.0	hap2
PR00512	LGx	74	94.0	hap2
PR00512	LGx	75	98.0	hap2
PR00512	LGx	76	103.0	hap2
PR00512	LGx	77	107.0	hap2
PR00512	LGx	78	112.0	hap2
PR00512	LGx	79	117.0	hap2
PR00512	LGx	80	122.0	hap2
PR00512	LGx	81	128.0	hap2
PR00512	LGx	82	134.0	hap2
PR00512	LGx	83	141.0	hap2
PR00512	LGx	84	148.0	hap2
PR00512	LGx	85	156.0	hap2
PR00512	LGx	86	165.0	hap2
PR00512	LGx	87	174.0	hap2
PR00512	LGx	88	185.0	hap2
PR00512	LGx	89	197.0	hap2
PR00512	LGx	90	210.0	hap2
PR00512	LGx	91	225.0	hap2
PR00512	LGx	92	242.0	hap2
PR00512	LGx	93	261.0	hap2
PR00512	LGx	94	282.0	hap2
PR00512	LGx	95	306.0	hap2
PR00512	LGx	96	331.0	hap2
PR00512	LGx	97	361.0	hap2
PR00512	LGx	98	395.0	hap2
PR00512	LGx	99	436.0	hap2
PR00512	LGx	100	487.0	hap2
PR00512	auN	3249489647	383.0913	primary
PR00512	auNG	3018593705	412.3944	primary
PR00512	Nx	1	160194412.0	primary
PR00512	Nx	2	160194412.0	primary
PR00512	Nx	3	160194412.0	primary
PR00512	Nx	4	160194412.0	primary
PR00512	Nx	5	132376628.0	primary
PR00512	Nx	6	132376628.0	primary
PR00512	Nx	7	132376628.0	primary
PR00512	Nx	8	132376628.0	primary
PR00512	Nx	9	132376628.0	primary
PR00512	Nx	10	105409861.0	primary
PR00512	Nx	11	105409861.0	primary
PR00512	Nx	12	105409861.0	primary
PR00512	Nx	13	99115566.0	primary
PR00512	Nx	14	99115566.0	primary
PR00512	Nx	15	99115566.0	primary
PR00512	Nx	16	90793646.0	primary
PR00512	Nx	17	90793646.0	primary
PR00512	Nx	18	90793646.0	primary
PR00512	Nx	19	88856495.0	primary
PR00512	Nx	20	88856495.0	primary
PR00512	Nx	21	87382675.0	primary
PR00512	Nx	22	87382675.0	primary
PR00512	Nx	23	87382675.0	primary
PR00512	Nx	24	79585127.0	primary
PR00512	Nx	25	79585127.0	primary
PR00512	Nx	26	76206171.0	primary
PR00512	Nx	27	76206171.0	primary
PR00512	Nx	28	76206171.0	primary
PR00512	Nx	29	74961951.0	primary
PR00512	Nx	30	74961951.0	primary
PR00512	Nx	31	74314688.0	primary
PR00512	Nx	32	74314688.0	primary
PR00512	Nx	33	63034963.0	primary
PR00512	Nx	34	63034963.0	primary
PR00512	Nx	35	62210445.0	primary
PR00512	Nx	36	62210445.0	primary
PR00512	Nx	37	59397525.0	primary
PR00512	Nx	38	59397525.0	primary
PR00512	Nx	39	58343008.0	primary
PR00512	Nx	40	58343008.0	primary
PR00512	Nx	41	57969106.0	primary
PR00512	Nx	42	57969106.0	primary
PR00512	Nx	43	56869757.0	primary
PR00512	Nx	44	55571136.0	primary
PR00512	Nx	45	55571136.0	primary
PR00512	Nx	46	53273921.0	primary
PR00512	Nx	47	53273921.0	primary
PR00512	Nx	48	50789576.0	primary
PR00512	Nx	49	49709016.0	primary
PR00512	Nx	50	49709016.0	primary
PR00512	Nx	51	47394916.0	primary
PR00512	Nx	52	46637301.0	primary
PR00512	Nx	53	46637301.0	primary
PR00512	Nx	54	44777146.0	primary
PR00512	Nx	55	43678238.0	primary
PR00512	Nx	56	42368305.0	primary
PR00512	Nx	57	42368305.0	primary
PR00512	Nx	58	41295050.0	primary
PR00512	Nx	59	41213452.0	primary
PR00512	Nx	60	37474383.0	primary
PR00512	Nx	61	37346598.0	primary
PR00512	Nx	62	37346598.0	primary
PR00512	Nx	63	35611187.0	primary
PR00512	Nx	64	35448462.0	primary
PR00512	Nx	65	35241949.0	primary
PR00512	Nx	66	33529964.0	primary
PR00512	Nx	67	31930629.0	primary
PR00512	Nx	68	31440602.0	primary
PR00512	Nx	69	31380173.0	primary
PR00512	Nx	70	30506127.0	primary
PR00512	Nx	71	28989137.0	primary
PR00512	Nx	72	24612051.0	primary
PR00512	Nx	73	21583143.0	primary
PR00512	Nx	74	21499954.0	primary
PR00512	Nx	75	19596642.0	primary
PR00512	Nx	76	18405935.0	primary
PR00512	Nx	77	17011091.0	primary
PR00512	Nx	78	16514792.0	primary
PR00512	Nx	79	16396469.0	primary
PR00512	Nx	80	15726261.0	primary
PR00512	Nx	81	14362341.0	primary
PR00512	Nx	82	13009703.0	primary
PR00512	Nx	83	12505415.0	primary
PR00512	Nx	84	12374390.0	primary
PR00512	Nx	85	7814540.0	primary
PR00512	Nx	86	6890494.0	primary
PR00512	Nx	87	6092650.0	primary
PR00512	Nx	88	4498412.0	primary
PR00512	Nx	89	3440937.0	primary
PR00512	Nx	90	3109960.0	primary
PR00512	Nx	91	2756609.0	primary
PR00512	Nx	92	2461627.0	primary
PR00512	Nx	93	2002756.0	primary
PR00512	Nx	94	1689815.0	primary
PR00512	Nx	95	1441953.0	primary
PR00512	Nx	96	1154017.0	primary
PR00512	Nx	97	865843.0	primary
PR00512	Nx	98	587105.0	primary
PR00512	Nx	99	351896.0	primary
PR00512	Nx	100	13199.0	primary
PR00512	Lx	1	160194412.0	primary
PR00512	Lx	2	160194412.0	primary
PR00512	Lx	3	160194412.0	primary
PR00512	Lx	4	160194412.0	primary
PR00512	Lx	5	132376628.0	primary
PR00512	Lx	6	132376628.0	primary
PR00512	Lx	7	132376628.0	primary
PR00512	Lx	8	132376628.0	primary
PR00512	Lx	9	132376628.0	primary
PR00512	Lx	10	105409861.0	primary
PR00512	Lx	11	105409861.0	primary
PR00512	Lx	12	105409861.0	primary
PR00512	Lx	13	99115566.0	primary
PR00512	Lx	14	99115566.0	primary
PR00512	Lx	15	99115566.0	primary
PR00512	Lx	16	90793646.0	primary
PR00512	Lx	17	90793646.0	primary
PR00512	Lx	18	90793646.0	primary
PR00512	Lx	19	88856495.0	primary
PR00512	Lx	20	88856495.0	primary
PR00512	Lx	21	87382675.0	primary
PR00512	Lx	22	87382675.0	primary
PR00512	Lx	23	87382675.0	primary
PR00512	Lx	24	79585127.0	primary
PR00512	Lx	25	79585127.0	primary
PR00512	Lx	26	76206171.0	primary
PR00512	Lx	27	76206171.0	primary
PR00512	Lx	28	76206171.0	primary
PR00512	Lx	29	74961951.0	primary
PR00512	Lx	30	74961951.0	primary
PR00512	Lx	31	74314688.0	primary
PR00512	Lx	32	74314688.0	primary
PR00512	Lx	33	63034963.0	primary
PR00512	Lx	34	63034963.0	primary
PR00512	Lx	35	62210445.0	primary
PR00512	Lx	36	62210445.0	primary
PR00512	Lx	37	59397525.0	primary
PR00512	Lx	38	59397525.0	primary
PR00512	Lx	39	58343008.0	primary
PR00512	Lx	40	58343008.0	primary
PR00512	Lx	41	57969106.0	primary
PR00512	Lx	42	57969106.0	primary
PR00512	Lx	43	56869757.0	primary
PR00512	Lx	44	55571136.0	primary
PR00512	Lx	45	55571136.0	primary
PR00512	Lx	46	53273921.0	primary
PR00512	Lx	47	53273921.0	primary
PR00512	Lx	48	50789576.0	primary
PR00512	Lx	49	49709016.0	primary
PR00512	Lx	50	49709016.0	primary
PR00512	Lx	51	47394916.0	primary
PR00512	Lx	52	46637301.0	primary
PR00512	Lx	53	46637301.0	primary
PR00512	Lx	54	44777146.0	primary
PR00512	Lx	55	43678238.0	primary
PR00512	Lx	56	42368305.0	primary
PR00512	Lx	57	42368305.0	primary
PR00512	Lx	58	41295050.0	primary
PR00512	Lx	59	41213452.0	primary
PR00512	Lx	60	37474383.0	primary
PR00512	Lx	61	37346598.0	primary
PR00512	Lx	62	37346598.0	primary
PR00512	Lx	63	35611187.0	primary
PR00512	Lx	64	35448462.0	primary
PR00512	Lx	65	35241949.0	primary
PR00512	Lx	66	33529964.0	primary
PR00512	Lx	67	31930629.0	primary
PR00512	Lx	68	31440602.0	primary
PR00512	Lx	69	31380173.0	primary
PR00512	Lx	70	30506127.0	primary
PR00512	Lx	71	28989137.0	primary
PR00512	Lx	72	24612051.0	primary
PR00512	Lx	73	21583143.0	primary
PR00512	Lx	74	21499954.0	primary
PR00512	Lx	75	19596642.0	primary
PR00512	Lx	76	18405935.0	primary
PR00512	Lx	77	17011091.0	primary
PR00512	Lx	78	16514792.0	primary
PR00512	Lx	79	16396469.0	primary
PR00512	Lx	80	15726261.0	primary
PR00512	Lx	81	14362341.0	primary
PR00512	Lx	82	13009703.0	primary
PR00512	Lx	83	12505415.0	primary
PR00512	Lx	84	12374390.0	primary
PR00512	Lx	85	7814540.0	primary
PR00512	Lx	86	6890494.0	primary
PR00512	Lx	87	6092650.0	primary
PR00512	Lx	88	4498412.0	primary
PR00512	Lx	89	3440937.0	primary
PR00512	Lx	90	3109960.0	primary
PR00512	Lx	91	2756609.0	primary
PR00512	Lx	92	2461627.0	primary
PR00512	Lx	93	2002756.0	primary
PR00512	Lx	94	1689815.0	primary
PR00512	Lx	95	1441953.0	primary
PR00512	Lx	96	1154017.0	primary
PR00512	Lx	97	865843.0	primary
PR00512	Lx	98	587105.0	primary
PR00512	Lx	99	351896.0	primary
PR00512	Lx	100	13199.0	primary
PR00512	NGx	1	160194412.0	primary
PR00512	NGx	2	160194412.0	primary
PR00512	NGx	3	160194412.0	primary
PR00512	NGx	4	160194412.0	primary
PR00512	NGx	5	160194412.0	primary
PR00512	NGx	6	132376628.0	primary
PR00512	NGx	7	132376628.0	primary
PR00512	NGx	8	132376628.0	primary
PR00512	NGx	9	132376628.0	primary
PR00512	NGx	10	105409861.0	primary
PR00512	NGx	11	105409861.0	primary
PR00512	NGx	12	105409861.0	primary
PR00512	NGx	13	105409861.0	primary
PR00512	NGx	14	99115566.0	primary
PR00512	NGx	15	99115566.0	primary
PR00512	NGx	16	99115566.0	primary
PR00512	NGx	17	90793646.0	primary
PR00512	NGx	18	90793646.0	primary
PR00512	NGx	19	90793646.0	primary
PR00512	NGx	20	88856495.0	primary
PR00512	NGx	21	88856495.0	primary
PR00512	NGx	22	88856495.0	primary
PR00512	NGx	23	87382675.0	primary
PR00512	NGx	24	87382675.0	primary
PR00512	NGx	25	87382675.0	primary
PR00512	NGx	26	79585127.0	primary
PR00512	NGx	27	79585127.0	primary
PR00512	NGx	28	76206171.0	primary
PR00512	NGx	29	76206171.0	primary
PR00512	NGx	30	76206171.0	primary
PR00512	NGx	31	74961951.0	primary
PR00512	NGx	32	74961951.0	primary
PR00512	NGx	33	74314688.0	primary
PR00512	NGx	34	74314688.0	primary
PR00512	NGx	35	74314688.0	primary
PR00512	NGx	36	63034963.0	primary
PR00512	NGx	37	63034963.0	primary
PR00512	NGx	38	62210445.0	primary
PR00512	NGx	39	62210445.0	primary
PR00512	NGx	40	59397525.0	primary
PR00512	NGx	41	59397525.0	primary
PR00512	NGx	42	58343008.0	primary
PR00512	NGx	43	58343008.0	primary
PR00512	NGx	44	57969106.0	primary
PR00512	NGx	45	57969106.0	primary
PR00512	NGx	46	56869757.0	primary
PR00512	NGx	47	56869757.0	primary
PR00512	NGx	48	55571136.0	primary
PR00512	NGx	49	55571136.0	primary
PR00512	NGx	50	53273921.0	primary
PR00512	NGx	51	50789576.0	primary
PR00512	NGx	52	50789576.0	primary
PR00512	NGx	53	49709016.0	primary
PR00512	NGx	54	49709016.0	primary
PR00512	NGx	55	47394916.0	primary
PR00512	NGx	56	46637301.0	primary
PR00512	NGx	57	46637301.0	primary
PR00512	NGx	58	44777146.0	primary
PR00512	NGx	59	43678238.0	primary
PR00512	NGx	60	43678238.0	primary
PR00512	NGx	61	42368305.0	primary
PR00512	NGx	62	41295050.0	primary
PR00512	NGx	63	41295050.0	primary
PR00512	NGx	64	41213452.0	primary
PR00512	NGx	65	37474383.0	primary
PR00512	NGx	66	37346598.0	primary
PR00512	NGx	67	35611187.0	primary
PR00512	NGx	68	35611187.0	primary
PR00512	NGx	69	35448462.0	primary
PR00512	NGx	70	35241949.0	primary
PR00512	NGx	71	33529964.0	primary
PR00512	NGx	72	31930629.0	primary
PR00512	NGx	73	31440602.0	primary
PR00512	NGx	74	31380173.0	primary
PR00512	NGx	75	30506127.0	primary
PR00512	NGx	76	28989137.0	primary
PR00512	NGx	77	24965148.0	primary
PR00512	NGx	78	24612051.0	primary
PR00512	NGx	79	21499954.0	primary
PR00512	NGx	80	19862817.0	primary
PR00512	NGx	81	19415607.0	primary
PR00512	NGx	82	18405935.0	primary
PR00512	NGx	83	17011091.0	primary
PR00512	NGx	84	16514792.0	primary
PR00512	NGx	85	16396469.0	primary
PR00512	NGx	86	15805594.0	primary
PR00512	NGx	87	15472640.0	primary
PR00512	NGx	88	13096882.0	primary
PR00512	NGx	89	12595467.0	primary
PR00512	NGx	90	12391043.0	primary
PR00512	NGx	91	9680299.0	primary
PR00512	NGx	92	7490806.0	primary
PR00512	NGx	93	6635320.0	primary
PR00512	NGx	94	5162235.0	primary
PR00512	NGx	95	4414276.0	primary
PR00512	NGx	96	3404291.0	primary
PR00512	NGx	97	3091890.0	primary
PR00512	NGx	98	2745730.0	primary
PR00512	NGx	99	2475584.0	primary
PR00512	NGx	100	2077972.0	primary
PR00512	LGx	1	1.0	primary
PR00512	LGx	2	1.0	primary
PR00512	LGx	3	1.0	primary
PR00512	LGx	4	1.0	primary
PR00512	LGx	5	1.0	primary
PR00512	LGx	6	2.0	primary
PR00512	LGx	7	2.0	primary
PR00512	LGx	8	2.0	primary
PR00512	LGx	9	2.0	primary
PR00512	LGx	10	3.0	primary
PR00512	LGx	11	3.0	primary
PR00512	LGx	12	3.0	primary
PR00512	LGx	13	3.0	primary
PR00512	LGx	14	4.0	primary
PR00512	LGx	15	4.0	primary
PR00512	LGx	16	4.0	primary
PR00512	LGx	17	5.0	primary
PR00512	LGx	18	5.0	primary
PR00512	LGx	19	5.0	primary
PR00512	LGx	20	6.0	primary
PR00512	LGx	21	6.0	primary
PR00512	LGx	22	6.0	primary
PR00512	LGx	23	7.0	primary
PR00512	LGx	24	7.0	primary
PR00512	LGx	25	7.0	primary
PR00512	LGx	26	8.0	primary
PR00512	LGx	27	8.0	primary
PR00512	LGx	28	9.0	primary
PR00512	LGx	29	9.0	primary
PR00512	LGx	30	9.0	primary
PR00512	LGx	31	10.0	primary
PR00512	LGx	32	10.0	primary
PR00512	LGx	33	11.0	primary
PR00512	LGx	34	11.0	primary
PR00512	LGx	35	11.0	primary
PR00512	LGx	36	12.0	primary
PR00512	LGx	37	12.0	primary
PR00512	LGx	38	13.0	primary
PR00512	LGx	39	13.0	primary
PR00512	LGx	40	14.0	primary
PR00512	LGx	41	14.0	primary
PR00512	LGx	42	15.0	primary
PR00512	LGx	43	15.0	primary
PR00512	LGx	44	16.0	primary
PR00512	LGx	45	16.0	primary
PR00512	LGx	46	17.0	primary
PR00512	LGx	47	17.0	primary
PR00512	LGx	48	18.0	primary
PR00512	LGx	49	18.0	primary
PR00512	LGx	50	19.0	primary
PR00512	LGx	51	20.0	primary
PR00512	LGx	52	20.0	primary
PR00512	LGx	53	21.0	primary
PR00512	LGx	54	21.0	primary
PR00512	LGx	55	22.0	primary
PR00512	LGx	56	23.0	primary
PR00512	LGx	57	23.0	primary
PR00512	LGx	58	24.0	primary
PR00512	LGx	59	25.0	primary
PR00512	LGx	60	25.0	primary
PR00512	LGx	61	26.0	primary
PR00512	LGx	62	27.0	primary
PR00512	LGx	63	27.0	primary
PR00512	LGx	64	28.0	primary
PR00512	LGx	65	29.0	primary
PR00512	LGx	66	30.0	primary
PR00512	LGx	67	31.0	primary
PR00512	LGx	68	31.0	primary
PR00512	LGx	69	32.0	primary
PR00512	LGx	70	33.0	primary
PR00512	LGx	71	34.0	primary
PR00512	LGx	72	35.0	primary
PR00512	LGx	73	36.0	primary
PR00512	LGx	74	37.0	primary
PR00512	LGx	75	38.0	primary
PR00512	LGx	76	39.0	primary
PR00512	LGx	77	40.0	primary
PR00512	LGx	78	41.0	primary
PR00512	LGx	79	43.0	primary
PR00512	LGx	80	44.0	primary
PR00512	LGx	81	46.0	primary
PR00512	LGx	82	47.0	primary
PR00512	LGx	83	49.0	primary
PR00512	LGx	84	51.0	primary
PR00512	LGx	85	52.0	primary
PR00512	LGx	86	54.0	primary
PR00512	LGx	87	56.0	primary
PR00512	LGx	88	58.0	primary
PR00512	LGx	89	61.0	primary
PR00512	LGx	90	63.0	primary
PR00512	LGx	91	66.0	primary
PR00512	LGx	92	70.0	primary
PR00512	LGx	93	74.0	primary
PR00512	LGx	94	79.0	primary
PR00512	LGx	95	85.0	primary
PR00512	LGx	96	93.0	primary
PR00512	LGx	97	102.0	primary
PR00512	LGx	98	113.0	primary
PR00512	LGx	99	124.0	primary
PR00512	LGx	100	137.0	primary
PR01225	auN	3118959625	773.49603	hap1
PR01225	auNG	3018593705	799.2141	hap1
PR01225	Nx	1	93323191.0	hap1
PR01225	Nx	2	93323191.0	hap1
PR01225	Nx	3	78978505.0	hap1
PR01225	Nx	4	78978505.0	hap1
PR01225	Nx	5	78978505.0	hap1
PR01225	Nx	6	65020996.0	hap1
PR01225	Nx	7	65020996.0	hap1
PR01225	Nx	8	64046946.0	hap1
PR01225	Nx	9	64046946.0	hap1
PR01225	Nx	10	63308294.0	hap1
PR01225	Nx	11	63308294.0	hap1
PR01225	Nx	12	58882452.0	hap1
PR01225	Nx	13	58882452.0	hap1
PR01225	Nx	14	57867932.0	hap1
PR01225	Nx	15	57867932.0	hap1
PR01225	Nx	16	50051663.0	hap1
PR01225	Nx	17	50051663.0	hap1
PR01225	Nx	18	46888227.0	hap1
PR01225	Nx	19	46801176.0	hap1
PR01225	Nx	20	46801176.0	hap1
PR01225	Nx	21	46396486.0	hap1
PR01225	Nx	22	45913243.0	hap1
PR01225	Nx	23	45913243.0	hap1
PR01225	Nx	24	35881521.0	hap1
PR01225	Nx	25	35467527.0	hap1
PR01225	Nx	26	35109564.0	hap1
PR01225	Nx	27	33958686.0	hap1
PR01225	Nx	28	32201055.0	hap1
PR01225	Nx	29	30478446.0	hap1
PR01225	Nx	30	29244982.0	hap1
PR01225	Nx	31	29217484.0	hap1
PR01225	Nx	32	28973215.0	hap1
PR01225	Nx	33	28966847.0	hap1
PR01225	Nx	34	28763602.0	hap1
PR01225	Nx	35	27812659.0	hap1
PR01225	Nx	36	26851708.0	hap1
PR01225	Nx	37	26251840.0	hap1
PR01225	Nx	38	26125393.0	hap1
PR01225	Nx	39	25516993.0	hap1
PR01225	Nx	40	25476152.0	hap1
PR01225	Nx	41	24077841.0	hap1
PR01225	Nx	42	24054313.0	hap1
PR01225	Nx	43	23443503.0	hap1
PR01225	Nx	44	22322061.0	hap1
PR01225	Nx	45	22057805.0	hap1
PR01225	Nx	46	21403521.0	hap1
PR01225	Nx	47	20962208.0	hap1
PR01225	Nx	48	20661668.0	hap1
PR01225	Nx	49	20093366.0	hap1
PR01225	Nx	50	20075427.0	hap1
PR01225	Nx	51	19876729.0	hap1
PR01225	Nx	52	17080541.0	hap1
PR01225	Nx	53	16128021.0	hap1
PR01225	Nx	54	15407423.0	hap1
PR01225	Nx	55	15002520.0	hap1
PR01225	Nx	56	14829982.0	hap1
PR01225	Nx	57	14678136.0	hap1
PR01225	Nx	58	14569668.0	hap1
PR01225	Nx	59	14386678.0	hap1
PR01225	Nx	60	13645736.0	hap1
PR01225	Nx	61	13304627.0	hap1
PR01225	Nx	62	13160200.0	hap1
PR01225	Nx	63	13087216.0	hap1
PR01225	Nx	64	12892810.0	hap1
PR01225	Nx	65	12449088.0	hap1
PR01225	Nx	66	11572281.0	hap1
PR01225	Nx	67	11276358.0	hap1
PR01225	Nx	68	10849635.0	hap1
PR01225	Nx	69	10338927.0	hap1
PR01225	Nx	70	10016905.0	hap1
PR01225	Nx	71	9233996.0	hap1
PR01225	Nx	72	8798792.0	hap1
PR01225	Nx	73	7973068.0	hap1
PR01225	Nx	74	7467742.0	hap1
PR01225	Nx	75	7163322.0	hap1
PR01225	Nx	76	7051993.0	hap1
PR01225	Nx	77	6380666.0	hap1
PR01225	Nx	78	6101856.0	hap1
PR01225	Nx	79	5392602.0	hap1
PR01225	Nx	80	4949869.0	hap1
PR01225	Nx	81	4470901.0	hap1
PR01225	Nx	82	3791777.0	hap1
PR01225	Nx	83	3375716.0	hap1
PR01225	Nx	84	3087335.0	hap1
PR01225	Nx	85	2777768.0	hap1
PR01225	Nx	86	2513135.0	hap1
PR01225	Nx	87	2333391.0	hap1
PR01225	Nx	88	2108362.0	hap1
PR01225	Nx	89	1811485.0	hap1
PR01225	Nx	90	1504979.0	hap1
PR01225	Nx	91	1290384.0	hap1
PR01225	Nx	92	1153003.0	hap1
PR01225	Nx	93	1012186.0	hap1
PR01225	Nx	94	836372.0	hap1
PR01225	Nx	95	660074.0	hap1
PR01225	Nx	96	554431.0	hap1
PR01225	Nx	97	434567.0	hap1
PR01225	Nx	98	288584.0	hap1
PR01225	Nx	99	156822.0	hap1
PR01225	Nx	100	7883.0	hap1
PR01225	Lx	1	93323191.0	hap1
PR01225	Lx	2	93323191.0	hap1
PR01225	Lx	3	78978505.0	hap1
PR01225	Lx	4	78978505.0	hap1
PR01225	Lx	5	78978505.0	hap1
PR01225	Lx	6	65020996.0	hap1
PR01225	Lx	7	65020996.0	hap1
PR01225	Lx	8	64046946.0	hap1
PR01225	Lx	9	64046946.0	hap1
PR01225	Lx	10	63308294.0	hap1
PR01225	Lx	11	63308294.0	hap1
PR01225	Lx	12	58882452.0	hap1
PR01225	Lx	13	58882452.0	hap1
PR01225	Lx	14	57867932.0	hap1
PR01225	Lx	15	57867932.0	hap1
PR01225	Lx	16	50051663.0	hap1
PR01225	Lx	17	50051663.0	hap1
PR01225	Lx	18	46888227.0	hap1
PR01225	Lx	19	46801176.0	hap1
PR01225	Lx	20	46801176.0	hap1
PR01225	Lx	21	46396486.0	hap1
PR01225	Lx	22	45913243.0	hap1
PR01225	Lx	23	45913243.0	hap1
PR01225	Lx	24	35881521.0	hap1
PR01225	Lx	25	35467527.0	hap1
PR01225	Lx	26	35109564.0	hap1
PR01225	Lx	27	33958686.0	hap1
PR01225	Lx	28	32201055.0	hap1
PR01225	Lx	29	30478446.0	hap1
PR01225	Lx	30	29244982.0	hap1
PR01225	Lx	31	29217484.0	hap1
PR01225	Lx	32	28973215.0	hap1
PR01225	Lx	33	28966847.0	hap1
PR01225	Lx	34	28763602.0	hap1
PR01225	Lx	35	27812659.0	hap1
PR01225	Lx	36	26851708.0	hap1
PR01225	Lx	37	26251840.0	hap1
PR01225	Lx	38	26125393.0	hap1
PR01225	Lx	39	25516993.0	hap1
PR01225	Lx	40	25476152.0	hap1
PR01225	Lx	41	24077841.0	hap1
PR01225	Lx	42	24054313.0	hap1
PR01225	Lx	43	23443503.0	hap1
PR01225	Lx	44	22322061.0	hap1
PR01225	Lx	45	22057805.0	hap1
PR01225	Lx	46	21403521.0	hap1
PR01225	Lx	47	20962208.0	hap1
PR01225	Lx	48	20661668.0	hap1
PR01225	Lx	49	20093366.0	hap1
PR01225	Lx	50	20075427.0	hap1
PR01225	Lx	51	19876729.0	hap1
PR01225	Lx	52	17080541.0	hap1
PR01225	Lx	53	16128021.0	hap1
PR01225	Lx	54	15407423.0	hap1
PR01225	Lx	55	15002520.0	hap1
PR01225	Lx	56	14829982.0	hap1
PR01225	Lx	57	14678136.0	hap1
PR01225	Lx	58	14569668.0	hap1
PR01225	Lx	59	14386678.0	hap1
PR01225	Lx	60	13645736.0	hap1
PR01225	Lx	61	13304627.0	hap1
PR01225	Lx	62	13160200.0	hap1
PR01225	Lx	63	13087216.0	hap1
PR01225	Lx	64	12892810.0	hap1
PR01225	Lx	65	12449088.0	hap1
PR01225	Lx	66	11572281.0	hap1
PR01225	Lx	67	11276358.0	hap1
PR01225	Lx	68	10849635.0	hap1
PR01225	Lx	69	10338927.0	hap1
PR01225	Lx	70	10016905.0	hap1
PR01225	Lx	71	9233996.0	hap1
PR01225	Lx	72	8798792.0	hap1
PR01225	Lx	73	7973068.0	hap1
PR01225	Lx	74	7467742.0	hap1
PR01225	Lx	75	7163322.0	hap1
PR01225	Lx	76	7051993.0	hap1
PR01225	Lx	77	6380666.0	hap1
PR01225	Lx	78	6101856.0	hap1
PR01225	Lx	79	5392602.0	hap1
PR01225	Lx	80	4949869.0	hap1
PR01225	Lx	81	4470901.0	hap1
PR01225	Lx	82	3791777.0	hap1
PR01225	Lx	83	3375716.0	hap1
PR01225	Lx	84	3087335.0	hap1
PR01225	Lx	85	2777768.0	hap1
PR01225	Lx	86	2513135.0	hap1
PR01225	Lx	87	2333391.0	hap1
PR01225	Lx	88	2108362.0	hap1
PR01225	Lx	89	1811485.0	hap1
PR01225	Lx	90	1504979.0	hap1
PR01225	Lx	91	1290384.0	hap1
PR01225	Lx	92	1153003.0	hap1
PR01225	Lx	93	1012186.0	hap1
PR01225	Lx	94	836372.0	hap1
PR01225	Lx	95	660074.0	hap1
PR01225	Lx	96	554431.0	hap1
PR01225	Lx	97	434567.0	hap1
PR01225	Lx	98	288584.0	hap1
PR01225	Lx	99	156822.0	hap1
PR01225	Lx	100	7883.0	hap1
PR01225	NGx	1	93323191.0	hap1
PR01225	NGx	2	93323191.0	hap1
PR01225	NGx	3	93323191.0	hap1
PR01225	NGx	4	78978505.0	hap1
PR01225	NGx	5	78978505.0	hap1
PR01225	NGx	6	65020996.0	hap1
PR01225	NGx	7	65020996.0	hap1
PR01225	NGx	8	64046946.0	hap1
PR01225	NGx	9	64046946.0	hap1
PR01225	NGx	10	63308294.0	hap1
PR01225	NGx	11	63308294.0	hap1
PR01225	NGx	12	63308294.0	hap1
PR01225	NGx	13	58882452.0	hap1
PR01225	NGx	14	58882452.0	hap1
PR01225	NGx	15	57867932.0	hap1
PR01225	NGx	16	50051663.0	hap1
PR01225	NGx	17	50051663.0	hap1
PR01225	NGx	18	46888227.0	hap1
PR01225	NGx	19	46888227.0	hap1
PR01225	NGx	20	46801176.0	hap1
PR01225	NGx	21	46396486.0	hap1
PR01225	NGx	22	46396486.0	hap1
PR01225	NGx	23	45913243.0	hap1
PR01225	NGx	24	35881521.0	hap1
PR01225	NGx	25	35467527.0	hap1
PR01225	NGx	26	35467527.0	hap1
PR01225	NGx	27	35109564.0	hap1
PR01225	NGx	28	33958686.0	hap1
PR01225	NGx	29	32201055.0	hap1
PR01225	NGx	30	30478446.0	hap1
PR01225	NGx	31	29244982.0	hap1
PR01225	NGx	32	29217484.0	hap1
PR01225	NGx	33	28973215.0	hap1
PR01225	NGx	34	28966847.0	hap1
PR01225	NGx	35	28763602.0	hap1
PR01225	NGx	36	27812659.0	hap1
PR01225	NGx	37	27057593.0	hap1
PR01225	NGx	38	26851708.0	hap1
PR01225	NGx	39	26125393.0	hap1
PR01225	NGx	40	25516993.0	hap1
PR01225	NGx	41	25476152.0	hap1
PR01225	NGx	42	24462015.0	hap1
PR01225	NGx	43	24077841.0	hap1
PR01225	NGx	44	23443503.0	hap1
PR01225	NGx	45	22811086.0	hap1
PR01225	NGx	46	22322061.0	hap1
PR01225	NGx	47	21403521.0	hap1
PR01225	NGx	48	21245794.0	hap1
PR01225	NGx	49	20661668.0	hap1
PR01225	NGx	50	20300417.0	hap1
PR01225	NGx	51	20089105.0	hap1
PR01225	NGx	52	20075427.0	hap1
PR01225	NGx	53	19527237.0	hap1
PR01225	NGx	54	17080541.0	hap1
PR01225	NGx	55	16128021.0	hap1
PR01225	NGx	56	15407423.0	hap1
PR01225	NGx	57	15002520.0	hap1
PR01225	NGx	58	14829982.0	hap1
PR01225	NGx	59	14678136.0	hap1
PR01225	NGx	60	14569668.0	hap1
PR01225	NGx	61	14386678.0	hap1
PR01225	NGx	62	13645736.0	hap1
PR01225	NGx	63	13304627.0	hap1
PR01225	NGx	64	13160200.0	hap1
PR01225	NGx	65	13087216.0	hap1
PR01225	NGx	66	12906967.0	hap1
PR01225	NGx	67	12449088.0	hap1
PR01225	NGx	68	12120967.0	hap1
PR01225	NGx	69	11276358.0	hap1
PR01225	NGx	70	10849635.0	hap1
PR01225	NGx	71	10574824.0	hap1
PR01225	NGx	72	10200312.0	hap1
PR01225	NGx	73	9599475.0	hap1
PR01225	NGx	74	9008571.0	hap1
PR01225	NGx	75	8363472.0	hap1
PR01225	NGx	76	7661967.0	hap1
PR01225	NGx	77	7206927.0	hap1
PR01225	NGx	78	7078787.0	hap1
PR01225	NGx	79	6772595.0	hap1
PR01225	NGx	80	6160042.0	hap1
PR01225	NGx	81	5698228.0	hap1
PR01225	NGx	82	5291516.0	hap1
PR01225	NGx	83	4595442.0	hap1
PR01225	NGx	84	4050864.0	hap1
PR01225	NGx	85	3625995.0	hap1
PR01225	NGx	86	3276598.0	hap1
PR01225	NGx	87	2991477.0	hap1
PR01225	NGx	88	2699562.0	hap1
PR01225	NGx	89	2501378.0	hap1
PR01225	NGx	90	2299454.0	hap1
PR01225	NGx	91	2102718.0	hap1
PR01225	NGx	92	1800686.0	hap1
PR01225	NGx	93	1504979.0	hap1
PR01225	NGx	94	1296909.0	hap1
PR01225	NGx	95	1153925.0	hap1
PR01225	NGx	96	1049697.0	hap1
PR01225	NGx	97	869903.0	hap1
PR01225	NGx	98	679050.0	hap1
PR01225	NGx	99	573392.0	hap1
PR01225	NGx	100	465988.0	hap1
PR01225	LGx	1	1.0	hap1
PR01225	LGx	2	1.0	hap1
PR01225	LGx	3	1.0	hap1
PR01225	LGx	4	2.0	hap1
PR01225	LGx	5	2.0	hap1
PR01225	LGx	6	3.0	hap1
PR01225	LGx	7	3.0	hap1
PR01225	LGx	8	4.0	hap1
PR01225	LGx	9	4.0	hap1
PR01225	LGx	10	5.0	hap1
PR01225	LGx	11	5.0	hap1
PR01225	LGx	12	5.0	hap1
PR01225	LGx	13	6.0	hap1
PR01225	LGx	14	6.0	hap1
PR01225	LGx	15	7.0	hap1
PR01225	LGx	16	8.0	hap1
PR01225	LGx	17	8.0	hap1
PR01225	LGx	18	9.0	hap1
PR01225	LGx	19	9.0	hap1
PR01225	LGx	20	10.0	hap1
PR01225	LGx	21	11.0	hap1
PR01225	LGx	22	11.0	hap1
PR01225	LGx	23	12.0	hap1
PR01225	LGx	24	13.0	hap1
PR01225	LGx	25	14.0	hap1
PR01225	LGx	26	14.0	hap1
PR01225	LGx	27	15.0	hap1
PR01225	LGx	28	16.0	hap1
PR01225	LGx	29	17.0	hap1
PR01225	LGx	30	18.0	hap1
PR01225	LGx	31	19.0	hap1
PR01225	LGx	32	20.0	hap1
PR01225	LGx	33	21.0	hap1
PR01225	LGx	34	22.0	hap1
PR01225	LGx	35	23.0	hap1
PR01225	LGx	36	24.0	hap1
PR01225	LGx	37	25.0	hap1
PR01225	LGx	38	26.0	hap1
PR01225	LGx	39	28.0	hap1
PR01225	LGx	40	29.0	hap1
PR01225	LGx	41	30.0	hap1
PR01225	LGx	42	31.0	hap1
PR01225	LGx	43	32.0	hap1
PR01225	LGx	44	34.0	hap1
PR01225	LGx	45	35.0	hap1
PR01225	LGx	46	36.0	hap1
PR01225	LGx	47	38.0	hap1
PR01225	LGx	48	39.0	hap1
PR01225	LGx	49	41.0	hap1
PR01225	LGx	50	42.0	hap1
PR01225	LGx	51	44.0	hap1
PR01225	LGx	52	45.0	hap1
PR01225	LGx	53	47.0	hap1
PR01225	LGx	54	48.0	hap1
PR01225	LGx	55	50.0	hap1
PR01225	LGx	56	52.0	hap1
PR01225	LGx	57	54.0	hap1
PR01225	LGx	58	56.0	hap1
PR01225	LGx	59	58.0	hap1
PR01225	LGx	60	60.0	hap1
PR01225	LGx	61	62.0	hap1
PR01225	LGx	62	64.0	hap1
PR01225	LGx	63	67.0	hap1
PR01225	LGx	64	69.0	hap1
PR01225	LGx	65	71.0	hap1
PR01225	LGx	66	73.0	hap1
PR01225	LGx	67	76.0	hap1
PR01225	LGx	68	78.0	hap1
PR01225	LGx	69	81.0	hap1
PR01225	LGx	70	84.0	hap1
PR01225	LGx	71	86.0	hap1
PR01225	LGx	72	89.0	hap1
PR01225	LGx	73	92.0	hap1
PR01225	LGx	74	96.0	hap1
PR01225	LGx	75	99.0	hap1
PR01225	LGx	76	103.0	hap1
PR01225	LGx	77	107.0	hap1
PR01225	LGx	78	111.0	hap1
PR01225	LGx	79	116.0	hap1
PR01225	LGx	80	120.0	hap1
PR01225	LGx	81	125.0	hap1
PR01225	LGx	82	131.0	hap1
PR01225	LGx	83	137.0	hap1
PR01225	LGx	84	144.0	hap1
PR01225	LGx	85	151.0	hap1
PR01225	LGx	86	160.0	hap1
PR01225	LGx	87	170.0	hap1
PR01225	LGx	88	180.0	hap1
PR01225	LGx	89	192.0	hap1
PR01225	LGx	90	205.0	hap1
PR01225	LGx	91	218.0	hap1
PR01225	LGx	92	234.0	hap1
PR01225	LGx	93	252.0	hap1
PR01225	LGx	94	273.0	hap1
PR01225	LGx	95	298.0	hap1
PR01225	LGx	96	325.0	hap1
PR01225	LGx	97	357.0	hap1
PR01225	LGx	98	397.0	hap1
PR01225	LGx	99	446.0	hap1
PR01225	LGx	100	504.0	hap1
PR01225	auN	3097177554	939.04913	hap2
PR01225	auNG	3018593705	963.49567	hap2
PR01225	Nx	1	57850522.0	hap2
PR01225	Nx	2	55499131.0	hap2
PR01225	Nx	3	55499131.0	hap2
PR01225	Nx	4	52860779.0	hap2
PR01225	Nx	5	52860779.0	hap2
PR01225	Nx	6	52099689.0	hap2
PR01225	Nx	7	52099689.0	hap2
PR01225	Nx	8	40395592.0	hap2
PR01225	Nx	9	39538014.0	hap2
PR01225	Nx	10	34956715.0	hap2
PR01225	Nx	11	34110505.0	hap2
PR01225	Nx	12	30916692.0	hap2
PR01225	Nx	13	28707572.0	hap2
PR01225	Nx	14	28606736.0	hap2
PR01225	Nx	15	28455203.0	hap2
PR01225	Nx	16	26765143.0	hap2
PR01225	Nx	17	24820028.0	hap2
PR01225	Nx	18	23928205.0	hap2
PR01225	Nx	19	23613461.0	hap2
PR01225	Nx	20	23298533.0	hap2
PR01225	Nx	21	23140747.0	hap2
PR01225	Nx	22	22213353.0	hap2
PR01225	Nx	23	21667948.0	hap2
PR01225	Nx	24	21434159.0	hap2
PR01225	Nx	25	20844767.0	hap2
PR01225	Nx	26	20275063.0	hap2
PR01225	Nx	27	20016881.0	hap2
PR01225	Nx	28	19914205.0	hap2
PR01225	Nx	29	19133190.0	hap2
PR01225	Nx	30	18396426.0	hap2
PR01225	Nx	31	17057738.0	hap2
PR01225	Nx	32	16954793.0	hap2
PR01225	Nx	33	16585732.0	hap2
PR01225	Nx	34	15950385.0	hap2
PR01225	Nx	35	15736137.0	hap2
PR01225	Nx	36	15430278.0	hap2
PR01225	Nx	37	15284574.0	hap2
PR01225	Nx	38	15195422.0	hap2
PR01225	Nx	39	15149359.0	hap2
PR01225	Nx	40	14944956.0	hap2
PR01225	Nx	41	14487790.0	hap2
PR01225	Nx	42	13986695.0	hap2
PR01225	Nx	43	13558174.0	hap2
PR01225	Nx	44	13485322.0	hap2
PR01225	Nx	45	13099963.0	hap2
PR01225	Nx	46	12551621.0	hap2
PR01225	Nx	47	12337915.0	hap2
PR01225	Nx	48	11871370.0	hap2
PR01225	Nx	49	11023507.0	hap2
PR01225	Nx	50	10531739.0	hap2
PR01225	Nx	51	10133176.0	hap2
PR01225	Nx	52	9781714.0	hap2
PR01225	Nx	53	9416260.0	hap2
PR01225	Nx	54	9288911.0	hap2
PR01225	Nx	55	9020454.0	hap2
PR01225	Nx	56	8887489.0	hap2
PR01225	Nx	57	8796434.0	hap2
PR01225	Nx	58	8553627.0	hap2
PR01225	Nx	59	8364697.0	hap2
PR01225	Nx	60	8286721.0	hap2
PR01225	Nx	61	7988214.0	hap2
PR01225	Nx	62	7847639.0	hap2
PR01225	Nx	63	7452908.0	hap2
PR01225	Nx	64	7251006.0	hap2
PR01225	Nx	65	6915450.0	hap2
PR01225	Nx	66	6818152.0	hap2
PR01225	Nx	67	6497938.0	hap2
PR01225	Nx	68	6203045.0	hap2
PR01225	Nx	69	5922006.0	hap2
PR01225	Nx	70	5709495.0	hap2
PR01225	Nx	71	5414051.0	hap2
PR01225	Nx	72	5169190.0	hap2
PR01225	Nx	73	5024802.0	hap2
PR01225	Nx	74	4640687.0	hap2
PR01225	Nx	75	4438623.0	hap2
PR01225	Nx	76	4229866.0	hap2
PR01225	Nx	77	4024818.0	hap2
PR01225	Nx	78	3935007.0	hap2
PR01225	Nx	79	3663369.0	hap2
PR01225	Nx	80	3400428.0	hap2
PR01225	Nx	81	3160335.0	hap2
PR01225	Nx	82	2954359.0	hap2
PR01225	Nx	83	2808170.0	hap2
PR01225	Nx	84	2510131.0	hap2
PR01225	Nx	85	2297322.0	hap2
PR01225	Nx	86	2126002.0	hap2
PR01225	Nx	87	1892550.0	hap2
PR01225	Nx	88	1682736.0	hap2
PR01225	Nx	89	1492668.0	hap2
PR01225	Nx	90	1307297.0	hap2
PR01225	Nx	91	1202096.0	hap2
PR01225	Nx	92	1037658.0	hap2
PR01225	Nx	93	889842.0	hap2
PR01225	Nx	94	746894.0	hap2
PR01225	Nx	95	617579.0	hap2
PR01225	Nx	96	492890.0	hap2
PR01225	Nx	97	368426.0	hap2
PR01225	Nx	98	258525.0	hap2
PR01225	Nx	99	133210.0	hap2
PR01225	Nx	100	13004.0	hap2
PR01225	Lx	1	57850522.0	hap2
PR01225	Lx	2	55499131.0	hap2
PR01225	Lx	3	55499131.0	hap2
PR01225	Lx	4	52860779.0	hap2
PR01225	Lx	5	52860779.0	hap2
PR01225	Lx	6	52099689.0	hap2
PR01225	Lx	7	52099689.0	hap2
PR01225	Lx	8	40395592.0	hap2
PR01225	Lx	9	39538014.0	hap2
PR01225	Lx	10	34956715.0	hap2
PR01225	Lx	11	34110505.0	hap2
PR01225	Lx	12	30916692.0	hap2
PR01225	Lx	13	28707572.0	hap2
PR01225	Lx	14	28606736.0	hap2
PR01225	Lx	15	28455203.0	hap2
PR01225	Lx	16	26765143.0	hap2
PR01225	Lx	17	24820028.0	hap2
PR01225	Lx	18	23928205.0	hap2
PR01225	Lx	19	23613461.0	hap2
PR01225	Lx	20	23298533.0	hap2
PR01225	Lx	21	23140747.0	hap2
PR01225	Lx	22	22213353.0	hap2
PR01225	Lx	23	21667948.0	hap2
PR01225	Lx	24	21434159.0	hap2
PR01225	Lx	25	20844767.0	hap2
PR01225	Lx	26	20275063.0	hap2
PR01225	Lx	27	20016881.0	hap2
PR01225	Lx	28	19914205.0	hap2
PR01225	Lx	29	19133190.0	hap2
PR01225	Lx	30	18396426.0	hap2
PR01225	Lx	31	17057738.0	hap2
PR01225	Lx	32	16954793.0	hap2
PR01225	Lx	33	16585732.0	hap2
PR01225	Lx	34	15950385.0	hap2
PR01225	Lx	35	15736137.0	hap2
PR01225	Lx	36	15430278.0	hap2
PR01225	Lx	37	15284574.0	hap2
PR01225	Lx	38	15195422.0	hap2
PR01225	Lx	39	15149359.0	hap2
PR01225	Lx	40	14944956.0	hap2
PR01225	Lx	41	14487790.0	hap2
PR01225	Lx	42	13986695.0	hap2
PR01225	Lx	43	13558174.0	hap2
PR01225	Lx	44	13485322.0	hap2
PR01225	Lx	45	13099963.0	hap2
PR01225	Lx	46	12551621.0	hap2
PR01225	Lx	47	12337915.0	hap2
PR01225	Lx	48	11871370.0	hap2
PR01225	Lx	49	11023507.0	hap2
PR01225	Lx	50	10531739.0	hap2
PR01225	Lx	51	10133176.0	hap2
PR01225	Lx	52	9781714.0	hap2
PR01225	Lx	53	9416260.0	hap2
PR01225	Lx	54	9288911.0	hap2
PR01225	Lx	55	9020454.0	hap2
PR01225	Lx	56	8887489.0	hap2
PR01225	Lx	57	8796434.0	hap2
PR01225	Lx	58	8553627.0	hap2
PR01225	Lx	59	8364697.0	hap2
PR01225	Lx	60	8286721.0	hap2
PR01225	Lx	61	7988214.0	hap2
PR01225	Lx	62	7847639.0	hap2
PR01225	Lx	63	7452908.0	hap2
PR01225	Lx	64	7251006.0	hap2
PR01225	Lx	65	6915450.0	hap2
PR01225	Lx	66	6818152.0	hap2
PR01225	Lx	67	6497938.0	hap2
PR01225	Lx	68	6203045.0	hap2
PR01225	Lx	69	5922006.0	hap2
PR01225	Lx	70	5709495.0	hap2
PR01225	Lx	71	5414051.0	hap2
PR01225	Lx	72	5169190.0	hap2
PR01225	Lx	73	5024802.0	hap2
PR01225	Lx	74	4640687.0	hap2
PR01225	Lx	75	4438623.0	hap2
PR01225	Lx	76	4229866.0	hap2
PR01225	Lx	77	4024818.0	hap2
PR01225	Lx	78	3935007.0	hap2
PR01225	Lx	79	3663369.0	hap2
PR01225	Lx	80	3400428.0	hap2
PR01225	Lx	81	3160335.0	hap2
PR01225	Lx	82	2954359.0	hap2
PR01225	Lx	83	2808170.0	hap2
PR01225	Lx	84	2510131.0	hap2
PR01225	Lx	85	2297322.0	hap2
PR01225	Lx	86	2126002.0	hap2
PR01225	Lx	87	1892550.0	hap2
PR01225	Lx	88	1682736.0	hap2
PR01225	Lx	89	1492668.0	hap2
PR01225	Lx	90	1307297.0	hap2
PR01225	Lx	91	1202096.0	hap2
PR01225	Lx	92	1037658.0	hap2
PR01225	Lx	93	889842.0	hap2
PR01225	Lx	94	746894.0	hap2
PR01225	Lx	95	617579.0	hap2
PR01225	Lx	96	492890.0	hap2
PR01225	Lx	97	368426.0	hap2
PR01225	Lx	98	258525.0	hap2
PR01225	Lx	99	133210.0	hap2
PR01225	Lx	100	13004.0	hap2
PR01225	NGx	1	57850522.0	hap2
PR01225	NGx	2	55499131.0	hap2
PR01225	NGx	3	55499131.0	hap2
PR01225	NGx	4	52860779.0	hap2
PR01225	NGx	5	52860779.0	hap2
PR01225	NGx	6	52099689.0	hap2
PR01225	NGx	7	52099689.0	hap2
PR01225	NGx	8	40395592.0	hap2
PR01225	NGx	9	39538014.0	hap2
PR01225	NGx	10	34956715.0	hap2
PR01225	NGx	11	34956715.0	hap2
PR01225	NGx	12	34110505.0	hap2
PR01225	NGx	13	30916692.0	hap2
PR01225	NGx	14	28707572.0	hap2
PR01225	NGx	15	28606736.0	hap2
PR01225	NGx	16	28455203.0	hap2
PR01225	NGx	17	24820028.0	hap2
PR01225	NGx	18	23928205.0	hap2
PR01225	NGx	19	23919583.0	hap2
PR01225	NGx	20	23613461.0	hap2
PR01225	NGx	21	23140747.0	hap2
PR01225	NGx	22	22452087.0	hap2
PR01225	NGx	23	22213353.0	hap2
PR01225	NGx	24	21597463.0	hap2
PR01225	NGx	25	21434159.0	hap2
PR01225	NGx	26	20825368.0	hap2
PR01225	NGx	27	20275063.0	hap2
PR01225	NGx	28	19963037.0	hap2
PR01225	NGx	29	19914205.0	hap2
PR01225	NGx	30	18503868.0	hap2
PR01225	NGx	31	18396426.0	hap2
PR01225	NGx	32	17057738.0	hap2
PR01225	NGx	33	16717985.0	hap2
PR01225	NGx	34	16335623.0	hap2
PR01225	NGx	35	15950385.0	hap2
PR01225	NGx	36	15736137.0	hap2
PR01225	NGx	37	15430278.0	hap2
PR01225	NGx	38	15284574.0	hap2
PR01225	NGx	39	15195422.0	hap2
PR01225	NGx	40	15149359.0	hap2
PR01225	NGx	41	14944956.0	hap2
PR01225	NGx	42	14487790.0	hap2
PR01225	NGx	43	14120641.0	hap2
PR01225	NGx	44	13558174.0	hap2
PR01225	NGx	45	13485322.0	hap2
PR01225	NGx	46	13099963.0	hap2
PR01225	NGx	47	12799862.0	hap2
PR01225	NGx	48	12337915.0	hap2
PR01225	NGx	49	12215195.0	hap2
PR01225	NGx	50	11229753.0	hap2
PR01225	NGx	51	10531739.0	hap2
PR01225	NGx	52	10175669.0	hap2
PR01225	NGx	53	9846611.0	hap2
PR01225	NGx	54	9446989.0	hap2
PR01225	NGx	55	9307424.0	hap2
PR01225	NGx	56	9100124.0	hap2
PR01225	NGx	57	8984786.0	hap2
PR01225	NGx	58	8807145.0	hap2
PR01225	NGx	59	8742151.0	hap2
PR01225	NGx	60	8532243.0	hap2
PR01225	NGx	61	8305675.0	hap2
PR01225	NGx	62	8238064.0	hap2
PR01225	NGx	63	7926483.0	hap2
PR01225	NGx	64	7582734.0	hap2
PR01225	NGx	65	7362159.0	hap2
PR01225	NGx	66	7139094.0	hap2
PR01225	NGx	67	6902653.0	hap2
PR01225	NGx	68	6754675.0	hap2
PR01225	NGx	69	6374136.0	hap2
PR01225	NGx	70	6013129.0	hap2
PR01225	NGx	71	5906518.0	hap2
PR01225	NGx	72	5698228.0	hap2
PR01225	NGx	73	5410885.0	hap2
PR01225	NGx	74	5169190.0	hap2
PR01225	NGx	75	5024802.0	hap2
PR01225	NGx	76	4574945.0	hap2
PR01225	NGx	77	4438623.0	hap2
PR01225	NGx	78	4229866.0	hap2
PR01225	NGx	79	4024818.0	hap2
PR01225	NGx	80	3935007.0	hap2
PR01225	NGx	81	3663369.0	hap2
PR01225	NGx	82	3400428.0	hap2
PR01225	NGx	83	3187718.0	hap2
PR01225	NGx	84	2974775.0	hap2
PR01225	NGx	85	2849878.0	hap2
PR01225	NGx	86	2536442.0	hap2
PR01225	NGx	87	2342636.0	hap2
PR01225	NGx	88	2194707.0	hap2
PR01225	NGx	89	1916799.0	hap2
PR01225	NGx	90	1732217.0	hap2
PR01225	NGx	91	1539624.0	hap2
PR01225	NGx	92	1369410.0	hap2
PR01225	NGx	93	1218735.0	hap2
PR01225	NGx	94	1104613.0	hap2
PR01225	NGx	95	963511.0	hap2
PR01225	NGx	96	834142.0	hap2
PR01225	NGx	97	691553.0	hap2
PR01225	NGx	98	548387.0	hap2
PR01225	NGx	99	427706.0	hap2
PR01225	NGx	100	315412.0	hap2
PR01225	LGx	1	1.0	hap2
PR01225	LGx	2	2.0	hap2
PR01225	LGx	3	2.0	hap2
PR01225	LGx	4	3.0	hap2
PR01225	LGx	5	3.0	hap2
PR01225	LGx	6	4.0	hap2
PR01225	LGx	7	4.0	hap2
PR01225	LGx	8	5.0	hap2
PR01225	LGx	9	6.0	hap2
PR01225	LGx	10	7.0	hap2
PR01225	LGx	11	7.0	hap2
PR01225	LGx	12	8.0	hap2
PR01225	LGx	13	9.0	hap2
PR01225	LGx	14	10.0	hap2
PR01225	LGx	15	11.0	hap2
PR01225	LGx	16	12.0	hap2
PR01225	LGx	17	14.0	hap2
PR01225	LGx	18	15.0	hap2
PR01225	LGx	19	16.0	hap2
PR01225	LGx	20	17.0	hap2
PR01225	LGx	21	19.0	hap2
PR01225	LGx	22	20.0	hap2
PR01225	LGx	23	21.0	hap2
PR01225	LGx	24	23.0	hap2
PR01225	LGx	25	24.0	hap2
PR01225	LGx	26	26.0	hap2
PR01225	LGx	27	27.0	hap2
PR01225	LGx	28	29.0	hap2
PR01225	LGx	29	30.0	hap2
PR01225	LGx	30	32.0	hap2
PR01225	LGx	31	33.0	hap2
PR01225	LGx	32	35.0	hap2
PR01225	LGx	33	37.0	hap2
PR01225	LGx	34	39.0	hap2
PR01225	LGx	35	40.0	hap2
PR01225	LGx	36	42.0	hap2
PR01225	LGx	37	44.0	hap2
PR01225	LGx	38	46.0	hap2
PR01225	LGx	39	48.0	hap2
PR01225	LGx	40	50.0	hap2
PR01225	LGx	41	52.0	hap2
PR01225	LGx	42	54.0	hap2
PR01225	LGx	43	56.0	hap2
PR01225	LGx	44	59.0	hap2
PR01225	LGx	45	61.0	hap2
PR01225	LGx	46	63.0	hap2
PR01225	LGx	47	65.0	hap2
PR01225	LGx	48	68.0	hap2
PR01225	LGx	49	70.0	hap2
PR01225	LGx	50	73.0	hap2
PR01225	LGx	51	76.0	hap2
PR01225	LGx	52	79.0	hap2
PR01225	LGx	53	82.0	hap2
PR01225	LGx	54	85.0	hap2
PR01225	LGx	55	88.0	hap2
PR01225	LGx	56	91.0	hap2
PR01225	LGx	57	94.0	hap2
PR01225	LGx	58	98.0	hap2
PR01225	LGx	59	101.0	hap2
PR01225	LGx	60	105.0	hap2
PR01225	LGx	61	108.0	hap2
PR01225	LGx	62	112.0	hap2
PR01225	LGx	63	116.0	hap2
PR01225	LGx	64	120.0	hap2
PR01225	LGx	65	124.0	hap2
PR01225	LGx	66	128.0	hap2
PR01225	LGx	67	132.0	hap2
PR01225	LGx	68	137.0	hap2
PR01225	LGx	69	141.0	hap2
PR01225	LGx	70	146.0	hap2
PR01225	LGx	71	151.0	hap2
PR01225	LGx	72	156.0	hap2
PR01225	LGx	73	162.0	hap2
PR01225	LGx	74	167.0	hap2
PR01225	LGx	75	173.0	hap2
PR01225	LGx	76	180.0	hap2
PR01225	LGx	77	186.0	hap2
PR01225	LGx	78	193.0	hap2
PR01225	LGx	79	201.0	hap2
PR01225	LGx	80	208.0	hap2
PR01225	LGx	81	216.0	hap2
PR01225	LGx	82	225.0	hap2
PR01225	LGx	83	234.0	hap2
PR01225	LGx	84	244.0	hap2
PR01225	LGx	85	254.0	hap2
PR01225	LGx	86	265.0	hap2
PR01225	LGx	87	278.0	hap2
PR01225	LGx	88	291.0	hap2
PR01225	LGx	89	306.0	hap2
PR01225	LGx	90	323.0	hap2
PR01225	LGx	91	341.0	hap2
PR01225	LGx	92	362.0	hap2
PR01225	LGx	93	385.0	hap2
PR01225	LGx	94	411.0	hap2
PR01225	LGx	95	440.0	hap2
PR01225	LGx	96	474.0	hap2
PR01225	LGx	97	514.0	hap2
PR01225	LGx	98	564.0	hap2
PR01225	LGx	99	625.0	hap2
PR01225	LGx	100	707.0	hap2
PR01225	auN	3259215139	445.37112	primary
PR01225	auNG	3018593705	480.87302	primary
PR01225	Nx	1	93323191.0	primary
PR01225	Nx	2	93323191.0	primary
PR01225	Nx	3	78978505.0	primary
PR01225	Nx	4	78978505.0	primary
PR01225	Nx	5	78978505.0	primary
PR01225	Nx	6	65020996.0	primary
PR01225	Nx	7	65020996.0	primary
PR01225	Nx	8	63308294.0	primary
PR01225	Nx	9	63308294.0	primary
PR01225	Nx	10	62164256.0	primary
PR01225	Nx	11	62164256.0	primary
PR01225	Nx	12	59993825.0	primary
PR01225	Nx	13	59159304.0	primary
PR01225	Nx	14	59159304.0	primary
PR01225	Nx	15	57867932.0	primary
PR01225	Nx	16	57867932.0	primary
PR01225	Nx	17	57752698.0	primary
PR01225	Nx	18	57752698.0	primary
PR01225	Nx	19	56735302.0	primary
PR01225	Nx	20	56735302.0	primary
PR01225	Nx	21	56111724.0	primary
PR01225	Nx	22	52103295.0	primary
PR01225	Nx	23	52103295.0	primary
PR01225	Nx	24	46921425.0	primary
PR01225	Nx	25	46801176.0	primary
PR01225	Nx	26	46801176.0	primary
PR01225	Nx	27	46396486.0	primary
PR01225	Nx	28	45913243.0	primary
PR01225	Nx	29	45913243.0	primary
PR01225	Nx	30	44756933.0	primary
PR01225	Nx	31	41225895.0	primary
PR01225	Nx	32	35881521.0	primary
PR01225	Nx	33	35436478.0	primary
PR01225	Nx	34	35109564.0	primary
PR01225	Nx	35	35109564.0	primary
PR01225	Nx	36	34256703.0	primary
PR01225	Nx	37	34110505.0	primary
PR01225	Nx	38	32201055.0	primary
PR01225	Nx	39	30478446.0	primary
PR01225	Nx	40	29244982.0	primary
PR01225	Nx	41	28966847.0	primary
PR01225	Nx	42	28606736.0	primary
PR01225	Nx	43	27812659.0	primary
PR01225	Nx	44	27057593.0	primary
PR01225	Nx	45	26851708.0	primary
PR01225	Nx	46	26125393.0	primary
PR01225	Nx	47	25631505.0	primary
PR01225	Nx	48	25516993.0	primary
PR01225	Nx	49	25476152.0	primary
PR01225	Nx	50	24462015.0	primary
PR01225	Nx	51	24077841.0	primary
PR01225	Nx	52	24054313.0	primary
PR01225	Nx	53	22057805.0	primary
PR01225	Nx	54	21597463.0	primary
PR01225	Nx	55	20661668.0	primary
PR01225	Nx	56	20586977.0	primary
PR01225	Nx	57	20373180.0	primary
PR01225	Nx	58	20075427.0	primary
PR01225	Nx	59	19914205.0	primary
PR01225	Nx	60	19855679.0	primary
PR01225	Nx	61	17080541.0	primary
PR01225	Nx	62	16639149.0	primary
PR01225	Nx	63	16128021.0	primary
PR01225	Nx	64	15736137.0	primary
PR01225	Nx	65	15265984.0	primary
PR01225	Nx	66	15002520.0	primary
PR01225	Nx	67	14944956.0	primary
PR01225	Nx	68	14763857.0	primary
PR01225	Nx	69	14487790.0	primary
PR01225	Nx	70	13645736.0	primary
PR01225	Nx	71	13304627.0	primary
PR01225	Nx	72	13087216.0	primary
PR01225	Nx	73	12892810.0	primary
PR01225	Nx	74	12379304.0	primary
PR01225	Nx	75	12340415.0	primary
PR01225	Nx	76	11276358.0	primary
PR01225	Nx	77	10574824.0	primary
PR01225	Nx	78	9797195.0	primary
PR01225	Nx	79	8798792.0	primary
PR01225	Nx	80	8243070.0	primary
PR01225	Nx	81	7837082.0	primary
PR01225	Nx	82	7278830.0	primary
PR01225	Nx	83	7065353.0	primary
PR01225	Nx	84	6268326.0	primary
PR01225	Nx	85	5690043.0	primary
PR01225	Nx	86	5108673.0	primary
PR01225	Nx	87	4319940.0	primary
PR01225	Nx	88	3877803.0	primary
PR01225	Nx	89	3349578.0	primary
PR01225	Nx	90	2880383.0	primary
PR01225	Nx	91	2520811.0	primary
PR01225	Nx	92	2281138.0	primary
PR01225	Nx	93	1878739.0	primary
PR01225	Nx	94	1604890.0	primary
PR01225	Nx	95	1378097.0	primary
PR01225	Nx	96	1128392.0	primary
PR01225	Nx	97	844198.0	primary
PR01225	Nx	98	579262.0	primary
PR01225	Nx	99	335774.0	primary
PR01225	Nx	100	13128.0	primary
PR01225	Lx	1	93323191.0	primary
PR01225	Lx	2	93323191.0	primary
PR01225	Lx	3	78978505.0	primary
PR01225	Lx	4	78978505.0	primary
PR01225	Lx	5	78978505.0	primary
PR01225	Lx	6	65020996.0	primary
PR01225	Lx	7	65020996.0	primary
PR01225	Lx	8	63308294.0	primary
PR01225	Lx	9	63308294.0	primary
PR01225	Lx	10	62164256.0	primary
PR01225	Lx	11	62164256.0	primary
PR01225	Lx	12	59993825.0	primary
PR01225	Lx	13	59159304.0	primary
PR01225	Lx	14	59159304.0	primary
PR01225	Lx	15	57867932.0	primary
PR01225	Lx	16	57867932.0	primary
PR01225	Lx	17	57752698.0	primary
PR01225	Lx	18	57752698.0	primary
PR01225	Lx	19	56735302.0	primary
PR01225	Lx	20	56735302.0	primary
PR01225	Lx	21	56111724.0	primary
PR01225	Lx	22	52103295.0	primary
PR01225	Lx	23	52103295.0	primary
PR01225	Lx	24	46921425.0	primary
PR01225	Lx	25	46801176.0	primary
PR01225	Lx	26	46801176.0	primary
PR01225	Lx	27	46396486.0	primary
PR01225	Lx	28	45913243.0	primary
PR01225	Lx	29	45913243.0	primary
PR01225	Lx	30	44756933.0	primary
PR01225	Lx	31	41225895.0	primary
PR01225	Lx	32	35881521.0	primary
PR01225	Lx	33	35436478.0	primary
PR01225	Lx	34	35109564.0	primary
PR01225	Lx	35	35109564.0	primary
PR01225	Lx	36	34256703.0	primary
PR01225	Lx	37	34110505.0	primary
PR01225	Lx	38	32201055.0	primary
PR01225	Lx	39	30478446.0	primary
PR01225	Lx	40	29244982.0	primary
PR01225	Lx	41	28966847.0	primary
PR01225	Lx	42	28606736.0	primary
PR01225	Lx	43	27812659.0	primary
PR01225	Lx	44	27057593.0	primary
PR01225	Lx	45	26851708.0	primary
PR01225	Lx	46	26125393.0	primary
PR01225	Lx	47	25631505.0	primary
PR01225	Lx	48	25516993.0	primary
PR01225	Lx	49	25476152.0	primary
PR01225	Lx	50	24462015.0	primary
PR01225	Lx	51	24077841.0	primary
PR01225	Lx	52	24054313.0	primary
PR01225	Lx	53	22057805.0	primary
PR01225	Lx	54	21597463.0	primary
PR01225	Lx	55	20661668.0	primary
PR01225	Lx	56	20586977.0	primary
PR01225	Lx	57	20373180.0	primary
PR01225	Lx	58	20075427.0	primary
PR01225	Lx	59	19914205.0	primary
PR01225	Lx	60	19855679.0	primary
PR01225	Lx	61	17080541.0	primary
PR01225	Lx	62	16639149.0	primary
PR01225	Lx	63	16128021.0	primary
PR01225	Lx	64	15736137.0	primary
PR01225	Lx	65	15265984.0	primary
PR01225	Lx	66	15002520.0	primary
PR01225	Lx	67	14944956.0	primary
PR01225	Lx	68	14763857.0	primary
PR01225	Lx	69	14487790.0	primary
PR01225	Lx	70	13645736.0	primary
PR01225	Lx	71	13304627.0	primary
PR01225	Lx	72	13087216.0	primary
PR01225	Lx	73	12892810.0	primary
PR01225	Lx	74	12379304.0	primary
PR01225	Lx	75	12340415.0	primary
PR01225	Lx	76	11276358.0	primary
PR01225	Lx	77	10574824.0	primary
PR01225	Lx	78	9797195.0	primary
PR01225	Lx	79	8798792.0	primary
PR01225	Lx	80	8243070.0	primary
PR01225	Lx	81	7837082.0	primary
PR01225	Lx	82	7278830.0	primary
PR01225	Lx	83	7065353.0	primary
PR01225	Lx	84	6268326.0	primary
PR01225	Lx	85	5690043.0	primary
PR01225	Lx	86	5108673.0	primary
PR01225	Lx	87	4319940.0	primary
PR01225	Lx	88	3877803.0	primary
PR01225	Lx	89	3349578.0	primary
PR01225	Lx	90	2880383.0	primary
PR01225	Lx	91	2520811.0	primary
PR01225	Lx	92	2281138.0	primary
PR01225	Lx	93	1878739.0	primary
PR01225	Lx	94	1604890.0	primary
PR01225	Lx	95	1378097.0	primary
PR01225	Lx	96	1128392.0	primary
PR01225	Lx	97	844198.0	primary
PR01225	Lx	98	579262.0	primary
PR01225	Lx	99	335774.0	primary
PR01225	Lx	100	13128.0	primary
PR01225	NGx	1	93323191.0	primary
PR01225	NGx	2	93323191.0	primary
PR01225	NGx	3	93323191.0	primary
PR01225	NGx	4	78978505.0	primary
PR01225	NGx	5	78978505.0	primary
PR01225	NGx	6	65020996.0	primary
PR01225	NGx	7	65020996.0	primary
PR01225	NGx	8	63308294.0	primary
PR01225	NGx	9	63308294.0	primary
PR01225	NGx	10	62164256.0	primary
PR01225	NGx	11	62164256.0	primary
PR01225	NGx	12	62164256.0	primary
PR01225	NGx	13	59993825.0	primary
PR01225	NGx	14	59993825.0	primary
PR01225	NGx	15	59159304.0	primary
PR01225	NGx	16	57867932.0	primary
PR01225	NGx	17	57867932.0	primary
PR01225	NGx	18	57752698.0	primary
PR01225	NGx	19	57752698.0	primary
PR01225	NGx	20	56735302.0	primary
PR01225	NGx	21	56735302.0	primary
PR01225	NGx	22	56111724.0	primary
PR01225	NGx	23	56111724.0	primary
PR01225	NGx	24	52103295.0	primary
PR01225	NGx	25	52103295.0	primary
PR01225	NGx	26	46921425.0	primary
PR01225	NGx	27	46801176.0	primary
PR01225	NGx	28	46801176.0	primary
PR01225	NGx	29	46396486.0	primary
PR01225	NGx	30	45913243.0	primary
PR01225	NGx	31	45913243.0	primary
PR01225	NGx	32	44756933.0	primary
PR01225	NGx	33	41225895.0	primary
PR01225	NGx	34	41225895.0	primary
PR01225	NGx	35	35881521.0	primary
PR01225	NGx	36	35436478.0	primary
PR01225	NGx	37	35109564.0	primary
PR01225	NGx	38	34256703.0	primary
PR01225	NGx	39	34110505.0	primary
PR01225	NGx	40	34110505.0	primary
PR01225	NGx	41	32201055.0	primary
PR01225	NGx	42	30478446.0	primary
PR01225	NGx	43	29796509.0	primary
PR01225	NGx	44	29244982.0	primary
PR01225	NGx	45	28966847.0	primary
PR01225	NGx	46	28606736.0	primary
PR01225	NGx	47	27057593.0	primary
PR01225	NGx	48	26851708.0	primary
PR01225	NGx	49	26251840.0	primary
PR01225	NGx	50	26125393.0	primary
PR01225	NGx	51	25631505.0	primary
PR01225	NGx	52	25516993.0	primary
PR01225	NGx	53	25295205.0	primary
PR01225	NGx	54	24462015.0	primary
PR01225	NGx	55	24077841.0	primary
PR01225	NGx	56	24054313.0	primary
PR01225	NGx	57	23505618.0	primary
PR01225	NGx	58	21597463.0	primary
PR01225	NGx	59	21403521.0	primary
PR01225	NGx	60	20586977.0	primary
PR01225	NGx	61	20373831.0	primary
PR01225	NGx	62	20089105.0	primary
PR01225	NGx	63	20075427.0	primary
PR01225	NGx	64	19876729.0	primary
PR01225	NGx	65	19855679.0	primary
PR01225	NGx	66	17080541.0	primary
PR01225	NGx	67	16639149.0	primary
PR01225	NGx	68	16566541.0	primary
PR01225	NGx	69	15950385.0	primary
PR01225	NGx	70	15407423.0	primary
PR01225	NGx	71	15142090.0	primary
PR01225	NGx	72	14964651.0	primary
PR01225	NGx	73	14834905.0	primary
PR01225	NGx	74	14605936.0	primary
PR01225	NGx	75	14386678.0	primary
PR01225	NGx	76	13312144.0	primary
PR01225	NGx	77	13160200.0	primary
PR01225	NGx	78	13087216.0	primary
PR01225	NGx	79	12845556.0	primary
PR01225	NGx	80	12379304.0	primary
PR01225	NGx	81	12340415.0	primary
PR01225	NGx	82	11276358.0	primary
PR01225	NGx	83	10574824.0	primary
PR01225	NGx	84	9797195.0	primary
PR01225	NGx	85	8938469.0	primary
PR01225	NGx	86	8414601.0	primary
PR01225	NGx	87	7973068.0	primary
PR01225	NGx	88	7467742.0	primary
PR01225	NGx	89	7200859.0	primary
PR01225	NGx	90	7059450.0	primary
PR01225	NGx	91	6126465.0	primary
PR01225	NGx	92	5680627.0	primary
PR01225	NGx	93	4913252.0	primary
PR01225	NGx	94	4319940.0	primary
PR01225	NGx	95	3881940.0	primary
PR01225	NGx	96	3435978.0	primary
PR01225	NGx	97	3022493.0	primary
PR01225	NGx	98	2548237.0	primary
PR01225	NGx	99	2356471.0	primary
PR01225	NGx	100	1964344.0	primary
PR01225	LGx	1	1.0	primary
PR01225	LGx	2	1.0	primary
PR01225	LGx	3	1.0	primary
PR01225	LGx	4	2.0	primary
PR01225	LGx	5	2.0	primary
PR01225	LGx	6	3.0	primary
PR01225	LGx	7	3.0	primary
PR01225	LGx	8	4.0	primary
PR01225	LGx	9	4.0	primary
PR01225	LGx	10	5.0	primary
PR01225	LGx	11	5.0	primary
PR01225	LGx	12	5.0	primary
PR01225	LGx	13	6.0	primary
PR01225	LGx	14	6.0	primary
PR01225	LGx	15	7.0	primary
PR01225	LGx	16	8.0	primary
PR01225	LGx	17	8.0	primary
PR01225	LGx	18	9.0	primary
PR01225	LGx	19	9.0	primary
PR01225	LGx	20	10.0	primary
PR01225	LGx	21	10.0	primary
PR01225	LGx	22	11.0	primary
PR01225	LGx	23	11.0	primary
PR01225	LGx	24	12.0	primary
PR01225	LGx	25	12.0	primary
PR01225	LGx	26	13.0	primary
PR01225	LGx	27	14.0	primary
PR01225	LGx	28	14.0	primary
PR01225	LGx	29	15.0	primary
PR01225	LGx	30	16.0	primary
PR01225	LGx	31	16.0	primary
PR01225	LGx	32	17.0	primary
PR01225	LGx	33	18.0	primary
PR01225	LGx	34	18.0	primary
PR01225	LGx	35	19.0	primary
PR01225	LGx	36	20.0	primary
PR01225	LGx	37	21.0	primary
PR01225	LGx	38	22.0	primary
PR01225	LGx	39	23.0	primary
PR01225	LGx	40	23.0	primary
PR01225	LGx	41	24.0	primary
PR01225	LGx	42	25.0	primary
PR01225	LGx	43	26.0	primary
PR01225	LGx	44	27.0	primary
PR01225	LGx	45	28.0	primary
PR01225	LGx	46	29.0	primary
PR01225	LGx	47	31.0	primary
PR01225	LGx	48	32.0	primary
PR01225	LGx	49	33.0	primary
PR01225	LGx	50	34.0	primary
PR01225	LGx	51	35.0	primary
PR01225	LGx	52	36.0	primary
PR01225	LGx	53	38.0	primary
PR01225	LGx	54	39.0	primary
PR01225	LGx	55	40.0	primary
PR01225	LGx	56	41.0	primary
PR01225	LGx	57	42.0	primary
PR01225	LGx	58	44.0	primary
PR01225	LGx	59	45.0	primary
PR01225	LGx	60	47.0	primary
PR01225	LGx	61	48.0	primary
PR01225	LGx	62	50.0	primary
PR01225	LGx	63	51.0	primary
PR01225	LGx	64	53.0	primary
PR01225	LGx	65	54.0	primary
PR01225	LGx	66	56.0	primary
PR01225	LGx	67	58.0	primary
PR01225	LGx	68	59.0	primary
PR01225	LGx	69	61.0	primary
PR01225	LGx	70	63.0	primary
PR01225	LGx	71	65.0	primary
PR01225	LGx	72	67.0	primary
PR01225	LGx	73	69.0	primary
PR01225	LGx	74	71.0	primary
PR01225	LGx	75	73.0	primary
PR01225	LGx	76	76.0	primary
PR01225	LGx	77	78.0	primary
PR01225	LGx	78	80.0	primary
PR01225	LGx	79	83.0	primary
PR01225	LGx	80	85.0	primary
PR01225	LGx	81	87.0	primary
PR01225	LGx	82	90.0	primary
PR01225	LGx	83	93.0	primary
PR01225	LGx	84	96.0	primary
PR01225	LGx	85	99.0	primary
PR01225	LGx	86	102.0	primary
PR01225	LGx	87	106.0	primary
PR01225	LGx	88	110.0	primary
PR01225	LGx	89	114.0	primary
PR01225	LGx	90	118.0	primary
PR01225	LGx	91	123.0	primary
PR01225	LGx	92	128.0	primary
PR01225	LGx	93	134.0	primary
PR01225	LGx	94	140.0	primary
PR01225	LGx	95	147.0	primary
PR01225	LGx	96	156.0	primary
PR01225	LGx	97	165.0	primary
PR01225	LGx	98	176.0	primary
PR01225	LGx	99	189.0	primary
PR01225	LGx	100	202.0	primary
PR01228	auN	3167819650	566.3681	hap1
PR01228	auNG	3018593705	594.3668	hap1
PR01228	Nx	1	98387070.0	hap1
PR01228	Nx	2	98387070.0	hap1
PR01228	Nx	3	98387070.0	hap1
PR01228	Nx	4	94262566.0	hap1
PR01228	Nx	5	94262566.0	hap1
PR01228	Nx	6	94262566.0	hap1
PR01228	Nx	7	88057387.0	hap1
PR01228	Nx	8	88057387.0	hap1
PR01228	Nx	9	84378317.0	hap1
PR01228	Nx	10	84378317.0	hap1
PR01228	Nx	11	84378317.0	hap1
PR01228	Nx	12	80521497.0	hap1
PR01228	Nx	13	80521497.0	hap1
PR01228	Nx	14	80521497.0	hap1
PR01228	Nx	15	76952605.0	hap1
PR01228	Nx	16	76952605.0	hap1
PR01228	Nx	17	71707991.0	hap1
PR01228	Nx	18	71707991.0	hap1
PR01228	Nx	19	63812115.0	hap1
PR01228	Nx	20	63812115.0	hap1
PR01228	Nx	21	59973388.0	hap1
PR01228	Nx	22	59973388.0	hap1
PR01228	Nx	23	57902282.0	hap1
PR01228	Nx	24	57902282.0	hap1
PR01228	Nx	25	55929425.0	hap1
PR01228	Nx	26	55929425.0	hap1
PR01228	Nx	27	52438983.0	hap1
PR01228	Nx	28	46577186.0	hap1
PR01228	Nx	29	46577186.0	hap1
PR01228	Nx	30	44551791.0	hap1
PR01228	Nx	31	43002531.0	hap1
PR01228	Nx	32	43002531.0	hap1
PR01228	Nx	33	42085912.0	hap1
PR01228	Nx	34	41585883.0	hap1
PR01228	Nx	35	39740881.0	hap1
PR01228	Nx	36	39740881.0	hap1
PR01228	Nx	37	36352847.0	hap1
PR01228	Nx	38	35091513.0	hap1
PR01228	Nx	39	34269161.0	hap1
PR01228	Nx	40	33704394.0	hap1
PR01228	Nx	41	33088344.0	hap1
PR01228	Nx	42	29248161.0	hap1
PR01228	Nx	43	29221985.0	hap1
PR01228	Nx	44	28910719.0	hap1
PR01228	Nx	45	28534981.0	hap1
PR01228	Nx	46	28272217.0	hap1
PR01228	Nx	47	24049396.0	hap1
PR01228	Nx	48	23247905.0	hap1
PR01228	Nx	49	23152241.0	hap1
PR01228	Nx	50	22385087.0	hap1
PR01228	Nx	51	20926894.0	hap1
PR01228	Nx	52	20487919.0	hap1
PR01228	Nx	53	20472808.0	hap1
PR01228	Nx	54	19902209.0	hap1
PR01228	Nx	55	18828043.0	hap1
PR01228	Nx	56	18587474.0	hap1
PR01228	Nx	57	18108301.0	hap1
PR01228	Nx	58	17588361.0	hap1
PR01228	Nx	59	16308067.0	hap1
PR01228	Nx	60	16095501.0	hap1
PR01228	Nx	61	15940373.0	hap1
PR01228	Nx	62	15295364.0	hap1
PR01228	Nx	63	14722251.0	hap1
PR01228	Nx	64	14409846.0	hap1
PR01228	Nx	65	13909915.0	hap1
PR01228	Nx	66	13301236.0	hap1
PR01228	Nx	67	13085517.0	hap1
PR01228	Nx	68	12736163.0	hap1
PR01228	Nx	69	12370010.0	hap1
PR01228	Nx	70	10569380.0	hap1
PR01228	Nx	71	10128915.0	hap1
PR01228	Nx	72	9771544.0	hap1
PR01228	Nx	73	9373998.0	hap1
PR01228	Nx	74	8875623.0	hap1
PR01228	Nx	75	8627760.0	hap1
PR01228	Nx	76	7550822.0	hap1
PR01228	Nx	77	7227525.0	hap1
PR01228	Nx	78	6833689.0	hap1
PR01228	Nx	79	6295974.0	hap1
PR01228	Nx	80	5800875.0	hap1
PR01228	Nx	81	5256780.0	hap1
PR01228	Nx	82	5095872.0	hap1
PR01228	Nx	83	5010695.0	hap1
PR01228	Nx	84	4585053.0	hap1
PR01228	Nx	85	3984442.0	hap1
PR01228	Nx	86	3607485.0	hap1
PR01228	Nx	87	3242185.0	hap1
PR01228	Nx	88	2990413.0	hap1
PR01228	Nx	89	2561744.0	hap1
PR01228	Nx	90	2376881.0	hap1
PR01228	Nx	91	2094450.0	hap1
PR01228	Nx	92	1825193.0	hap1
PR01228	Nx	93	1595979.0	hap1
PR01228	Nx	94	1371513.0	hap1
PR01228	Nx	95	1187468.0	hap1
PR01228	Nx	96	952665.0	hap1
PR01228	Nx	97	717705.0	hap1
PR01228	Nx	98	488775.0	hap1
PR01228	Nx	99	225991.0	hap1
PR01228	Nx	100	12234.0	hap1
PR01228	Lx	1	98387070.0	hap1
PR01228	Lx	2	98387070.0	hap1
PR01228	Lx	3	98387070.0	hap1
PR01228	Lx	4	94262566.0	hap1
PR01228	Lx	5	94262566.0	hap1
PR01228	Lx	6	94262566.0	hap1
PR01228	Lx	7	88057387.0	hap1
PR01228	Lx	8	88057387.0	hap1
PR01228	Lx	9	84378317.0	hap1
PR01228	Lx	10	84378317.0	hap1
PR01228	Lx	11	84378317.0	hap1
PR01228	Lx	12	80521497.0	hap1
PR01228	Lx	13	80521497.0	hap1
PR01228	Lx	14	80521497.0	hap1
PR01228	Lx	15	76952605.0	hap1
PR01228	Lx	16	76952605.0	hap1
PR01228	Lx	17	71707991.0	hap1
PR01228	Lx	18	71707991.0	hap1
PR01228	Lx	19	63812115.0	hap1
PR01228	Lx	20	63812115.0	hap1
PR01228	Lx	21	59973388.0	hap1
PR01228	Lx	22	59973388.0	hap1
PR01228	Lx	23	57902282.0	hap1
PR01228	Lx	24	57902282.0	hap1
PR01228	Lx	25	55929425.0	hap1
PR01228	Lx	26	55929425.0	hap1
PR01228	Lx	27	52438983.0	hap1
PR01228	Lx	28	46577186.0	hap1
PR01228	Lx	29	46577186.0	hap1
PR01228	Lx	30	44551791.0	hap1
PR01228	Lx	31	43002531.0	hap1
PR01228	Lx	32	43002531.0	hap1
PR01228	Lx	33	42085912.0	hap1
PR01228	Lx	34	41585883.0	hap1
PR01228	Lx	35	39740881.0	hap1
PR01228	Lx	36	39740881.0	hap1
PR01228	Lx	37	36352847.0	hap1
PR01228	Lx	38	35091513.0	hap1
PR01228	Lx	39	34269161.0	hap1
PR01228	Lx	40	33704394.0	hap1
PR01228	Lx	41	33088344.0	hap1
PR01228	Lx	42	29248161.0	hap1
PR01228	Lx	43	29221985.0	hap1
PR01228	Lx	44	28910719.0	hap1
PR01228	Lx	45	28534981.0	hap1
PR01228	Lx	46	28272217.0	hap1
PR01228	Lx	47	24049396.0	hap1
PR01228	Lx	48	23247905.0	hap1
PR01228	Lx	49	23152241.0	hap1
PR01228	Lx	50	22385087.0	hap1
PR01228	Lx	51	20926894.0	hap1
PR01228	Lx	52	20487919.0	hap1
PR01228	Lx	53	20472808.0	hap1
PR01228	Lx	54	19902209.0	hap1
PR01228	Lx	55	18828043.0	hap1
PR01228	Lx	56	18587474.0	hap1
PR01228	Lx	57	18108301.0	hap1
PR01228	Lx	58	17588361.0	hap1
PR01228	Lx	59	16308067.0	hap1
PR01228	Lx	60	16095501.0	hap1
PR01228	Lx	61	15940373.0	hap1
PR01228	Lx	62	15295364.0	hap1
PR01228	Lx	63	14722251.0	hap1
PR01228	Lx	64	14409846.0	hap1
PR01228	Lx	65	13909915.0	hap1
PR01228	Lx	66	13301236.0	hap1
PR01228	Lx	67	13085517.0	hap1
PR01228	Lx	68	12736163.0	hap1
PR01228	Lx	69	12370010.0	hap1
PR01228	Lx	70	10569380.0	hap1
PR01228	Lx	71	10128915.0	hap1
PR01228	Lx	72	9771544.0	hap1
PR01228	Lx	73	9373998.0	hap1
PR01228	Lx	74	8875623.0	hap1
PR01228	Lx	75	8627760.0	hap1
PR01228	Lx	76	7550822.0	hap1
PR01228	Lx	77	7227525.0	hap1
PR01228	Lx	78	6833689.0	hap1
PR01228	Lx	79	6295974.0	hap1
PR01228	Lx	80	5800875.0	hap1
PR01228	Lx	81	5256780.0	hap1
PR01228	Lx	82	5095872.0	hap1
PR01228	Lx	83	5010695.0	hap1
PR01228	Lx	84	4585053.0	hap1
PR01228	Lx	85	3984442.0	hap1
PR01228	Lx	86	3607485.0	hap1
PR01228	Lx	87	3242185.0	hap1
PR01228	Lx	88	2990413.0	hap1
PR01228	Lx	89	2561744.0	hap1
PR01228	Lx	90	2376881.0	hap1
PR01228	Lx	91	2094450.0	hap1
PR01228	Lx	92	1825193.0	hap1
PR01228	Lx	93	1595979.0	hap1
PR01228	Lx	94	1371513.0	hap1
PR01228	Lx	95	1187468.0	hap1
PR01228	Lx	96	952665.0	hap1
PR01228	Lx	97	717705.0	hap1
PR01228	Lx	98	488775.0	hap1
PR01228	Lx	99	225991.0	hap1
PR01228	Lx	100	12234.0	hap1
PR01228	NGx	1	98387070.0	hap1
PR01228	NGx	2	98387070.0	hap1
PR01228	NGx	3	98387070.0	hap1
PR01228	NGx	4	94262566.0	hap1
PR01228	NGx	5	94262566.0	hap1
PR01228	NGx	6	94262566.0	hap1
PR01228	NGx	7	88057387.0	hap1
PR01228	NGx	8	88057387.0	hap1
PR01228	NGx	9	88057387.0	hap1
PR01228	NGx	10	84378317.0	hap1
PR01228	NGx	11	84378317.0	hap1
PR01228	NGx	12	84378317.0	hap1
PR01228	NGx	13	80521497.0	hap1
PR01228	NGx	14	80521497.0	hap1
PR01228	NGx	15	76952605.0	hap1
PR01228	NGx	16	76952605.0	hap1
PR01228	NGx	17	76952605.0	hap1
PR01228	NGx	18	71707991.0	hap1
PR01228	NGx	19	71707991.0	hap1
PR01228	NGx	20	63812115.0	hap1
PR01228	NGx	21	63812115.0	hap1
PR01228	NGx	22	59973388.0	hap1
PR01228	NGx	23	59973388.0	hap1
PR01228	NGx	24	57902282.0	hap1
PR01228	NGx	25	57902282.0	hap1
PR01228	NGx	26	55929425.0	hap1
PR01228	NGx	27	55929425.0	hap1
PR01228	NGx	28	52438983.0	hap1
PR01228	NGx	29	52438983.0	hap1
PR01228	NGx	30	46577186.0	hap1
PR01228	NGx	31	44551791.0	hap1
PR01228	NGx	32	44551791.0	hap1
PR01228	NGx	33	43002531.0	hap1
PR01228	NGx	34	42085912.0	hap1
PR01228	NGx	35	42085912.0	hap1
PR01228	NGx	36	41585883.0	hap1
PR01228	NGx	37	39740881.0	hap1
PR01228	NGx	38	36352847.0	hap1
PR01228	NGx	39	36352847.0	hap1
PR01228	NGx	40	35091513.0	hap1
PR01228	NGx	41	34269161.0	hap1
PR01228	NGx	42	33704394.0	hap1
PR01228	NGx	43	33088344.0	hap1
PR01228	NGx	44	29248161.0	hap1
PR01228	NGx	45	29221985.0	hap1
PR01228	NGx	46	28910719.0	hap1
PR01228	NGx	47	28534981.0	hap1
PR01228	NGx	48	28272217.0	hap1
PR01228	NGx	49	26258338.0	hap1
PR01228	NGx	50	23247905.0	hap1
PR01228	NGx	51	23152241.0	hap1
PR01228	NGx	52	22878568.0	hap1
PR01228	NGx	53	22385087.0	hap1
PR01228	NGx	54	20692608.0	hap1
PR01228	NGx	55	20487919.0	hap1
PR01228	NGx	56	20159718.0	hap1
PR01228	NGx	57	19902209.0	hap1
PR01228	NGx	58	18828043.0	hap1
PR01228	NGx	59	18192399.0	hap1
PR01228	NGx	60	18108301.0	hap1
PR01228	NGx	61	17588361.0	hap1
PR01228	NGx	62	16308067.0	hap1
PR01228	NGx	63	16095501.0	hap1
PR01228	NGx	64	15940373.0	hap1
PR01228	NGx	65	15302426.0	hap1
PR01228	NGx	66	14781050.0	hap1
PR01228	NGx	67	14448510.0	hap1
PR01228	NGx	68	13909915.0	hap1
PR01228	NGx	69	13301236.0	hap1
PR01228	NGx	70	13139958.0	hap1
PR01228	NGx	71	12941364.0	hap1
PR01228	NGx	72	12566782.0	hap1
PR01228	NGx	73	11057574.0	hap1
PR01228	NGx	74	10329337.0	hap1
PR01228	NGx	75	9859033.0	hap1
PR01228	NGx	76	9706652.0	hap1
PR01228	NGx	77	9216442.0	hap1
PR01228	NGx	78	8780102.0	hap1
PR01228	NGx	79	8163580.0	hap1
PR01228	NGx	80	7541121.0	hap1
PR01228	NGx	81	7219789.0	hap1
PR01228	NGx	82	6582515.0	hap1
PR01228	NGx	83	6295974.0	hap1
PR01228	NGx	84	5800875.0	hap1
PR01228	NGx	85	5256780.0	hap1
PR01228	NGx	86	5100015.0	hap1
PR01228	NGx	87	5019965.0	hap1
PR01228	NGx	88	4636327.0	hap1
PR01228	NGx	89	4023772.0	hap1
PR01228	NGx	90	3774373.0	hap1
PR01228	NGx	91	3378735.0	hap1
PR01228	NGx	92	3086082.0	hap1
PR01228	NGx	93	2771786.0	hap1
PR01228	NGx	94	2482619.0	hap1
PR01228	NGx	95	2267729.0	hap1
PR01228	NGx	96	1940933.0	hap1
PR01228	NGx	97	1730771.0	hap1
PR01228	NGx	98	1515003.0	hap1
PR01228	NGx	99	1291141.0	hap1
PR01228	NGx	100	1137174.0	hap1
PR01228	LGx	1	1.0	hap1
PR01228	LGx	2	1.0	hap1
PR01228	LGx	3	1.0	hap1
PR01228	LGx	4	2.0	hap1
PR01228	LGx	5	2.0	hap1
PR01228	LGx	6	2.0	hap1
PR01228	LGx	7	3.0	hap1
PR01228	LGx	8	3.0	hap1
PR01228	LGx	9	3.0	hap1
PR01228	LGx	10	4.0	hap1
PR01228	LGx	11	4.0	hap1
PR01228	LGx	12	4.0	hap1
PR01228	LGx	13	5.0	hap1
PR01228	LGx	14	5.0	hap1
PR01228	LGx	15	6.0	hap1
PR01228	LGx	16	6.0	hap1
PR01228	LGx	17	6.0	hap1
PR01228	LGx	18	7.0	hap1
PR01228	LGx	19	7.0	hap1
PR01228	LGx	20	8.0	hap1
PR01228	LGx	21	8.0	hap1
PR01228	LGx	22	9.0	hap1
PR01228	LGx	23	9.0	hap1
PR01228	LGx	24	10.0	hap1
PR01228	LGx	25	10.0	hap1
PR01228	LGx	26	11.0	hap1
PR01228	LGx	27	11.0	hap1
PR01228	LGx	28	12.0	hap1
PR01228	LGx	29	12.0	hap1
PR01228	LGx	30	13.0	hap1
PR01228	LGx	31	14.0	hap1
PR01228	LGx	32	14.0	hap1
PR01228	LGx	33	15.0	hap1
PR01228	LGx	34	16.0	hap1
PR01228	LGx	35	16.0	hap1
PR01228	LGx	36	17.0	hap1
PR01228	LGx	37	18.0	hap1
PR01228	LGx	38	19.0	hap1
PR01228	LGx	39	19.0	hap1
PR01228	LGx	40	20.0	hap1
PR01228	LGx	41	21.0	hap1
PR01228	LGx	42	22.0	hap1
PR01228	LGx	43	23.0	hap1
PR01228	LGx	44	24.0	hap1
PR01228	LGx	45	25.0	hap1
PR01228	LGx	46	26.0	hap1
PR01228	LGx	47	27.0	hap1
PR01228	LGx	48	28.0	hap1
PR01228	LGx	49	29.0	hap1
PR01228	LGx	50	31.0	hap1
PR01228	LGx	51	32.0	hap1
PR01228	LGx	52	33.0	hap1
PR01228	LGx	53	34.0	hap1
PR01228	LGx	54	36.0	hap1
PR01228	LGx	55	37.0	hap1
PR01228	LGx	56	39.0	hap1
PR01228	LGx	57	40.0	hap1
PR01228	LGx	58	42.0	hap1
PR01228	LGx	59	44.0	hap1
PR01228	LGx	60	45.0	hap1
PR01228	LGx	61	47.0	hap1
PR01228	LGx	62	49.0	hap1
PR01228	LGx	63	51.0	hap1
PR01228	LGx	64	52.0	hap1
PR01228	LGx	65	54.0	hap1
PR01228	LGx	66	56.0	hap1
PR01228	LGx	67	58.0	hap1
PR01228	LGx	68	61.0	hap1
PR01228	LGx	69	63.0	hap1
PR01228	LGx	70	65.0	hap1
PR01228	LGx	71	67.0	hap1
PR01228	LGx	72	70.0	hap1
PR01228	LGx	73	72.0	hap1
PR01228	LGx	74	75.0	hap1
PR01228	LGx	75	78.0	hap1
PR01228	LGx	76	81.0	hap1
PR01228	LGx	77	84.0	hap1
PR01228	LGx	78	88.0	hap1
PR01228	LGx	79	91.0	hap1
PR01228	LGx	80	95.0	hap1
PR01228	LGx	81	99.0	hap1
PR01228	LGx	82	104.0	hap1
PR01228	LGx	83	108.0	hap1
PR01228	LGx	84	113.0	hap1
PR01228	LGx	85	119.0	hap1
PR01228	LGx	86	124.0	hap1
PR01228	LGx	87	130.0	hap1
PR01228	LGx	88	137.0	hap1
PR01228	LGx	89	144.0	hap1
PR01228	LGx	90	151.0	hap1
PR01228	LGx	91	160.0	hap1
PR01228	LGx	92	169.0	hap1
PR01228	LGx	93	180.0	hap1
PR01228	LGx	94	191.0	hap1
PR01228	LGx	95	204.0	hap1
PR01228	LGx	96	219.0	hap1
PR01228	LGx	97	235.0	hap1
PR01228	LGx	98	254.0	hap1
PR01228	LGx	99	275.0	hap1
PR01228	LGx	100	300.0	hap1
PR01228	auN	3089815013	598.7206	hap2
PR01228	auNG	3018593705	612.8469	hap2
PR01228	Nx	1	62618614.0	hap2
PR01228	Nx	2	62618614.0	hap2
PR01228	Nx	3	59182392.0	hap2
PR01228	Nx	4	42897002.0	hap2
PR01228	Nx	5	42897002.0	hap2
PR01228	Nx	6	40650436.0	hap2
PR01228	Nx	7	40538272.0	hap2
PR01228	Nx	8	40458346.0	hap2
PR01228	Nx	9	40458346.0	hap2
PR01228	Nx	10	39562848.0	hap2
PR01228	Nx	11	37951042.0	hap2
PR01228	Nx	12	36676985.0	hap2
PR01228	Nx	13	34248879.0	hap2
PR01228	Nx	14	34248879.0	hap2
PR01228	Nx	15	33856484.0	hap2
PR01228	Nx	16	32633872.0	hap2
PR01228	Nx	17	32541022.0	hap2
PR01228	Nx	18	32211226.0	hap2
PR01228	Nx	19	30222455.0	hap2
PR01228	Nx	20	29881508.0	hap2
PR01228	Nx	21	29273329.0	hap2
PR01228	Nx	22	28931493.0	hap2
PR01228	Nx	23	28270538.0	hap2
PR01228	Nx	24	27774499.0	hap2
PR01228	Nx	25	25935400.0	hap2
PR01228	Nx	26	25882773.0	hap2
PR01228	Nx	27	23642433.0	hap2
PR01228	Nx	28	23371493.0	hap2
PR01228	Nx	29	23081769.0	hap2
PR01228	Nx	30	22920178.0	hap2
PR01228	Nx	31	22663048.0	hap2
PR01228	Nx	32	21585794.0	hap2
PR01228	Nx	33	21585624.0	hap2
PR01228	Nx	34	20935444.0	hap2
PR01228	Nx	35	20587400.0	hap2
PR01228	Nx	36	20033802.0	hap2
PR01228	Nx	37	19959622.0	hap2
PR01228	Nx	38	19920063.0	hap2
PR01228	Nx	39	19406137.0	hap2
PR01228	Nx	40	19202888.0	hap2
PR01228	Nx	41	18921785.0	hap2
PR01228	Nx	42	18435398.0	hap2
PR01228	Nx	43	17749267.0	hap2
PR01228	Nx	44	16784540.0	hap2
PR01228	Nx	45	16534296.0	hap2
PR01228	Nx	46	16373178.0	hap2
PR01228	Nx	47	16216189.0	hap2
PR01228	Nx	48	15551073.0	hap2
PR01228	Nx	49	14924097.0	hap2
PR01228	Nx	50	14648763.0	hap2
PR01228	Nx	51	14360385.0	hap2
PR01228	Nx	52	13709923.0	hap2
PR01228	Nx	53	13290501.0	hap2
PR01228	Nx	54	12936267.0	hap2
PR01228	Nx	55	12369448.0	hap2
PR01228	Nx	56	12052642.0	hap2
PR01228	Nx	57	11591391.0	hap2
PR01228	Nx	58	11199044.0	hap2
PR01228	Nx	59	10794881.0	hap2
PR01228	Nx	60	10507688.0	hap2
PR01228	Nx	61	10098941.0	hap2
PR01228	Nx	62	9771544.0	hap2
PR01228	Nx	63	9615716.0	hap2
PR01228	Nx	64	9491782.0	hap2
PR01228	Nx	65	9281778.0	hap2
PR01228	Nx	66	8900438.0	hap2
PR01228	Nx	67	8308946.0	hap2
PR01228	Nx	68	7976823.0	hap2
PR01228	Nx	69	7782604.0	hap2
PR01228	Nx	70	7258775.0	hap2
PR01228	Nx	71	7122717.0	hap2
PR01228	Nx	72	6748599.0	hap2
PR01228	Nx	73	6352296.0	hap2
PR01228	Nx	74	6138897.0	hap2
PR01228	Nx	75	5970283.0	hap2
PR01228	Nx	76	5839628.0	hap2
PR01228	Nx	77	5484154.0	hap2
PR01228	Nx	78	5135372.0	hap2
PR01228	Nx	79	4784369.0	hap2
PR01228	Nx	80	4499034.0	hap2
PR01228	Nx	81	4357755.0	hap2
PR01228	Nx	82	4043322.0	hap2
PR01228	Nx	83	3814219.0	hap2
PR01228	Nx	84	3640159.0	hap2
PR01228	Nx	85	3463865.0	hap2
PR01228	Nx	86	3203864.0	hap2
PR01228	Nx	87	3055981.0	hap2
PR01228	Nx	88	2744748.0	hap2
PR01228	Nx	89	2513825.0	hap2
PR01228	Nx	90	2401204.0	hap2
PR01228	Nx	91	2136170.0	hap2
PR01228	Nx	92	1835798.0	hap2
PR01228	Nx	93	1561508.0	hap2
PR01228	Nx	94	1380595.0	hap2
PR01228	Nx	95	1142695.0	hap2
PR01228	Nx	96	900181.0	hap2
PR01228	Nx	97	687141.0	hap2
PR01228	Nx	98	430176.0	hap2
PR01228	Nx	99	224850.0	hap2
PR01228	Nx	100	13874.0	hap2
PR01228	Lx	1	62618614.0	hap2
PR01228	Lx	2	62618614.0	hap2
PR01228	Lx	3	59182392.0	hap2
PR01228	Lx	4	42897002.0	hap2
PR01228	Lx	5	42897002.0	hap2
PR01228	Lx	6	40650436.0	hap2
PR01228	Lx	7	40538272.0	hap2
PR01228	Lx	8	40458346.0	hap2
PR01228	Lx	9	40458346.0	hap2
PR01228	Lx	10	39562848.0	hap2
PR01228	Lx	11	37951042.0	hap2
PR01228	Lx	12	36676985.0	hap2
PR01228	Lx	13	34248879.0	hap2
PR01228	Lx	14	34248879.0	hap2
PR01228	Lx	15	33856484.0	hap2
PR01228	Lx	16	32633872.0	hap2
PR01228	Lx	17	32541022.0	hap2
PR01228	Lx	18	32211226.0	hap2
PR01228	Lx	19	30222455.0	hap2
PR01228	Lx	20	29881508.0	hap2
PR01228	Lx	21	29273329.0	hap2
PR01228	Lx	22	28931493.0	hap2
PR01228	Lx	23	28270538.0	hap2
PR01228	Lx	24	27774499.0	hap2
PR01228	Lx	25	25935400.0	hap2
PR01228	Lx	26	25882773.0	hap2
PR01228	Lx	27	23642433.0	hap2
PR01228	Lx	28	23371493.0	hap2
PR01228	Lx	29	23081769.0	hap2
PR01228	Lx	30	22920178.0	hap2
PR01228	Lx	31	22663048.0	hap2
PR01228	Lx	32	21585794.0	hap2
PR01228	Lx	33	21585624.0	hap2
PR01228	Lx	34	20935444.0	hap2
PR01228	Lx	35	20587400.0	hap2
PR01228	Lx	36	20033802.0	hap2
PR01228	Lx	37	19959622.0	hap2
PR01228	Lx	38	19920063.0	hap2
PR01228	Lx	39	19406137.0	hap2
PR01228	Lx	40	19202888.0	hap2
PR01228	Lx	41	18921785.0	hap2
PR01228	Lx	42	18435398.0	hap2
PR01228	Lx	43	17749267.0	hap2
PR01228	Lx	44	16784540.0	hap2
PR01228	Lx	45	16534296.0	hap2
PR01228	Lx	46	16373178.0	hap2
PR01228	Lx	47	16216189.0	hap2
PR01228	Lx	48	15551073.0	hap2
PR01228	Lx	49	14924097.0	hap2
PR01228	Lx	50	14648763.0	hap2
PR01228	Lx	51	14360385.0	hap2
PR01228	Lx	52	13709923.0	hap2
PR01228	Lx	53	13290501.0	hap2
PR01228	Lx	54	12936267.0	hap2
PR01228	Lx	55	12369448.0	hap2
PR01228	Lx	56	12052642.0	hap2
PR01228	Lx	57	11591391.0	hap2
PR01228	Lx	58	11199044.0	hap2
PR01228	Lx	59	10794881.0	hap2
PR01228	Lx	60	10507688.0	hap2
PR01228	Lx	61	10098941.0	hap2
PR01228	Lx	62	9771544.0	hap2
PR01228	Lx	63	9615716.0	hap2
PR01228	Lx	64	9491782.0	hap2
PR01228	Lx	65	9281778.0	hap2
PR01228	Lx	66	8900438.0	hap2
PR01228	Lx	67	8308946.0	hap2
PR01228	Lx	68	7976823.0	hap2
PR01228	Lx	69	7782604.0	hap2
PR01228	Lx	70	7258775.0	hap2
PR01228	Lx	71	7122717.0	hap2
PR01228	Lx	72	6748599.0	hap2
PR01228	Lx	73	6352296.0	hap2
PR01228	Lx	74	6138897.0	hap2
PR01228	Lx	75	5970283.0	hap2
PR01228	Lx	76	5839628.0	hap2
PR01228	Lx	77	5484154.0	hap2
PR01228	Lx	78	5135372.0	hap2
PR01228	Lx	79	4784369.0	hap2
PR01228	Lx	80	4499034.0	hap2
PR01228	Lx	81	4357755.0	hap2
PR01228	Lx	82	4043322.0	hap2
PR01228	Lx	83	3814219.0	hap2
PR01228	Lx	84	3640159.0	hap2
PR01228	Lx	85	3463865.0	hap2
PR01228	Lx	86	3203864.0	hap2
PR01228	Lx	87	3055981.0	hap2
PR01228	Lx	88	2744748.0	hap2
PR01228	Lx	89	2513825.0	hap2
PR01228	Lx	90	2401204.0	hap2
PR01228	Lx	91	2136170.0	hap2
PR01228	Lx	92	1835798.0	hap2
PR01228	Lx	93	1561508.0	hap2
PR01228	Lx	94	1380595.0	hap2
PR01228	Lx	95	1142695.0	hap2
PR01228	Lx	96	900181.0	hap2
PR01228	Lx	97	687141.0	hap2
PR01228	Lx	98	430176.0	hap2
PR01228	Lx	99	224850.0	hap2
PR01228	Lx	100	13874.0	hap2
PR01228	NGx	1	62618614.0	hap2
PR01228	NGx	2	62618614.0	hap2
PR01228	NGx	3	59182392.0	hap2
PR01228	NGx	4	59182392.0	hap2
PR01228	NGx	5	42897002.0	hap2
PR01228	NGx	6	40650436.0	hap2
PR01228	NGx	7	40538272.0	hap2
PR01228	NGx	8	40538272.0	hap2
PR01228	NGx	9	40458346.0	hap2
PR01228	NGx	10	39562848.0	hap2
PR01228	NGx	11	37951042.0	hap2
PR01228	NGx	12	37951042.0	hap2
PR01228	NGx	13	36676985.0	hap2
PR01228	NGx	14	34248879.0	hap2
PR01228	NGx	15	33856484.0	hap2
PR01228	NGx	16	32633872.0	hap2
PR01228	NGx	17	32541022.0	hap2
PR01228	NGx	18	32211226.0	hap2
PR01228	NGx	19	30222455.0	hap2
PR01228	NGx	20	29881508.0	hap2
PR01228	NGx	21	29273329.0	hap2
PR01228	NGx	22	28931493.0	hap2
PR01228	NGx	23	28270538.0	hap2
PR01228	NGx	24	28082732.0	hap2
PR01228	NGx	25	27774499.0	hap2
PR01228	NGx	26	25935400.0	hap2
PR01228	NGx	27	25882773.0	hap2
PR01228	NGx	28	23371493.0	hap2
PR01228	NGx	29	23154904.0	hap2
PR01228	NGx	30	23081769.0	hap2
PR01228	NGx	31	22920178.0	hap2
PR01228	NGx	32	22650770.0	hap2
PR01228	NGx	33	21585794.0	hap2
PR01228	NGx	34	21403662.0	hap2
PR01228	NGx	35	20935444.0	hap2
PR01228	NGx	36	20587400.0	hap2
PR01228	NGx	37	20033802.0	hap2
PR01228	NGx	38	19959622.0	hap2
PR01228	NGx	39	19920063.0	hap2
PR01228	NGx	40	19406137.0	hap2
PR01228	NGx	41	19202888.0	hap2
PR01228	NGx	42	18921785.0	hap2
PR01228	NGx	43	18435398.0	hap2
PR01228	NGx	44	17749267.0	hap2
PR01228	NGx	45	16784540.0	hap2
PR01228	NGx	46	16771246.0	hap2
PR01228	NGx	47	16373178.0	hap2
PR01228	NGx	48	16216189.0	hap2
PR01228	NGx	49	15551073.0	hap2
PR01228	NGx	50	14924097.0	hap2
PR01228	NGx	51	14648763.0	hap2
PR01228	NGx	52	14479910.0	hap2
PR01228	NGx	53	13717911.0	hap2
PR01228	NGx	54	13664014.0	hap2
PR01228	NGx	55	12936267.0	hap2
PR01228	NGx	56	12370009.0	hap2
PR01228	NGx	57	12052642.0	hap2
PR01228	NGx	58	11810259.0	hap2
PR01228	NGx	59	11218242.0	hap2
PR01228	NGx	60	11048409.0	hap2
PR01228	NGx	61	10621948.0	hap2
PR01228	NGx	62	10239723.0	hap2
PR01228	NGx	63	9912658.0	hap2
PR01228	NGx	64	9673307.0	hap2
PR01228	NGx	65	9544743.0	hap2
PR01228	NGx	66	9416181.0	hap2
PR01228	NGx	67	9159448.0	hap2
PR01228	NGx	68	8773276.0	hap2
PR01228	NGx	69	8258772.0	hap2
PR01228	NGx	70	7859897.0	hap2
PR01228	NGx	71	7712246.0	hap2
PR01228	NGx	72	7181716.0	hap2
PR01228	NGx	73	7083038.0	hap2
PR01228	NGx	74	6515527.0	hap2
PR01228	NGx	75	6187975.0	hap2
PR01228	NGx	76	6052792.0	hap2
PR01228	NGx	77	5956340.0	hap2
PR01228	NGx	78	5818410.0	hap2
PR01228	NGx	79	5429269.0	hap2
PR01228	NGx	80	5104360.0	hap2
PR01228	NGx	81	4700044.0	hap2
PR01228	NGx	82	4476472.0	hap2
PR01228	NGx	83	4348183.0	hap2
PR01228	NGx	84	3984442.0	hap2
PR01228	NGx	85	3814219.0	hap2
PR01228	NGx	86	3618032.0	hap2
PR01228	NGx	87	3463865.0	hap2
PR01228	NGx	88	3203864.0	hap2
PR01228	NGx	89	3055981.0	hap2
PR01228	NGx	90	2778956.0	hap2
PR01228	NGx	91	2531715.0	hap2
PR01228	NGx	92	2409586.0	hap2
PR01228	NGx	93	2147560.0	hap2
PR01228	NGx	94	1873477.0	hap2
PR01228	NGx	95	1594728.0	hap2
PR01228	NGx	96	1406759.0	hap2
PR01228	NGx	97	1224439.0	hap2
PR01228	NGx	98	974385.0	hap2
PR01228	NGx	99	761869.0	hap2
PR01228	NGx	100	530241.0	hap2
PR01228	LGx	1	1.0	hap2
PR01228	LGx	2	1.0	hap2
PR01228	LGx	3	2.0	hap2
PR01228	LGx	4	2.0	hap2
PR01228	LGx	5	3.0	hap2
PR01228	LGx	6	4.0	hap2
PR01228	LGx	7	5.0	hap2
PR01228	LGx	8	5.0	hap2
PR01228	LGx	9	6.0	hap2
PR01228	LGx	10	7.0	hap2
PR01228	LGx	11	8.0	hap2
PR01228	LGx	12	8.0	hap2
PR01228	LGx	13	9.0	hap2
PR01228	LGx	14	10.0	hap2
PR01228	LGx	15	11.0	hap2
PR01228	LGx	16	12.0	hap2
PR01228	LGx	17	13.0	hap2
PR01228	LGx	18	14.0	hap2
PR01228	LGx	19	15.0	hap2
PR01228	LGx	20	16.0	hap2
PR01228	LGx	21	17.0	hap2
PR01228	LGx	22	18.0	hap2
PR01228	LGx	23	19.0	hap2
PR01228	LGx	24	20.0	hap2
PR01228	LGx	25	21.0	hap2
PR01228	LGx	26	22.0	hap2
PR01228	LGx	27	23.0	hap2
PR01228	LGx	28	25.0	hap2
PR01228	LGx	29	26.0	hap2
PR01228	LGx	30	27.0	hap2
PR01228	LGx	31	28.0	hap2
PR01228	LGx	32	30.0	hap2
PR01228	LGx	33	31.0	hap2
PR01228	LGx	34	33.0	hap2
PR01228	LGx	35	34.0	hap2
PR01228	LGx	36	35.0	hap2
PR01228	LGx	37	37.0	hap2
PR01228	LGx	38	38.0	hap2
PR01228	LGx	39	40.0	hap2
PR01228	LGx	40	41.0	hap2
PR01228	LGx	41	43.0	hap2
PR01228	LGx	42	45.0	hap2
PR01228	LGx	43	46.0	hap2
PR01228	LGx	44	48.0	hap2
PR01228	LGx	45	50.0	hap2
PR01228	LGx	46	51.0	hap2
PR01228	LGx	47	53.0	hap2
PR01228	LGx	48	55.0	hap2
PR01228	LGx	49	57.0	hap2
PR01228	LGx	50	59.0	hap2
PR01228	LGx	51	61.0	hap2
PR01228	LGx	52	63.0	hap2
PR01228	LGx	53	65.0	hap2
PR01228	LGx	54	67.0	hap2
PR01228	LGx	55	70.0	hap2
PR01228	LGx	56	72.0	hap2
PR01228	LGx	57	75.0	hap2
PR01228	LGx	58	77.0	hap2
PR01228	LGx	59	80.0	hap2
PR01228	LGx	60	82.0	hap2
PR01228	LGx	61	85.0	hap2
PR01228	LGx	62	88.0	hap2
PR01228	LGx	63	91.0	hap2
PR01228	LGx	64	94.0	hap2
PR01228	LGx	65	97.0	hap2
PR01228	LGx	66	101.0	hap2
PR01228	LGx	67	104.0	hap2
PR01228	LGx	68	107.0	hap2
PR01228	LGx	69	111.0	hap2
PR01228	LGx	70	115.0	hap2
PR01228	LGx	71	118.0	hap2
PR01228	LGx	72	122.0	hap2
PR01228	LGx	73	127.0	hap2
PR01228	LGx	74	131.0	hap2
PR01228	LGx	75	136.0	hap2
PR01228	LGx	76	141.0	hap2
PR01228	LGx	77	146.0	hap2
PR01228	LGx	78	151.0	hap2
PR01228	LGx	79	156.0	hap2
PR01228	LGx	80	162.0	hap2
PR01228	LGx	81	168.0	hap2
PR01228	LGx	82	175.0	hap2
PR01228	LGx	83	182.0	hap2
PR01228	LGx	84	189.0	hap2
PR01228	LGx	85	196.0	hap2
PR01228	LGx	86	205.0	hap2
PR01228	LGx	87	213.0	hap2
PR01228	LGx	88	222.0	hap2
PR01228	LGx	89	232.0	hap2
PR01228	LGx	90	242.0	hap2
PR01228	LGx	91	253.0	hap2
PR01228	LGx	92	266.0	hap2
PR01228	LGx	93	279.0	hap2
PR01228	LGx	94	294.0	hap2
PR01228	LGx	95	311.0	hap2
PR01228	LGx	96	331.0	hap2
PR01228	LGx	97	354.0	hap2
PR01228	LGx	98	382.0	hap2
PR01228	LGx	99	417.0	hap2
PR01228	LGx	100	465.0	hap2
PR01228	auN	3284489842	270.35696	primary
PR01228	auNG	3018593705	294.17163	primary
PR01228	Nx	1	101569239.0	primary
PR01228	Nx	2	101569239.0	primary
PR01228	Nx	3	101569239.0	primary
PR01228	Nx	4	100675148.0	primary
PR01228	Nx	5	100675148.0	primary
PR01228	Nx	6	100675148.0	primary
PR01228	Nx	7	94262566.0	primary
PR01228	Nx	8	94262566.0	primary
PR01228	Nx	9	94262566.0	primary
PR01228	Nx	10	84378317.0	primary
PR01228	Nx	11	84378317.0	primary
PR01228	Nx	12	80521497.0	primary
PR01228	Nx	13	80521497.0	primary
PR01228	Nx	14	80521497.0	primary
PR01228	Nx	15	76952605.0	primary
PR01228	Nx	16	76952605.0	primary
PR01228	Nx	17	71707991.0	primary
PR01228	Nx	18	71707991.0	primary
PR01228	Nx	19	68912349.0	primary
PR01228	Nx	20	68912349.0	primary
PR01228	Nx	21	68447940.0	primary
PR01228	Nx	22	68447940.0	primary
PR01228	Nx	23	67555983.0	primary
PR01228	Nx	24	67555983.0	primary
PR01228	Nx	25	63812115.0	primary
PR01228	Nx	26	63812115.0	primary
PR01228	Nx	27	62680385.0	primary
PR01228	Nx	28	62680385.0	primary
PR01228	Nx	29	59260008.0	primary
PR01228	Nx	30	59260008.0	primary
PR01228	Nx	31	58244017.0	primary
PR01228	Nx	32	58244017.0	primary
PR01228	Nx	33	57879168.0	primary
PR01228	Nx	34	57879168.0	primary
PR01228	Nx	35	46793565.0	primary
PR01228	Nx	36	46565203.0	primary
PR01228	Nx	37	46244493.0	primary
PR01228	Nx	38	46244493.0	primary
PR01228	Nx	39	44551791.0	primary
PR01228	Nx	40	43002531.0	primary
PR01228	Nx	41	42085912.0	primary
PR01228	Nx	42	42085912.0	primary
PR01228	Nx	43	39740881.0	primary
PR01228	Nx	44	37193828.0	primary
PR01228	Nx	45	36694771.0	primary
PR01228	Nx	46	35091513.0	primary
PR01228	Nx	47	34279653.0	primary
PR01228	Nx	48	33704394.0	primary
PR01228	Nx	49	33088344.0	primary
PR01228	Nx	50	31689066.0	primary
PR01228	Nx	51	30199864.0	primary
PR01228	Nx	52	29655649.0	primary
PR01228	Nx	53	29502795.0	primary
PR01228	Nx	54	29221985.0	primary
PR01228	Nx	55	29058423.0	primary
PR01228	Nx	56	28672195.0	primary
PR01228	Nx	57	28272217.0	primary
PR01228	Nx	58	25608565.0	primary
PR01228	Nx	59	24893534.0	primary
PR01228	Nx	60	24049396.0	primary
PR01228	Nx	61	23152241.0	primary
PR01228	Nx	62	22985643.0	primary
PR01228	Nx	63	22340958.0	primary
PR01228	Nx	64	21585794.0	primary
PR01228	Nx	65	20472808.0	primary
PR01228	Nx	66	19902209.0	primary
PR01228	Nx	67	19074930.0	primary
PR01228	Nx	68	18386150.0	primary
PR01228	Nx	69	17588361.0	primary
PR01228	Nx	70	16771246.0	primary
PR01228	Nx	71	16535894.0	primary
PR01228	Nx	72	16227206.0	primary
PR01228	Nx	73	15853983.0	primary
PR01228	Nx	74	14701501.0	primary
PR01228	Nx	75	13691545.0	primary
PR01228	Nx	76	13308903.0	primary
PR01228	Nx	77	13085517.0	primary
PR01228	Nx	78	12941364.0	primary
PR01228	Nx	79	12370010.0	primary
PR01228	Nx	80	11821685.0	primary
PR01228	Nx	81	10377609.0	primary
PR01228	Nx	82	9863714.0	primary
PR01228	Nx	83	9673307.0	primary
PR01228	Nx	84	8669795.0	primary
PR01228	Nx	85	8163580.0	primary
PR01228	Nx	86	7264898.0	primary
PR01228	Nx	87	6286710.0	primary
PR01228	Nx	88	6010839.0	primary
PR01228	Nx	89	5129159.0	primary
PR01228	Nx	90	4976710.0	primary
PR01228	Nx	91	4370429.0	primary
PR01228	Nx	92	3890169.0	primary
PR01228	Nx	93	3524608.0	primary
PR01228	Nx	94	2989172.0	primary
PR01228	Nx	95	2390545.0	primary
PR01228	Nx	96	1947805.0	primary
PR01228	Nx	97	1517388.0	primary
PR01228	Nx	98	1165784.0	primary
PR01228	Nx	99	717705.0	primary
PR01228	Nx	100	15333.0	primary
PR01228	Lx	1	101569239.0	primary
PR01228	Lx	2	101569239.0	primary
PR01228	Lx	3	101569239.0	primary
PR01228	Lx	4	100675148.0	primary
PR01228	Lx	5	100675148.0	primary
PR01228	Lx	6	100675148.0	primary
PR01228	Lx	7	94262566.0	primary
PR01228	Lx	8	94262566.0	primary
PR01228	Lx	9	94262566.0	primary
PR01228	Lx	10	84378317.0	primary
PR01228	Lx	11	84378317.0	primary
PR01228	Lx	12	80521497.0	primary
PR01228	Lx	13	80521497.0	primary
PR01228	Lx	14	80521497.0	primary
PR01228	Lx	15	76952605.0	primary
PR01228	Lx	16	76952605.0	primary
PR01228	Lx	17	71707991.0	primary
PR01228	Lx	18	71707991.0	primary
PR01228	Lx	19	68912349.0	primary
PR01228	Lx	20	68912349.0	primary
PR01228	Lx	21	68447940.0	primary
PR01228	Lx	22	68447940.0	primary
PR01228	Lx	23	67555983.0	primary
PR01228	Lx	24	67555983.0	primary
PR01228	Lx	25	63812115.0	primary
PR01228	Lx	26	63812115.0	primary
PR01228	Lx	27	62680385.0	primary
PR01228	Lx	28	62680385.0	primary
PR01228	Lx	29	59260008.0	primary
PR01228	Lx	30	59260008.0	primary
PR01228	Lx	31	58244017.0	primary
PR01228	Lx	32	58244017.0	primary
PR01228	Lx	33	57879168.0	primary
PR01228	Lx	34	57879168.0	primary
PR01228	Lx	35	46793565.0	primary
PR01228	Lx	36	46565203.0	primary
PR01228	Lx	37	46244493.0	primary
PR01228	Lx	38	46244493.0	primary
PR01228	Lx	39	44551791.0	primary
PR01228	Lx	40	43002531.0	primary
PR01228	Lx	41	42085912.0	primary
PR01228	Lx	42	42085912.0	primary
PR01228	Lx	43	39740881.0	primary
PR01228	Lx	44	37193828.0	primary
PR01228	Lx	45	36694771.0	primary
PR01228	Lx	46	35091513.0	primary
PR01228	Lx	47	34279653.0	primary
PR01228	Lx	48	33704394.0	primary
PR01228	Lx	49	33088344.0	primary
PR01228	Lx	50	31689066.0	primary
PR01228	Lx	51	30199864.0	primary
PR01228	Lx	52	29655649.0	primary
PR01228	Lx	53	29502795.0	primary
PR01228	Lx	54	29221985.0	primary
PR01228	Lx	55	29058423.0	primary
PR01228	Lx	56	28672195.0	primary
PR01228	Lx	57	28272217.0	primary
PR01228	Lx	58	25608565.0	primary
PR01228	Lx	59	24893534.0	primary
PR01228	Lx	60	24049396.0	primary
PR01228	Lx	61	23152241.0	primary
PR01228	Lx	62	22985643.0	primary
PR01228	Lx	63	22340958.0	primary
PR01228	Lx	64	21585794.0	primary
PR01228	Lx	65	20472808.0	primary
PR01228	Lx	66	19902209.0	primary
PR01228	Lx	67	19074930.0	primary
PR01228	Lx	68	18386150.0	primary
PR01228	Lx	69	17588361.0	primary
PR01228	Lx	70	16771246.0	primary
PR01228	Lx	71	16535894.0	primary
PR01228	Lx	72	16227206.0	primary
PR01228	Lx	73	15853983.0	primary
PR01228	Lx	74	14701501.0	primary
PR01228	Lx	75	13691545.0	primary
PR01228	Lx	76	13308903.0	primary
PR01228	Lx	77	13085517.0	primary
PR01228	Lx	78	12941364.0	primary
PR01228	Lx	79	12370010.0	primary
PR01228	Lx	80	11821685.0	primary
PR01228	Lx	81	10377609.0	primary
PR01228	Lx	82	9863714.0	primary
PR01228	Lx	83	9673307.0	primary
PR01228	Lx	84	8669795.0	primary
PR01228	Lx	85	8163580.0	primary
PR01228	Lx	86	7264898.0	primary
PR01228	Lx	87	6286710.0	primary
PR01228	Lx	88	6010839.0	primary
PR01228	Lx	89	5129159.0	primary
PR01228	Lx	90	4976710.0	primary
PR01228	Lx	91	4370429.0	primary
PR01228	Lx	92	3890169.0	primary
PR01228	Lx	93	3524608.0	primary
PR01228	Lx	94	2989172.0	primary
PR01228	Lx	95	2390545.0	primary
PR01228	Lx	96	1947805.0	primary
PR01228	Lx	97	1517388.0	primary
PR01228	Lx	98	1165784.0	primary
PR01228	Lx	99	717705.0	primary
PR01228	Lx	100	15333.0	primary
PR01228	NGx	1	101569239.0	primary
PR01228	NGx	2	101569239.0	primary
PR01228	NGx	3	101569239.0	primary
PR01228	NGx	4	100675148.0	primary
PR01228	NGx	5	100675148.0	primary
PR01228	NGx	6	100675148.0	primary
PR01228	NGx	7	94262566.0	primary
PR01228	NGx	8	94262566.0	primary
PR01228	NGx	9	94262566.0	primary
PR01228	NGx	10	84378317.0	primary
PR01228	NGx	11	84378317.0	primary
PR01228	NGx	12	84378317.0	primary
PR01228	NGx	13	80521497.0	primary
PR01228	NGx	14	80521497.0	primary
PR01228	NGx	15	80521497.0	primary
PR01228	NGx	16	76952605.0	primary
PR01228	NGx	17	76952605.0	primary
PR01228	NGx	18	71707991.0	primary
PR01228	NGx	19	71707991.0	primary
PR01228	NGx	20	71707991.0	primary
PR01228	NGx	21	68912349.0	primary
PR01228	NGx	22	68912349.0	primary
PR01228	NGx	23	68447940.0	primary
PR01228	NGx	24	68447940.0	primary
PR01228	NGx	25	67555983.0	primary
PR01228	NGx	26	67555983.0	primary
PR01228	NGx	27	63812115.0	primary
PR01228	NGx	28	63812115.0	primary
PR01228	NGx	29	63812115.0	primary
PR01228	NGx	30	62680385.0	primary
PR01228	NGx	31	62680385.0	primary
PR01228	NGx	32	59260008.0	primary
PR01228	NGx	33	59260008.0	primary
PR01228	NGx	34	58244017.0	primary
PR01228	NGx	35	58244017.0	primary
PR01228	NGx	36	57879168.0	primary
PR01228	NGx	37	46793565.0	primary
PR01228	NGx	38	46793565.0	primary
PR01228	NGx	39	46565203.0	primary
PR01228	NGx	40	46565203.0	primary
PR01228	NGx	41	46244493.0	primary
PR01228	NGx	42	44551791.0	primary
PR01228	NGx	43	44551791.0	primary
PR01228	NGx	44	43002531.0	primary
PR01228	NGx	45	42085912.0	primary
PR01228	NGx	46	39740881.0	primary
PR01228	NGx	47	39740881.0	primary
PR01228	NGx	48	37193828.0	primary
PR01228	NGx	49	36694771.0	primary
PR01228	NGx	50	35091513.0	primary
PR01228	NGx	51	34279653.0	primary
PR01228	NGx	52	33704394.0	primary
PR01228	NGx	53	33704394.0	primary
PR01228	NGx	54	33088344.0	primary
PR01228	NGx	55	31689066.0	primary
PR01228	NGx	56	30199864.0	primary
PR01228	NGx	57	29655649.0	primary
PR01228	NGx	58	29502795.0	primary
PR01228	NGx	59	29221985.0	primary
PR01228	NGx	60	29058423.0	primary
PR01228	NGx	61	28672195.0	primary
PR01228	NGx	62	28272217.0	primary
PR01228	NGx	63	25608565.0	primary
PR01228	NGx	64	24893534.0	primary
PR01228	NGx	65	24049396.0	primary
PR01228	NGx	66	23247905.0	primary
PR01228	NGx	67	22985643.0	primary
PR01228	NGx	68	22878568.0	primary
PR01228	NGx	69	22340958.0	primary
PR01228	NGx	70	20692608.0	primary
PR01228	NGx	71	20472808.0	primary
PR01228	NGx	72	19716382.0	primary
PR01228	NGx	73	19074930.0	primary
PR01228	NGx	74	18386150.0	primary
PR01228	NGx	75	17588361.0	primary
PR01228	NGx	76	16791656.0	primary
PR01228	NGx	77	16642365.0	primary
PR01228	NGx	78	16308067.0	primary
PR01228	NGx	79	16112610.0	primary
PR01228	NGx	80	14781050.0	primary
PR01228	NGx	81	13912245.0	primary
PR01228	NGx	82	13624080.0	primary
PR01228	NGx	83	13301236.0	primary
PR01228	NGx	84	13085517.0	primary
PR01228	NGx	85	12830568.0	primary
PR01228	NGx	86	12370010.0	primary
PR01228	NGx	87	11821685.0	primary
PR01228	NGx	88	10569380.0	primary
PR01228	NGx	89	10055243.0	primary
PR01228	NGx	90	9771544.0	primary
PR01228	NGx	91	9522136.0	primary
PR01228	NGx	92	8335476.0	primary
PR01228	NGx	93	7976526.0	primary
PR01228	NGx	94	6583374.0	primary
PR01228	NGx	95	6244046.0	primary
PR01228	NGx	96	5844036.0	primary
PR01228	NGx	97	5100015.0	primary
PR01228	NGx	98	4976710.0	primary
PR01228	NGx	99	4370429.0	primary
PR01228	NGx	100	3984442.0	primary
PR01228	LGx	1	1.0	primary
PR01228	LGx	2	1.0	primary
PR01228	LGx	3	1.0	primary
PR01228	LGx	4	2.0	primary
PR01228	LGx	5	2.0	primary
PR01228	LGx	6	2.0	primary
PR01228	LGx	7	3.0	primary
PR01228	LGx	8	3.0	primary
PR01228	LGx	9	3.0	primary
PR01228	LGx	10	4.0	primary
PR01228	LGx	11	4.0	primary
PR01228	LGx	12	4.0	primary
PR01228	LGx	13	5.0	primary
PR01228	LGx	14	5.0	primary
PR01228	LGx	15	5.0	primary
PR01228	LGx	16	6.0	primary
PR01228	LGx	17	6.0	primary
PR01228	LGx	18	7.0	primary
PR01228	LGx	19	7.0	primary
PR01228	LGx	20	7.0	primary
PR01228	LGx	21	8.0	primary
PR01228	LGx	22	8.0	primary
PR01228	LGx	23	9.0	primary
PR01228	LGx	24	9.0	primary
PR01228	LGx	25	10.0	primary
PR01228	LGx	26	10.0	primary
PR01228	LGx	27	11.0	primary
PR01228	LGx	28	11.0	primary
PR01228	LGx	29	11.0	primary
PR01228	LGx	30	12.0	primary
PR01228	LGx	31	12.0	primary
PR01228	LGx	32	13.0	primary
PR01228	LGx	33	13.0	primary
PR01228	LGx	34	14.0	primary
PR01228	LGx	35	14.0	primary
PR01228	LGx	36	15.0	primary
PR01228	LGx	37	16.0	primary
PR01228	LGx	38	16.0	primary
PR01228	LGx	39	17.0	primary
PR01228	LGx	40	17.0	primary
PR01228	LGx	41	18.0	primary
PR01228	LGx	42	19.0	primary
PR01228	LGx	43	19.0	primary
PR01228	LGx	44	20.0	primary
PR01228	LGx	45	21.0	primary
PR01228	LGx	46	22.0	primary
PR01228	LGx	47	22.0	primary
PR01228	LGx	48	23.0	primary
PR01228	LGx	49	24.0	primary
PR01228	LGx	50	25.0	primary
PR01228	LGx	51	26.0	primary
PR01228	LGx	52	27.0	primary
PR01228	LGx	53	27.0	primary
PR01228	LGx	54	28.0	primary
PR01228	LGx	55	29.0	primary
PR01228	LGx	56	30.0	primary
PR01228	LGx	57	31.0	primary
PR01228	LGx	58	32.0	primary
PR01228	LGx	59	33.0	primary
PR01228	LGx	60	34.0	primary
PR01228	LGx	61	35.0	primary
PR01228	LGx	62	36.0	primary
PR01228	LGx	63	38.0	primary
PR01228	LGx	64	39.0	primary
PR01228	LGx	65	40.0	primary
PR01228	LGx	66	41.0	primary
PR01228	LGx	67	43.0	primary
PR01228	LGx	68	44.0	primary
PR01228	LGx	69	45.0	primary
PR01228	LGx	70	47.0	primary
PR01228	LGx	71	48.0	primary
PR01228	LGx	72	50.0	primary
PR01228	LGx	73	51.0	primary
PR01228	LGx	74	53.0	primary
PR01228	LGx	75	55.0	primary
PR01228	LGx	76	56.0	primary
PR01228	LGx	77	58.0	primary
PR01228	LGx	78	60.0	primary
PR01228	LGx	79	62.0	primary
PR01228	LGx	80	64.0	primary
PR01228	LGx	81	66.0	primary
PR01228	LGx	82	68.0	primary
PR01228	LGx	83	70.0	primary
PR01228	LGx	84	72.0	primary
PR01228	LGx	85	75.0	primary
PR01228	LGx	86	77.0	primary
PR01228	LGx	87	80.0	primary
PR01228	LGx	88	82.0	primary
PR01228	LGx	89	85.0	primary
PR01228	LGx	90	88.0	primary
PR01228	LGx	91	91.0	primary
PR01228	LGx	92	95.0	primary
PR01228	LGx	93	99.0	primary
PR01228	LGx	94	103.0	primary
PR01228	LGx	95	107.0	primary
PR01228	LGx	96	112.0	primary
PR01228	LGx	97	118.0	primary
PR01228	LGx	98	124.0	primary
PR01228	LGx	99	131.0	primary
PR01228	LGx	100	138.0	primary
PR00115	auN	3236349971	545.61	hap1
PR00115	auNG	3018593705	584.96936	hap1
PR00115	Nx	1	231654292.0	hap1
PR00115	Nx	2	231654292.0	hap1
PR00115	Nx	3	231654292.0	hap1
PR00115	Nx	4	231654292.0	hap1
PR00115	Nx	5	231654292.0	hap1
PR00115	Nx	6	231654292.0	hap1
PR00115	Nx	7	231654292.0	hap1
PR00115	Nx	8	194895482.0	hap1
PR00115	Nx	9	194895482.0	hap1
PR00115	Nx	10	194895482.0	hap1
PR00115	Nx	11	194895482.0	hap1
PR00115	Nx	12	194895482.0	hap1
PR00115	Nx	13	194895482.0	hap1
PR00115	Nx	14	148222837.0	hap1
PR00115	Nx	15	148222837.0	hap1
PR00115	Nx	16	148222837.0	hap1
PR00115	Nx	17	148222837.0	hap1
PR00115	Nx	18	122415672.0	hap1
PR00115	Nx	19	122415672.0	hap1
PR00115	Nx	20	122415672.0	hap1
PR00115	Nx	21	122415672.0	hap1
PR00115	Nx	22	115210294.0	hap1
PR00115	Nx	23	115210294.0	hap1
PR00115	Nx	24	115210294.0	hap1
PR00115	Nx	25	115210294.0	hap1
PR00115	Nx	26	111013271.0	hap1
PR00115	Nx	27	111013271.0	hap1
PR00115	Nx	28	111013271.0	hap1
PR00115	Nx	29	107179960.0	hap1
PR00115	Nx	30	107179960.0	hap1
PR00115	Nx	31	107179960.0	hap1
PR00115	Nx	32	97988603.0	hap1
PR00115	Nx	33	97988603.0	hap1
PR00115	Nx	34	97988603.0	hap1
PR00115	Nx	35	96105802.0	hap1
PR00115	Nx	36	96105802.0	hap1
PR00115	Nx	37	96105802.0	hap1
PR00115	Nx	38	93494657.0	hap1
PR00115	Nx	39	93494657.0	hap1
PR00115	Nx	40	93494657.0	hap1
PR00115	Nx	41	88690300.0	hap1
PR00115	Nx	42	88690300.0	hap1
PR00115	Nx	43	88690300.0	hap1
PR00115	Nx	44	76679189.0	hap1
PR00115	Nx	45	76679189.0	hap1
PR00115	Nx	46	76162108.0	hap1
PR00115	Nx	47	76162108.0	hap1
PR00115	Nx	48	76162108.0	hap1
PR00115	Nx	49	73474343.0	hap1
PR00115	Nx	50	73474343.0	hap1
PR00115	Nx	51	72296337.0	hap1
PR00115	Nx	52	72296337.0	hap1
PR00115	Nx	53	61175766.0	hap1
PR00115	Nx	54	61175766.0	hap1
PR00115	Nx	55	61060439.0	hap1
PR00115	Nx	56	61060439.0	hap1
PR00115	Nx	57	58379171.0	hap1
PR00115	Nx	58	58379171.0	hap1
PR00115	Nx	59	52734621.0	hap1
PR00115	Nx	60	51427964.0	hap1
PR00115	Nx	61	51427964.0	hap1
PR00115	Nx	62	46795541.0	hap1
PR00115	Nx	63	45584809.0	hap1
PR00115	Nx	64	45584809.0	hap1
PR00115	Nx	65	44423566.0	hap1
PR00115	Nx	66	43675329.0	hap1
PR00115	Nx	67	43675329.0	hap1
PR00115	Nx	68	41731322.0	hap1
PR00115	Nx	69	38319378.0	hap1
PR00115	Nx	70	37978814.0	hap1
PR00115	Nx	71	37536116.0	hap1
PR00115	Nx	72	36403571.0	hap1
PR00115	Nx	73	36403571.0	hap1
PR00115	Nx	74	35161355.0	hap1
PR00115	Nx	75	34783819.0	hap1
PR00115	Nx	76	33693536.0	hap1
PR00115	Nx	77	33326803.0	hap1
PR00115	Nx	78	32205671.0	hap1
PR00115	Nx	79	30597346.0	hap1
PR00115	Nx	80	29534958.0	hap1
PR00115	Nx	81	27714188.0	hap1
PR00115	Nx	82	26663122.0	hap1
PR00115	Nx	83	22869534.0	hap1
PR00115	Nx	84	21093974.0	hap1
PR00115	Nx	85	20213728.0	hap1
PR00115	Nx	86	16371980.0	hap1
PR00115	Nx	87	14497664.0	hap1
PR00115	Nx	88	13538112.0	hap1
PR00115	Nx	89	12287915.0	hap1
PR00115	Nx	90	10958913.0	hap1
PR00115	Nx	91	8819852.0	hap1
PR00115	Nx	92	8098645.0	hap1
PR00115	Nx	93	6676784.0	hap1
PR00115	Nx	94	4768692.0	hap1
PR00115	Nx	95	3420369.0	hap1
PR00115	Nx	96	2786702.0	hap1
PR00115	Nx	97	1691320.0	hap1
PR00115	Nx	98	734469.0	hap1
PR00115	Nx	99	72146.0	hap1
PR00115	Nx	100	11918.0	hap1
PR00115	Lx	1	231654292.0	hap1
PR00115	Lx	2	231654292.0	hap1
PR00115	Lx	3	231654292.0	hap1
PR00115	Lx	4	231654292.0	hap1
PR00115	Lx	5	231654292.0	hap1
PR00115	Lx	6	231654292.0	hap1
PR00115	Lx	7	231654292.0	hap1
PR00115	Lx	8	194895482.0	hap1
PR00115	Lx	9	194895482.0	hap1
PR00115	Lx	10	194895482.0	hap1
PR00115	Lx	11	194895482.0	hap1
PR00115	Lx	12	194895482.0	hap1
PR00115	Lx	13	194895482.0	hap1
PR00115	Lx	14	148222837.0	hap1
PR00115	Lx	15	148222837.0	hap1
PR00115	Lx	16	148222837.0	hap1
PR00115	Lx	17	148222837.0	hap1
PR00115	Lx	18	122415672.0	hap1
PR00115	Lx	19	122415672.0	hap1
PR00115	Lx	20	122415672.0	hap1
PR00115	Lx	21	122415672.0	hap1
PR00115	Lx	22	115210294.0	hap1
PR00115	Lx	23	115210294.0	hap1
PR00115	Lx	24	115210294.0	hap1
PR00115	Lx	25	115210294.0	hap1
PR00115	Lx	26	111013271.0	hap1
PR00115	Lx	27	111013271.0	hap1
PR00115	Lx	28	111013271.0	hap1
PR00115	Lx	29	107179960.0	hap1
PR00115	Lx	30	107179960.0	hap1
PR00115	Lx	31	107179960.0	hap1
PR00115	Lx	32	97988603.0	hap1
PR00115	Lx	33	97988603.0	hap1
PR00115	Lx	34	97988603.0	hap1
PR00115	Lx	35	96105802.0	hap1
PR00115	Lx	36	96105802.0	hap1
PR00115	Lx	37	96105802.0	hap1
PR00115	Lx	38	93494657.0	hap1
PR00115	Lx	39	93494657.0	hap1
PR00115	Lx	40	93494657.0	hap1
PR00115	Lx	41	88690300.0	hap1
PR00115	Lx	42	88690300.0	hap1
PR00115	Lx	43	88690300.0	hap1
PR00115	Lx	44	76679189.0	hap1
PR00115	Lx	45	76679189.0	hap1
PR00115	Lx	46	76162108.0	hap1
PR00115	Lx	47	76162108.0	hap1
PR00115	Lx	48	76162108.0	hap1
PR00115	Lx	49	73474343.0	hap1
PR00115	Lx	50	73474343.0	hap1
PR00115	Lx	51	72296337.0	hap1
PR00115	Lx	52	72296337.0	hap1
PR00115	Lx	53	61175766.0	hap1
PR00115	Lx	54	61175766.0	hap1
PR00115	Lx	55	61060439.0	hap1
PR00115	Lx	56	61060439.0	hap1
PR00115	Lx	57	58379171.0	hap1
PR00115	Lx	58	58379171.0	hap1
PR00115	Lx	59	52734621.0	hap1
PR00115	Lx	60	51427964.0	hap1
PR00115	Lx	61	51427964.0	hap1
PR00115	Lx	62	46795541.0	hap1
PR00115	Lx	63	45584809.0	hap1
PR00115	Lx	64	45584809.0	hap1
PR00115	Lx	65	44423566.0	hap1
PR00115	Lx	66	43675329.0	hap1
PR00115	Lx	67	43675329.0	hap1
PR00115	Lx	68	41731322.0	hap1
PR00115	Lx	69	38319378.0	hap1
PR00115	Lx	70	37978814.0	hap1
PR00115	Lx	71	37536116.0	hap1
PR00115	Lx	72	36403571.0	hap1
PR00115	Lx	73	36403571.0	hap1
PR00115	Lx	74	35161355.0	hap1
PR00115	Lx	75	34783819.0	hap1
PR00115	Lx	76	33693536.0	hap1
PR00115	Lx	77	33326803.0	hap1
PR00115	Lx	78	32205671.0	hap1
PR00115	Lx	79	30597346.0	hap1
PR00115	Lx	80	29534958.0	hap1
PR00115	Lx	81	27714188.0	hap1
PR00115	Lx	82	26663122.0	hap1
PR00115	Lx	83	22869534.0	hap1
PR00115	Lx	84	21093974.0	hap1
PR00115	Lx	85	20213728.0	hap1
PR00115	Lx	86	16371980.0	hap1
PR00115	Lx	87	14497664.0	hap1
PR00115	Lx	88	13538112.0	hap1
PR00115	Lx	89	12287915.0	hap1
PR00115	Lx	90	10958913.0	hap1
PR00115	Lx	91	8819852.0	hap1
PR00115	Lx	92	8098645.0	hap1
PR00115	Lx	93	6676784.0	hap1
PR00115	Lx	94	4768692.0	hap1
PR00115	Lx	95	3420369.0	hap1
PR00115	Lx	96	2786702.0	hap1
PR00115	Lx	97	1691320.0	hap1
PR00115	Lx	98	734469.0	hap1
PR00115	Lx	99	72146.0	hap1
PR00115	Lx	100	11918.0	hap1
PR00115	NGx	1	231654292.0	hap1
PR00115	NGx	2	231654292.0	hap1
PR00115	NGx	3	231654292.0	hap1
PR00115	NGx	4	231654292.0	hap1
PR00115	NGx	5	231654292.0	hap1
PR00115	NGx	6	231654292.0	hap1
PR00115	NGx	7	231654292.0	hap1
PR00115	NGx	8	194895482.0	hap1
PR00115	NGx	9	194895482.0	hap1
PR00115	NGx	10	194895482.0	hap1
PR00115	NGx	11	194895482.0	hap1
PR00115	NGx	12	194895482.0	hap1
PR00115	NGx	13	194895482.0	hap1
PR00115	NGx	14	194895482.0	hap1
PR00115	NGx	15	148222837.0	hap1
PR00115	NGx	16	148222837.0	hap1
PR00115	NGx	17	148222837.0	hap1
PR00115	NGx	18	148222837.0	hap1
PR00115	NGx	19	148222837.0	hap1
PR00115	NGx	20	122415672.0	hap1
PR00115	NGx	21	122415672.0	hap1
PR00115	NGx	22	122415672.0	hap1
PR00115	NGx	23	122415672.0	hap1
PR00115	NGx	24	115210294.0	hap1
PR00115	NGx	25	115210294.0	hap1
PR00115	NGx	26	115210294.0	hap1
PR00115	NGx	27	111013271.0	hap1
PR00115	NGx	28	111013271.0	hap1
PR00115	NGx	29	111013271.0	hap1
PR00115	NGx	30	111013271.0	hap1
PR00115	NGx	31	107179960.0	hap1
PR00115	NGx	32	107179960.0	hap1
PR00115	NGx	33	107179960.0	hap1
PR00115	NGx	34	107179960.0	hap1
PR00115	NGx	35	97988603.0	hap1
PR00115	NGx	36	97988603.0	hap1
PR00115	NGx	37	97988603.0	hap1
PR00115	NGx	38	96105802.0	hap1
PR00115	NGx	39	96105802.0	hap1
PR00115	NGx	40	96105802.0	hap1
PR00115	NGx	41	93494657.0	hap1
PR00115	NGx	42	93494657.0	hap1
PR00115	NGx	43	93494657.0	hap1
PR00115	NGx	44	88690300.0	hap1
PR00115	NGx	45	88690300.0	hap1
PR00115	NGx	46	88690300.0	hap1
PR00115	NGx	47	76679189.0	hap1
PR00115	NGx	48	76679189.0	hap1
PR00115	NGx	49	76679189.0	hap1
PR00115	NGx	50	76162108.0	hap1
PR00115	NGx	51	76162108.0	hap1
PR00115	NGx	52	73474343.0	hap1
PR00115	NGx	53	73474343.0	hap1
PR00115	NGx	54	73474343.0	hap1
PR00115	NGx	55	72296337.0	hap1
PR00115	NGx	56	72296337.0	hap1
PR00115	NGx	57	61175766.0	hap1
PR00115	NGx	58	61175766.0	hap1
PR00115	NGx	59	61060439.0	hap1
PR00115	NGx	60	61060439.0	hap1
PR00115	NGx	61	58379171.0	hap1
PR00115	NGx	62	58379171.0	hap1
PR00115	NGx	63	52734621.0	hap1
PR00115	NGx	64	52734621.0	hap1
PR00115	NGx	65	51427964.0	hap1
PR00115	NGx	66	46795541.0	hap1
PR00115	NGx	67	46795541.0	hap1
PR00115	NGx	68	45584809.0	hap1
PR00115	NGx	69	44423566.0	hap1
PR00115	NGx	70	44423566.0	hap1
PR00115	NGx	71	43675329.0	hap1
PR00115	NGx	72	41731322.0	hap1
PR00115	NGx	73	41731322.0	hap1
PR00115	NGx	74	38319378.0	hap1
PR00115	NGx	75	37978814.0	hap1
PR00115	NGx	76	37536116.0	hap1
PR00115	NGx	77	37536116.0	hap1
PR00115	NGx	78	36403571.0	hap1
PR00115	NGx	79	35161355.0	hap1
PR00115	NGx	80	34783819.0	hap1
PR00115	NGx	81	33693536.0	hap1
PR00115	NGx	82	33326803.0	hap1
PR00115	NGx	83	32205671.0	hap1
PR00115	NGx	84	30597346.0	hap1
PR00115	NGx	85	29534958.0	hap1
PR00115	NGx	86	29128075.0	hap1
PR00115	NGx	87	27714188.0	hap1
PR00115	NGx	88	26663122.0	hap1
PR00115	NGx	89	22869534.0	hap1
PR00115	NGx	90	21093974.0	hap1
PR00115	NGx	91	20213728.0	hap1
PR00115	NGx	92	20202045.0	hap1
PR00115	NGx	93	15424169.0	hap1
PR00115	NGx	94	14489859.0	hap1
PR00115	NGx	95	13402634.0	hap1
PR00115	NGx	96	11336637.0	hap1
PR00115	NGx	97	9640302.0	hap1
PR00115	NGx	98	8810490.0	hap1
PR00115	NGx	99	7328903.0	hap1
PR00115	NGx	100	6489469.0	hap1
PR00115	LGx	1	1.0	hap1
PR00115	LGx	2	1.0	hap1
PR00115	LGx	3	1.0	hap1
PR00115	LGx	4	1.0	hap1
PR00115	LGx	5	1.0	hap1
PR00115	LGx	6	1.0	hap1
PR00115	LGx	7	1.0	hap1
PR00115	LGx	8	2.0	hap1
PR00115	LGx	9	2.0	hap1
PR00115	LGx	10	2.0	hap1
PR00115	LGx	11	2.0	hap1
PR00115	LGx	12	2.0	hap1
PR00115	LGx	13	2.0	hap1
PR00115	LGx	14	2.0	hap1
PR00115	LGx	15	3.0	hap1
PR00115	LGx	16	3.0	hap1
PR00115	LGx	17	3.0	hap1
PR00115	LGx	18	3.0	hap1
PR00115	LGx	19	3.0	hap1
PR00115	LGx	20	4.0	hap1
PR00115	LGx	21	4.0	hap1
PR00115	LGx	22	4.0	hap1
PR00115	LGx	23	4.0	hap1
PR00115	LGx	24	5.0	hap1
PR00115	LGx	25	5.0	hap1
PR00115	LGx	26	5.0	hap1
PR00115	LGx	27	6.0	hap1
PR00115	LGx	28	6.0	hap1
PR00115	LGx	29	6.0	hap1
PR00115	LGx	30	6.0	hap1
PR00115	LGx	31	7.0	hap1
PR00115	LGx	32	7.0	hap1
PR00115	LGx	33	7.0	hap1
PR00115	LGx	34	7.0	hap1
PR00115	LGx	35	8.0	hap1
PR00115	LGx	36	8.0	hap1
PR00115	LGx	37	8.0	hap1
PR00115	LGx	38	9.0	hap1
PR00115	LGx	39	9.0	hap1
PR00115	LGx	40	9.0	hap1
PR00115	LGx	41	10.0	hap1
PR00115	LGx	42	10.0	hap1
PR00115	LGx	43	10.0	hap1
PR00115	LGx	44	11.0	hap1
PR00115	LGx	45	11.0	hap1
PR00115	LGx	46	11.0	hap1
PR00115	LGx	47	12.0	hap1
PR00115	LGx	48	12.0	hap1
PR00115	LGx	49	12.0	hap1
PR00115	LGx	50	13.0	hap1
PR00115	LGx	51	13.0	hap1
PR00115	LGx	52	14.0	hap1
PR00115	LGx	53	14.0	hap1
PR00115	LGx	54	14.0	hap1
PR00115	LGx	55	15.0	hap1
PR00115	LGx	56	15.0	hap1
PR00115	LGx	57	16.0	hap1
PR00115	LGx	58	16.0	hap1
PR00115	LGx	59	17.0	hap1
PR00115	LGx	60	17.0	hap1
PR00115	LGx	61	18.0	hap1
PR00115	LGx	62	18.0	hap1
PR00115	LGx	63	19.0	hap1
PR00115	LGx	64	19.0	hap1
PR00115	LGx	65	20.0	hap1
PR00115	LGx	66	21.0	hap1
PR00115	LGx	67	21.0	hap1
PR00115	LGx	68	22.0	hap1
PR00115	LGx	69	23.0	hap1
PR00115	LGx	70	23.0	hap1
PR00115	LGx	71	24.0	hap1
PR00115	LGx	72	25.0	hap1
PR00115	LGx	73	25.0	hap1
PR00115	LGx	74	26.0	hap1
PR00115	LGx	75	27.0	hap1
PR00115	LGx	76	28.0	hap1
PR00115	LGx	77	28.0	hap1
PR00115	LGx	78	29.0	hap1
PR00115	LGx	79	30.0	hap1
PR00115	LGx	80	31.0	hap1
PR00115	LGx	81	32.0	hap1
PR00115	LGx	82	33.0	hap1
PR00115	LGx	83	34.0	hap1
PR00115	LGx	84	35.0	hap1
PR00115	LGx	85	36.0	hap1
PR00115	LGx	86	37.0	hap1
PR00115	LGx	87	38.0	hap1
PR00115	LGx	88	39.0	hap1
PR00115	LGx	89	40.0	hap1
PR00115	LGx	90	41.0	hap1
PR00115	LGx	91	43.0	hap1
PR00115	LGx	92	44.0	hap1
PR00115	LGx	93	46.0	hap1
PR00115	LGx	94	48.0	hap1
PR00115	LGx	95	50.0	hap1
PR00115	LGx	96	53.0	hap1
PR00115	LGx	97	56.0	hap1
PR00115	LGx	98	59.0	hap1
PR00115	LGx	99	63.0	hap1
PR00115	LGx	100	67.0	hap1
PR00115	auN	3198743746	488.79825	hap2
PR00115	auNG	3018593705	517.9698	hap2
PR00115	Nx	1	147759774.0	hap2
PR00115	Nx	2	147759774.0	hap2
PR00115	Nx	3	147759774.0	hap2
PR00115	Nx	4	147759774.0	hap2
PR00115	Nx	5	119087374.0	hap2
PR00115	Nx	6	119087374.0	hap2
PR00115	Nx	7	119087374.0	hap2
PR00115	Nx	8	119087374.0	hap2
PR00115	Nx	9	110078551.0	hap2
PR00115	Nx	10	110078551.0	hap2
PR00115	Nx	11	110078551.0	hap2
PR00115	Nx	12	105453158.0	hap2
PR00115	Nx	13	105453158.0	hap2
PR00115	Nx	14	105453158.0	hap2
PR00115	Nx	15	105453158.0	hap2
PR00115	Nx	16	90185797.0	hap2
PR00115	Nx	17	90185797.0	hap2
PR00115	Nx	18	90101773.0	hap2
PR00115	Nx	19	90101773.0	hap2
PR00115	Nx	20	90101773.0	hap2
PR00115	Nx	21	84225870.0	hap2
PR00115	Nx	22	84225870.0	hap2
PR00115	Nx	23	84225870.0	hap2
PR00115	Nx	24	80392645.0	hap2
PR00115	Nx	25	80392645.0	hap2
PR00115	Nx	26	76536248.0	hap2
PR00115	Nx	27	76536248.0	hap2
PR00115	Nx	28	76536248.0	hap2
PR00115	Nx	29	76156384.0	hap2
PR00115	Nx	30	76156384.0	hap2
PR00115	Nx	31	75638703.0	hap2
PR00115	Nx	32	75638703.0	hap2
PR00115	Nx	33	75638703.0	hap2
PR00115	Nx	34	68332961.0	hap2
PR00115	Nx	35	68332961.0	hap2
PR00115	Nx	36	63158478.0	hap2
PR00115	Nx	37	63158478.0	hap2
PR00115	Nx	38	62496819.0	hap2
PR00115	Nx	39	62496819.0	hap2
PR00115	Nx	40	61851921.0	hap2
PR00115	Nx	41	60708209.0	hap2
PR00115	Nx	42	60708209.0	hap2
PR00115	Nx	43	55940049.0	hap2
PR00115	Nx	44	55940049.0	hap2
PR00115	Nx	45	53507017.0	hap2
PR00115	Nx	46	53507017.0	hap2
PR00115	Nx	47	51931183.0	hap2
PR00115	Nx	48	48519627.0	hap2
PR00115	Nx	49	48519627.0	hap2
PR00115	Nx	50	46935093.0	hap2
PR00115	Nx	51	44599104.0	hap2
PR00115	Nx	52	44599104.0	hap2
PR00115	Nx	53	40362918.0	hap2
PR00115	Nx	54	38456707.0	hap2
PR00115	Nx	55	38073777.0	hap2
PR00115	Nx	56	32493757.0	hap2
PR00115	Nx	57	32481587.0	hap2
PR00115	Nx	58	32481587.0	hap2
PR00115	Nx	59	32093068.0	hap2
PR00115	Nx	60	29852899.0	hap2
PR00115	Nx	61	29206053.0	hap2
PR00115	Nx	62	28692603.0	hap2
PR00115	Nx	63	28517162.0	hap2
PR00115	Nx	64	28235063.0	hap2
PR00115	Nx	65	26379876.0	hap2
PR00115	Nx	66	25691047.0	hap2
PR00115	Nx	67	24483303.0	hap2
PR00115	Nx	68	22970687.0	hap2
PR00115	Nx	69	22269384.0	hap2
PR00115	Nx	70	21912768.0	hap2
PR00115	Nx	71	21838499.0	hap2
PR00115	Nx	72	21731890.0	hap2
PR00115	Nx	73	21608039.0	hap2
PR00115	Nx	74	20388947.0	hap2
PR00115	Nx	75	20213728.0	hap2
PR00115	Nx	76	19766673.0	hap2
PR00115	Nx	77	18753840.0	hap2
PR00115	Nx	78	17812374.0	hap2
PR00115	Nx	79	16762877.0	hap2
PR00115	Nx	80	15944169.0	hap2
PR00115	Nx	81	15672354.0	hap2
PR00115	Nx	82	14311952.0	hap2
PR00115	Nx	83	12695776.0	hap2
PR00115	Nx	84	12388232.0	hap2
PR00115	Nx	85	10707329.0	hap2
PR00115	Nx	86	9675361.0	hap2
PR00115	Nx	87	8893230.0	hap2
PR00115	Nx	88	7799672.0	hap2
PR00115	Nx	89	7337749.0	hap2
PR00115	Nx	90	6578105.0	hap2
PR00115	Nx	91	5829797.0	hap2
PR00115	Nx	92	4921232.0	hap2
PR00115	Nx	93	4226033.0	hap2
PR00115	Nx	94	3768995.0	hap2
PR00115	Nx	95	3338859.0	hap2
PR00115	Nx	96	2833996.0	hap2
PR00115	Nx	97	1593934.0	hap2
PR00115	Nx	98	853831.0	hap2
PR00115	Nx	99	182778.0	hap2
PR00115	Nx	100	14449.0	hap2
PR00115	Lx	1	147759774.0	hap2
PR00115	Lx	2	147759774.0	hap2
PR00115	Lx	3	147759774.0	hap2
PR00115	Lx	4	147759774.0	hap2
PR00115	Lx	5	119087374.0	hap2
PR00115	Lx	6	119087374.0	hap2
PR00115	Lx	7	119087374.0	hap2
PR00115	Lx	8	119087374.0	hap2
PR00115	Lx	9	110078551.0	hap2
PR00115	Lx	10	110078551.0	hap2
PR00115	Lx	11	110078551.0	hap2
PR00115	Lx	12	105453158.0	hap2
PR00115	Lx	13	105453158.0	hap2
PR00115	Lx	14	105453158.0	hap2
PR00115	Lx	15	105453158.0	hap2
PR00115	Lx	16	90185797.0	hap2
PR00115	Lx	17	90185797.0	hap2
PR00115	Lx	18	90101773.0	hap2
PR00115	Lx	19	90101773.0	hap2
PR00115	Lx	20	90101773.0	hap2
PR00115	Lx	21	84225870.0	hap2
PR00115	Lx	22	84225870.0	hap2
PR00115	Lx	23	84225870.0	hap2
PR00115	Lx	24	80392645.0	hap2
PR00115	Lx	25	80392645.0	hap2
PR00115	Lx	26	76536248.0	hap2
PR00115	Lx	27	76536248.0	hap2
PR00115	Lx	28	76536248.0	hap2
PR00115	Lx	29	76156384.0	hap2
PR00115	Lx	30	76156384.0	hap2
PR00115	Lx	31	75638703.0	hap2
PR00115	Lx	32	75638703.0	hap2
PR00115	Lx	33	75638703.0	hap2
PR00115	Lx	34	68332961.0	hap2
PR00115	Lx	35	68332961.0	hap2
PR00115	Lx	36	63158478.0	hap2
PR00115	Lx	37	63158478.0	hap2
PR00115	Lx	38	62496819.0	hap2
PR00115	Lx	39	62496819.0	hap2
PR00115	Lx	40	61851921.0	hap2
PR00115	Lx	41	60708209.0	hap2
PR00115	Lx	42	60708209.0	hap2
PR00115	Lx	43	55940049.0	hap2
PR00115	Lx	44	55940049.0	hap2
PR00115	Lx	45	53507017.0	hap2
PR00115	Lx	46	53507017.0	hap2
PR00115	Lx	47	51931183.0	hap2
PR00115	Lx	48	48519627.0	hap2
PR00115	Lx	49	48519627.0	hap2
PR00115	Lx	50	46935093.0	hap2
PR00115	Lx	51	44599104.0	hap2
PR00115	Lx	52	44599104.0	hap2
PR00115	Lx	53	40362918.0	hap2
PR00115	Lx	54	38456707.0	hap2
PR00115	Lx	55	38073777.0	hap2
PR00115	Lx	56	32493757.0	hap2
PR00115	Lx	57	32481587.0	hap2
PR00115	Lx	58	32481587.0	hap2
PR00115	Lx	59	32093068.0	hap2
PR00115	Lx	60	29852899.0	hap2
PR00115	Lx	61	29206053.0	hap2
PR00115	Lx	62	28692603.0	hap2
PR00115	Lx	63	28517162.0	hap2
PR00115	Lx	64	28235063.0	hap2
PR00115	Lx	65	26379876.0	hap2
PR00115	Lx	66	25691047.0	hap2
PR00115	Lx	67	24483303.0	hap2
PR00115	Lx	68	22970687.0	hap2
PR00115	Lx	69	22269384.0	hap2
PR00115	Lx	70	21912768.0	hap2
PR00115	Lx	71	21838499.0	hap2
PR00115	Lx	72	21731890.0	hap2
PR00115	Lx	73	21608039.0	hap2
PR00115	Lx	74	20388947.0	hap2
PR00115	Lx	75	20213728.0	hap2
PR00115	Lx	76	19766673.0	hap2
PR00115	Lx	77	18753840.0	hap2
PR00115	Lx	78	17812374.0	hap2
PR00115	Lx	79	16762877.0	hap2
PR00115	Lx	80	15944169.0	hap2
PR00115	Lx	81	15672354.0	hap2
PR00115	Lx	82	14311952.0	hap2
PR00115	Lx	83	12695776.0	hap2
PR00115	Lx	84	12388232.0	hap2
PR00115	Lx	85	10707329.0	hap2
PR00115	Lx	86	9675361.0	hap2
PR00115	Lx	87	8893230.0	hap2
PR00115	Lx	88	7799672.0	hap2
PR00115	Lx	89	7337749.0	hap2
PR00115	Lx	90	6578105.0	hap2
PR00115	Lx	91	5829797.0	hap2
PR00115	Lx	92	4921232.0	hap2
PR00115	Lx	93	4226033.0	hap2
PR00115	Lx	94	3768995.0	hap2
PR00115	Lx	95	3338859.0	hap2
PR00115	Lx	96	2833996.0	hap2
PR00115	Lx	97	1593934.0	hap2
PR00115	Lx	98	853831.0	hap2
PR00115	Lx	99	182778.0	hap2
PR00115	Lx	100	14449.0	hap2
PR00115	NGx	1	147759774.0	hap2
PR00115	NGx	2	147759774.0	hap2
PR00115	NGx	3	147759774.0	hap2
PR00115	NGx	4	147759774.0	hap2
PR00115	NGx	5	119087374.0	hap2
PR00115	NGx	6	119087374.0	hap2
PR00115	NGx	7	119087374.0	hap2
PR00115	NGx	8	119087374.0	hap2
PR00115	NGx	9	110078551.0	hap2
PR00115	NGx	10	110078551.0	hap2
PR00115	NGx	11	110078551.0	hap2
PR00115	NGx	12	110078551.0	hap2
PR00115	NGx	13	105453158.0	hap2
PR00115	NGx	14	105453158.0	hap2
PR00115	NGx	15	105453158.0	hap2
PR00115	NGx	16	90185797.0	hap2
PR00115	NGx	17	90185797.0	hap2
PR00115	NGx	18	90185797.0	hap2
PR00115	NGx	19	90101773.0	hap2
PR00115	NGx	20	90101773.0	hap2
PR00115	NGx	21	90101773.0	hap2
PR00115	NGx	22	84225870.0	hap2
PR00115	NGx	23	84225870.0	hap2
PR00115	NGx	24	84225870.0	hap2
PR00115	NGx	25	80392645.0	hap2
PR00115	NGx	26	80392645.0	hap2
PR00115	NGx	27	80392645.0	hap2
PR00115	NGx	28	76536248.0	hap2
PR00115	NGx	29	76536248.0	hap2
PR00115	NGx	30	76156384.0	hap2
PR00115	NGx	31	76156384.0	hap2
PR00115	NGx	32	76156384.0	hap2
PR00115	NGx	33	75638703.0	hap2
PR00115	NGx	34	75638703.0	hap2
PR00115	NGx	35	68332961.0	hap2
PR00115	NGx	36	68332961.0	hap2
PR00115	NGx	37	68332961.0	hap2
PR00115	NGx	38	63158478.0	hap2
PR00115	NGx	39	63158478.0	hap2
PR00115	NGx	40	62496819.0	hap2
PR00115	NGx	41	62496819.0	hap2
PR00115	NGx	42	61851921.0	hap2
PR00115	NGx	43	61851921.0	hap2
PR00115	NGx	44	60708209.0	hap2
PR00115	NGx	45	60708209.0	hap2
PR00115	NGx	46	55940049.0	hap2
PR00115	NGx	47	55940049.0	hap2
PR00115	NGx	48	53507017.0	hap2
PR00115	NGx	49	53507017.0	hap2
PR00115	NGx	50	51931183.0	hap2
PR00115	NGx	51	48519627.0	hap2
PR00115	NGx	52	48519627.0	hap2
PR00115	NGx	53	46935093.0	hap2
PR00115	NGx	54	44599104.0	hap2
PR00115	NGx	55	44599104.0	hap2
PR00115	NGx	56	40362918.0	hap2
PR00115	NGx	57	38456707.0	hap2
PR00115	NGx	58	38456707.0	hap2
PR00115	NGx	59	38073777.0	hap2
PR00115	NGx	60	32493757.0	hap2
PR00115	NGx	61	32481587.0	hap2
PR00115	NGx	62	32093068.0	hap2
PR00115	NGx	63	30149892.0	hap2
PR00115	NGx	64	29852899.0	hap2
PR00115	NGx	65	29206053.0	hap2
PR00115	NGx	66	28692603.0	hap2
PR00115	NGx	67	28517162.0	hap2
PR00115	NGx	68	28235063.0	hap2
PR00115	NGx	69	26379876.0	hap2
PR00115	NGx	70	25691047.0	hap2
PR00115	NGx	71	24483303.0	hap2
PR00115	NGx	72	22970687.0	hap2
PR00115	NGx	73	22269384.0	hap2
PR00115	NGx	74	21912768.0	hap2
PR00115	NGx	75	21838499.0	hap2
PR00115	NGx	76	21812681.0	hap2
PR00115	NGx	77	21608039.0	hap2
PR00115	NGx	78	20407251.0	hap2
PR00115	NGx	79	20213728.0	hap2
PR00115	NGx	80	19847324.0	hap2
PR00115	NGx	81	19049971.0	hap2
PR00115	NGx	82	18753840.0	hap2
PR00115	NGx	83	17264837.0	hap2
PR00115	NGx	84	16169860.0	hap2
PR00115	NGx	85	15799494.0	hap2
PR00115	NGx	86	15147884.0	hap2
PR00115	NGx	87	14039885.0	hap2
PR00115	NGx	88	12695776.0	hap2
PR00115	NGx	89	12388232.0	hap2
PR00115	NGx	90	10707329.0	hap2
PR00115	NGx	91	9675361.0	hap2
PR00115	NGx	92	9307865.0	hap2
PR00115	NGx	93	8023759.0	hap2
PR00115	NGx	94	7417404.0	hap2
PR00115	NGx	95	6625048.0	hap2
PR00115	NGx	96	6283768.0	hap2
PR00115	NGx	97	4999100.0	hap2
PR00115	NGx	98	4516374.0	hap2
PR00115	NGx	99	4161520.0	hap2
PR00115	NGx	100	3729841.0	hap2
PR00115	LGx	1	1.0	hap2
PR00115	LGx	2	1.0	hap2
PR00115	LGx	3	1.0	hap2
PR00115	LGx	4	1.0	hap2
PR00115	LGx	5	2.0	hap2
PR00115	LGx	6	2.0	hap2
PR00115	LGx	7	2.0	hap2
PR00115	LGx	8	2.0	hap2
PR00115	LGx	9	3.0	hap2
PR00115	LGx	10	3.0	hap2
PR00115	LGx	11	3.0	hap2
PR00115	LGx	12	3.0	hap2
PR00115	LGx	13	4.0	hap2
PR00115	LGx	14	4.0	hap2
PR00115	LGx	15	4.0	hap2
PR00115	LGx	16	5.0	hap2
PR00115	LGx	17	5.0	hap2
PR00115	LGx	18	5.0	hap2
PR00115	LGx	19	6.0	hap2
PR00115	LGx	20	6.0	hap2
PR00115	LGx	21	6.0	hap2
PR00115	LGx	22	7.0	hap2
PR00115	LGx	23	7.0	hap2
PR00115	LGx	24	7.0	hap2
PR00115	LGx	25	8.0	hap2
PR00115	LGx	26	8.0	hap2
PR00115	LGx	27	8.0	hap2
PR00115	LGx	28	9.0	hap2
PR00115	LGx	29	9.0	hap2
PR00115	LGx	30	10.0	hap2
PR00115	LGx	31	10.0	hap2
PR00115	LGx	32	10.0	hap2
PR00115	LGx	33	11.0	hap2
PR00115	LGx	34	11.0	hap2
PR00115	LGx	35	12.0	hap2
PR00115	LGx	36	12.0	hap2
PR00115	LGx	37	12.0	hap2
PR00115	LGx	38	13.0	hap2
PR00115	LGx	39	13.0	hap2
PR00115	LGx	40	14.0	hap2
PR00115	LGx	41	14.0	hap2
PR00115	LGx	42	15.0	hap2
PR00115	LGx	43	15.0	hap2
PR00115	LGx	44	16.0	hap2
PR00115	LGx	45	16.0	hap2
PR00115	LGx	46	17.0	hap2
PR00115	LGx	47	17.0	hap2
PR00115	LGx	48	18.0	hap2
PR00115	LGx	49	18.0	hap2
PR00115	LGx	50	19.0	hap2
PR00115	LGx	51	20.0	hap2
PR00115	LGx	52	20.0	hap2
PR00115	LGx	53	21.0	hap2
PR00115	LGx	54	22.0	hap2
PR00115	LGx	55	22.0	hap2
PR00115	LGx	56	23.0	hap2
PR00115	LGx	57	24.0	hap2
PR00115	LGx	58	24.0	hap2
PR00115	LGx	59	25.0	hap2
PR00115	LGx	60	26.0	hap2
PR00115	LGx	61	27.0	hap2
PR00115	LGx	62	28.0	hap2
PR00115	LGx	63	29.0	hap2
PR00115	LGx	64	30.0	hap2
PR00115	LGx	65	31.0	hap2
PR00115	LGx	66	32.0	hap2
PR00115	LGx	67	33.0	hap2
PR00115	LGx	68	34.0	hap2
PR00115	LGx	69	35.0	hap2
PR00115	LGx	70	36.0	hap2
PR00115	LGx	71	38.0	hap2
PR00115	LGx	72	39.0	hap2
PR00115	LGx	73	40.0	hap2
PR00115	LGx	74	42.0	hap2
PR00115	LGx	75	43.0	hap2
PR00115	LGx	76	44.0	hap2
PR00115	LGx	77	46.0	hap2
PR00115	LGx	78	47.0	hap2
PR00115	LGx	79	49.0	hap2
PR00115	LGx	80	50.0	hap2
PR00115	LGx	81	52.0	hap2
PR00115	LGx	82	53.0	hap2
PR00115	LGx	83	55.0	hap2
PR00115	LGx	84	57.0	hap2
PR00115	LGx	85	59.0	hap2
PR00115	LGx	86	61.0	hap2
PR00115	LGx	87	63.0	hap2
PR00115	LGx	88	65.0	hap2
PR00115	LGx	89	67.0	hap2
PR00115	LGx	90	70.0	hap2
PR00115	LGx	91	73.0	hap2
PR00115	LGx	92	76.0	hap2
PR00115	LGx	93	80.0	hap2
PR00115	LGx	94	84.0	hap2
PR00115	LGx	95	88.0	hap2
PR00115	LGx	96	92.0	hap2
PR00115	LGx	97	98.0	hap2
PR00115	LGx	98	104.0	hap2
PR00115	LGx	99	111.0	hap2
PR00115	LGx	100	119.0	hap2
PR00115	auN	3380926467	145.44107	primary
PR00115	auNG	3018593705	162.89888	primary
PR00115	Nx	1	231662823.0	primary
PR00115	Nx	2	231662823.0	primary
PR00115	Nx	3	231662823.0	primary
PR00115	Nx	4	231662823.0	primary
PR00115	Nx	5	231662823.0	primary
PR00115	Nx	6	231662823.0	primary
PR00115	Nx	7	201681002.0	primary
PR00115	Nx	8	201681002.0	primary
PR00115	Nx	9	201681002.0	primary
PR00115	Nx	10	201681002.0	primary
PR00115	Nx	11	201681002.0	primary
PR00115	Nx	12	201681002.0	primary
PR00115	Nx	13	194895482.0	primary
PR00115	Nx	14	194895482.0	primary
PR00115	Nx	15	194895482.0	primary
PR00115	Nx	16	194895482.0	primary
PR00115	Nx	17	194895482.0	primary
PR00115	Nx	18	194895482.0	primary
PR00115	Nx	19	171475401.0	primary
PR00115	Nx	20	171475401.0	primary
PR00115	Nx	21	171475401.0	primary
PR00115	Nx	22	171475401.0	primary
PR00115	Nx	23	171475401.0	primary
PR00115	Nx	24	148222837.0	primary
PR00115	Nx	25	148222837.0	primary
PR00115	Nx	26	148222837.0	primary
PR00115	Nx	27	148222837.0	primary
PR00115	Nx	28	148222837.0	primary
PR00115	Nx	29	147759774.0	primary
PR00115	Nx	30	147759774.0	primary
PR00115	Nx	31	147759774.0	primary
PR00115	Nx	32	147759774.0	primary
PR00115	Nx	33	136220587.0	primary
PR00115	Nx	34	136220587.0	primary
PR00115	Nx	35	136220587.0	primary
PR00115	Nx	36	136220587.0	primary
PR00115	Nx	37	128642137.0	primary
PR00115	Nx	38	128642137.0	primary
PR00115	Nx	39	128642137.0	primary
PR00115	Nx	40	128642137.0	primary
PR00115	Nx	41	121395008.0	primary
PR00115	Nx	42	121395008.0	primary
PR00115	Nx	43	121395008.0	primary
PR00115	Nx	44	115210294.0	primary
PR00115	Nx	45	115210294.0	primary
PR00115	Nx	46	115210294.0	primary
PR00115	Nx	47	115210294.0	primary
PR00115	Nx	48	107180012.0	primary
PR00115	Nx	49	107180012.0	primary
PR00115	Nx	50	107180012.0	primary
PR00115	Nx	51	98628279.0	primary
PR00115	Nx	52	98628279.0	primary
PR00115	Nx	53	98628279.0	primary
PR00115	Nx	54	97988603.0	primary
PR00115	Nx	55	97988603.0	primary
PR00115	Nx	56	97988603.0	primary
PR00115	Nx	57	91200756.0	primary
PR00115	Nx	58	91200756.0	primary
PR00115	Nx	59	85532538.0	primary
PR00115	Nx	60	85532538.0	primary
PR00115	Nx	61	85532538.0	primary
PR00115	Nx	62	78559561.0	primary
PR00115	Nx	63	78559561.0	primary
PR00115	Nx	64	77127796.0	primary
PR00115	Nx	65	77127796.0	primary
PR00115	Nx	66	77127796.0	primary
PR00115	Nx	67	76509402.0	primary
PR00115	Nx	68	76509402.0	primary
PR00115	Nx	69	76456292.0	primary
PR00115	Nx	70	76456292.0	primary
PR00115	Nx	71	75655502.0	primary
PR00115	Nx	72	75655502.0	primary
PR00115	Nx	73	73463946.0	primary
PR00115	Nx	74	73463946.0	primary
PR00115	Nx	75	61175766.0	primary
PR00115	Nx	76	61175766.0	primary
PR00115	Nx	77	50628168.0	primary
PR00115	Nx	78	50628168.0	primary
PR00115	Nx	79	47544041.0	primary
PR00115	Nx	80	47291708.0	primary
PR00115	Nx	81	47291708.0	primary
PR00115	Nx	82	44680987.0	primary
PR00115	Nx	83	40356777.0	primary
PR00115	Nx	84	38456707.0	primary
PR00115	Nx	85	37978814.0	primary
PR00115	Nx	86	36535215.0	primary
PR00115	Nx	87	34783819.0	primary
PR00115	Nx	88	29128075.0	primary
PR00115	Nx	89	26286259.0	primary
PR00115	Nx	90	20213728.0	primary
PR00115	Nx	91	17812374.0	primary
PR00115	Nx	92	16116975.0	primary
PR00115	Nx	93	11262056.0	primary
PR00115	Nx	94	9811151.0	primary
PR00115	Nx	95	8886892.0	primary
PR00115	Nx	96	5952035.0	primary
PR00115	Nx	97	4451092.0	primary
PR00115	Nx	98	3110767.0	primary
PR00115	Nx	99	1743218.0	primary
PR00115	Nx	100	11918.0	primary
PR00115	Lx	1	231662823.0	primary
PR00115	Lx	2	231662823.0	primary
PR00115	Lx	3	231662823.0	primary
PR00115	Lx	4	231662823.0	primary
PR00115	Lx	5	231662823.0	primary
PR00115	Lx	6	231662823.0	primary
PR00115	Lx	7	201681002.0	primary
PR00115	Lx	8	201681002.0	primary
PR00115	Lx	9	201681002.0	primary
PR00115	Lx	10	201681002.0	primary
PR00115	Lx	11	201681002.0	primary
PR00115	Lx	12	201681002.0	primary
PR00115	Lx	13	194895482.0	primary
PR00115	Lx	14	194895482.0	primary
PR00115	Lx	15	194895482.0	primary
PR00115	Lx	16	194895482.0	primary
PR00115	Lx	17	194895482.0	primary
PR00115	Lx	18	194895482.0	primary
PR00115	Lx	19	171475401.0	primary
PR00115	Lx	20	171475401.0	primary
PR00115	Lx	21	171475401.0	primary
PR00115	Lx	22	171475401.0	primary
PR00115	Lx	23	171475401.0	primary
PR00115	Lx	24	148222837.0	primary
PR00115	Lx	25	148222837.0	primary
PR00115	Lx	26	148222837.0	primary
PR00115	Lx	27	148222837.0	primary
PR00115	Lx	28	148222837.0	primary
PR00115	Lx	29	147759774.0	primary
PR00115	Lx	30	147759774.0	primary
PR00115	Lx	31	147759774.0	primary
PR00115	Lx	32	147759774.0	primary
PR00115	Lx	33	136220587.0	primary
PR00115	Lx	34	136220587.0	primary
PR00115	Lx	35	136220587.0	primary
PR00115	Lx	36	136220587.0	primary
PR00115	Lx	37	128642137.0	primary
PR00115	Lx	38	128642137.0	primary
PR00115	Lx	39	128642137.0	primary
PR00115	Lx	40	128642137.0	primary
PR00115	Lx	41	121395008.0	primary
PR00115	Lx	42	121395008.0	primary
PR00115	Lx	43	121395008.0	primary
PR00115	Lx	44	115210294.0	primary
PR00115	Lx	45	115210294.0	primary
PR00115	Lx	46	115210294.0	primary
PR00115	Lx	47	115210294.0	primary
PR00115	Lx	48	107180012.0	primary
PR00115	Lx	49	107180012.0	primary
PR00115	Lx	50	107180012.0	primary
PR00115	Lx	51	98628279.0	primary
PR00115	Lx	52	98628279.0	primary
PR00115	Lx	53	98628279.0	primary
PR00115	Lx	54	97988603.0	primary
PR00115	Lx	55	97988603.0	primary
PR00115	Lx	56	97988603.0	primary
PR00115	Lx	57	91200756.0	primary
PR00115	Lx	58	91200756.0	primary
PR00115	Lx	59	85532538.0	primary
PR00115	Lx	60	85532538.0	primary
PR00115	Lx	61	85532538.0	primary
PR00115	Lx	62	78559561.0	primary
PR00115	Lx	63	78559561.0	primary
PR00115	Lx	64	77127796.0	primary
PR00115	Lx	65	77127796.0	primary
PR00115	Lx	66	77127796.0	primary
PR00115	Lx	67	76509402.0	primary
PR00115	Lx	68	76509402.0	primary
PR00115	Lx	69	76456292.0	primary
PR00115	Lx	70	76456292.0	primary
PR00115	Lx	71	75655502.0	primary
PR00115	Lx	72	75655502.0	primary
PR00115	Lx	73	73463946.0	primary
PR00115	Lx	74	73463946.0	primary
PR00115	Lx	75	61175766.0	primary
PR00115	Lx	76	61175766.0	primary
PR00115	Lx	77	50628168.0	primary
PR00115	Lx	78	50628168.0	primary
PR00115	Lx	79	47544041.0	primary
PR00115	Lx	80	47291708.0	primary
PR00115	Lx	81	47291708.0	primary
PR00115	Lx	82	44680987.0	primary
PR00115	Lx	83	40356777.0	primary
PR00115	Lx	84	38456707.0	primary
PR00115	Lx	85	37978814.0	primary
PR00115	Lx	86	36535215.0	primary
PR00115	Lx	87	34783819.0	primary
PR00115	Lx	88	29128075.0	primary
PR00115	Lx	89	26286259.0	primary
PR00115	Lx	90	20213728.0	primary
PR00115	Lx	91	17812374.0	primary
PR00115	Lx	92	16116975.0	primary
PR00115	Lx	93	11262056.0	primary
PR00115	Lx	94	9811151.0	primary
PR00115	Lx	95	8886892.0	primary
PR00115	Lx	96	5952035.0	primary
PR00115	Lx	97	4451092.0	primary
PR00115	Lx	98	3110767.0	primary
PR00115	Lx	99	1743218.0	primary
PR00115	Lx	100	11918.0	primary
PR00115	NGx	1	231662823.0	primary
PR00115	NGx	2	231662823.0	primary
PR00115	NGx	3	231662823.0	primary
PR00115	NGx	4	231662823.0	primary
PR00115	NGx	5	231662823.0	primary
PR00115	NGx	6	231662823.0	primary
PR00115	NGx	7	231662823.0	primary
PR00115	NGx	8	201681002.0	primary
PR00115	NGx	9	201681002.0	primary
PR00115	NGx	10	201681002.0	primary
PR00115	NGx	11	201681002.0	primary
PR00115	NGx	12	201681002.0	primary
PR00115	NGx	13	201681002.0	primary
PR00115	NGx	14	201681002.0	primary
PR00115	NGx	15	194895482.0	primary
PR00115	NGx	16	194895482.0	primary
PR00115	NGx	17	194895482.0	primary
PR00115	NGx	18	194895482.0	primary
PR00115	NGx	19	194895482.0	primary
PR00115	NGx	20	194895482.0	primary
PR00115	NGx	21	171475401.0	primary
PR00115	NGx	22	171475401.0	primary
PR00115	NGx	23	171475401.0	primary
PR00115	NGx	24	171475401.0	primary
PR00115	NGx	25	171475401.0	primary
PR00115	NGx	26	171475401.0	primary
PR00115	NGx	27	148222837.0	primary
PR00115	NGx	28	148222837.0	primary
PR00115	NGx	29	148222837.0	primary
PR00115	NGx	30	148222837.0	primary
PR00115	NGx	31	148222837.0	primary
PR00115	NGx	32	147759774.0	primary
PR00115	NGx	33	147759774.0	primary
PR00115	NGx	34	147759774.0	primary
PR00115	NGx	35	147759774.0	primary
PR00115	NGx	36	147759774.0	primary
PR00115	NGx	37	136220587.0	primary
PR00115	NGx	38	136220587.0	primary
PR00115	NGx	39	136220587.0	primary
PR00115	NGx	40	136220587.0	primary
PR00115	NGx	41	128642137.0	primary
PR00115	NGx	42	128642137.0	primary
PR00115	NGx	43	128642137.0	primary
PR00115	NGx	44	128642137.0	primary
PR00115	NGx	45	128642137.0	primary
PR00115	NGx	46	121395008.0	primary
PR00115	NGx	47	121395008.0	primary
PR00115	NGx	48	121395008.0	primary
PR00115	NGx	49	121395008.0	primary
PR00115	NGx	50	115210294.0	primary
PR00115	NGx	51	115210294.0	primary
PR00115	NGx	52	115210294.0	primary
PR00115	NGx	53	107180012.0	primary
PR00115	NGx	54	107180012.0	primary
PR00115	NGx	55	107180012.0	primary
PR00115	NGx	56	107180012.0	primary
PR00115	NGx	57	98628279.0	primary
PR00115	NGx	58	98628279.0	primary
PR00115	NGx	59	98628279.0	primary
PR00115	NGx	60	97988603.0	primary
PR00115	NGx	61	97988603.0	primary
PR00115	NGx	62	97988603.0	primary
PR00115	NGx	63	91200756.0	primary
PR00115	NGx	64	91200756.0	primary
PR00115	NGx	65	91200756.0	primary
PR00115	NGx	66	85532538.0	primary
PR00115	NGx	67	85532538.0	primary
PR00115	NGx	68	85532538.0	primary
PR00115	NGx	69	78559561.0	primary
PR00115	NGx	70	78559561.0	primary
PR00115	NGx	71	78559561.0	primary
PR00115	NGx	72	77127796.0	primary
PR00115	NGx	73	77127796.0	primary
PR00115	NGx	74	76509402.0	primary
PR00115	NGx	75	76509402.0	primary
PR00115	NGx	76	76509402.0	primary
PR00115	NGx	77	76456292.0	primary
PR00115	NGx	78	76456292.0	primary
PR00115	NGx	79	76456292.0	primary
PR00115	NGx	80	75655502.0	primary
PR00115	NGx	81	75655502.0	primary
PR00115	NGx	82	73463946.0	primary
PR00115	NGx	83	73463946.0	primary
PR00115	NGx	84	61175766.0	primary
PR00115	NGx	85	61175766.0	primary
PR00115	NGx	86	61175766.0	primary
PR00115	NGx	87	50628168.0	primary
PR00115	NGx	88	47544041.0	primary
PR00115	NGx	89	47544041.0	primary
PR00115	NGx	90	47291708.0	primary
PR00115	NGx	91	44680987.0	primary
PR00115	NGx	92	44680987.0	primary
PR00115	NGx	93	40356777.0	primary
PR00115	NGx	94	38456707.0	primary
PR00115	NGx	95	37978814.0	primary
PR00115	NGx	96	37978814.0	primary
PR00115	NGx	97	36535215.0	primary
PR00115	NGx	98	34783819.0	primary
PR00115	NGx	99	29128075.0	primary
PR00115	NGx	100	26286259.0	primary
PR00115	LGx	1	1.0	primary
PR00115	LGx	2	1.0	primary
PR00115	LGx	3	1.0	primary
PR00115	LGx	4	1.0	primary
PR00115	LGx	5	1.0	primary
PR00115	LGx	6	1.0	primary
PR00115	LGx	7	1.0	primary
PR00115	LGx	8	2.0	primary
PR00115	LGx	9	2.0	primary
PR00115	LGx	10	2.0	primary
PR00115	LGx	11	2.0	primary
PR00115	LGx	12	2.0	primary
PR00115	LGx	13	2.0	primary
PR00115	LGx	14	2.0	primary
PR00115	LGx	15	3.0	primary
PR00115	LGx	16	3.0	primary
PR00115	LGx	17	3.0	primary
PR00115	LGx	18	3.0	primary
PR00115	LGx	19	3.0	primary
PR00115	LGx	20	3.0	primary
PR00115	LGx	21	4.0	primary
PR00115	LGx	22	4.0	primary
PR00115	LGx	23	4.0	primary
PR00115	LGx	24	4.0	primary
PR00115	LGx	25	4.0	primary
PR00115	LGx	26	4.0	primary
PR00115	LGx	27	5.0	primary
PR00115	LGx	28	5.0	primary
PR00115	LGx	29	5.0	primary
PR00115	LGx	30	5.0	primary
PR00115	LGx	31	5.0	primary
PR00115	LGx	32	6.0	primary
PR00115	LGx	33	6.0	primary
PR00115	LGx	34	6.0	primary
PR00115	LGx	35	6.0	primary
PR00115	LGx	36	6.0	primary
PR00115	LGx	37	7.0	primary
PR00115	LGx	38	7.0	primary
PR00115	LGx	39	7.0	primary
PR00115	LGx	40	7.0	primary
PR00115	LGx	41	8.0	primary
PR00115	LGx	42	8.0	primary
PR00115	LGx	43	8.0	primary
PR00115	LGx	44	8.0	primary
PR00115	LGx	45	8.0	primary
PR00115	LGx	46	9.0	primary
PR00115	LGx	47	9.0	primary
PR00115	LGx	48	9.0	primary
PR00115	LGx	49	9.0	primary
PR00115	LGx	50	10.0	primary
PR00115	LGx	51	10.0	primary
PR00115	LGx	52	10.0	primary
PR00115	LGx	53	11.0	primary
PR00115	LGx	54	11.0	primary
PR00115	LGx	55	11.0	primary
PR00115	LGx	56	11.0	primary
PR00115	LGx	57	12.0	primary
PR00115	LGx	58	12.0	primary
PR00115	LGx	59	12.0	primary
PR00115	LGx	60	13.0	primary
PR00115	LGx	61	13.0	primary
PR00115	LGx	62	13.0	primary
PR00115	LGx	63	14.0	primary
PR00115	LGx	64	14.0	primary
PR00115	LGx	65	14.0	primary
PR00115	LGx	66	15.0	primary
PR00115	LGx	67	15.0	primary
PR00115	LGx	68	15.0	primary
PR00115	LGx	69	16.0	primary
PR00115	LGx	70	16.0	primary
PR00115	LGx	71	16.0	primary
PR00115	LGx	72	17.0	primary
PR00115	LGx	73	17.0	primary
PR00115	LGx	74	18.0	primary
PR00115	LGx	75	18.0	primary
PR00115	LGx	76	18.0	primary
PR00115	LGx	77	19.0	primary
PR00115	LGx	78	19.0	primary
PR00115	LGx	79	19.0	primary
PR00115	LGx	80	20.0	primary
PR00115	LGx	81	20.0	primary
PR00115	LGx	82	21.0	primary
PR00115	LGx	83	21.0	primary
PR00115	LGx	84	22.0	primary
PR00115	LGx	85	22.0	primary
PR00115	LGx	86	22.0	primary
PR00115	LGx	87	23.0	primary
PR00115	LGx	88	24.0	primary
PR00115	LGx	89	24.0	primary
PR00115	LGx	90	25.0	primary
PR00115	LGx	91	26.0	primary
PR00115	LGx	92	26.0	primary
PR00115	LGx	93	27.0	primary
PR00115	LGx	94	28.0	primary
PR00115	LGx	95	29.0	primary
PR00115	LGx	96	29.0	primary
PR00115	LGx	97	30.0	primary
PR00115	LGx	98	31.0	primary
PR00115	LGx	99	32.0	primary
PR00115	LGx	100	33.0	primary
PR00834	auN	3171274149	451.0258	hap1
PR00834	auNG	3018593705	473.83868	hap1
PR00834	Nx	1	106883013.0	hap1
PR00834	Nx	2	106883013.0	hap1
PR00834	Nx	3	106883013.0	hap1
PR00834	Nx	4	86528034.0	hap1
PR00834	Nx	5	86528034.0	hap1
PR00834	Nx	6	86528034.0	hap1
PR00834	Nx	7	80758935.0	hap1
PR00834	Nx	8	80758935.0	hap1
PR00834	Nx	9	71926973.0	hap1
PR00834	Nx	10	71926973.0	hap1
PR00834	Nx	11	58195505.0	hap1
PR00834	Nx	12	58195505.0	hap1
PR00834	Nx	13	54803141.0	hap1
PR00834	Nx	14	54803141.0	hap1
PR00834	Nx	15	53013930.0	hap1
PR00834	Nx	16	53013930.0	hap1
PR00834	Nx	17	46876731.0	hap1
PR00834	Nx	18	46373586.0	hap1
PR00834	Nx	19	46373586.0	hap1
PR00834	Nx	20	44564991.0	hap1
PR00834	Nx	21	41549937.0	hap1
PR00834	Nx	22	41284579.0	hap1
PR00834	Nx	23	41284579.0	hap1
PR00834	Nx	24	41106718.0	hap1
PR00834	Nx	25	40621627.0	hap1
PR00834	Nx	26	39478228.0	hap1
PR00834	Nx	27	37156139.0	hap1
PR00834	Nx	28	37156139.0	hap1
PR00834	Nx	29	36890399.0	hap1
PR00834	Nx	30	35894626.0	hap1
PR00834	Nx	31	35517249.0	hap1
PR00834	Nx	32	33882298.0	hap1
PR00834	Nx	33	33626063.0	hap1
PR00834	Nx	34	33527980.0	hap1
PR00834	Nx	35	33291265.0	hap1
PR00834	Nx	36	32617466.0	hap1
PR00834	Nx	37	31576096.0	hap1
PR00834	Nx	38	31051606.0	hap1
PR00834	Nx	39	30873865.0	hap1
PR00834	Nx	40	30694812.0	hap1
PR00834	Nx	41	29161004.0	hap1
PR00834	Nx	42	28960520.0	hap1
PR00834	Nx	43	28575384.0	hap1
PR00834	Nx	44	28247091.0	hap1
PR00834	Nx	45	27395627.0	hap1
PR00834	Nx	46	26991356.0	hap1
PR00834	Nx	47	25383330.0	hap1
PR00834	Nx	48	24561963.0	hap1
PR00834	Nx	49	24073285.0	hap1
PR00834	Nx	50	23374190.0	hap1
PR00834	Nx	51	23241862.0	hap1
PR00834	Nx	52	23167376.0	hap1
PR00834	Nx	53	22985962.0	hap1
PR00834	Nx	54	22197709.0	hap1
PR00834	Nx	55	21608875.0	hap1
PR00834	Nx	56	21092466.0	hap1
PR00834	Nx	57	20317895.0	hap1
PR00834	Nx	58	20008237.0	hap1
PR00834	Nx	59	19937754.0	hap1
PR00834	Nx	60	19848983.0	hap1
PR00834	Nx	61	19723877.0	hap1
PR00834	Nx	62	18863360.0	hap1
PR00834	Nx	63	18581029.0	hap1
PR00834	Nx	64	18490748.0	hap1
PR00834	Nx	65	17672911.0	hap1
PR00834	Nx	66	17668826.0	hap1
PR00834	Nx	67	17381744.0	hap1
PR00834	Nx	68	16362161.0	hap1
PR00834	Nx	69	16044692.0	hap1
PR00834	Nx	70	15521120.0	hap1
PR00834	Nx	71	15046438.0	hap1
PR00834	Nx	72	13915249.0	hap1
PR00834	Nx	73	13349472.0	hap1
PR00834	Nx	74	13149757.0	hap1
PR00834	Nx	75	12578360.0	hap1
PR00834	Nx	76	12465078.0	hap1
PR00834	Nx	77	12015619.0	hap1
PR00834	Nx	78	11282581.0	hap1
PR00834	Nx	79	10812209.0	hap1
PR00834	Nx	80	10354103.0	hap1
PR00834	Nx	81	9828016.0	hap1
PR00834	Nx	82	8928951.0	hap1
PR00834	Nx	83	8811729.0	hap1
PR00834	Nx	84	8072265.0	hap1
PR00834	Nx	85	7618713.0	hap1
PR00834	Nx	86	6536219.0	hap1
PR00834	Nx	87	6368314.0	hap1
PR00834	Nx	88	6179617.0	hap1
PR00834	Nx	89	5730537.0	hap1
PR00834	Nx	90	5130210.0	hap1
PR00834	Nx	91	4469827.0	hap1
PR00834	Nx	92	4112632.0	hap1
PR00834	Nx	93	3366737.0	hap1
PR00834	Nx	94	2910432.0	hap1
PR00834	Nx	95	2384267.0	hap1
PR00834	Nx	96	1937879.0	hap1
PR00834	Nx	97	1433463.0	hap1
PR00834	Nx	98	978807.0	hap1
PR00834	Nx	99	308701.0	hap1
PR00834	Nx	100	6395.0	hap1
PR00834	Lx	1	106883013.0	hap1
PR00834	Lx	2	106883013.0	hap1
PR00834	Lx	3	106883013.0	hap1
PR00834	Lx	4	86528034.0	hap1
PR00834	Lx	5	86528034.0	hap1
PR00834	Lx	6	86528034.0	hap1
PR00834	Lx	7	80758935.0	hap1
PR00834	Lx	8	80758935.0	hap1
PR00834	Lx	9	71926973.0	hap1
PR00834	Lx	10	71926973.0	hap1
PR00834	Lx	11	58195505.0	hap1
PR00834	Lx	12	58195505.0	hap1
PR00834	Lx	13	54803141.0	hap1
PR00834	Lx	14	54803141.0	hap1
PR00834	Lx	15	53013930.0	hap1
PR00834	Lx	16	53013930.0	hap1
PR00834	Lx	17	46876731.0	hap1
PR00834	Lx	18	46373586.0	hap1
PR00834	Lx	19	46373586.0	hap1
PR00834	Lx	20	44564991.0	hap1
PR00834	Lx	21	41549937.0	hap1
PR00834	Lx	22	41284579.0	hap1
PR00834	Lx	23	41284579.0	hap1
PR00834	Lx	24	41106718.0	hap1
PR00834	Lx	25	40621627.0	hap1
PR00834	Lx	26	39478228.0	hap1
PR00834	Lx	27	37156139.0	hap1
PR00834	Lx	28	37156139.0	hap1
PR00834	Lx	29	36890399.0	hap1
PR00834	Lx	30	35894626.0	hap1
PR00834	Lx	31	35517249.0	hap1
PR00834	Lx	32	33882298.0	hap1
PR00834	Lx	33	33626063.0	hap1
PR00834	Lx	34	33527980.0	hap1
PR00834	Lx	35	33291265.0	hap1
PR00834	Lx	36	32617466.0	hap1
PR00834	Lx	37	31576096.0	hap1
PR00834	Lx	38	31051606.0	hap1
PR00834	Lx	39	30873865.0	hap1
PR00834	Lx	40	30694812.0	hap1
PR00834	Lx	41	29161004.0	hap1
PR00834	Lx	42	28960520.0	hap1
PR00834	Lx	43	28575384.0	hap1
PR00834	Lx	44	28247091.0	hap1
PR00834	Lx	45	27395627.0	hap1
PR00834	Lx	46	26991356.0	hap1
PR00834	Lx	47	25383330.0	hap1
PR00834	Lx	48	24561963.0	hap1
PR00834	Lx	49	24073285.0	hap1
PR00834	Lx	50	23374190.0	hap1
PR00834	Lx	51	23241862.0	hap1
PR00834	Lx	52	23167376.0	hap1
PR00834	Lx	53	22985962.0	hap1
PR00834	Lx	54	22197709.0	hap1
PR00834	Lx	55	21608875.0	hap1
PR00834	Lx	56	21092466.0	hap1
PR00834	Lx	57	20317895.0	hap1
PR00834	Lx	58	20008237.0	hap1
PR00834	Lx	59	19937754.0	hap1
PR00834	Lx	60	19848983.0	hap1
PR00834	Lx	61	19723877.0	hap1
PR00834	Lx	62	18863360.0	hap1
PR00834	Lx	63	18581029.0	hap1
PR00834	Lx	64	18490748.0	hap1
PR00834	Lx	65	17672911.0	hap1
PR00834	Lx	66	17668826.0	hap1
PR00834	Lx	67	17381744.0	hap1
PR00834	Lx	68	16362161.0	hap1
PR00834	Lx	69	16044692.0	hap1
PR00834	Lx	70	15521120.0	hap1
PR00834	Lx	71	15046438.0	hap1
PR00834	Lx	72	13915249.0	hap1
PR00834	Lx	73	13349472.0	hap1
PR00834	Lx	74	13149757.0	hap1
PR00834	Lx	75	12578360.0	hap1
PR00834	Lx	76	12465078.0	hap1
PR00834	Lx	77	12015619.0	hap1
PR00834	Lx	78	11282581.0	hap1
PR00834	Lx	79	10812209.0	hap1
PR00834	Lx	80	10354103.0	hap1
PR00834	Lx	81	9828016.0	hap1
PR00834	Lx	82	8928951.0	hap1
PR00834	Lx	83	8811729.0	hap1
PR00834	Lx	84	8072265.0	hap1
PR00834	Lx	85	7618713.0	hap1
PR00834	Lx	86	6536219.0	hap1
PR00834	Lx	87	6368314.0	hap1
PR00834	Lx	88	6179617.0	hap1
PR00834	Lx	89	5730537.0	hap1
PR00834	Lx	90	5130210.0	hap1
PR00834	Lx	91	4469827.0	hap1
PR00834	Lx	92	4112632.0	hap1
PR00834	Lx	93	3366737.0	hap1
PR00834	Lx	94	2910432.0	hap1
PR00834	Lx	95	2384267.0	hap1
PR00834	Lx	96	1937879.0	hap1
PR00834	Lx	97	1433463.0	hap1
PR00834	Lx	98	978807.0	hap1
PR00834	Lx	99	308701.0	hap1
PR00834	Lx	100	6395.0	hap1
PR00834	NGx	1	106883013.0	hap1
PR00834	NGx	2	106883013.0	hap1
PR00834	NGx	3	106883013.0	hap1
PR00834	NGx	4	86528034.0	hap1
PR00834	NGx	5	86528034.0	hap1
PR00834	NGx	6	86528034.0	hap1
PR00834	NGx	7	80758935.0	hap1
PR00834	NGx	8	80758935.0	hap1
PR00834	NGx	9	80758935.0	hap1
PR00834	NGx	10	71926973.0	hap1
PR00834	NGx	11	71926973.0	hap1
PR00834	NGx	12	58195505.0	hap1
PR00834	NGx	13	58195505.0	hap1
PR00834	NGx	14	54803141.0	hap1
PR00834	NGx	15	54803141.0	hap1
PR00834	NGx	16	53013930.0	hap1
PR00834	NGx	17	46876731.0	hap1
PR00834	NGx	18	46876731.0	hap1
PR00834	NGx	19	46373586.0	hap1
PR00834	NGx	20	46373586.0	hap1
PR00834	NGx	21	44564991.0	hap1
PR00834	NGx	22	41549937.0	hap1
PR00834	NGx	23	41284579.0	hap1
PR00834	NGx	24	41284579.0	hap1
PR00834	NGx	25	41106718.0	hap1
PR00834	NGx	26	40621627.0	hap1
PR00834	NGx	27	39478228.0	hap1
PR00834	NGx	28	39478228.0	hap1
PR00834	NGx	29	37156139.0	hap1
PR00834	NGx	30	36890399.0	hap1
PR00834	NGx	31	35894626.0	hap1
PR00834	NGx	32	35517249.0	hap1
PR00834	NGx	33	35517249.0	hap1
PR00834	NGx	34	33882298.0	hap1
PR00834	NGx	35	33626063.0	hap1
PR00834	NGx	36	33527980.0	hap1
PR00834	NGx	37	33291265.0	hap1
PR00834	NGx	38	32617466.0	hap1
PR00834	NGx	39	31576096.0	hap1
PR00834	NGx	40	31051606.0	hap1
PR00834	NGx	41	30873865.0	hap1
PR00834	NGx	42	30694812.0	hap1
PR00834	NGx	43	29161004.0	hap1
PR00834	NGx	44	28960520.0	hap1
PR00834	NGx	45	28575384.0	hap1
PR00834	NGx	46	28247091.0	hap1
PR00834	NGx	47	27395627.0	hap1
PR00834	NGx	48	26991356.0	hap1
PR00834	NGx	49	25839676.0	hap1
PR00834	NGx	50	25383330.0	hap1
PR00834	NGx	51	24073285.0	hap1
PR00834	NGx	52	23468505.0	hap1
PR00834	NGx	53	23374190.0	hap1
PR00834	NGx	54	23167376.0	hap1
PR00834	NGx	55	23144513.0	hap1
PR00834	NGx	56	22985962.0	hap1
PR00834	NGx	57	22197709.0	hap1
PR00834	NGx	58	21608875.0	hap1
PR00834	NGx	59	21092466.0	hap1
PR00834	NGx	60	20317895.0	hap1
PR00834	NGx	61	20008237.0	hap1
PR00834	NGx	62	19937754.0	hap1
PR00834	NGx	63	19848983.0	hap1
PR00834	NGx	64	19723877.0	hap1
PR00834	NGx	65	19558978.0	hap1
PR00834	NGx	66	18581029.0	hap1
PR00834	NGx	67	18490748.0	hap1
PR00834	NGx	68	17725973.0	hap1
PR00834	NGx	69	17668826.0	hap1
PR00834	NGx	70	17381744.0	hap1
PR00834	NGx	71	16427436.0	hap1
PR00834	NGx	72	16119867.0	hap1
PR00834	NGx	73	15968172.0	hap1
PR00834	NGx	74	15076749.0	hap1
PR00834	NGx	75	14318718.0	hap1
PR00834	NGx	76	13915249.0	hap1
PR00834	NGx	77	13273412.0	hap1
PR00834	NGx	78	13067414.0	hap1
PR00834	NGx	79	12578360.0	hap1
PR00834	NGx	80	12367709.0	hap1
PR00834	NGx	81	12015619.0	hap1
PR00834	NGx	82	11282581.0	hap1
PR00834	NGx	83	10812209.0	hap1
PR00834	NGx	84	10354103.0	hap1
PR00834	NGx	85	9850510.0	hap1
PR00834	NGx	86	9616464.0	hap1
PR00834	NGx	87	8811729.0	hap1
PR00834	NGx	88	8072283.0	hap1
PR00834	NGx	89	7633210.0	hap1
PR00834	NGx	90	6746903.0	hap1
PR00834	NGx	91	6407594.0	hap1
PR00834	NGx	92	6189044.0	hap1
PR00834	NGx	93	5833294.0	hap1
PR00834	NGx	94	5400826.0	hap1
PR00834	NGx	95	4738246.0	hap1
PR00834	NGx	96	4355207.0	hap1
PR00834	NGx	97	3810236.0	hap1
PR00834	NGx	98	3253470.0	hap1
PR00834	NGx	99	2840702.0	hap1
PR00834	NGx	100	2342575.0	hap1
PR00834	LGx	1	1.0	hap1
PR00834	LGx	2	1.0	hap1
PR00834	LGx	3	1.0	hap1
PR00834	LGx	4	2.0	hap1
PR00834	LGx	5	2.0	hap1
PR00834	LGx	6	2.0	hap1
PR00834	LGx	7	3.0	hap1
PR00834	LGx	8	3.0	hap1
PR00834	LGx	9	3.0	hap1
PR00834	LGx	10	4.0	hap1
PR00834	LGx	11	4.0	hap1
PR00834	LGx	12	5.0	hap1
PR00834	LGx	13	5.0	hap1
PR00834	LGx	14	6.0	hap1
PR00834	LGx	15	6.0	hap1
PR00834	LGx	16	7.0	hap1
PR00834	LGx	17	8.0	hap1
PR00834	LGx	18	8.0	hap1
PR00834	LGx	19	9.0	hap1
PR00834	LGx	20	9.0	hap1
PR00834	LGx	21	10.0	hap1
PR00834	LGx	22	11.0	hap1
PR00834	LGx	23	12.0	hap1
PR00834	LGx	24	12.0	hap1
PR00834	LGx	25	13.0	hap1
PR00834	LGx	26	14.0	hap1
PR00834	LGx	27	15.0	hap1
PR00834	LGx	28	15.0	hap1
PR00834	LGx	29	16.0	hap1
PR00834	LGx	30	17.0	hap1
PR00834	LGx	31	18.0	hap1
PR00834	LGx	32	19.0	hap1
PR00834	LGx	33	19.0	hap1
PR00834	LGx	34	20.0	hap1
PR00834	LGx	35	21.0	hap1
PR00834	LGx	36	22.0	hap1
PR00834	LGx	37	23.0	hap1
PR00834	LGx	38	24.0	hap1
PR00834	LGx	39	25.0	hap1
PR00834	LGx	40	26.0	hap1
PR00834	LGx	41	27.0	hap1
PR00834	LGx	42	28.0	hap1
PR00834	LGx	43	29.0	hap1
PR00834	LGx	44	30.0	hap1
PR00834	LGx	45	31.0	hap1
PR00834	LGx	46	32.0	hap1
PR00834	LGx	47	33.0	hap1
PR00834	LGx	48	34.0	hap1
PR00834	LGx	49	35.0	hap1
PR00834	LGx	50	36.0	hap1
PR00834	LGx	51	38.0	hap1
PR00834	LGx	52	39.0	hap1
PR00834	LGx	53	40.0	hap1
PR00834	LGx	54	42.0	hap1
PR00834	LGx	55	43.0	hap1
PR00834	LGx	56	44.0	hap1
PR00834	LGx	57	45.0	hap1
PR00834	LGx	58	47.0	hap1
PR00834	LGx	59	48.0	hap1
PR00834	LGx	60	50.0	hap1
PR00834	LGx	61	51.0	hap1
PR00834	LGx	62	53.0	hap1
PR00834	LGx	63	54.0	hap1
PR00834	LGx	64	56.0	hap1
PR00834	LGx	65	57.0	hap1
PR00834	LGx	66	59.0	hap1
PR00834	LGx	67	61.0	hap1
PR00834	LGx	68	62.0	hap1
PR00834	LGx	69	64.0	hap1
PR00834	LGx	70	66.0	hap1
PR00834	LGx	71	67.0	hap1
PR00834	LGx	72	69.0	hap1
PR00834	LGx	73	71.0	hap1
PR00834	LGx	74	73.0	hap1
PR00834	LGx	75	75.0	hap1
PR00834	LGx	76	77.0	hap1
PR00834	LGx	77	80.0	hap1
PR00834	LGx	78	82.0	hap1
PR00834	LGx	79	84.0	hap1
PR00834	LGx	80	87.0	hap1
PR00834	LGx	81	89.0	hap1
PR00834	LGx	82	92.0	hap1
PR00834	LGx	83	94.0	hap1
PR00834	LGx	84	97.0	hap1
PR00834	LGx	85	100.0	hap1
PR00834	LGx	86	103.0	hap1
PR00834	LGx	87	107.0	hap1
PR00834	LGx	88	110.0	hap1
PR00834	LGx	89	114.0	hap1
PR00834	LGx	90	118.0	hap1
PR00834	LGx	91	123.0	hap1
PR00834	LGx	92	128.0	hap1
PR00834	LGx	93	133.0	hap1
PR00834	LGx	94	138.0	hap1
PR00834	LGx	95	144.0	hap1
PR00834	LGx	96	150.0	hap1
PR00834	LGx	97	158.0	hap1
PR00834	LGx	98	166.0	hap1
PR00834	LGx	99	176.0	hap1
PR00834	LGx	100	188.0	hap1
PR00834	auN	3184400992	331.02316	hap2
PR00834	auNG	3018593705	349.2058	hap2
PR00834	Nx	1	102284213.0	hap2
PR00834	Nx	2	102284213.0	hap2
PR00834	Nx	3	102284213.0	hap2
PR00834	Nx	4	95909861.0	hap2
PR00834	Nx	5	95909861.0	hap2
PR00834	Nx	6	95909861.0	hap2
PR00834	Nx	7	81992828.0	hap2
PR00834	Nx	8	81992828.0	hap2
PR00834	Nx	9	71129170.0	hap2
PR00834	Nx	10	71129170.0	hap2
PR00834	Nx	11	71129170.0	hap2
PR00834	Nx	12	67151984.0	hap2
PR00834	Nx	13	67151984.0	hap2
PR00834	Nx	14	63354415.0	hap2
PR00834	Nx	15	63354415.0	hap2
PR00834	Nx	16	62472781.0	hap2
PR00834	Nx	17	62472781.0	hap2
PR00834	Nx	18	60083247.0	hap2
PR00834	Nx	19	58592361.0	hap2
PR00834	Nx	20	58592361.0	hap2
PR00834	Nx	21	55571252.0	hap2
PR00834	Nx	22	55571252.0	hap2
PR00834	Nx	23	55087069.0	hap2
PR00834	Nx	24	55087069.0	hap2
PR00834	Nx	25	52073076.0	hap2
PR00834	Nx	26	50904819.0	hap2
PR00834	Nx	27	50904819.0	hap2
PR00834	Nx	28	46472762.0	hap2
PR00834	Nx	29	42535022.0	hap2
PR00834	Nx	30	42535022.0	hap2
PR00834	Nx	31	41347845.0	hap2
PR00834	Nx	32	40981924.0	hap2
PR00834	Nx	33	39486503.0	hap2
PR00834	Nx	34	39486503.0	hap2
PR00834	Nx	35	38802869.0	hap2
PR00834	Nx	36	36953413.0	hap2
PR00834	Nx	37	36785013.0	hap2
PR00834	Nx	38	35928631.0	hap2
PR00834	Nx	39	34663689.0	hap2
PR00834	Nx	40	33665496.0	hap2
PR00834	Nx	41	33308339.0	hap2
PR00834	Nx	42	33308339.0	hap2
PR00834	Nx	43	33173306.0	hap2
PR00834	Nx	44	32240419.0	hap2
PR00834	Nx	45	29032315.0	hap2
PR00834	Nx	46	28859784.0	hap2
PR00834	Nx	47	27763076.0	hap2
PR00834	Nx	48	27279403.0	hap2
PR00834	Nx	49	27046963.0	hap2
PR00834	Nx	50	26499074.0	hap2
PR00834	Nx	51	26017255.0	hap2
PR00834	Nx	52	24609945.0	hap2
PR00834	Nx	53	24596275.0	hap2
PR00834	Nx	54	24082749.0	hap2
PR00834	Nx	55	23164220.0	hap2
PR00834	Nx	56	22800709.0	hap2
PR00834	Nx	57	22217877.0	hap2
PR00834	Nx	58	21601998.0	hap2
PR00834	Nx	59	21381297.0	hap2
PR00834	Nx	60	20552867.0	hap2
PR00834	Nx	61	20064149.0	hap2
PR00834	Nx	62	19969167.0	hap2
PR00834	Nx	63	19566881.0	hap2
PR00834	Nx	64	19548528.0	hap2
PR00834	Nx	65	18587569.0	hap2
PR00834	Nx	66	17959432.0	hap2
PR00834	Nx	67	17830079.0	hap2
PR00834	Nx	68	17577828.0	hap2
PR00834	Nx	69	16887269.0	hap2
PR00834	Nx	70	16262184.0	hap2
PR00834	Nx	71	15800655.0	hap2
PR00834	Nx	72	14399230.0	hap2
PR00834	Nx	73	13691840.0	hap2
PR00834	Nx	74	13123007.0	hap2
PR00834	Nx	75	12921901.0	hap2
PR00834	Nx	76	12370561.0	hap2
PR00834	Nx	77	11704365.0	hap2
PR00834	Nx	78	11139431.0	hap2
PR00834	Nx	79	10266039.0	hap2
PR00834	Nx	80	9600254.0	hap2
PR00834	Nx	81	8755158.0	hap2
PR00834	Nx	82	8534537.0	hap2
PR00834	Nx	83	8271039.0	hap2
PR00834	Nx	84	7811775.0	hap2
PR00834	Nx	85	7052438.0	hap2
PR00834	Nx	86	6547998.0	hap2
PR00834	Nx	87	6073455.0	hap2
PR00834	Nx	88	5388846.0	hap2
PR00834	Nx	89	5201113.0	hap2
PR00834	Nx	90	4873063.0	hap2
PR00834	Nx	91	4592499.0	hap2
PR00834	Nx	92	4306786.0	hap2
PR00834	Nx	93	3548743.0	hap2
PR00834	Nx	94	3122827.0	hap2
PR00834	Nx	95	2657108.0	hap2
PR00834	Nx	96	2245215.0	hap2
PR00834	Nx	97	1659261.0	hap2
PR00834	Nx	98	1107990.0	hap2
PR00834	Nx	99	576937.0	hap2
PR00834	Nx	100	13538.0	hap2
PR00834	Lx	1	102284213.0	hap2
PR00834	Lx	2	102284213.0	hap2
PR00834	Lx	3	102284213.0	hap2
PR00834	Lx	4	95909861.0	hap2
PR00834	Lx	5	95909861.0	hap2
PR00834	Lx	6	95909861.0	hap2
PR00834	Lx	7	81992828.0	hap2
PR00834	Lx	8	81992828.0	hap2
PR00834	Lx	9	71129170.0	hap2
PR00834	Lx	10	71129170.0	hap2
PR00834	Lx	11	71129170.0	hap2
PR00834	Lx	12	67151984.0	hap2
PR00834	Lx	13	67151984.0	hap2
PR00834	Lx	14	63354415.0	hap2
PR00834	Lx	15	63354415.0	hap2
PR00834	Lx	16	62472781.0	hap2
PR00834	Lx	17	62472781.0	hap2
PR00834	Lx	18	60083247.0	hap2
PR00834	Lx	19	58592361.0	hap2
PR00834	Lx	20	58592361.0	hap2
PR00834	Lx	21	55571252.0	hap2
PR00834	Lx	22	55571252.0	hap2
PR00834	Lx	23	55087069.0	hap2
PR00834	Lx	24	55087069.0	hap2
PR00834	Lx	25	52073076.0	hap2
PR00834	Lx	26	50904819.0	hap2
PR00834	Lx	27	50904819.0	hap2
PR00834	Lx	28	46472762.0	hap2
PR00834	Lx	29	42535022.0	hap2
PR00834	Lx	30	42535022.0	hap2
PR00834	Lx	31	41347845.0	hap2
PR00834	Lx	32	40981924.0	hap2
PR00834	Lx	33	39486503.0	hap2
PR00834	Lx	34	39486503.0	hap2
PR00834	Lx	35	38802869.0	hap2
PR00834	Lx	36	36953413.0	hap2
PR00834	Lx	37	36785013.0	hap2
PR00834	Lx	38	35928631.0	hap2
PR00834	Lx	39	34663689.0	hap2
PR00834	Lx	40	33665496.0	hap2
PR00834	Lx	41	33308339.0	hap2
PR00834	Lx	42	33308339.0	hap2
PR00834	Lx	43	33173306.0	hap2
PR00834	Lx	44	32240419.0	hap2
PR00834	Lx	45	29032315.0	hap2
PR00834	Lx	46	28859784.0	hap2
PR00834	Lx	47	27763076.0	hap2
PR00834	Lx	48	27279403.0	hap2
PR00834	Lx	49	27046963.0	hap2
PR00834	Lx	50	26499074.0	hap2
PR00834	Lx	51	26017255.0	hap2
PR00834	Lx	52	24609945.0	hap2
PR00834	Lx	53	24596275.0	hap2
PR00834	Lx	54	24082749.0	hap2
PR00834	Lx	55	23164220.0	hap2
PR00834	Lx	56	22800709.0	hap2
PR00834	Lx	57	22217877.0	hap2
PR00834	Lx	58	21601998.0	hap2
PR00834	Lx	59	21381297.0	hap2
PR00834	Lx	60	20552867.0	hap2
PR00834	Lx	61	20064149.0	hap2
PR00834	Lx	62	19969167.0	hap2
PR00834	Lx	63	19566881.0	hap2
PR00834	Lx	64	19548528.0	hap2
PR00834	Lx	65	18587569.0	hap2
PR00834	Lx	66	17959432.0	hap2
PR00834	Lx	67	17830079.0	hap2
PR00834	Lx	68	17577828.0	hap2
PR00834	Lx	69	16887269.0	hap2
PR00834	Lx	70	16262184.0	hap2
PR00834	Lx	71	15800655.0	hap2
PR00834	Lx	72	14399230.0	hap2
PR00834	Lx	73	13691840.0	hap2
PR00834	Lx	74	13123007.0	hap2
PR00834	Lx	75	12921901.0	hap2
PR00834	Lx	76	12370561.0	hap2
PR00834	Lx	77	11704365.0	hap2
PR00834	Lx	78	11139431.0	hap2
PR00834	Lx	79	10266039.0	hap2
PR00834	Lx	80	9600254.0	hap2
PR00834	Lx	81	8755158.0	hap2
PR00834	Lx	82	8534537.0	hap2
PR00834	Lx	83	8271039.0	hap2
PR00834	Lx	84	7811775.0	hap2
PR00834	Lx	85	7052438.0	hap2
PR00834	Lx	86	6547998.0	hap2
PR00834	Lx	87	6073455.0	hap2
PR00834	Lx	88	5388846.0	hap2
PR00834	Lx	89	5201113.0	hap2
PR00834	Lx	90	4873063.0	hap2
PR00834	Lx	91	4592499.0	hap2
PR00834	Lx	92	4306786.0	hap2
PR00834	Lx	93	3548743.0	hap2
PR00834	Lx	94	3122827.0	hap2
PR00834	Lx	95	2657108.0	hap2
PR00834	Lx	96	2245215.0	hap2
PR00834	Lx	97	1659261.0	hap2
PR00834	Lx	98	1107990.0	hap2
PR00834	Lx	99	576937.0	hap2
PR00834	Lx	100	13538.0	hap2
PR00834	NGx	1	102284213.0	hap2
PR00834	NGx	2	102284213.0	hap2
PR00834	NGx	3	102284213.0	hap2
PR00834	NGx	4	95909861.0	hap2
PR00834	NGx	5	95909861.0	hap2
PR00834	NGx	6	95909861.0	hap2
PR00834	NGx	7	81992828.0	hap2
PR00834	NGx	8	81992828.0	hap2
PR00834	NGx	9	81992828.0	hap2
PR00834	NGx	10	71129170.0	hap2
PR00834	NGx	11	71129170.0	hap2
PR00834	NGx	12	67151984.0	hap2
PR00834	NGx	13	67151984.0	hap2
PR00834	NGx	14	63354415.0	hap2
PR00834	NGx	15	63354415.0	hap2
PR00834	NGx	16	62472781.0	hap2
PR00834	NGx	17	62472781.0	hap2
PR00834	NGx	18	62472781.0	hap2
PR00834	NGx	19	60083247.0	hap2
PR00834	NGx	20	60083247.0	hap2
PR00834	NGx	21	58592361.0	hap2
PR00834	NGx	22	55571252.0	hap2
PR00834	NGx	23	55571252.0	hap2
PR00834	NGx	24	55087069.0	hap2
PR00834	NGx	25	55087069.0	hap2
PR00834	NGx	26	52073076.0	hap2
PR00834	NGx	27	52073076.0	hap2
PR00834	NGx	28	50904819.0	hap2
PR00834	NGx	29	50904819.0	hap2
PR00834	NGx	30	46472762.0	hap2
PR00834	NGx	31	42535022.0	hap2
PR00834	NGx	32	41347845.0	hap2
PR00834	NGx	33	41347845.0	hap2
PR00834	NGx	34	40981924.0	hap2
PR00834	NGx	35	39486503.0	hap2
PR00834	NGx	36	39486503.0	hap2
PR00834	NGx	37	38802869.0	hap2
PR00834	NGx	38	36953413.0	hap2
PR00834	NGx	39	36785013.0	hap2
PR00834	NGx	40	35928631.0	hap2
PR00834	NGx	41	34663689.0	hap2
PR00834	NGx	42	34663689.0	hap2
PR00834	NGx	43	33665496.0	hap2
PR00834	NGx	44	33308339.0	hap2
PR00834	NGx	45	33173306.0	hap2
PR00834	NGx	46	32240419.0	hap2
PR00834	NGx	47	29933575.0	hap2
PR00834	NGx	48	29032315.0	hap2
PR00834	NGx	49	28859784.0	hap2
PR00834	NGx	50	27763076.0	hap2
PR00834	NGx	51	27279403.0	hap2
PR00834	NGx	52	27046963.0	hap2
PR00834	NGx	53	26017255.0	hap2
PR00834	NGx	54	25909726.0	hap2
PR00834	NGx	55	24609945.0	hap2
PR00834	NGx	56	24596275.0	hap2
PR00834	NGx	57	24082749.0	hap2
PR00834	NGx	58	23164220.0	hap2
PR00834	NGx	59	22800709.0	hap2
PR00834	NGx	60	22217877.0	hap2
PR00834	NGx	61	21601998.0	hap2
PR00834	NGx	62	21381297.0	hap2
PR00834	NGx	63	21064661.0	hap2
PR00834	NGx	64	20093378.0	hap2
PR00834	NGx	65	20064149.0	hap2
PR00834	NGx	66	19653147.0	hap2
PR00834	NGx	67	19548528.0	hap2
PR00834	NGx	68	18905601.0	hap2
PR00834	NGx	69	18569416.0	hap2
PR00834	NGx	70	17959432.0	hap2
PR00834	NGx	71	17830079.0	hap2
PR00834	NGx	72	17419990.0	hap2
PR00834	NGx	73	16874833.0	hap2
PR00834	NGx	74	16262184.0	hap2
PR00834	NGx	75	15800655.0	hap2
PR00834	NGx	76	14399230.0	hap2
PR00834	NGx	77	13691840.0	hap2
PR00834	NGx	78	13123007.0	hap2
PR00834	NGx	79	12921901.0	hap2
PR00834	NGx	80	12663274.0	hap2
PR00834	NGx	81	11704365.0	hap2
PR00834	NGx	82	11159072.0	hap2
PR00834	NGx	83	10751533.0	hap2
PR00834	NGx	84	9681252.0	hap2
PR00834	NGx	85	9329235.0	hap2
PR00834	NGx	86	8582492.0	hap2
PR00834	NGx	87	8457688.0	hap2
PR00834	NGx	88	8177813.0	hap2
PR00834	NGx	89	7360630.0	hap2
PR00834	NGx	90	6964920.0	hap2
PR00834	NGx	91	6193844.0	hap2
PR00834	NGx	92	5948114.0	hap2
PR00834	NGx	93	5361957.0	hap2
PR00834	NGx	94	5147523.0	hap2
PR00834	NGx	95	4835756.0	hap2
PR00834	NGx	96	4592499.0	hap2
PR00834	NGx	97	4306786.0	hap2
PR00834	NGx	98	3605937.0	hap2
PR00834	NGx	99	3157030.0	hap2
PR00834	NGx	100	2786211.0	hap2
PR00834	LGx	1	1.0	hap2
PR00834	LGx	2	1.0	hap2
PR00834	LGx	3	1.0	hap2
PR00834	LGx	4	2.0	hap2
PR00834	LGx	5	2.0	hap2
PR00834	LGx	6	2.0	hap2
PR00834	LGx	7	3.0	hap2
PR00834	LGx	8	3.0	hap2
PR00834	LGx	9	3.0	hap2
PR00834	LGx	10	4.0	hap2
PR00834	LGx	11	4.0	hap2
PR00834	LGx	12	5.0	hap2
PR00834	LGx	13	5.0	hap2
PR00834	LGx	14	6.0	hap2
PR00834	LGx	15	6.0	hap2
PR00834	LGx	16	7.0	hap2
PR00834	LGx	17	7.0	hap2
PR00834	LGx	18	7.0	hap2
PR00834	LGx	19	8.0	hap2
PR00834	LGx	20	8.0	hap2
PR00834	LGx	21	9.0	hap2
PR00834	LGx	22	10.0	hap2
PR00834	LGx	23	10.0	hap2
PR00834	LGx	24	11.0	hap2
PR00834	LGx	25	11.0	hap2
PR00834	LGx	26	12.0	hap2
PR00834	LGx	27	12.0	hap2
PR00834	LGx	28	13.0	hap2
PR00834	LGx	29	13.0	hap2
PR00834	LGx	30	14.0	hap2
PR00834	LGx	31	15.0	hap2
PR00834	LGx	32	16.0	hap2
PR00834	LGx	33	16.0	hap2
PR00834	LGx	34	17.0	hap2
PR00834	LGx	35	18.0	hap2
PR00834	LGx	36	18.0	hap2
PR00834	LGx	37	19.0	hap2
PR00834	LGx	38	20.0	hap2
PR00834	LGx	39	21.0	hap2
PR00834	LGx	40	22.0	hap2
PR00834	LGx	41	23.0	hap2
PR00834	LGx	42	23.0	hap2
PR00834	LGx	43	24.0	hap2
PR00834	LGx	44	25.0	hap2
PR00834	LGx	45	26.0	hap2
PR00834	LGx	46	27.0	hap2
PR00834	LGx	47	28.0	hap2
PR00834	LGx	48	29.0	hap2
PR00834	LGx	49	30.0	hap2
PR00834	LGx	50	31.0	hap2
PR00834	LGx	51	32.0	hap2
PR00834	LGx	52	33.0	hap2
PR00834	LGx	53	35.0	hap2
PR00834	LGx	54	36.0	hap2
PR00834	LGx	55	37.0	hap2
PR00834	LGx	56	38.0	hap2
PR00834	LGx	57	39.0	hap2
PR00834	LGx	58	41.0	hap2
PR00834	LGx	59	42.0	hap2
PR00834	LGx	60	43.0	hap2
PR00834	LGx	61	45.0	hap2
PR00834	LGx	62	46.0	hap2
PR00834	LGx	63	47.0	hap2
PR00834	LGx	64	49.0	hap2
PR00834	LGx	65	50.0	hap2
PR00834	LGx	66	52.0	hap2
PR00834	LGx	67	54.0	hap2
PR00834	LGx	68	55.0	hap2
PR00834	LGx	69	57.0	hap2
PR00834	LGx	70	58.0	hap2
PR00834	LGx	71	60.0	hap2
PR00834	LGx	72	62.0	hap2
PR00834	LGx	73	64.0	hap2
PR00834	LGx	74	65.0	hap2
PR00834	LGx	75	67.0	hap2
PR00834	LGx	76	69.0	hap2
PR00834	LGx	77	71.0	hap2
PR00834	LGx	78	74.0	hap2
PR00834	LGx	79	76.0	hap2
PR00834	LGx	80	78.0	hap2
PR00834	LGx	81	81.0	hap2
PR00834	LGx	82	83.0	hap2
PR00834	LGx	83	86.0	hap2
PR00834	LGx	84	89.0	hap2
PR00834	LGx	85	92.0	hap2
PR00834	LGx	86	96.0	hap2
PR00834	LGx	87	99.0	hap2
PR00834	LGx	88	103.0	hap2
PR00834	LGx	89	107.0	hap2
PR00834	LGx	90	111.0	hap2
PR00834	LGx	91	116.0	hap2
PR00834	LGx	92	120.0	hap2
PR00834	LGx	93	126.0	hap2
PR00834	LGx	94	132.0	hap2
PR00834	LGx	95	138.0	hap2
PR00834	LGx	96	144.0	hap2
PR00834	LGx	97	151.0	hap2
PR00834	LGx	98	158.0	hap2
PR00834	LGx	99	167.0	hap2
PR00834	LGx	100	177.0	hap2
PR00834	auN	3300163989	169.15526	primary
PR00834	auNG	3018593705	184.93382	primary
PR00834	Nx	1	125630225.0	primary
PR00834	Nx	2	125630225.0	primary
PR00834	Nx	3	125630225.0	primary
PR00834	Nx	4	119214715.0	primary
PR00834	Nx	5	119214715.0	primary
PR00834	Nx	6	119214715.0	primary
PR00834	Nx	7	119214715.0	primary
PR00834	Nx	8	116716297.0	primary
PR00834	Nx	9	116716297.0	primary
PR00834	Nx	10	116716297.0	primary
PR00834	Nx	11	115503167.0	primary
PR00834	Nx	12	115503167.0	primary
PR00834	Nx	13	115503167.0	primary
PR00834	Nx	14	115503167.0	primary
PR00834	Nx	15	95352151.0	primary
PR00834	Nx	16	95352151.0	primary
PR00834	Nx	17	95352151.0	primary
PR00834	Nx	18	92328559.0	primary
PR00834	Nx	19	92328559.0	primary
PR00834	Nx	20	92328559.0	primary
PR00834	Nx	21	91952997.0	primary
PR00834	Nx	22	91952997.0	primary
PR00834	Nx	23	86423241.0	primary
PR00834	Nx	24	86423241.0	primary
PR00834	Nx	25	86423241.0	primary
PR00834	Nx	26	85784805.0	primary
PR00834	Nx	27	85784805.0	primary
PR00834	Nx	28	85784805.0	primary
PR00834	Nx	29	78226719.0	primary
PR00834	Nx	30	78226719.0	primary
PR00834	Nx	31	70254237.0	primary
PR00834	Nx	32	70254237.0	primary
PR00834	Nx	33	67946145.0	primary
PR00834	Nx	34	67946145.0	primary
PR00834	Nx	35	67203661.0	primary
PR00834	Nx	36	67203661.0	primary
PR00834	Nx	37	62473740.0	primary
PR00834	Nx	38	62473740.0	primary
PR00834	Nx	39	61478942.0	primary
PR00834	Nx	40	61478942.0	primary
PR00834	Nx	41	59929605.0	primary
PR00834	Nx	42	59929605.0	primary
PR00834	Nx	43	56562195.0	primary
PR00834	Nx	44	56562195.0	primary
PR00834	Nx	45	53074330.0	primary
PR00834	Nx	46	52554852.0	primary
PR00834	Nx	47	52554852.0	primary
PR00834	Nx	48	48983432.0	primary
PR00834	Nx	49	46876731.0	primary
PR00834	Nx	50	46876731.0	primary
PR00834	Nx	51	46709140.0	primary
PR00834	Nx	52	45354235.0	primary
PR00834	Nx	53	44564991.0	primary
PR00834	Nx	54	44564991.0	primary
PR00834	Nx	55	44458266.0	primary
PR00834	Nx	56	42138822.0	primary
PR00834	Nx	57	38856811.0	primary
PR00834	Nx	58	38856811.0	primary
PR00834	Nx	59	37159057.0	primary
PR00834	Nx	60	35955874.0	primary
PR00834	Nx	61	33626263.0	primary
PR00834	Nx	62	33310794.0	primary
PR00834	Nx	63	33153688.0	primary
PR00834	Nx	64	31960595.0	primary
PR00834	Nx	65	30870185.0	primary
PR00834	Nx	66	29932301.0	primary
PR00834	Nx	67	29308383.0	primary
PR00834	Nx	68	27658370.0	primary
PR00834	Nx	69	27636214.0	primary
PR00834	Nx	70	27529187.0	primary
PR00834	Nx	71	27391376.0	primary
PR00834	Nx	72	25550421.0	primary
PR00834	Nx	73	24611933.0	primary
PR00834	Nx	74	24074406.0	primary
PR00834	Nx	75	23241862.0	primary
PR00834	Nx	76	23182494.0	primary
PR00834	Nx	77	22826715.0	primary
PR00834	Nx	78	22197709.0	primary
PR00834	Nx	79	21721652.0	primary
PR00834	Nx	80	20064149.0	primary
PR00834	Nx	81	17694978.0	primary
PR00834	Nx	82	17381744.0	primary
PR00834	Nx	83	17117875.0	primary
PR00834	Nx	84	16122366.0	primary
PR00834	Nx	85	13273412.0	primary
PR00834	Nx	86	13073099.0	primary
PR00834	Nx	87	12315716.0	primary
PR00834	Nx	88	11627272.0	primary
PR00834	Nx	89	10354103.0	primary
PR00834	Nx	90	9775684.0	primary
PR00834	Nx	91	8524243.0	primary
PR00834	Nx	92	7618713.0	primary
PR00834	Nx	93	7022961.0	primary
PR00834	Nx	94	6699081.0	primary
PR00834	Nx	95	5860074.0	primary
PR00834	Nx	96	5246707.0	primary
PR00834	Nx	97	4442520.0	primary
PR00834	Nx	98	3140023.0	primary
PR00834	Nx	99	1233943.0	primary
PR00834	Nx	100	9150.0	primary
PR00834	Lx	1	125630225.0	primary
PR00834	Lx	2	125630225.0	primary
PR00834	Lx	3	125630225.0	primary
PR00834	Lx	4	119214715.0	primary
PR00834	Lx	5	119214715.0	primary
PR00834	Lx	6	119214715.0	primary
PR00834	Lx	7	119214715.0	primary
PR00834	Lx	8	116716297.0	primary
PR00834	Lx	9	116716297.0	primary
PR00834	Lx	10	116716297.0	primary
PR00834	Lx	11	115503167.0	primary
PR00834	Lx	12	115503167.0	primary
PR00834	Lx	13	115503167.0	primary
PR00834	Lx	14	115503167.0	primary
PR00834	Lx	15	95352151.0	primary
PR00834	Lx	16	95352151.0	primary
PR00834	Lx	17	95352151.0	primary
PR00834	Lx	18	92328559.0	primary
PR00834	Lx	19	92328559.0	primary
PR00834	Lx	20	92328559.0	primary
PR00834	Lx	21	91952997.0	primary
PR00834	Lx	22	91952997.0	primary
PR00834	Lx	23	86423241.0	primary
PR00834	Lx	24	86423241.0	primary
PR00834	Lx	25	86423241.0	primary
PR00834	Lx	26	85784805.0	primary
PR00834	Lx	27	85784805.0	primary
PR00834	Lx	28	85784805.0	primary
PR00834	Lx	29	78226719.0	primary
PR00834	Lx	30	78226719.0	primary
PR00834	Lx	31	70254237.0	primary
PR00834	Lx	32	70254237.0	primary
PR00834	Lx	33	67946145.0	primary
PR00834	Lx	34	67946145.0	primary
PR00834	Lx	35	67203661.0	primary
PR00834	Lx	36	67203661.0	primary
PR00834	Lx	37	62473740.0	primary
PR00834	Lx	38	62473740.0	primary
PR00834	Lx	39	61478942.0	primary
PR00834	Lx	40	61478942.0	primary
PR00834	Lx	41	59929605.0	primary
PR00834	Lx	42	59929605.0	primary
PR00834	Lx	43	56562195.0	primary
PR00834	Lx	44	56562195.0	primary
PR00834	Lx	45	53074330.0	primary
PR00834	Lx	46	52554852.0	primary
PR00834	Lx	47	52554852.0	primary
PR00834	Lx	48	48983432.0	primary
PR00834	Lx	49	46876731.0	primary
PR00834	Lx	50	46876731.0	primary
PR00834	Lx	51	46709140.0	primary
PR00834	Lx	52	45354235.0	primary
PR00834	Lx	53	44564991.0	primary
PR00834	Lx	54	44564991.0	primary
PR00834	Lx	55	44458266.0	primary
PR00834	Lx	56	42138822.0	primary
PR00834	Lx	57	38856811.0	primary
PR00834	Lx	58	38856811.0	primary
PR00834	Lx	59	37159057.0	primary
PR00834	Lx	60	35955874.0	primary
PR00834	Lx	61	33626263.0	primary
PR00834	Lx	62	33310794.0	primary
PR00834	Lx	63	33153688.0	primary
PR00834	Lx	64	31960595.0	primary
PR00834	Lx	65	30870185.0	primary
PR00834	Lx	66	29932301.0	primary
PR00834	Lx	67	29308383.0	primary
PR00834	Lx	68	27658370.0	primary
PR00834	Lx	69	27636214.0	primary
PR00834	Lx	70	27529187.0	primary
PR00834	Lx	71	27391376.0	primary
PR00834	Lx	72	25550421.0	primary
PR00834	Lx	73	24611933.0	primary
PR00834	Lx	74	24074406.0	primary
PR00834	Lx	75	23241862.0	primary
PR00834	Lx	76	23182494.0	primary
PR00834	Lx	77	22826715.0	primary
PR00834	Lx	78	22197709.0	primary
PR00834	Lx	79	21721652.0	primary
PR00834	Lx	80	20064149.0	primary
PR00834	Lx	81	17694978.0	primary
PR00834	Lx	82	17381744.0	primary
PR00834	Lx	83	17117875.0	primary
PR00834	Lx	84	16122366.0	primary
PR00834	Lx	85	13273412.0	primary
PR00834	Lx	86	13073099.0	primary
PR00834	Lx	87	12315716.0	primary
PR00834	Lx	88	11627272.0	primary
PR00834	Lx	89	10354103.0	primary
PR00834	Lx	90	9775684.0	primary
PR00834	Lx	91	8524243.0	primary
PR00834	Lx	92	7618713.0	primary
PR00834	Lx	93	7022961.0	primary
PR00834	Lx	94	6699081.0	primary
PR00834	Lx	95	5860074.0	primary
PR00834	Lx	96	5246707.0	primary
PR00834	Lx	97	4442520.0	primary
PR00834	Lx	98	3140023.0	primary
PR00834	Lx	99	1233943.0	primary
PR00834	Lx	100	9150.0	primary
PR00834	NGx	1	125630225.0	primary
PR00834	NGx	2	125630225.0	primary
PR00834	NGx	3	125630225.0	primary
PR00834	NGx	4	125630225.0	primary
PR00834	NGx	5	119214715.0	primary
PR00834	NGx	6	119214715.0	primary
PR00834	NGx	7	119214715.0	primary
PR00834	NGx	8	119214715.0	primary
PR00834	NGx	9	116716297.0	primary
PR00834	NGx	10	116716297.0	primary
PR00834	NGx	11	116716297.0	primary
PR00834	NGx	12	115503167.0	primary
PR00834	NGx	13	115503167.0	primary
PR00834	NGx	14	115503167.0	primary
PR00834	NGx	15	115503167.0	primary
PR00834	NGx	16	95352151.0	primary
PR00834	NGx	17	95352151.0	primary
PR00834	NGx	18	95352151.0	primary
PR00834	NGx	19	92328559.0	primary
PR00834	NGx	20	92328559.0	primary
PR00834	NGx	21	92328559.0	primary
PR00834	NGx	22	92328559.0	primary
PR00834	NGx	23	91952997.0	primary
PR00834	NGx	24	91952997.0	primary
PR00834	NGx	25	91952997.0	primary
PR00834	NGx	26	86423241.0	primary
PR00834	NGx	27	86423241.0	primary
PR00834	NGx	28	85784805.0	primary
PR00834	NGx	29	85784805.0	primary
PR00834	NGx	30	85784805.0	primary
PR00834	NGx	31	78226719.0	primary
PR00834	NGx	32	78226719.0	primary
PR00834	NGx	33	78226719.0	primary
PR00834	NGx	34	70254237.0	primary
PR00834	NGx	35	70254237.0	primary
PR00834	NGx	36	67946145.0	primary
PR00834	NGx	37	67946145.0	primary
PR00834	NGx	38	67203661.0	primary
PR00834	NGx	39	67203661.0	primary
PR00834	NGx	40	67203661.0	primary
PR00834	NGx	41	62473740.0	primary
PR00834	NGx	42	62473740.0	primary
PR00834	NGx	43	61478942.0	primary
PR00834	NGx	44	61478942.0	primary
PR00834	NGx	45	59929605.0	primary
PR00834	NGx	46	59929605.0	primary
PR00834	NGx	47	56562195.0	primary
PR00834	NGx	48	56562195.0	primary
PR00834	NGx	49	53074330.0	primary
PR00834	NGx	50	52554852.0	primary
PR00834	NGx	51	52554852.0	primary
PR00834	NGx	52	48983432.0	primary
PR00834	NGx	53	48983432.0	primary
PR00834	NGx	54	46876731.0	primary
PR00834	NGx	55	46709140.0	primary
PR00834	NGx	56	46709140.0	primary
PR00834	NGx	57	45354235.0	primary
PR00834	NGx	58	44564991.0	primary
PR00834	NGx	59	44564991.0	primary
PR00834	NGx	60	44458266.0	primary
PR00834	NGx	61	42138822.0	primary
PR00834	NGx	62	42138822.0	primary
PR00834	NGx	63	38856811.0	primary
PR00834	NGx	64	37159057.0	primary
PR00834	NGx	65	35955874.0	primary
PR00834	NGx	66	33626263.0	primary
PR00834	NGx	67	33626263.0	primary
PR00834	NGx	68	33310794.0	primary
PR00834	NGx	69	33153688.0	primary
PR00834	NGx	70	31960595.0	primary
PR00834	NGx	71	30870185.0	primary
PR00834	NGx	72	29932301.0	primary
PR00834	NGx	73	29308383.0	primary
PR00834	NGx	74	28860208.0	primary
PR00834	NGx	75	27658370.0	primary
PR00834	NGx	76	27636214.0	primary
PR00834	NGx	77	27391376.0	primary
PR00834	NGx	78	25550421.0	primary
PR00834	NGx	79	24721048.0	primary
PR00834	NGx	80	24611933.0	primary
PR00834	NGx	81	24074406.0	primary
PR00834	NGx	82	23241862.0	primary
PR00834	NGx	83	23182494.0	primary
PR00834	NGx	84	22826715.0	primary
PR00834	NGx	85	22197709.0	primary
PR00834	NGx	86	21721652.0	primary
PR00834	NGx	87	20591637.0	primary
PR00834	NGx	88	19973157.0	primary
PR00834	NGx	89	17694978.0	primary
PR00834	NGx	90	17381744.0	primary
PR00834	NGx	91	16887269.0	primary
PR00834	NGx	92	15231121.0	primary
PR00834	NGx	93	13273412.0	primary
PR00834	NGx	94	13073099.0	primary
PR00834	NGx	95	12315716.0	primary
PR00834	NGx	96	12018544.0	primary
PR00834	NGx	97	10776898.0	primary
PR00834	NGx	98	10175505.0	primary
PR00834	NGx	99	9098484.0	primary
PR00834	NGx	100	8177813.0	primary
PR00834	LGx	1	1.0	primary
PR00834	LGx	2	1.0	primary
PR00834	LGx	3	1.0	primary
PR00834	LGx	4	1.0	primary
PR00834	LGx	5	2.0	primary
PR00834	LGx	6	2.0	primary
PR00834	LGx	7	2.0	primary
PR00834	LGx	8	2.0	primary
PR00834	LGx	9	3.0	primary
PR00834	LGx	10	3.0	primary
PR00834	LGx	11	3.0	primary
PR00834	LGx	12	4.0	primary
PR00834	LGx	13	4.0	primary
PR00834	LGx	14	4.0	primary
PR00834	LGx	15	4.0	primary
PR00834	LGx	16	5.0	primary
PR00834	LGx	17	5.0	primary
PR00834	LGx	18	5.0	primary
PR00834	LGx	19	6.0	primary
PR00834	LGx	20	6.0	primary
PR00834	LGx	21	6.0	primary
PR00834	LGx	22	6.0	primary
PR00834	LGx	23	7.0	primary
PR00834	LGx	24	7.0	primary
PR00834	LGx	25	7.0	primary
PR00834	LGx	26	8.0	primary
PR00834	LGx	27	8.0	primary
PR00834	LGx	28	9.0	primary
PR00834	LGx	29	9.0	primary
PR00834	LGx	30	9.0	primary
PR00834	LGx	31	10.0	primary
PR00834	LGx	32	10.0	primary
PR00834	LGx	33	10.0	primary
PR00834	LGx	34	11.0	primary
PR00834	LGx	35	11.0	primary
PR00834	LGx	36	12.0	primary
PR00834	LGx	37	12.0	primary
PR00834	LGx	38	13.0	primary
PR00834	LGx	39	13.0	primary
PR00834	LGx	40	13.0	primary
PR00834	LGx	41	14.0	primary
PR00834	LGx	42	14.0	primary
PR00834	LGx	43	15.0	primary
PR00834	LGx	44	15.0	primary
PR00834	LGx	45	16.0	primary
PR00834	LGx	46	16.0	primary
PR00834	LGx	47	17.0	primary
PR00834	LGx	48	17.0	primary
PR00834	LGx	49	18.0	primary
PR00834	LGx	50	19.0	primary
PR00834	LGx	51	19.0	primary
PR00834	LGx	52	20.0	primary
PR00834	LGx	53	20.0	primary
PR00834	LGx	54	21.0	primary
PR00834	LGx	55	22.0	primary
PR00834	LGx	56	22.0	primary
PR00834	LGx	57	23.0	primary
PR00834	LGx	58	24.0	primary
PR00834	LGx	59	24.0	primary
PR00834	LGx	60	25.0	primary
PR00834	LGx	61	26.0	primary
PR00834	LGx	62	26.0	primary
PR00834	LGx	63	27.0	primary
PR00834	LGx	64	28.0	primary
PR00834	LGx	65	29.0	primary
PR00834	LGx	66	30.0	primary
PR00834	LGx	67	30.0	primary
PR00834	LGx	68	31.0	primary
PR00834	LGx	69	32.0	primary
PR00834	LGx	70	33.0	primary
PR00834	LGx	71	34.0	primary
PR00834	LGx	72	35.0	primary
PR00834	LGx	73	36.0	primary
PR00834	LGx	74	37.0	primary
PR00834	LGx	75	38.0	primary
PR00834	LGx	76	39.0	primary
PR00834	LGx	77	41.0	primary
PR00834	LGx	78	42.0	primary
PR00834	LGx	79	43.0	primary
PR00834	LGx	80	44.0	primary
PR00834	LGx	81	45.0	primary
PR00834	LGx	82	47.0	primary
PR00834	LGx	83	48.0	primary
PR00834	LGx	84	49.0	primary
PR00834	LGx	85	51.0	primary
PR00834	LGx	86	52.0	primary
PR00834	LGx	87	53.0	primary
PR00834	LGx	88	55.0	primary
PR00834	LGx	89	56.0	primary
PR00834	LGx	90	58.0	primary
PR00834	LGx	91	60.0	primary
PR00834	LGx	92	62.0	primary
PR00834	LGx	93	64.0	primary
PR00834	LGx	94	66.0	primary
PR00834	LGx	95	69.0	primary
PR00834	LGx	96	71.0	primary
PR00834	LGx	97	74.0	primary
PR00834	LGx	98	77.0	primary
PR00834	LGx	99	80.0	primary
PR00834	LGx	100	83.0	primary
PR00838	auN	3162233856	538.46466	hap1
PR00838	auNG	3018593705	564.0875	hap1
PR00838	Nx	1	111198175.0	hap1
PR00838	Nx	2	111198175.0	hap1
PR00838	Nx	3	111198175.0	hap1
PR00838	Nx	4	99094730.0	hap1
PR00838	Nx	5	99094730.0	hap1
PR00838	Nx	6	99094730.0	hap1
PR00838	Nx	7	95217899.0	hap1
PR00838	Nx	8	95217899.0	hap1
PR00838	Nx	9	95217899.0	hap1
PR00838	Nx	10	74447449.0	hap1
PR00838	Nx	11	74447449.0	hap1
PR00838	Nx	12	74447449.0	hap1
PR00838	Nx	13	62723173.0	hap1
PR00838	Nx	14	60049436.0	hap1
PR00838	Nx	15	60049436.0	hap1
PR00838	Nx	16	58795545.0	hap1
PR00838	Nx	17	58795545.0	hap1
PR00838	Nx	18	54870507.0	hap1
PR00838	Nx	19	54870507.0	hap1
PR00838	Nx	20	48336277.0	hap1
PR00838	Nx	21	48336277.0	hap1
PR00838	Nx	22	46113909.0	hap1
PR00838	Nx	23	46036384.0	hap1
PR00838	Nx	24	42419380.0	hap1
PR00838	Nx	25	42419380.0	hap1
PR00838	Nx	26	41704919.0	hap1
PR00838	Nx	27	39543375.0	hap1
PR00838	Nx	28	38076053.0	hap1
PR00838	Nx	29	38076053.0	hap1
PR00838	Nx	30	38023972.0	hap1
PR00838	Nx	31	37750449.0	hap1
PR00838	Nx	32	37524942.0	hap1
PR00838	Nx	33	35929446.0	hap1
PR00838	Nx	34	35146596.0	hap1
PR00838	Nx	35	34158117.0	hap1
PR00838	Nx	36	33411127.0	hap1
PR00838	Nx	37	33411127.0	hap1
PR00838	Nx	38	31367057.0	hap1
PR00838	Nx	39	31356195.0	hap1
PR00838	Nx	40	30816726.0	hap1
PR00838	Nx	41	30663154.0	hap1
PR00838	Nx	42	29568306.0	hap1
PR00838	Nx	43	29102409.0	hap1
PR00838	Nx	44	26264823.0	hap1
PR00838	Nx	45	25358067.0	hap1
PR00838	Nx	46	23162154.0	hap1
PR00838	Nx	47	22030344.0	hap1
PR00838	Nx	48	20344964.0	hap1
PR00838	Nx	49	19167030.0	hap1
PR00838	Nx	50	19029542.0	hap1
PR00838	Nx	51	18663092.0	hap1
PR00838	Nx	52	17993424.0	hap1
PR00838	Nx	53	17701604.0	hap1
PR00838	Nx	54	17415572.0	hap1
PR00838	Nx	55	16844254.0	hap1
PR00838	Nx	56	16152471.0	hap1
PR00838	Nx	57	16119558.0	hap1
PR00838	Nx	58	15407857.0	hap1
PR00838	Nx	59	15116048.0	hap1
PR00838	Nx	60	14224463.0	hap1
PR00838	Nx	61	13478662.0	hap1
PR00838	Nx	62	12952240.0	hap1
PR00838	Nx	63	12465603.0	hap1
PR00838	Nx	64	12272758.0	hap1
PR00838	Nx	65	11893352.0	hap1
PR00838	Nx	66	11212274.0	hap1
PR00838	Nx	67	10770463.0	hap1
PR00838	Nx	68	10599134.0	hap1
PR00838	Nx	69	10337169.0	hap1
PR00838	Nx	70	10053819.0	hap1
PR00838	Nx	71	9615629.0	hap1
PR00838	Nx	72	8684560.0	hap1
PR00838	Nx	73	8301296.0	hap1
PR00838	Nx	74	7859848.0	hap1
PR00838	Nx	75	7575103.0	hap1
PR00838	Nx	76	7363078.0	hap1
PR00838	Nx	77	7237752.0	hap1
PR00838	Nx	78	7049968.0	hap1
PR00838	Nx	79	6474424.0	hap1
PR00838	Nx	80	6071893.0	hap1
PR00838	Nx	81	5710637.0	hap1
PR00838	Nx	82	5428111.0	hap1
PR00838	Nx	83	4951656.0	hap1
PR00838	Nx	84	4569764.0	hap1
PR00838	Nx	85	4449386.0	hap1
PR00838	Nx	86	4107015.0	hap1
PR00838	Nx	87	3716424.0	hap1
PR00838	Nx	88	3278861.0	hap1
PR00838	Nx	89	2944456.0	hap1
PR00838	Nx	90	2602524.0	hap1
PR00838	Nx	91	2263932.0	hap1
PR00838	Nx	92	2024923.0	hap1
PR00838	Nx	93	1746244.0	hap1
PR00838	Nx	94	1535619.0	hap1
PR00838	Nx	95	1351720.0	hap1
PR00838	Nx	96	1085009.0	hap1
PR00838	Nx	97	788748.0	hap1
PR00838	Nx	98	539376.0	hap1
PR00838	Nx	99	269694.0	hap1
PR00838	Nx	100	9828.0	hap1
PR00838	Lx	1	111198175.0	hap1
PR00838	Lx	2	111198175.0	hap1
PR00838	Lx	3	111198175.0	hap1
PR00838	Lx	4	99094730.0	hap1
PR00838	Lx	5	99094730.0	hap1
PR00838	Lx	6	99094730.0	hap1
PR00838	Lx	7	95217899.0	hap1
PR00838	Lx	8	95217899.0	hap1
PR00838	Lx	9	95217899.0	hap1
PR00838	Lx	10	74447449.0	hap1
PR00838	Lx	11	74447449.0	hap1
PR00838	Lx	12	74447449.0	hap1
PR00838	Lx	13	62723173.0	hap1
PR00838	Lx	14	60049436.0	hap1
PR00838	Lx	15	60049436.0	hap1
PR00838	Lx	16	58795545.0	hap1
PR00838	Lx	17	58795545.0	hap1
PR00838	Lx	18	54870507.0	hap1
PR00838	Lx	19	54870507.0	hap1
PR00838	Lx	20	48336277.0	hap1
PR00838	Lx	21	48336277.0	hap1
PR00838	Lx	22	46113909.0	hap1
PR00838	Lx	23	46036384.0	hap1
PR00838	Lx	24	42419380.0	hap1
PR00838	Lx	25	42419380.0	hap1
PR00838	Lx	26	41704919.0	hap1
PR00838	Lx	27	39543375.0	hap1
PR00838	Lx	28	38076053.0	hap1
PR00838	Lx	29	38076053.0	hap1
PR00838	Lx	30	38023972.0	hap1
PR00838	Lx	31	37750449.0	hap1
PR00838	Lx	32	37524942.0	hap1
PR00838	Lx	33	35929446.0	hap1
PR00838	Lx	34	35146596.0	hap1
PR00838	Lx	35	34158117.0	hap1
PR00838	Lx	36	33411127.0	hap1
PR00838	Lx	37	33411127.0	hap1
PR00838	Lx	38	31367057.0	hap1
PR00838	Lx	39	31356195.0	hap1
PR00838	Lx	40	30816726.0	hap1
PR00838	Lx	41	30663154.0	hap1
PR00838	Lx	42	29568306.0	hap1
PR00838	Lx	43	29102409.0	hap1
PR00838	Lx	44	26264823.0	hap1
PR00838	Lx	45	25358067.0	hap1
PR00838	Lx	46	23162154.0	hap1
PR00838	Lx	47	22030344.0	hap1
PR00838	Lx	48	20344964.0	hap1
PR00838	Lx	49	19167030.0	hap1
PR00838	Lx	50	19029542.0	hap1
PR00838	Lx	51	18663092.0	hap1
PR00838	Lx	52	17993424.0	hap1
PR00838	Lx	53	17701604.0	hap1
PR00838	Lx	54	17415572.0	hap1
PR00838	Lx	55	16844254.0	hap1
PR00838	Lx	56	16152471.0	hap1
PR00838	Lx	57	16119558.0	hap1
PR00838	Lx	58	15407857.0	hap1
PR00838	Lx	59	15116048.0	hap1
PR00838	Lx	60	14224463.0	hap1
PR00838	Lx	61	13478662.0	hap1
PR00838	Lx	62	12952240.0	hap1
PR00838	Lx	63	12465603.0	hap1
PR00838	Lx	64	12272758.0	hap1
PR00838	Lx	65	11893352.0	hap1
PR00838	Lx	66	11212274.0	hap1
PR00838	Lx	67	10770463.0	hap1
PR00838	Lx	68	10599134.0	hap1
PR00838	Lx	69	10337169.0	hap1
PR00838	Lx	70	10053819.0	hap1
PR00838	Lx	71	9615629.0	hap1
PR00838	Lx	72	8684560.0	hap1
PR00838	Lx	73	8301296.0	hap1
PR00838	Lx	74	7859848.0	hap1
PR00838	Lx	75	7575103.0	hap1
PR00838	Lx	76	7363078.0	hap1
PR00838	Lx	77	7237752.0	hap1
PR00838	Lx	78	7049968.0	hap1
PR00838	Lx	79	6474424.0	hap1
PR00838	Lx	80	6071893.0	hap1
PR00838	Lx	81	5710637.0	hap1
PR00838	Lx	82	5428111.0	hap1
PR00838	Lx	83	4951656.0	hap1
PR00838	Lx	84	4569764.0	hap1
PR00838	Lx	85	4449386.0	hap1
PR00838	Lx	86	4107015.0	hap1
PR00838	Lx	87	3716424.0	hap1
PR00838	Lx	88	3278861.0	hap1
PR00838	Lx	89	2944456.0	hap1
PR00838	Lx	90	2602524.0	hap1
PR00838	Lx	91	2263932.0	hap1
PR00838	Lx	92	2024923.0	hap1
PR00838	Lx	93	1746244.0	hap1
PR00838	Lx	94	1535619.0	hap1
PR00838	Lx	95	1351720.0	hap1
PR00838	Lx	96	1085009.0	hap1
PR00838	Lx	97	788748.0	hap1
PR00838	Lx	98	539376.0	hap1
PR00838	Lx	99	269694.0	hap1
PR00838	Lx	100	9828.0	hap1
PR00838	NGx	1	111198175.0	hap1
PR00838	NGx	2	111198175.0	hap1
PR00838	NGx	3	111198175.0	hap1
PR00838	NGx	4	99094730.0	hap1
PR00838	NGx	5	99094730.0	hap1
PR00838	NGx	6	99094730.0	hap1
PR00838	NGx	7	95217899.0	hap1
PR00838	NGx	8	95217899.0	hap1
PR00838	NGx	9	95217899.0	hap1
PR00838	NGx	10	95217899.0	hap1
PR00838	NGx	11	74447449.0	hap1
PR00838	NGx	12	74447449.0	hap1
PR00838	NGx	13	62723173.0	hap1
PR00838	NGx	14	62723173.0	hap1
PR00838	NGx	15	60049436.0	hap1
PR00838	NGx	16	60049436.0	hap1
PR00838	NGx	17	58795545.0	hap1
PR00838	NGx	18	58795545.0	hap1
PR00838	NGx	19	54870507.0	hap1
PR00838	NGx	20	54870507.0	hap1
PR00838	NGx	21	48336277.0	hap1
PR00838	NGx	22	48336277.0	hap1
PR00838	NGx	23	46113909.0	hap1
PR00838	NGx	24	46036384.0	hap1
PR00838	NGx	25	46036384.0	hap1
PR00838	NGx	26	42419380.0	hap1
PR00838	NGx	27	41704919.0	hap1
PR00838	NGx	28	39543375.0	hap1
PR00838	NGx	29	39543375.0	hap1
PR00838	NGx	30	38076053.0	hap1
PR00838	NGx	31	38023972.0	hap1
PR00838	NGx	32	37750449.0	hap1
PR00838	NGx	33	37524942.0	hap1
PR00838	NGx	34	37524942.0	hap1
PR00838	NGx	35	35929446.0	hap1
PR00838	NGx	36	35146596.0	hap1
PR00838	NGx	37	34158117.0	hap1
PR00838	NGx	38	33411127.0	hap1
PR00838	NGx	39	31367057.0	hap1
PR00838	NGx	40	31356195.0	hap1
PR00838	NGx	41	31188326.0	hap1
PR00838	NGx	42	30816726.0	hap1
PR00838	NGx	43	30663154.0	hap1
PR00838	NGx	44	29568306.0	hap1
PR00838	NGx	45	29102409.0	hap1
PR00838	NGx	46	26264823.0	hap1
PR00838	NGx	47	25358067.0	hap1
PR00838	NGx	48	23162154.0	hap1
PR00838	NGx	49	22795477.0	hap1
PR00838	NGx	50	20344964.0	hap1
PR00838	NGx	51	19377658.0	hap1
PR00838	NGx	52	19029542.0	hap1
PR00838	NGx	53	18726113.0	hap1
PR00838	NGx	54	18428821.0	hap1
PR00838	NGx	55	17713271.0	hap1
PR00838	NGx	56	17701604.0	hap1
PR00838	NGx	57	17096130.0	hap1
PR00838	NGx	58	16508654.0	hap1
PR00838	NGx	59	16131187.0	hap1
PR00838	NGx	60	16043242.0	hap1
PR00838	NGx	61	15389560.0	hap1
PR00838	NGx	62	14638442.0	hap1
PR00838	NGx	63	13831133.0	hap1
PR00838	NGx	64	13478662.0	hap1
PR00838	NGx	65	12952240.0	hap1
PR00838	NGx	66	12465603.0	hap1
PR00838	NGx	67	12272758.0	hap1
PR00838	NGx	68	11893352.0	hap1
PR00838	NGx	69	11492293.0	hap1
PR00838	NGx	70	10770463.0	hap1
PR00838	NGx	71	10599134.0	hap1
PR00838	NGx	72	10337169.0	hap1
PR00838	NGx	73	10142541.0	hap1
PR00838	NGx	74	9724388.0	hap1
PR00838	NGx	75	8992231.0	hap1
PR00838	NGx	76	8572372.0	hap1
PR00838	NGx	77	8111832.0	hap1
PR00838	NGx	78	7710857.0	hap1
PR00838	NGx	79	7522889.0	hap1
PR00838	NGx	80	7284646.0	hap1
PR00838	NGx	81	7152353.0	hap1
PR00838	NGx	82	7011983.0	hap1
PR00838	NGx	83	6419413.0	hap1
PR00838	NGx	84	6071893.0	hap1
PR00838	NGx	85	5621058.0	hap1
PR00838	NGx	86	5428111.0	hap1
PR00838	NGx	87	4951656.0	hap1
PR00838	NGx	88	4569764.0	hap1
PR00838	NGx	89	4449386.0	hap1
PR00838	NGx	90	4174574.0	hap1
PR00838	NGx	91	3727570.0	hap1
PR00838	NGx	92	3352582.0	hap1
PR00838	NGx	93	2946188.0	hap1
PR00838	NGx	94	2661681.0	hap1
PR00838	NGx	95	2413859.0	hap1
PR00838	NGx	96	2113865.0	hap1
PR00838	NGx	97	1872345.0	hap1
PR00838	NGx	98	1611549.0	hap1
PR00838	NGx	99	1440755.0	hap1
PR00838	NGx	100	1220295.0	hap1
PR00838	LGx	1	1.0	hap1
PR00838	LGx	2	1.0	hap1
PR00838	LGx	3	1.0	hap1
PR00838	LGx	4	2.0	hap1
PR00838	LGx	5	2.0	hap1
PR00838	LGx	6	2.0	hap1
PR00838	LGx	7	3.0	hap1
PR00838	LGx	8	3.0	hap1
PR00838	LGx	9	3.0	hap1
PR00838	LGx	10	3.0	hap1
PR00838	LGx	11	4.0	hap1
PR00838	LGx	12	4.0	hap1
PR00838	LGx	13	5.0	hap1
PR00838	LGx	14	5.0	hap1
PR00838	LGx	15	6.0	hap1
PR00838	LGx	16	6.0	hap1
PR00838	LGx	17	7.0	hap1
PR00838	LGx	18	7.0	hap1
PR00838	LGx	19	8.0	hap1
PR00838	LGx	20	8.0	hap1
PR00838	LGx	21	9.0	hap1
PR00838	LGx	22	9.0	hap1
PR00838	LGx	23	10.0	hap1
PR00838	LGx	24	11.0	hap1
PR00838	LGx	25	11.0	hap1
PR00838	LGx	26	12.0	hap1
PR00838	LGx	27	13.0	hap1
PR00838	LGx	28	14.0	hap1
PR00838	LGx	29	14.0	hap1
PR00838	LGx	30	15.0	hap1
PR00838	LGx	31	16.0	hap1
PR00838	LGx	32	17.0	hap1
PR00838	LGx	33	18.0	hap1
PR00838	LGx	34	18.0	hap1
PR00838	LGx	35	19.0	hap1
PR00838	LGx	36	20.0	hap1
PR00838	LGx	37	21.0	hap1
PR00838	LGx	38	22.0	hap1
PR00838	LGx	39	23.0	hap1
PR00838	LGx	40	24.0	hap1
PR00838	LGx	41	25.0	hap1
PR00838	LGx	42	26.0	hap1
PR00838	LGx	43	27.0	hap1
PR00838	LGx	44	28.0	hap1
PR00838	LGx	45	29.0	hap1
PR00838	LGx	46	30.0	hap1
PR00838	LGx	47	31.0	hap1
PR00838	LGx	48	32.0	hap1
PR00838	LGx	49	33.0	hap1
PR00838	LGx	50	35.0	hap1
PR00838	LGx	51	36.0	hap1
PR00838	LGx	52	38.0	hap1
PR00838	LGx	53	39.0	hap1
PR00838	LGx	54	41.0	hap1
PR00838	LGx	55	43.0	hap1
PR00838	LGx	56	44.0	hap1
PR00838	LGx	57	46.0	hap1
PR00838	LGx	58	48.0	hap1
PR00838	LGx	59	50.0	hap1
PR00838	LGx	60	52.0	hap1
PR00838	LGx	61	54.0	hap1
PR00838	LGx	62	56.0	hap1
PR00838	LGx	63	58.0	hap1
PR00838	LGx	64	60.0	hap1
PR00838	LGx	65	62.0	hap1
PR00838	LGx	66	65.0	hap1
PR00838	LGx	67	67.0	hap1
PR00838	LGx	68	70.0	hap1
PR00838	LGx	69	72.0	hap1
PR00838	LGx	70	75.0	hap1
PR00838	LGx	71	78.0	hap1
PR00838	LGx	72	81.0	hap1
PR00838	LGx	73	83.0	hap1
PR00838	LGx	74	87.0	hap1
PR00838	LGx	75	90.0	hap1
PR00838	LGx	76	93.0	hap1
PR00838	LGx	77	97.0	hap1
PR00838	LGx	78	101.0	hap1
PR00838	LGx	79	105.0	hap1
PR00838	LGx	80	109.0	hap1
PR00838	LGx	81	113.0	hap1
PR00838	LGx	82	117.0	hap1
PR00838	LGx	83	122.0	hap1
PR00838	LGx	84	126.0	hap1
PR00838	LGx	85	132.0	hap1
PR00838	LGx	86	137.0	hap1
PR00838	LGx	87	143.0	hap1
PR00838	LGx	88	149.0	hap1
PR00838	LGx	89	156.0	hap1
PR00838	LGx	90	163.0	hap1
PR00838	LGx	91	171.0	hap1
PR00838	LGx	92	179.0	hap1
PR00838	LGx	93	189.0	hap1
PR00838	LGx	94	200.0	hap1
PR00838	LGx	95	211.0	hap1
PR00838	LGx	96	225.0	hap1
PR00838	LGx	97	240.0	hap1
PR00838	LGx	98	258.0	hap1
PR00838	LGx	99	277.0	hap1
PR00838	LGx	100	300.0	hap1
PR00838	auN	3125393508	486.02744	hap2
PR00838	auNG	3018593705	503.2234	hap2
PR00838	Nx	1	81908201.0	hap2
PR00838	Nx	2	81908201.0	hap2
PR00838	Nx	3	77706430.0	hap2
PR00838	Nx	4	77706430.0	hap2
PR00838	Nx	5	77706430.0	hap2
PR00838	Nx	6	76563682.0	hap2
PR00838	Nx	7	76563682.0	hap2
PR00838	Nx	8	69880871.0	hap2
PR00838	Nx	9	69880871.0	hap2
PR00838	Nx	10	69108211.0	hap2
PR00838	Nx	11	69108211.0	hap2
PR00838	Nx	12	69108211.0	hap2
PR00838	Nx	13	60504207.0	hap2
PR00838	Nx	14	57521297.0	hap2
PR00838	Nx	15	57521297.0	hap2
PR00838	Nx	16	51624079.0	hap2
PR00838	Nx	17	51624079.0	hap2
PR00838	Nx	18	50850999.0	hap2
PR00838	Nx	19	50850999.0	hap2
PR00838	Nx	20	49934571.0	hap2
PR00838	Nx	21	46619635.0	hap2
PR00838	Nx	22	46619635.0	hap2
PR00838	Nx	23	46119958.0	hap2
PR00838	Nx	24	44953050.0	hap2
PR00838	Nx	25	44953050.0	hap2
PR00838	Nx	26	37817814.0	hap2
PR00838	Nx	27	35618518.0	hap2
PR00838	Nx	28	34809928.0	hap2
PR00838	Nx	29	33636372.0	hap2
PR00838	Nx	30	33284263.0	hap2
PR00838	Nx	31	32314532.0	hap2
PR00838	Nx	32	29349340.0	hap2
PR00838	Nx	33	29242629.0	hap2
PR00838	Nx	34	29117309.0	hap2
PR00838	Nx	35	28593261.0	hap2
PR00838	Nx	36	28381528.0	hap2
PR00838	Nx	37	28367425.0	hap2
PR00838	Nx	38	28148275.0	hap2
PR00838	Nx	39	27172961.0	hap2
PR00838	Nx	40	23700988.0	hap2
PR00838	Nx	41	22985657.0	hap2
PR00838	Nx	42	22791653.0	hap2
PR00838	Nx	43	22105322.0	hap2
PR00838	Nx	44	21993293.0	hap2
PR00838	Nx	45	21056304.0	hap2
PR00838	Nx	46	20457733.0	hap2
PR00838	Nx	47	20090642.0	hap2
PR00838	Nx	48	19959403.0	hap2
PR00838	Nx	49	19275845.0	hap2
PR00838	Nx	50	18391163.0	hap2
PR00838	Nx	51	18000566.0	hap2
PR00838	Nx	52	17759623.0	hap2
PR00838	Nx	53	17202080.0	hap2
PR00838	Nx	54	16087691.0	hap2
PR00838	Nx	55	16079260.0	hap2
PR00838	Nx	56	14992238.0	hap2
PR00838	Nx	57	14528732.0	hap2
PR00838	Nx	58	13706848.0	hap2
PR00838	Nx	59	13436994.0	hap2
PR00838	Nx	60	12998585.0	hap2
PR00838	Nx	61	12352296.0	hap2
PR00838	Nx	62	12188257.0	hap2
PR00838	Nx	63	11858048.0	hap2
PR00838	Nx	64	11380732.0	hap2
PR00838	Nx	65	10852229.0	hap2
PR00838	Nx	66	10411973.0	hap2
PR00838	Nx	67	9655150.0	hap2
PR00838	Nx	68	8946646.0	hap2
PR00838	Nx	69	8343174.0	hap2
PR00838	Nx	70	8071385.0	hap2
PR00838	Nx	71	8015296.0	hap2
PR00838	Nx	72	7844541.0	hap2
PR00838	Nx	73	7307585.0	hap2
PR00838	Nx	74	7080519.0	hap2
PR00838	Nx	75	7024082.0	hap2
PR00838	Nx	76	6648628.0	hap2
PR00838	Nx	77	6307479.0	hap2
PR00838	Nx	78	6048700.0	hap2
PR00838	Nx	79	5811666.0	hap2
PR00838	Nx	80	5511262.0	hap2
PR00838	Nx	81	5116214.0	hap2
PR00838	Nx	82	4672564.0	hap2
PR00838	Nx	83	4293108.0	hap2
PR00838	Nx	84	4003451.0	hap2
PR00838	Nx	85	3694424.0	hap2
PR00838	Nx	86	3414715.0	hap2
PR00838	Nx	87	3249522.0	hap2
PR00838	Nx	88	3006853.0	hap2
PR00838	Nx	89	2810478.0	hap2
PR00838	Nx	90	2604289.0	hap2
PR00838	Nx	91	2383017.0	hap2
PR00838	Nx	92	2134534.0	hap2
PR00838	Nx	93	1848524.0	hap2
PR00838	Nx	94	1485550.0	hap2
PR00838	Nx	95	1324274.0	hap2
PR00838	Nx	96	1079481.0	hap2
PR00838	Nx	97	894719.0	hap2
PR00838	Nx	98	640083.0	hap2
PR00838	Nx	99	312098.0	hap2
PR00838	Nx	100	6092.0	hap2
PR00838	Lx	1	81908201.0	hap2
PR00838	Lx	2	81908201.0	hap2
PR00838	Lx	3	77706430.0	hap2
PR00838	Lx	4	77706430.0	hap2
PR00838	Lx	5	77706430.0	hap2
PR00838	Lx	6	76563682.0	hap2
PR00838	Lx	7	76563682.0	hap2
PR00838	Lx	8	69880871.0	hap2
PR00838	Lx	9	69880871.0	hap2
PR00838	Lx	10	69108211.0	hap2
PR00838	Lx	11	69108211.0	hap2
PR00838	Lx	12	69108211.0	hap2
PR00838	Lx	13	60504207.0	hap2
PR00838	Lx	14	57521297.0	hap2
PR00838	Lx	15	57521297.0	hap2
PR00838	Lx	16	51624079.0	hap2
PR00838	Lx	17	51624079.0	hap2
PR00838	Lx	18	50850999.0	hap2
PR00838	Lx	19	50850999.0	hap2
PR00838	Lx	20	49934571.0	hap2
PR00838	Lx	21	46619635.0	hap2
PR00838	Lx	22	46619635.0	hap2
PR00838	Lx	23	46119958.0	hap2
PR00838	Lx	24	44953050.0	hap2
PR00838	Lx	25	44953050.0	hap2
PR00838	Lx	26	37817814.0	hap2
PR00838	Lx	27	35618518.0	hap2
PR00838	Lx	28	34809928.0	hap2
PR00838	Lx	29	33636372.0	hap2
PR00838	Lx	30	33284263.0	hap2
PR00838	Lx	31	32314532.0	hap2
PR00838	Lx	32	29349340.0	hap2
PR00838	Lx	33	29242629.0	hap2
PR00838	Lx	34	29117309.0	hap2
PR00838	Lx	35	28593261.0	hap2
PR00838	Lx	36	28381528.0	hap2
PR00838	Lx	37	28367425.0	hap2
PR00838	Lx	38	28148275.0	hap2
PR00838	Lx	39	27172961.0	hap2
PR00838	Lx	40	23700988.0	hap2
PR00838	Lx	41	22985657.0	hap2
PR00838	Lx	42	22791653.0	hap2
PR00838	Lx	43	22105322.0	hap2
PR00838	Lx	44	21993293.0	hap2
PR00838	Lx	45	21056304.0	hap2
PR00838	Lx	46	20457733.0	hap2
PR00838	Lx	47	20090642.0	hap2
PR00838	Lx	48	19959403.0	hap2
PR00838	Lx	49	19275845.0	hap2
PR00838	Lx	50	18391163.0	hap2
PR00838	Lx	51	18000566.0	hap2
PR00838	Lx	52	17759623.0	hap2
PR00838	Lx	53	17202080.0	hap2
PR00838	Lx	54	16087691.0	hap2
PR00838	Lx	55	16079260.0	hap2
PR00838	Lx	56	14992238.0	hap2
PR00838	Lx	57	14528732.0	hap2
PR00838	Lx	58	13706848.0	hap2
PR00838	Lx	59	13436994.0	hap2
PR00838	Lx	60	12998585.0	hap2
PR00838	Lx	61	12352296.0	hap2
PR00838	Lx	62	12188257.0	hap2
PR00838	Lx	63	11858048.0	hap2
PR00838	Lx	64	11380732.0	hap2
PR00838	Lx	65	10852229.0	hap2
PR00838	Lx	66	10411973.0	hap2
PR00838	Lx	67	9655150.0	hap2
PR00838	Lx	68	8946646.0	hap2
PR00838	Lx	69	8343174.0	hap2
PR00838	Lx	70	8071385.0	hap2
PR00838	Lx	71	8015296.0	hap2
PR00838	Lx	72	7844541.0	hap2
PR00838	Lx	73	7307585.0	hap2
PR00838	Lx	74	7080519.0	hap2
PR00838	Lx	75	7024082.0	hap2
PR00838	Lx	76	6648628.0	hap2
PR00838	Lx	77	6307479.0	hap2
PR00838	Lx	78	6048700.0	hap2
PR00838	Lx	79	5811666.0	hap2
PR00838	Lx	80	5511262.0	hap2
PR00838	Lx	81	5116214.0	hap2
PR00838	Lx	82	4672564.0	hap2
PR00838	Lx	83	4293108.0	hap2
PR00838	Lx	84	4003451.0	hap2
PR00838	Lx	85	3694424.0	hap2
PR00838	Lx	86	3414715.0	hap2
PR00838	Lx	87	3249522.0	hap2
PR00838	Lx	88	3006853.0	hap2
PR00838	Lx	89	2810478.0	hap2
PR00838	Lx	90	2604289.0	hap2
PR00838	Lx	91	2383017.0	hap2
PR00838	Lx	92	2134534.0	hap2
PR00838	Lx	93	1848524.0	hap2
PR00838	Lx	94	1485550.0	hap2
PR00838	Lx	95	1324274.0	hap2
PR00838	Lx	96	1079481.0	hap2
PR00838	Lx	97	894719.0	hap2
PR00838	Lx	98	640083.0	hap2
PR00838	Lx	99	312098.0	hap2
PR00838	Lx	100	6092.0	hap2
PR00838	NGx	1	81908201.0	hap2
PR00838	NGx	2	81908201.0	hap2
PR00838	NGx	3	77706430.0	hap2
PR00838	NGx	4	77706430.0	hap2
PR00838	NGx	5	77706430.0	hap2
PR00838	NGx	6	76563682.0	hap2
PR00838	NGx	7	76563682.0	hap2
PR00838	NGx	8	69880871.0	hap2
PR00838	NGx	9	69880871.0	hap2
PR00838	NGx	10	69880871.0	hap2
PR00838	NGx	11	69108211.0	hap2
PR00838	NGx	12	69108211.0	hap2
PR00838	NGx	13	60504207.0	hap2
PR00838	NGx	14	60504207.0	hap2
PR00838	NGx	15	57521297.0	hap2
PR00838	NGx	16	57521297.0	hap2
PR00838	NGx	17	51624079.0	hap2
PR00838	NGx	18	51624079.0	hap2
PR00838	NGx	19	50850999.0	hap2
PR00838	NGx	20	49934571.0	hap2
PR00838	NGx	21	49934571.0	hap2
PR00838	NGx	22	46619635.0	hap2
PR00838	NGx	23	46119958.0	hap2
PR00838	NGx	24	46119958.0	hap2
PR00838	NGx	25	44953050.0	hap2
PR00838	NGx	26	37817814.0	hap2
PR00838	NGx	27	37817814.0	hap2
PR00838	NGx	28	35618518.0	hap2
PR00838	NGx	29	34809928.0	hap2
PR00838	NGx	30	33636372.0	hap2
PR00838	NGx	31	33284263.0	hap2
PR00838	NGx	32	32314532.0	hap2
PR00838	NGx	33	29349340.0	hap2
PR00838	NGx	34	29242629.0	hap2
PR00838	NGx	35	29117309.0	hap2
PR00838	NGx	36	28593261.0	hap2
PR00838	NGx	37	28381528.0	hap2
PR00838	NGx	38	28367425.0	hap2
PR00838	NGx	39	28148275.0	hap2
PR00838	NGx	40	27172961.0	hap2
PR00838	NGx	41	26827232.0	hap2
PR00838	NGx	42	23700988.0	hap2
PR00838	NGx	43	22791653.0	hap2
PR00838	NGx	44	22544021.0	hap2
PR00838	NGx	45	22105322.0	hap2
PR00838	NGx	46	21397309.0	hap2
PR00838	NGx	47	21056304.0	hap2
PR00838	NGx	48	20382423.0	hap2
PR00838	NGx	49	20090642.0	hap2
PR00838	NGx	50	19898231.0	hap2
PR00838	NGx	51	19275845.0	hap2
PR00838	NGx	52	18218446.0	hap2
PR00838	NGx	53	17993405.0	hap2
PR00838	NGx	54	17759623.0	hap2
PR00838	NGx	55	17202080.0	hap2
PR00838	NGx	56	16087691.0	hap2
PR00838	NGx	57	15937407.0	hap2
PR00838	NGx	58	14992238.0	hap2
PR00838	NGx	59	14528732.0	hap2
PR00838	NGx	60	13706848.0	hap2
PR00838	NGx	61	13436994.0	hap2
PR00838	NGx	62	12998585.0	hap2
PR00838	NGx	63	12352296.0	hap2
PR00838	NGx	64	12188257.0	hap2
PR00838	NGx	65	11858048.0	hap2
PR00838	NGx	66	11411904.0	hap2
PR00838	NGx	67	11335680.0	hap2
PR00838	NGx	68	10411973.0	hap2
PR00838	NGx	69	9685107.0	hap2
PR00838	NGx	70	9417744.0	hap2
PR00838	NGx	71	8869855.0	hap2
PR00838	NGx	72	8139769.0	hap2
PR00838	NGx	73	8056169.0	hap2
PR00838	NGx	74	7962457.0	hap2
PR00838	NGx	75	7590298.0	hap2
PR00838	NGx	76	7272336.0	hap2
PR00838	NGx	77	7073575.0	hap2
PR00838	NGx	78	6801038.0	hap2
PR00838	NGx	79	6481156.0	hap2
PR00838	NGx	80	6278367.0	hap2
PR00838	NGx	81	5886017.0	hap2
PR00838	NGx	82	5783507.0	hap2
PR00838	NGx	83	5452186.0	hap2
PR00838	NGx	84	5088467.0	hap2
PR00838	NGx	85	4672564.0	hap2
PR00838	NGx	86	4293108.0	hap2
PR00838	NGx	87	4003451.0	hap2
PR00838	NGx	88	3694424.0	hap2
PR00838	NGx	89	3414715.0	hap2
PR00838	NGx	90	3249522.0	hap2
PR00838	NGx	91	3015885.0	hap2
PR00838	NGx	92	2837037.0	hap2
PR00838	NGx	93	2656864.0	hap2
PR00838	NGx	94	2413781.0	hap2
PR00838	NGx	95	2211987.0	hap2
PR00838	NGx	96	1913042.0	hap2
PR00838	NGx	97	1718900.0	hap2
PR00838	NGx	98	1380044.0	hap2
PR00838	NGx	99	1151358.0	hap2
PR00838	NGx	100	1009138.0	hap2
PR00838	LGx	1	1.0	hap2
PR00838	LGx	2	1.0	hap2
PR00838	LGx	3	2.0	hap2
PR00838	LGx	4	2.0	hap2
PR00838	LGx	5	2.0	hap2
PR00838	LGx	6	3.0	hap2
PR00838	LGx	7	3.0	hap2
PR00838	LGx	8	4.0	hap2
PR00838	LGx	9	4.0	hap2
PR00838	LGx	10	4.0	hap2
PR00838	LGx	11	5.0	hap2
PR00838	LGx	12	5.0	hap2
PR00838	LGx	13	6.0	hap2
PR00838	LGx	14	6.0	hap2
PR00838	LGx	15	7.0	hap2
PR00838	LGx	16	7.0	hap2
PR00838	LGx	17	8.0	hap2
PR00838	LGx	18	8.0	hap2
PR00838	LGx	19	9.0	hap2
PR00838	LGx	20	10.0	hap2
PR00838	LGx	21	10.0	hap2
PR00838	LGx	22	11.0	hap2
PR00838	LGx	23	12.0	hap2
PR00838	LGx	24	12.0	hap2
PR00838	LGx	25	13.0	hap2
PR00838	LGx	26	14.0	hap2
PR00838	LGx	27	14.0	hap2
PR00838	LGx	28	15.0	hap2
PR00838	LGx	29	16.0	hap2
PR00838	LGx	30	17.0	hap2
PR00838	LGx	31	18.0	hap2
PR00838	LGx	32	19.0	hap2
PR00838	LGx	33	20.0	hap2
PR00838	LGx	34	21.0	hap2
PR00838	LGx	35	22.0	hap2
PR00838	LGx	36	23.0	hap2
PR00838	LGx	37	24.0	hap2
PR00838	LGx	38	25.0	hap2
PR00838	LGx	39	26.0	hap2
PR00838	LGx	40	27.0	hap2
PR00838	LGx	41	28.0	hap2
PR00838	LGx	42	29.0	hap2
PR00838	LGx	43	31.0	hap2
PR00838	LGx	44	32.0	hap2
PR00838	LGx	45	33.0	hap2
PR00838	LGx	46	35.0	hap2
PR00838	LGx	47	36.0	hap2
PR00838	LGx	48	38.0	hap2
PR00838	LGx	49	39.0	hap2
PR00838	LGx	50	41.0	hap2
PR00838	LGx	51	42.0	hap2
PR00838	LGx	52	44.0	hap2
PR00838	LGx	53	46.0	hap2
PR00838	LGx	54	47.0	hap2
PR00838	LGx	55	49.0	hap2
PR00838	LGx	56	51.0	hap2
PR00838	LGx	57	53.0	hap2
PR00838	LGx	58	55.0	hap2
PR00838	LGx	59	57.0	hap2
PR00838	LGx	60	59.0	hap2
PR00838	LGx	61	61.0	hap2
PR00838	LGx	62	63.0	hap2
PR00838	LGx	63	66.0	hap2
PR00838	LGx	64	68.0	hap2
PR00838	LGx	65	71.0	hap2
PR00838	LGx	66	73.0	hap2
PR00838	LGx	67	76.0	hap2
PR00838	LGx	68	79.0	hap2
PR00838	LGx	69	82.0	hap2
PR00838	LGx	70	85.0	hap2
PR00838	LGx	71	88.0	hap2
PR00838	LGx	72	92.0	hap2
PR00838	LGx	73	95.0	hap2
PR00838	LGx	74	99.0	hap2
PR00838	LGx	75	103.0	hap2
PR00838	LGx	76	107.0	hap2
PR00838	LGx	77	111.0	hap2
PR00838	LGx	78	116.0	hap2
PR00838	LGx	79	120.0	hap2
PR00838	LGx	80	125.0	hap2
PR00838	LGx	81	130.0	hap2
PR00838	LGx	82	135.0	hap2
PR00838	LGx	83	140.0	hap2
PR00838	LGx	84	146.0	hap2
PR00838	LGx	85	152.0	hap2
PR00838	LGx	86	159.0	hap2
PR00838	LGx	87	166.0	hap2
PR00838	LGx	88	174.0	hap2
PR00838	LGx	89	183.0	hap2
PR00838	LGx	90	192.0	hap2
PR00838	LGx	91	201.0	hap2
PR00838	LGx	92	211.0	hap2
PR00838	LGx	93	222.0	hap2
PR00838	LGx	94	234.0	hap2
PR00838	LGx	95	247.0	hap2
PR00838	LGx	96	262.0	hap2
PR00838	LGx	97	279.0	hap2
PR00838	LGx	98	299.0	hap2
PR00838	LGx	99	323.0	hap2
PR00838	LGx	100	351.0	hap2
PR00838	auN	3285102388	263.56332	primary
PR00838	auNG	3018593705	286.83304	primary
PR00838	Nx	1	111198175.0	primary
PR00838	Nx	2	111198175.0	primary
PR00838	Nx	3	111198175.0	primary
PR00838	Nx	4	100377344.0	primary
PR00838	Nx	5	100377344.0	primary
PR00838	Nx	6	100377344.0	primary
PR00838	Nx	7	96751188.0	primary
PR00838	Nx	8	96751188.0	primary
PR00838	Nx	9	96751188.0	primary
PR00838	Nx	10	95217899.0	primary
PR00838	Nx	11	95217899.0	primary
PR00838	Nx	12	95217899.0	primary
PR00838	Nx	13	91353663.0	primary
PR00838	Nx	14	91353663.0	primary
PR00838	Nx	15	91353663.0	primary
PR00838	Nx	16	77045387.0	primary
PR00838	Nx	17	77045387.0	primary
PR00838	Nx	18	76100780.0	primary
PR00838	Nx	19	76100780.0	primary
PR00838	Nx	20	75175236.0	primary
PR00838	Nx	21	75175236.0	primary
PR00838	Nx	22	75175236.0	primary
PR00838	Nx	23	71905242.0	primary
PR00838	Nx	24	71905242.0	primary
PR00838	Nx	25	63745803.0	primary
PR00838	Nx	26	63745803.0	primary
PR00838	Nx	27	63701981.0	primary
PR00838	Nx	28	63701981.0	primary
PR00838	Nx	29	62510077.0	primary
PR00838	Nx	30	60504207.0	primary
PR00838	Nx	31	60504207.0	primary
PR00838	Nx	32	60049436.0	primary
PR00838	Nx	33	60049436.0	primary
PR00838	Nx	34	58599893.0	primary
PR00838	Nx	35	58599893.0	primary
PR00838	Nx	36	56780267.0	primary
PR00838	Nx	37	56780267.0	primary
PR00838	Nx	38	54854774.0	primary
PR00838	Nx	39	48708725.0	primary
PR00838	Nx	40	48708725.0	primary
PR00838	Nx	41	46727785.0	primary
PR00838	Nx	42	44953050.0	primary
PR00838	Nx	43	44953050.0	primary
PR00838	Nx	44	40591593.0	primary
PR00838	Nx	45	38023972.0	primary
PR00838	Nx	46	37937657.0	primary
PR00838	Nx	47	37525384.0	primary
PR00838	Nx	48	37005169.0	primary
PR00838	Nx	49	36820699.0	primary
PR00838	Nx	50	36820699.0	primary
PR00838	Nx	51	35929446.0	primary
PR00838	Nx	52	35620800.0	primary
PR00838	Nx	53	35411304.0	primary
PR00838	Nx	54	33286727.0	primary
PR00838	Nx	55	33209008.0	primary
PR00838	Nx	56	31369342.0	primary
PR00838	Nx	57	31356195.0	primary
PR00838	Nx	58	31304667.0	primary
PR00838	Nx	59	29966228.0	primary
PR00838	Nx	60	29104317.0	primary
PR00838	Nx	61	28747940.0	primary
PR00838	Nx	62	28656976.0	primary
PR00838	Nx	63	26827232.0	primary
PR00838	Nx	64	25863170.0	primary
PR00838	Nx	65	25592805.0	primary
PR00838	Nx	66	22356201.0	primary
PR00838	Nx	67	22030344.0	primary
PR00838	Nx	68	21472005.0	primary
PR00838	Nx	69	21056304.0	primary
PR00838	Nx	70	20344964.0	primary
PR00838	Nx	71	19029542.0	primary
PR00838	Nx	72	18756705.0	primary
PR00838	Nx	73	17329142.0	primary
PR00838	Nx	74	16844254.0	primary
PR00838	Nx	75	16131187.0	primary
PR00838	Nx	76	15944391.0	primary
PR00838	Nx	77	14638442.0	primary
PR00838	Nx	78	13334528.0	primary
PR00838	Nx	79	13001309.0	primary
PR00838	Nx	80	12077823.0	primary
PR00838	Nx	81	11144230.0	primary
PR00838	Nx	82	10599134.0	primary
PR00838	Nx	83	9709384.0	primary
PR00838	Nx	84	8655703.0	primary
PR00838	Nx	85	7962457.0	primary
PR00838	Nx	86	7710857.0	primary
PR00838	Nx	87	7059387.0	primary
PR00838	Nx	88	6276756.0	primary
PR00838	Nx	89	5574008.0	primary
PR00838	Nx	90	4976174.0	primary
PR00838	Nx	91	4599227.0	primary
PR00838	Nx	92	4318725.0	primary
PR00838	Nx	93	3956637.0	primary
PR00838	Nx	94	3510984.0	primary
PR00838	Nx	95	2817533.0	primary
PR00838	Nx	96	2366611.0	primary
PR00838	Nx	97	1910895.0	primary
PR00838	Nx	98	1327224.0	primary
PR00838	Nx	99	862387.0	primary
PR00838	Nx	100	12571.0	primary
PR00838	Lx	1	111198175.0	primary
PR00838	Lx	2	111198175.0	primary
PR00838	Lx	3	111198175.0	primary
PR00838	Lx	4	100377344.0	primary
PR00838	Lx	5	100377344.0	primary
PR00838	Lx	6	100377344.0	primary
PR00838	Lx	7	96751188.0	primary
PR00838	Lx	8	96751188.0	primary
PR00838	Lx	9	96751188.0	primary
PR00838	Lx	10	95217899.0	primary
PR00838	Lx	11	95217899.0	primary
PR00838	Lx	12	95217899.0	primary
PR00838	Lx	13	91353663.0	primary
PR00838	Lx	14	91353663.0	primary
PR00838	Lx	15	91353663.0	primary
PR00838	Lx	16	77045387.0	primary
PR00838	Lx	17	77045387.0	primary
PR00838	Lx	18	76100780.0	primary
PR00838	Lx	19	76100780.0	primary
PR00838	Lx	20	75175236.0	primary
PR00838	Lx	21	75175236.0	primary
PR00838	Lx	22	75175236.0	primary
PR00838	Lx	23	71905242.0	primary
PR00838	Lx	24	71905242.0	primary
PR00838	Lx	25	63745803.0	primary
PR00838	Lx	26	63745803.0	primary
PR00838	Lx	27	63701981.0	primary
PR00838	Lx	28	63701981.0	primary
PR00838	Lx	29	62510077.0	primary
PR00838	Lx	30	60504207.0	primary
PR00838	Lx	31	60504207.0	primary
PR00838	Lx	32	60049436.0	primary
PR00838	Lx	33	60049436.0	primary
PR00838	Lx	34	58599893.0	primary
PR00838	Lx	35	58599893.0	primary
PR00838	Lx	36	56780267.0	primary
PR00838	Lx	37	56780267.0	primary
PR00838	Lx	38	54854774.0	primary
PR00838	Lx	39	48708725.0	primary
PR00838	Lx	40	48708725.0	primary
PR00838	Lx	41	46727785.0	primary
PR00838	Lx	42	44953050.0	primary
PR00838	Lx	43	44953050.0	primary
PR00838	Lx	44	40591593.0	primary
PR00838	Lx	45	38023972.0	primary
PR00838	Lx	46	37937657.0	primary
PR00838	Lx	47	37525384.0	primary
PR00838	Lx	48	37005169.0	primary
PR00838	Lx	49	36820699.0	primary
PR00838	Lx	50	36820699.0	primary
PR00838	Lx	51	35929446.0	primary
PR00838	Lx	52	35620800.0	primary
PR00838	Lx	53	35411304.0	primary
PR00838	Lx	54	33286727.0	primary
PR00838	Lx	55	33209008.0	primary
PR00838	Lx	56	31369342.0	primary
PR00838	Lx	57	31356195.0	primary
PR00838	Lx	58	31304667.0	primary
PR00838	Lx	59	29966228.0	primary
PR00838	Lx	60	29104317.0	primary
PR00838	Lx	61	28747940.0	primary
PR00838	Lx	62	28656976.0	primary
PR00838	Lx	63	26827232.0	primary
PR00838	Lx	64	25863170.0	primary
PR00838	Lx	65	25592805.0	primary
PR00838	Lx	66	22356201.0	primary
PR00838	Lx	67	22030344.0	primary
PR00838	Lx	68	21472005.0	primary
PR00838	Lx	69	21056304.0	primary
PR00838	Lx	70	20344964.0	primary
PR00838	Lx	71	19029542.0	primary
PR00838	Lx	72	18756705.0	primary
PR00838	Lx	73	17329142.0	primary
PR00838	Lx	74	16844254.0	primary
PR00838	Lx	75	16131187.0	primary
PR00838	Lx	76	15944391.0	primary
PR00838	Lx	77	14638442.0	primary
PR00838	Lx	78	13334528.0	primary
PR00838	Lx	79	13001309.0	primary
PR00838	Lx	80	12077823.0	primary
PR00838	Lx	81	11144230.0	primary
PR00838	Lx	82	10599134.0	primary
PR00838	Lx	83	9709384.0	primary
PR00838	Lx	84	8655703.0	primary
PR00838	Lx	85	7962457.0	primary
PR00838	Lx	86	7710857.0	primary
PR00838	Lx	87	7059387.0	primary
PR00838	Lx	88	6276756.0	primary
PR00838	Lx	89	5574008.0	primary
PR00838	Lx	90	4976174.0	primary
PR00838	Lx	91	4599227.0	primary
PR00838	Lx	92	4318725.0	primary
PR00838	Lx	93	3956637.0	primary
PR00838	Lx	94	3510984.0	primary
PR00838	Lx	95	2817533.0	primary
PR00838	Lx	96	2366611.0	primary
PR00838	Lx	97	1910895.0	primary
PR00838	Lx	98	1327224.0	primary
PR00838	Lx	99	862387.0	primary
PR00838	Lx	100	12571.0	primary
PR00838	NGx	1	111198175.0	primary
PR00838	NGx	2	111198175.0	primary
PR00838	NGx	3	111198175.0	primary
PR00838	NGx	4	100377344.0	primary
PR00838	NGx	5	100377344.0	primary
PR00838	NGx	6	100377344.0	primary
PR00838	NGx	7	100377344.0	primary
PR00838	NGx	8	96751188.0	primary
PR00838	NGx	9	96751188.0	primary
PR00838	NGx	10	96751188.0	primary
PR00838	NGx	11	95217899.0	primary
PR00838	NGx	12	95217899.0	primary
PR00838	NGx	13	95217899.0	primary
PR00838	NGx	14	91353663.0	primary
PR00838	NGx	15	91353663.0	primary
PR00838	NGx	16	91353663.0	primary
PR00838	NGx	17	77045387.0	primary
PR00838	NGx	18	77045387.0	primary
PR00838	NGx	19	76100780.0	primary
PR00838	NGx	20	76100780.0	primary
PR00838	NGx	21	76100780.0	primary
PR00838	NGx	22	75175236.0	primary
PR00838	NGx	23	75175236.0	primary
PR00838	NGx	24	71905242.0	primary
PR00838	NGx	25	71905242.0	primary
PR00838	NGx	26	71905242.0	primary
PR00838	NGx	27	63745803.0	primary
PR00838	NGx	28	63745803.0	primary
PR00838	NGx	29	63701981.0	primary
PR00838	NGx	30	63701981.0	primary
PR00838	NGx	31	62510077.0	primary
PR00838	NGx	32	62510077.0	primary
PR00838	NGx	33	60504207.0	primary
PR00838	NGx	34	60504207.0	primary
PR00838	NGx	35	60049436.0	primary
PR00838	NGx	36	60049436.0	primary
PR00838	NGx	37	58599893.0	primary
PR00838	NGx	38	58599893.0	primary
PR00838	NGx	39	56780267.0	primary
PR00838	NGx	40	56780267.0	primary
PR00838	NGx	41	54854774.0	primary
PR00838	NGx	42	54854774.0	primary
PR00838	NGx	43	48708725.0	primary
PR00838	NGx	44	46727785.0	primary
PR00838	NGx	45	46727785.0	primary
PR00838	NGx	46	44953050.0	primary
PR00838	NGx	47	40591593.0	primary
PR00838	NGx	48	40591593.0	primary
PR00838	NGx	49	38023972.0	primary
PR00838	NGx	50	37937657.0	primary
PR00838	NGx	51	37525384.0	primary
PR00838	NGx	52	37525384.0	primary
PR00838	NGx	53	37005169.0	primary
PR00838	NGx	54	36820699.0	primary
PR00838	NGx	55	35929446.0	primary
PR00838	NGx	56	35620800.0	primary
PR00838	NGx	57	35411304.0	primary
PR00838	NGx	58	35411304.0	primary
PR00838	NGx	59	33286727.0	primary
PR00838	NGx	60	33209008.0	primary
PR00838	NGx	61	31369342.0	primary
PR00838	NGx	62	31356195.0	primary
PR00838	NGx	63	31304667.0	primary
PR00838	NGx	64	29966228.0	primary
PR00838	NGx	65	29340426.0	primary
PR00838	NGx	66	29104317.0	primary
PR00838	NGx	67	28747940.0	primary
PR00838	NGx	68	28656976.0	primary
PR00838	NGx	69	26827232.0	primary
PR00838	NGx	70	25592805.0	primary
PR00838	NGx	71	23287627.0	primary
PR00838	NGx	72	22356201.0	primary
PR00838	NGx	73	21765297.0	primary
PR00838	NGx	74	21472005.0	primary
PR00838	NGx	75	21056304.0	primary
PR00838	NGx	76	20344964.0	primary
PR00838	NGx	77	20238525.0	primary
PR00838	NGx	78	18756705.0	primary
PR00838	NGx	79	17329142.0	primary
PR00838	NGx	80	17035611.0	primary
PR00838	NGx	81	16152471.0	primary
PR00838	NGx	82	16108089.0	primary
PR00838	NGx	83	15941481.0	primary
PR00838	NGx	84	14247304.0	primary
PR00838	NGx	85	13334528.0	primary
PR00838	NGx	86	13001309.0	primary
PR00838	NGx	87	12077823.0	primary
PR00838	NGx	88	11212274.0	primary
PR00838	NGx	89	10744552.0	primary
PR00838	NGx	90	9731889.0	primary
PR00838	NGx	91	9494901.0	primary
PR00838	NGx	92	8256209.0	primary
PR00838	NGx	93	7859848.0	primary
PR00838	NGx	94	7575103.0	primary
PR00838	NGx	95	7053737.0	primary
PR00838	NGx	96	6244315.0	primary
PR00838	NGx	97	5416701.0	primary
PR00838	NGx	98	4976174.0	primary
PR00838	NGx	99	4599227.0	primary
PR00838	NGx	100	4367828.0	primary
PR00838	LGx	1	1.0	primary
PR00838	LGx	2	1.0	primary
PR00838	LGx	3	1.0	primary
PR00838	LGx	4	2.0	primary
PR00838	LGx	5	2.0	primary
PR00838	LGx	6	2.0	primary
PR00838	LGx	7	2.0	primary
PR00838	LGx	8	3.0	primary
PR00838	LGx	9	3.0	primary
PR00838	LGx	10	3.0	primary
PR00838	LGx	11	4.0	primary
PR00838	LGx	12	4.0	primary
PR00838	LGx	13	4.0	primary
PR00838	LGx	14	5.0	primary
PR00838	LGx	15	5.0	primary
PR00838	LGx	16	5.0	primary
PR00838	LGx	17	6.0	primary
PR00838	LGx	18	6.0	primary
PR00838	LGx	19	7.0	primary
PR00838	LGx	20	7.0	primary
PR00838	LGx	21	7.0	primary
PR00838	LGx	22	8.0	primary
PR00838	LGx	23	8.0	primary
PR00838	LGx	24	9.0	primary
PR00838	LGx	25	9.0	primary
PR00838	LGx	26	9.0	primary
PR00838	LGx	27	10.0	primary
PR00838	LGx	28	10.0	primary
PR00838	LGx	29	11.0	primary
PR00838	LGx	30	11.0	primary
PR00838	LGx	31	12.0	primary
PR00838	LGx	32	12.0	primary
PR00838	LGx	33	13.0	primary
PR00838	LGx	34	13.0	primary
PR00838	LGx	35	14.0	primary
PR00838	LGx	36	14.0	primary
PR00838	LGx	37	15.0	primary
PR00838	LGx	38	15.0	primary
PR00838	LGx	39	16.0	primary
PR00838	LGx	40	16.0	primary
PR00838	LGx	41	17.0	primary
PR00838	LGx	42	17.0	primary
PR00838	LGx	43	18.0	primary
PR00838	LGx	44	19.0	primary
PR00838	LGx	45	19.0	primary
PR00838	LGx	46	20.0	primary
PR00838	LGx	47	21.0	primary
PR00838	LGx	48	21.0	primary
PR00838	LGx	49	22.0	primary
PR00838	LGx	50	23.0	primary
PR00838	LGx	51	24.0	primary
PR00838	LGx	52	24.0	primary
PR00838	LGx	53	25.0	primary
PR00838	LGx	54	26.0	primary
PR00838	LGx	55	27.0	primary
PR00838	LGx	56	28.0	primary
PR00838	LGx	57	29.0	primary
PR00838	LGx	58	29.0	primary
PR00838	LGx	59	30.0	primary
PR00838	LGx	60	31.0	primary
PR00838	LGx	61	32.0	primary
PR00838	LGx	62	33.0	primary
PR00838	LGx	63	34.0	primary
PR00838	LGx	64	35.0	primary
PR00838	LGx	65	36.0	primary
PR00838	LGx	66	37.0	primary
PR00838	LGx	67	38.0	primary
PR00838	LGx	68	39.0	primary
PR00838	LGx	69	40.0	primary
PR00838	LGx	70	42.0	primary
PR00838	LGx	71	43.0	primary
PR00838	LGx	72	44.0	primary
PR00838	LGx	73	46.0	primary
PR00838	LGx	74	47.0	primary
PR00838	LGx	75	48.0	primary
PR00838	LGx	76	50.0	primary
PR00838	LGx	77	51.0	primary
PR00838	LGx	78	53.0	primary
PR00838	LGx	79	55.0	primary
PR00838	LGx	80	56.0	primary
PR00838	LGx	81	58.0	primary
PR00838	LGx	82	60.0	primary
PR00838	LGx	83	62.0	primary
PR00838	LGx	84	64.0	primary
PR00838	LGx	85	66.0	primary
PR00838	LGx	86	68.0	primary
PR00838	LGx	87	71.0	primary
PR00838	LGx	88	73.0	primary
PR00838	LGx	89	76.0	primary
PR00838	LGx	90	79.0	primary
PR00838	LGx	91	82.0	primary
PR00838	LGx	92	86.0	primary
PR00838	LGx	93	89.0	primary
PR00838	LGx	94	93.0	primary
PR00838	LGx	95	97.0	primary
PR00838	LGx	96	102.0	primary
PR00838	LGx	97	107.0	primary
PR00838	LGx	98	113.0	primary
PR00838	LGx	99	119.0	primary
PR00838	LGx	100	126.0	primary
PR01100	auN	3183312785	579.63904	hap1
PR01100	auNG	3018593705	611.2689	hap1
PR01100	Nx	1	77157462.0	hap1
PR01100	Nx	2	77157462.0	hap1
PR01100	Nx	3	75079048.0	hap1
PR01100	Nx	4	75079048.0	hap1
PR01100	Nx	5	68016681.0	hap1
PR01100	Nx	6	68016681.0	hap1
PR01100	Nx	7	63998668.0	hap1
PR01100	Nx	8	63998668.0	hap1
PR01100	Nx	9	62211906.0	hap1
PR01100	Nx	10	62211906.0	hap1
PR01100	Nx	11	60092464.0	hap1
PR01100	Nx	12	60092464.0	hap1
PR01100	Nx	13	57916603.0	hap1
PR01100	Nx	14	57916603.0	hap1
PR01100	Nx	15	57779390.0	hap1
PR01100	Nx	16	57779390.0	hap1
PR01100	Nx	17	55287815.0	hap1
PR01100	Nx	18	55287815.0	hap1
PR01100	Nx	19	52822209.0	hap1
PR01100	Nx	20	46714746.0	hap1
PR01100	Nx	21	46714746.0	hap1
PR01100	Nx	22	46571393.0	hap1
PR01100	Nx	23	46400205.0	hap1
PR01100	Nx	24	46400205.0	hap1
PR01100	Nx	25	43745371.0	hap1
PR01100	Nx	26	43166103.0	hap1
PR01100	Nx	27	41903174.0	hap1
PR01100	Nx	28	41903174.0	hap1
PR01100	Nx	29	41697479.0	hap1
PR01100	Nx	30	41345898.0	hap1
PR01100	Nx	31	40967525.0	hap1
PR01100	Nx	32	40967525.0	hap1
PR01100	Nx	33	36850616.0	hap1
PR01100	Nx	34	36765869.0	hap1
PR01100	Nx	35	36393070.0	hap1
PR01100	Nx	36	32585581.0	hap1
PR01100	Nx	37	31348184.0	hap1
PR01100	Nx	38	30019169.0	hap1
PR01100	Nx	39	28476944.0	hap1
PR01100	Nx	40	28388305.0	hap1
PR01100	Nx	41	28322193.0	hap1
PR01100	Nx	42	28288567.0	hap1
PR01100	Nx	43	26977547.0	hap1
PR01100	Nx	44	26960808.0	hap1
PR01100	Nx	45	26715701.0	hap1
PR01100	Nx	46	26432295.0	hap1
PR01100	Nx	47	26421689.0	hap1
PR01100	Nx	48	24096073.0	hap1
PR01100	Nx	49	24071694.0	hap1
PR01100	Nx	50	23784717.0	hap1
PR01100	Nx	51	22817245.0	hap1
PR01100	Nx	52	21586463.0	hap1
PR01100	Nx	53	20837502.0	hap1
PR01100	Nx	54	20732377.0	hap1
PR01100	Nx	55	20362928.0	hap1
PR01100	Nx	56	19340908.0	hap1
PR01100	Nx	57	18275850.0	hap1
PR01100	Nx	58	17694562.0	hap1
PR01100	Nx	59	17321229.0	hap1
PR01100	Nx	60	16600011.0	hap1
PR01100	Nx	61	16392583.0	hap1
PR01100	Nx	62	15945822.0	hap1
PR01100	Nx	63	15777504.0	hap1
PR01100	Nx	64	13576240.0	hap1
PR01100	Nx	65	13395853.0	hap1
PR01100	Nx	66	13040151.0	hap1
PR01100	Nx	67	12366331.0	hap1
PR01100	Nx	68	12205170.0	hap1
PR01100	Nx	69	11953029.0	hap1
PR01100	Nx	70	11158635.0	hap1
PR01100	Nx	71	10766695.0	hap1
PR01100	Nx	72	9927125.0	hap1
PR01100	Nx	73	9723426.0	hap1
PR01100	Nx	74	9264203.0	hap1
PR01100	Nx	75	8772703.0	hap1
PR01100	Nx	76	8550321.0	hap1
PR01100	Nx	77	7860480.0	hap1
PR01100	Nx	78	7596248.0	hap1
PR01100	Nx	79	7274675.0	hap1
PR01100	Nx	80	7062978.0	hap1
PR01100	Nx	81	6329597.0	hap1
PR01100	Nx	82	5726339.0	hap1
PR01100	Nx	83	5264340.0	hap1
PR01100	Nx	84	4976380.0	hap1
PR01100	Nx	85	4653612.0	hap1
PR01100	Nx	86	4212076.0	hap1
PR01100	Nx	87	3828522.0	hap1
PR01100	Nx	88	3617684.0	hap1
PR01100	Nx	89	3466825.0	hap1
PR01100	Nx	90	3138706.0	hap1
PR01100	Nx	91	2899625.0	hap1
PR01100	Nx	92	2512813.0	hap1
PR01100	Nx	93	2092078.0	hap1
PR01100	Nx	94	1837201.0	hap1
PR01100	Nx	95	1554950.0	hap1
PR01100	Nx	96	1214259.0	hap1
PR01100	Nx	97	920206.0	hap1
PR01100	Nx	98	579958.0	hap1
PR01100	Nx	99	206055.0	hap1
PR01100	Nx	100	11134.0	hap1
PR01100	Lx	1	77157462.0	hap1
PR01100	Lx	2	77157462.0	hap1
PR01100	Lx	3	75079048.0	hap1
PR01100	Lx	4	75079048.0	hap1
PR01100	Lx	5	68016681.0	hap1
PR01100	Lx	6	68016681.0	hap1
PR01100	Lx	7	63998668.0	hap1
PR01100	Lx	8	63998668.0	hap1
PR01100	Lx	9	62211906.0	hap1
PR01100	Lx	10	62211906.0	hap1
PR01100	Lx	11	60092464.0	hap1
PR01100	Lx	12	60092464.0	hap1
PR01100	Lx	13	57916603.0	hap1
PR01100	Lx	14	57916603.0	hap1
PR01100	Lx	15	57779390.0	hap1
PR01100	Lx	16	57779390.0	hap1
PR01100	Lx	17	55287815.0	hap1
PR01100	Lx	18	55287815.0	hap1
PR01100	Lx	19	52822209.0	hap1
PR01100	Lx	20	46714746.0	hap1
PR01100	Lx	21	46714746.0	hap1
PR01100	Lx	22	46571393.0	hap1
PR01100	Lx	23	46400205.0	hap1
PR01100	Lx	24	46400205.0	hap1
PR01100	Lx	25	43745371.0	hap1
PR01100	Lx	26	43166103.0	hap1
PR01100	Lx	27	41903174.0	hap1
PR01100	Lx	28	41903174.0	hap1
PR01100	Lx	29	41697479.0	hap1
PR01100	Lx	30	41345898.0	hap1
PR01100	Lx	31	40967525.0	hap1
PR01100	Lx	32	40967525.0	hap1
PR01100	Lx	33	36850616.0	hap1
PR01100	Lx	34	36765869.0	hap1
PR01100	Lx	35	36393070.0	hap1
PR01100	Lx	36	32585581.0	hap1
PR01100	Lx	37	31348184.0	hap1
PR01100	Lx	38	30019169.0	hap1
PR01100	Lx	39	28476944.0	hap1
PR01100	Lx	40	28388305.0	hap1
PR01100	Lx	41	28322193.0	hap1
PR01100	Lx	42	28288567.0	hap1
PR01100	Lx	43	26977547.0	hap1
PR01100	Lx	44	26960808.0	hap1
PR01100	Lx	45	26715701.0	hap1
PR01100	Lx	46	26432295.0	hap1
PR01100	Lx	47	26421689.0	hap1
PR01100	Lx	48	24096073.0	hap1
PR01100	Lx	49	24071694.0	hap1
PR01100	Lx	50	23784717.0	hap1
PR01100	Lx	51	22817245.0	hap1
PR01100	Lx	52	21586463.0	hap1
PR01100	Lx	53	20837502.0	hap1
PR01100	Lx	54	20732377.0	hap1
PR01100	Lx	55	20362928.0	hap1
PR01100	Lx	56	19340908.0	hap1
PR01100	Lx	57	18275850.0	hap1
PR01100	Lx	58	17694562.0	hap1
PR01100	Lx	59	17321229.0	hap1
PR01100	Lx	60	16600011.0	hap1
PR01100	Lx	61	16392583.0	hap1
PR01100	Lx	62	15945822.0	hap1
PR01100	Lx	63	15777504.0	hap1
PR01100	Lx	64	13576240.0	hap1
PR01100	Lx	65	13395853.0	hap1
PR01100	Lx	66	13040151.0	hap1
PR01100	Lx	67	12366331.0	hap1
PR01100	Lx	68	12205170.0	hap1
PR01100	Lx	69	11953029.0	hap1
PR01100	Lx	70	11158635.0	hap1
PR01100	Lx	71	10766695.0	hap1
PR01100	Lx	72	9927125.0	hap1
PR01100	Lx	73	9723426.0	hap1
PR01100	Lx	74	9264203.0	hap1
PR01100	Lx	75	8772703.0	hap1
PR01100	Lx	76	8550321.0	hap1
PR01100	Lx	77	7860480.0	hap1
PR01100	Lx	78	7596248.0	hap1
PR01100	Lx	79	7274675.0	hap1
PR01100	Lx	80	7062978.0	hap1
PR01100	Lx	81	6329597.0	hap1
PR01100	Lx	82	5726339.0	hap1
PR01100	Lx	83	5264340.0	hap1
PR01100	Lx	84	4976380.0	hap1
PR01100	Lx	85	4653612.0	hap1
PR01100	Lx	86	4212076.0	hap1
PR01100	Lx	87	3828522.0	hap1
PR01100	Lx	88	3617684.0	hap1
PR01100	Lx	89	3466825.0	hap1
PR01100	Lx	90	3138706.0	hap1
PR01100	Lx	91	2899625.0	hap1
PR01100	Lx	92	2512813.0	hap1
PR01100	Lx	93	2092078.0	hap1
PR01100	Lx	94	1837201.0	hap1
PR01100	Lx	95	1554950.0	hap1
PR01100	Lx	96	1214259.0	hap1
PR01100	Lx	97	920206.0	hap1
PR01100	Lx	98	579958.0	hap1
PR01100	Lx	99	206055.0	hap1
PR01100	Lx	100	11134.0	hap1
PR01100	NGx	1	77157462.0	hap1
PR01100	NGx	2	77157462.0	hap1
PR01100	NGx	3	75079048.0	hap1
PR01100	NGx	4	75079048.0	hap1
PR01100	NGx	5	75079048.0	hap1
PR01100	NGx	6	68016681.0	hap1
PR01100	NGx	7	68016681.0	hap1
PR01100	NGx	8	63998668.0	hap1
PR01100	NGx	9	63998668.0	hap1
PR01100	NGx	10	62211906.0	hap1
PR01100	NGx	11	62211906.0	hap1
PR01100	NGx	12	60092464.0	hap1
PR01100	NGx	13	60092464.0	hap1
PR01100	NGx	14	57916603.0	hap1
PR01100	NGx	15	57916603.0	hap1
PR01100	NGx	16	57779390.0	hap1
PR01100	NGx	17	57779390.0	hap1
PR01100	NGx	18	55287815.0	hap1
PR01100	NGx	19	55287815.0	hap1
PR01100	NGx	20	52822209.0	hap1
PR01100	NGx	21	46714746.0	hap1
PR01100	NGx	22	46714746.0	hap1
PR01100	NGx	23	46571393.0	hap1
PR01100	NGx	24	46400205.0	hap1
PR01100	NGx	25	46400205.0	hap1
PR01100	NGx	26	43745371.0	hap1
PR01100	NGx	27	43166103.0	hap1
PR01100	NGx	28	43166103.0	hap1
PR01100	NGx	29	41903174.0	hap1
PR01100	NGx	30	41697479.0	hap1
PR01100	NGx	31	41697479.0	hap1
PR01100	NGx	32	41345898.0	hap1
PR01100	NGx	33	40967525.0	hap1
PR01100	NGx	34	36850616.0	hap1
PR01100	NGx	35	36850616.0	hap1
PR01100	NGx	36	36765869.0	hap1
PR01100	NGx	37	36393070.0	hap1
PR01100	NGx	38	32585581.0	hap1
PR01100	NGx	39	31348184.0	hap1
PR01100	NGx	40	30019169.0	hap1
PR01100	NGx	41	28476944.0	hap1
PR01100	NGx	42	28388305.0	hap1
PR01100	NGx	43	28322193.0	hap1
PR01100	NGx	44	28288567.0	hap1
PR01100	NGx	45	27165517.0	hap1
PR01100	NGx	46	26977547.0	hap1
PR01100	NGx	47	26960808.0	hap1
PR01100	NGx	48	26432295.0	hap1
PR01100	NGx	49	26421689.0	hap1
PR01100	NGx	50	24465439.0	hap1
PR01100	NGx	51	24096073.0	hap1
PR01100	NGx	52	24071694.0	hap1
PR01100	NGx	53	23327043.0	hap1
PR01100	NGx	54	22817245.0	hap1
PR01100	NGx	55	21586463.0	hap1
PR01100	NGx	56	20837502.0	hap1
PR01100	NGx	57	20732377.0	hap1
PR01100	NGx	58	20362928.0	hap1
PR01100	NGx	59	19340908.0	hap1
PR01100	NGx	60	18275850.0	hap1
PR01100	NGx	61	17976802.0	hap1
PR01100	NGx	62	17321229.0	hap1
PR01100	NGx	63	16600011.0	hap1
PR01100	NGx	64	16392583.0	hap1
PR01100	NGx	65	15945822.0	hap1
PR01100	NGx	66	15777504.0	hap1
PR01100	NGx	67	13800586.0	hap1
PR01100	NGx	68	13456987.0	hap1
PR01100	NGx	69	13150010.0	hap1
PR01100	NGx	70	12936981.0	hap1
PR01100	NGx	71	12215833.0	hap1
PR01100	NGx	72	12196879.0	hap1
PR01100	NGx	73	11341513.0	hap1
PR01100	NGx	74	11158635.0	hap1
PR01100	NGx	75	10766695.0	hap1
PR01100	NGx	76	9927125.0	hap1
PR01100	NGx	77	9723426.0	hap1
PR01100	NGx	78	9264203.0	hap1
PR01100	NGx	79	8772703.0	hap1
PR01100	NGx	80	8741368.0	hap1
PR01100	NGx	81	8030385.0	hap1
PR01100	NGx	82	7716214.0	hap1
PR01100	NGx	83	7462392.0	hap1
PR01100	NGx	84	7195626.0	hap1
PR01100	NGx	85	6827070.0	hap1
PR01100	NGx	86	6237249.0	hap1
PR01100	NGx	87	5450476.0	hap1
PR01100	NGx	88	5092848.0	hap1
PR01100	NGx	89	4808479.0	hap1
PR01100	NGx	90	4500751.0	hap1
PR01100	NGx	91	4112336.0	hap1
PR01100	NGx	92	3756415.0	hap1
PR01100	NGx	93	3605655.0	hap1
PR01100	NGx	94	3435775.0	hap1
PR01100	NGx	95	3124418.0	hap1
PR01100	NGx	96	2899625.0	hap1
PR01100	NGx	97	2512813.0	hap1
PR01100	NGx	98	2136460.0	hap1
PR01100	NGx	99	1859449.0	hap1
PR01100	NGx	100	1613753.0	hap1
PR01100	LGx	1	1.0	hap1
PR01100	LGx	2	1.0	hap1
PR01100	LGx	3	2.0	hap1
PR01100	LGx	4	2.0	hap1
PR01100	LGx	5	2.0	hap1
PR01100	LGx	6	3.0	hap1
PR01100	LGx	7	3.0	hap1
PR01100	LGx	8	4.0	hap1
PR01100	LGx	9	4.0	hap1
PR01100	LGx	10	5.0	hap1
PR01100	LGx	11	5.0	hap1
PR01100	LGx	12	6.0	hap1
PR01100	LGx	13	6.0	hap1
PR01100	LGx	14	7.0	hap1
PR01100	LGx	15	7.0	hap1
PR01100	LGx	16	8.0	hap1
PR01100	LGx	17	8.0	hap1
PR01100	LGx	18	9.0	hap1
PR01100	LGx	19	9.0	hap1
PR01100	LGx	20	10.0	hap1
PR01100	LGx	21	11.0	hap1
PR01100	LGx	22	11.0	hap1
PR01100	LGx	23	12.0	hap1
PR01100	LGx	24	13.0	hap1
PR01100	LGx	25	13.0	hap1
PR01100	LGx	26	14.0	hap1
PR01100	LGx	27	15.0	hap1
PR01100	LGx	28	15.0	hap1
PR01100	LGx	29	16.0	hap1
PR01100	LGx	30	17.0	hap1
PR01100	LGx	31	17.0	hap1
PR01100	LGx	32	18.0	hap1
PR01100	LGx	33	19.0	hap1
PR01100	LGx	34	20.0	hap1
PR01100	LGx	35	20.0	hap1
PR01100	LGx	36	21.0	hap1
PR01100	LGx	37	22.0	hap1
PR01100	LGx	38	23.0	hap1
PR01100	LGx	39	24.0	hap1
PR01100	LGx	40	25.0	hap1
PR01100	LGx	41	26.0	hap1
PR01100	LGx	42	27.0	hap1
PR01100	LGx	43	28.0	hap1
PR01100	LGx	44	29.0	hap1
PR01100	LGx	45	30.0	hap1
PR01100	LGx	46	31.0	hap1
PR01100	LGx	47	32.0	hap1
PR01100	LGx	48	34.0	hap1
PR01100	LGx	49	35.0	hap1
PR01100	LGx	50	36.0	hap1
PR01100	LGx	51	37.0	hap1
PR01100	LGx	52	38.0	hap1
PR01100	LGx	53	40.0	hap1
PR01100	LGx	54	41.0	hap1
PR01100	LGx	55	42.0	hap1
PR01100	LGx	56	44.0	hap1
PR01100	LGx	57	45.0	hap1
PR01100	LGx	58	47.0	hap1
PR01100	LGx	59	48.0	hap1
PR01100	LGx	60	50.0	hap1
PR01100	LGx	61	51.0	hap1
PR01100	LGx	62	53.0	hap1
PR01100	LGx	63	55.0	hap1
PR01100	LGx	64	57.0	hap1
PR01100	LGx	65	59.0	hap1
PR01100	LGx	66	61.0	hap1
PR01100	LGx	67	63.0	hap1
PR01100	LGx	68	65.0	hap1
PR01100	LGx	69	67.0	hap1
PR01100	LGx	70	69.0	hap1
PR01100	LGx	71	72.0	hap1
PR01100	LGx	72	74.0	hap1
PR01100	LGx	73	77.0	hap1
PR01100	LGx	74	79.0	hap1
PR01100	LGx	75	82.0	hap1
PR01100	LGx	76	85.0	hap1
PR01100	LGx	77	88.0	hap1
PR01100	LGx	78	91.0	hap1
PR01100	LGx	79	95.0	hap1
PR01100	LGx	80	98.0	hap1
PR01100	LGx	81	102.0	hap1
PR01100	LGx	82	106.0	hap1
PR01100	LGx	83	110.0	hap1
PR01100	LGx	84	114.0	hap1
PR01100	LGx	85	118.0	hap1
PR01100	LGx	86	123.0	hap1
PR01100	LGx	87	128.0	hap1
PR01100	LGx	88	134.0	hap1
PR01100	LGx	89	140.0	hap1
PR01100	LGx	90	146.0	hap1
PR01100	LGx	91	153.0	hap1
PR01100	LGx	92	161.0	hap1
PR01100	LGx	93	169.0	hap1
PR01100	LGx	94	178.0	hap1
PR01100	LGx	95	187.0	hap1
PR01100	LGx	96	197.0	hap1
PR01100	LGx	97	208.0	hap1
PR01100	LGx	98	221.0	hap1
PR01100	LGx	99	236.0	hap1
PR01100	LGx	100	254.0	hap1
PR01100	auN	3096525600	498.58408	hap2
PR01100	auNG	3018593705	511.45615	hap2
PR01100	Nx	1	132264834.0	hap2
PR01100	Nx	2	132264834.0	hap2
PR01100	Nx	3	132264834.0	hap2
PR01100	Nx	4	132264834.0	hap2
PR01100	Nx	5	112212313.0	hap2
PR01100	Nx	6	112212313.0	hap2
PR01100	Nx	7	112212313.0	hap2
PR01100	Nx	8	105882197.0	hap2
PR01100	Nx	9	105882197.0	hap2
PR01100	Nx	10	105882197.0	hap2
PR01100	Nx	11	105882197.0	hap2
PR01100	Nx	12	95663544.0	hap2
PR01100	Nx	13	95663544.0	hap2
PR01100	Nx	14	95663544.0	hap2
PR01100	Nx	15	94501609.0	hap2
PR01100	Nx	16	94501609.0	hap2
PR01100	Nx	17	94501609.0	hap2
PR01100	Nx	18	94027277.0	hap2
PR01100	Nx	19	94027277.0	hap2
PR01100	Nx	20	94027277.0	hap2
PR01100	Nx	21	66119861.0	hap2
PR01100	Nx	22	66119861.0	hap2
PR01100	Nx	23	61781792.0	hap2
PR01100	Nx	24	61781792.0	hap2
PR01100	Nx	25	57271508.0	hap2
PR01100	Nx	26	57271508.0	hap2
PR01100	Nx	27	56386311.0	hap2
PR01100	Nx	28	56386311.0	hap2
PR01100	Nx	29	47268917.0	hap2
PR01100	Nx	30	47009507.0	hap2
PR01100	Nx	31	47009507.0	hap2
PR01100	Nx	32	40357294.0	hap2
PR01100	Nx	33	38785511.0	hap2
PR01100	Nx	34	34704108.0	hap2
PR01100	Nx	35	34704108.0	hap2
PR01100	Nx	36	33664806.0	hap2
PR01100	Nx	37	33663792.0	hap2
PR01100	Nx	38	29122708.0	hap2
PR01100	Nx	39	29028177.0	hap2
PR01100	Nx	40	28982254.0	hap2
PR01100	Nx	41	26110981.0	hap2
PR01100	Nx	42	26016429.0	hap2
PR01100	Nx	43	24460730.0	hap2
PR01100	Nx	44	24389394.0	hap2
PR01100	Nx	45	24184435.0	hap2
PR01100	Nx	46	23327107.0	hap2
PR01100	Nx	47	22138033.0	hap2
PR01100	Nx	48	21242790.0	hap2
PR01100	Nx	49	21127414.0	hap2
PR01100	Nx	50	20848707.0	hap2
PR01100	Nx	51	20434906.0	hap2
PR01100	Nx	52	20099395.0	hap2
PR01100	Nx	53	20032771.0	hap2
PR01100	Nx	54	19618276.0	hap2
PR01100	Nx	55	18809366.0	hap2
PR01100	Nx	56	18012638.0	hap2
PR01100	Nx	57	17206753.0	hap2
PR01100	Nx	58	16858531.0	hap2
PR01100	Nx	59	16107829.0	hap2
PR01100	Nx	60	15981789.0	hap2
PR01100	Nx	61	15313673.0	hap2
PR01100	Nx	62	14417706.0	hap2
PR01100	Nx	63	13079758.0	hap2
PR01100	Nx	64	13017636.0	hap2
PR01100	Nx	65	12420310.0	hap2
PR01100	Nx	66	12363159.0	hap2
PR01100	Nx	67	11914166.0	hap2
PR01100	Nx	68	10572904.0	hap2
PR01100	Nx	69	9723425.0	hap2
PR01100	Nx	70	9591301.0	hap2
PR01100	Nx	71	9058345.0	hap2
PR01100	Nx	72	8530882.0	hap2
PR01100	Nx	73	8314376.0	hap2
PR01100	Nx	74	8030385.0	hap2
PR01100	Nx	75	7860479.0	hap2
PR01100	Nx	76	7616329.0	hap2
PR01100	Nx	77	7037460.0	hap2
PR01100	Nx	78	6399001.0	hap2
PR01100	Nx	79	6285147.0	hap2
PR01100	Nx	80	5843897.0	hap2
PR01100	Nx	81	5355693.0	hap2
PR01100	Nx	82	5083982.0	hap2
PR01100	Nx	83	4951750.0	hap2
PR01100	Nx	84	4677444.0	hap2
PR01100	Nx	85	4423023.0	hap2
PR01100	Nx	86	4161492.0	hap2
PR01100	Nx	87	4022104.0	hap2
PR01100	Nx	88	3667496.0	hap2
PR01100	Nx	89	3436799.0	hap2
PR01100	Nx	90	3020455.0	hap2
PR01100	Nx	91	2669827.0	hap2
PR01100	Nx	92	2258323.0	hap2
PR01100	Nx	93	1965090.0	hap2
PR01100	Nx	94	1714499.0	hap2
PR01100	Nx	95	1460020.0	hap2
PR01100	Nx	96	1174536.0	hap2
PR01100	Nx	97	889709.0	hap2
PR01100	Nx	98	689894.0	hap2
PR01100	Nx	99	326262.0	hap2
PR01100	Nx	100	10263.0	hap2
PR01100	Lx	1	132264834.0	hap2
PR01100	Lx	2	132264834.0	hap2
PR01100	Lx	3	132264834.0	hap2
PR01100	Lx	4	132264834.0	hap2
PR01100	Lx	5	112212313.0	hap2
PR01100	Lx	6	112212313.0	hap2
PR01100	Lx	7	112212313.0	hap2
PR01100	Lx	8	105882197.0	hap2
PR01100	Lx	9	105882197.0	hap2
PR01100	Lx	10	105882197.0	hap2
PR01100	Lx	11	105882197.0	hap2
PR01100	Lx	12	95663544.0	hap2
PR01100	Lx	13	95663544.0	hap2
PR01100	Lx	14	95663544.0	hap2
PR01100	Lx	15	94501609.0	hap2
PR01100	Lx	16	94501609.0	hap2
PR01100	Lx	17	94501609.0	hap2
PR01100	Lx	18	94027277.0	hap2
PR01100	Lx	19	94027277.0	hap2
PR01100	Lx	20	94027277.0	hap2
PR01100	Lx	21	66119861.0	hap2
PR01100	Lx	22	66119861.0	hap2
PR01100	Lx	23	61781792.0	hap2
PR01100	Lx	24	61781792.0	hap2
PR01100	Lx	25	57271508.0	hap2
PR01100	Lx	26	57271508.0	hap2
PR01100	Lx	27	56386311.0	hap2
PR01100	Lx	28	56386311.0	hap2
PR01100	Lx	29	47268917.0	hap2
PR01100	Lx	30	47009507.0	hap2
PR01100	Lx	31	47009507.0	hap2
PR01100	Lx	32	40357294.0	hap2
PR01100	Lx	33	38785511.0	hap2
PR01100	Lx	34	34704108.0	hap2
PR01100	Lx	35	34704108.0	hap2
PR01100	Lx	36	33664806.0	hap2
PR01100	Lx	37	33663792.0	hap2
PR01100	Lx	38	29122708.0	hap2
PR01100	Lx	39	29028177.0	hap2
PR01100	Lx	40	28982254.0	hap2
PR01100	Lx	41	26110981.0	hap2
PR01100	Lx	42	26016429.0	hap2
PR01100	Lx	43	24460730.0	hap2
PR01100	Lx	44	24389394.0	hap2
PR01100	Lx	45	24184435.0	hap2
PR01100	Lx	46	23327107.0	hap2
PR01100	Lx	47	22138033.0	hap2
PR01100	Lx	48	21242790.0	hap2
PR01100	Lx	49	21127414.0	hap2
PR01100	Lx	50	20848707.0	hap2
PR01100	Lx	51	20434906.0	hap2
PR01100	Lx	52	20099395.0	hap2
PR01100	Lx	53	20032771.0	hap2
PR01100	Lx	54	19618276.0	hap2
PR01100	Lx	55	18809366.0	hap2
PR01100	Lx	56	18012638.0	hap2
PR01100	Lx	57	17206753.0	hap2
PR01100	Lx	58	16858531.0	hap2
PR01100	Lx	59	16107829.0	hap2
PR01100	Lx	60	15981789.0	hap2
PR01100	Lx	61	15313673.0	hap2
PR01100	Lx	62	14417706.0	hap2
PR01100	Lx	63	13079758.0	hap2
PR01100	Lx	64	13017636.0	hap2
PR01100	Lx	65	12420310.0	hap2
PR01100	Lx	66	12363159.0	hap2
PR01100	Lx	67	11914166.0	hap2
PR01100	Lx	68	10572904.0	hap2
PR01100	Lx	69	9723425.0	hap2
PR01100	Lx	70	9591301.0	hap2
PR01100	Lx	71	9058345.0	hap2
PR01100	Lx	72	8530882.0	hap2
PR01100	Lx	73	8314376.0	hap2
PR01100	Lx	74	8030385.0	hap2
PR01100	Lx	75	7860479.0	hap2
PR01100	Lx	76	7616329.0	hap2
PR01100	Lx	77	7037460.0	hap2
PR01100	Lx	78	6399001.0	hap2
PR01100	Lx	79	6285147.0	hap2
PR01100	Lx	80	5843897.0	hap2
PR01100	Lx	81	5355693.0	hap2
PR01100	Lx	82	5083982.0	hap2
PR01100	Lx	83	4951750.0	hap2
PR01100	Lx	84	4677444.0	hap2
PR01100	Lx	85	4423023.0	hap2
PR01100	Lx	86	4161492.0	hap2
PR01100	Lx	87	4022104.0	hap2
PR01100	Lx	88	3667496.0	hap2
PR01100	Lx	89	3436799.0	hap2
PR01100	Lx	90	3020455.0	hap2
PR01100	Lx	91	2669827.0	hap2
PR01100	Lx	92	2258323.0	hap2
PR01100	Lx	93	1965090.0	hap2
PR01100	Lx	94	1714499.0	hap2
PR01100	Lx	95	1460020.0	hap2
PR01100	Lx	96	1174536.0	hap2
PR01100	Lx	97	889709.0	hap2
PR01100	Lx	98	689894.0	hap2
PR01100	Lx	99	326262.0	hap2
PR01100	Lx	100	10263.0	hap2
PR01100	NGx	1	132264834.0	hap2
PR01100	NGx	2	132264834.0	hap2
PR01100	NGx	3	132264834.0	hap2
PR01100	NGx	4	132264834.0	hap2
PR01100	NGx	5	112212313.0	hap2
PR01100	NGx	6	112212313.0	hap2
PR01100	NGx	7	112212313.0	hap2
PR01100	NGx	8	112212313.0	hap2
PR01100	NGx	9	105882197.0	hap2
PR01100	NGx	10	105882197.0	hap2
PR01100	NGx	11	105882197.0	hap2
PR01100	NGx	12	95663544.0	hap2
PR01100	NGx	13	95663544.0	hap2
PR01100	NGx	14	95663544.0	hap2
PR01100	NGx	15	94501609.0	hap2
PR01100	NGx	16	94501609.0	hap2
PR01100	NGx	17	94501609.0	hap2
PR01100	NGx	18	94027277.0	hap2
PR01100	NGx	19	94027277.0	hap2
PR01100	NGx	20	94027277.0	hap2
PR01100	NGx	21	94027277.0	hap2
PR01100	NGx	22	66119861.0	hap2
PR01100	NGx	23	66119861.0	hap2
PR01100	NGx	24	61781792.0	hap2
PR01100	NGx	25	61781792.0	hap2
PR01100	NGx	26	57271508.0	hap2
PR01100	NGx	27	57271508.0	hap2
PR01100	NGx	28	56386311.0	hap2
PR01100	NGx	29	56386311.0	hap2
PR01100	NGx	30	47268917.0	hap2
PR01100	NGx	31	47009507.0	hap2
PR01100	NGx	32	47009507.0	hap2
PR01100	NGx	33	40357294.0	hap2
PR01100	NGx	34	38785511.0	hap2
PR01100	NGx	35	34704108.0	hap2
PR01100	NGx	36	33664806.0	hap2
PR01100	NGx	37	33664806.0	hap2
PR01100	NGx	38	33663792.0	hap2
PR01100	NGx	39	29122708.0	hap2
PR01100	NGx	40	29028177.0	hap2
PR01100	NGx	41	28982254.0	hap2
PR01100	NGx	42	26110981.0	hap2
PR01100	NGx	43	26016429.0	hap2
PR01100	NGx	44	24460730.0	hap2
PR01100	NGx	45	24389394.0	hap2
PR01100	NGx	46	24300521.0	hap2
PR01100	NGx	47	23327107.0	hap2
PR01100	NGx	48	22138033.0	hap2
PR01100	NGx	49	21622985.0	hap2
PR01100	NGx	50	21127414.0	hap2
PR01100	NGx	51	20882238.0	hap2
PR01100	NGx	52	20434906.0	hap2
PR01100	NGx	53	20266620.0	hap2
PR01100	NGx	54	20032771.0	hap2
PR01100	NGx	55	20010315.0	hap2
PR01100	NGx	56	18809366.0	hap2
PR01100	NGx	57	18056615.0	hap2
PR01100	NGx	58	17521200.0	hap2
PR01100	NGx	59	17013132.0	hap2
PR01100	NGx	60	16538802.0	hap2
PR01100	NGx	61	16107829.0	hap2
PR01100	NGx	62	15646667.0	hap2
PR01100	NGx	63	14949644.0	hap2
PR01100	NGx	64	14417706.0	hap2
PR01100	NGx	65	13077833.0	hap2
PR01100	NGx	66	12771574.0	hap2
PR01100	NGx	67	12420310.0	hap2
PR01100	NGx	68	12016030.0	hap2
PR01100	NGx	69	11914166.0	hap2
PR01100	NGx	70	10111607.0	hap2
PR01100	NGx	71	9723425.0	hap2
PR01100	NGx	72	9591301.0	hap2
PR01100	NGx	73	9021190.0	hap2
PR01100	NGx	74	8530882.0	hap2
PR01100	NGx	75	8176518.0	hap2
PR01100	NGx	76	8030385.0	hap2
PR01100	NGx	77	7860479.0	hap2
PR01100	NGx	78	7616329.0	hap2
PR01100	NGx	79	7037460.0	hap2
PR01100	NGx	80	6399001.0	hap2
PR01100	NGx	81	6290760.0	hap2
PR01100	NGx	82	5876714.0	hap2
PR01100	NGx	83	5355693.0	hap2
PR01100	NGx	84	5083982.0	hap2
PR01100	NGx	85	4951750.0	hap2
PR01100	NGx	86	4741628.0	hap2
PR01100	NGx	87	4522721.0	hap2
PR01100	NGx	88	4211350.0	hap2
PR01100	NGx	89	4033486.0	hap2
PR01100	NGx	90	3743258.0	hap2
PR01100	NGx	91	3450379.0	hap2
PR01100	NGx	92	3124418.0	hap2
PR01100	NGx	93	2821901.0	hap2
PR01100	NGx	94	2343947.0	hap2
PR01100	NGx	95	2111767.0	hap2
PR01100	NGx	96	1793531.0	hap2
PR01100	NGx	97	1553537.0	hap2
PR01100	NGx	98	1309572.0	hap2
PR01100	NGx	99	1063720.0	hap2
PR01100	NGx	100	801238.0	hap2
PR01100	LGx	1	1.0	hap2
PR01100	LGx	2	1.0	hap2
PR01100	LGx	3	1.0	hap2
PR01100	LGx	4	1.0	hap2
PR01100	LGx	5	2.0	hap2
PR01100	LGx	6	2.0	hap2
PR01100	LGx	7	2.0	hap2
PR01100	LGx	8	2.0	hap2
PR01100	LGx	9	3.0	hap2
PR01100	LGx	10	3.0	hap2
PR01100	LGx	11	3.0	hap2
PR01100	LGx	12	4.0	hap2
PR01100	LGx	13	4.0	hap2
PR01100	LGx	14	4.0	hap2
PR01100	LGx	15	5.0	hap2
PR01100	LGx	16	5.0	hap2
PR01100	LGx	17	5.0	hap2
PR01100	LGx	18	6.0	hap2
PR01100	LGx	19	6.0	hap2
PR01100	LGx	20	6.0	hap2
PR01100	LGx	21	6.0	hap2
PR01100	LGx	22	7.0	hap2
PR01100	LGx	23	7.0	hap2
PR01100	LGx	24	8.0	hap2
PR01100	LGx	25	8.0	hap2
PR01100	LGx	26	9.0	hap2
PR01100	LGx	27	9.0	hap2
PR01100	LGx	28	10.0	hap2
PR01100	LGx	29	10.0	hap2
PR01100	LGx	30	11.0	hap2
PR01100	LGx	31	12.0	hap2
PR01100	LGx	32	12.0	hap2
PR01100	LGx	33	13.0	hap2
PR01100	LGx	34	14.0	hap2
PR01100	LGx	35	15.0	hap2
PR01100	LGx	36	16.0	hap2
PR01100	LGx	37	16.0	hap2
PR01100	LGx	38	17.0	hap2
PR01100	LGx	39	18.0	hap2
PR01100	LGx	40	19.0	hap2
PR01100	LGx	41	20.0	hap2
PR01100	LGx	42	22.0	hap2
PR01100	LGx	43	23.0	hap2
PR01100	LGx	44	24.0	hap2
PR01100	LGx	45	25.0	hap2
PR01100	LGx	46	26.0	hap2
PR01100	LGx	47	28.0	hap2
PR01100	LGx	48	29.0	hap2
PR01100	LGx	49	30.0	hap2
PR01100	LGx	50	32.0	hap2
PR01100	LGx	51	33.0	hap2
PR01100	LGx	52	35.0	hap2
PR01100	LGx	53	36.0	hap2
PR01100	LGx	54	38.0	hap2
PR01100	LGx	55	39.0	hap2
PR01100	LGx	56	41.0	hap2
PR01100	LGx	57	42.0	hap2
PR01100	LGx	58	44.0	hap2
PR01100	LGx	59	46.0	hap2
PR01100	LGx	60	48.0	hap2
PR01100	LGx	61	49.0	hap2
PR01100	LGx	62	51.0	hap2
PR01100	LGx	63	53.0	hap2
PR01100	LGx	64	55.0	hap2
PR01100	LGx	65	58.0	hap2
PR01100	LGx	66	60.0	hap2
PR01100	LGx	67	62.0	hap2
PR01100	LGx	68	65.0	hap2
PR01100	LGx	69	67.0	hap2
PR01100	LGx	70	70.0	hap2
PR01100	LGx	71	73.0	hap2
PR01100	LGx	72	76.0	hap2
PR01100	LGx	73	80.0	hap2
PR01100	LGx	74	83.0	hap2
PR01100	LGx	75	87.0	hap2
PR01100	LGx	76	90.0	hap2
PR01100	LGx	77	94.0	hap2
PR01100	LGx	78	98.0	hap2
PR01100	LGx	79	102.0	hap2
PR01100	LGx	80	107.0	hap2
PR01100	LGx	81	111.0	hap2
PR01100	LGx	82	116.0	hap2
PR01100	LGx	83	122.0	hap2
PR01100	LGx	84	128.0	hap2
PR01100	LGx	85	134.0	hap2
PR01100	LGx	86	140.0	hap2
PR01100	LGx	87	146.0	hap2
PR01100	LGx	88	153.0	hap2
PR01100	LGx	89	161.0	hap2
PR01100	LGx	90	168.0	hap2
PR01100	LGx	91	177.0	hap2
PR01100	LGx	92	186.0	hap2
PR01100	LGx	93	196.0	hap2
PR01100	LGx	94	208.0	hap2
PR01100	LGx	95	221.0	hap2
PR01100	LGx	96	237.0	hap2
PR01100	LGx	97	255.0	hap2
PR01100	LGx	98	276.0	hap2
PR01100	LGx	99	301.0	hap2
PR01100	LGx	100	335.0	hap2
PR01100	auN	3326580896	305.53946	primary
PR01100	auNG	3018593705	336.71365	primary
PR01100	Nx	1	157078165.0	primary
PR01100	Nx	2	157078165.0	primary
PR01100	Nx	3	157078165.0	primary
PR01100	Nx	4	157078165.0	primary
PR01100	Nx	5	138220863.0	primary
PR01100	Nx	6	138220863.0	primary
PR01100	Nx	7	138220863.0	primary
PR01100	Nx	8	138220863.0	primary
PR01100	Nx	9	107058238.0	primary
PR01100	Nx	10	107058238.0	primary
PR01100	Nx	11	107058238.0	primary
PR01100	Nx	12	107058238.0	primary
PR01100	Nx	13	105882197.0	primary
PR01100	Nx	14	105882197.0	primary
PR01100	Nx	15	105882197.0	primary
PR01100	Nx	16	94027277.0	primary
PR01100	Nx	17	94027277.0	primary
PR01100	Nx	18	94027277.0	primary
PR01100	Nx	19	92353553.0	primary
PR01100	Nx	20	92353553.0	primary
PR01100	Nx	21	77358356.0	primary
PR01100	Nx	22	77358356.0	primary
PR01100	Nx	23	77358356.0	primary
PR01100	Nx	24	75295476.0	primary
PR01100	Nx	25	75295476.0	primary
PR01100	Nx	26	75177940.0	primary
PR01100	Nx	27	75177940.0	primary
PR01100	Nx	28	73187185.0	primary
PR01100	Nx	29	73187185.0	primary
PR01100	Nx	30	71239830.0	primary
PR01100	Nx	31	71239830.0	primary
PR01100	Nx	32	71239830.0	primary
PR01100	Nx	33	70687593.0	primary
PR01100	Nx	34	70687593.0	primary
PR01100	Nx	35	69297276.0	primary
PR01100	Nx	36	69297276.0	primary
PR01100	Nx	37	67979898.0	primary
PR01100	Nx	38	67979898.0	primary
PR01100	Nx	39	64040781.0	primary
PR01100	Nx	40	64040781.0	primary
PR01100	Nx	41	63347938.0	primary
PR01100	Nx	42	63347938.0	primary
PR01100	Nx	43	62211906.0	primary
PR01100	Nx	44	62211906.0	primary
PR01100	Nx	45	60092464.0	primary
PR01100	Nx	46	57271508.0	primary
PR01100	Nx	47	57271508.0	primary
PR01100	Nx	48	56503027.0	primary
PR01100	Nx	49	56503027.0	primary
PR01100	Nx	50	52822209.0	primary
PR01100	Nx	51	51602214.0	primary
PR01100	Nx	52	51602214.0	primary
PR01100	Nx	53	47009507.0	primary
PR01100	Nx	54	46571393.0	primary
PR01100	Nx	55	46571393.0	primary
PR01100	Nx	56	43745371.0	primary
PR01100	Nx	57	43166103.0	primary
PR01100	Nx	58	42704830.0	primary
PR01100	Nx	59	42704830.0	primary
PR01100	Nx	60	41630684.0	primary
PR01100	Nx	61	37134260.0	primary
PR01100	Nx	62	36910406.0	primary
PR01100	Nx	63	36711201.0	primary
PR01100	Nx	64	35308627.0	primary
PR01100	Nx	65	33713135.0	primary
PR01100	Nx	66	32585581.0	primary
PR01100	Nx	67	31180104.0	primary
PR01100	Nx	68	28322193.0	primary
PR01100	Nx	69	27991030.0	primary
PR01100	Nx	70	27485150.0	primary
PR01100	Nx	71	26411607.0	primary
PR01100	Nx	72	25143094.0	primary
PR01100	Nx	73	24465439.0	primary
PR01100	Nx	74	23327043.0	primary
PR01100	Nx	75	22838221.0	primary
PR01100	Nx	76	22817245.0	primary
PR01100	Nx	77	21586463.0	primary
PR01100	Nx	78	20573383.0	primary
PR01100	Nx	79	17798393.0	primary
PR01100	Nx	80	16600011.0	primary
PR01100	Nx	81	13634662.0	primary
PR01100	Nx	82	13040151.0	primary
PR01100	Nx	83	12363159.0	primary
PR01100	Nx	84	12205170.0	primary
PR01100	Nx	85	9927125.0	primary
PR01100	Nx	86	9681619.0	primary
PR01100	Nx	87	8803790.0	primary
PR01100	Nx	88	7860480.0	primary
PR01100	Nx	89	7596248.0	primary
PR01100	Nx	90	7200515.0	primary
PR01100	Nx	91	6044122.0	primary
PR01100	Nx	92	5345578.0	primary
PR01100	Nx	93	4699581.0	primary
PR01100	Nx	94	4222715.0	primary
PR01100	Nx	95	3619305.0	primary
PR01100	Nx	96	3042716.0	primary
PR01100	Nx	97	2226651.0	primary
PR01100	Nx	98	1655076.0	primary
PR01100	Nx	99	861460.0	primary
PR01100	Nx	100	12748.0	primary
PR01100	Lx	1	157078165.0	primary
PR01100	Lx	2	157078165.0	primary
PR01100	Lx	3	157078165.0	primary
PR01100	Lx	4	157078165.0	primary
PR01100	Lx	5	138220863.0	primary
PR01100	Lx	6	138220863.0	primary
PR01100	Lx	7	138220863.0	primary
PR01100	Lx	8	138220863.0	primary
PR01100	Lx	9	107058238.0	primary
PR01100	Lx	10	107058238.0	primary
PR01100	Lx	11	107058238.0	primary
PR01100	Lx	12	107058238.0	primary
PR01100	Lx	13	105882197.0	primary
PR01100	Lx	14	105882197.0	primary
PR01100	Lx	15	105882197.0	primary
PR01100	Lx	16	94027277.0	primary
PR01100	Lx	17	94027277.0	primary
PR01100	Lx	18	94027277.0	primary
PR01100	Lx	19	92353553.0	primary
PR01100	Lx	20	92353553.0	primary
PR01100	Lx	21	77358356.0	primary
PR01100	Lx	22	77358356.0	primary
PR01100	Lx	23	77358356.0	primary
PR01100	Lx	24	75295476.0	primary
PR01100	Lx	25	75295476.0	primary
PR01100	Lx	26	75177940.0	primary
PR01100	Lx	27	75177940.0	primary
PR01100	Lx	28	73187185.0	primary
PR01100	Lx	29	73187185.0	primary
PR01100	Lx	30	71239830.0	primary
PR01100	Lx	31	71239830.0	primary
PR01100	Lx	32	71239830.0	primary
PR01100	Lx	33	70687593.0	primary
PR01100	Lx	34	70687593.0	primary
PR01100	Lx	35	69297276.0	primary
PR01100	Lx	36	69297276.0	primary
PR01100	Lx	37	67979898.0	primary
PR01100	Lx	38	67979898.0	primary
PR01100	Lx	39	64040781.0	primary
PR01100	Lx	40	64040781.0	primary
PR01100	Lx	41	63347938.0	primary
PR01100	Lx	42	63347938.0	primary
PR01100	Lx	43	62211906.0	primary
PR01100	Lx	44	62211906.0	primary
PR01100	Lx	45	60092464.0	primary
PR01100	Lx	46	57271508.0	primary
PR01100	Lx	47	57271508.0	primary
PR01100	Lx	48	56503027.0	primary
PR01100	Lx	49	56503027.0	primary
PR01100	Lx	50	52822209.0	primary
PR01100	Lx	51	51602214.0	primary
PR01100	Lx	52	51602214.0	primary
PR01100	Lx	53	47009507.0	primary
PR01100	Lx	54	46571393.0	primary
PR01100	Lx	55	46571393.0	primary
PR01100	Lx	56	43745371.0	primary
PR01100	Lx	57	43166103.0	primary
PR01100	Lx	58	42704830.0	primary
PR01100	Lx	59	42704830.0	primary
PR01100	Lx	60	41630684.0	primary
PR01100	Lx	61	37134260.0	primary
PR01100	Lx	62	36910406.0	primary
PR01100	Lx	63	36711201.0	primary
PR01100	Lx	64	35308627.0	primary
PR01100	Lx	65	33713135.0	primary
PR01100	Lx	66	32585581.0	primary
PR01100	Lx	67	31180104.0	primary
PR01100	Lx	68	28322193.0	primary
PR01100	Lx	69	27991030.0	primary
PR01100	Lx	70	27485150.0	primary
PR01100	Lx	71	26411607.0	primary
PR01100	Lx	72	25143094.0	primary
PR01100	Lx	73	24465439.0	primary
PR01100	Lx	74	23327043.0	primary
PR01100	Lx	75	22838221.0	primary
PR01100	Lx	76	22817245.0	primary
PR01100	Lx	77	21586463.0	primary
PR01100	Lx	78	20573383.0	primary
PR01100	Lx	79	17798393.0	primary
PR01100	Lx	80	16600011.0	primary
PR01100	Lx	81	13634662.0	primary
PR01100	Lx	82	13040151.0	primary
PR01100	Lx	83	12363159.0	primary
PR01100	Lx	84	12205170.0	primary
PR01100	Lx	85	9927125.0	primary
PR01100	Lx	86	9681619.0	primary
PR01100	Lx	87	8803790.0	primary
PR01100	Lx	88	7860480.0	primary
PR01100	Lx	89	7596248.0	primary
PR01100	Lx	90	7200515.0	primary
PR01100	Lx	91	6044122.0	primary
PR01100	Lx	92	5345578.0	primary
PR01100	Lx	93	4699581.0	primary
PR01100	Lx	94	4222715.0	primary
PR01100	Lx	95	3619305.0	primary
PR01100	Lx	96	3042716.0	primary
PR01100	Lx	97	2226651.0	primary
PR01100	Lx	98	1655076.0	primary
PR01100	Lx	99	861460.0	primary
PR01100	Lx	100	12748.0	primary
PR01100	NGx	1	157078165.0	primary
PR01100	NGx	2	157078165.0	primary
PR01100	NGx	3	157078165.0	primary
PR01100	NGx	4	157078165.0	primary
PR01100	NGx	5	157078165.0	primary
PR01100	NGx	6	138220863.0	primary
PR01100	NGx	7	138220863.0	primary
PR01100	NGx	8	138220863.0	primary
PR01100	NGx	9	138220863.0	primary
PR01100	NGx	10	107058238.0	primary
PR01100	NGx	11	107058238.0	primary
PR01100	NGx	12	107058238.0	primary
PR01100	NGx	13	107058238.0	primary
PR01100	NGx	14	105882197.0	primary
PR01100	NGx	15	105882197.0	primary
PR01100	NGx	16	105882197.0	primary
PR01100	NGx	17	94027277.0	primary
PR01100	NGx	18	94027277.0	primary
PR01100	NGx	19	94027277.0	primary
PR01100	NGx	20	92353553.0	primary
PR01100	NGx	21	92353553.0	primary
PR01100	NGx	22	92353553.0	primary
PR01100	NGx	23	92353553.0	primary
PR01100	NGx	24	77358356.0	primary
PR01100	NGx	25	77358356.0	primary
PR01100	NGx	26	75295476.0	primary
PR01100	NGx	27	75295476.0	primary
PR01100	NGx	28	75295476.0	primary
PR01100	NGx	29	75177940.0	primary
PR01100	NGx	30	75177940.0	primary
PR01100	NGx	31	73187185.0	primary
PR01100	NGx	32	73187185.0	primary
PR01100	NGx	33	71239830.0	primary
PR01100	NGx	34	71239830.0	primary
PR01100	NGx	35	71239830.0	primary
PR01100	NGx	36	70687593.0	primary
PR01100	NGx	37	70687593.0	primary
PR01100	NGx	38	69297276.0	primary
PR01100	NGx	39	69297276.0	primary
PR01100	NGx	40	67979898.0	primary
PR01100	NGx	41	67979898.0	primary
PR01100	NGx	42	67979898.0	primary
PR01100	NGx	43	64040781.0	primary
PR01100	NGx	44	64040781.0	primary
PR01100	NGx	45	63347938.0	primary
PR01100	NGx	46	63347938.0	primary
PR01100	NGx	47	62211906.0	primary
PR01100	NGx	48	62211906.0	primary
PR01100	NGx	49	60092464.0	primary
PR01100	NGx	50	60092464.0	primary
PR01100	NGx	51	57271508.0	primary
PR01100	NGx	52	57271508.0	primary
PR01100	NGx	53	56503027.0	primary
PR01100	NGx	54	56503027.0	primary
PR01100	NGx	55	52822209.0	primary
PR01100	NGx	56	52822209.0	primary
PR01100	NGx	57	51602214.0	primary
PR01100	NGx	58	47009507.0	primary
PR01100	NGx	59	47009507.0	primary
PR01100	NGx	60	46571393.0	primary
PR01100	NGx	61	43745371.0	primary
PR01100	NGx	62	43745371.0	primary
PR01100	NGx	63	43166103.0	primary
PR01100	NGx	64	42704830.0	primary
PR01100	NGx	65	42704830.0	primary
PR01100	NGx	66	41630684.0	primary
PR01100	NGx	67	37134260.0	primary
PR01100	NGx	68	36910406.0	primary
PR01100	NGx	69	36711201.0	primary
PR01100	NGx	70	36711201.0	primary
PR01100	NGx	71	35308627.0	primary
PR01100	NGx	72	33713135.0	primary
PR01100	NGx	73	32585581.0	primary
PR01100	NGx	74	31180104.0	primary
PR01100	NGx	75	28322193.0	primary
PR01100	NGx	76	27991030.0	primary
PR01100	NGx	77	27485150.0	primary
PR01100	NGx	78	26421689.0	primary
PR01100	NGx	79	26411607.0	primary
PR01100	NGx	80	24465439.0	primary
PR01100	NGx	81	24071694.0	primary
PR01100	NGx	82	23327043.0	primary
PR01100	NGx	83	22838221.0	primary
PR01100	NGx	84	22738714.0	primary
PR01100	NGx	85	21586463.0	primary
PR01100	NGx	86	18976948.0	primary
PR01100	NGx	87	17798393.0	primary
PR01100	NGx	88	16600011.0	primary
PR01100	NGx	89	13634662.0	primary
PR01100	NGx	90	13150010.0	primary
PR01100	NGx	91	12936981.0	primary
PR01100	NGx	92	12215833.0	primary
PR01100	NGx	93	12196879.0	primary
PR01100	NGx	94	9774518.0	primary
PR01100	NGx	95	9681619.0	primary
PR01100	NGx	96	8030385.0	primary
PR01100	NGx	97	7856540.0	primary
PR01100	NGx	98	7726782.0	primary
PR01100	NGx	99	7200515.0	primary
PR01100	NGx	100	6444650.0	primary
PR01100	LGx	1	1.0	primary
PR01100	LGx	2	1.0	primary
PR01100	LGx	3	1.0	primary
PR01100	LGx	4	1.0	primary
PR01100	LGx	5	1.0	primary
PR01100	LGx	6	2.0	primary
PR01100	LGx	7	2.0	primary
PR01100	LGx	8	2.0	primary
PR01100	LGx	9	2.0	primary
PR01100	LGx	10	3.0	primary
PR01100	LGx	11	3.0	primary
PR01100	LGx	12	3.0	primary
PR01100	LGx	13	3.0	primary
PR01100	LGx	14	4.0	primary
PR01100	LGx	15	4.0	primary
PR01100	LGx	16	4.0	primary
PR01100	LGx	17	5.0	primary
PR01100	LGx	18	5.0	primary
PR01100	LGx	19	5.0	primary
PR01100	LGx	20	6.0	primary
PR01100	LGx	21	6.0	primary
PR01100	LGx	22	6.0	primary
PR01100	LGx	23	6.0	primary
PR01100	LGx	24	7.0	primary
PR01100	LGx	25	7.0	primary
PR01100	LGx	26	8.0	primary
PR01100	LGx	27	8.0	primary
PR01100	LGx	28	8.0	primary
PR01100	LGx	29	9.0	primary
PR01100	LGx	30	9.0	primary
PR01100	LGx	31	10.0	primary
PR01100	LGx	32	10.0	primary
PR01100	LGx	33	11.0	primary
PR01100	LGx	34	11.0	primary
PR01100	LGx	35	11.0	primary
PR01100	LGx	36	12.0	primary
PR01100	LGx	37	12.0	primary
PR01100	LGx	38	13.0	primary
PR01100	LGx	39	13.0	primary
PR01100	LGx	40	14.0	primary
PR01100	LGx	41	14.0	primary
PR01100	LGx	42	14.0	primary
PR01100	LGx	43	15.0	primary
PR01100	LGx	44	15.0	primary
PR01100	LGx	45	16.0	primary
PR01100	LGx	46	16.0	primary
PR01100	LGx	47	17.0	primary
PR01100	LGx	48	17.0	primary
PR01100	LGx	49	18.0	primary
PR01100	LGx	50	18.0	primary
PR01100	LGx	51	19.0	primary
PR01100	LGx	52	19.0	primary
PR01100	LGx	53	20.0	primary
PR01100	LGx	54	20.0	primary
PR01100	LGx	55	21.0	primary
PR01100	LGx	56	21.0	primary
PR01100	LGx	57	22.0	primary
PR01100	LGx	58	23.0	primary
PR01100	LGx	59	23.0	primary
PR01100	LGx	60	24.0	primary
PR01100	LGx	61	25.0	primary
PR01100	LGx	62	25.0	primary
PR01100	LGx	63	26.0	primary
PR01100	LGx	64	27.0	primary
PR01100	LGx	65	27.0	primary
PR01100	LGx	66	28.0	primary
PR01100	LGx	67	29.0	primary
PR01100	LGx	68	30.0	primary
PR01100	LGx	69	31.0	primary
PR01100	LGx	70	31.0	primary
PR01100	LGx	71	32.0	primary
PR01100	LGx	72	33.0	primary
PR01100	LGx	73	34.0	primary
PR01100	LGx	74	35.0	primary
PR01100	LGx	75	36.0	primary
PR01100	LGx	76	37.0	primary
PR01100	LGx	77	38.0	primary
PR01100	LGx	78	39.0	primary
PR01100	LGx	79	40.0	primary
PR01100	LGx	80	42.0	primary
PR01100	LGx	81	43.0	primary
PR01100	LGx	82	44.0	primary
PR01100	LGx	83	45.0	primary
PR01100	LGx	84	47.0	primary
PR01100	LGx	85	48.0	primary
PR01100	LGx	86	50.0	primary
PR01100	LGx	87	51.0	primary
PR01100	LGx	88	53.0	primary
PR01100	LGx	89	55.0	primary
PR01100	LGx	90	57.0	primary
PR01100	LGx	91	59.0	primary
PR01100	LGx	92	62.0	primary
PR01100	LGx	93	64.0	primary
PR01100	LGx	94	67.0	primary
PR01100	LGx	95	70.0	primary
PR01100	LGx	96	74.0	primary
PR01100	LGx	97	78.0	primary
PR01100	LGx	98	81.0	primary
PR01100	LGx	99	86.0	primary
PR01100	LGx	100	90.0	primary
PR00251	auN	3180505206	288.18585	hap1
PR00251	auNG	3018593705	303.6436	hap1
PR00251	Nx	1	172934117.0	hap1
PR00251	Nx	2	172934117.0	hap1
PR00251	Nx	3	172934117.0	hap1
PR00251	Nx	4	172934117.0	hap1
PR00251	Nx	5	172934117.0	hap1
PR00251	Nx	6	138239532.0	hap1
PR00251	Nx	7	138239532.0	hap1
PR00251	Nx	8	138239532.0	hap1
PR00251	Nx	9	138239532.0	hap1
PR00251	Nx	10	126857329.0	hap1
PR00251	Nx	11	126857329.0	hap1
PR00251	Nx	12	126857329.0	hap1
PR00251	Nx	13	126857329.0	hap1
PR00251	Nx	14	105471570.0	hap1
PR00251	Nx	15	105471570.0	hap1
PR00251	Nx	16	105471570.0	hap1
PR00251	Nx	17	105471570.0	hap1
PR00251	Nx	18	99920045.0	hap1
PR00251	Nx	19	99920045.0	hap1
PR00251	Nx	20	99920045.0	hap1
PR00251	Nx	21	91403245.0	hap1
PR00251	Nx	22	91403245.0	hap1
PR00251	Nx	23	91403245.0	hap1
PR00251	Nx	24	89568157.0	hap1
PR00251	Nx	25	89568157.0	hap1
PR00251	Nx	26	83384823.0	hap1
PR00251	Nx	27	83384823.0	hap1
PR00251	Nx	28	83384823.0	hap1
PR00251	Nx	29	81109024.0	hap1
PR00251	Nx	30	81109024.0	hap1
PR00251	Nx	31	81109024.0	hap1
PR00251	Nx	32	65856172.0	hap1
PR00251	Nx	33	65856172.0	hap1
PR00251	Nx	34	63421697.0	hap1
PR00251	Nx	35	63421697.0	hap1
PR00251	Nx	36	61569961.0	hap1
PR00251	Nx	37	61569961.0	hap1
PR00251	Nx	38	56453202.0	hap1
PR00251	Nx	39	54349902.0	hap1
PR00251	Nx	40	54349902.0	hap1
PR00251	Nx	41	54003339.0	hap1
PR00251	Nx	42	54003339.0	hap1
PR00251	Nx	43	52552060.0	hap1
PR00251	Nx	44	52409549.0	hap1
PR00251	Nx	45	52409549.0	hap1
PR00251	Nx	46	49616921.0	hap1
PR00251	Nx	47	49616921.0	hap1
PR00251	Nx	48	49583516.0	hap1
PR00251	Nx	49	47008584.0	hap1
PR00251	Nx	50	47008584.0	hap1
PR00251	Nx	51	46846450.0	hap1
PR00251	Nx	52	44398067.0	hap1
PR00251	Nx	53	44398067.0	hap1
PR00251	Nx	54	42910601.0	hap1
PR00251	Nx	55	40456456.0	hap1
PR00251	Nx	56	39674792.0	hap1
PR00251	Nx	57	39117440.0	hap1
PR00251	Nx	58	39117440.0	hap1
PR00251	Nx	59	38532211.0	hap1
PR00251	Nx	60	37006315.0	hap1
PR00251	Nx	61	36316898.0	hap1
PR00251	Nx	62	32523167.0	hap1
PR00251	Nx	63	32297354.0	hap1
PR00251	Nx	64	32278828.0	hap1
PR00251	Nx	65	31005459.0	hap1
PR00251	Nx	66	30907283.0	hap1
PR00251	Nx	67	30775887.0	hap1
PR00251	Nx	68	30040101.0	hap1
PR00251	Nx	69	28956288.0	hap1
PR00251	Nx	70	26418622.0	hap1
PR00251	Nx	71	25896286.0	hap1
PR00251	Nx	72	25518129.0	hap1
PR00251	Nx	73	24708111.0	hap1
PR00251	Nx	74	24645223.0	hap1
PR00251	Nx	75	22678317.0	hap1
PR00251	Nx	76	20273869.0	hap1
PR00251	Nx	77	19193734.0	hap1
PR00251	Nx	78	18958144.0	hap1
PR00251	Nx	79	17982991.0	hap1
PR00251	Nx	80	16484577.0	hap1
PR00251	Nx	81	15493562.0	hap1
PR00251	Nx	82	14810003.0	hap1
PR00251	Nx	83	14223249.0	hap1
PR00251	Nx	84	13281605.0	hap1
PR00251	Nx	85	10028173.0	hap1
PR00251	Nx	86	9566949.0	hap1
PR00251	Nx	87	8734172.0	hap1
PR00251	Nx	88	8105646.0	hap1
PR00251	Nx	89	7477278.0	hap1
PR00251	Nx	90	6977146.0	hap1
PR00251	Nx	91	5865079.0	hap1
PR00251	Nx	92	4903434.0	hap1
PR00251	Nx	93	4457016.0	hap1
PR00251	Nx	94	3996360.0	hap1
PR00251	Nx	95	3275792.0	hap1
PR00251	Nx	96	2742919.0	hap1
PR00251	Nx	97	1957866.0	hap1
PR00251	Nx	98	1352423.0	hap1
PR00251	Nx	99	609061.0	hap1
PR00251	Nx	100	13529.0	hap1
PR00251	Lx	1	172934117.0	hap1
PR00251	Lx	2	172934117.0	hap1
PR00251	Lx	3	172934117.0	hap1
PR00251	Lx	4	172934117.0	hap1
PR00251	Lx	5	172934117.0	hap1
PR00251	Lx	6	138239532.0	hap1
PR00251	Lx	7	138239532.0	hap1
PR00251	Lx	8	138239532.0	hap1
PR00251	Lx	9	138239532.0	hap1
PR00251	Lx	10	126857329.0	hap1
PR00251	Lx	11	126857329.0	hap1
PR00251	Lx	12	126857329.0	hap1
PR00251	Lx	13	126857329.0	hap1
PR00251	Lx	14	105471570.0	hap1
PR00251	Lx	15	105471570.0	hap1
PR00251	Lx	16	105471570.0	hap1
PR00251	Lx	17	105471570.0	hap1
PR00251	Lx	18	99920045.0	hap1
PR00251	Lx	19	99920045.0	hap1
PR00251	Lx	20	99920045.0	hap1
PR00251	Lx	21	91403245.0	hap1
PR00251	Lx	22	91403245.0	hap1
PR00251	Lx	23	91403245.0	hap1
PR00251	Lx	24	89568157.0	hap1
PR00251	Lx	25	89568157.0	hap1
PR00251	Lx	26	83384823.0	hap1
PR00251	Lx	27	83384823.0	hap1
PR00251	Lx	28	83384823.0	hap1
PR00251	Lx	29	81109024.0	hap1
PR00251	Lx	30	81109024.0	hap1
PR00251	Lx	31	81109024.0	hap1
PR00251	Lx	32	65856172.0	hap1
PR00251	Lx	33	65856172.0	hap1
PR00251	Lx	34	63421697.0	hap1
PR00251	Lx	35	63421697.0	hap1
PR00251	Lx	36	61569961.0	hap1
PR00251	Lx	37	61569961.0	hap1
PR00251	Lx	38	56453202.0	hap1
PR00251	Lx	39	54349902.0	hap1
PR00251	Lx	40	54349902.0	hap1
PR00251	Lx	41	54003339.0	hap1
PR00251	Lx	42	54003339.0	hap1
PR00251	Lx	43	52552060.0	hap1
PR00251	Lx	44	52409549.0	hap1
PR00251	Lx	45	52409549.0	hap1
PR00251	Lx	46	49616921.0	hap1
PR00251	Lx	47	49616921.0	hap1
PR00251	Lx	48	49583516.0	hap1
PR00251	Lx	49	47008584.0	hap1
PR00251	Lx	50	47008584.0	hap1
PR00251	Lx	51	46846450.0	hap1
PR00251	Lx	52	44398067.0	hap1
PR00251	Lx	53	44398067.0	hap1
PR00251	Lx	54	42910601.0	hap1
PR00251	Lx	55	40456456.0	hap1
PR00251	Lx	56	39674792.0	hap1
PR00251	Lx	57	39117440.0	hap1
PR00251	Lx	58	39117440.0	hap1
PR00251	Lx	59	38532211.0	hap1
PR00251	Lx	60	37006315.0	hap1
PR00251	Lx	61	36316898.0	hap1
PR00251	Lx	62	32523167.0	hap1
PR00251	Lx	63	32297354.0	hap1
PR00251	Lx	64	32278828.0	hap1
PR00251	Lx	65	31005459.0	hap1
PR00251	Lx	66	30907283.0	hap1
PR00251	Lx	67	30775887.0	hap1
PR00251	Lx	68	30040101.0	hap1
PR00251	Lx	69	28956288.0	hap1
PR00251	Lx	70	26418622.0	hap1
PR00251	Lx	71	25896286.0	hap1
PR00251	Lx	72	25518129.0	hap1
PR00251	Lx	73	24708111.0	hap1
PR00251	Lx	74	24645223.0	hap1
PR00251	Lx	75	22678317.0	hap1
PR00251	Lx	76	20273869.0	hap1
PR00251	Lx	77	19193734.0	hap1
PR00251	Lx	78	18958144.0	hap1
PR00251	Lx	79	17982991.0	hap1
PR00251	Lx	80	16484577.0	hap1
PR00251	Lx	81	15493562.0	hap1
PR00251	Lx	82	14810003.0	hap1
PR00251	Lx	83	14223249.0	hap1
PR00251	Lx	84	13281605.0	hap1
PR00251	Lx	85	10028173.0	hap1
PR00251	Lx	86	9566949.0	hap1
PR00251	Lx	87	8734172.0	hap1
PR00251	Lx	88	8105646.0	hap1
PR00251	Lx	89	7477278.0	hap1
PR00251	Lx	90	6977146.0	hap1
PR00251	Lx	91	5865079.0	hap1
PR00251	Lx	92	4903434.0	hap1
PR00251	Lx	93	4457016.0	hap1
PR00251	Lx	94	3996360.0	hap1
PR00251	Lx	95	3275792.0	hap1
PR00251	Lx	96	2742919.0	hap1
PR00251	Lx	97	1957866.0	hap1
PR00251	Lx	98	1352423.0	hap1
PR00251	Lx	99	609061.0	hap1
PR00251	Lx	100	13529.0	hap1
PR00251	NGx	1	172934117.0	hap1
PR00251	NGx	2	172934117.0	hap1
PR00251	NGx	3	172934117.0	hap1
PR00251	NGx	4	172934117.0	hap1
PR00251	NGx	5	172934117.0	hap1
PR00251	NGx	6	138239532.0	hap1
PR00251	NGx	7	138239532.0	hap1
PR00251	NGx	8	138239532.0	hap1
PR00251	NGx	9	138239532.0	hap1
PR00251	NGx	10	138239532.0	hap1
PR00251	NGx	11	126857329.0	hap1
PR00251	NGx	12	126857329.0	hap1
PR00251	NGx	13	126857329.0	hap1
PR00251	NGx	14	126857329.0	hap1
PR00251	NGx	15	105471570.0	hap1
PR00251	NGx	16	105471570.0	hap1
PR00251	NGx	17	105471570.0	hap1
PR00251	NGx	18	105471570.0	hap1
PR00251	NGx	19	99920045.0	hap1
PR00251	NGx	20	99920045.0	hap1
PR00251	NGx	21	99920045.0	hap1
PR00251	NGx	22	91403245.0	hap1
PR00251	NGx	23	91403245.0	hap1
PR00251	NGx	24	91403245.0	hap1
PR00251	NGx	25	89568157.0	hap1
PR00251	NGx	26	89568157.0	hap1
PR00251	NGx	27	89568157.0	hap1
PR00251	NGx	28	83384823.0	hap1
PR00251	NGx	29	83384823.0	hap1
PR00251	NGx	30	83384823.0	hap1
PR00251	NGx	31	81109024.0	hap1
PR00251	NGx	32	81109024.0	hap1
PR00251	NGx	33	65856172.0	hap1
PR00251	NGx	34	65856172.0	hap1
PR00251	NGx	35	63421697.0	hap1
PR00251	NGx	36	63421697.0	hap1
PR00251	NGx	37	63421697.0	hap1
PR00251	NGx	38	61569961.0	hap1
PR00251	NGx	39	61569961.0	hap1
PR00251	NGx	40	56453202.0	hap1
PR00251	NGx	41	54349902.0	hap1
PR00251	NGx	42	54349902.0	hap1
PR00251	NGx	43	54003339.0	hap1
PR00251	NGx	44	54003339.0	hap1
PR00251	NGx	45	52552060.0	hap1
PR00251	NGx	46	52552060.0	hap1
PR00251	NGx	47	52409549.0	hap1
PR00251	NGx	48	52409549.0	hap1
PR00251	NGx	49	49616921.0	hap1
PR00251	NGx	50	49583516.0	hap1
PR00251	NGx	51	49583516.0	hap1
PR00251	NGx	52	47008584.0	hap1
PR00251	NGx	53	46846450.0	hap1
PR00251	NGx	54	46846450.0	hap1
PR00251	NGx	55	44398067.0	hap1
PR00251	NGx	56	42910601.0	hap1
PR00251	NGx	57	42910601.0	hap1
PR00251	NGx	58	40456456.0	hap1
PR00251	NGx	59	39674792.0	hap1
PR00251	NGx	60	39117440.0	hap1
PR00251	NGx	61	39117440.0	hap1
PR00251	NGx	62	38532211.0	hap1
PR00251	NGx	63	37006315.0	hap1
PR00251	NGx	64	36316898.0	hap1
PR00251	NGx	65	32523167.0	hap1
PR00251	NGx	66	32523167.0	hap1
PR00251	NGx	67	32297354.0	hap1
PR00251	NGx	68	32278828.0	hap1
PR00251	NGx	69	31005459.0	hap1
PR00251	NGx	70	30907283.0	hap1
PR00251	NGx	71	30775887.0	hap1
PR00251	NGx	72	30040101.0	hap1
PR00251	NGx	73	28956288.0	hap1
PR00251	NGx	74	26418622.0	hap1
PR00251	NGx	75	25867304.0	hap1
PR00251	NGx	76	25518129.0	hap1
PR00251	NGx	77	24708111.0	hap1
PR00251	NGx	78	24645223.0	hap1
PR00251	NGx	79	22678317.0	hap1
PR00251	NGx	80	20273869.0	hap1
PR00251	NGx	81	19320352.0	hap1
PR00251	NGx	82	18958144.0	hap1
PR00251	NGx	83	17982991.0	hap1
PR00251	NGx	84	17728537.0	hap1
PR00251	NGx	85	16015494.0	hap1
PR00251	NGx	86	15385744.0	hap1
PR00251	NGx	87	14333959.0	hap1
PR00251	NGx	88	14044070.0	hap1
PR00251	NGx	89	12963732.0	hap1
PR00251	NGx	90	9935324.0	hap1
PR00251	NGx	91	9003519.0	hap1
PR00251	NGx	92	8335006.0	hap1
PR00251	NGx	93	7953558.0	hap1
PR00251	NGx	94	7122448.0	hap1
PR00251	NGx	95	6682288.0	hap1
PR00251	NGx	96	5713534.0	hap1
PR00251	NGx	97	4887466.0	hap1
PR00251	NGx	98	4457016.0	hap1
PR00251	NGx	99	4020196.0	hap1
PR00251	NGx	100	3275792.0	hap1
PR00251	LGx	1	1.0	hap1
PR00251	LGx	2	1.0	hap1
PR00251	LGx	3	1.0	hap1
PR00251	LGx	4	1.0	hap1
PR00251	LGx	5	1.0	hap1
PR00251	LGx	6	2.0	hap1
PR00251	LGx	7	2.0	hap1
PR00251	LGx	8	2.0	hap1
PR00251	LGx	9	2.0	hap1
PR00251	LGx	10	2.0	hap1
PR00251	LGx	11	3.0	hap1
PR00251	LGx	12	3.0	hap1
PR00251	LGx	13	3.0	hap1
PR00251	LGx	14	3.0	hap1
PR00251	LGx	15	4.0	hap1
PR00251	LGx	16	4.0	hap1
PR00251	LGx	17	4.0	hap1
PR00251	LGx	18	4.0	hap1
PR00251	LGx	19	5.0	hap1
PR00251	LGx	20	5.0	hap1
PR00251	LGx	21	5.0	hap1
PR00251	LGx	22	6.0	hap1
PR00251	LGx	23	6.0	hap1
PR00251	LGx	24	6.0	hap1
PR00251	LGx	25	7.0	hap1
PR00251	LGx	26	7.0	hap1
PR00251	LGx	27	7.0	hap1
PR00251	LGx	28	8.0	hap1
PR00251	LGx	29	8.0	hap1
PR00251	LGx	30	8.0	hap1
PR00251	LGx	31	9.0	hap1
PR00251	LGx	32	9.0	hap1
PR00251	LGx	33	10.0	hap1
PR00251	LGx	34	10.0	hap1
PR00251	LGx	35	11.0	hap1
PR00251	LGx	36	11.0	hap1
PR00251	LGx	37	11.0	hap1
PR00251	LGx	38	12.0	hap1
PR00251	LGx	39	12.0	hap1
PR00251	LGx	40	13.0	hap1
PR00251	LGx	41	14.0	hap1
PR00251	LGx	42	14.0	hap1
PR00251	LGx	43	15.0	hap1
PR00251	LGx	44	15.0	hap1
PR00251	LGx	45	16.0	hap1
PR00251	LGx	46	16.0	hap1
PR00251	LGx	47	17.0	hap1
PR00251	LGx	48	17.0	hap1
PR00251	LGx	49	18.0	hap1
PR00251	LGx	50	19.0	hap1
PR00251	LGx	51	19.0	hap1
PR00251	LGx	52	20.0	hap1
PR00251	LGx	53	21.0	hap1
PR00251	LGx	54	21.0	hap1
PR00251	LGx	55	22.0	hap1
PR00251	LGx	56	23.0	hap1
PR00251	LGx	57	23.0	hap1
PR00251	LGx	58	24.0	hap1
PR00251	LGx	59	25.0	hap1
PR00251	LGx	60	26.0	hap1
PR00251	LGx	61	26.0	hap1
PR00251	LGx	62	27.0	hap1
PR00251	LGx	63	28.0	hap1
PR00251	LGx	64	29.0	hap1
PR00251	LGx	65	30.0	hap1
PR00251	LGx	66	30.0	hap1
PR00251	LGx	67	31.0	hap1
PR00251	LGx	68	32.0	hap1
PR00251	LGx	69	33.0	hap1
PR00251	LGx	70	34.0	hap1
PR00251	LGx	71	35.0	hap1
PR00251	LGx	72	36.0	hap1
PR00251	LGx	73	37.0	hap1
PR00251	LGx	74	38.0	hap1
PR00251	LGx	75	40.0	hap1
PR00251	LGx	76	41.0	hap1
PR00251	LGx	77	42.0	hap1
PR00251	LGx	78	43.0	hap1
PR00251	LGx	79	44.0	hap1
PR00251	LGx	80	46.0	hap1
PR00251	LGx	81	47.0	hap1
PR00251	LGx	82	49.0	hap1
PR00251	LGx	83	51.0	hap1
PR00251	LGx	84	52.0	hap1
PR00251	LGx	85	54.0	hap1
PR00251	LGx	86	56.0	hap1
PR00251	LGx	87	58.0	hap1
PR00251	LGx	88	60.0	hap1
PR00251	LGx	89	62.0	hap1
PR00251	LGx	90	65.0	hap1
PR00251	LGx	91	69.0	hap1
PR00251	LGx	92	72.0	hap1
PR00251	LGx	93	76.0	hap1
PR00251	LGx	94	80.0	hap1
PR00251	LGx	95	84.0	hap1
PR00251	LGx	96	89.0	hap1
PR00251	LGx	97	95.0	hap1
PR00251	LGx	98	101.0	hap1
PR00251	LGx	99	108.0	hap1
PR00251	LGx	100	117.0	hap1
PR00251	auN	3143333504	281.0519	hap2
PR00251	auNG	3018593705	292.66602	hap2
PR00251	Nx	1	174868631.0	hap2
PR00251	Nx	2	174868631.0	hap2
PR00251	Nx	3	174868631.0	hap2
PR00251	Nx	4	174868631.0	hap2
PR00251	Nx	5	174868631.0	hap2
PR00251	Nx	6	149043724.0	hap2
PR00251	Nx	7	149043724.0	hap2
PR00251	Nx	8	149043724.0	hap2
PR00251	Nx	9	149043724.0	hap2
PR00251	Nx	10	149043724.0	hap2
PR00251	Nx	11	100131726.0	hap2
PR00251	Nx	12	100131726.0	hap2
PR00251	Nx	13	100131726.0	hap2
PR00251	Nx	14	82033410.0	hap2
PR00251	Nx	15	82033410.0	hap2
PR00251	Nx	16	82033410.0	hap2
PR00251	Nx	17	80590633.0	hap2
PR00251	Nx	18	80590633.0	hap2
PR00251	Nx	19	75400721.0	hap2
PR00251	Nx	20	75400721.0	hap2
PR00251	Nx	21	75400721.0	hap2
PR00251	Nx	22	69009397.0	hap2
PR00251	Nx	23	69009397.0	hap2
PR00251	Nx	24	66662357.0	hap2
PR00251	Nx	25	66662357.0	hap2
PR00251	Nx	26	61889314.0	hap2
PR00251	Nx	27	61889314.0	hap2
PR00251	Nx	28	59791035.0	hap2
PR00251	Nx	29	59791035.0	hap2
PR00251	Nx	30	55176198.0	hap2
PR00251	Nx	31	55176198.0	hap2
PR00251	Nx	32	50706443.0	hap2
PR00251	Nx	33	49655684.0	hap2
PR00251	Nx	34	49655684.0	hap2
PR00251	Nx	35	45635524.0	hap2
PR00251	Nx	36	45495642.0	hap2
PR00251	Nx	37	45495642.0	hap2
PR00251	Nx	38	44758634.0	hap2
PR00251	Nx	39	42959246.0	hap2
PR00251	Nx	40	40153819.0	hap2
PR00251	Nx	41	40153819.0	hap2
PR00251	Nx	42	38953485.0	hap2
PR00251	Nx	43	36433361.0	hap2
PR00251	Nx	44	35800845.0	hap2
PR00251	Nx	45	35395176.0	hap2
PR00251	Nx	46	33852852.0	hap2
PR00251	Nx	47	33721458.0	hap2
PR00251	Nx	48	33194905.0	hap2
PR00251	Nx	49	33194905.0	hap2
PR00251	Nx	50	32975433.0	hap2
PR00251	Nx	51	32470115.0	hap2
PR00251	Nx	52	32101616.0	hap2
PR00251	Nx	53	32092184.0	hap2
PR00251	Nx	54	31910389.0	hap2
PR00251	Nx	55	30778766.0	hap2
PR00251	Nx	56	30763341.0	hap2
PR00251	Nx	57	30116063.0	hap2
PR00251	Nx	58	25315779.0	hap2
PR00251	Nx	59	25225964.0	hap2
PR00251	Nx	60	24567575.0	hap2
PR00251	Nx	61	23037077.0	hap2
PR00251	Nx	62	22191033.0	hap2
PR00251	Nx	63	22105978.0	hap2
PR00251	Nx	64	20989687.0	hap2
PR00251	Nx	65	20810881.0	hap2
PR00251	Nx	66	20619007.0	hap2
PR00251	Nx	67	20072395.0	hap2
PR00251	Nx	68	18363961.0	hap2
PR00251	Nx	69	17354151.0	hap2
PR00251	Nx	70	17026729.0	hap2
PR00251	Nx	71	16987637.0	hap2
PR00251	Nx	72	16140096.0	hap2
PR00251	Nx	73	14752684.0	hap2
PR00251	Nx	74	14044078.0	hap2
PR00251	Nx	75	13186612.0	hap2
PR00251	Nx	76	12921146.0	hap2
PR00251	Nx	77	12432823.0	hap2
PR00251	Nx	78	12203413.0	hap2
PR00251	Nx	79	12053821.0	hap2
PR00251	Nx	80	11710412.0	hap2
PR00251	Nx	81	11469430.0	hap2
PR00251	Nx	82	10205787.0	hap2
PR00251	Nx	83	9306312.0	hap2
PR00251	Nx	84	9118686.0	hap2
PR00251	Nx	85	8022375.0	hap2
PR00251	Nx	86	7833001.0	hap2
PR00251	Nx	87	7126412.0	hap2
PR00251	Nx	88	6433350.0	hap2
PR00251	Nx	89	6158886.0	hap2
PR00251	Nx	90	5653194.0	hap2
PR00251	Nx	91	5474491.0	hap2
PR00251	Nx	92	4989621.0	hap2
PR00251	Nx	93	4470765.0	hap2
PR00251	Nx	94	3585429.0	hap2
PR00251	Nx	95	3045938.0	hap2
PR00251	Nx	96	2569050.0	hap2
PR00251	Nx	97	1837213.0	hap2
PR00251	Nx	98	1155843.0	hap2
PR00251	Nx	99	659794.0	hap2
PR00251	Nx	100	16569.0	hap2
PR00251	Lx	1	174868631.0	hap2
PR00251	Lx	2	174868631.0	hap2
PR00251	Lx	3	174868631.0	hap2
PR00251	Lx	4	174868631.0	hap2
PR00251	Lx	5	174868631.0	hap2
PR00251	Lx	6	149043724.0	hap2
PR00251	Lx	7	149043724.0	hap2
PR00251	Lx	8	149043724.0	hap2
PR00251	Lx	9	149043724.0	hap2
PR00251	Lx	10	149043724.0	hap2
PR00251	Lx	11	100131726.0	hap2
PR00251	Lx	12	100131726.0	hap2
PR00251	Lx	13	100131726.0	hap2
PR00251	Lx	14	82033410.0	hap2
PR00251	Lx	15	82033410.0	hap2
PR00251	Lx	16	82033410.0	hap2
PR00251	Lx	17	80590633.0	hap2
PR00251	Lx	18	80590633.0	hap2
PR00251	Lx	19	75400721.0	hap2
PR00251	Lx	20	75400721.0	hap2
PR00251	Lx	21	75400721.0	hap2
PR00251	Lx	22	69009397.0	hap2
PR00251	Lx	23	69009397.0	hap2
PR00251	Lx	24	66662357.0	hap2
PR00251	Lx	25	66662357.0	hap2
PR00251	Lx	26	61889314.0	hap2
PR00251	Lx	27	61889314.0	hap2
PR00251	Lx	28	59791035.0	hap2
PR00251	Lx	29	59791035.0	hap2
PR00251	Lx	30	55176198.0	hap2
PR00251	Lx	31	55176198.0	hap2
PR00251	Lx	32	50706443.0	hap2
PR00251	Lx	33	49655684.0	hap2
PR00251	Lx	34	49655684.0	hap2
PR00251	Lx	35	45635524.0	hap2
PR00251	Lx	36	45495642.0	hap2
PR00251	Lx	37	45495642.0	hap2
PR00251	Lx	38	44758634.0	hap2
PR00251	Lx	39	42959246.0	hap2
PR00251	Lx	40	40153819.0	hap2
PR00251	Lx	41	40153819.0	hap2
PR00251	Lx	42	38953485.0	hap2
PR00251	Lx	43	36433361.0	hap2
PR00251	Lx	44	35800845.0	hap2
PR00251	Lx	45	35395176.0	hap2
PR00251	Lx	46	33852852.0	hap2
PR00251	Lx	47	33721458.0	hap2
PR00251	Lx	48	33194905.0	hap2
PR00251	Lx	49	33194905.0	hap2
PR00251	Lx	50	32975433.0	hap2
PR00251	Lx	51	32470115.0	hap2
PR00251	Lx	52	32101616.0	hap2
PR00251	Lx	53	32092184.0	hap2
PR00251	Lx	54	31910389.0	hap2
PR00251	Lx	55	30778766.0	hap2
PR00251	Lx	56	30763341.0	hap2
PR00251	Lx	57	30116063.0	hap2
PR00251	Lx	58	25315779.0	hap2
PR00251	Lx	59	25225964.0	hap2
PR00251	Lx	60	24567575.0	hap2
PR00251	Lx	61	23037077.0	hap2
PR00251	Lx	62	22191033.0	hap2
PR00251	Lx	63	22105978.0	hap2
PR00251	Lx	64	20989687.0	hap2
PR00251	Lx	65	20810881.0	hap2
PR00251	Lx	66	20619007.0	hap2
PR00251	Lx	67	20072395.0	hap2
PR00251	Lx	68	18363961.0	hap2
PR00251	Lx	69	17354151.0	hap2
PR00251	Lx	70	17026729.0	hap2
PR00251	Lx	71	16987637.0	hap2
PR00251	Lx	72	16140096.0	hap2
PR00251	Lx	73	14752684.0	hap2
PR00251	Lx	74	14044078.0	hap2
PR00251	Lx	75	13186612.0	hap2
PR00251	Lx	76	12921146.0	hap2
PR00251	Lx	77	12432823.0	hap2
PR00251	Lx	78	12203413.0	hap2
PR00251	Lx	79	12053821.0	hap2
PR00251	Lx	80	11710412.0	hap2
PR00251	Lx	81	11469430.0	hap2
PR00251	Lx	82	10205787.0	hap2
PR00251	Lx	83	9306312.0	hap2
PR00251	Lx	84	9118686.0	hap2
PR00251	Lx	85	8022375.0	hap2
PR00251	Lx	86	7833001.0	hap2
PR00251	Lx	87	7126412.0	hap2
PR00251	Lx	88	6433350.0	hap2
PR00251	Lx	89	6158886.0	hap2
PR00251	Lx	90	5653194.0	hap2
PR00251	Lx	91	5474491.0	hap2
PR00251	Lx	92	4989621.0	hap2
PR00251	Lx	93	4470765.0	hap2
PR00251	Lx	94	3585429.0	hap2
PR00251	Lx	95	3045938.0	hap2
PR00251	Lx	96	2569050.0	hap2
PR00251	Lx	97	1837213.0	hap2
PR00251	Lx	98	1155843.0	hap2
PR00251	Lx	99	659794.0	hap2
PR00251	Lx	100	16569.0	hap2
PR00251	NGx	1	174868631.0	hap2
PR00251	NGx	2	174868631.0	hap2
PR00251	NGx	3	174868631.0	hap2
PR00251	NGx	4	174868631.0	hap2
PR00251	NGx	5	174868631.0	hap2
PR00251	NGx	6	149043724.0	hap2
PR00251	NGx	7	149043724.0	hap2
PR00251	NGx	8	149043724.0	hap2
PR00251	NGx	9	149043724.0	hap2
PR00251	NGx	10	149043724.0	hap2
PR00251	NGx	11	100131726.0	hap2
PR00251	NGx	12	100131726.0	hap2
PR00251	NGx	13	100131726.0	hap2
PR00251	NGx	14	100131726.0	hap2
PR00251	NGx	15	82033410.0	hap2
PR00251	NGx	16	82033410.0	hap2
PR00251	NGx	17	80590633.0	hap2
PR00251	NGx	18	80590633.0	hap2
PR00251	NGx	19	80590633.0	hap2
PR00251	NGx	20	75400721.0	hap2
PR00251	NGx	21	75400721.0	hap2
PR00251	NGx	22	69009397.0	hap2
PR00251	NGx	23	69009397.0	hap2
PR00251	NGx	24	69009397.0	hap2
PR00251	NGx	25	66662357.0	hap2
PR00251	NGx	26	66662357.0	hap2
PR00251	NGx	27	61889314.0	hap2
PR00251	NGx	28	61889314.0	hap2
PR00251	NGx	29	59791035.0	hap2
PR00251	NGx	30	59791035.0	hap2
PR00251	NGx	31	55176198.0	hap2
PR00251	NGx	32	55176198.0	hap2
PR00251	NGx	33	50706443.0	hap2
PR00251	NGx	34	49655684.0	hap2
PR00251	NGx	35	49655684.0	hap2
PR00251	NGx	36	45635524.0	hap2
PR00251	NGx	37	45635524.0	hap2
PR00251	NGx	38	45495642.0	hap2
PR00251	NGx	39	44758634.0	hap2
PR00251	NGx	40	44758634.0	hap2
PR00251	NGx	41	42959246.0	hap2
PR00251	NGx	42	40153819.0	hap2
PR00251	NGx	43	38953485.0	hap2
PR00251	NGx	44	38953485.0	hap2
PR00251	NGx	45	36433361.0	hap2
PR00251	NGx	46	35800845.0	hap2
PR00251	NGx	47	35395176.0	hap2
PR00251	NGx	48	33852852.0	hap2
PR00251	NGx	49	33721458.0	hap2
PR00251	NGx	50	33194905.0	hap2
PR00251	NGx	51	33194905.0	hap2
PR00251	NGx	52	32975433.0	hap2
PR00251	NGx	53	32470115.0	hap2
PR00251	NGx	54	32101616.0	hap2
PR00251	NGx	55	32092184.0	hap2
PR00251	NGx	56	31910389.0	hap2
PR00251	NGx	57	30778766.0	hap2
PR00251	NGx	58	30763341.0	hap2
PR00251	NGx	59	30116063.0	hap2
PR00251	NGx	60	26454871.0	hap2
PR00251	NGx	61	25315779.0	hap2
PR00251	NGx	62	24567575.0	hap2
PR00251	NGx	63	23037077.0	hap2
PR00251	NGx	64	22298575.0	hap2
PR00251	NGx	65	22191033.0	hap2
PR00251	NGx	66	21411431.0	hap2
PR00251	NGx	67	20989687.0	hap2
PR00251	NGx	68	20759538.0	hap2
PR00251	NGx	69	20619007.0	hap2
PR00251	NGx	70	19078623.0	hap2
PR00251	NGx	71	18363961.0	hap2
PR00251	NGx	72	17354151.0	hap2
PR00251	NGx	73	17026729.0	hap2
PR00251	NGx	74	16987637.0	hap2
PR00251	NGx	75	16140096.0	hap2
PR00251	NGx	76	14752684.0	hap2
PR00251	NGx	77	14044078.0	hap2
PR00251	NGx	78	13186612.0	hap2
PR00251	NGx	79	12921146.0	hap2
PR00251	NGx	80	12703697.0	hap2
PR00251	NGx	81	12203413.0	hap2
PR00251	NGx	82	12114349.0	hap2
PR00251	NGx	83	11710412.0	hap2
PR00251	NGx	84	11679642.0	hap2
PR00251	NGx	85	10505788.0	hap2
PR00251	NGx	86	9368975.0	hap2
PR00251	NGx	87	9178602.0	hap2
PR00251	NGx	88	8240407.0	hap2
PR00251	NGx	89	7962244.0	hap2
PR00251	NGx	90	7509285.0	hap2
PR00251	NGx	91	7065384.0	hap2
PR00251	NGx	92	6324567.0	hap2
PR00251	NGx	93	6073397.0	hap2
PR00251	NGx	94	5615009.0	hap2
PR00251	NGx	95	5339661.0	hap2
PR00251	NGx	96	4752452.0	hap2
PR00251	NGx	97	4422695.0	hap2
PR00251	NGx	98	3527420.0	hap2
PR00251	NGx	99	2981250.0	hap2
PR00251	NGx	100	2350130.0	hap2
PR00251	LGx	1	1.0	hap2
PR00251	LGx	2	1.0	hap2
PR00251	LGx	3	1.0	hap2
PR00251	LGx	4	1.0	hap2
PR00251	LGx	5	1.0	hap2
PR00251	LGx	6	2.0	hap2
PR00251	LGx	7	2.0	hap2
PR00251	LGx	8	2.0	hap2
PR00251	LGx	9	2.0	hap2
PR00251	LGx	10	2.0	hap2
PR00251	LGx	11	3.0	hap2
PR00251	LGx	12	3.0	hap2
PR00251	LGx	13	3.0	hap2
PR00251	LGx	14	3.0	hap2
PR00251	LGx	15	4.0	hap2
PR00251	LGx	16	4.0	hap2
PR00251	LGx	17	5.0	hap2
PR00251	LGx	18	5.0	hap2
PR00251	LGx	19	5.0	hap2
PR00251	LGx	20	6.0	hap2
PR00251	LGx	21	6.0	hap2
PR00251	LGx	22	7.0	hap2
PR00251	LGx	23	7.0	hap2
PR00251	LGx	24	7.0	hap2
PR00251	LGx	25	8.0	hap2
PR00251	LGx	26	8.0	hap2
PR00251	LGx	27	9.0	hap2
PR00251	LGx	28	9.0	hap2
PR00251	LGx	29	10.0	hap2
PR00251	LGx	30	10.0	hap2
PR00251	LGx	31	11.0	hap2
PR00251	LGx	32	11.0	hap2
PR00251	LGx	33	12.0	hap2
PR00251	LGx	34	13.0	hap2
PR00251	LGx	35	13.0	hap2
PR00251	LGx	36	14.0	hap2
PR00251	LGx	37	14.0	hap2
PR00251	LGx	38	15.0	hap2
PR00251	LGx	39	16.0	hap2
PR00251	LGx	40	16.0	hap2
PR00251	LGx	41	17.0	hap2
PR00251	LGx	42	18.0	hap2
PR00251	LGx	43	19.0	hap2
PR00251	LGx	44	19.0	hap2
PR00251	LGx	45	20.0	hap2
PR00251	LGx	46	21.0	hap2
PR00251	LGx	47	22.0	hap2
PR00251	LGx	48	23.0	hap2
PR00251	LGx	49	24.0	hap2
PR00251	LGx	50	25.0	hap2
PR00251	LGx	51	25.0	hap2
PR00251	LGx	52	26.0	hap2
PR00251	LGx	53	27.0	hap2
PR00251	LGx	54	28.0	hap2
PR00251	LGx	55	29.0	hap2
PR00251	LGx	56	30.0	hap2
PR00251	LGx	57	31.0	hap2
PR00251	LGx	58	32.0	hap2
PR00251	LGx	59	33.0	hap2
PR00251	LGx	60	34.0	hap2
PR00251	LGx	61	35.0	hap2
PR00251	LGx	62	37.0	hap2
PR00251	LGx	63	38.0	hap2
PR00251	LGx	64	39.0	hap2
PR00251	LGx	65	40.0	hap2
PR00251	LGx	66	42.0	hap2
PR00251	LGx	67	43.0	hap2
PR00251	LGx	68	45.0	hap2
PR00251	LGx	69	46.0	hap2
PR00251	LGx	70	48.0	hap2
PR00251	LGx	71	49.0	hap2
PR00251	LGx	72	51.0	hap2
PR00251	LGx	73	53.0	hap2
PR00251	LGx	74	54.0	hap2
PR00251	LGx	75	56.0	hap2
PR00251	LGx	76	58.0	hap2
PR00251	LGx	77	60.0	hap2
PR00251	LGx	78	63.0	hap2
PR00251	LGx	79	65.0	hap2
PR00251	LGx	80	67.0	hap2
PR00251	LGx	81	70.0	hap2
PR00251	LGx	82	72.0	hap2
PR00251	LGx	83	75.0	hap2
PR00251	LGx	84	77.0	hap2
PR00251	LGx	85	80.0	hap2
PR00251	LGx	86	83.0	hap2
PR00251	LGx	87	86.0	hap2
PR00251	LGx	88	90.0	hap2
PR00251	LGx	89	93.0	hap2
PR00251	LGx	90	97.0	hap2
PR00251	LGx	91	101.0	hap2
PR00251	LGx	92	106.0	hap2
PR00251	LGx	93	111.0	hap2
PR00251	LGx	94	116.0	hap2
PR00251	LGx	95	122.0	hap2
PR00251	LGx	96	127.0	hap2
PR00251	LGx	97	134.0	hap2
PR00251	LGx	98	142.0	hap2
PR00251	LGx	99	151.0	hap2
PR00251	LGx	100	162.0	hap2
PR00251	auN	3354468470	156.91888	primary
PR00251	auNG	3018593705	174.37903	primary
PR00251	Nx	1	174868631.0	primary
PR00251	Nx	2	174868631.0	primary
PR00251	Nx	3	174868631.0	primary
PR00251	Nx	4	174868631.0	primary
PR00251	Nx	5	174868631.0	primary
PR00251	Nx	6	174174841.0	primary
PR00251	Nx	7	174174841.0	primary
PR00251	Nx	8	174174841.0	primary
PR00251	Nx	9	174174841.0	primary
PR00251	Nx	10	174174841.0	primary
PR00251	Nx	11	149043724.0	primary
PR00251	Nx	12	149043724.0	primary
PR00251	Nx	13	149043724.0	primary
PR00251	Nx	14	149043724.0	primary
PR00251	Nx	15	137979020.0	primary
PR00251	Nx	16	137979020.0	primary
PR00251	Nx	17	137979020.0	primary
PR00251	Nx	18	137979020.0	primary
PR00251	Nx	19	137106487.0	primary
PR00251	Nx	20	137106487.0	primary
PR00251	Nx	21	137106487.0	primary
PR00251	Nx	22	137106487.0	primary
PR00251	Nx	23	137106487.0	primary
PR00251	Nx	24	126857329.0	primary
PR00251	Nx	25	126857329.0	primary
PR00251	Nx	26	126857329.0	primary
PR00251	Nx	27	125779736.0	primary
PR00251	Nx	28	125779736.0	primary
PR00251	Nx	29	125779736.0	primary
PR00251	Nx	30	125779736.0	primary
PR00251	Nx	31	106625687.0	primary
PR00251	Nx	32	106625687.0	primary
PR00251	Nx	33	106625687.0	primary
PR00251	Nx	34	100643588.0	primary
PR00251	Nx	35	100643588.0	primary
PR00251	Nx	36	100643588.0	primary
PR00251	Nx	37	99849738.0	primary
PR00251	Nx	38	99849738.0	primary
PR00251	Nx	39	99849738.0	primary
PR00251	Nx	40	94220417.0	primary
PR00251	Nx	41	94220417.0	primary
PR00251	Nx	42	94220417.0	primary
PR00251	Nx	43	87363188.0	primary
PR00251	Nx	44	87363188.0	primary
PR00251	Nx	45	87363188.0	primary
PR00251	Nx	46	81215417.0	primary
PR00251	Nx	47	81215417.0	primary
PR00251	Nx	48	76015124.0	primary
PR00251	Nx	49	76015124.0	primary
PR00251	Nx	50	75729370.0	primary
PR00251	Nx	51	75729370.0	primary
PR00251	Nx	52	75729370.0	primary
PR00251	Nx	53	75632745.0	primary
PR00251	Nx	54	75632745.0	primary
PR00251	Nx	55	69507445.0	primary
PR00251	Nx	56	69507445.0	primary
PR00251	Nx	57	68123524.0	primary
PR00251	Nx	58	68123524.0	primary
PR00251	Nx	59	61613522.0	primary
PR00251	Nx	60	61613522.0	primary
PR00251	Nx	61	56048309.0	primary
PR00251	Nx	62	55301528.0	primary
PR00251	Nx	63	55301528.0	primary
PR00251	Nx	64	54003339.0	primary
PR00251	Nx	65	54003339.0	primary
PR00251	Nx	66	52625103.0	primary
PR00251	Nx	67	49616921.0	primary
PR00251	Nx	68	49616921.0	primary
PR00251	Nx	69	48071587.0	primary
PR00251	Nx	70	45731584.0	primary
PR00251	Nx	71	45731584.0	primary
PR00251	Nx	72	45632665.0	primary
PR00251	Nx	73	42306533.0	primary
PR00251	Nx	74	40068748.0	primary
PR00251	Nx	75	39752687.0	primary
PR00251	Nx	76	39752687.0	primary
PR00251	Nx	77	39674792.0	primary
PR00251	Nx	78	38532211.0	primary
PR00251	Nx	79	32297354.0	primary
PR00251	Nx	80	30975588.0	primary
PR00251	Nx	81	30025928.0	primary
PR00251	Nx	82	29991041.0	primary
PR00251	Nx	83	27006255.0	primary
PR00251	Nx	84	26050375.0	primary
PR00251	Nx	85	22298576.0	primary
PR00251	Nx	86	17520975.0	primary
PR00251	Nx	87	16015494.0	primary
PR00251	Nx	88	14044070.0	primary
PR00251	Nx	89	12432823.0	primary
PR00251	Nx	90	11858169.0	primary
PR00251	Nx	91	10811961.0	primary
PR00251	Nx	92	9845676.0	primary
PR00251	Nx	93	8150700.0	primary
PR00251	Nx	94	7126412.0	primary
PR00251	Nx	95	4896846.0	primary
PR00251	Nx	96	4405539.0	primary
PR00251	Nx	97	3399794.0	primary
PR00251	Nx	98	2388760.0	primary
PR00251	Nx	99	1583627.0	primary
PR00251	Nx	100	15174.0	primary
PR00251	Lx	1	174868631.0	primary
PR00251	Lx	2	174868631.0	primary
PR00251	Lx	3	174868631.0	primary
PR00251	Lx	4	174868631.0	primary
PR00251	Lx	5	174868631.0	primary
PR00251	Lx	6	174174841.0	primary
PR00251	Lx	7	174174841.0	primary
PR00251	Lx	8	174174841.0	primary
PR00251	Lx	9	174174841.0	primary
PR00251	Lx	10	174174841.0	primary
PR00251	Lx	11	149043724.0	primary
PR00251	Lx	12	149043724.0	primary
PR00251	Lx	13	149043724.0	primary
PR00251	Lx	14	149043724.0	primary
PR00251	Lx	15	137979020.0	primary
PR00251	Lx	16	137979020.0	primary
PR00251	Lx	17	137979020.0	primary
PR00251	Lx	18	137979020.0	primary
PR00251	Lx	19	137106487.0	primary
PR00251	Lx	20	137106487.0	primary
PR00251	Lx	21	137106487.0	primary
PR00251	Lx	22	137106487.0	primary
PR00251	Lx	23	137106487.0	primary
PR00251	Lx	24	126857329.0	primary
PR00251	Lx	25	126857329.0	primary
PR00251	Lx	26	126857329.0	primary
PR00251	Lx	27	125779736.0	primary
PR00251	Lx	28	125779736.0	primary
PR00251	Lx	29	125779736.0	primary
PR00251	Lx	30	125779736.0	primary
PR00251	Lx	31	106625687.0	primary
PR00251	Lx	32	106625687.0	primary
PR00251	Lx	33	106625687.0	primary
PR00251	Lx	34	100643588.0	primary
PR00251	Lx	35	100643588.0	primary
PR00251	Lx	36	100643588.0	primary
PR00251	Lx	37	99849738.0	primary
PR00251	Lx	38	99849738.0	primary
PR00251	Lx	39	99849738.0	primary
PR00251	Lx	40	94220417.0	primary
PR00251	Lx	41	94220417.0	primary
PR00251	Lx	42	94220417.0	primary
PR00251	Lx	43	87363188.0	primary
PR00251	Lx	44	87363188.0	primary
PR00251	Lx	45	87363188.0	primary
PR00251	Lx	46	81215417.0	primary
PR00251	Lx	47	81215417.0	primary
PR00251	Lx	48	76015124.0	primary
PR00251	Lx	49	76015124.0	primary
PR00251	Lx	50	75729370.0	primary
PR00251	Lx	51	75729370.0	primary
PR00251	Lx	52	75729370.0	primary
PR00251	Lx	53	75632745.0	primary
PR00251	Lx	54	75632745.0	primary
PR00251	Lx	55	69507445.0	primary
PR00251	Lx	56	69507445.0	primary
PR00251	Lx	57	68123524.0	primary
PR00251	Lx	58	68123524.0	primary
PR00251	Lx	59	61613522.0	primary
PR00251	Lx	60	61613522.0	primary
PR00251	Lx	61	56048309.0	primary
PR00251	Lx	62	55301528.0	primary
PR00251	Lx	63	55301528.0	primary
PR00251	Lx	64	54003339.0	primary
PR00251	Lx	65	54003339.0	primary
PR00251	Lx	66	52625103.0	primary
PR00251	Lx	67	49616921.0	primary
PR00251	Lx	68	49616921.0	primary
PR00251	Lx	69	48071587.0	primary
PR00251	Lx	70	45731584.0	primary
PR00251	Lx	71	45731584.0	primary
PR00251	Lx	72	45632665.0	primary
PR00251	Lx	73	42306533.0	primary
PR00251	Lx	74	40068748.0	primary
PR00251	Lx	75	39752687.0	primary
PR00251	Lx	76	39752687.0	primary
PR00251	Lx	77	39674792.0	primary
PR00251	Lx	78	38532211.0	primary
PR00251	Lx	79	32297354.0	primary
PR00251	Lx	80	30975588.0	primary
PR00251	Lx	81	30025928.0	primary
PR00251	Lx	82	29991041.0	primary
PR00251	Lx	83	27006255.0	primary
PR00251	Lx	84	26050375.0	primary
PR00251	Lx	85	22298576.0	primary
PR00251	Lx	86	17520975.0	primary
PR00251	Lx	87	16015494.0	primary
PR00251	Lx	88	14044070.0	primary
PR00251	Lx	89	12432823.0	primary
PR00251	Lx	90	11858169.0	primary
PR00251	Lx	91	10811961.0	primary
PR00251	Lx	92	9845676.0	primary
PR00251	Lx	93	8150700.0	primary
PR00251	Lx	94	7126412.0	primary
PR00251	Lx	95	4896846.0	primary
PR00251	Lx	96	4405539.0	primary
PR00251	Lx	97	3399794.0	primary
PR00251	Lx	98	2388760.0	primary
PR00251	Lx	99	1583627.0	primary
PR00251	Lx	100	15174.0	primary
PR00251	NGx	1	174868631.0	primary
PR00251	NGx	2	174868631.0	primary
PR00251	NGx	3	174868631.0	primary
PR00251	NGx	4	174868631.0	primary
PR00251	NGx	5	174868631.0	primary
PR00251	NGx	6	174174841.0	primary
PR00251	NGx	7	174174841.0	primary
PR00251	NGx	8	174174841.0	primary
PR00251	NGx	9	174174841.0	primary
PR00251	NGx	10	174174841.0	primary
PR00251	NGx	11	174174841.0	primary
PR00251	NGx	12	149043724.0	primary
PR00251	NGx	13	149043724.0	primary
PR00251	NGx	14	149043724.0	primary
PR00251	NGx	15	149043724.0	primary
PR00251	NGx	16	149043724.0	primary
PR00251	NGx	17	137979020.0	primary
PR00251	NGx	18	137979020.0	primary
PR00251	NGx	19	137979020.0	primary
PR00251	NGx	20	137979020.0	primary
PR00251	NGx	21	137979020.0	primary
PR00251	NGx	22	137106487.0	primary
PR00251	NGx	23	137106487.0	primary
PR00251	NGx	24	137106487.0	primary
PR00251	NGx	25	137106487.0	primary
PR00251	NGx	26	126857329.0	primary
PR00251	NGx	27	126857329.0	primary
PR00251	NGx	28	126857329.0	primary
PR00251	NGx	29	126857329.0	primary
PR00251	NGx	30	125779736.0	primary
PR00251	NGx	31	125779736.0	primary
PR00251	NGx	32	125779736.0	primary
PR00251	NGx	33	125779736.0	primary
PR00251	NGx	34	106625687.0	primary
PR00251	NGx	35	106625687.0	primary
PR00251	NGx	36	106625687.0	primary
PR00251	NGx	37	106625687.0	primary
PR00251	NGx	38	100643588.0	primary
PR00251	NGx	39	100643588.0	primary
PR00251	NGx	40	100643588.0	primary
PR00251	NGx	41	99849738.0	primary
PR00251	NGx	42	99849738.0	primary
PR00251	NGx	43	99849738.0	primary
PR00251	NGx	44	99849738.0	primary
PR00251	NGx	45	94220417.0	primary
PR00251	NGx	46	94220417.0	primary
PR00251	NGx	47	94220417.0	primary
PR00251	NGx	48	87363188.0	primary
PR00251	NGx	49	87363188.0	primary
PR00251	NGx	50	87363188.0	primary
PR00251	NGx	51	81215417.0	primary
PR00251	NGx	52	81215417.0	primary
PR00251	NGx	53	76015124.0	primary
PR00251	NGx	54	76015124.0	primary
PR00251	NGx	55	76015124.0	primary
PR00251	NGx	56	75729370.0	primary
PR00251	NGx	57	75729370.0	primary
PR00251	NGx	58	75632745.0	primary
PR00251	NGx	59	75632745.0	primary
PR00251	NGx	60	75632745.0	primary
PR00251	NGx	61	69507445.0	primary
PR00251	NGx	62	69507445.0	primary
PR00251	NGx	63	68123524.0	primary
PR00251	NGx	64	68123524.0	primary
PR00251	NGx	65	61613522.0	primary
PR00251	NGx	66	61613522.0	primary
PR00251	NGx	67	56048309.0	primary
PR00251	NGx	68	56048309.0	primary
PR00251	NGx	69	55301528.0	primary
PR00251	NGx	70	55301528.0	primary
PR00251	NGx	71	54003339.0	primary
PR00251	NGx	72	54003339.0	primary
PR00251	NGx	73	52625103.0	primary
PR00251	NGx	74	52625103.0	primary
PR00251	NGx	75	49616921.0	primary
PR00251	NGx	76	48071587.0	primary
PR00251	NGx	77	48071587.0	primary
PR00251	NGx	78	45731584.0	primary
PR00251	NGx	79	45632665.0	primary
PR00251	NGx	80	45632665.0	primary
PR00251	NGx	81	42306533.0	primary
PR00251	NGx	82	40068748.0	primary
PR00251	NGx	83	40068748.0	primary
PR00251	NGx	84	39752687.0	primary
PR00251	NGx	85	39674792.0	primary
PR00251	NGx	86	38532211.0	primary
PR00251	NGx	87	38532211.0	primary
PR00251	NGx	88	32297354.0	primary
PR00251	NGx	89	30975588.0	primary
PR00251	NGx	90	30025928.0	primary
PR00251	NGx	91	29991041.0	primary
PR00251	NGx	92	28956288.0	primary
PR00251	NGx	93	27006255.0	primary
PR00251	NGx	94	22298576.0	primary
PR00251	NGx	95	19193734.0	primary
PR00251	NGx	96	16752071.0	primary
PR00251	NGx	97	14102785.0	primary
PR00251	NGx	98	13258720.0	primary
PR00251	NGx	99	12432823.0	primary
PR00251	NGx	100	11858169.0	primary
PR00251	LGx	1	1.0	primary
PR00251	LGx	2	1.0	primary
PR00251	LGx	3	1.0	primary
PR00251	LGx	4	1.0	primary
PR00251	LGx	5	1.0	primary
PR00251	LGx	6	2.0	primary
PR00251	LGx	7	2.0	primary
PR00251	LGx	8	2.0	primary
PR00251	LGx	9	2.0	primary
PR00251	LGx	10	2.0	primary
PR00251	LGx	11	2.0	primary
PR00251	LGx	12	3.0	primary
PR00251	LGx	13	3.0	primary
PR00251	LGx	14	3.0	primary
PR00251	LGx	15	3.0	primary
PR00251	LGx	16	3.0	primary
PR00251	LGx	17	4.0	primary
PR00251	LGx	18	4.0	primary
PR00251	LGx	19	4.0	primary
PR00251	LGx	20	4.0	primary
PR00251	LGx	21	4.0	primary
PR00251	LGx	22	5.0	primary
PR00251	LGx	23	5.0	primary
PR00251	LGx	24	5.0	primary
PR00251	LGx	25	5.0	primary
PR00251	LGx	26	6.0	primary
PR00251	LGx	27	6.0	primary
PR00251	LGx	28	6.0	primary
PR00251	LGx	29	6.0	primary
PR00251	LGx	30	7.0	primary
PR00251	LGx	31	7.0	primary
PR00251	LGx	32	7.0	primary
PR00251	LGx	33	7.0	primary
PR00251	LGx	34	8.0	primary
PR00251	LGx	35	8.0	primary
PR00251	LGx	36	8.0	primary
PR00251	LGx	37	8.0	primary
PR00251	LGx	38	9.0	primary
PR00251	LGx	39	9.0	primary
PR00251	LGx	40	9.0	primary
PR00251	LGx	41	10.0	primary
PR00251	LGx	42	10.0	primary
PR00251	LGx	43	10.0	primary
PR00251	LGx	44	10.0	primary
PR00251	LGx	45	11.0	primary
PR00251	LGx	46	11.0	primary
PR00251	LGx	47	11.0	primary
PR00251	LGx	48	12.0	primary
PR00251	LGx	49	12.0	primary
PR00251	LGx	50	12.0	primary
PR00251	LGx	51	13.0	primary
PR00251	LGx	52	13.0	primary
PR00251	LGx	53	14.0	primary
PR00251	LGx	54	14.0	primary
PR00251	LGx	55	14.0	primary
PR00251	LGx	56	15.0	primary
PR00251	LGx	57	15.0	primary
PR00251	LGx	58	16.0	primary
PR00251	LGx	59	16.0	primary
PR00251	LGx	60	16.0	primary
PR00251	LGx	61	17.0	primary
PR00251	LGx	62	17.0	primary
PR00251	LGx	63	18.0	primary
PR00251	LGx	64	18.0	primary
PR00251	LGx	65	19.0	primary
PR00251	LGx	66	19.0	primary
PR00251	LGx	67	20.0	primary
PR00251	LGx	68	20.0	primary
PR00251	LGx	69	21.0	primary
PR00251	LGx	70	21.0	primary
PR00251	LGx	71	22.0	primary
PR00251	LGx	72	22.0	primary
PR00251	LGx	73	23.0	primary
PR00251	LGx	74	23.0	primary
PR00251	LGx	75	24.0	primary
PR00251	LGx	76	25.0	primary
PR00251	LGx	77	25.0	primary
PR00251	LGx	78	26.0	primary
PR00251	LGx	79	27.0	primary
PR00251	LGx	80	27.0	primary
PR00251	LGx	81	28.0	primary
PR00251	LGx	82	29.0	primary
PR00251	LGx	83	29.0	primary
PR00251	LGx	84	30.0	primary
PR00251	LGx	85	31.0	primary
PR00251	LGx	86	32.0	primary
PR00251	LGx	87	32.0	primary
PR00251	LGx	88	33.0	primary
PR00251	LGx	89	34.0	primary
PR00251	LGx	90	35.0	primary
PR00251	LGx	91	36.0	primary
PR00251	LGx	92	37.0	primary
PR00251	LGx	93	38.0	primary
PR00251	LGx	94	40.0	primary
PR00251	LGx	95	41.0	primary
PR00251	LGx	96	43.0	primary
PR00251	LGx	97	45.0	primary
PR00251	LGx	98	47.0	primary
PR00251	LGx	99	49.0	primary
PR00251	LGx	100	52.0	primary
PR00366	auN	3175165263	419.12878	hap1
PR00366	auNG	3018593705	440.86856	hap1
PR00366	Nx	1	155083539.0	hap1
PR00366	Nx	2	155083539.0	hap1
PR00366	Nx	3	155083539.0	hap1
PR00366	Nx	4	155083539.0	hap1
PR00366	Nx	5	131674669.0	hap1
PR00366	Nx	6	131674669.0	hap1
PR00366	Nx	7	131674669.0	hap1
PR00366	Nx	8	131674669.0	hap1
PR00366	Nx	9	131674669.0	hap1
PR00366	Nx	10	111215298.0	hap1
PR00366	Nx	11	111215298.0	hap1
PR00366	Nx	12	111215298.0	hap1
PR00366	Nx	13	105156557.0	hap1
PR00366	Nx	14	105156557.0	hap1
PR00366	Nx	15	105156557.0	hap1
PR00366	Nx	16	94985570.0	hap1
PR00366	Nx	17	94985570.0	hap1
PR00366	Nx	18	94985570.0	hap1
PR00366	Nx	19	91552151.0	hap1
PR00366	Nx	20	91552151.0	hap1
PR00366	Nx	21	91552151.0	hap1
PR00366	Nx	22	89583595.0	hap1
PR00366	Nx	23	89583595.0	hap1
PR00366	Nx	24	89583595.0	hap1
PR00366	Nx	25	87883351.0	hap1
PR00366	Nx	26	87883351.0	hap1
PR00366	Nx	27	87883351.0	hap1
PR00366	Nx	28	80239595.0	hap1
PR00366	Nx	29	80239595.0	hap1
PR00366	Nx	30	74825547.0	hap1
PR00366	Nx	31	74825547.0	hap1
PR00366	Nx	32	74825547.0	hap1
PR00366	Nx	33	63938773.0	hap1
PR00366	Nx	34	63938773.0	hap1
PR00366	Nx	35	63358588.0	hap1
PR00366	Nx	36	63358588.0	hap1
PR00366	Nx	37	56946708.0	hap1
PR00366	Nx	38	56469476.0	hap1
PR00366	Nx	39	56469476.0	hap1
PR00366	Nx	40	53055775.0	hap1
PR00366	Nx	41	53055775.0	hap1
PR00366	Nx	42	52195114.0	hap1
PR00366	Nx	43	52195114.0	hap1
PR00366	Nx	44	51512019.0	hap1
PR00366	Nx	45	50990314.0	hap1
PR00366	Nx	46	50990314.0	hap1
PR00366	Nx	47	44617705.0	hap1
PR00366	Nx	48	44190518.0	hap1
PR00366	Nx	49	44190518.0	hap1
PR00366	Nx	50	42583276.0	hap1
PR00366	Nx	51	40696355.0	hap1
PR00366	Nx	52	39676191.0	hap1
PR00366	Nx	53	39180314.0	hap1
PR00366	Nx	54	39180314.0	hap1
PR00366	Nx	55	39135878.0	hap1
PR00366	Nx	56	37746470.0	hap1
PR00366	Nx	57	35830503.0	hap1
PR00366	Nx	58	34097411.0	hap1
PR00366	Nx	59	33608469.0	hap1
PR00366	Nx	60	33448159.0	hap1
PR00366	Nx	61	32983275.0	hap1
PR00366	Nx	62	32789010.0	hap1
PR00366	Nx	63	32789010.0	hap1
PR00366	Nx	64	32068661.0	hap1
PR00366	Nx	65	31704367.0	hap1
PR00366	Nx	66	28936641.0	hap1
PR00366	Nx	67	28118119.0	hap1
PR00366	Nx	68	27680818.0	hap1
PR00366	Nx	69	26920390.0	hap1
PR00366	Nx	70	26571960.0	hap1
PR00366	Nx	71	25075184.0	hap1
PR00366	Nx	72	21069202.0	hap1
PR00366	Nx	73	19878229.0	hap1
PR00366	Nx	74	18915532.0	hap1
PR00366	Nx	75	17720248.0	hap1
PR00366	Nx	76	16652171.0	hap1
PR00366	Nx	77	15851656.0	hap1
PR00366	Nx	78	13239637.0	hap1
PR00366	Nx	79	12780191.0	hap1
PR00366	Nx	80	12158594.0	hap1
PR00366	Nx	81	12115615.0	hap1
PR00366	Nx	82	11518629.0	hap1
PR00366	Nx	83	10518387.0	hap1
PR00366	Nx	84	9975007.0	hap1
PR00366	Nx	85	9101418.0	hap1
PR00366	Nx	86	7565049.0	hap1
PR00366	Nx	87	6551348.0	hap1
PR00366	Nx	88	5795406.0	hap1
PR00366	Nx	89	5322523.0	hap1
PR00366	Nx	90	5084242.0	hap1
PR00366	Nx	91	4599489.0	hap1
PR00366	Nx	92	4091334.0	hap1
PR00366	Nx	93	3402678.0	hap1
PR00366	Nx	94	2619787.0	hap1
PR00366	Nx	95	2193613.0	hap1
PR00366	Nx	96	1516881.0	hap1
PR00366	Nx	97	1093216.0	hap1
PR00366	Nx	98	708567.0	hap1
PR00366	Nx	99	259419.0	hap1
PR00366	Nx	100	13418.0	hap1
PR00366	Lx	1	155083539.0	hap1
PR00366	Lx	2	155083539.0	hap1
PR00366	Lx	3	155083539.0	hap1
PR00366	Lx	4	155083539.0	hap1
PR00366	Lx	5	131674669.0	hap1
PR00366	Lx	6	131674669.0	hap1
PR00366	Lx	7	131674669.0	hap1
PR00366	Lx	8	131674669.0	hap1
PR00366	Lx	9	131674669.0	hap1
PR00366	Lx	10	111215298.0	hap1
PR00366	Lx	11	111215298.0	hap1
PR00366	Lx	12	111215298.0	hap1
PR00366	Lx	13	105156557.0	hap1
PR00366	Lx	14	105156557.0	hap1
PR00366	Lx	15	105156557.0	hap1
PR00366	Lx	16	94985570.0	hap1
PR00366	Lx	17	94985570.0	hap1
PR00366	Lx	18	94985570.0	hap1
PR00366	Lx	19	91552151.0	hap1
PR00366	Lx	20	91552151.0	hap1
PR00366	Lx	21	91552151.0	hap1
PR00366	Lx	22	89583595.0	hap1
PR00366	Lx	23	89583595.0	hap1
PR00366	Lx	24	89583595.0	hap1
PR00366	Lx	25	87883351.0	hap1
PR00366	Lx	26	87883351.0	hap1
PR00366	Lx	27	87883351.0	hap1
PR00366	Lx	28	80239595.0	hap1
PR00366	Lx	29	80239595.0	hap1
PR00366	Lx	30	74825547.0	hap1
PR00366	Lx	31	74825547.0	hap1
PR00366	Lx	32	74825547.0	hap1
PR00366	Lx	33	63938773.0	hap1
PR00366	Lx	34	63938773.0	hap1
PR00366	Lx	35	63358588.0	hap1
PR00366	Lx	36	63358588.0	hap1
PR00366	Lx	37	56946708.0	hap1
PR00366	Lx	38	56469476.0	hap1
PR00366	Lx	39	56469476.0	hap1
PR00366	Lx	40	53055775.0	hap1
PR00366	Lx	41	53055775.0	hap1
PR00366	Lx	42	52195114.0	hap1
PR00366	Lx	43	52195114.0	hap1
PR00366	Lx	44	51512019.0	hap1
PR00366	Lx	45	50990314.0	hap1
PR00366	Lx	46	50990314.0	hap1
PR00366	Lx	47	44617705.0	hap1
PR00366	Lx	48	44190518.0	hap1
PR00366	Lx	49	44190518.0	hap1
PR00366	Lx	50	42583276.0	hap1
PR00366	Lx	51	40696355.0	hap1
PR00366	Lx	52	39676191.0	hap1
PR00366	Lx	53	39180314.0	hap1
PR00366	Lx	54	39180314.0	hap1
PR00366	Lx	55	39135878.0	hap1
PR00366	Lx	56	37746470.0	hap1
PR00366	Lx	57	35830503.0	hap1
PR00366	Lx	58	34097411.0	hap1
PR00366	Lx	59	33608469.0	hap1
PR00366	Lx	60	33448159.0	hap1
PR00366	Lx	61	32983275.0	hap1
PR00366	Lx	62	32789010.0	hap1
PR00366	Lx	63	32789010.0	hap1
PR00366	Lx	64	32068661.0	hap1
PR00366	Lx	65	31704367.0	hap1
PR00366	Lx	66	28936641.0	hap1
PR00366	Lx	67	28118119.0	hap1
PR00366	Lx	68	27680818.0	hap1
PR00366	Lx	69	26920390.0	hap1
PR00366	Lx	70	26571960.0	hap1
PR00366	Lx	71	25075184.0	hap1
PR00366	Lx	72	21069202.0	hap1
PR00366	Lx	73	19878229.0	hap1
PR00366	Lx	74	18915532.0	hap1
PR00366	Lx	75	17720248.0	hap1
PR00366	Lx	76	16652171.0	hap1
PR00366	Lx	77	15851656.0	hap1
PR00366	Lx	78	13239637.0	hap1
PR00366	Lx	79	12780191.0	hap1
PR00366	Lx	80	12158594.0	hap1
PR00366	Lx	81	12115615.0	hap1
PR00366	Lx	82	11518629.0	hap1
PR00366	Lx	83	10518387.0	hap1
PR00366	Lx	84	9975007.0	hap1
PR00366	Lx	85	9101418.0	hap1
PR00366	Lx	86	7565049.0	hap1
PR00366	Lx	87	6551348.0	hap1
PR00366	Lx	88	5795406.0	hap1
PR00366	Lx	89	5322523.0	hap1
PR00366	Lx	90	5084242.0	hap1
PR00366	Lx	91	4599489.0	hap1
PR00366	Lx	92	4091334.0	hap1
PR00366	Lx	93	3402678.0	hap1
PR00366	Lx	94	2619787.0	hap1
PR00366	Lx	95	2193613.0	hap1
PR00366	Lx	96	1516881.0	hap1
PR00366	Lx	97	1093216.0	hap1
PR00366	Lx	98	708567.0	hap1
PR00366	Lx	99	259419.0	hap1
PR00366	Lx	100	13418.0	hap1
PR00366	NGx	1	155083539.0	hap1
PR00366	NGx	2	155083539.0	hap1
PR00366	NGx	3	155083539.0	hap1
PR00366	NGx	4	155083539.0	hap1
PR00366	NGx	5	155083539.0	hap1
PR00366	NGx	6	131674669.0	hap1
PR00366	NGx	7	131674669.0	hap1
PR00366	NGx	8	131674669.0	hap1
PR00366	NGx	9	131674669.0	hap1
PR00366	NGx	10	111215298.0	hap1
PR00366	NGx	11	111215298.0	hap1
PR00366	NGx	12	111215298.0	hap1
PR00366	NGx	13	111215298.0	hap1
PR00366	NGx	14	105156557.0	hap1
PR00366	NGx	15	105156557.0	hap1
PR00366	NGx	16	105156557.0	hap1
PR00366	NGx	17	94985570.0	hap1
PR00366	NGx	18	94985570.0	hap1
PR00366	NGx	19	94985570.0	hap1
PR00366	NGx	20	91552151.0	hap1
PR00366	NGx	21	91552151.0	hap1
PR00366	NGx	22	91552151.0	hap1
PR00366	NGx	23	89583595.0	hap1
PR00366	NGx	24	89583595.0	hap1
PR00366	NGx	25	89583595.0	hap1
PR00366	NGx	26	87883351.0	hap1
PR00366	NGx	27	87883351.0	hap1
PR00366	NGx	28	87883351.0	hap1
PR00366	NGx	29	80239595.0	hap1
PR00366	NGx	30	80239595.0	hap1
PR00366	NGx	31	80239595.0	hap1
PR00366	NGx	32	74825547.0	hap1
PR00366	NGx	33	74825547.0	hap1
PR00366	NGx	34	63938773.0	hap1
PR00366	NGx	35	63938773.0	hap1
PR00366	NGx	36	63358588.0	hap1
PR00366	NGx	37	63358588.0	hap1
PR00366	NGx	38	63358588.0	hap1
PR00366	NGx	39	56946708.0	hap1
PR00366	NGx	40	56469476.0	hap1
PR00366	NGx	41	56469476.0	hap1
PR00366	NGx	42	53055775.0	hap1
PR00366	NGx	43	53055775.0	hap1
PR00366	NGx	44	52195114.0	hap1
PR00366	NGx	45	52195114.0	hap1
PR00366	NGx	46	51512019.0	hap1
PR00366	NGx	47	51512019.0	hap1
PR00366	NGx	48	50990314.0	hap1
PR00366	NGx	49	44617705.0	hap1
PR00366	NGx	50	44617705.0	hap1
PR00366	NGx	51	44190518.0	hap1
PR00366	NGx	52	42583276.0	hap1
PR00366	NGx	53	42583276.0	hap1
PR00366	NGx	54	40696355.0	hap1
PR00366	NGx	55	39676191.0	hap1
PR00366	NGx	56	39180314.0	hap1
PR00366	NGx	57	39180314.0	hap1
PR00366	NGx	58	39135878.0	hap1
PR00366	NGx	59	37746470.0	hap1
PR00366	NGx	60	35830503.0	hap1
PR00366	NGx	61	34097411.0	hap1
PR00366	NGx	62	33608469.0	hap1
PR00366	NGx	63	33608469.0	hap1
PR00366	NGx	64	33448159.0	hap1
PR00366	NGx	65	32983275.0	hap1
PR00366	NGx	66	32789010.0	hap1
PR00366	NGx	67	32068661.0	hap1
PR00366	NGx	68	31704367.0	hap1
PR00366	NGx	69	30545543.0	hap1
PR00366	NGx	70	28936641.0	hap1
PR00366	NGx	71	28118119.0	hap1
PR00366	NGx	72	27680818.0	hap1
PR00366	NGx	73	26920390.0	hap1
PR00366	NGx	74	26571960.0	hap1
PR00366	NGx	75	21544214.0	hap1
PR00366	NGx	76	21069202.0	hap1
PR00366	NGx	77	19407617.0	hap1
PR00366	NGx	78	18915532.0	hap1
PR00366	NGx	79	17720248.0	hap1
PR00366	NGx	80	16652171.0	hap1
PR00366	NGx	81	15851656.0	hap1
PR00366	NGx	82	13239637.0	hap1
PR00366	NGx	83	12780191.0	hap1
PR00366	NGx	84	12635247.0	hap1
PR00366	NGx	85	12115615.0	hap1
PR00366	NGx	86	11732996.0	hap1
PR00366	NGx	87	11226498.0	hap1
PR00366	NGx	88	9999402.0	hap1
PR00366	NGx	89	9199462.0	hap1
PR00366	NGx	90	8139821.0	hap1
PR00366	NGx	91	6996674.0	hap1
PR00366	NGx	92	6419060.0	hap1
PR00366	NGx	93	5766255.0	hap1
PR00366	NGx	94	5263813.0	hap1
PR00366	NGx	95	4880719.0	hap1
PR00366	NGx	96	4536389.0	hap1
PR00366	NGx	97	3985322.0	hap1
PR00366	NGx	98	3394969.0	hap1
PR00366	NGx	99	2597014.0	hap1
PR00366	NGx	100	2176568.0	hap1
PR00366	LGx	1	1.0	hap1
PR00366	LGx	2	1.0	hap1
PR00366	LGx	3	1.0	hap1
PR00366	LGx	4	1.0	hap1
PR00366	LGx	5	1.0	hap1
PR00366	LGx	6	2.0	hap1
PR00366	LGx	7	2.0	hap1
PR00366	LGx	8	2.0	hap1
PR00366	LGx	9	2.0	hap1
PR00366	LGx	10	3.0	hap1
PR00366	LGx	11	3.0	hap1
PR00366	LGx	12	3.0	hap1
PR00366	LGx	13	3.0	hap1
PR00366	LGx	14	4.0	hap1
PR00366	LGx	15	4.0	hap1
PR00366	LGx	16	4.0	hap1
PR00366	LGx	17	5.0	hap1
PR00366	LGx	18	5.0	hap1
PR00366	LGx	19	5.0	hap1
PR00366	LGx	20	6.0	hap1
PR00366	LGx	21	6.0	hap1
PR00366	LGx	22	6.0	hap1
PR00366	LGx	23	7.0	hap1
PR00366	LGx	24	7.0	hap1
PR00366	LGx	25	7.0	hap1
PR00366	LGx	26	8.0	hap1
PR00366	LGx	27	8.0	hap1
PR00366	LGx	28	8.0	hap1
PR00366	LGx	29	9.0	hap1
PR00366	LGx	30	9.0	hap1
PR00366	LGx	31	9.0	hap1
PR00366	LGx	32	10.0	hap1
PR00366	LGx	33	10.0	hap1
PR00366	LGx	34	11.0	hap1
PR00366	LGx	35	11.0	hap1
PR00366	LGx	36	12.0	hap1
PR00366	LGx	37	12.0	hap1
PR00366	LGx	38	12.0	hap1
PR00366	LGx	39	13.0	hap1
PR00366	LGx	40	14.0	hap1
PR00366	LGx	41	14.0	hap1
PR00366	LGx	42	15.0	hap1
PR00366	LGx	43	15.0	hap1
PR00366	LGx	44	16.0	hap1
PR00366	LGx	45	16.0	hap1
PR00366	LGx	46	17.0	hap1
PR00366	LGx	47	17.0	hap1
PR00366	LGx	48	18.0	hap1
PR00366	LGx	49	19.0	hap1
PR00366	LGx	50	19.0	hap1
PR00366	LGx	51	20.0	hap1
PR00366	LGx	52	21.0	hap1
PR00366	LGx	53	21.0	hap1
PR00366	LGx	54	22.0	hap1
PR00366	LGx	55	23.0	hap1
PR00366	LGx	56	24.0	hap1
PR00366	LGx	57	24.0	hap1
PR00366	LGx	58	25.0	hap1
PR00366	LGx	59	26.0	hap1
PR00366	LGx	60	27.0	hap1
PR00366	LGx	61	28.0	hap1
PR00366	LGx	62	29.0	hap1
PR00366	LGx	63	29.0	hap1
PR00366	LGx	64	30.0	hap1
PR00366	LGx	65	31.0	hap1
PR00366	LGx	66	32.0	hap1
PR00366	LGx	67	33.0	hap1
PR00366	LGx	68	34.0	hap1
PR00366	LGx	69	35.0	hap1
PR00366	LGx	70	36.0	hap1
PR00366	LGx	71	37.0	hap1
PR00366	LGx	72	38.0	hap1
PR00366	LGx	73	39.0	hap1
PR00366	LGx	74	40.0	hap1
PR00366	LGx	75	42.0	hap1
PR00366	LGx	76	43.0	hap1
PR00366	LGx	77	45.0	hap1
PR00366	LGx	78	46.0	hap1
PR00366	LGx	79	48.0	hap1
PR00366	LGx	80	50.0	hap1
PR00366	LGx	81	51.0	hap1
PR00366	LGx	82	54.0	hap1
PR00366	LGx	83	56.0	hap1
PR00366	LGx	84	58.0	hap1
PR00366	LGx	85	61.0	hap1
PR00366	LGx	86	63.0	hap1
PR00366	LGx	87	66.0	hap1
PR00366	LGx	88	69.0	hap1
PR00366	LGx	89	72.0	hap1
PR00366	LGx	90	75.0	hap1
PR00366	LGx	91	79.0	hap1
PR00366	LGx	92	84.0	hap1
PR00366	LGx	93	89.0	hap1
PR00366	LGx	94	94.0	hap1
PR00366	LGx	95	100.0	hap1
PR00366	LGx	96	107.0	hap1
PR00366	LGx	97	114.0	hap1
PR00366	LGx	98	122.0	hap1
PR00366	LGx	99	132.0	hap1
PR00366	LGx	100	145.0	hap1
PR00366	auN	3137161290	412.0033	hap2
PR00366	auNG	3018593705	428.1864	hap2
PR00366	Nx	1	143286804.0	hap2
PR00366	Nx	2	143286804.0	hap2
PR00366	Nx	3	143286804.0	hap2
PR00366	Nx	4	143286804.0	hap2
PR00366	Nx	5	127150469.0	hap2
PR00366	Nx	6	127150469.0	hap2
PR00366	Nx	7	127150469.0	hap2
PR00366	Nx	8	127150469.0	hap2
PR00366	Nx	9	97373613.0	hap2
PR00366	Nx	10	97373613.0	hap2
PR00366	Nx	11	97373613.0	hap2
PR00366	Nx	12	68247028.0	hap2
PR00366	Nx	13	68247028.0	hap2
PR00366	Nx	14	65636278.0	hap2
PR00366	Nx	15	65636278.0	hap2
PR00366	Nx	16	65374175.0	hap2
PR00366	Nx	17	65374175.0	hap2
PR00366	Nx	18	65374175.0	hap2
PR00366	Nx	19	63695871.0	hap2
PR00366	Nx	20	63695871.0	hap2
PR00366	Nx	21	63120730.0	hap2
PR00366	Nx	22	63120730.0	hap2
PR00366	Nx	23	59686837.0	hap2
PR00366	Nx	24	59686837.0	hap2
PR00366	Nx	25	58193731.0	hap2
PR00366	Nx	26	58109035.0	hap2
PR00366	Nx	27	58109035.0	hap2
PR00366	Nx	28	56923254.0	hap2
PR00366	Nx	29	56923254.0	hap2
PR00366	Nx	30	56245580.0	hap2
PR00366	Nx	31	56245580.0	hap2
PR00366	Nx	32	54212618.0	hap2
PR00366	Nx	33	54212618.0	hap2
PR00366	Nx	34	53415571.0	hap2
PR00366	Nx	35	52942658.0	hap2
PR00366	Nx	36	52942658.0	hap2
PR00366	Nx	37	52511278.0	hap2
PR00366	Nx	38	52511278.0	hap2
PR00366	Nx	39	47566421.0	hap2
PR00366	Nx	40	47326008.0	hap2
PR00366	Nx	41	47326008.0	hap2
PR00366	Nx	42	46961771.0	hap2
PR00366	Nx	43	44593759.0	hap2
PR00366	Nx	44	44593759.0	hap2
PR00366	Nx	45	42665265.0	hap2
PR00366	Nx	46	41519799.0	hap2
PR00366	Nx	47	35710448.0	hap2
PR00366	Nx	48	34204762.0	hap2
PR00366	Nx	49	34104769.0	hap2
PR00366	Nx	50	34104769.0	hap2
PR00366	Nx	51	31892064.0	hap2
PR00366	Nx	52	31568315.0	hap2
PR00366	Nx	53	30490095.0	hap2
PR00366	Nx	54	29604504.0	hap2
PR00366	Nx	55	27770853.0	hap2
PR00366	Nx	56	27449778.0	hap2
PR00366	Nx	57	27305347.0	hap2
PR00366	Nx	58	26417563.0	hap2
PR00366	Nx	59	24447348.0	hap2
PR00366	Nx	60	23480815.0	hap2
PR00366	Nx	61	23443910.0	hap2
PR00366	Nx	62	23370092.0	hap2
PR00366	Nx	63	22451790.0	hap2
PR00366	Nx	64	21377398.0	hap2
PR00366	Nx	65	20134986.0	hap2
PR00366	Nx	66	19988774.0	hap2
PR00366	Nx	67	18542592.0	hap2
PR00366	Nx	68	17344259.0	hap2
PR00366	Nx	69	17140991.0	hap2
PR00366	Nx	70	16021245.0	hap2
PR00366	Nx	71	15096518.0	hap2
PR00366	Nx	72	13579590.0	hap2
PR00366	Nx	73	12279710.0	hap2
PR00366	Nx	74	11864758.0	hap2
PR00366	Nx	75	10374794.0	hap2
PR00366	Nx	76	10198132.0	hap2
PR00366	Nx	77	9877342.0	hap2
PR00366	Nx	78	9497263.0	hap2
PR00366	Nx	79	8737287.0	hap2
PR00366	Nx	80	8079925.0	hap2
PR00366	Nx	81	7702960.0	hap2
PR00366	Nx	82	7408439.0	hap2
PR00366	Nx	83	6871686.0	hap2
PR00366	Nx	84	6101440.0	hap2
PR00366	Nx	85	5386078.0	hap2
PR00366	Nx	86	4884463.0	hap2
PR00366	Nx	87	4676807.0	hap2
PR00366	Nx	88	4278115.0	hap2
PR00366	Nx	89	3929186.0	hap2
PR00366	Nx	90	3575564.0	hap2
PR00366	Nx	91	3251080.0	hap2
PR00366	Nx	92	2910503.0	hap2
PR00366	Nx	93	2651378.0	hap2
PR00366	Nx	94	2440313.0	hap2
PR00366	Nx	95	2066129.0	hap2
PR00366	Nx	96	1781854.0	hap2
PR00366	Nx	97	1136592.0	hap2
PR00366	Nx	98	798406.0	hap2
PR00366	Nx	99	408663.0	hap2
PR00366	Nx	100	8836.0	hap2
PR00366	Lx	1	143286804.0	hap2
PR00366	Lx	2	143286804.0	hap2
PR00366	Lx	3	143286804.0	hap2
PR00366	Lx	4	143286804.0	hap2
PR00366	Lx	5	127150469.0	hap2
PR00366	Lx	6	127150469.0	hap2
PR00366	Lx	7	127150469.0	hap2
PR00366	Lx	8	127150469.0	hap2
PR00366	Lx	9	97373613.0	hap2
PR00366	Lx	10	97373613.0	hap2
PR00366	Lx	11	97373613.0	hap2
PR00366	Lx	12	68247028.0	hap2
PR00366	Lx	13	68247028.0	hap2
PR00366	Lx	14	65636278.0	hap2
PR00366	Lx	15	65636278.0	hap2
PR00366	Lx	16	65374175.0	hap2
PR00366	Lx	17	65374175.0	hap2
PR00366	Lx	18	65374175.0	hap2
PR00366	Lx	19	63695871.0	hap2
PR00366	Lx	20	63695871.0	hap2
PR00366	Lx	21	63120730.0	hap2
PR00366	Lx	22	63120730.0	hap2
PR00366	Lx	23	59686837.0	hap2
PR00366	Lx	24	59686837.0	hap2
PR00366	Lx	25	58193731.0	hap2
PR00366	Lx	26	58109035.0	hap2
PR00366	Lx	27	58109035.0	hap2
PR00366	Lx	28	56923254.0	hap2
PR00366	Lx	29	56923254.0	hap2
PR00366	Lx	30	56245580.0	hap2
PR00366	Lx	31	56245580.0	hap2
PR00366	Lx	32	54212618.0	hap2
PR00366	Lx	33	54212618.0	hap2
PR00366	Lx	34	53415571.0	hap2
PR00366	Lx	35	52942658.0	hap2
PR00366	Lx	36	52942658.0	hap2
PR00366	Lx	37	52511278.0	hap2
PR00366	Lx	38	52511278.0	hap2
PR00366	Lx	39	47566421.0	hap2
PR00366	Lx	40	47326008.0	hap2
PR00366	Lx	41	47326008.0	hap2
PR00366	Lx	42	46961771.0	hap2
PR00366	Lx	43	44593759.0	hap2
PR00366	Lx	44	44593759.0	hap2
PR00366	Lx	45	42665265.0	hap2
PR00366	Lx	46	41519799.0	hap2
PR00366	Lx	47	35710448.0	hap2
PR00366	Lx	48	34204762.0	hap2
PR00366	Lx	49	34104769.0	hap2
PR00366	Lx	50	34104769.0	hap2
PR00366	Lx	51	31892064.0	hap2
PR00366	Lx	52	31568315.0	hap2
PR00366	Lx	53	30490095.0	hap2
PR00366	Lx	54	29604504.0	hap2
PR00366	Lx	55	27770853.0	hap2
PR00366	Lx	56	27449778.0	hap2
PR00366	Lx	57	27305347.0	hap2
PR00366	Lx	58	26417563.0	hap2
PR00366	Lx	59	24447348.0	hap2
PR00366	Lx	60	23480815.0	hap2
PR00366	Lx	61	23443910.0	hap2
PR00366	Lx	62	23370092.0	hap2
PR00366	Lx	63	22451790.0	hap2
PR00366	Lx	64	21377398.0	hap2
PR00366	Lx	65	20134986.0	hap2
PR00366	Lx	66	19988774.0	hap2
PR00366	Lx	67	18542592.0	hap2
PR00366	Lx	68	17344259.0	hap2
PR00366	Lx	69	17140991.0	hap2
PR00366	Lx	70	16021245.0	hap2
PR00366	Lx	71	15096518.0	hap2
PR00366	Lx	72	13579590.0	hap2
PR00366	Lx	73	12279710.0	hap2
PR00366	Lx	74	11864758.0	hap2
PR00366	Lx	75	10374794.0	hap2
PR00366	Lx	76	10198132.0	hap2
PR00366	Lx	77	9877342.0	hap2
PR00366	Lx	78	9497263.0	hap2
PR00366	Lx	79	8737287.0	hap2
PR00366	Lx	80	8079925.0	hap2
PR00366	Lx	81	7702960.0	hap2
PR00366	Lx	82	7408439.0	hap2
PR00366	Lx	83	6871686.0	hap2
PR00366	Lx	84	6101440.0	hap2
PR00366	Lx	85	5386078.0	hap2
PR00366	Lx	86	4884463.0	hap2
PR00366	Lx	87	4676807.0	hap2
PR00366	Lx	88	4278115.0	hap2
PR00366	Lx	89	3929186.0	hap2
PR00366	Lx	90	3575564.0	hap2
PR00366	Lx	91	3251080.0	hap2
PR00366	Lx	92	2910503.0	hap2
PR00366	Lx	93	2651378.0	hap2
PR00366	Lx	94	2440313.0	hap2
PR00366	Lx	95	2066129.0	hap2
PR00366	Lx	96	1781854.0	hap2
PR00366	Lx	97	1136592.0	hap2
PR00366	Lx	98	798406.0	hap2
PR00366	Lx	99	408663.0	hap2
PR00366	Lx	100	8836.0	hap2
PR00366	NGx	1	143286804.0	hap2
PR00366	NGx	2	143286804.0	hap2
PR00366	NGx	3	143286804.0	hap2
PR00366	NGx	4	143286804.0	hap2
PR00366	NGx	5	127150469.0	hap2
PR00366	NGx	6	127150469.0	hap2
PR00366	NGx	7	127150469.0	hap2
PR00366	NGx	8	127150469.0	hap2
PR00366	NGx	9	97373613.0	hap2
PR00366	NGx	10	97373613.0	hap2
PR00366	NGx	11	97373613.0	hap2
PR00366	NGx	12	97373613.0	hap2
PR00366	NGx	13	68247028.0	hap2
PR00366	NGx	14	68247028.0	hap2
PR00366	NGx	15	65636278.0	hap2
PR00366	NGx	16	65636278.0	hap2
PR00366	NGx	17	65374175.0	hap2
PR00366	NGx	18	65374175.0	hap2
PR00366	NGx	19	63695871.0	hap2
PR00366	NGx	20	63695871.0	hap2
PR00366	NGx	21	63120730.0	hap2
PR00366	NGx	22	63120730.0	hap2
PR00366	NGx	23	59686837.0	hap2
PR00366	NGx	24	59686837.0	hap2
PR00366	NGx	25	58193731.0	hap2
PR00366	NGx	26	58193731.0	hap2
PR00366	NGx	27	58109035.0	hap2
PR00366	NGx	28	58109035.0	hap2
PR00366	NGx	29	56923254.0	hap2
PR00366	NGx	30	56923254.0	hap2
PR00366	NGx	31	56245580.0	hap2
PR00366	NGx	32	56245580.0	hap2
PR00366	NGx	33	54212618.0	hap2
PR00366	NGx	34	54212618.0	hap2
PR00366	NGx	35	53415571.0	hap2
PR00366	NGx	36	53415571.0	hap2
PR00366	NGx	37	52942658.0	hap2
PR00366	NGx	38	52511278.0	hap2
PR00366	NGx	39	52511278.0	hap2
PR00366	NGx	40	47566421.0	hap2
PR00366	NGx	41	47566421.0	hap2
PR00366	NGx	42	47326008.0	hap2
PR00366	NGx	43	46961771.0	hap2
PR00366	NGx	44	46961771.0	hap2
PR00366	NGx	45	44593759.0	hap2
PR00366	NGx	46	42665265.0	hap2
PR00366	NGx	47	42665265.0	hap2
PR00366	NGx	48	41519799.0	hap2
PR00366	NGx	49	35710448.0	hap2
PR00366	NGx	50	34204762.0	hap2
PR00366	NGx	51	34104769.0	hap2
PR00366	NGx	52	34104769.0	hap2
PR00366	NGx	53	31892064.0	hap2
PR00366	NGx	54	31568315.0	hap2
PR00366	NGx	55	30490095.0	hap2
PR00366	NGx	56	29604504.0	hap2
PR00366	NGx	57	28137276.0	hap2
PR00366	NGx	58	27449778.0	hap2
PR00366	NGx	59	27305347.0	hap2
PR00366	NGx	60	26417563.0	hap2
PR00366	NGx	61	24447348.0	hap2
PR00366	NGx	62	24100713.0	hap2
PR00366	NGx	63	23480815.0	hap2
PR00366	NGx	64	23370092.0	hap2
PR00366	NGx	65	22764726.0	hap2
PR00366	NGx	66	22451790.0	hap2
PR00366	NGx	67	20465641.0	hap2
PR00366	NGx	68	20134986.0	hap2
PR00366	NGx	69	19174859.0	hap2
PR00366	NGx	70	18542592.0	hap2
PR00366	NGx	71	17344259.0	hap2
PR00366	NGx	72	17060611.0	hap2
PR00366	NGx	73	15965125.0	hap2
PR00366	NGx	74	14763234.0	hap2
PR00366	NGx	75	13456522.0	hap2
PR00366	NGx	76	12279710.0	hap2
PR00366	NGx	77	10889286.0	hap2
PR00366	NGx	78	10349932.0	hap2
PR00366	NGx	79	10198132.0	hap2
PR00366	NGx	80	9901373.0	hap2
PR00366	NGx	81	9497263.0	hap2
PR00366	NGx	82	8737287.0	hap2
PR00366	NGx	83	8093446.0	hap2
PR00366	NGx	84	7758933.0	hap2
PR00366	NGx	85	7562448.0	hap2
PR00366	NGx	86	6983563.0	hap2
PR00366	NGx	87	6297088.0	hap2
PR00366	NGx	88	5668569.0	hap2
PR00366	NGx	89	5169323.0	hap2
PR00366	NGx	90	4718513.0	hap2
PR00366	NGx	91	4387395.0	hap2
PR00366	NGx	92	4056620.0	hap2
PR00366	NGx	93	3699592.0	hap2
PR00366	NGx	94	3374224.0	hap2
PR00366	NGx	95	3063821.0	hap2
PR00366	NGx	96	2791511.0	hap2
PR00366	NGx	97	2613856.0	hap2
PR00366	NGx	98	2302627.0	hap2
PR00366	NGx	99	1982596.0	hap2
PR00366	NGx	100	1642243.0	hap2
PR00366	LGx	1	1.0	hap2
PR00366	LGx	2	1.0	hap2
PR00366	LGx	3	1.0	hap2
PR00366	LGx	4	1.0	hap2
PR00366	LGx	5	2.0	hap2
PR00366	LGx	6	2.0	hap2
PR00366	LGx	7	2.0	hap2
PR00366	LGx	8	2.0	hap2
PR00366	LGx	9	3.0	hap2
PR00366	LGx	10	3.0	hap2
PR00366	LGx	11	3.0	hap2
PR00366	LGx	12	3.0	hap2
PR00366	LGx	13	4.0	hap2
PR00366	LGx	14	4.0	hap2
PR00366	LGx	15	5.0	hap2
PR00366	LGx	16	5.0	hap2
PR00366	LGx	17	6.0	hap2
PR00366	LGx	18	6.0	hap2
PR00366	LGx	19	7.0	hap2
PR00366	LGx	20	7.0	hap2
PR00366	LGx	21	8.0	hap2
PR00366	LGx	22	8.0	hap2
PR00366	LGx	23	9.0	hap2
PR00366	LGx	24	9.0	hap2
PR00366	LGx	25	10.0	hap2
PR00366	LGx	26	10.0	hap2
PR00366	LGx	27	11.0	hap2
PR00366	LGx	28	11.0	hap2
PR00366	LGx	29	12.0	hap2
PR00366	LGx	30	12.0	hap2
PR00366	LGx	31	13.0	hap2
PR00366	LGx	32	13.0	hap2
PR00366	LGx	33	14.0	hap2
PR00366	LGx	34	14.0	hap2
PR00366	LGx	35	15.0	hap2
PR00366	LGx	36	15.0	hap2
PR00366	LGx	37	16.0	hap2
PR00366	LGx	38	17.0	hap2
PR00366	LGx	39	17.0	hap2
PR00366	LGx	40	18.0	hap2
PR00366	LGx	41	18.0	hap2
PR00366	LGx	42	19.0	hap2
PR00366	LGx	43	20.0	hap2
PR00366	LGx	44	20.0	hap2
PR00366	LGx	45	21.0	hap2
PR00366	LGx	46	22.0	hap2
PR00366	LGx	47	22.0	hap2
PR00366	LGx	48	23.0	hap2
PR00366	LGx	49	24.0	hap2
PR00366	LGx	50	25.0	hap2
PR00366	LGx	51	26.0	hap2
PR00366	LGx	52	26.0	hap2
PR00366	LGx	53	27.0	hap2
PR00366	LGx	54	28.0	hap2
PR00366	LGx	55	29.0	hap2
PR00366	LGx	56	30.0	hap2
PR00366	LGx	57	31.0	hap2
PR00366	LGx	58	33.0	hap2
PR00366	LGx	59	34.0	hap2
PR00366	LGx	60	35.0	hap2
PR00366	LGx	61	36.0	hap2
PR00366	LGx	62	37.0	hap2
PR00366	LGx	63	38.0	hap2
PR00366	LGx	64	40.0	hap2
PR00366	LGx	65	41.0	hap2
PR00366	LGx	66	42.0	hap2
PR00366	LGx	67	44.0	hap2
PR00366	LGx	68	45.0	hap2
PR00366	LGx	69	47.0	hap2
PR00366	LGx	70	48.0	hap2
PR00366	LGx	71	50.0	hap2
PR00366	LGx	72	52.0	hap2
PR00366	LGx	73	54.0	hap2
PR00366	LGx	74	56.0	hap2
PR00366	LGx	75	58.0	hap2
PR00366	LGx	76	60.0	hap2
PR00366	LGx	77	63.0	hap2
PR00366	LGx	78	66.0	hap2
PR00366	LGx	79	68.0	hap2
PR00366	LGx	80	71.0	hap2
PR00366	LGx	81	75.0	hap2
PR00366	LGx	82	78.0	hap2
PR00366	LGx	83	81.0	hap2
PR00366	LGx	84	85.0	hap2
PR00366	LGx	85	89.0	hap2
PR00366	LGx	86	93.0	hap2
PR00366	LGx	87	98.0	hap2
PR00366	LGx	88	103.0	hap2
PR00366	LGx	89	108.0	hap2
PR00366	LGx	90	115.0	hap2
PR00366	LGx	91	121.0	hap2
PR00366	LGx	92	128.0	hap2
PR00366	LGx	93	136.0	hap2
PR00366	LGx	94	145.0	hap2
PR00366	LGx	95	154.0	hap2
PR00366	LGx	96	164.0	hap2
PR00366	LGx	97	175.0	hap2
PR00366	LGx	98	188.0	hap2
PR00366	LGx	99	202.0	hap2
PR00366	LGx	100	218.0	hap2
PR00366	auN	3322460718	160.56552	primary
PR00366	auNG	3018593705	176.72885	primary
PR00366	Nx	1	156607430.0	primary
PR00366	Nx	2	156607430.0	primary
PR00366	Nx	3	156607430.0	primary
PR00366	Nx	4	156607430.0	primary
PR00366	Nx	5	155071772.0	primary
PR00366	Nx	6	155071772.0	primary
PR00366	Nx	7	155071772.0	primary
PR00366	Nx	8	155071772.0	primary
PR00366	Nx	9	155071772.0	primary
PR00366	Nx	10	132572593.0	primary
PR00366	Nx	11	132572593.0	primary
PR00366	Nx	12	132572593.0	primary
PR00366	Nx	13	132572593.0	primary
PR00366	Nx	14	127150469.0	primary
PR00366	Nx	15	127150469.0	primary
PR00366	Nx	16	127150469.0	primary
PR00366	Nx	17	127150469.0	primary
PR00366	Nx	18	124067367.0	primary
PR00366	Nx	19	124067367.0	primary
PR00366	Nx	20	124067367.0	primary
PR00366	Nx	21	111219066.0	primary
PR00366	Nx	22	111219066.0	primary
PR00366	Nx	23	111219066.0	primary
PR00366	Nx	24	111219066.0	primary
PR00366	Nx	25	105179605.0	primary
PR00366	Nx	26	105179605.0	primary
PR00366	Nx	27	105179605.0	primary
PR00366	Nx	28	99967244.0	primary
PR00366	Nx	29	99967244.0	primary
PR00366	Nx	30	99967244.0	primary
PR00366	Nx	31	93075219.0	primary
PR00366	Nx	32	93075219.0	primary
PR00366	Nx	33	93075219.0	primary
PR00366	Nx	34	92743197.0	primary
PR00366	Nx	35	92743197.0	primary
PR00366	Nx	36	92743197.0	primary
PR00366	Nx	37	91967826.0	primary
PR00366	Nx	38	91967826.0	primary
PR00366	Nx	39	91600996.0	primary
PR00366	Nx	40	91600996.0	primary
PR00366	Nx	41	91600996.0	primary
PR00366	Nx	42	87522628.0	primary
PR00366	Nx	43	87522628.0	primary
PR00366	Nx	44	87522628.0	primary
PR00366	Nx	45	84323573.0	primary
PR00366	Nx	46	84323573.0	primary
PR00366	Nx	47	82465041.0	primary
PR00366	Nx	48	82465041.0	primary
PR00366	Nx	49	82465041.0	primary
PR00366	Nx	50	78090936.0	primary
PR00366	Nx	51	78090936.0	primary
PR00366	Nx	52	72875167.0	primary
PR00366	Nx	53	72875167.0	primary
PR00366	Nx	54	68282070.0	primary
PR00366	Nx	55	68282070.0	primary
PR00366	Nx	56	66849393.0	primary
PR00366	Nx	57	66849393.0	primary
PR00366	Nx	58	65636278.0	primary
PR00366	Nx	59	65636278.0	primary
PR00366	Nx	60	65245656.0	primary
PR00366	Nx	61	65245656.0	primary
PR00366	Nx	62	63938773.0	primary
PR00366	Nx	63	63938773.0	primary
PR00366	Nx	64	63740294.0	primary
PR00366	Nx	65	63740294.0	primary
PR00366	Nx	66	59100631.0	primary
PR00366	Nx	67	59100631.0	primary
PR00366	Nx	68	58193731.0	primary
PR00366	Nx	69	58193731.0	primary
PR00366	Nx	70	56245580.0	primary
PR00366	Nx	71	44190518.0	primary
PR00366	Nx	72	44190518.0	primary
PR00366	Nx	73	43404799.0	primary
PR00366	Nx	74	42668951.0	primary
PR00366	Nx	75	42325637.0	primary
PR00366	Nx	76	42325637.0	primary
PR00366	Nx	77	41948029.0	primary
PR00366	Nx	78	41739555.0	primary
PR00366	Nx	79	39676191.0	primary
PR00366	Nx	80	36661062.0	primary
PR00366	Nx	81	34236974.0	primary
PR00366	Nx	82	32333899.0	primary
PR00366	Nx	83	30795582.0	primary
PR00366	Nx	84	28936641.0	primary
PR00366	Nx	85	26920390.0	primary
PR00366	Nx	86	24322262.0	primary
PR00366	Nx	87	19670311.0	primary
PR00366	Nx	88	19350253.0	primary
PR00366	Nx	89	17411760.0	primary
PR00366	Nx	90	13467180.0	primary
PR00366	Nx	91	11967828.0	primary
PR00366	Nx	92	11490946.0	primary
PR00366	Nx	93	9398661.0	primary
PR00366	Nx	94	6514693.0	primary
PR00366	Nx	95	4777581.0	primary
PR00366	Nx	96	3760998.0	primary
PR00366	Nx	97	3060577.0	primary
PR00366	Nx	98	2047909.0	primary
PR00366	Nx	99	1028004.0	primary
PR00366	Nx	100	11985.0	primary
PR00366	Lx	1	156607430.0	primary
PR00366	Lx	2	156607430.0	primary
PR00366	Lx	3	156607430.0	primary
PR00366	Lx	4	156607430.0	primary
PR00366	Lx	5	155071772.0	primary
PR00366	Lx	6	155071772.0	primary
PR00366	Lx	7	155071772.0	primary
PR00366	Lx	8	155071772.0	primary
PR00366	Lx	9	155071772.0	primary
PR00366	Lx	10	132572593.0	primary
PR00366	Lx	11	132572593.0	primary
PR00366	Lx	12	132572593.0	primary
PR00366	Lx	13	132572593.0	primary
PR00366	Lx	14	127150469.0	primary
PR00366	Lx	15	127150469.0	primary
PR00366	Lx	16	127150469.0	primary
PR00366	Lx	17	127150469.0	primary
PR00366	Lx	18	124067367.0	primary
PR00366	Lx	19	124067367.0	primary
PR00366	Lx	20	124067367.0	primary
PR00366	Lx	21	111219066.0	primary
PR00366	Lx	22	111219066.0	primary
PR00366	Lx	23	111219066.0	primary
PR00366	Lx	24	111219066.0	primary
PR00366	Lx	25	105179605.0	primary
PR00366	Lx	26	105179605.0	primary
PR00366	Lx	27	105179605.0	primary
PR00366	Lx	28	99967244.0	primary
PR00366	Lx	29	99967244.0	primary
PR00366	Lx	30	99967244.0	primary
PR00366	Lx	31	93075219.0	primary
PR00366	Lx	32	93075219.0	primary
PR00366	Lx	33	93075219.0	primary
PR00366	Lx	34	92743197.0	primary
PR00366	Lx	35	92743197.0	primary
PR00366	Lx	36	92743197.0	primary
PR00366	Lx	37	91967826.0	primary
PR00366	Lx	38	91967826.0	primary
PR00366	Lx	39	91600996.0	primary
PR00366	Lx	40	91600996.0	primary
PR00366	Lx	41	91600996.0	primary
PR00366	Lx	42	87522628.0	primary
PR00366	Lx	43	87522628.0	primary
PR00366	Lx	44	87522628.0	primary
PR00366	Lx	45	84323573.0	primary
PR00366	Lx	46	84323573.0	primary
PR00366	Lx	47	82465041.0	primary
PR00366	Lx	48	82465041.0	primary
PR00366	Lx	49	82465041.0	primary
PR00366	Lx	50	78090936.0	primary
PR00366	Lx	51	78090936.0	primary
PR00366	Lx	52	72875167.0	primary
PR00366	Lx	53	72875167.0	primary
PR00366	Lx	54	68282070.0	primary
PR00366	Lx	55	68282070.0	primary
PR00366	Lx	56	66849393.0	primary
PR00366	Lx	57	66849393.0	primary
PR00366	Lx	58	65636278.0	primary
PR00366	Lx	59	65636278.0	primary
PR00366	Lx	60	65245656.0	primary
PR00366	Lx	61	65245656.0	primary
PR00366	Lx	62	63938773.0	primary
PR00366	Lx	63	63938773.0	primary
PR00366	Lx	64	63740294.0	primary
PR00366	Lx	65	63740294.0	primary
PR00366	Lx	66	59100631.0	primary
PR00366	Lx	67	59100631.0	primary
PR00366	Lx	68	58193731.0	primary
PR00366	Lx	69	58193731.0	primary
PR00366	Lx	70	56245580.0	primary
PR00366	Lx	71	44190518.0	primary
PR00366	Lx	72	44190518.0	primary
PR00366	Lx	73	43404799.0	primary
PR00366	Lx	74	42668951.0	primary
PR00366	Lx	75	42325637.0	primary
PR00366	Lx	76	42325637.0	primary
PR00366	Lx	77	41948029.0	primary
PR00366	Lx	78	41739555.0	primary
PR00366	Lx	79	39676191.0	primary
PR00366	Lx	80	36661062.0	primary
PR00366	Lx	81	34236974.0	primary
PR00366	Lx	82	32333899.0	primary
PR00366	Lx	83	30795582.0	primary
PR00366	Lx	84	28936641.0	primary
PR00366	Lx	85	26920390.0	primary
PR00366	Lx	86	24322262.0	primary
PR00366	Lx	87	19670311.0	primary
PR00366	Lx	88	19350253.0	primary
PR00366	Lx	89	17411760.0	primary
PR00366	Lx	90	13467180.0	primary
PR00366	Lx	91	11967828.0	primary
PR00366	Lx	92	11490946.0	primary
PR00366	Lx	93	9398661.0	primary
PR00366	Lx	94	6514693.0	primary
PR00366	Lx	95	4777581.0	primary
PR00366	Lx	96	3760998.0	primary
PR00366	Lx	97	3060577.0	primary
PR00366	Lx	98	2047909.0	primary
PR00366	Lx	99	1028004.0	primary
PR00366	Lx	100	11985.0	primary
PR00366	NGx	1	156607430.0	primary
PR00366	NGx	2	156607430.0	primary
PR00366	NGx	3	156607430.0	primary
PR00366	NGx	4	156607430.0	primary
PR00366	NGx	5	156607430.0	primary
PR00366	NGx	6	155071772.0	primary
PR00366	NGx	7	155071772.0	primary
PR00366	NGx	8	155071772.0	primary
PR00366	NGx	9	155071772.0	primary
PR00366	NGx	10	155071772.0	primary
PR00366	NGx	11	132572593.0	primary
PR00366	NGx	12	132572593.0	primary
PR00366	NGx	13	132572593.0	primary
PR00366	NGx	14	132572593.0	primary
PR00366	NGx	15	127150469.0	primary
PR00366	NGx	16	127150469.0	primary
PR00366	NGx	17	127150469.0	primary
PR00366	NGx	18	127150469.0	primary
PR00366	NGx	19	124067367.0	primary
PR00366	NGx	20	124067367.0	primary
PR00366	NGx	21	124067367.0	primary
PR00366	NGx	22	124067367.0	primary
PR00366	NGx	23	124067367.0	primary
PR00366	NGx	24	111219066.0	primary
PR00366	NGx	25	111219066.0	primary
PR00366	NGx	26	111219066.0	primary
PR00366	NGx	27	105179605.0	primary
PR00366	NGx	28	105179605.0	primary
PR00366	NGx	29	105179605.0	primary
PR00366	NGx	30	105179605.0	primary
PR00366	NGx	31	99967244.0	primary
PR00366	NGx	32	99967244.0	primary
PR00366	NGx	33	99967244.0	primary
PR00366	NGx	34	93075219.0	primary
PR00366	NGx	35	93075219.0	primary
PR00366	NGx	36	93075219.0	primary
PR00366	NGx	37	92743197.0	primary
PR00366	NGx	38	92743197.0	primary
PR00366	NGx	39	92743197.0	primary
PR00366	NGx	40	91967826.0	primary
PR00366	NGx	41	91967826.0	primary
PR00366	NGx	42	91967826.0	primary
PR00366	NGx	43	91600996.0	primary
PR00366	NGx	44	91600996.0	primary
PR00366	NGx	45	91600996.0	primary
PR00366	NGx	46	87522628.0	primary
PR00366	NGx	47	87522628.0	primary
PR00366	NGx	48	87522628.0	primary
PR00366	NGx	49	84323573.0	primary
PR00366	NGx	50	84323573.0	primary
PR00366	NGx	51	84323573.0	primary
PR00366	NGx	52	82465041.0	primary
PR00366	NGx	53	82465041.0	primary
PR00366	NGx	54	82465041.0	primary
PR00366	NGx	55	78090936.0	primary
PR00366	NGx	56	78090936.0	primary
PR00366	NGx	57	72875167.0	primary
PR00366	NGx	58	72875167.0	primary
PR00366	NGx	59	72875167.0	primary
PR00366	NGx	60	68282070.0	primary
PR00366	NGx	61	68282070.0	primary
PR00366	NGx	62	66849393.0	primary
PR00366	NGx	63	66849393.0	primary
PR00366	NGx	64	65636278.0	primary
PR00366	NGx	65	65636278.0	primary
PR00366	NGx	66	65245656.0	primary
PR00366	NGx	67	65245656.0	primary
PR00366	NGx	68	63938773.0	primary
PR00366	NGx	69	63938773.0	primary
PR00366	NGx	70	63938773.0	primary
PR00366	NGx	71	63740294.0	primary
PR00366	NGx	72	63740294.0	primary
PR00366	NGx	73	59100631.0	primary
PR00366	NGx	74	59100631.0	primary
PR00366	NGx	75	58193731.0	primary
PR00366	NGx	76	58193731.0	primary
PR00366	NGx	77	56245580.0	primary
PR00366	NGx	78	44190518.0	primary
PR00366	NGx	79	44190518.0	primary
PR00366	NGx	80	43404799.0	primary
PR00366	NGx	81	42668951.0	primary
PR00366	NGx	82	42668951.0	primary
PR00366	NGx	83	42325637.0	primary
PR00366	NGx	84	41948029.0	primary
PR00366	NGx	85	41948029.0	primary
PR00366	NGx	86	41739555.0	primary
PR00366	NGx	87	39676191.0	primary
PR00366	NGx	88	36661062.0	primary
PR00366	NGx	89	34236974.0	primary
PR00366	NGx	90	34236974.0	primary
PR00366	NGx	91	32333899.0	primary
PR00366	NGx	92	30795582.0	primary
PR00366	NGx	93	28936641.0	primary
PR00366	NGx	94	26920390.0	primary
PR00366	NGx	95	21100893.0	primary
PR00366	NGx	96	19670311.0	primary
PR00366	NGx	97	18915532.0	primary
PR00366	NGx	98	17411760.0	primary
PR00366	NGx	99	14358044.0	primary
PR00366	NGx	100	11967828.0	primary
PR00366	LGx	1	1.0	primary
PR00366	LGx	2	1.0	primary
PR00366	LGx	3	1.0	primary
PR00366	LGx	4	1.0	primary
PR00366	LGx	5	1.0	primary
PR00366	LGx	6	2.0	primary
PR00366	LGx	7	2.0	primary
PR00366	LGx	8	2.0	primary
PR00366	LGx	9	2.0	primary
PR00366	LGx	10	2.0	primary
PR00366	LGx	11	3.0	primary
PR00366	LGx	12	3.0	primary
PR00366	LGx	13	3.0	primary
PR00366	LGx	14	3.0	primary
PR00366	LGx	15	4.0	primary
PR00366	LGx	16	4.0	primary
PR00366	LGx	17	4.0	primary
PR00366	LGx	18	4.0	primary
PR00366	LGx	19	5.0	primary
PR00366	LGx	20	5.0	primary
PR00366	LGx	21	5.0	primary
PR00366	LGx	22	5.0	primary
PR00366	LGx	23	5.0	primary
PR00366	LGx	24	6.0	primary
PR00366	LGx	25	6.0	primary
PR00366	LGx	26	6.0	primary
PR00366	LGx	27	7.0	primary
PR00366	LGx	28	7.0	primary
PR00366	LGx	29	7.0	primary
PR00366	LGx	30	7.0	primary
PR00366	LGx	31	8.0	primary
PR00366	LGx	32	8.0	primary
PR00366	LGx	33	8.0	primary
PR00366	LGx	34	9.0	primary
PR00366	LGx	35	9.0	primary
PR00366	LGx	36	9.0	primary
PR00366	LGx	37	10.0	primary
PR00366	LGx	38	10.0	primary
PR00366	LGx	39	10.0	primary
PR00366	LGx	40	11.0	primary
PR00366	LGx	41	11.0	primary
PR00366	LGx	42	11.0	primary
PR00366	LGx	43	12.0	primary
PR00366	LGx	44	12.0	primary
PR00366	LGx	45	12.0	primary
PR00366	LGx	46	13.0	primary
PR00366	LGx	47	13.0	primary
PR00366	LGx	48	13.0	primary
PR00366	LGx	49	14.0	primary
PR00366	LGx	50	14.0	primary
PR00366	LGx	51	14.0	primary
PR00366	LGx	52	15.0	primary
PR00366	LGx	53	15.0	primary
PR00366	LGx	54	15.0	primary
PR00366	LGx	55	16.0	primary
PR00366	LGx	56	16.0	primary
PR00366	LGx	57	17.0	primary
PR00366	LGx	58	17.0	primary
PR00366	LGx	59	17.0	primary
PR00366	LGx	60	18.0	primary
PR00366	LGx	61	18.0	primary
PR00366	LGx	62	19.0	primary
PR00366	LGx	63	19.0	primary
PR00366	LGx	64	20.0	primary
PR00366	LGx	65	20.0	primary
PR00366	LGx	66	21.0	primary
PR00366	LGx	67	21.0	primary
PR00366	LGx	68	22.0	primary
PR00366	LGx	69	22.0	primary
PR00366	LGx	70	22.0	primary
PR00366	LGx	71	23.0	primary
PR00366	LGx	72	23.0	primary
PR00366	LGx	73	24.0	primary
PR00366	LGx	74	24.0	primary
PR00366	LGx	75	25.0	primary
PR00366	LGx	76	25.0	primary
PR00366	LGx	77	26.0	primary
PR00366	LGx	78	27.0	primary
PR00366	LGx	79	27.0	primary
PR00366	LGx	80	28.0	primary
PR00366	LGx	81	29.0	primary
PR00366	LGx	82	29.0	primary
PR00366	LGx	83	30.0	primary
PR00366	LGx	84	31.0	primary
PR00366	LGx	85	31.0	primary
PR00366	LGx	86	32.0	primary
PR00366	LGx	87	33.0	primary
PR00366	LGx	88	34.0	primary
PR00366	LGx	89	35.0	primary
PR00366	LGx	90	35.0	primary
PR00366	LGx	91	36.0	primary
PR00366	LGx	92	37.0	primary
PR00366	LGx	93	38.0	primary
PR00366	LGx	94	39.0	primary
PR00366	LGx	95	41.0	primary
PR00366	LGx	96	42.0	primary
PR00366	LGx	97	44.0	primary
PR00366	LGx	98	45.0	primary
PR00366	LGx	99	47.0	primary
PR00366	LGx	100	50.0	primary
PR00445	auN	3179590540	539.5114	hap1
PR00445	auNG	3018593705	568.2863	hap1
PR00445	Nx	1	129349760.0	hap1
PR00445	Nx	2	129349760.0	hap1
PR00445	Nx	3	129349760.0	hap1
PR00445	Nx	4	129349760.0	hap1
PR00445	Nx	5	112029473.0	hap1
PR00445	Nx	6	112029473.0	hap1
PR00445	Nx	7	112029473.0	hap1
PR00445	Nx	8	93371008.0	hap1
PR00445	Nx	9	93371008.0	hap1
PR00445	Nx	10	93371008.0	hap1
PR00445	Nx	11	82737595.0	hap1
PR00445	Nx	12	82737595.0	hap1
PR00445	Nx	13	82737595.0	hap1
PR00445	Nx	14	71531007.0	hap1
PR00445	Nx	15	71531007.0	hap1
PR00445	Nx	16	63281104.0	hap1
PR00445	Nx	17	63281104.0	hap1
PR00445	Nx	18	60554169.0	hap1
PR00445	Nx	19	60554169.0	hap1
PR00445	Nx	20	59893008.0	hap1
PR00445	Nx	21	59893008.0	hap1
PR00445	Nx	22	57817355.0	hap1
PR00445	Nx	23	54737805.0	hap1
PR00445	Nx	24	54737805.0	hap1
PR00445	Nx	25	54179457.0	hap1
PR00445	Nx	26	54179457.0	hap1
PR00445	Nx	27	51488616.0	hap1
PR00445	Nx	28	51488616.0	hap1
PR00445	Nx	29	49105476.0	hap1
PR00445	Nx	30	46933630.0	hap1
PR00445	Nx	31	46933630.0	hap1
PR00445	Nx	32	40511406.0	hap1
PR00445	Nx	33	40388382.0	hap1
PR00445	Nx	34	39890847.0	hap1
PR00445	Nx	35	39540443.0	hap1
PR00445	Nx	36	39540443.0	hap1
PR00445	Nx	37	39471401.0	hap1
PR00445	Nx	38	36639161.0	hap1
PR00445	Nx	39	36079718.0	hap1
PR00445	Nx	40	33437797.0	hap1
PR00445	Nx	41	33293060.0	hap1
PR00445	Nx	42	32094530.0	hap1
PR00445	Nx	43	29627262.0	hap1
PR00445	Nx	44	29597515.0	hap1
PR00445	Nx	45	29135669.0	hap1
PR00445	Nx	46	29129473.0	hap1
PR00445	Nx	47	28396398.0	hap1
PR00445	Nx	48	26447130.0	hap1
PR00445	Nx	49	24345603.0	hap1
PR00445	Nx	50	23504721.0	hap1
PR00445	Nx	51	22276818.0	hap1
PR00445	Nx	52	20317642.0	hap1
PR00445	Nx	53	20202244.0	hap1
PR00445	Nx	54	20019757.0	hap1
PR00445	Nx	55	19462956.0	hap1
PR00445	Nx	56	19396883.0	hap1
PR00445	Nx	57	18979884.0	hap1
PR00445	Nx	58	17727461.0	hap1
PR00445	Nx	59	17413544.0	hap1
PR00445	Nx	60	17048894.0	hap1
PR00445	Nx	61	16533625.0	hap1
PR00445	Nx	62	15791994.0	hap1
PR00445	Nx	63	15168685.0	hap1
PR00445	Nx	64	14646300.0	hap1
PR00445	Nx	65	12982798.0	hap1
PR00445	Nx	66	12652483.0	hap1
PR00445	Nx	67	12099563.0	hap1
PR00445	Nx	68	11991254.0	hap1
PR00445	Nx	69	11400267.0	hap1
PR00445	Nx	70	10897520.0	hap1
PR00445	Nx	71	10433142.0	hap1
PR00445	Nx	72	10164654.0	hap1
PR00445	Nx	73	9909379.0	hap1
PR00445	Nx	74	9745122.0	hap1
PR00445	Nx	75	9073721.0	hap1
PR00445	Nx	76	8649156.0	hap1
PR00445	Nx	77	8384207.0	hap1
PR00445	Nx	78	7252187.0	hap1
PR00445	Nx	79	6869335.0	hap1
PR00445	Nx	80	6760207.0	hap1
PR00445	Nx	81	5467473.0	hap1
PR00445	Nx	82	5089730.0	hap1
PR00445	Nx	83	4771356.0	hap1
PR00445	Nx	84	4337310.0	hap1
PR00445	Nx	85	3846558.0	hap1
PR00445	Nx	86	3489333.0	hap1
PR00445	Nx	87	3335967.0	hap1
PR00445	Nx	88	3054369.0	hap1
PR00445	Nx	89	2712035.0	hap1
PR00445	Nx	90	2523680.0	hap1
PR00445	Nx	91	2231690.0	hap1
PR00445	Nx	92	1950670.0	hap1
PR00445	Nx	93	1737645.0	hap1
PR00445	Nx	94	1471603.0	hap1
PR00445	Nx	95	1252899.0	hap1
PR00445	Nx	96	1007331.0	hap1
PR00445	Nx	97	748261.0	hap1
PR00445	Nx	98	553874.0	hap1
PR00445	Nx	99	267860.0	hap1
PR00445	Nx	100	11334.0	hap1
PR00445	Lx	1	129349760.0	hap1
PR00445	Lx	2	129349760.0	hap1
PR00445	Lx	3	129349760.0	hap1
PR00445	Lx	4	129349760.0	hap1
PR00445	Lx	5	112029473.0	hap1
PR00445	Lx	6	112029473.0	hap1
PR00445	Lx	7	112029473.0	hap1
PR00445	Lx	8	93371008.0	hap1
PR00445	Lx	9	93371008.0	hap1
PR00445	Lx	10	93371008.0	hap1
PR00445	Lx	11	82737595.0	hap1
PR00445	Lx	12	82737595.0	hap1
PR00445	Lx	13	82737595.0	hap1
PR00445	Lx	14	71531007.0	hap1
PR00445	Lx	15	71531007.0	hap1
PR00445	Lx	16	63281104.0	hap1
PR00445	Lx	17	63281104.0	hap1
PR00445	Lx	18	60554169.0	hap1
PR00445	Lx	19	60554169.0	hap1
PR00445	Lx	20	59893008.0	hap1
PR00445	Lx	21	59893008.0	hap1
PR00445	Lx	22	57817355.0	hap1
PR00445	Lx	23	54737805.0	hap1
PR00445	Lx	24	54737805.0	hap1
PR00445	Lx	25	54179457.0	hap1
PR00445	Lx	26	54179457.0	hap1
PR00445	Lx	27	51488616.0	hap1
PR00445	Lx	28	51488616.0	hap1
PR00445	Lx	29	49105476.0	hap1
PR00445	Lx	30	46933630.0	hap1
PR00445	Lx	31	46933630.0	hap1
PR00445	Lx	32	40511406.0	hap1
PR00445	Lx	33	40388382.0	hap1
PR00445	Lx	34	39890847.0	hap1
PR00445	Lx	35	39540443.0	hap1
PR00445	Lx	36	39540443.0	hap1
PR00445	Lx	37	39471401.0	hap1
PR00445	Lx	38	36639161.0	hap1
PR00445	Lx	39	36079718.0	hap1
PR00445	Lx	40	33437797.0	hap1
PR00445	Lx	41	33293060.0	hap1
PR00445	Lx	42	32094530.0	hap1
PR00445	Lx	43	29627262.0	hap1
PR00445	Lx	44	29597515.0	hap1
PR00445	Lx	45	29135669.0	hap1
PR00445	Lx	46	29129473.0	hap1
PR00445	Lx	47	28396398.0	hap1
PR00445	Lx	48	26447130.0	hap1
PR00445	Lx	49	24345603.0	hap1
PR00445	Lx	50	23504721.0	hap1
PR00445	Lx	51	22276818.0	hap1
PR00445	Lx	52	20317642.0	hap1
PR00445	Lx	53	20202244.0	hap1
PR00445	Lx	54	20019757.0	hap1
PR00445	Lx	55	19462956.0	hap1
PR00445	Lx	56	19396883.0	hap1
PR00445	Lx	57	18979884.0	hap1
PR00445	Lx	58	17727461.0	hap1
PR00445	Lx	59	17413544.0	hap1
PR00445	Lx	60	17048894.0	hap1
PR00445	Lx	61	16533625.0	hap1
PR00445	Lx	62	15791994.0	hap1
PR00445	Lx	63	15168685.0	hap1
PR00445	Lx	64	14646300.0	hap1
PR00445	Lx	65	12982798.0	hap1
PR00445	Lx	66	12652483.0	hap1
PR00445	Lx	67	12099563.0	hap1
PR00445	Lx	68	11991254.0	hap1
PR00445	Lx	69	11400267.0	hap1
PR00445	Lx	70	10897520.0	hap1
PR00445	Lx	71	10433142.0	hap1
PR00445	Lx	72	10164654.0	hap1
PR00445	Lx	73	9909379.0	hap1
PR00445	Lx	74	9745122.0	hap1
PR00445	Lx	75	9073721.0	hap1
PR00445	Lx	76	8649156.0	hap1
PR00445	Lx	77	8384207.0	hap1
PR00445	Lx	78	7252187.0	hap1
PR00445	Lx	79	6869335.0	hap1
PR00445	Lx	80	6760207.0	hap1
PR00445	Lx	81	5467473.0	hap1
PR00445	Lx	82	5089730.0	hap1
PR00445	Lx	83	4771356.0	hap1
PR00445	Lx	84	4337310.0	hap1
PR00445	Lx	85	3846558.0	hap1
PR00445	Lx	86	3489333.0	hap1
PR00445	Lx	87	3335967.0	hap1
PR00445	Lx	88	3054369.0	hap1
PR00445	Lx	89	2712035.0	hap1
PR00445	Lx	90	2523680.0	hap1
PR00445	Lx	91	2231690.0	hap1
PR00445	Lx	92	1950670.0	hap1
PR00445	Lx	93	1737645.0	hap1
PR00445	Lx	94	1471603.0	hap1
PR00445	Lx	95	1252899.0	hap1
PR00445	Lx	96	1007331.0	hap1
PR00445	Lx	97	748261.0	hap1
PR00445	Lx	98	553874.0	hap1
PR00445	Lx	99	267860.0	hap1
PR00445	Lx	100	11334.0	hap1
PR00445	NGx	1	129349760.0	hap1
PR00445	NGx	2	129349760.0	hap1
PR00445	NGx	3	129349760.0	hap1
PR00445	NGx	4	129349760.0	hap1
PR00445	NGx	5	112029473.0	hap1
PR00445	NGx	6	112029473.0	hap1
PR00445	NGx	7	112029473.0	hap1
PR00445	NGx	8	93371008.0	hap1
PR00445	NGx	9	93371008.0	hap1
PR00445	NGx	10	93371008.0	hap1
PR00445	NGx	11	93371008.0	hap1
PR00445	NGx	12	82737595.0	hap1
PR00445	NGx	13	82737595.0	hap1
PR00445	NGx	14	71531007.0	hap1
PR00445	NGx	15	71531007.0	hap1
PR00445	NGx	16	71531007.0	hap1
PR00445	NGx	17	63281104.0	hap1
PR00445	NGx	18	63281104.0	hap1
PR00445	NGx	19	60554169.0	hap1
PR00445	NGx	20	60554169.0	hap1
PR00445	NGx	21	59893008.0	hap1
PR00445	NGx	22	59893008.0	hap1
PR00445	NGx	23	57817355.0	hap1
PR00445	NGx	24	57817355.0	hap1
PR00445	NGx	25	54737805.0	hap1
PR00445	NGx	26	54737805.0	hap1
PR00445	NGx	27	54179457.0	hap1
PR00445	NGx	28	51488616.0	hap1
PR00445	NGx	29	51488616.0	hap1
PR00445	NGx	30	49105476.0	hap1
PR00445	NGx	31	49105476.0	hap1
PR00445	NGx	32	46933630.0	hap1
PR00445	NGx	33	40511406.0	hap1
PR00445	NGx	34	40511406.0	hap1
PR00445	NGx	35	40388382.0	hap1
PR00445	NGx	36	39890847.0	hap1
PR00445	NGx	37	39540443.0	hap1
PR00445	NGx	38	39540443.0	hap1
PR00445	NGx	39	39471401.0	hap1
PR00445	NGx	40	36639161.0	hap1
PR00445	NGx	41	36079718.0	hap1
PR00445	NGx	42	33437797.0	hap1
PR00445	NGx	43	33293060.0	hap1
PR00445	NGx	44	32094530.0	hap1
PR00445	NGx	45	29627262.0	hap1
PR00445	NGx	46	29597515.0	hap1
PR00445	NGx	47	29135669.0	hap1
PR00445	NGx	48	29129473.0	hap1
PR00445	NGx	49	28396398.0	hap1
PR00445	NGx	50	26447130.0	hap1
PR00445	NGx	51	25722510.0	hap1
PR00445	NGx	52	24345603.0	hap1
PR00445	NGx	53	23504721.0	hap1
PR00445	NGx	54	20661960.0	hap1
PR00445	NGx	55	20317642.0	hap1
PR00445	NGx	56	20115589.0	hap1
PR00445	NGx	57	20019757.0	hap1
PR00445	NGx	58	19462956.0	hap1
PR00445	NGx	59	19396883.0	hap1
PR00445	NGx	60	18979884.0	hap1
PR00445	NGx	61	17984676.0	hap1
PR00445	NGx	62	17413544.0	hap1
PR00445	NGx	63	17048894.0	hap1
PR00445	NGx	64	16533625.0	hap1
PR00445	NGx	65	15791994.0	hap1
PR00445	NGx	66	15428948.0	hap1
PR00445	NGx	67	14854302.0	hap1
PR00445	NGx	68	13350937.0	hap1
PR00445	NGx	69	12919896.0	hap1
PR00445	NGx	70	12377272.0	hap1
PR00445	NGx	71	12015369.0	hap1
PR00445	NGx	72	11812850.0	hap1
PR00445	NGx	73	11307234.0	hap1
PR00445	NGx	74	10542101.0	hap1
PR00445	NGx	75	10433142.0	hap1
PR00445	NGx	76	10164654.0	hap1
PR00445	NGx	77	9909379.0	hap1
PR00445	NGx	78	9650337.0	hap1
PR00445	NGx	79	9073721.0	hap1
PR00445	NGx	80	8649156.0	hap1
PR00445	NGx	81	8384207.0	hap1
PR00445	NGx	82	7252187.0	hap1
PR00445	NGx	83	6904014.0	hap1
PR00445	NGx	84	6771247.0	hap1
PR00445	NGx	85	5699005.0	hap1
PR00445	NGx	86	5128963.0	hap1
PR00445	NGx	87	4863264.0	hap1
PR00445	NGx	88	4467414.0	hap1
PR00445	NGx	89	4092773.0	hap1
PR00445	NGx	90	3675359.0	hap1
PR00445	NGx	91	3397381.0	hap1
PR00445	NGx	92	3283920.0	hap1
PR00445	NGx	93	3003746.0	hap1
PR00445	NGx	94	2700905.0	hap1
PR00445	NGx	95	2493407.0	hap1
PR00445	NGx	96	2203919.0	hap1
PR00445	NGx	97	1905762.0	hap1
PR00445	NGx	98	1710089.0	hap1
PR00445	NGx	99	1471603.0	hap1
PR00445	NGx	100	1270936.0	hap1
PR00445	LGx	1	1.0	hap1
PR00445	LGx	2	1.0	hap1
PR00445	LGx	3	1.0	hap1
PR00445	LGx	4	1.0	hap1
PR00445	LGx	5	2.0	hap1
PR00445	LGx	6	2.0	hap1
PR00445	LGx	7	2.0	hap1
PR00445	LGx	8	3.0	hap1
PR00445	LGx	9	3.0	hap1
PR00445	LGx	10	3.0	hap1
PR00445	LGx	11	3.0	hap1
PR00445	LGx	12	4.0	hap1
PR00445	LGx	13	4.0	hap1
PR00445	LGx	14	5.0	hap1
PR00445	LGx	15	5.0	hap1
PR00445	LGx	16	5.0	hap1
PR00445	LGx	17	6.0	hap1
PR00445	LGx	18	6.0	hap1
PR00445	LGx	19	7.0	hap1
PR00445	LGx	20	7.0	hap1
PR00445	LGx	21	8.0	hap1
PR00445	LGx	22	8.0	hap1
PR00445	LGx	23	9.0	hap1
PR00445	LGx	24	9.0	hap1
PR00445	LGx	25	10.0	hap1
PR00445	LGx	26	10.0	hap1
PR00445	LGx	27	11.0	hap1
PR00445	LGx	28	12.0	hap1
PR00445	LGx	29	12.0	hap1
PR00445	LGx	30	13.0	hap1
PR00445	LGx	31	13.0	hap1
PR00445	LGx	32	14.0	hap1
PR00445	LGx	33	15.0	hap1
PR00445	LGx	34	15.0	hap1
PR00445	LGx	35	16.0	hap1
PR00445	LGx	36	17.0	hap1
PR00445	LGx	37	18.0	hap1
PR00445	LGx	38	18.0	hap1
PR00445	LGx	39	19.0	hap1
PR00445	LGx	40	20.0	hap1
PR00445	LGx	41	21.0	hap1
PR00445	LGx	42	22.0	hap1
PR00445	LGx	43	23.0	hap1
PR00445	LGx	44	24.0	hap1
PR00445	LGx	45	25.0	hap1
PR00445	LGx	46	26.0	hap1
PR00445	LGx	47	27.0	hap1
PR00445	LGx	48	28.0	hap1
PR00445	LGx	49	29.0	hap1
PR00445	LGx	50	30.0	hap1
PR00445	LGx	51	31.0	hap1
PR00445	LGx	52	32.0	hap1
PR00445	LGx	53	33.0	hap1
PR00445	LGx	54	35.0	hap1
PR00445	LGx	55	36.0	hap1
PR00445	LGx	56	38.0	hap1
PR00445	LGx	57	39.0	hap1
PR00445	LGx	58	41.0	hap1
PR00445	LGx	59	42.0	hap1
PR00445	LGx	60	44.0	hap1
PR00445	LGx	61	45.0	hap1
PR00445	LGx	62	47.0	hap1
PR00445	LGx	63	49.0	hap1
PR00445	LGx	64	51.0	hap1
PR00445	LGx	65	53.0	hap1
PR00445	LGx	66	54.0	hap1
PR00445	LGx	67	56.0	hap1
PR00445	LGx	68	59.0	hap1
PR00445	LGx	69	61.0	hap1
PR00445	LGx	70	63.0	hap1
PR00445	LGx	71	66.0	hap1
PR00445	LGx	72	68.0	hap1
PR00445	LGx	73	71.0	hap1
PR00445	LGx	74	74.0	hap1
PR00445	LGx	75	76.0	hap1
PR00445	LGx	76	79.0	hap1
PR00445	LGx	77	82.0	hap1
PR00445	LGx	78	86.0	hap1
PR00445	LGx	79	89.0	hap1
PR00445	LGx	80	92.0	hap1
PR00445	LGx	81	96.0	hap1
PR00445	LGx	82	100.0	hap1
PR00445	LGx	83	104.0	hap1
PR00445	LGx	84	108.0	hap1
PR00445	LGx	85	113.0	hap1
PR00445	LGx	86	119.0	hap1
PR00445	LGx	87	125.0	hap1
PR00445	LGx	88	131.0	hap1
PR00445	LGx	89	138.0	hap1
PR00445	LGx	90	146.0	hap1
PR00445	LGx	91	154.0	hap1
PR00445	LGx	92	163.0	hap1
PR00445	LGx	93	173.0	hap1
PR00445	LGx	94	184.0	hap1
PR00445	LGx	95	195.0	hap1
PR00445	LGx	96	208.0	hap1
PR00445	LGx	97	223.0	hap1
PR00445	LGx	98	240.0	hap1
PR00445	LGx	99	259.0	hap1
PR00445	LGx	100	281.0	hap1
PR00445	auN	3136681422	512.8791	hap2
PR00445	auNG	3018593705	532.943	hap2
PR00445	Nx	1	111166738.0	hap2
PR00445	Nx	2	111166738.0	hap2
PR00445	Nx	3	111166738.0	hap2
PR00445	Nx	4	96436929.0	hap2
PR00445	Nx	5	96436929.0	hap2
PR00445	Nx	6	96436929.0	hap2
PR00445	Nx	7	90678870.0	hap2
PR00445	Nx	8	90678870.0	hap2
PR00445	Nx	9	90678870.0	hap2
PR00445	Nx	10	79826322.0	hap2
PR00445	Nx	11	79826322.0	hap2
PR00445	Nx	12	79826322.0	hap2
PR00445	Nx	13	75800325.0	hap2
PR00445	Nx	14	75800325.0	hap2
PR00445	Nx	15	74812482.0	hap2
PR00445	Nx	16	74812482.0	hap2
PR00445	Nx	17	69861194.0	hap2
PR00445	Nx	18	69861194.0	hap2
PR00445	Nx	19	69861194.0	hap2
PR00445	Nx	20	61893895.0	hap2
PR00445	Nx	21	61893895.0	hap2
PR00445	Nx	22	59564936.0	hap2
PR00445	Nx	23	58242179.0	hap2
PR00445	Nx	24	58242179.0	hap2
PR00445	Nx	25	48639420.0	hap2
PR00445	Nx	26	48639420.0	hap2
PR00445	Nx	27	44863841.0	hap2
PR00445	Nx	28	36635950.0	hap2
PR00445	Nx	29	35891460.0	hap2
PR00445	Nx	30	35891460.0	hap2
PR00445	Nx	31	32873219.0	hap2
PR00445	Nx	32	29821583.0	hap2
PR00445	Nx	33	28126848.0	hap2
PR00445	Nx	34	26919636.0	hap2
PR00445	Nx	35	26334900.0	hap2
PR00445	Nx	36	24821119.0	hap2
PR00445	Nx	37	24081827.0	hap2
PR00445	Nx	38	22279256.0	hap2
PR00445	Nx	39	21131804.0	hap2
PR00445	Nx	40	20683936.0	hap2
PR00445	Nx	41	20033263.0	hap2
PR00445	Nx	42	19704758.0	hap2
PR00445	Nx	43	19285623.0	hap2
PR00445	Nx	44	18843735.0	hap2
PR00445	Nx	45	18266398.0	hap2
PR00445	Nx	46	17958918.0	hap2
PR00445	Nx	47	17186179.0	hap2
PR00445	Nx	48	16632058.0	hap2
PR00445	Nx	49	16524462.0	hap2
PR00445	Nx	50	16138785.0	hap2
PR00445	Nx	51	15984423.0	hap2
PR00445	Nx	52	15230192.0	hap2
PR00445	Nx	53	14697617.0	hap2
PR00445	Nx	54	14086566.0	hap2
PR00445	Nx	55	13685405.0	hap2
PR00445	Nx	56	12939913.0	hap2
PR00445	Nx	57	12648652.0	hap2
PR00445	Nx	58	12513919.0	hap2
PR00445	Nx	59	12392173.0	hap2
PR00445	Nx	60	12016526.0	hap2
PR00445	Nx	61	11263328.0	hap2
PR00445	Nx	62	10927371.0	hap2
PR00445	Nx	63	10349172.0	hap2
PR00445	Nx	64	10185757.0	hap2
PR00445	Nx	65	9985076.0	hap2
PR00445	Nx	66	9704897.0	hap2
PR00445	Nx	67	9249182.0	hap2
PR00445	Nx	68	9074908.0	hap2
PR00445	Nx	69	8292361.0	hap2
PR00445	Nx	70	7825474.0	hap2
PR00445	Nx	71	7394015.0	hap2
PR00445	Nx	72	7161122.0	hap2
PR00445	Nx	73	6723478.0	hap2
PR00445	Nx	74	6624251.0	hap2
PR00445	Nx	75	6472998.0	hap2
PR00445	Nx	76	6215473.0	hap2
PR00445	Nx	77	5845388.0	hap2
PR00445	Nx	78	5451089.0	hap2
PR00445	Nx	79	5152910.0	hap2
PR00445	Nx	80	4918284.0	hap2
PR00445	Nx	81	4760598.0	hap2
PR00445	Nx	82	4524206.0	hap2
PR00445	Nx	83	4231355.0	hap2
PR00445	Nx	84	3914728.0	hap2
PR00445	Nx	85	3618921.0	hap2
PR00445	Nx	86	3281613.0	hap2
PR00445	Nx	87	3092153.0	hap2
PR00445	Nx	88	2771688.0	hap2
PR00445	Nx	89	2618399.0	hap2
PR00445	Nx	90	2358726.0	hap2
PR00445	Nx	91	2102818.0	hap2
PR00445	Nx	92	1843862.0	hap2
PR00445	Nx	93	1669814.0	hap2
PR00445	Nx	94	1377814.0	hap2
PR00445	Nx	95	1229598.0	hap2
PR00445	Nx	96	1010090.0	hap2
PR00445	Nx	97	717258.0	hap2
PR00445	Nx	98	547086.0	hap2
PR00445	Nx	99	304322.0	hap2
PR00445	Nx	100	16240.0	hap2
PR00445	Lx	1	111166738.0	hap2
PR00445	Lx	2	111166738.0	hap2
PR00445	Lx	3	111166738.0	hap2
PR00445	Lx	4	96436929.0	hap2
PR00445	Lx	5	96436929.0	hap2
PR00445	Lx	6	96436929.0	hap2
PR00445	Lx	7	90678870.0	hap2
PR00445	Lx	8	90678870.0	hap2
PR00445	Lx	9	90678870.0	hap2
PR00445	Lx	10	79826322.0	hap2
PR00445	Lx	11	79826322.0	hap2
PR00445	Lx	12	79826322.0	hap2
PR00445	Lx	13	75800325.0	hap2
PR00445	Lx	14	75800325.0	hap2
PR00445	Lx	15	74812482.0	hap2
PR00445	Lx	16	74812482.0	hap2
PR00445	Lx	17	69861194.0	hap2
PR00445	Lx	18	69861194.0	hap2
PR00445	Lx	19	69861194.0	hap2
PR00445	Lx	20	61893895.0	hap2
PR00445	Lx	21	61893895.0	hap2
PR00445	Lx	22	59564936.0	hap2
PR00445	Lx	23	58242179.0	hap2
PR00445	Lx	24	58242179.0	hap2
PR00445	Lx	25	48639420.0	hap2
PR00445	Lx	26	48639420.0	hap2
PR00445	Lx	27	44863841.0	hap2
PR00445	Lx	28	36635950.0	hap2
PR00445	Lx	29	35891460.0	hap2
PR00445	Lx	30	35891460.0	hap2
PR00445	Lx	31	32873219.0	hap2
PR00445	Lx	32	29821583.0	hap2
PR00445	Lx	33	28126848.0	hap2
PR00445	Lx	34	26919636.0	hap2
PR00445	Lx	35	26334900.0	hap2
PR00445	Lx	36	24821119.0	hap2
PR00445	Lx	37	24081827.0	hap2
PR00445	Lx	38	22279256.0	hap2
PR00445	Lx	39	21131804.0	hap2
PR00445	Lx	40	20683936.0	hap2
PR00445	Lx	41	20033263.0	hap2
PR00445	Lx	42	19704758.0	hap2
PR00445	Lx	43	19285623.0	hap2
PR00445	Lx	44	18843735.0	hap2
PR00445	Lx	45	18266398.0	hap2
PR00445	Lx	46	17958918.0	hap2
PR00445	Lx	47	17186179.0	hap2
PR00445	Lx	48	16632058.0	hap2
PR00445	Lx	49	16524462.0	hap2
PR00445	Lx	50	16138785.0	hap2
PR00445	Lx	51	15984423.0	hap2
PR00445	Lx	52	15230192.0	hap2
PR00445	Lx	53	14697617.0	hap2
PR00445	Lx	54	14086566.0	hap2
PR00445	Lx	55	13685405.0	hap2
PR00445	Lx	56	12939913.0	hap2
PR00445	Lx	57	12648652.0	hap2
PR00445	Lx	58	12513919.0	hap2
PR00445	Lx	59	12392173.0	hap2
PR00445	Lx	60	12016526.0	hap2
PR00445	Lx	61	11263328.0	hap2
PR00445	Lx	62	10927371.0	hap2
PR00445	Lx	63	10349172.0	hap2
PR00445	Lx	64	10185757.0	hap2
PR00445	Lx	65	9985076.0	hap2
PR00445	Lx	66	9704897.0	hap2
PR00445	Lx	67	9249182.0	hap2
PR00445	Lx	68	9074908.0	hap2
PR00445	Lx	69	8292361.0	hap2
PR00445	Lx	70	7825474.0	hap2
PR00445	Lx	71	7394015.0	hap2
PR00445	Lx	72	7161122.0	hap2
PR00445	Lx	73	6723478.0	hap2
PR00445	Lx	74	6624251.0	hap2
PR00445	Lx	75	6472998.0	hap2
PR00445	Lx	76	6215473.0	hap2
PR00445	Lx	77	5845388.0	hap2
PR00445	Lx	78	5451089.0	hap2
PR00445	Lx	79	5152910.0	hap2
PR00445	Lx	80	4918284.0	hap2
PR00445	Lx	81	4760598.0	hap2
PR00445	Lx	82	4524206.0	hap2
PR00445	Lx	83	4231355.0	hap2
PR00445	Lx	84	3914728.0	hap2
PR00445	Lx	85	3618921.0	hap2
PR00445	Lx	86	3281613.0	hap2
PR00445	Lx	87	3092153.0	hap2
PR00445	Lx	88	2771688.0	hap2
PR00445	Lx	89	2618399.0	hap2
PR00445	Lx	90	2358726.0	hap2
PR00445	Lx	91	2102818.0	hap2
PR00445	Lx	92	1843862.0	hap2
PR00445	Lx	93	1669814.0	hap2
PR00445	Lx	94	1377814.0	hap2
PR00445	Lx	95	1229598.0	hap2
PR00445	Lx	96	1010090.0	hap2
PR00445	Lx	97	717258.0	hap2
PR00445	Lx	98	547086.0	hap2
PR00445	Lx	99	304322.0	hap2
PR00445	Lx	100	16240.0	hap2
PR00445	NGx	1	111166738.0	hap2
PR00445	NGx	2	111166738.0	hap2
PR00445	NGx	3	111166738.0	hap2
PR00445	NGx	4	96436929.0	hap2
PR00445	NGx	5	96436929.0	hap2
PR00445	NGx	6	96436929.0	hap2
PR00445	NGx	7	90678870.0	hap2
PR00445	NGx	8	90678870.0	hap2
PR00445	NGx	9	90678870.0	hap2
PR00445	NGx	10	79826322.0	hap2
PR00445	NGx	11	79826322.0	hap2
PR00445	NGx	12	79826322.0	hap2
PR00445	NGx	13	75800325.0	hap2
PR00445	NGx	14	75800325.0	hap2
PR00445	NGx	15	75800325.0	hap2
PR00445	NGx	16	74812482.0	hap2
PR00445	NGx	17	74812482.0	hap2
PR00445	NGx	18	69861194.0	hap2
PR00445	NGx	19	69861194.0	hap2
PR00445	NGx	20	61893895.0	hap2
PR00445	NGx	21	61893895.0	hap2
PR00445	NGx	22	59564936.0	hap2
PR00445	NGx	23	59564936.0	hap2
PR00445	NGx	24	58242179.0	hap2
PR00445	NGx	25	58242179.0	hap2
PR00445	NGx	26	48639420.0	hap2
PR00445	NGx	27	48639420.0	hap2
PR00445	NGx	28	44863841.0	hap2
PR00445	NGx	29	36635950.0	hap2
PR00445	NGx	30	36635950.0	hap2
PR00445	NGx	31	35891460.0	hap2
PR00445	NGx	32	32873219.0	hap2
PR00445	NGx	33	29821583.0	hap2
PR00445	NGx	34	28126848.0	hap2
PR00445	NGx	35	27689622.0	hap2
PR00445	NGx	36	26919636.0	hap2
PR00445	NGx	37	24821119.0	hap2
PR00445	NGx	38	24081827.0	hap2
PR00445	NGx	39	23486252.0	hap2
PR00445	NGx	40	22279256.0	hap2
PR00445	NGx	41	20699265.0	hap2
PR00445	NGx	42	20683936.0	hap2
PR00445	NGx	43	19960888.0	hap2
PR00445	NGx	44	19704758.0	hap2
PR00445	NGx	45	19029413.0	hap2
PR00445	NGx	46	18843735.0	hap2
PR00445	NGx	47	18266398.0	hap2
PR00445	NGx	48	17904076.0	hap2
PR00445	NGx	49	17186179.0	hap2
PR00445	NGx	50	16632058.0	hap2
PR00445	NGx	51	16524462.0	hap2
PR00445	NGx	52	16138785.0	hap2
PR00445	NGx	53	15984423.0	hap2
PR00445	NGx	54	15230192.0	hap2
PR00445	NGx	55	14697617.0	hap2
PR00445	NGx	56	14086566.0	hap2
PR00445	NGx	57	13685405.0	hap2
PR00445	NGx	58	13172102.0	hap2
PR00445	NGx	59	12648652.0	hap2
PR00445	NGx	60	12521841.0	hap2
PR00445	NGx	61	12426054.0	hap2
PR00445	NGx	62	12017892.0	hap2
PR00445	NGx	63	11919744.0	hap2
PR00445	NGx	64	11107565.0	hap2
PR00445	NGx	65	10375806.0	hap2
PR00445	NGx	66	10201679.0	hap2
PR00445	NGx	67	10111634.0	hap2
PR00445	NGx	68	9800319.0	hap2
PR00445	NGx	69	9635129.0	hap2
PR00445	NGx	70	9151039.0	hap2
PR00445	NGx	71	8907631.0	hap2
PR00445	NGx	72	8217239.0	hap2
PR00445	NGx	73	7806864.0	hap2
PR00445	NGx	74	7368009.0	hap2
PR00445	NGx	75	7134929.0	hap2
PR00445	NGx	76	6723478.0	hap2
PR00445	NGx	77	6574760.0	hap2
PR00445	NGx	78	6472998.0	hap2
PR00445	NGx	79	6215473.0	hap2
PR00445	NGx	80	5845388.0	hap2
PR00445	NGx	81	5451089.0	hap2
PR00445	NGx	82	5196786.0	hap2
PR00445	NGx	83	4951595.0	hap2
PR00445	NGx	84	4797386.0	hap2
PR00445	NGx	85	4576291.0	hap2
PR00445	NGx	86	4308465.0	hap2
PR00445	NGx	87	3948205.0	hap2
PR00445	NGx	88	3711640.0	hap2
PR00445	NGx	89	3481482.0	hap2
PR00445	NGx	90	3166192.0	hap2
PR00445	NGx	91	2886199.0	hap2
PR00445	NGx	92	2695192.0	hap2
PR00445	NGx	93	2525193.0	hap2
PR00445	NGx	94	2243138.0	hap2
PR00445	NGx	95	1961516.0	hap2
PR00445	NGx	96	1789056.0	hap2
PR00445	NGx	97	1591405.0	hap2
PR00445	NGx	98	1325134.0	hap2
PR00445	NGx	99	1181766.0	hap2
PR00445	NGx	100	933578.0	hap2
PR00445	LGx	1	1.0	hap2
PR00445	LGx	2	1.0	hap2
PR00445	LGx	3	1.0	hap2
PR00445	LGx	4	2.0	hap2
PR00445	LGx	5	2.0	hap2
PR00445	LGx	6	2.0	hap2
PR00445	LGx	7	3.0	hap2
PR00445	LGx	8	3.0	hap2
PR00445	LGx	9	3.0	hap2
PR00445	LGx	10	4.0	hap2
PR00445	LGx	11	4.0	hap2
PR00445	LGx	12	4.0	hap2
PR00445	LGx	13	5.0	hap2
PR00445	LGx	14	5.0	hap2
PR00445	LGx	15	5.0	hap2
PR00445	LGx	16	6.0	hap2
PR00445	LGx	17	6.0	hap2
PR00445	LGx	18	7.0	hap2
PR00445	LGx	19	7.0	hap2
PR00445	LGx	20	8.0	hap2
PR00445	LGx	21	8.0	hap2
PR00445	LGx	22	9.0	hap2
PR00445	LGx	23	9.0	hap2
PR00445	LGx	24	10.0	hap2
PR00445	LGx	25	10.0	hap2
PR00445	LGx	26	11.0	hap2
PR00445	LGx	27	11.0	hap2
PR00445	LGx	28	12.0	hap2
PR00445	LGx	29	13.0	hap2
PR00445	LGx	30	13.0	hap2
PR00445	LGx	31	14.0	hap2
PR00445	LGx	32	15.0	hap2
PR00445	LGx	33	16.0	hap2
PR00445	LGx	34	17.0	hap2
PR00445	LGx	35	18.0	hap2
PR00445	LGx	36	19.0	hap2
PR00445	LGx	37	21.0	hap2
PR00445	LGx	38	22.0	hap2
PR00445	LGx	39	23.0	hap2
PR00445	LGx	40	24.0	hap2
PR00445	LGx	41	26.0	hap2
PR00445	LGx	42	27.0	hap2
PR00445	LGx	43	29.0	hap2
PR00445	LGx	44	30.0	hap2
PR00445	LGx	45	32.0	hap2
PR00445	LGx	46	33.0	hap2
PR00445	LGx	47	35.0	hap2
PR00445	LGx	48	37.0	hap2
PR00445	LGx	49	38.0	hap2
PR00445	LGx	50	40.0	hap2
PR00445	LGx	51	42.0	hap2
PR00445	LGx	52	44.0	hap2
PR00445	LGx	53	46.0	hap2
PR00445	LGx	54	48.0	hap2
PR00445	LGx	55	50.0	hap2
PR00445	LGx	56	52.0	hap2
PR00445	LGx	57	54.0	hap2
PR00445	LGx	58	56.0	hap2
PR00445	LGx	59	59.0	hap2
PR00445	LGx	60	61.0	hap2
PR00445	LGx	61	63.0	hap2
PR00445	LGx	62	66.0	hap2
PR00445	LGx	63	68.0	hap2
PR00445	LGx	64	71.0	hap2
PR00445	LGx	65	74.0	hap2
PR00445	LGx	66	77.0	hap2
PR00445	LGx	67	80.0	hap2
PR00445	LGx	68	83.0	hap2
PR00445	LGx	69	86.0	hap2
PR00445	LGx	70	89.0	hap2
PR00445	LGx	71	92.0	hap2
PR00445	LGx	72	96.0	hap2
PR00445	LGx	73	100.0	hap2
PR00445	LGx	74	104.0	hap2
PR00445	LGx	75	108.0	hap2
PR00445	LGx	76	112.0	hap2
PR00445	LGx	77	117.0	hap2
PR00445	LGx	78	121.0	hap2
PR00445	LGx	79	126.0	hap2
PR00445	LGx	80	131.0	hap2
PR00445	LGx	81	137.0	hap2
PR00445	LGx	82	142.0	hap2
PR00445	LGx	83	148.0	hap2
PR00445	LGx	84	154.0	hap2
PR00445	LGx	85	161.0	hap2
PR00445	LGx	86	168.0	hap2
PR00445	LGx	87	175.0	hap2
PR00445	LGx	88	183.0	hap2
PR00445	LGx	89	191.0	hap2
PR00445	LGx	90	200.0	hap2
PR00445	LGx	91	210.0	hap2
PR00445	LGx	92	221.0	hap2
PR00445	LGx	93	233.0	hap2
PR00445	LGx	94	246.0	hap2
PR00445	LGx	95	260.0	hap2
PR00445	LGx	96	276.0	hap2
PR00445	LGx	97	294.0	hap2
PR00445	LGx	98	315.0	hap2
PR00445	LGx	99	339.0	hap2
PR00445	LGx	100	368.0	hap2
PR00445	auN	3306247138	260.20938	primary
PR00445	auNG	3018593705	285.00574	primary
PR00445	Nx	1	133064173.0	primary
PR00445	Nx	2	133064173.0	primary
PR00445	Nx	3	133064173.0	primary
PR00445	Nx	4	133064173.0	primary
PR00445	Nx	5	111215221.0	primary
PR00445	Nx	6	111215221.0	primary
PR00445	Nx	7	111215221.0	primary
PR00445	Nx	8	93371008.0	primary
PR00445	Nx	9	93371008.0	primary
PR00445	Nx	10	93371008.0	primary
PR00445	Nx	11	91093342.0	primary
PR00445	Nx	12	91093342.0	primary
PR00445	Nx	13	90678870.0	primary
PR00445	Nx	14	90678870.0	primary
PR00445	Nx	15	90678870.0	primary
PR00445	Nx	16	88353331.0	primary
PR00445	Nx	17	88353331.0	primary
PR00445	Nx	18	88353331.0	primary
PR00445	Nx	19	83178412.0	primary
PR00445	Nx	20	83178412.0	primary
PR00445	Nx	21	83054515.0	primary
PR00445	Nx	22	83054515.0	primary
PR00445	Nx	23	83054515.0	primary
PR00445	Nx	24	72716322.0	primary
PR00445	Nx	25	72716322.0	primary
PR00445	Nx	26	70933661.0	primary
PR00445	Nx	27	70933661.0	primary
PR00445	Nx	28	64586475.0	primary
PR00445	Nx	29	64586475.0	primary
PR00445	Nx	30	63281104.0	primary
PR00445	Nx	31	63281104.0	primary
PR00445	Nx	32	61012170.0	primary
PR00445	Nx	33	61012170.0	primary
PR00445	Nx	34	60545922.0	primary
PR00445	Nx	35	60545922.0	primary
PR00445	Nx	36	59893008.0	primary
PR00445	Nx	37	59893008.0	primary
PR00445	Nx	38	58242179.0	primary
PR00445	Nx	39	56876054.0	primary
PR00445	Nx	40	56876054.0	primary
PR00445	Nx	41	55921899.0	primary
PR00445	Nx	42	55921899.0	primary
PR00445	Nx	43	55514872.0	primary
PR00445	Nx	44	54294118.0	primary
PR00445	Nx	45	54294118.0	primary
PR00445	Nx	46	53791797.0	primary
PR00445	Nx	47	53791797.0	primary
PR00445	Nx	48	51488616.0	primary
PR00445	Nx	49	49682405.0	primary
PR00445	Nx	50	49682405.0	primary
PR00445	Nx	51	49105476.0	primary
PR00445	Nx	52	42368887.0	primary
PR00445	Nx	53	42368887.0	primary
PR00445	Nx	54	41339641.0	primary
PR00445	Nx	55	39890847.0	primary
PR00445	Nx	56	39540433.0	primary
PR00445	Nx	57	38697904.0	primary
PR00445	Nx	58	36691707.0	primary
PR00445	Nx	59	36639161.0	primary
PR00445	Nx	60	36639161.0	primary
PR00445	Nx	61	36079718.0	primary
PR00445	Nx	62	33416026.0	primary
PR00445	Nx	63	32094530.0	primary
PR00445	Nx	64	31502907.0	primary
PR00445	Nx	65	29920682.0	primary
PR00445	Nx	66	28138701.0	primary
PR00445	Nx	67	28087564.0	primary
PR00445	Nx	68	27325990.0	primary
PR00445	Nx	69	26447130.0	primary
PR00445	Nx	70	25378853.0	primary
PR00445	Nx	71	22571807.0	primary
PR00445	Nx	72	22276818.0	primary
PR00445	Nx	73	20703309.0	primary
PR00445	Nx	74	20665021.0	primary
PR00445	Nx	75	20636817.0	primary
PR00445	Nx	76	20019757.0	primary
PR00445	Nx	77	18979884.0	primary
PR00445	Nx	78	17413544.0	primary
PR00445	Nx	79	15824381.0	primary
PR00445	Nx	80	13572551.0	primary
PR00445	Nx	81	13135908.0	primary
PR00445	Nx	82	11525249.0	primary
PR00445	Nx	83	10270722.0	primary
PR00445	Nx	84	9669427.0	primary
PR00445	Nx	85	9322197.0	primary
PR00445	Nx	86	7723381.0	primary
PR00445	Nx	87	6875438.0	primary
PR00445	Nx	88	6580071.0	primary
PR00445	Nx	89	5693408.0	primary
PR00445	Nx	90	4963539.0	primary
PR00445	Nx	91	4477455.0	primary
PR00445	Nx	92	3796012.0	primary
PR00445	Nx	93	3441429.0	primary
PR00445	Nx	94	3247525.0	primary
PR00445	Nx	95	2763471.0	primary
PR00445	Nx	96	2319272.0	primary
PR00445	Nx	97	1786598.0	primary
PR00445	Nx	98	1410583.0	primary
PR00445	Nx	99	806516.0	primary
PR00445	Nx	100	16572.0	primary
PR00445	Lx	1	133064173.0	primary
PR00445	Lx	2	133064173.0	primary
PR00445	Lx	3	133064173.0	primary
PR00445	Lx	4	133064173.0	primary
PR00445	Lx	5	111215221.0	primary
PR00445	Lx	6	111215221.0	primary
PR00445	Lx	7	111215221.0	primary
PR00445	Lx	8	93371008.0	primary
PR00445	Lx	9	93371008.0	primary
PR00445	Lx	10	93371008.0	primary
PR00445	Lx	11	91093342.0	primary
PR00445	Lx	12	91093342.0	primary
PR00445	Lx	13	90678870.0	primary
PR00445	Lx	14	90678870.0	primary
PR00445	Lx	15	90678870.0	primary
PR00445	Lx	16	88353331.0	primary
PR00445	Lx	17	88353331.0	primary
PR00445	Lx	18	88353331.0	primary
PR00445	Lx	19	83178412.0	primary
PR00445	Lx	20	83178412.0	primary
PR00445	Lx	21	83054515.0	primary
PR00445	Lx	22	83054515.0	primary
PR00445	Lx	23	83054515.0	primary
PR00445	Lx	24	72716322.0	primary
PR00445	Lx	25	72716322.0	primary
PR00445	Lx	26	70933661.0	primary
PR00445	Lx	27	70933661.0	primary
PR00445	Lx	28	64586475.0	primary
PR00445	Lx	29	64586475.0	primary
PR00445	Lx	30	63281104.0	primary
PR00445	Lx	31	63281104.0	primary
PR00445	Lx	32	61012170.0	primary
PR00445	Lx	33	61012170.0	primary
PR00445	Lx	34	60545922.0	primary
PR00445	Lx	35	60545922.0	primary
PR00445	Lx	36	59893008.0	primary
PR00445	Lx	37	59893008.0	primary
PR00445	Lx	38	58242179.0	primary
PR00445	Lx	39	56876054.0	primary
PR00445	Lx	40	56876054.0	primary
PR00445	Lx	41	55921899.0	primary
PR00445	Lx	42	55921899.0	primary
PR00445	Lx	43	55514872.0	primary
PR00445	Lx	44	54294118.0	primary
PR00445	Lx	45	54294118.0	primary
PR00445	Lx	46	53791797.0	primary
PR00445	Lx	47	53791797.0	primary
PR00445	Lx	48	51488616.0	primary
PR00445	Lx	49	49682405.0	primary
PR00445	Lx	50	49682405.0	primary
PR00445	Lx	51	49105476.0	primary
PR00445	Lx	52	42368887.0	primary
PR00445	Lx	53	42368887.0	primary
PR00445	Lx	54	41339641.0	primary
PR00445	Lx	55	39890847.0	primary
PR00445	Lx	56	39540433.0	primary
PR00445	Lx	57	38697904.0	primary
PR00445	Lx	58	36691707.0	primary
PR00445	Lx	59	36639161.0	primary
PR00445	Lx	60	36639161.0	primary
PR00445	Lx	61	36079718.0	primary
PR00445	Lx	62	33416026.0	primary
PR00445	Lx	63	32094530.0	primary
PR00445	Lx	64	31502907.0	primary
PR00445	Lx	65	29920682.0	primary
PR00445	Lx	66	28138701.0	primary
PR00445	Lx	67	28087564.0	primary
PR00445	Lx	68	27325990.0	primary
PR00445	Lx	69	26447130.0	primary
PR00445	Lx	70	25378853.0	primary
PR00445	Lx	71	22571807.0	primary
PR00445	Lx	72	22276818.0	primary
PR00445	Lx	73	20703309.0	primary
PR00445	Lx	74	20665021.0	primary
PR00445	Lx	75	20636817.0	primary
PR00445	Lx	76	20019757.0	primary
PR00445	Lx	77	18979884.0	primary
PR00445	Lx	78	17413544.0	primary
PR00445	Lx	79	15824381.0	primary
PR00445	Lx	80	13572551.0	primary
PR00445	Lx	81	13135908.0	primary
PR00445	Lx	82	11525249.0	primary
PR00445	Lx	83	10270722.0	primary
PR00445	Lx	84	9669427.0	primary
PR00445	Lx	85	9322197.0	primary
PR00445	Lx	86	7723381.0	primary
PR00445	Lx	87	6875438.0	primary
PR00445	Lx	88	6580071.0	primary
PR00445	Lx	89	5693408.0	primary
PR00445	Lx	90	4963539.0	primary
PR00445	Lx	91	4477455.0	primary
PR00445	Lx	92	3796012.0	primary
PR00445	Lx	93	3441429.0	primary
PR00445	Lx	94	3247525.0	primary
PR00445	Lx	95	2763471.0	primary
PR00445	Lx	96	2319272.0	primary
PR00445	Lx	97	1786598.0	primary
PR00445	Lx	98	1410583.0	primary
PR00445	Lx	99	806516.0	primary
PR00445	Lx	100	16572.0	primary
PR00445	NGx	1	133064173.0	primary
PR00445	NGx	2	133064173.0	primary
PR00445	NGx	3	133064173.0	primary
PR00445	NGx	4	133064173.0	primary
PR00445	NGx	5	111215221.0	primary
PR00445	NGx	6	111215221.0	primary
PR00445	NGx	7	111215221.0	primary
PR00445	NGx	8	111215221.0	primary
PR00445	NGx	9	93371008.0	primary
PR00445	NGx	10	93371008.0	primary
PR00445	NGx	11	93371008.0	primary
PR00445	NGx	12	91093342.0	primary
PR00445	NGx	13	91093342.0	primary
PR00445	NGx	14	91093342.0	primary
PR00445	NGx	15	90678870.0	primary
PR00445	NGx	16	90678870.0	primary
PR00445	NGx	17	90678870.0	primary
PR00445	NGx	18	88353331.0	primary
PR00445	NGx	19	88353331.0	primary
PR00445	NGx	20	88353331.0	primary
PR00445	NGx	21	83178412.0	primary
PR00445	NGx	22	83178412.0	primary
PR00445	NGx	23	83054515.0	primary
PR00445	NGx	24	83054515.0	primary
PR00445	NGx	25	83054515.0	primary
PR00445	NGx	26	72716322.0	primary
PR00445	NGx	27	72716322.0	primary
PR00445	NGx	28	72716322.0	primary
PR00445	NGx	29	70933661.0	primary
PR00445	NGx	30	70933661.0	primary
PR00445	NGx	31	64586475.0	primary
PR00445	NGx	32	64586475.0	primary
PR00445	NGx	33	63281104.0	primary
PR00445	NGx	34	63281104.0	primary
PR00445	NGx	35	61012170.0	primary
PR00445	NGx	36	61012170.0	primary
PR00445	NGx	37	60545922.0	primary
PR00445	NGx	38	60545922.0	primary
PR00445	NGx	39	59893008.0	primary
PR00445	NGx	40	59893008.0	primary
PR00445	NGx	41	58242179.0	primary
PR00445	NGx	42	58242179.0	primary
PR00445	NGx	43	56876054.0	primary
PR00445	NGx	44	56876054.0	primary
PR00445	NGx	45	55921899.0	primary
PR00445	NGx	46	55921899.0	primary
PR00445	NGx	47	55514872.0	primary
PR00445	NGx	48	55514872.0	primary
PR00445	NGx	49	54294118.0	primary
PR00445	NGx	50	53791797.0	primary
PR00445	NGx	51	53791797.0	primary
PR00445	NGx	52	51488616.0	primary
PR00445	NGx	53	51488616.0	primary
PR00445	NGx	54	49682405.0	primary
PR00445	NGx	55	49682405.0	primary
PR00445	NGx	56	49105476.0	primary
PR00445	NGx	57	42368887.0	primary
PR00445	NGx	58	42368887.0	primary
PR00445	NGx	59	41339641.0	primary
PR00445	NGx	60	39890847.0	primary
PR00445	NGx	61	39540433.0	primary
PR00445	NGx	62	39540433.0	primary
PR00445	NGx	63	38697904.0	primary
PR00445	NGx	64	36691707.0	primary
PR00445	NGx	65	36639161.0	primary
PR00445	NGx	66	36079718.0	primary
PR00445	NGx	67	36079718.0	primary
PR00445	NGx	68	33416026.0	primary
PR00445	NGx	69	32094530.0	primary
PR00445	NGx	70	31502907.0	primary
PR00445	NGx	71	29920682.0	primary
PR00445	NGx	72	29735747.0	primary
PR00445	NGx	73	28138701.0	primary
PR00445	NGx	74	28087564.0	primary
PR00445	NGx	75	26447130.0	primary
PR00445	NGx	76	25378853.0	primary
PR00445	NGx	77	23504721.0	primary
PR00445	NGx	78	22571807.0	primary
PR00445	NGx	79	20871071.0	primary
PR00445	NGx	80	20703309.0	primary
PR00445	NGx	81	20683936.0	primary
PR00445	NGx	82	20636817.0	primary
PR00445	NGx	83	20317642.0	primary
PR00445	NGx	84	18979884.0	primary
PR00445	NGx	85	17413544.0	primary
PR00445	NGx	86	16882978.0	primary
PR00445	NGx	87	14743377.0	primary
PR00445	NGx	88	13572551.0	primary
PR00445	NGx	89	12919896.0	primary
PR00445	NGx	90	11525249.0	primary
PR00445	NGx	91	10270722.0	primary
PR00445	NGx	92	9669427.0	primary
PR00445	NGx	93	9379882.0	primary
PR00445	NGx	94	7723381.0	primary
PR00445	NGx	95	6988062.0	primary
PR00445	NGx	96	6700216.0	primary
PR00445	NGx	97	5851486.0	primary
PR00445	NGx	98	5143673.0	primary
PR00445	NGx	99	4830974.0	primary
PR00445	NGx	100	4123220.0	primary
PR00445	LGx	1	1.0	primary
PR00445	LGx	2	1.0	primary
PR00445	LGx	3	1.0	primary
PR00445	LGx	4	1.0	primary
PR00445	LGx	5	2.0	primary
PR00445	LGx	6	2.0	primary
PR00445	LGx	7	2.0	primary
PR00445	LGx	8	2.0	primary
PR00445	LGx	9	3.0	primary
PR00445	LGx	10	3.0	primary
PR00445	LGx	11	3.0	primary
PR00445	LGx	12	4.0	primary
PR00445	LGx	13	4.0	primary
PR00445	LGx	14	4.0	primary
PR00445	LGx	15	5.0	primary
PR00445	LGx	16	5.0	primary
PR00445	LGx	17	5.0	primary
PR00445	LGx	18	6.0	primary
PR00445	LGx	19	6.0	primary
PR00445	LGx	20	6.0	primary
PR00445	LGx	21	7.0	primary
PR00445	LGx	22	7.0	primary
PR00445	LGx	23	8.0	primary
PR00445	LGx	24	8.0	primary
PR00445	LGx	25	8.0	primary
PR00445	LGx	26	9.0	primary
PR00445	LGx	27	9.0	primary
PR00445	LGx	28	9.0	primary
PR00445	LGx	29	10.0	primary
PR00445	LGx	30	10.0	primary
PR00445	LGx	31	11.0	primary
PR00445	LGx	32	11.0	primary
PR00445	LGx	33	12.0	primary
PR00445	LGx	34	12.0	primary
PR00445	LGx	35	13.0	primary
PR00445	LGx	36	13.0	primary
PR00445	LGx	37	14.0	primary
PR00445	LGx	38	14.0	primary
PR00445	LGx	39	15.0	primary
PR00445	LGx	40	15.0	primary
PR00445	LGx	41	16.0	primary
PR00445	LGx	42	16.0	primary
PR00445	LGx	43	17.0	primary
PR00445	LGx	44	17.0	primary
PR00445	LGx	45	18.0	primary
PR00445	LGx	46	18.0	primary
PR00445	LGx	47	19.0	primary
PR00445	LGx	48	19.0	primary
PR00445	LGx	49	20.0	primary
PR00445	LGx	50	21.0	primary
PR00445	LGx	51	21.0	primary
PR00445	LGx	52	22.0	primary
PR00445	LGx	53	22.0	primary
PR00445	LGx	54	23.0	primary
PR00445	LGx	55	23.0	primary
PR00445	LGx	56	24.0	primary
PR00445	LGx	57	25.0	primary
PR00445	LGx	58	25.0	primary
PR00445	LGx	59	26.0	primary
PR00445	LGx	60	27.0	primary
PR00445	LGx	61	28.0	primary
PR00445	LGx	62	28.0	primary
PR00445	LGx	63	29.0	primary
PR00445	LGx	64	30.0	primary
PR00445	LGx	65	31.0	primary
PR00445	LGx	66	32.0	primary
PR00445	LGx	67	32.0	primary
PR00445	LGx	68	33.0	primary
PR00445	LGx	69	34.0	primary
PR00445	LGx	70	35.0	primary
PR00445	LGx	71	36.0	primary
PR00445	LGx	72	37.0	primary
PR00445	LGx	73	38.0	primary
PR00445	LGx	74	39.0	primary
PR00445	LGx	75	41.0	primary
PR00445	LGx	76	42.0	primary
PR00445	LGx	77	43.0	primary
PR00445	LGx	78	44.0	primary
PR00445	LGx	79	46.0	primary
PR00445	LGx	80	47.0	primary
PR00445	LGx	81	48.0	primary
PR00445	LGx	82	50.0	primary
PR00445	LGx	83	51.0	primary
PR00445	LGx	84	53.0	primary
PR00445	LGx	85	55.0	primary
PR00445	LGx	86	56.0	primary
PR00445	LGx	87	58.0	primary
PR00445	LGx	88	60.0	primary
PR00445	LGx	89	63.0	primary
PR00445	LGx	90	65.0	primary
PR00445	LGx	91	68.0	primary
PR00445	LGx	92	71.0	primary
PR00445	LGx	93	74.0	primary
PR00445	LGx	94	78.0	primary
PR00445	LGx	95	82.0	primary
PR00445	LGx	96	86.0	primary
PR00445	LGx	97	91.0	primary
PR00445	LGx	98	96.0	primary
PR00445	LGx	99	102.0	primary
PR00445	LGx	100	109.0	primary
PR00249	auN	3188696052	360.58353	hap1
PR00249	auNG	3018593705	380.90292	hap1
PR00249	Nx	1	129610070.0	hap1
PR00249	Nx	2	129610070.0	hap1
PR00249	Nx	3	129610070.0	hap1
PR00249	Nx	4	129610070.0	hap1
PR00249	Nx	5	101985259.0	hap1
PR00249	Nx	6	101985259.0	hap1
PR00249	Nx	7	101985259.0	hap1
PR00249	Nx	8	101212141.0	hap1
PR00249	Nx	9	101212141.0	hap1
PR00249	Nx	10	101212141.0	hap1
PR00249	Nx	11	95877947.0	hap1
PR00249	Nx	12	95877947.0	hap1
PR00249	Nx	13	95877947.0	hap1
PR00249	Nx	14	92617206.0	hap1
PR00249	Nx	15	92617206.0	hap1
PR00249	Nx	16	92617206.0	hap1
PR00249	Nx	17	87917866.0	hap1
PR00249	Nx	18	87917866.0	hap1
PR00249	Nx	19	87917866.0	hap1
PR00249	Nx	20	85279323.0	hap1
PR00249	Nx	21	85279323.0	hap1
PR00249	Nx	22	67574184.0	hap1
PR00249	Nx	23	67574184.0	hap1
PR00249	Nx	24	65185962.0	hap1
PR00249	Nx	25	65185962.0	hap1
PR00249	Nx	26	61195322.0	hap1
PR00249	Nx	27	61195322.0	hap1
PR00249	Nx	28	57389959.0	hap1
PR00249	Nx	29	57389959.0	hap1
PR00249	Nx	30	55320773.0	hap1
PR00249	Nx	31	55320773.0	hap1
PR00249	Nx	32	53629080.0	hap1
PR00249	Nx	33	53629080.0	hap1
PR00249	Nx	34	50650548.0	hap1
PR00249	Nx	35	49625887.0	hap1
PR00249	Nx	36	49625887.0	hap1
PR00249	Nx	37	46997047.0	hap1
PR00249	Nx	38	44553198.0	hap1
PR00249	Nx	39	44553198.0	hap1
PR00249	Nx	40	42590792.0	hap1
PR00249	Nx	41	39723091.0	hap1
PR00249	Nx	42	38968824.0	hap1
PR00249	Nx	43	36695154.0	hap1
PR00249	Nx	44	36695154.0	hap1
PR00249	Nx	45	36014853.0	hap1
PR00249	Nx	46	35057696.0	hap1
PR00249	Nx	47	34988260.0	hap1
PR00249	Nx	48	33573808.0	hap1
PR00249	Nx	49	32941344.0	hap1
PR00249	Nx	50	31956650.0	hap1
PR00249	Nx	51	31715307.0	hap1
PR00249	Nx	52	30619977.0	hap1
PR00249	Nx	53	30465999.0	hap1
PR00249	Nx	54	29676795.0	hap1
PR00249	Nx	55	28815423.0	hap1
PR00249	Nx	56	28753160.0	hap1
PR00249	Nx	57	28510992.0	hap1
PR00249	Nx	58	27630049.0	hap1
PR00249	Nx	59	27462246.0	hap1
PR00249	Nx	60	27317555.0	hap1
PR00249	Nx	61	26792668.0	hap1
PR00249	Nx	62	25949115.0	hap1
PR00249	Nx	63	24795057.0	hap1
PR00249	Nx	64	24572192.0	hap1
PR00249	Nx	65	23870573.0	hap1
PR00249	Nx	66	23056235.0	hap1
PR00249	Nx	67	22874560.0	hap1
PR00249	Nx	68	22376050.0	hap1
PR00249	Nx	69	19983025.0	hap1
PR00249	Nx	70	19091730.0	hap1
PR00249	Nx	71	18411687.0	hap1
PR00249	Nx	72	17797288.0	hap1
PR00249	Nx	73	15651945.0	hap1
PR00249	Nx	74	14738838.0	hap1
PR00249	Nx	75	14427371.0	hap1
PR00249	Nx	76	14288753.0	hap1
PR00249	Nx	77	13146039.0	hap1
PR00249	Nx	78	13020366.0	hap1
PR00249	Nx	79	12769237.0	hap1
PR00249	Nx	80	12306435.0	hap1
PR00249	Nx	81	10730682.0	hap1
PR00249	Nx	82	10290977.0	hap1
PR00249	Nx	83	9016519.0	hap1
PR00249	Nx	84	8238236.0	hap1
PR00249	Nx	85	7772296.0	hap1
PR00249	Nx	86	6867820.0	hap1
PR00249	Nx	87	6522235.0	hap1
PR00249	Nx	88	6211228.0	hap1
PR00249	Nx	89	6005174.0	hap1
PR00249	Nx	90	5285155.0	hap1
PR00249	Nx	91	4362805.0	hap1
PR00249	Nx	92	3981243.0	hap1
PR00249	Nx	93	3406980.0	hap1
PR00249	Nx	94	2833723.0	hap1
PR00249	Nx	95	2474326.0	hap1
PR00249	Nx	96	2071105.0	hap1
PR00249	Nx	97	1485477.0	hap1
PR00249	Nx	98	927994.0	hap1
PR00249	Nx	99	431285.0	hap1
PR00249	Nx	100	14191.0	hap1
PR00249	Lx	1	129610070.0	hap1
PR00249	Lx	2	129610070.0	hap1
PR00249	Lx	3	129610070.0	hap1
PR00249	Lx	4	129610070.0	hap1
PR00249	Lx	5	101985259.0	hap1
PR00249	Lx	6	101985259.0	hap1
PR00249	Lx	7	101985259.0	hap1
PR00249	Lx	8	101212141.0	hap1
PR00249	Lx	9	101212141.0	hap1
PR00249	Lx	10	101212141.0	hap1
PR00249	Lx	11	95877947.0	hap1
PR00249	Lx	12	95877947.0	hap1
PR00249	Lx	13	95877947.0	hap1
PR00249	Lx	14	92617206.0	hap1
PR00249	Lx	15	92617206.0	hap1
PR00249	Lx	16	92617206.0	hap1
PR00249	Lx	17	87917866.0	hap1
PR00249	Lx	18	87917866.0	hap1
PR00249	Lx	19	87917866.0	hap1
PR00249	Lx	20	85279323.0	hap1
PR00249	Lx	21	85279323.0	hap1
PR00249	Lx	22	67574184.0	hap1
PR00249	Lx	23	67574184.0	hap1
PR00249	Lx	24	65185962.0	hap1
PR00249	Lx	25	65185962.0	hap1
PR00249	Lx	26	61195322.0	hap1
PR00249	Lx	27	61195322.0	hap1
PR00249	Lx	28	57389959.0	hap1
PR00249	Lx	29	57389959.0	hap1
PR00249	Lx	30	55320773.0	hap1
PR00249	Lx	31	55320773.0	hap1
PR00249	Lx	32	53629080.0	hap1
PR00249	Lx	33	53629080.0	hap1
PR00249	Lx	34	50650548.0	hap1
PR00249	Lx	35	49625887.0	hap1
PR00249	Lx	36	49625887.0	hap1
PR00249	Lx	37	46997047.0	hap1
PR00249	Lx	38	44553198.0	hap1
PR00249	Lx	39	44553198.0	hap1
PR00249	Lx	40	42590792.0	hap1
PR00249	Lx	41	39723091.0	hap1
PR00249	Lx	42	38968824.0	hap1
PR00249	Lx	43	36695154.0	hap1
PR00249	Lx	44	36695154.0	hap1
PR00249	Lx	45	36014853.0	hap1
PR00249	Lx	46	35057696.0	hap1
PR00249	Lx	47	34988260.0	hap1
PR00249	Lx	48	33573808.0	hap1
PR00249	Lx	49	32941344.0	hap1
PR00249	Lx	50	31956650.0	hap1
PR00249	Lx	51	31715307.0	hap1
PR00249	Lx	52	30619977.0	hap1
PR00249	Lx	53	30465999.0	hap1
PR00249	Lx	54	29676795.0	hap1
PR00249	Lx	55	28815423.0	hap1
PR00249	Lx	56	28753160.0	hap1
PR00249	Lx	57	28510992.0	hap1
PR00249	Lx	58	27630049.0	hap1
PR00249	Lx	59	27462246.0	hap1
PR00249	Lx	60	27317555.0	hap1
PR00249	Lx	61	26792668.0	hap1
PR00249	Lx	62	25949115.0	hap1
PR00249	Lx	63	24795057.0	hap1
PR00249	Lx	64	24572192.0	hap1
PR00249	Lx	65	23870573.0	hap1
PR00249	Lx	66	23056235.0	hap1
PR00249	Lx	67	22874560.0	hap1
PR00249	Lx	68	22376050.0	hap1
PR00249	Lx	69	19983025.0	hap1
PR00249	Lx	70	19091730.0	hap1
PR00249	Lx	71	18411687.0	hap1
PR00249	Lx	72	17797288.0	hap1
PR00249	Lx	73	15651945.0	hap1
PR00249	Lx	74	14738838.0	hap1
PR00249	Lx	75	14427371.0	hap1
PR00249	Lx	76	14288753.0	hap1
PR00249	Lx	77	13146039.0	hap1
PR00249	Lx	78	13020366.0	hap1
PR00249	Lx	79	12769237.0	hap1
PR00249	Lx	80	12306435.0	hap1
PR00249	Lx	81	10730682.0	hap1
PR00249	Lx	82	10290977.0	hap1
PR00249	Lx	83	9016519.0	hap1
PR00249	Lx	84	8238236.0	hap1
PR00249	Lx	85	7772296.0	hap1
PR00249	Lx	86	6867820.0	hap1
PR00249	Lx	87	6522235.0	hap1
PR00249	Lx	88	6211228.0	hap1
PR00249	Lx	89	6005174.0	hap1
PR00249	Lx	90	5285155.0	hap1
PR00249	Lx	91	4362805.0	hap1
PR00249	Lx	92	3981243.0	hap1
PR00249	Lx	93	3406980.0	hap1
PR00249	Lx	94	2833723.0	hap1
PR00249	Lx	95	2474326.0	hap1
PR00249	Lx	96	2071105.0	hap1
PR00249	Lx	97	1485477.0	hap1
PR00249	Lx	98	927994.0	hap1
PR00249	Lx	99	431285.0	hap1
PR00249	Lx	100	14191.0	hap1
PR00249	NGx	1	129610070.0	hap1
PR00249	NGx	2	129610070.0	hap1
PR00249	NGx	3	129610070.0	hap1
PR00249	NGx	4	129610070.0	hap1
PR00249	NGx	5	101985259.0	hap1
PR00249	NGx	6	101985259.0	hap1
PR00249	NGx	7	101985259.0	hap1
PR00249	NGx	8	101212141.0	hap1
PR00249	NGx	9	101212141.0	hap1
PR00249	NGx	10	101212141.0	hap1
PR00249	NGx	11	101212141.0	hap1
PR00249	NGx	12	95877947.0	hap1
PR00249	NGx	13	95877947.0	hap1
PR00249	NGx	14	95877947.0	hap1
PR00249	NGx	15	92617206.0	hap1
PR00249	NGx	16	92617206.0	hap1
PR00249	NGx	17	92617206.0	hap1
PR00249	NGx	18	87917866.0	hap1
PR00249	NGx	19	87917866.0	hap1
PR00249	NGx	20	87917866.0	hap1
PR00249	NGx	21	85279323.0	hap1
PR00249	NGx	22	85279323.0	hap1
PR00249	NGx	23	85279323.0	hap1
PR00249	NGx	24	67574184.0	hap1
PR00249	NGx	25	67574184.0	hap1
PR00249	NGx	26	65185962.0	hap1
PR00249	NGx	27	65185962.0	hap1
PR00249	NGx	28	61195322.0	hap1
PR00249	NGx	29	61195322.0	hap1
PR00249	NGx	30	57389959.0	hap1
PR00249	NGx	31	57389959.0	hap1
PR00249	NGx	32	55320773.0	hap1
PR00249	NGx	33	55320773.0	hap1
PR00249	NGx	34	53629080.0	hap1
PR00249	NGx	35	50650548.0	hap1
PR00249	NGx	36	50650548.0	hap1
PR00249	NGx	37	49625887.0	hap1
PR00249	NGx	38	49625887.0	hap1
PR00249	NGx	39	46997047.0	hap1
PR00249	NGx	40	44553198.0	hap1
PR00249	NGx	41	44553198.0	hap1
PR00249	NGx	42	42590792.0	hap1
PR00249	NGx	43	39723091.0	hap1
PR00249	NGx	44	39723091.0	hap1
PR00249	NGx	45	38968824.0	hap1
PR00249	NGx	46	36695154.0	hap1
PR00249	NGx	47	36014853.0	hap1
PR00249	NGx	48	35057696.0	hap1
PR00249	NGx	49	34988260.0	hap1
PR00249	NGx	50	34988260.0	hap1
PR00249	NGx	51	33573808.0	hap1
PR00249	NGx	52	32941344.0	hap1
PR00249	NGx	53	31956650.0	hap1
PR00249	NGx	54	31715307.0	hap1
PR00249	NGx	55	30619977.0	hap1
PR00249	NGx	56	30465999.0	hap1
PR00249	NGx	57	29676795.0	hap1
PR00249	NGx	58	28815423.0	hap1
PR00249	NGx	59	28753160.0	hap1
PR00249	NGx	60	28510992.0	hap1
PR00249	NGx	61	28022179.0	hap1
PR00249	NGx	62	27630049.0	hap1
PR00249	NGx	63	27317555.0	hap1
PR00249	NGx	64	26792668.0	hap1
PR00249	NGx	65	25949115.0	hap1
PR00249	NGx	66	25667958.0	hap1
PR00249	NGx	67	24795057.0	hap1
PR00249	NGx	68	24572192.0	hap1
PR00249	NGx	69	23247017.0	hap1
PR00249	NGx	70	23056235.0	hap1
PR00249	NGx	71	22874560.0	hap1
PR00249	NGx	72	20796189.0	hap1
PR00249	NGx	73	19983025.0	hap1
PR00249	NGx	74	19091730.0	hap1
PR00249	NGx	75	18411687.0	hap1
PR00249	NGx	76	17797288.0	hap1
PR00249	NGx	77	15651945.0	hap1
PR00249	NGx	78	14738838.0	hap1
PR00249	NGx	79	14427371.0	hap1
PR00249	NGx	80	14288753.0	hap1
PR00249	NGx	81	13585678.0	hap1
PR00249	NGx	82	13106802.0	hap1
PR00249	NGx	83	12868933.0	hap1
PR00249	NGx	84	12362378.0	hap1
PR00249	NGx	85	12009272.0	hap1
PR00249	NGx	86	10455164.0	hap1
PR00249	NGx	87	10016998.0	hap1
PR00249	NGx	88	8912708.0	hap1
PR00249	NGx	89	7860224.0	hap1
PR00249	NGx	90	7745973.0	hap1
PR00249	NGx	91	6689905.0	hap1
PR00249	NGx	92	6395531.0	hap1
PR00249	NGx	93	6211228.0	hap1
PR00249	NGx	94	6005174.0	hap1
PR00249	NGx	95	5285155.0	hap1
PR00249	NGx	96	4370913.0	hap1
PR00249	NGx	97	4027023.0	hap1
PR00249	NGx	98	3514855.0	hap1
PR00249	NGx	99	2904798.0	hap1
PR00249	NGx	100	2624363.0	hap1
PR00249	LGx	1	1.0	hap1
PR00249	LGx	2	1.0	hap1
PR00249	LGx	3	1.0	hap1
PR00249	LGx	4	1.0	hap1
PR00249	LGx	5	2.0	hap1
PR00249	LGx	6	2.0	hap1
PR00249	LGx	7	2.0	hap1
PR00249	LGx	8	3.0	hap1
PR00249	LGx	9	3.0	hap1
PR00249	LGx	10	3.0	hap1
PR00249	LGx	11	3.0	hap1
PR00249	LGx	12	4.0	hap1
PR00249	LGx	13	4.0	hap1
PR00249	LGx	14	4.0	hap1
PR00249	LGx	15	5.0	hap1
PR00249	LGx	16	5.0	hap1
PR00249	LGx	17	5.0	hap1
PR00249	LGx	18	6.0	hap1
PR00249	LGx	19	6.0	hap1
PR00249	LGx	20	6.0	hap1
PR00249	LGx	21	7.0	hap1
PR00249	LGx	22	7.0	hap1
PR00249	LGx	23	7.0	hap1
PR00249	LGx	24	8.0	hap1
PR00249	LGx	25	8.0	hap1
PR00249	LGx	26	9.0	hap1
PR00249	LGx	27	9.0	hap1
PR00249	LGx	28	10.0	hap1
PR00249	LGx	29	10.0	hap1
PR00249	LGx	30	11.0	hap1
PR00249	LGx	31	11.0	hap1
PR00249	LGx	32	12.0	hap1
PR00249	LGx	33	12.0	hap1
PR00249	LGx	34	13.0	hap1
PR00249	LGx	35	14.0	hap1
PR00249	LGx	36	14.0	hap1
PR00249	LGx	37	15.0	hap1
PR00249	LGx	38	15.0	hap1
PR00249	LGx	39	16.0	hap1
PR00249	LGx	40	17.0	hap1
PR00249	LGx	41	17.0	hap1
PR00249	LGx	42	18.0	hap1
PR00249	LGx	43	19.0	hap1
PR00249	LGx	44	19.0	hap1
PR00249	LGx	45	20.0	hap1
PR00249	LGx	46	21.0	hap1
PR00249	LGx	47	22.0	hap1
PR00249	LGx	48	23.0	hap1
PR00249	LGx	49	24.0	hap1
PR00249	LGx	50	24.0	hap1
PR00249	LGx	51	25.0	hap1
PR00249	LGx	52	26.0	hap1
PR00249	LGx	53	27.0	hap1
PR00249	LGx	54	28.0	hap1
PR00249	LGx	55	29.0	hap1
PR00249	LGx	56	30.0	hap1
PR00249	LGx	57	31.0	hap1
PR00249	LGx	58	32.0	hap1
PR00249	LGx	59	33.0	hap1
PR00249	LGx	60	34.0	hap1
PR00249	LGx	61	35.0	hap1
PR00249	LGx	62	36.0	hap1
PR00249	LGx	63	38.0	hap1
PR00249	LGx	64	39.0	hap1
PR00249	LGx	65	40.0	hap1
PR00249	LGx	66	41.0	hap1
PR00249	LGx	67	42.0	hap1
PR00249	LGx	68	43.0	hap1
PR00249	LGx	69	45.0	hap1
PR00249	LGx	70	46.0	hap1
PR00249	LGx	71	47.0	hap1
PR00249	LGx	72	49.0	hap1
PR00249	LGx	73	50.0	hap1
PR00249	LGx	74	52.0	hap1
PR00249	LGx	75	53.0	hap1
PR00249	LGx	76	55.0	hap1
PR00249	LGx	77	57.0	hap1
PR00249	LGx	78	59.0	hap1
PR00249	LGx	79	61.0	hap1
PR00249	LGx	80	63.0	hap1
PR00249	LGx	81	65.0	hap1
PR00249	LGx	82	67.0	hap1
PR00249	LGx	83	70.0	hap1
PR00249	LGx	84	72.0	hap1
PR00249	LGx	85	74.0	hap1
PR00249	LGx	86	77.0	hap1
PR00249	LGx	87	80.0	hap1
PR00249	LGx	88	83.0	hap1
PR00249	LGx	89	87.0	hap1
PR00249	LGx	90	91.0	hap1
PR00249	LGx	91	95.0	hap1
PR00249	LGx	92	100.0	hap1
PR00249	LGx	93	104.0	hap1
PR00249	LGx	94	109.0	hap1
PR00249	LGx	95	115.0	hap1
PR00249	LGx	96	121.0	hap1
PR00249	LGx	97	128.0	hap1
PR00249	LGx	98	136.0	hap1
PR00249	LGx	99	145.0	hap1
PR00249	LGx	100	156.0	hap1
PR00249	auN	3165962871	346.3689	hap2
PR00249	auNG	3018593705	363.27875	hap2
PR00249	Nx	1	136164906.0	hap2
PR00249	Nx	2	136164906.0	hap2
PR00249	Nx	3	136164906.0	hap2
PR00249	Nx	4	136164906.0	hap2
PR00249	Nx	5	120077516.0	hap2
PR00249	Nx	6	120077516.0	hap2
PR00249	Nx	7	120077516.0	hap2
PR00249	Nx	8	120077516.0	hap2
PR00249	Nx	9	105315845.0	hap2
PR00249	Nx	10	105315845.0	hap2
PR00249	Nx	11	105315845.0	hap2
PR00249	Nx	12	102728043.0	hap2
PR00249	Nx	13	102728043.0	hap2
PR00249	Nx	14	102728043.0	hap2
PR00249	Nx	15	99089923.0	hap2
PR00249	Nx	16	99089923.0	hap2
PR00249	Nx	17	99089923.0	hap2
PR00249	Nx	18	81782758.0	hap2
PR00249	Nx	19	81782758.0	hap2
PR00249	Nx	20	81782758.0	hap2
PR00249	Nx	21	67513020.0	hap2
PR00249	Nx	22	67513020.0	hap2
PR00249	Nx	23	60654113.0	hap2
PR00249	Nx	24	60654113.0	hap2
PR00249	Nx	25	60420980.0	hap2
PR00249	Nx	26	60420980.0	hap2
PR00249	Nx	27	55389539.0	hap2
PR00249	Nx	28	55389539.0	hap2
PR00249	Nx	29	49823549.0	hap2
PR00249	Nx	30	48801467.0	hap2
PR00249	Nx	31	48801467.0	hap2
PR00249	Nx	32	47567094.0	hap2
PR00249	Nx	33	46573331.0	hap2
PR00249	Nx	34	46573331.0	hap2
PR00249	Nx	35	45247887.0	hap2
PR00249	Nx	36	43384185.0	hap2
PR00249	Nx	37	42285119.0	hap2
PR00249	Nx	38	42285119.0	hap2
PR00249	Nx	39	39706052.0	hap2
PR00249	Nx	40	36128646.0	hap2
PR00249	Nx	41	35899405.0	hap2
PR00249	Nx	42	34682461.0	hap2
PR00249	Nx	43	34128584.0	hap2
PR00249	Nx	44	34128584.0	hap2
PR00249	Nx	45	32893844.0	hap2
PR00249	Nx	46	32719411.0	hap2
PR00249	Nx	47	32259175.0	hap2
PR00249	Nx	48	29661714.0	hap2
PR00249	Nx	49	29098577.0	hap2
PR00249	Nx	50	28714279.0	hap2
PR00249	Nx	51	27796374.0	hap2
PR00249	Nx	52	27697018.0	hap2
PR00249	Nx	53	27221346.0	hap2
PR00249	Nx	54	25588549.0	hap2
PR00249	Nx	55	25449509.0	hap2
PR00249	Nx	56	22279256.0	hap2
PR00249	Nx	57	21759702.0	hap2
PR00249	Nx	58	21177904.0	hap2
PR00249	Nx	59	20847517.0	hap2
PR00249	Nx	60	20535960.0	hap2
PR00249	Nx	61	20133141.0	hap2
PR00249	Nx	62	19158597.0	hap2
PR00249	Nx	63	18717853.0	hap2
PR00249	Nx	64	18679783.0	hap2
PR00249	Nx	65	17698712.0	hap2
PR00249	Nx	66	17060432.0	hap2
PR00249	Nx	67	15580572.0	hap2
PR00249	Nx	68	14218781.0	hap2
PR00249	Nx	69	13873567.0	hap2
PR00249	Nx	70	13207205.0	hap2
PR00249	Nx	71	12491242.0	hap2
PR00249	Nx	72	12180382.0	hap2
PR00249	Nx	73	11671324.0	hap2
PR00249	Nx	74	11299890.0	hap2
PR00249	Nx	75	10625128.0	hap2
PR00249	Nx	76	9624363.0	hap2
PR00249	Nx	77	9158833.0	hap2
PR00249	Nx	78	8914432.0	hap2
PR00249	Nx	79	7859761.0	hap2
PR00249	Nx	80	7430002.0	hap2
PR00249	Nx	81	7178729.0	hap2
PR00249	Nx	82	6873450.0	hap2
PR00249	Nx	83	6541190.0	hap2
PR00249	Nx	84	6319471.0	hap2
PR00249	Nx	85	5954384.0	hap2
PR00249	Nx	86	5629168.0	hap2
PR00249	Nx	87	5411635.0	hap2
PR00249	Nx	88	5034653.0	hap2
PR00249	Nx	89	4796413.0	hap2
PR00249	Nx	90	4408071.0	hap2
PR00249	Nx	91	4074902.0	hap2
PR00249	Nx	92	3586176.0	hap2
PR00249	Nx	93	3275902.0	hap2
PR00249	Nx	94	2946660.0	hap2
PR00249	Nx	95	2617039.0	hap2
PR00249	Nx	96	1984668.0	hap2
PR00249	Nx	97	1577612.0	hap2
PR00249	Nx	98	997728.0	hap2
PR00249	Nx	99	459170.0	hap2
PR00249	Nx	100	16627.0	hap2
PR00249	Lx	1	136164906.0	hap2
PR00249	Lx	2	136164906.0	hap2
PR00249	Lx	3	136164906.0	hap2
PR00249	Lx	4	136164906.0	hap2
PR00249	Lx	5	120077516.0	hap2
PR00249	Lx	6	120077516.0	hap2
PR00249	Lx	7	120077516.0	hap2
PR00249	Lx	8	120077516.0	hap2
PR00249	Lx	9	105315845.0	hap2
PR00249	Lx	10	105315845.0	hap2
PR00249	Lx	11	105315845.0	hap2
PR00249	Lx	12	102728043.0	hap2
PR00249	Lx	13	102728043.0	hap2
PR00249	Lx	14	102728043.0	hap2
PR00249	Lx	15	99089923.0	hap2
PR00249	Lx	16	99089923.0	hap2
PR00249	Lx	17	99089923.0	hap2
PR00249	Lx	18	81782758.0	hap2
PR00249	Lx	19	81782758.0	hap2
PR00249	Lx	20	81782758.0	hap2
PR00249	Lx	21	67513020.0	hap2
PR00249	Lx	22	67513020.0	hap2
PR00249	Lx	23	60654113.0	hap2
PR00249	Lx	24	60654113.0	hap2
PR00249	Lx	25	60420980.0	hap2
PR00249	Lx	26	60420980.0	hap2
PR00249	Lx	27	55389539.0	hap2
PR00249	Lx	28	55389539.0	hap2
PR00249	Lx	29	49823549.0	hap2
PR00249	Lx	30	48801467.0	hap2
PR00249	Lx	31	48801467.0	hap2
PR00249	Lx	32	47567094.0	hap2
PR00249	Lx	33	46573331.0	hap2
PR00249	Lx	34	46573331.0	hap2
PR00249	Lx	35	45247887.0	hap2
PR00249	Lx	36	43384185.0	hap2
PR00249	Lx	37	42285119.0	hap2
PR00249	Lx	38	42285119.0	hap2
PR00249	Lx	39	39706052.0	hap2
PR00249	Lx	40	36128646.0	hap2
PR00249	Lx	41	35899405.0	hap2
PR00249	Lx	42	34682461.0	hap2
PR00249	Lx	43	34128584.0	hap2
PR00249	Lx	44	34128584.0	hap2
PR00249	Lx	45	32893844.0	hap2
PR00249	Lx	46	32719411.0	hap2
PR00249	Lx	47	32259175.0	hap2
PR00249	Lx	48	29661714.0	hap2
PR00249	Lx	49	29098577.0	hap2
PR00249	Lx	50	28714279.0	hap2
PR00249	Lx	51	27796374.0	hap2
PR00249	Lx	52	27697018.0	hap2
PR00249	Lx	53	27221346.0	hap2
PR00249	Lx	54	25588549.0	hap2
PR00249	Lx	55	25449509.0	hap2
PR00249	Lx	56	22279256.0	hap2
PR00249	Lx	57	21759702.0	hap2
PR00249	Lx	58	21177904.0	hap2
PR00249	Lx	59	20847517.0	hap2
PR00249	Lx	60	20535960.0	hap2
PR00249	Lx	61	20133141.0	hap2
PR00249	Lx	62	19158597.0	hap2
PR00249	Lx	63	18717853.0	hap2
PR00249	Lx	64	18679783.0	hap2
PR00249	Lx	65	17698712.0	hap2
PR00249	Lx	66	17060432.0	hap2
PR00249	Lx	67	15580572.0	hap2
PR00249	Lx	68	14218781.0	hap2
PR00249	Lx	69	13873567.0	hap2
PR00249	Lx	70	13207205.0	hap2
PR00249	Lx	71	12491242.0	hap2
PR00249	Lx	72	12180382.0	hap2
PR00249	Lx	73	11671324.0	hap2
PR00249	Lx	74	11299890.0	hap2
PR00249	Lx	75	10625128.0	hap2
PR00249	Lx	76	9624363.0	hap2
PR00249	Lx	77	9158833.0	hap2
PR00249	Lx	78	8914432.0	hap2
PR00249	Lx	79	7859761.0	hap2
PR00249	Lx	80	7430002.0	hap2
PR00249	Lx	81	7178729.0	hap2
PR00249	Lx	82	6873450.0	hap2
PR00249	Lx	83	6541190.0	hap2
PR00249	Lx	84	6319471.0	hap2
PR00249	Lx	85	5954384.0	hap2
PR00249	Lx	86	5629168.0	hap2
PR00249	Lx	87	5411635.0	hap2
PR00249	Lx	88	5034653.0	hap2
PR00249	Lx	89	4796413.0	hap2
PR00249	Lx	90	4408071.0	hap2
PR00249	Lx	91	4074902.0	hap2
PR00249	Lx	92	3586176.0	hap2
PR00249	Lx	93	3275902.0	hap2
PR00249	Lx	94	2946660.0	hap2
PR00249	Lx	95	2617039.0	hap2
PR00249	Lx	96	1984668.0	hap2
PR00249	Lx	97	1577612.0	hap2
PR00249	Lx	98	997728.0	hap2
PR00249	Lx	99	459170.0	hap2
PR00249	Lx	100	16627.0	hap2
PR00249	NGx	1	136164906.0	hap2
PR00249	NGx	2	136164906.0	hap2
PR00249	NGx	3	136164906.0	hap2
PR00249	NGx	4	136164906.0	hap2
PR00249	NGx	5	120077516.0	hap2
PR00249	NGx	6	120077516.0	hap2
PR00249	NGx	7	120077516.0	hap2
PR00249	NGx	8	120077516.0	hap2
PR00249	NGx	9	105315845.0	hap2
PR00249	NGx	10	105315845.0	hap2
PR00249	NGx	11	105315845.0	hap2
PR00249	NGx	12	102728043.0	hap2
PR00249	NGx	13	102728043.0	hap2
PR00249	NGx	14	102728043.0	hap2
PR00249	NGx	15	102728043.0	hap2
PR00249	NGx	16	99089923.0	hap2
PR00249	NGx	17	99089923.0	hap2
PR00249	NGx	18	99089923.0	hap2
PR00249	NGx	19	81782758.0	hap2
PR00249	NGx	20	81782758.0	hap2
PR00249	NGx	21	81782758.0	hap2
PR00249	NGx	22	67513020.0	hap2
PR00249	NGx	23	67513020.0	hap2
PR00249	NGx	24	60654113.0	hap2
PR00249	NGx	25	60654113.0	hap2
PR00249	NGx	26	60420980.0	hap2
PR00249	NGx	27	60420980.0	hap2
PR00249	NGx	28	55389539.0	hap2
PR00249	NGx	29	55389539.0	hap2
PR00249	NGx	30	49823549.0	hap2
PR00249	NGx	31	49823549.0	hap2
PR00249	NGx	32	48801467.0	hap2
PR00249	NGx	33	47567094.0	hap2
PR00249	NGx	34	47567094.0	hap2
PR00249	NGx	35	46573331.0	hap2
PR00249	NGx	36	45247887.0	hap2
PR00249	NGx	37	45247887.0	hap2
PR00249	NGx	38	43384185.0	hap2
PR00249	NGx	39	42285119.0	hap2
PR00249	NGx	40	42285119.0	hap2
PR00249	NGx	41	39706052.0	hap2
PR00249	NGx	42	36128646.0	hap2
PR00249	NGx	43	35899405.0	hap2
PR00249	NGx	44	34682461.0	hap2
PR00249	NGx	45	34682461.0	hap2
PR00249	NGx	46	34128584.0	hap2
PR00249	NGx	47	32893844.0	hap2
PR00249	NGx	48	32719411.0	hap2
PR00249	NGx	49	32259175.0	hap2
PR00249	NGx	50	29661714.0	hap2
PR00249	NGx	51	29136165.0	hap2
PR00249	NGx	52	29098577.0	hap2
PR00249	NGx	53	28714279.0	hap2
PR00249	NGx	54	27796374.0	hap2
PR00249	NGx	55	27697018.0	hap2
PR00249	NGx	56	27221346.0	hap2
PR00249	NGx	57	25449509.0	hap2
PR00249	NGx	58	23761357.0	hap2
PR00249	NGx	59	22279256.0	hap2
PR00249	NGx	60	21311247.0	hap2
PR00249	NGx	61	21177904.0	hap2
PR00249	NGx	62	20847517.0	hap2
PR00249	NGx	63	20535960.0	hap2
PR00249	NGx	64	20133141.0	hap2
PR00249	NGx	65	19158597.0	hap2
PR00249	NGx	66	18717853.0	hap2
PR00249	NGx	67	18679783.0	hap2
PR00249	NGx	68	17698712.0	hap2
PR00249	NGx	69	17060432.0	hap2
PR00249	NGx	70	15680654.0	hap2
PR00249	NGx	71	15450336.0	hap2
PR00249	NGx	72	13896991.0	hap2
PR00249	NGx	73	13563229.0	hap2
PR00249	NGx	74	13124175.0	hap2
PR00249	NGx	75	12315406.0	hap2
PR00249	NGx	76	12048722.0	hap2
PR00249	NGx	77	11555014.0	hap2
PR00249	NGx	78	11287221.0	hap2
PR00249	NGx	79	10313280.0	hap2
PR00249	NGx	80	9317722.0	hap2
PR00249	NGx	81	9048778.0	hap2
PR00249	NGx	82	8914432.0	hap2
PR00249	NGx	83	7859761.0	hap2
PR00249	NGx	84	7430002.0	hap2
PR00249	NGx	85	7178729.0	hap2
PR00249	NGx	86	6873450.0	hap2
PR00249	NGx	87	6541190.0	hap2
PR00249	NGx	88	6319471.0	hap2
PR00249	NGx	89	5954384.0	hap2
PR00249	NGx	90	5655624.0	hap2
PR00249	NGx	91	5432504.0	hap2
PR00249	NGx	92	5152325.0	hap2
PR00249	NGx	93	4832662.0	hap2
PR00249	NGx	94	4504390.0	hap2
PR00249	NGx	95	4237282.0	hap2
PR00249	NGx	96	4010654.0	hap2
PR00249	NGx	97	3389255.0	hap2
PR00249	NGx	98	3151048.0	hap2
PR00249	NGx	99	2847281.0	hap2
PR00249	NGx	100	2343991.0	hap2
PR00249	LGx	1	1.0	hap2
PR00249	LGx	2	1.0	hap2
PR00249	LGx	3	1.0	hap2
PR00249	LGx	4	1.0	hap2
PR00249	LGx	5	2.0	hap2
PR00249	LGx	6	2.0	hap2
PR00249	LGx	7	2.0	hap2
PR00249	LGx	8	2.0	hap2
PR00249	LGx	9	3.0	hap2
PR00249	LGx	10	3.0	hap2
PR00249	LGx	11	3.0	hap2
PR00249	LGx	12	4.0	hap2
PR00249	LGx	13	4.0	hap2
PR00249	LGx	14	4.0	hap2
PR00249	LGx	15	4.0	hap2
PR00249	LGx	16	5.0	hap2
PR00249	LGx	17	5.0	hap2
PR00249	LGx	18	5.0	hap2
PR00249	LGx	19	6.0	hap2
PR00249	LGx	20	6.0	hap2
PR00249	LGx	21	6.0	hap2
PR00249	LGx	22	7.0	hap2
PR00249	LGx	23	7.0	hap2
PR00249	LGx	24	8.0	hap2
PR00249	LGx	25	8.0	hap2
PR00249	LGx	26	9.0	hap2
PR00249	LGx	27	9.0	hap2
PR00249	LGx	28	10.0	hap2
PR00249	LGx	29	10.0	hap2
PR00249	LGx	30	11.0	hap2
PR00249	LGx	31	11.0	hap2
PR00249	LGx	32	12.0	hap2
PR00249	LGx	33	13.0	hap2
PR00249	LGx	34	13.0	hap2
PR00249	LGx	35	14.0	hap2
PR00249	LGx	36	15.0	hap2
PR00249	LGx	37	15.0	hap2
PR00249	LGx	38	16.0	hap2
PR00249	LGx	39	17.0	hap2
PR00249	LGx	40	17.0	hap2
PR00249	LGx	41	18.0	hap2
PR00249	LGx	42	19.0	hap2
PR00249	LGx	43	20.0	hap2
PR00249	LGx	44	21.0	hap2
PR00249	LGx	45	21.0	hap2
PR00249	LGx	46	22.0	hap2
PR00249	LGx	47	23.0	hap2
PR00249	LGx	48	24.0	hap2
PR00249	LGx	49	25.0	hap2
PR00249	LGx	50	26.0	hap2
PR00249	LGx	51	27.0	hap2
PR00249	LGx	52	28.0	hap2
PR00249	LGx	53	29.0	hap2
PR00249	LGx	54	30.0	hap2
PR00249	LGx	55	31.0	hap2
PR00249	LGx	56	32.0	hap2
PR00249	LGx	57	34.0	hap2
PR00249	LGx	58	35.0	hap2
PR00249	LGx	59	36.0	hap2
PR00249	LGx	60	38.0	hap2
PR00249	LGx	61	39.0	hap2
PR00249	LGx	62	40.0	hap2
PR00249	LGx	63	42.0	hap2
PR00249	LGx	64	43.0	hap2
PR00249	LGx	65	45.0	hap2
PR00249	LGx	66	47.0	hap2
PR00249	LGx	67	48.0	hap2
PR00249	LGx	68	50.0	hap2
PR00249	LGx	69	52.0	hap2
PR00249	LGx	70	53.0	hap2
PR00249	LGx	71	55.0	hap2
PR00249	LGx	72	57.0	hap2
PR00249	LGx	73	60.0	hap2
PR00249	LGx	74	62.0	hap2
PR00249	LGx	75	64.0	hap2
PR00249	LGx	76	67.0	hap2
PR00249	LGx	77	69.0	hap2
PR00249	LGx	78	72.0	hap2
PR00249	LGx	79	75.0	hap2
PR00249	LGx	80	78.0	hap2
PR00249	LGx	81	81.0	hap2
PR00249	LGx	82	84.0	hap2
PR00249	LGx	83	88.0	hap2
PR00249	LGx	84	92.0	hap2
PR00249	LGx	85	96.0	hap2
PR00249	LGx	86	101.0	hap2
PR00249	LGx	87	105.0	hap2
PR00249	LGx	88	110.0	hap2
PR00249	LGx	89	115.0	hap2
PR00249	LGx	90	120.0	hap2
PR00249	LGx	91	125.0	hap2
PR00249	LGx	92	131.0	hap2
PR00249	LGx	93	137.0	hap2
PR00249	LGx	94	143.0	hap2
PR00249	LGx	95	150.0	hap2
PR00249	LGx	96	158.0	hap2
PR00249	LGx	97	166.0	hap2
PR00249	LGx	98	175.0	hap2
PR00249	LGx	99	185.0	hap2
PR00249	LGx	100	197.0	hap2
PR00249	auN	3302106599	178.38506	primary
PR00249	auNG	3018593705	195.13937	primary
PR00249	Nx	1	136164906.0	primary
PR00249	Nx	2	136164906.0	primary
PR00249	Nx	3	136164906.0	primary
PR00249	Nx	4	136164906.0	primary
PR00249	Nx	5	132102107.0	primary
PR00249	Nx	6	132102107.0	primary
PR00249	Nx	7	132102107.0	primary
PR00249	Nx	8	132102107.0	primary
PR00249	Nx	9	120486720.0	primary
PR00249	Nx	10	120486720.0	primary
PR00249	Nx	11	120486720.0	primary
PR00249	Nx	12	111185631.0	primary
PR00249	Nx	13	111185631.0	primary
PR00249	Nx	14	111185631.0	primary
PR00249	Nx	15	111185631.0	primary
PR00249	Nx	16	105315845.0	primary
PR00249	Nx	17	105315845.0	primary
PR00249	Nx	18	105315845.0	primary
PR00249	Nx	19	102728043.0	primary
PR00249	Nx	20	102728043.0	primary
PR00249	Nx	21	102728043.0	primary
PR00249	Nx	22	101212141.0	primary
PR00249	Nx	23	101212141.0	primary
PR00249	Nx	24	101212141.0	primary
PR00249	Nx	25	100594214.0	primary
PR00249	Nx	26	100594214.0	primary
PR00249	Nx	27	100594214.0	primary
PR00249	Nx	28	100525509.0	primary
PR00249	Nx	29	100525509.0	primary
PR00249	Nx	30	100525509.0	primary
PR00249	Nx	31	99462197.0	primary
PR00249	Nx	32	99462197.0	primary
PR00249	Nx	33	99462197.0	primary
PR00249	Nx	34	99259110.0	primary
PR00249	Nx	35	99259110.0	primary
PR00249	Nx	36	99259110.0	primary
PR00249	Nx	37	87916070.0	primary
PR00249	Nx	38	87916070.0	primary
PR00249	Nx	39	87916070.0	primary
PR00249	Nx	40	87706920.0	primary
PR00249	Nx	41	87706920.0	primary
PR00249	Nx	42	85279323.0	primary
PR00249	Nx	43	85279323.0	primary
PR00249	Nx	44	85279323.0	primary
PR00249	Nx	45	80708503.0	primary
PR00249	Nx	46	80708503.0	primary
PR00249	Nx	47	76594490.0	primary
PR00249	Nx	48	76594490.0	primary
PR00249	Nx	49	76594490.0	primary
PR00249	Nx	50	67513020.0	primary
PR00249	Nx	51	67513020.0	primary
PR00249	Nx	52	59420430.0	primary
PR00249	Nx	53	59420430.0	primary
PR00249	Nx	54	59294396.0	primary
PR00249	Nx	55	57389959.0	primary
PR00249	Nx	56	57389959.0	primary
PR00249	Nx	57	57280268.0	primary
PR00249	Nx	58	57280268.0	primary
PR00249	Nx	59	55320773.0	primary
PR00249	Nx	60	55320773.0	primary
PR00249	Nx	61	51093220.0	primary
PR00249	Nx	62	50979346.0	primary
PR00249	Nx	63	50979346.0	primary
PR00249	Nx	64	46573331.0	primary
PR00249	Nx	65	43501999.0	primary
PR00249	Nx	66	43348099.0	primary
PR00249	Nx	67	43348099.0	primary
PR00249	Nx	68	43227067.0	primary
PR00249	Nx	69	42590792.0	primary
PR00249	Nx	70	42177597.0	primary
PR00249	Nx	71	42177597.0	primary
PR00249	Nx	72	39707669.0	primary
PR00249	Nx	73	36695154.0	primary
PR00249	Nx	74	36014853.0	primary
PR00249	Nx	75	33921970.0	primary
PR00249	Nx	76	33757449.0	primary
PR00249	Nx	77	33397489.0	primary
PR00249	Nx	78	32976503.0	primary
PR00249	Nx	79	32941344.0	primary
PR00249	Nx	80	31956650.0	primary
PR00249	Nx	81	29702836.0	primary
PR00249	Nx	82	28022179.0	primary
PR00249	Nx	83	27735202.0	primary
PR00249	Nx	84	23599637.0	primary
PR00249	Nx	85	23534533.0	primary
PR00249	Nx	86	17520333.0	primary
PR00249	Nx	87	15313698.0	primary
PR00249	Nx	88	14680780.0	primary
PR00249	Nx	89	13224087.0	primary
PR00249	Nx	90	11846364.0	primary
PR00249	Nx	91	9303847.0	primary
PR00249	Nx	92	8125561.0	primary
PR00249	Nx	93	6873450.0	primary
PR00249	Nx	94	6231374.0	primary
PR00249	Nx	95	5983139.0	primary
PR00249	Nx	96	4362129.0	primary
PR00249	Nx	97	3300169.0	primary
PR00249	Nx	98	2277342.0	primary
PR00249	Nx	99	970399.0	primary
PR00249	Nx	100	16627.0	primary
PR00249	Lx	1	136164906.0	primary
PR00249	Lx	2	136164906.0	primary
PR00249	Lx	3	136164906.0	primary
PR00249	Lx	4	136164906.0	primary
PR00249	Lx	5	132102107.0	primary
PR00249	Lx	6	132102107.0	primary
PR00249	Lx	7	132102107.0	primary
PR00249	Lx	8	132102107.0	primary
PR00249	Lx	9	120486720.0	primary
PR00249	Lx	10	120486720.0	primary
PR00249	Lx	11	120486720.0	primary
PR00249	Lx	12	111185631.0	primary
PR00249	Lx	13	111185631.0	primary
PR00249	Lx	14	111185631.0	primary
PR00249	Lx	15	111185631.0	primary
PR00249	Lx	16	105315845.0	primary
PR00249	Lx	17	105315845.0	primary
PR00249	Lx	18	105315845.0	primary
PR00249	Lx	19	102728043.0	primary
PR00249	Lx	20	102728043.0	primary
PR00249	Lx	21	102728043.0	primary
PR00249	Lx	22	101212141.0	primary
PR00249	Lx	23	101212141.0	primary
PR00249	Lx	24	101212141.0	primary
PR00249	Lx	25	100594214.0	primary
PR00249	Lx	26	100594214.0	primary
PR00249	Lx	27	100594214.0	primary
PR00249	Lx	28	100525509.0	primary
PR00249	Lx	29	100525509.0	primary
PR00249	Lx	30	100525509.0	primary
PR00249	Lx	31	99462197.0	primary
PR00249	Lx	32	99462197.0	primary
PR00249	Lx	33	99462197.0	primary
PR00249	Lx	34	99259110.0	primary
PR00249	Lx	35	99259110.0	primary
PR00249	Lx	36	99259110.0	primary
PR00249	Lx	37	87916070.0	primary
PR00249	Lx	38	87916070.0	primary
PR00249	Lx	39	87916070.0	primary
PR00249	Lx	40	87706920.0	primary
PR00249	Lx	41	87706920.0	primary
PR00249	Lx	42	85279323.0	primary
PR00249	Lx	43	85279323.0	primary
PR00249	Lx	44	85279323.0	primary
PR00249	Lx	45	80708503.0	primary
PR00249	Lx	46	80708503.0	primary
PR00249	Lx	47	76594490.0	primary
PR00249	Lx	48	76594490.0	primary
PR00249	Lx	49	76594490.0	primary
PR00249	Lx	50	67513020.0	primary
PR00249	Lx	51	67513020.0	primary
PR00249	Lx	52	59420430.0	primary
PR00249	Lx	53	59420430.0	primary
PR00249	Lx	54	59294396.0	primary
PR00249	Lx	55	57389959.0	primary
PR00249	Lx	56	57389959.0	primary
PR00249	Lx	57	57280268.0	primary
PR00249	Lx	58	57280268.0	primary
PR00249	Lx	59	55320773.0	primary
PR00249	Lx	60	55320773.0	primary
PR00249	Lx	61	51093220.0	primary
PR00249	Lx	62	50979346.0	primary
PR00249	Lx	63	50979346.0	primary
PR00249	Lx	64	46573331.0	primary
PR00249	Lx	65	43501999.0	primary
PR00249	Lx	66	43348099.0	primary
PR00249	Lx	67	43348099.0	primary
PR00249	Lx	68	43227067.0	primary
PR00249	Lx	69	42590792.0	primary
PR00249	Lx	70	42177597.0	primary
PR00249	Lx	71	42177597.0	primary
PR00249	Lx	72	39707669.0	primary
PR00249	Lx	73	36695154.0	primary
PR00249	Lx	74	36014853.0	primary
PR00249	Lx	75	33921970.0	primary
PR00249	Lx	76	33757449.0	primary
PR00249	Lx	77	33397489.0	primary
PR00249	Lx	78	32976503.0	primary
PR00249	Lx	79	32941344.0	primary
PR00249	Lx	80	31956650.0	primary
PR00249	Lx	81	29702836.0	primary
PR00249	Lx	82	28022179.0	primary
PR00249	Lx	83	27735202.0	primary
PR00249	Lx	84	23599637.0	primary
PR00249	Lx	85	23534533.0	primary
PR00249	Lx	86	17520333.0	primary
PR00249	Lx	87	15313698.0	primary
PR00249	Lx	88	14680780.0	primary
PR00249	Lx	89	13224087.0	primary
PR00249	Lx	90	11846364.0	primary
PR00249	Lx	91	9303847.0	primary
PR00249	Lx	92	8125561.0	primary
PR00249	Lx	93	6873450.0	primary
PR00249	Lx	94	6231374.0	primary
PR00249	Lx	95	5983139.0	primary
PR00249	Lx	96	4362129.0	primary
PR00249	Lx	97	3300169.0	primary
PR00249	Lx	98	2277342.0	primary
PR00249	Lx	99	970399.0	primary
PR00249	Lx	100	16627.0	primary
PR00249	NGx	1	136164906.0	primary
PR00249	NGx	2	136164906.0	primary
PR00249	NGx	3	136164906.0	primary
PR00249	NGx	4	136164906.0	primary
PR00249	NGx	5	132102107.0	primary
PR00249	NGx	6	132102107.0	primary
PR00249	NGx	7	132102107.0	primary
PR00249	NGx	8	132102107.0	primary
PR00249	NGx	9	120486720.0	primary
PR00249	NGx	10	120486720.0	primary
PR00249	NGx	11	120486720.0	primary
PR00249	NGx	12	120486720.0	primary
PR00249	NGx	13	111185631.0	primary
PR00249	NGx	14	111185631.0	primary
PR00249	NGx	15	111185631.0	primary
PR00249	NGx	16	111185631.0	primary
PR00249	NGx	17	105315845.0	primary
PR00249	NGx	18	105315845.0	primary
PR00249	NGx	19	105315845.0	primary
PR00249	NGx	20	105315845.0	primary
PR00249	NGx	21	102728043.0	primary
PR00249	NGx	22	102728043.0	primary
PR00249	NGx	23	102728043.0	primary
PR00249	NGx	24	101212141.0	primary
PR00249	NGx	25	101212141.0	primary
PR00249	NGx	26	101212141.0	primary
PR00249	NGx	27	100594214.0	primary
PR00249	NGx	28	100594214.0	primary
PR00249	NGx	29	100594214.0	primary
PR00249	NGx	30	100594214.0	primary
PR00249	NGx	31	100525509.0	primary
PR00249	NGx	32	100525509.0	primary
PR00249	NGx	33	100525509.0	primary
PR00249	NGx	34	99462197.0	primary
PR00249	NGx	35	99462197.0	primary
PR00249	NGx	36	99462197.0	primary
PR00249	NGx	37	99259110.0	primary
PR00249	NGx	38	99259110.0	primary
PR00249	NGx	39	99259110.0	primary
PR00249	NGx	40	99259110.0	primary
PR00249	NGx	41	87916070.0	primary
PR00249	NGx	42	87916070.0	primary
PR00249	NGx	43	87706920.0	primary
PR00249	NGx	44	87706920.0	primary
PR00249	NGx	45	87706920.0	primary
PR00249	NGx	46	85279323.0	primary
PR00249	NGx	47	85279323.0	primary
PR00249	NGx	48	85279323.0	primary
PR00249	NGx	49	80708503.0	primary
PR00249	NGx	50	80708503.0	primary
PR00249	NGx	51	80708503.0	primary
PR00249	NGx	52	76594490.0	primary
PR00249	NGx	53	76594490.0	primary
PR00249	NGx	54	67513020.0	primary
PR00249	NGx	55	67513020.0	primary
PR00249	NGx	56	67513020.0	primary
PR00249	NGx	57	59420430.0	primary
PR00249	NGx	58	59420430.0	primary
PR00249	NGx	59	59294396.0	primary
PR00249	NGx	60	59294396.0	primary
PR00249	NGx	61	57389959.0	primary
PR00249	NGx	62	57280268.0	primary
PR00249	NGx	63	57280268.0	primary
PR00249	NGx	64	55320773.0	primary
PR00249	NGx	65	55320773.0	primary
PR00249	NGx	66	51093220.0	primary
PR00249	NGx	67	51093220.0	primary
PR00249	NGx	68	50979346.0	primary
PR00249	NGx	69	50979346.0	primary
PR00249	NGx	70	46573331.0	primary
PR00249	NGx	71	43501999.0	primary
PR00249	NGx	72	43501999.0	primary
PR00249	NGx	73	43348099.0	primary
PR00249	NGx	74	43227067.0	primary
PR00249	NGx	75	42590792.0	primary
PR00249	NGx	76	42590792.0	primary
PR00249	NGx	77	42177597.0	primary
PR00249	NGx	78	39707669.0	primary
PR00249	NGx	79	39707669.0	primary
PR00249	NGx	80	36695154.0	primary
PR00249	NGx	81	36014853.0	primary
PR00249	NGx	82	33921970.0	primary
PR00249	NGx	83	33757449.0	primary
PR00249	NGx	84	33397489.0	primary
PR00249	NGx	85	32976503.0	primary
PR00249	NGx	86	32941344.0	primary
PR00249	NGx	87	32941344.0	primary
PR00249	NGx	88	31956650.0	primary
PR00249	NGx	89	29702836.0	primary
PR00249	NGx	90	27735202.0	primary
PR00249	NGx	91	27317555.0	primary
PR00249	NGx	92	23599637.0	primary
PR00249	NGx	93	23534533.0	primary
PR00249	NGx	94	21320131.0	primary
PR00249	NGx	95	15651945.0	primary
PR00249	NGx	96	14991177.0	primary
PR00249	NGx	97	13585103.0	primary
PR00249	NGx	98	12013011.0	primary
PR00249	NGx	99	10573051.0	primary
PR00249	NGx	100	8902969.0	primary
PR00249	LGx	1	1.0	primary
PR00249	LGx	2	1.0	primary
PR00249	LGx	3	1.0	primary
PR00249	LGx	4	1.0	primary
PR00249	LGx	5	2.0	primary
PR00249	LGx	6	2.0	primary
PR00249	LGx	7	2.0	primary
PR00249	LGx	8	2.0	primary
PR00249	LGx	9	3.0	primary
PR00249	LGx	10	3.0	primary
PR00249	LGx	11	3.0	primary
PR00249	LGx	12	3.0	primary
PR00249	LGx	13	4.0	primary
PR00249	LGx	14	4.0	primary
PR00249	LGx	15	4.0	primary
PR00249	LGx	16	4.0	primary
PR00249	LGx	17	5.0	primary
PR00249	LGx	18	5.0	primary
PR00249	LGx	19	5.0	primary
PR00249	LGx	20	5.0	primary
PR00249	LGx	21	6.0	primary
PR00249	LGx	22	6.0	primary
PR00249	LGx	23	6.0	primary
PR00249	LGx	24	7.0	primary
PR00249	LGx	25	7.0	primary
PR00249	LGx	26	7.0	primary
PR00249	LGx	27	8.0	primary
PR00249	LGx	28	8.0	primary
PR00249	LGx	29	8.0	primary
PR00249	LGx	30	8.0	primary
PR00249	LGx	31	9.0	primary
PR00249	LGx	32	9.0	primary
PR00249	LGx	33	9.0	primary
PR00249	LGx	34	10.0	primary
PR00249	LGx	35	10.0	primary
PR00249	LGx	36	10.0	primary
PR00249	LGx	37	11.0	primary
PR00249	LGx	38	11.0	primary
PR00249	LGx	39	11.0	primary
PR00249	LGx	40	11.0	primary
PR00249	LGx	41	12.0	primary
PR00249	LGx	42	12.0	primary
PR00249	LGx	43	13.0	primary
PR00249	LGx	44	13.0	primary
PR00249	LGx	45	13.0	primary
PR00249	LGx	46	14.0	primary
PR00249	LGx	47	14.0	primary
PR00249	LGx	48	14.0	primary
PR00249	LGx	49	15.0	primary
PR00249	LGx	50	15.0	primary
PR00249	LGx	51	15.0	primary
PR00249	LGx	52	16.0	primary
PR00249	LGx	53	16.0	primary
PR00249	LGx	54	17.0	primary
PR00249	LGx	55	17.0	primary
PR00249	LGx	56	17.0	primary
PR00249	LGx	57	18.0	primary
PR00249	LGx	58	18.0	primary
PR00249	LGx	59	19.0	primary
PR00249	LGx	60	19.0	primary
PR00249	LGx	61	20.0	primary
PR00249	LGx	62	21.0	primary
PR00249	LGx	63	21.0	primary
PR00249	LGx	64	22.0	primary
PR00249	LGx	65	22.0	primary
PR00249	LGx	66	23.0	primary
PR00249	LGx	67	23.0	primary
PR00249	LGx	68	24.0	primary
PR00249	LGx	69	24.0	primary
PR00249	LGx	70	25.0	primary
PR00249	LGx	71	26.0	primary
PR00249	LGx	72	26.0	primary
PR00249	LGx	73	27.0	primary
PR00249	LGx	74	28.0	primary
PR00249	LGx	75	29.0	primary
PR00249	LGx	76	29.0	primary
PR00249	LGx	77	30.0	primary
PR00249	LGx	78	31.0	primary
PR00249	LGx	79	31.0	primary
PR00249	LGx	80	32.0	primary
PR00249	LGx	81	33.0	primary
PR00249	LGx	82	34.0	primary
PR00249	LGx	83	35.0	primary
PR00249	LGx	84	36.0	primary
PR00249	LGx	85	37.0	primary
PR00249	LGx	86	38.0	primary
PR00249	LGx	87	38.0	primary
PR00249	LGx	88	39.0	primary
PR00249	LGx	89	40.0	primary
PR00249	LGx	90	42.0	primary
PR00249	LGx	91	43.0	primary
PR00249	LGx	92	44.0	primary
PR00249	LGx	93	45.0	primary
PR00249	LGx	94	46.0	primary
PR00249	LGx	95	48.0	primary
PR00249	LGx	96	50.0	primary
PR00249	LGx	97	52.0	primary
PR00249	LGx	98	55.0	primary
PR00249	LGx	99	57.0	primary
PR00249	LGx	100	60.0	primary
PR01009	auN	3208829573	783.3155	hap1
PR01009	auNG	3018593705	832.6811	hap1
PR01009	Nx	1	72008718.0	hap1
PR01009	Nx	2	72008718.0	hap1
PR01009	Nx	3	53849809.0	hap1
PR01009	Nx	4	53134202.0	hap1
PR01009	Nx	5	53134202.0	hap1
PR01009	Nx	6	46026899.0	hap1
PR01009	Nx	7	46026899.0	hap1
PR01009	Nx	8	45146716.0	hap1
PR01009	Nx	9	41851343.0	hap1
PR01009	Nx	10	39547081.0	hap1
PR01009	Nx	11	39250882.0	hap1
PR01009	Nx	12	39250882.0	hap1
PR01009	Nx	13	37668584.0	hap1
PR01009	Nx	14	33113401.0	hap1
PR01009	Nx	15	32592604.0	hap1
PR01009	Nx	16	32577410.0	hap1
PR01009	Nx	17	29616791.0	hap1
PR01009	Nx	18	29217670.0	hap1
PR01009	Nx	19	28867238.0	hap1
PR01009	Nx	20	25754334.0	hap1
PR01009	Nx	21	25748115.0	hap1
PR01009	Nx	22	24622302.0	hap1
PR01009	Nx	23	23733016.0	hap1
PR01009	Nx	24	22829480.0	hap1
PR01009	Nx	25	22312324.0	hap1
PR01009	Nx	26	22013266.0	hap1
PR01009	Nx	27	21988805.0	hap1
PR01009	Nx	28	20969022.0	hap1
PR01009	Nx	29	20951728.0	hap1
PR01009	Nx	30	20893819.0	hap1
PR01009	Nx	31	20655384.0	hap1
PR01009	Nx	32	19987353.0	hap1
PR01009	Nx	33	19387409.0	hap1
PR01009	Nx	34	18369283.0	hap1
PR01009	Nx	35	16593029.0	hap1
PR01009	Nx	36	16194975.0	hap1
PR01009	Nx	37	15966271.0	hap1
PR01009	Nx	38	15590551.0	hap1
PR01009	Nx	39	14915546.0	hap1
PR01009	Nx	40	14619081.0	hap1
PR01009	Nx	41	13478692.0	hap1
PR01009	Nx	42	13340242.0	hap1
PR01009	Nx	43	13315194.0	hap1
PR01009	Nx	44	13177018.0	hap1
PR01009	Nx	45	13071220.0	hap1
PR01009	Nx	46	12845704.0	hap1
PR01009	Nx	47	12558550.0	hap1
PR01009	Nx	48	12377230.0	hap1
PR01009	Nx	49	11929660.0	hap1
PR01009	Nx	50	11699582.0	hap1
PR01009	Nx	51	11260880.0	hap1
PR01009	Nx	52	10797136.0	hap1
PR01009	Nx	53	10600342.0	hap1
PR01009	Nx	54	10134231.0	hap1
PR01009	Nx	55	9895830.0	hap1
PR01009	Nx	56	9756450.0	hap1
PR01009	Nx	57	9277123.0	hap1
PR01009	Nx	58	8618468.0	hap1
PR01009	Nx	59	8489814.0	hap1
PR01009	Nx	60	7993422.0	hap1
PR01009	Nx	61	7742653.0	hap1
PR01009	Nx	62	7465557.0	hap1
PR01009	Nx	63	7313027.0	hap1
PR01009	Nx	64	7156676.0	hap1
PR01009	Nx	65	6808053.0	hap1
PR01009	Nx	66	6363336.0	hap1
PR01009	Nx	67	6156224.0	hap1
PR01009	Nx	68	5963744.0	hap1
PR01009	Nx	69	5832549.0	hap1
PR01009	Nx	70	5578110.0	hap1
PR01009	Nx	71	5381229.0	hap1
PR01009	Nx	72	5154680.0	hap1
PR01009	Nx	73	4997632.0	hap1
PR01009	Nx	74	4914993.0	hap1
PR01009	Nx	75	4769027.0	hap1
PR01009	Nx	76	4693135.0	hap1
PR01009	Nx	77	4576979.0	hap1
PR01009	Nx	78	4401508.0	hap1
PR01009	Nx	79	4301953.0	hap1
PR01009	Nx	80	4153141.0	hap1
PR01009	Nx	81	3969837.0	hap1
PR01009	Nx	82	3522752.0	hap1
PR01009	Nx	83	3277183.0	hap1
PR01009	Nx	84	3090573.0	hap1
PR01009	Nx	85	2836234.0	hap1
PR01009	Nx	86	2641115.0	hap1
PR01009	Nx	87	2526913.0	hap1
PR01009	Nx	88	2323359.0	hap1
PR01009	Nx	89	2115834.0	hap1
PR01009	Nx	90	1884457.0	hap1
PR01009	Nx	91	1669082.0	hap1
PR01009	Nx	92	1469946.0	hap1
PR01009	Nx	93	1280653.0	hap1
PR01009	Nx	94	1145475.0	hap1
PR01009	Nx	95	957093.0	hap1
PR01009	Nx	96	784773.0	hap1
PR01009	Nx	97	585333.0	hap1
PR01009	Nx	98	423293.0	hap1
PR01009	Nx	99	161416.0	hap1
PR01009	Nx	100	13078.0	hap1
PR01009	Lx	1	72008718.0	hap1
PR01009	Lx	2	72008718.0	hap1
PR01009	Lx	3	53849809.0	hap1
PR01009	Lx	4	53134202.0	hap1
PR01009	Lx	5	53134202.0	hap1
PR01009	Lx	6	46026899.0	hap1
PR01009	Lx	7	46026899.0	hap1
PR01009	Lx	8	45146716.0	hap1
PR01009	Lx	9	41851343.0	hap1
PR01009	Lx	10	39547081.0	hap1
PR01009	Lx	11	39250882.0	hap1
PR01009	Lx	12	39250882.0	hap1
PR01009	Lx	13	37668584.0	hap1
PR01009	Lx	14	33113401.0	hap1
PR01009	Lx	15	32592604.0	hap1
PR01009	Lx	16	32577410.0	hap1
PR01009	Lx	17	29616791.0	hap1
PR01009	Lx	18	29217670.0	hap1
PR01009	Lx	19	28867238.0	hap1
PR01009	Lx	20	25754334.0	hap1
PR01009	Lx	21	25748115.0	hap1
PR01009	Lx	22	24622302.0	hap1
PR01009	Lx	23	23733016.0	hap1
PR01009	Lx	24	22829480.0	hap1
PR01009	Lx	25	22312324.0	hap1
PR01009	Lx	26	22013266.0	hap1
PR01009	Lx	27	21988805.0	hap1
PR01009	Lx	28	20969022.0	hap1
PR01009	Lx	29	20951728.0	hap1
PR01009	Lx	30	20893819.0	hap1
PR01009	Lx	31	20655384.0	hap1
PR01009	Lx	32	19987353.0	hap1
PR01009	Lx	33	19387409.0	hap1
PR01009	Lx	34	18369283.0	hap1
PR01009	Lx	35	16593029.0	hap1
PR01009	Lx	36	16194975.0	hap1
PR01009	Lx	37	15966271.0	hap1
PR01009	Lx	38	15590551.0	hap1
PR01009	Lx	39	14915546.0	hap1
PR01009	Lx	40	14619081.0	hap1
PR01009	Lx	41	13478692.0	hap1
PR01009	Lx	42	13340242.0	hap1
PR01009	Lx	43	13315194.0	hap1
PR01009	Lx	44	13177018.0	hap1
PR01009	Lx	45	13071220.0	hap1
PR01009	Lx	46	12845704.0	hap1
PR01009	Lx	47	12558550.0	hap1
PR01009	Lx	48	12377230.0	hap1
PR01009	Lx	49	11929660.0	hap1
PR01009	Lx	50	11699582.0	hap1
PR01009	Lx	51	11260880.0	hap1
PR01009	Lx	52	10797136.0	hap1
PR01009	Lx	53	10600342.0	hap1
PR01009	Lx	54	10134231.0	hap1
PR01009	Lx	55	9895830.0	hap1
PR01009	Lx	56	9756450.0	hap1
PR01009	Lx	57	9277123.0	hap1
PR01009	Lx	58	8618468.0	hap1
PR01009	Lx	59	8489814.0	hap1
PR01009	Lx	60	7993422.0	hap1
PR01009	Lx	61	7742653.0	hap1
PR01009	Lx	62	7465557.0	hap1
PR01009	Lx	63	7313027.0	hap1
PR01009	Lx	64	7156676.0	hap1
PR01009	Lx	65	6808053.0	hap1
PR01009	Lx	66	6363336.0	hap1
PR01009	Lx	67	6156224.0	hap1
PR01009	Lx	68	5963744.0	hap1
PR01009	Lx	69	5832549.0	hap1
PR01009	Lx	70	5578110.0	hap1
PR01009	Lx	71	5381229.0	hap1
PR01009	Lx	72	5154680.0	hap1
PR01009	Lx	73	4997632.0	hap1
PR01009	Lx	74	4914993.0	hap1
PR01009	Lx	75	4769027.0	hap1
PR01009	Lx	76	4693135.0	hap1
PR01009	Lx	77	4576979.0	hap1
PR01009	Lx	78	4401508.0	hap1
PR01009	Lx	79	4301953.0	hap1
PR01009	Lx	80	4153141.0	hap1
PR01009	Lx	81	3969837.0	hap1
PR01009	Lx	82	3522752.0	hap1
PR01009	Lx	83	3277183.0	hap1
PR01009	Lx	84	3090573.0	hap1
PR01009	Lx	85	2836234.0	hap1
PR01009	Lx	86	2641115.0	hap1
PR01009	Lx	87	2526913.0	hap1
PR01009	Lx	88	2323359.0	hap1
PR01009	Lx	89	2115834.0	hap1
PR01009	Lx	90	1884457.0	hap1
PR01009	Lx	91	1669082.0	hap1
PR01009	Lx	92	1469946.0	hap1
PR01009	Lx	93	1280653.0	hap1
PR01009	Lx	94	1145475.0	hap1
PR01009	Lx	95	957093.0	hap1
PR01009	Lx	96	784773.0	hap1
PR01009	Lx	97	585333.0	hap1
PR01009	Lx	98	423293.0	hap1
PR01009	Lx	99	161416.0	hap1
PR01009	Lx	100	13078.0	hap1
PR01009	NGx	1	72008718.0	hap1
PR01009	NGx	2	72008718.0	hap1
PR01009	NGx	3	53849809.0	hap1
PR01009	NGx	4	53849809.0	hap1
PR01009	NGx	5	53134202.0	hap1
PR01009	NGx	6	46026899.0	hap1
PR01009	NGx	7	46026899.0	hap1
PR01009	NGx	8	45146716.0	hap1
PR01009	NGx	9	41851343.0	hap1
PR01009	NGx	10	41851343.0	hap1
PR01009	NGx	11	39547081.0	hap1
PR01009	NGx	12	39250882.0	hap1
PR01009	NGx	13	37668584.0	hap1
PR01009	NGx	14	37668584.0	hap1
PR01009	NGx	15	33113401.0	hap1
PR01009	NGx	16	32592604.0	hap1
PR01009	NGx	17	32577410.0	hap1
PR01009	NGx	18	29616791.0	hap1
PR01009	NGx	19	29217670.0	hap1
PR01009	NGx	20	28867238.0	hap1
PR01009	NGx	21	26477412.0	hap1
PR01009	NGx	22	25754334.0	hap1
PR01009	NGx	23	24622302.0	hap1
PR01009	NGx	24	23733016.0	hap1
PR01009	NGx	25	23100057.0	hap1
PR01009	NGx	26	22829480.0	hap1
PR01009	NGx	27	22148482.0	hap1
PR01009	NGx	28	22013266.0	hap1
PR01009	NGx	29	21314920.0	hap1
PR01009	NGx	30	20969022.0	hap1
PR01009	NGx	31	20951728.0	hap1
PR01009	NGx	32	20893819.0	hap1
PR01009	NGx	33	20655384.0	hap1
PR01009	NGx	34	19987353.0	hap1
PR01009	NGx	35	19387409.0	hap1
PR01009	NGx	36	18369283.0	hap1
PR01009	NGx	37	16593029.0	hap1
PR01009	NGx	38	16197175.0	hap1
PR01009	NGx	39	16173914.0	hap1
PR01009	NGx	40	15739405.0	hap1
PR01009	NGx	41	15130660.0	hap1
PR01009	NGx	42	14767688.0	hap1
PR01009	NGx	43	13717088.0	hap1
PR01009	NGx	44	13367135.0	hap1
PR01009	NGx	45	13320343.0	hap1
PR01009	NGx	46	13315169.0	hap1
PR01009	NGx	47	13177018.0	hap1
PR01009	NGx	48	13012605.0	hap1
PR01009	NGx	49	12845704.0	hap1
PR01009	NGx	50	12558550.0	hap1
PR01009	NGx	51	12377230.0	hap1
PR01009	NGx	52	11929660.0	hap1
PR01009	NGx	53	11699582.0	hap1
PR01009	NGx	54	11288106.0	hap1
PR01009	NGx	55	10994231.0	hap1
PR01009	NGx	56	10608535.0	hap1
PR01009	NGx	57	10213928.0	hap1
PR01009	NGx	58	10036523.0	hap1
PR01009	NGx	59	9776066.0	hap1
PR01009	NGx	60	9534270.0	hap1
PR01009	NGx	61	8885091.0	hap1
PR01009	NGx	62	8525249.0	hap1
PR01009	NGx	63	8422155.0	hap1
PR01009	NGx	64	7912788.0	hap1
PR01009	NGx	65	7645454.0	hap1
PR01009	NGx	66	7396972.0	hap1
PR01009	NGx	67	7313027.0	hap1
PR01009	NGx	68	7156676.0	hap1
PR01009	NGx	69	6929809.0	hap1
PR01009	NGx	70	6421539.0	hap1
PR01009	NGx	71	6213034.0	hap1
PR01009	NGx	72	5974448.0	hap1
PR01009	NGx	73	5832789.0	hap1
PR01009	NGx	74	5633075.0	hap1
PR01009	NGx	75	5439156.0	hap1
PR01009	NGx	76	5311528.0	hap1
PR01009	NGx	77	5052242.0	hap1
PR01009	NGx	78	4988307.0	hap1
PR01009	NGx	79	4884833.0	hap1
PR01009	NGx	80	4762102.0	hap1
PR01009	NGx	81	4657259.0	hap1
PR01009	NGx	82	4535618.0	hap1
PR01009	NGx	83	4364005.0	hap1
PR01009	NGx	84	4301953.0	hap1
PR01009	NGx	85	4153141.0	hap1
PR01009	NGx	86	3978252.0	hap1
PR01009	NGx	87	3538945.0	hap1
PR01009	NGx	88	3293911.0	hap1
PR01009	NGx	89	3157132.0	hap1
PR01009	NGx	90	2920127.0	hap1
PR01009	NGx	91	2721668.0	hap1
PR01009	NGx	92	2578078.0	hap1
PR01009	NGx	93	2419153.0	hap1
PR01009	NGx	94	2187314.0	hap1
PR01009	NGx	95	2012873.0	hap1
PR01009	NGx	96	1807777.0	hap1
PR01009	NGx	97	1595606.0	hap1
PR01009	NGx	98	1426251.0	hap1
PR01009	NGx	99	1266136.0	hap1
PR01009	NGx	100	1125109.0	hap1
PR01009	LGx	1	1.0	hap1
PR01009	LGx	2	1.0	hap1
PR01009	LGx	3	2.0	hap1
PR01009	LGx	4	2.0	hap1
PR01009	LGx	5	3.0	hap1
PR01009	LGx	6	4.0	hap1
PR01009	LGx	7	4.0	hap1
PR01009	LGx	8	5.0	hap1
PR01009	LGx	9	6.0	hap1
PR01009	LGx	10	6.0	hap1
PR01009	LGx	11	7.0	hap1
PR01009	LGx	12	8.0	hap1
PR01009	LGx	13	9.0	hap1
PR01009	LGx	14	9.0	hap1
PR01009	LGx	15	10.0	hap1
PR01009	LGx	16	11.0	hap1
PR01009	LGx	17	12.0	hap1
PR01009	LGx	18	13.0	hap1
PR01009	LGx	19	14.0	hap1
PR01009	LGx	20	15.0	hap1
PR01009	LGx	21	16.0	hap1
PR01009	LGx	22	17.0	hap1
PR01009	LGx	23	19.0	hap1
PR01009	LGx	24	20.0	hap1
PR01009	LGx	25	21.0	hap1
PR01009	LGx	26	22.0	hap1
PR01009	LGx	27	24.0	hap1
PR01009	LGx	28	25.0	hap1
PR01009	LGx	29	27.0	hap1
PR01009	LGx	30	28.0	hap1
PR01009	LGx	31	29.0	hap1
PR01009	LGx	32	31.0	hap1
PR01009	LGx	33	32.0	hap1
PR01009	LGx	34	34.0	hap1
PR01009	LGx	35	35.0	hap1
PR01009	LGx	36	37.0	hap1
PR01009	LGx	37	39.0	hap1
PR01009	LGx	38	40.0	hap1
PR01009	LGx	39	42.0	hap1
PR01009	LGx	40	44.0	hap1
PR01009	LGx	41	46.0	hap1
PR01009	LGx	42	48.0	hap1
PR01009	LGx	43	50.0	hap1
PR01009	LGx	44	53.0	hap1
PR01009	LGx	45	55.0	hap1
PR01009	LGx	46	57.0	hap1
PR01009	LGx	47	59.0	hap1
PR01009	LGx	48	62.0	hap1
PR01009	LGx	49	64.0	hap1
PR01009	LGx	50	66.0	hap1
PR01009	LGx	51	69.0	hap1
PR01009	LGx	52	71.0	hap1
PR01009	LGx	53	74.0	hap1
PR01009	LGx	54	76.0	hap1
PR01009	LGx	55	79.0	hap1
PR01009	LGx	56	82.0	hap1
PR01009	LGx	57	85.0	hap1
PR01009	LGx	58	88.0	hap1
PR01009	LGx	59	91.0	hap1
PR01009	LGx	60	94.0	hap1
PR01009	LGx	61	97.0	hap1
PR01009	LGx	62	101.0	hap1
PR01009	LGx	63	104.0	hap1
PR01009	LGx	64	108.0	hap1
PR01009	LGx	65	112.0	hap1
PR01009	LGx	66	116.0	hap1
PR01009	LGx	67	120.0	hap1
PR01009	LGx	68	124.0	hap1
PR01009	LGx	69	128.0	hap1
PR01009	LGx	70	133.0	hap1
PR01009	LGx	71	138.0	hap1
PR01009	LGx	72	143.0	hap1
PR01009	LGx	73	148.0	hap1
PR01009	LGx	74	153.0	hap1
PR01009	LGx	75	158.0	hap1
PR01009	LGx	76	164.0	hap1
PR01009	LGx	77	170.0	hap1
PR01009	LGx	78	176.0	hap1
PR01009	LGx	79	182.0	hap1
PR01009	LGx	80	188.0	hap1
PR01009	LGx	81	195.0	hap1
PR01009	LGx	82	201.0	hap1
PR01009	LGx	83	208.0	hap1
PR01009	LGx	84	215.0	hap1
PR01009	LGx	85	222.0	hap1
PR01009	LGx	86	229.0	hap1
PR01009	LGx	87	237.0	hap1
PR01009	LGx	88	246.0	hap1
PR01009	LGx	89	255.0	hap1
PR01009	LGx	90	265.0	hap1
PR01009	LGx	91	276.0	hap1
PR01009	LGx	92	288.0	hap1
PR01009	LGx	93	300.0	hap1
PR01009	LGx	94	313.0	hap1
PR01009	LGx	95	327.0	hap1
PR01009	LGx	96	343.0	hap1
PR01009	LGx	97	360.0	hap1
PR01009	LGx	98	380.0	hap1
PR01009	LGx	99	403.0	hap1
PR01009	LGx	100	428.0	hap1
PR01009	auN	3189992460	741.3127	hap2
PR01009	auNG	3018593705	783.40515	hap2
PR01009	Nx	1	48301463.0	hap2
PR01009	Nx	2	40292418.0	hap2
PR01009	Nx	3	38054536.0	hap2
PR01009	Nx	4	31654732.0	hap2
PR01009	Nx	5	30452630.0	hap2
PR01009	Nx	6	29703903.0	hap2
PR01009	Nx	7	29410225.0	hap2
PR01009	Nx	8	28880647.0	hap2
PR01009	Nx	9	28354516.0	hap2
PR01009	Nx	10	27534681.0	hap2
PR01009	Nx	11	25752062.0	hap2
PR01009	Nx	12	25545374.0	hap2
PR01009	Nx	13	24925147.0	hap2
PR01009	Nx	14	24219738.0	hap2
PR01009	Nx	15	24210704.0	hap2
PR01009	Nx	16	22816065.0	hap2
PR01009	Nx	17	22510772.0	hap2
PR01009	Nx	18	20969049.0	hap2
PR01009	Nx	19	20701436.0	hap2
PR01009	Nx	20	20348869.0	hap2
PR01009	Nx	21	19967202.0	hap2
PR01009	Nx	22	19779863.0	hap2
PR01009	Nx	23	18321895.0	hap2
PR01009	Nx	24	18054752.0	hap2
PR01009	Nx	25	17769287.0	hap2
PR01009	Nx	26	16836222.0	hap2
PR01009	Nx	27	16545446.0	hap2
PR01009	Nx	28	15936455.0	hap2
PR01009	Nx	29	15573743.0	hap2
PR01009	Nx	30	15211974.0	hap2
PR01009	Nx	31	15098033.0	hap2
PR01009	Nx	32	14706207.0	hap2
PR01009	Nx	33	14296826.0	hap2
PR01009	Nx	34	13664725.0	hap2
PR01009	Nx	35	13325178.0	hap2
PR01009	Nx	36	12716811.0	hap2
PR01009	Nx	37	12658330.0	hap2
PR01009	Nx	38	12397020.0	hap2
PR01009	Nx	39	12365391.0	hap2
PR01009	Nx	40	12193443.0	hap2
PR01009	Nx	41	12069664.0	hap2
PR01009	Nx	42	11312662.0	hap2
PR01009	Nx	43	11126872.0	hap2
PR01009	Nx	44	10945047.0	hap2
PR01009	Nx	45	10553318.0	hap2
PR01009	Nx	46	10468356.0	hap2
PR01009	Nx	47	9982325.0	hap2
PR01009	Nx	48	9712972.0	hap2
PR01009	Nx	49	9401025.0	hap2
PR01009	Nx	50	9174378.0	hap2
PR01009	Nx	51	9122756.0	hap2
PR01009	Nx	52	8616267.0	hap2
PR01009	Nx	53	8293787.0	hap2
PR01009	Nx	54	8078144.0	hap2
PR01009	Nx	55	7887206.0	hap2
PR01009	Nx	56	7688953.0	hap2
PR01009	Nx	57	7474229.0	hap2
PR01009	Nx	58	7041625.0	hap2
PR01009	Nx	59	6773676.0	hap2
PR01009	Nx	60	6572128.0	hap2
PR01009	Nx	61	6332053.0	hap2
PR01009	Nx	62	6137236.0	hap2
PR01009	Nx	63	6040258.0	hap2
PR01009	Nx	64	5980842.0	hap2
PR01009	Nx	65	5797581.0	hap2
PR01009	Nx	66	5589021.0	hap2
PR01009	Nx	67	5333977.0	hap2
PR01009	Nx	68	5109878.0	hap2
PR01009	Nx	69	4971765.0	hap2
PR01009	Nx	70	4890942.0	hap2
PR01009	Nx	71	4777983.0	hap2
PR01009	Nx	72	4680890.0	hap2
PR01009	Nx	73	4584053.0	hap2
PR01009	Nx	74	4358224.0	hap2
PR01009	Nx	75	4088784.0	hap2
PR01009	Nx	76	3967171.0	hap2
PR01009	Nx	77	3771880.0	hap2
PR01009	Nx	78	3569981.0	hap2
PR01009	Nx	79	3348635.0	hap2
PR01009	Nx	80	3182944.0	hap2
PR01009	Nx	81	2916569.0	hap2
PR01009	Nx	82	2771034.0	hap2
PR01009	Nx	83	2625684.0	hap2
PR01009	Nx	84	2521426.0	hap2
PR01009	Nx	85	2351693.0	hap2
PR01009	Nx	86	2197836.0	hap2
PR01009	Nx	87	2090291.0	hap2
PR01009	Nx	88	1961412.0	hap2
PR01009	Nx	89	1801470.0	hap2
PR01009	Nx	90	1656541.0	hap2
PR01009	Nx	91	1509178.0	hap2
PR01009	Nx	92	1362497.0	hap2
PR01009	Nx	93	1192845.0	hap2
PR01009	Nx	94	1067704.0	hap2
PR01009	Nx	95	913562.0	hap2
PR01009	Nx	96	787123.0	hap2
PR01009	Nx	97	636922.0	hap2
PR01009	Nx	98	444216.0	hap2
PR01009	Nx	99	238351.0	hap2
PR01009	Nx	100	6572.0	hap2
PR01009	Lx	1	48301463.0	hap2
PR01009	Lx	2	40292418.0	hap2
PR01009	Lx	3	38054536.0	hap2
PR01009	Lx	4	31654732.0	hap2
PR01009	Lx	5	30452630.0	hap2
PR01009	Lx	6	29703903.0	hap2
PR01009	Lx	7	29410225.0	hap2
PR01009	Lx	8	28880647.0	hap2
PR01009	Lx	9	28354516.0	hap2
PR01009	Lx	10	27534681.0	hap2
PR01009	Lx	11	25752062.0	hap2
PR01009	Lx	12	25545374.0	hap2
PR01009	Lx	13	24925147.0	hap2
PR01009	Lx	14	24219738.0	hap2
PR01009	Lx	15	24210704.0	hap2
PR01009	Lx	16	22816065.0	hap2
PR01009	Lx	17	22510772.0	hap2
PR01009	Lx	18	20969049.0	hap2
PR01009	Lx	19	20701436.0	hap2
PR01009	Lx	20	20348869.0	hap2
PR01009	Lx	21	19967202.0	hap2
PR01009	Lx	22	19779863.0	hap2
PR01009	Lx	23	18321895.0	hap2
PR01009	Lx	24	18054752.0	hap2
PR01009	Lx	25	17769287.0	hap2
PR01009	Lx	26	16836222.0	hap2
PR01009	Lx	27	16545446.0	hap2
PR01009	Lx	28	15936455.0	hap2
PR01009	Lx	29	15573743.0	hap2
PR01009	Lx	30	15211974.0	hap2
PR01009	Lx	31	15098033.0	hap2
PR01009	Lx	32	14706207.0	hap2
PR01009	Lx	33	14296826.0	hap2
PR01009	Lx	34	13664725.0	hap2
PR01009	Lx	35	13325178.0	hap2
PR01009	Lx	36	12716811.0	hap2
PR01009	Lx	37	12658330.0	hap2
PR01009	Lx	38	12397020.0	hap2
PR01009	Lx	39	12365391.0	hap2
PR01009	Lx	40	12193443.0	hap2
PR01009	Lx	41	12069664.0	hap2
PR01009	Lx	42	11312662.0	hap2
PR01009	Lx	43	11126872.0	hap2
PR01009	Lx	44	10945047.0	hap2
PR01009	Lx	45	10553318.0	hap2
PR01009	Lx	46	10468356.0	hap2
PR01009	Lx	47	9982325.0	hap2
PR01009	Lx	48	9712972.0	hap2
PR01009	Lx	49	9401025.0	hap2
PR01009	Lx	50	9174378.0	hap2
PR01009	Lx	51	9122756.0	hap2
PR01009	Lx	52	8616267.0	hap2
PR01009	Lx	53	8293787.0	hap2
PR01009	Lx	54	8078144.0	hap2
PR01009	Lx	55	7887206.0	hap2
PR01009	Lx	56	7688953.0	hap2
PR01009	Lx	57	7474229.0	hap2
PR01009	Lx	58	7041625.0	hap2
PR01009	Lx	59	6773676.0	hap2
PR01009	Lx	60	6572128.0	hap2
PR01009	Lx	61	6332053.0	hap2
PR01009	Lx	62	6137236.0	hap2
PR01009	Lx	63	6040258.0	hap2
PR01009	Lx	64	5980842.0	hap2
PR01009	Lx	65	5797581.0	hap2
PR01009	Lx	66	5589021.0	hap2
PR01009	Lx	67	5333977.0	hap2
PR01009	Lx	68	5109878.0	hap2
PR01009	Lx	69	4971765.0	hap2
PR01009	Lx	70	4890942.0	hap2
PR01009	Lx	71	4777983.0	hap2
PR01009	Lx	72	4680890.0	hap2
PR01009	Lx	73	4584053.0	hap2
PR01009	Lx	74	4358224.0	hap2
PR01009	Lx	75	4088784.0	hap2
PR01009	Lx	76	3967171.0	hap2
PR01009	Lx	77	3771880.0	hap2
PR01009	Lx	78	3569981.0	hap2
PR01009	Lx	79	3348635.0	hap2
PR01009	Lx	80	3182944.0	hap2
PR01009	Lx	81	2916569.0	hap2
PR01009	Lx	82	2771034.0	hap2
PR01009	Lx	83	2625684.0	hap2
PR01009	Lx	84	2521426.0	hap2
PR01009	Lx	85	2351693.0	hap2
PR01009	Lx	86	2197836.0	hap2
PR01009	Lx	87	2090291.0	hap2
PR01009	Lx	88	1961412.0	hap2
PR01009	Lx	89	1801470.0	hap2
PR01009	Lx	90	1656541.0	hap2
PR01009	Lx	91	1509178.0	hap2
PR01009	Lx	92	1362497.0	hap2
PR01009	Lx	93	1192845.0	hap2
PR01009	Lx	94	1067704.0	hap2
PR01009	Lx	95	913562.0	hap2
PR01009	Lx	96	787123.0	hap2
PR01009	Lx	97	636922.0	hap2
PR01009	Lx	98	444216.0	hap2
PR01009	Lx	99	238351.0	hap2
PR01009	Lx	100	6572.0	hap2
PR01009	NGx	1	48301463.0	hap2
PR01009	NGx	2	40292418.0	hap2
PR01009	NGx	3	38054536.0	hap2
PR01009	NGx	4	38054536.0	hap2
PR01009	NGx	5	31654732.0	hap2
PR01009	NGx	6	30452630.0	hap2
PR01009	NGx	7	29703903.0	hap2
PR01009	NGx	8	29410225.0	hap2
PR01009	NGx	9	28880647.0	hap2
PR01009	NGx	10	28354516.0	hap2
PR01009	NGx	11	27534681.0	hap2
PR01009	NGx	12	25545374.0	hap2
PR01009	NGx	13	25543128.0	hap2
PR01009	NGx	14	24925147.0	hap2
PR01009	NGx	15	24219738.0	hap2
PR01009	NGx	16	23236479.0	hap2
PR01009	NGx	17	22816065.0	hap2
PR01009	NGx	18	22510772.0	hap2
PR01009	NGx	19	20969049.0	hap2
PR01009	NGx	20	20701436.0	hap2
PR01009	NGx	21	20371626.0	hap2
PR01009	NGx	22	19967202.0	hap2
PR01009	NGx	23	19885807.0	hap2
PR01009	NGx	24	18515584.0	hap2
PR01009	NGx	25	18054752.0	hap2
PR01009	NGx	26	17925380.0	hap2
PR01009	NGx	27	17164564.0	hap2
PR01009	NGx	28	16688192.0	hap2
PR01009	NGx	29	16194722.0	hap2
PR01009	NGx	30	15778431.0	hap2
PR01009	NGx	31	15573743.0	hap2
PR01009	NGx	32	15211974.0	hap2
PR01009	NGx	33	15098033.0	hap2
PR01009	NGx	34	14511740.0	hap2
PR01009	NGx	35	13893644.0	hap2
PR01009	NGx	36	13664725.0	hap2
PR01009	NGx	37	13325178.0	hap2
PR01009	NGx	38	12716811.0	hap2
PR01009	NGx	39	12658330.0	hap2
PR01009	NGx	40	12455838.0	hap2
PR01009	NGx	41	12365391.0	hap2
PR01009	NGx	42	12217072.0	hap2
PR01009	NGx	43	12069664.0	hap2
PR01009	NGx	44	11326547.0	hap2
PR01009	NGx	45	11267781.0	hap2
PR01009	NGx	46	11096382.0	hap2
PR01009	NGx	47	10919935.0	hap2
PR01009	NGx	48	10531570.0	hap2
PR01009	NGx	49	10226997.0	hap2
PR01009	NGx	50	9970209.0	hap2
PR01009	NGx	51	9541196.0	hap2
PR01009	NGx	52	9401025.0	hap2
PR01009	NGx	53	9159492.0	hap2
PR01009	NGx	54	8880722.0	hap2
PR01009	NGx	55	8616267.0	hap2
PR01009	NGx	56	8293787.0	hap2
PR01009	NGx	57	8078144.0	hap2
PR01009	NGx	58	7908889.0	hap2
PR01009	NGx	59	7721167.0	hap2
PR01009	NGx	60	7539793.0	hap2
PR01009	NGx	61	7126724.0	hap2
PR01009	NGx	62	6905045.0	hap2
PR01009	NGx	63	6682715.0	hap2
PR01009	NGx	64	6525419.0	hap2
PR01009	NGx	65	6274423.0	hap2
PR01009	NGx	66	6114773.0	hap2
PR01009	NGx	67	6018800.0	hap2
PR01009	NGx	68	5925857.0	hap2
PR01009	NGx	69	5790356.0	hap2
PR01009	NGx	70	5461220.0	hap2
PR01009	NGx	71	5333319.0	hap2
PR01009	NGx	72	5109256.0	hap2
PR01009	NGx	73	4971765.0	hap2
PR01009	NGx	74	4890942.0	hap2
PR01009	NGx	75	4777983.0	hap2
PR01009	NGx	76	4688325.0	hap2
PR01009	NGx	77	4611400.0	hap2
PR01009	NGx	78	4398253.0	hap2
PR01009	NGx	79	4131149.0	hap2
PR01009	NGx	80	4026755.0	hap2
PR01009	NGx	81	3785719.0	hap2
PR01009	NGx	82	3667453.0	hap2
PR01009	NGx	83	3421454.0	hap2
PR01009	NGx	84	3291087.0	hap2
PR01009	NGx	85	3043364.0	hap2
PR01009	NGx	86	2883945.0	hap2
PR01009	NGx	87	2704017.0	hap2
PR01009	NGx	88	2605380.0	hap2
PR01009	NGx	89	2493073.0	hap2
PR01009	NGx	90	2309699.0	hap2
PR01009	NGx	91	2193653.0	hap2
PR01009	NGx	92	2066803.0	hap2
PR01009	NGx	93	1961412.0	hap2
PR01009	NGx	94	1807386.0	hap2
PR01009	NGx	95	1665496.0	hap2
PR01009	NGx	96	1536126.0	hap2
PR01009	NGx	97	1373864.0	hap2
PR01009	NGx	98	1250703.0	hap2
PR01009	NGx	99	1102312.0	hap2
PR01009	NGx	100	986450.0	hap2
PR01009	LGx	1	1.0	hap2
PR01009	LGx	2	2.0	hap2
PR01009	LGx	3	3.0	hap2
PR01009	LGx	4	3.0	hap2
PR01009	LGx	5	4.0	hap2
PR01009	LGx	6	5.0	hap2
PR01009	LGx	7	6.0	hap2
PR01009	LGx	8	7.0	hap2
PR01009	LGx	9	8.0	hap2
PR01009	LGx	10	9.0	hap2
PR01009	LGx	11	10.0	hap2
PR01009	LGx	12	12.0	hap2
PR01009	LGx	13	13.0	hap2
PR01009	LGx	14	14.0	hap2
PR01009	LGx	15	15.0	hap2
PR01009	LGx	16	17.0	hap2
PR01009	LGx	17	18.0	hap2
PR01009	LGx	18	19.0	hap2
PR01009	LGx	19	21.0	hap2
PR01009	LGx	20	22.0	hap2
PR01009	LGx	21	23.0	hap2
PR01009	LGx	22	25.0	hap2
PR01009	LGx	23	26.0	hap2
PR01009	LGx	24	28.0	hap2
PR01009	LGx	25	30.0	hap2
PR01009	LGx	26	31.0	hap2
PR01009	LGx	27	33.0	hap2
PR01009	LGx	28	35.0	hap2
PR01009	LGx	29	37.0	hap2
PR01009	LGx	30	39.0	hap2
PR01009	LGx	31	40.0	hap2
PR01009	LGx	32	42.0	hap2
PR01009	LGx	33	44.0	hap2
PR01009	LGx	34	47.0	hap2
PR01009	LGx	35	49.0	hap2
PR01009	LGx	36	51.0	hap2
PR01009	LGx	37	53.0	hap2
PR01009	LGx	38	55.0	hap2
PR01009	LGx	39	58.0	hap2
PR01009	LGx	40	60.0	hap2
PR01009	LGx	41	63.0	hap2
PR01009	LGx	42	65.0	hap2
PR01009	LGx	43	68.0	hap2
PR01009	LGx	44	70.0	hap2
PR01009	LGx	45	73.0	hap2
PR01009	LGx	46	75.0	hap2
PR01009	LGx	47	78.0	hap2
PR01009	LGx	48	81.0	hap2
PR01009	LGx	49	84.0	hap2
PR01009	LGx	50	87.0	hap2
PR01009	LGx	51	90.0	hap2
PR01009	LGx	52	93.0	hap2
PR01009	LGx	53	97.0	hap2
PR01009	LGx	54	100.0	hap2
PR01009	LGx	55	103.0	hap2
PR01009	LGx	56	107.0	hap2
PR01009	LGx	57	111.0	hap2
PR01009	LGx	58	114.0	hap2
PR01009	LGx	59	118.0	hap2
PR01009	LGx	60	122.0	hap2
PR01009	LGx	61	126.0	hap2
PR01009	LGx	62	131.0	hap2
PR01009	LGx	63	135.0	hap2
PR01009	LGx	64	140.0	hap2
PR01009	LGx	65	144.0	hap2
PR01009	LGx	66	149.0	hap2
PR01009	LGx	67	154.0	hap2
PR01009	LGx	68	159.0	hap2
PR01009	LGx	69	164.0	hap2
PR01009	LGx	70	170.0	hap2
PR01009	LGx	71	175.0	hap2
PR01009	LGx	72	181.0	hap2
PR01009	LGx	73	187.0	hap2
PR01009	LGx	74	193.0	hap2
PR01009	LGx	75	200.0	hap2
PR01009	LGx	76	206.0	hap2
PR01009	LGx	77	213.0	hap2
PR01009	LGx	78	219.0	hap2
PR01009	LGx	79	226.0	hap2
PR01009	LGx	80	234.0	hap2
PR01009	LGx	81	241.0	hap2
PR01009	LGx	82	250.0	hap2
PR01009	LGx	83	258.0	hap2
PR01009	LGx	84	267.0	hap2
PR01009	LGx	85	277.0	hap2
PR01009	LGx	86	287.0	hap2
PR01009	LGx	87	298.0	hap2
PR01009	LGx	88	309.0	hap2
PR01009	LGx	89	321.0	hap2
PR01009	LGx	90	333.0	hap2
PR01009	LGx	91	347.0	hap2
PR01009	LGx	92	361.0	hap2
PR01009	LGx	93	376.0	hap2
PR01009	LGx	94	392.0	hap2
PR01009	LGx	95	409.0	hap2
PR01009	LGx	96	428.0	hap2
PR01009	LGx	97	449.0	hap2
PR01009	LGx	98	471.0	hap2
PR01009	LGx	99	497.0	hap2
PR01009	LGx	100	526.0	hap2
PR01009	auN	3332162673	355.97345	primary
PR01009	auNG	3018593705	392.95163	primary
PR01009	Nx	1	72008718.0	primary
PR01009	Nx	2	72008718.0	primary
PR01009	Nx	3	53875634.0	primary
PR01009	Nx	4	53849809.0	primary
PR01009	Nx	5	53849809.0	primary
PR01009	Nx	6	53134202.0	primary
PR01009	Nx	7	51825076.0	primary
PR01009	Nx	8	51825076.0	primary
PR01009	Nx	9	46026899.0	primary
PR01009	Nx	10	45146716.0	primary
PR01009	Nx	11	45146716.0	primary
PR01009	Nx	12	41881691.0	primary
PR01009	Nx	13	40624476.0	primary
PR01009	Nx	14	39547081.0	primary
PR01009	Nx	15	38054536.0	primary
PR01009	Nx	16	38054536.0	primary
PR01009	Nx	17	37852625.0	primary
PR01009	Nx	18	37668584.0	primary
PR01009	Nx	19	35101357.0	primary
PR01009	Nx	20	33113401.0	primary
PR01009	Nx	21	32812306.0	primary
PR01009	Nx	22	32592604.0	primary
PR01009	Nx	23	31205477.0	primary
PR01009	Nx	24	30667382.0	primary
PR01009	Nx	25	30301586.0	primary
PR01009	Nx	26	29675318.0	primary
PR01009	Nx	27	28887609.0	primary
PR01009	Nx	28	28867238.0	primary
PR01009	Nx	29	28732872.0	primary
PR01009	Nx	30	28305164.0	primary
PR01009	Nx	31	27426170.0	primary
PR01009	Nx	32	26804318.0	primary
PR01009	Nx	33	26480777.0	primary
PR01009	Nx	34	26107045.0	primary
PR01009	Nx	35	25748115.0	primary
PR01009	Nx	36	25543128.0	primary
PR01009	Nx	37	25540198.0	primary
PR01009	Nx	38	24710187.0	primary
PR01009	Nx	39	24220689.0	primary
PR01009	Nx	40	24216932.0	primary
PR01009	Nx	41	23236479.0	primary
PR01009	Nx	42	22013266.0	primary
PR01009	Nx	43	21216467.0	primary
PR01009	Nx	44	20940409.0	primary
PR01009	Nx	45	20655384.0	primary
PR01009	Nx	46	20551164.0	primary
PR01009	Nx	47	19987353.0	primary
PR01009	Nx	48	19887052.0	primary
PR01009	Nx	49	19660013.0	primary
PR01009	Nx	50	18721100.0	primary
PR01009	Nx	51	18515584.0	primary
PR01009	Nx	52	17977268.0	primary
PR01009	Nx	53	17750759.0	primary
PR01009	Nx	54	16983550.0	primary
PR01009	Nx	55	16173914.0	primary
PR01009	Nx	56	15347720.0	primary
PR01009	Nx	57	15130660.0	primary
PR01009	Nx	58	14767688.0	primary
PR01009	Nx	59	13896162.0	primary
PR01009	Nx	60	13367135.0	primary
PR01009	Nx	61	13320343.0	primary
PR01009	Nx	62	13071220.0	primary
PR01009	Nx	63	12945863.0	primary
PR01009	Nx	64	12448130.0	primary
PR01009	Nx	65	12116990.0	primary
PR01009	Nx	66	11699582.0	primary
PR01009	Nx	67	11260880.0	primary
PR01009	Nx	68	11096382.0	primary
PR01009	Nx	69	10797136.0	primary
PR01009	Nx	70	10607905.0	primary
PR01009	Nx	71	10213928.0	primary
PR01009	Nx	72	10037161.0	primary
PR01009	Nx	73	9848716.0	primary
PR01009	Nx	74	9277123.0	primary
PR01009	Nx	75	8618468.0	primary
PR01009	Nx	76	8180783.0	primary
PR01009	Nx	77	7854000.0	primary
PR01009	Nx	78	7610116.0	primary
PR01009	Nx	79	7371384.0	primary
PR01009	Nx	80	6944847.0	primary
PR01009	Nx	81	6274423.0	primary
PR01009	Nx	82	5890173.0	primary
PR01009	Nx	83	5645128.0	primary
PR01009	Nx	84	5354431.0	primary
PR01009	Nx	85	5052242.0	primary
PR01009	Nx	86	4961429.0	primary
PR01009	Nx	87	4769027.0	primary
PR01009	Nx	88	4622551.0	primary
PR01009	Nx	89	4292376.0	primary
PR01009	Nx	90	3994860.0	primary
PR01009	Nx	91	3522752.0	primary
PR01009	Nx	92	3143091.0	primary
PR01009	Nx	93	2888719.0	primary
PR01009	Nx	94	2604108.0	primary
PR01009	Nx	95	2320321.0	primary
PR01009	Nx	96	1884457.0	primary
PR01009	Nx	97	1523536.0	primary
PR01009	Nx	98	1072584.0	primary
PR01009	Nx	99	637146.0	primary
PR01009	Nx	100	13513.0	primary
PR01009	Lx	1	72008718.0	primary
PR01009	Lx	2	72008718.0	primary
PR01009	Lx	3	53875634.0	primary
PR01009	Lx	4	53849809.0	primary
PR01009	Lx	5	53849809.0	primary
PR01009	Lx	6	53134202.0	primary
PR01009	Lx	7	51825076.0	primary
PR01009	Lx	8	51825076.0	primary
PR01009	Lx	9	46026899.0	primary
PR01009	Lx	10	45146716.0	primary
PR01009	Lx	11	45146716.0	primary
PR01009	Lx	12	41881691.0	primary
PR01009	Lx	13	40624476.0	primary
PR01009	Lx	14	39547081.0	primary
PR01009	Lx	15	38054536.0	primary
PR01009	Lx	16	38054536.0	primary
PR01009	Lx	17	37852625.0	primary
PR01009	Lx	18	37668584.0	primary
PR01009	Lx	19	35101357.0	primary
PR01009	Lx	20	33113401.0	primary
PR01009	Lx	21	32812306.0	primary
PR01009	Lx	22	32592604.0	primary
PR01009	Lx	23	31205477.0	primary
PR01009	Lx	24	30667382.0	primary
PR01009	Lx	25	30301586.0	primary
PR01009	Lx	26	29675318.0	primary
PR01009	Lx	27	28887609.0	primary
PR01009	Lx	28	28867238.0	primary
PR01009	Lx	29	28732872.0	primary
PR01009	Lx	30	28305164.0	primary
PR01009	Lx	31	27426170.0	primary
PR01009	Lx	32	26804318.0	primary
PR01009	Lx	33	26480777.0	primary
PR01009	Lx	34	26107045.0	primary
PR01009	Lx	35	25748115.0	primary
PR01009	Lx	36	25543128.0	primary
PR01009	Lx	37	25540198.0	primary
PR01009	Lx	38	24710187.0	primary
PR01009	Lx	39	24220689.0	primary
PR01009	Lx	40	24216932.0	primary
PR01009	Lx	41	23236479.0	primary
PR01009	Lx	42	22013266.0	primary
PR01009	Lx	43	21216467.0	primary
PR01009	Lx	44	20940409.0	primary
PR01009	Lx	45	20655384.0	primary
PR01009	Lx	46	20551164.0	primary
PR01009	Lx	47	19987353.0	primary
PR01009	Lx	48	19887052.0	primary
PR01009	Lx	49	19660013.0	primary
PR01009	Lx	50	18721100.0	primary
PR01009	Lx	51	18515584.0	primary
PR01009	Lx	52	17977268.0	primary
PR01009	Lx	53	17750759.0	primary
PR01009	Lx	54	16983550.0	primary
PR01009	Lx	55	16173914.0	primary
PR01009	Lx	56	15347720.0	primary
PR01009	Lx	57	15130660.0	primary
PR01009	Lx	58	14767688.0	primary
PR01009	Lx	59	13896162.0	primary
PR01009	Lx	60	13367135.0	primary
PR01009	Lx	61	13320343.0	primary
PR01009	Lx	62	13071220.0	primary
PR01009	Lx	63	12945863.0	primary
PR01009	Lx	64	12448130.0	primary
PR01009	Lx	65	12116990.0	primary
PR01009	Lx	66	11699582.0	primary
PR01009	Lx	67	11260880.0	primary
PR01009	Lx	68	11096382.0	primary
PR01009	Lx	69	10797136.0	primary
PR01009	Lx	70	10607905.0	primary
PR01009	Lx	71	10213928.0	primary
PR01009	Lx	72	10037161.0	primary
PR01009	Lx	73	9848716.0	primary
PR01009	Lx	74	9277123.0	primary
PR01009	Lx	75	8618468.0	primary
PR01009	Lx	76	8180783.0	primary
PR01009	Lx	77	7854000.0	primary
PR01009	Lx	78	7610116.0	primary
PR01009	Lx	79	7371384.0	primary
PR01009	Lx	80	6944847.0	primary
PR01009	Lx	81	6274423.0	primary
PR01009	Lx	82	5890173.0	primary
PR01009	Lx	83	5645128.0	primary
PR01009	Lx	84	5354431.0	primary
PR01009	Lx	85	5052242.0	primary
PR01009	Lx	86	4961429.0	primary
PR01009	Lx	87	4769027.0	primary
PR01009	Lx	88	4622551.0	primary
PR01009	Lx	89	4292376.0	primary
PR01009	Lx	90	3994860.0	primary
PR01009	Lx	91	3522752.0	primary
PR01009	Lx	92	3143091.0	primary
PR01009	Lx	93	2888719.0	primary
PR01009	Lx	94	2604108.0	primary
PR01009	Lx	95	2320321.0	primary
PR01009	Lx	96	1884457.0	primary
PR01009	Lx	97	1523536.0	primary
PR01009	Lx	98	1072584.0	primary
PR01009	Lx	99	637146.0	primary
PR01009	Lx	100	13513.0	primary
PR01009	NGx	1	72008718.0	primary
PR01009	NGx	2	72008718.0	primary
PR01009	NGx	3	53875634.0	primary
PR01009	NGx	4	53875634.0	primary
PR01009	NGx	5	53849809.0	primary
PR01009	NGx	6	53134202.0	primary
PR01009	NGx	7	53134202.0	primary
PR01009	NGx	8	51825076.0	primary
PR01009	NGx	9	51825076.0	primary
PR01009	NGx	10	46026899.0	primary
PR01009	NGx	11	45146716.0	primary
PR01009	NGx	12	45146716.0	primary
PR01009	NGx	13	41881691.0	primary
PR01009	NGx	14	40624476.0	primary
PR01009	NGx	15	40624476.0	primary
PR01009	NGx	16	39547081.0	primary
PR01009	NGx	17	38054536.0	primary
PR01009	NGx	18	37852625.0	primary
PR01009	NGx	19	37852625.0	primary
PR01009	NGx	20	37668584.0	primary
PR01009	NGx	21	35101357.0	primary
PR01009	NGx	22	33113401.0	primary
PR01009	NGx	23	32812306.0	primary
PR01009	NGx	24	32592604.0	primary
PR01009	NGx	25	31205477.0	primary
PR01009	NGx	26	30667382.0	primary
PR01009	NGx	27	30301586.0	primary
PR01009	NGx	28	29675318.0	primary
PR01009	NGx	29	29217670.0	primary
PR01009	NGx	30	28887609.0	primary
PR01009	NGx	31	28867238.0	primary
PR01009	NGx	32	28732872.0	primary
PR01009	NGx	33	28305164.0	primary
PR01009	NGx	34	27426170.0	primary
PR01009	NGx	35	27413139.0	primary
PR01009	NGx	36	26804318.0	primary
PR01009	NGx	37	26480777.0	primary
PR01009	NGx	38	25748115.0	primary
PR01009	NGx	39	25674276.0	primary
PR01009	NGx	40	25543128.0	primary
PR01009	NGx	41	25540198.0	primary
PR01009	NGx	42	24710187.0	primary
PR01009	NGx	43	24220689.0	primary
PR01009	NGx	44	24216932.0	primary
PR01009	NGx	45	23236479.0	primary
PR01009	NGx	46	22829480.0	primary
PR01009	NGx	47	21216467.0	primary
PR01009	NGx	48	20969022.0	primary
PR01009	NGx	49	20893819.0	primary
PR01009	NGx	50	20655384.0	primary
PR01009	NGx	51	20348869.0	primary
PR01009	NGx	52	19987353.0	primary
PR01009	NGx	53	19887052.0	primary
PR01009	NGx	54	19660013.0	primary
PR01009	NGx	55	18721100.0	primary
PR01009	NGx	56	18687993.0	primary
PR01009	NGx	57	18015066.0	primary
PR01009	NGx	58	17750759.0	primary
PR01009	NGx	59	17397219.0	primary
PR01009	NGx	60	16194975.0	primary
PR01009	NGx	61	15966271.0	primary
PR01009	NGx	62	15347720.0	primary
PR01009	NGx	63	15130660.0	primary
PR01009	NGx	64	14767688.0	primary
PR01009	NGx	65	13896162.0	primary
PR01009	NGx	66	13710066.0	primary
PR01009	NGx	67	13340242.0	primary
PR01009	NGx	68	13177018.0	primary
PR01009	NGx	69	13012605.0	primary
PR01009	NGx	70	12558550.0	primary
PR01009	NGx	71	12377230.0	primary
PR01009	NGx	72	12116990.0	primary
PR01009	NGx	73	11451984.0	primary
PR01009	NGx	74	11260880.0	primary
PR01009	NGx	75	11096382.0	primary
PR01009	NGx	76	10797136.0	primary
PR01009	NGx	77	10607905.0	primary
PR01009	NGx	78	10218575.0	primary
PR01009	NGx	79	10120639.0	primary
PR01009	NGx	80	9895830.0	primary
PR01009	NGx	81	9600647.0	primary
PR01009	NGx	82	9159492.0	primary
PR01009	NGx	83	8618468.0	primary
PR01009	NGx	84	8180783.0	primary
PR01009	NGx	85	7854000.0	primary
PR01009	NGx	86	7610116.0	primary
PR01009	NGx	87	7371384.0	primary
PR01009	NGx	88	7046212.0	primary
PR01009	NGx	89	6434407.0	primary
PR01009	NGx	90	6114766.0	primary
PR01009	NGx	91	5832789.0	primary
PR01009	NGx	92	5524650.0	primary
PR01009	NGx	93	5331034.0	primary
PR01009	NGx	94	5048250.0	primary
PR01009	NGx	95	4961429.0	primary
PR01009	NGx	96	4769027.0	primary
PR01009	NGx	97	4622551.0	primary
PR01009	NGx	98	4324290.0	primary
PR01009	NGx	99	4055584.0	primary
PR01009	NGx	100	3732904.0	primary
PR01009	LGx	1	1.0	primary
PR01009	LGx	2	1.0	primary
PR01009	LGx	3	2.0	primary
PR01009	LGx	4	2.0	primary
PR01009	LGx	5	3.0	primary
PR01009	LGx	6	4.0	primary
PR01009	LGx	7	4.0	primary
PR01009	LGx	8	5.0	primary
PR01009	LGx	9	5.0	primary
PR01009	LGx	10	6.0	primary
PR01009	LGx	11	7.0	primary
PR01009	LGx	12	7.0	primary
PR01009	LGx	13	8.0	primary
PR01009	LGx	14	9.0	primary
PR01009	LGx	15	9.0	primary
PR01009	LGx	16	10.0	primary
PR01009	LGx	17	11.0	primary
PR01009	LGx	18	12.0	primary
PR01009	LGx	19	12.0	primary
PR01009	LGx	20	13.0	primary
PR01009	LGx	21	14.0	primary
PR01009	LGx	22	15.0	primary
PR01009	LGx	23	16.0	primary
PR01009	LGx	24	17.0	primary
PR01009	LGx	25	18.0	primary
PR01009	LGx	26	19.0	primary
PR01009	LGx	27	20.0	primary
PR01009	LGx	28	21.0	primary
PR01009	LGx	29	22.0	primary
PR01009	LGx	30	23.0	primary
PR01009	LGx	31	24.0	primary
PR01009	LGx	32	25.0	primary
PR01009	LGx	33	26.0	primary
PR01009	LGx	34	27.0	primary
PR01009	LGx	35	28.0	primary
PR01009	LGx	36	29.0	primary
PR01009	LGx	37	30.0	primary
PR01009	LGx	38	32.0	primary
PR01009	LGx	39	33.0	primary
PR01009	LGx	40	34.0	primary
PR01009	LGx	41	35.0	primary
PR01009	LGx	42	36.0	primary
PR01009	LGx	43	38.0	primary
PR01009	LGx	44	39.0	primary
PR01009	LGx	45	40.0	primary
PR01009	LGx	46	41.0	primary
PR01009	LGx	47	43.0	primary
PR01009	LGx	48	44.0	primary
PR01009	LGx	49	46.0	primary
PR01009	LGx	50	47.0	primary
PR01009	LGx	51	49.0	primary
PR01009	LGx	52	50.0	primary
PR01009	LGx	53	52.0	primary
PR01009	LGx	54	53.0	primary
PR01009	LGx	55	55.0	primary
PR01009	LGx	56	56.0	primary
PR01009	LGx	57	58.0	primary
PR01009	LGx	58	60.0	primary
PR01009	LGx	59	61.0	primary
PR01009	LGx	60	63.0	primary
PR01009	LGx	61	65.0	primary
PR01009	LGx	62	67.0	primary
PR01009	LGx	63	69.0	primary
PR01009	LGx	64	71.0	primary
PR01009	LGx	65	73.0	primary
PR01009	LGx	66	75.0	primary
PR01009	LGx	67	77.0	primary
PR01009	LGx	68	80.0	primary
PR01009	LGx	69	82.0	primary
PR01009	LGx	70	84.0	primary
PR01009	LGx	71	87.0	primary
PR01009	LGx	72	89.0	primary
PR01009	LGx	73	92.0	primary
PR01009	LGx	74	94.0	primary
PR01009	LGx	75	97.0	primary
PR01009	LGx	76	100.0	primary
PR01009	LGx	77	103.0	primary
PR01009	LGx	78	106.0	primary
PR01009	LGx	79	109.0	primary
PR01009	LGx	80	112.0	primary
PR01009	LGx	81	115.0	primary
PR01009	LGx	82	118.0	primary
PR01009	LGx	83	121.0	primary
PR01009	LGx	84	125.0	primary
PR01009	LGx	85	129.0	primary
PR01009	LGx	86	133.0	primary
PR01009	LGx	87	137.0	primary
PR01009	LGx	88	141.0	primary
PR01009	LGx	89	145.0	primary
PR01009	LGx	90	150.0	primary
PR01009	LGx	91	155.0	primary
PR01009	LGx	92	160.0	primary
PR01009	LGx	93	166.0	primary
PR01009	LGx	94	172.0	primary
PR01009	LGx	95	178.0	primary
PR01009	LGx	96	184.0	primary
PR01009	LGx	97	191.0	primary
PR01009	LGx	98	197.0	primary
PR01009	LGx	99	205.0	primary
PR01009	LGx	100	212.0	primary
PR01008	auN	3153992171	365.14813	hap1
PR01008	auNG	3018593705	381.52676	hap1
PR01008	Nx	1	88116541.0	hap1
PR01008	Nx	2	88116541.0	hap1
PR01008	Nx	3	72801342.0	hap1
PR01008	Nx	4	72801342.0	hap1
PR01008	Nx	5	72801342.0	hap1
PR01008	Nx	6	58888824.0	hap1
PR01008	Nx	7	58211358.0	hap1
PR01008	Nx	8	58211358.0	hap1
PR01008	Nx	9	56400402.0	hap1
PR01008	Nx	10	56400402.0	hap1
PR01008	Nx	11	55941207.0	hap1
PR01008	Nx	12	55941207.0	hap1
PR01008	Nx	13	51057799.0	hap1
PR01008	Nx	14	49039035.0	hap1
PR01008	Nx	15	49039035.0	hap1
PR01008	Nx	16	48802265.0	hap1
PR01008	Nx	17	48802265.0	hap1
PR01008	Nx	18	47264485.0	hap1
PR01008	Nx	19	46910007.0	hap1
PR01008	Nx	20	46910007.0	hap1
PR01008	Nx	21	46597541.0	hap1
PR01008	Nx	22	42143211.0	hap1
PR01008	Nx	23	40606622.0	hap1
PR01008	Nx	24	40606622.0	hap1
PR01008	Nx	25	39912197.0	hap1
PR01008	Nx	26	38097556.0	hap1
PR01008	Nx	27	37851117.0	hap1
PR01008	Nx	28	36688302.0	hap1
PR01008	Nx	29	36688302.0	hap1
PR01008	Nx	30	36004231.0	hap1
PR01008	Nx	31	35921375.0	hap1
PR01008	Nx	32	35056719.0	hap1
PR01008	Nx	33	34051983.0	hap1
PR01008	Nx	34	33887783.0	hap1
PR01008	Nx	35	32234632.0	hap1
PR01008	Nx	36	31579959.0	hap1
PR01008	Nx	37	31209322.0	hap1
PR01008	Nx	38	30709749.0	hap1
PR01008	Nx	39	30061532.0	hap1
PR01008	Nx	40	29447805.0	hap1
PR01008	Nx	41	29017242.0	hap1
PR01008	Nx	42	28918486.0	hap1
PR01008	Nx	43	28658062.0	hap1
PR01008	Nx	44	28656490.0	hap1
PR01008	Nx	45	27490794.0	hap1
PR01008	Nx	46	27308359.0	hap1
PR01008	Nx	47	27087558.0	hap1
PR01008	Nx	48	26619952.0	hap1
PR01008	Nx	49	26205531.0	hap1
PR01008	Nx	50	26198703.0	hap1
PR01008	Nx	51	25448239.0	hap1
PR01008	Nx	52	24822971.0	hap1
PR01008	Nx	53	24471218.0	hap1
PR01008	Nx	54	24235367.0	hap1
PR01008	Nx	55	24083901.0	hap1
PR01008	Nx	56	23575289.0	hap1
PR01008	Nx	57	23234080.0	hap1
PR01008	Nx	58	21800593.0	hap1
PR01008	Nx	59	20895098.0	hap1
PR01008	Nx	60	19972202.0	hap1
PR01008	Nx	61	19954543.0	hap1
PR01008	Nx	62	19318938.0	hap1
PR01008	Nx	63	18922357.0	hap1
PR01008	Nx	64	18712920.0	hap1
PR01008	Nx	65	17992051.0	hap1
PR01008	Nx	66	17095807.0	hap1
PR01008	Nx	67	15980484.0	hap1
PR01008	Nx	68	15728827.0	hap1
PR01008	Nx	69	15184678.0	hap1
PR01008	Nx	70	15001574.0	hap1
PR01008	Nx	71	14617424.0	hap1
PR01008	Nx	72	13696544.0	hap1
PR01008	Nx	73	13116619.0	hap1
PR01008	Nx	74	13015572.0	hap1
PR01008	Nx	75	12377479.0	hap1
PR01008	Nx	76	12285305.0	hap1
PR01008	Nx	77	11522137.0	hap1
PR01008	Nx	78	11019120.0	hap1
PR01008	Nx	79	10604937.0	hap1
PR01008	Nx	80	10286405.0	hap1
PR01008	Nx	81	9698962.0	hap1
PR01008	Nx	82	8931212.0	hap1
PR01008	Nx	83	8603281.0	hap1
PR01008	Nx	84	7916214.0	hap1
PR01008	Nx	85	7619001.0	hap1
PR01008	Nx	86	7073583.0	hap1
PR01008	Nx	87	6589662.0	hap1
PR01008	Nx	88	6261930.0	hap1
PR01008	Nx	89	5922066.0	hap1
PR01008	Nx	90	5685373.0	hap1
PR01008	Nx	91	5276227.0	hap1
PR01008	Nx	92	4650894.0	hap1
PR01008	Nx	93	4029079.0	hap1
PR01008	Nx	94	3508996.0	hap1
PR01008	Nx	95	2877066.0	hap1
PR01008	Nx	96	2279571.0	hap1
PR01008	Nx	97	1739874.0	hap1
PR01008	Nx	98	1174212.0	hap1
PR01008	Nx	99	584996.0	hap1
PR01008	Nx	100	11824.0	hap1
PR01008	Lx	1	88116541.0	hap1
PR01008	Lx	2	88116541.0	hap1
PR01008	Lx	3	72801342.0	hap1
PR01008	Lx	4	72801342.0	hap1
PR01008	Lx	5	72801342.0	hap1
PR01008	Lx	6	58888824.0	hap1
PR01008	Lx	7	58211358.0	hap1
PR01008	Lx	8	58211358.0	hap1
PR01008	Lx	9	56400402.0	hap1
PR01008	Lx	10	56400402.0	hap1
PR01008	Lx	11	55941207.0	hap1
PR01008	Lx	12	55941207.0	hap1
PR01008	Lx	13	51057799.0	hap1
PR01008	Lx	14	49039035.0	hap1
PR01008	Lx	15	49039035.0	hap1
PR01008	Lx	16	48802265.0	hap1
PR01008	Lx	17	48802265.0	hap1
PR01008	Lx	18	47264485.0	hap1
PR01008	Lx	19	46910007.0	hap1
PR01008	Lx	20	46910007.0	hap1
PR01008	Lx	21	46597541.0	hap1
PR01008	Lx	22	42143211.0	hap1
PR01008	Lx	23	40606622.0	hap1
PR01008	Lx	24	40606622.0	hap1
PR01008	Lx	25	39912197.0	hap1
PR01008	Lx	26	38097556.0	hap1
PR01008	Lx	27	37851117.0	hap1
PR01008	Lx	28	36688302.0	hap1
PR01008	Lx	29	36688302.0	hap1
PR01008	Lx	30	36004231.0	hap1
PR01008	Lx	31	35921375.0	hap1
PR01008	Lx	32	35056719.0	hap1
PR01008	Lx	33	34051983.0	hap1
PR01008	Lx	34	33887783.0	hap1
PR01008	Lx	35	32234632.0	hap1
PR01008	Lx	36	31579959.0	hap1
PR01008	Lx	37	31209322.0	hap1
PR01008	Lx	38	30709749.0	hap1
PR01008	Lx	39	30061532.0	hap1
PR01008	Lx	40	29447805.0	hap1
PR01008	Lx	41	29017242.0	hap1
PR01008	Lx	42	28918486.0	hap1
PR01008	Lx	43	28658062.0	hap1
PR01008	Lx	44	28656490.0	hap1
PR01008	Lx	45	27490794.0	hap1
PR01008	Lx	46	27308359.0	hap1
PR01008	Lx	47	27087558.0	hap1
PR01008	Lx	48	26619952.0	hap1
PR01008	Lx	49	26205531.0	hap1
PR01008	Lx	50	26198703.0	hap1
PR01008	Lx	51	25448239.0	hap1
PR01008	Lx	52	24822971.0	hap1
PR01008	Lx	53	24471218.0	hap1
PR01008	Lx	54	24235367.0	hap1
PR01008	Lx	55	24083901.0	hap1
PR01008	Lx	56	23575289.0	hap1
PR01008	Lx	57	23234080.0	hap1
PR01008	Lx	58	21800593.0	hap1
PR01008	Lx	59	20895098.0	hap1
PR01008	Lx	60	19972202.0	hap1
PR01008	Lx	61	19954543.0	hap1
PR01008	Lx	62	19318938.0	hap1
PR01008	Lx	63	18922357.0	hap1
PR01008	Lx	64	18712920.0	hap1
PR01008	Lx	65	17992051.0	hap1
PR01008	Lx	66	17095807.0	hap1
PR01008	Lx	67	15980484.0	hap1
PR01008	Lx	68	15728827.0	hap1
PR01008	Lx	69	15184678.0	hap1
PR01008	Lx	70	15001574.0	hap1
PR01008	Lx	71	14617424.0	hap1
PR01008	Lx	72	13696544.0	hap1
PR01008	Lx	73	13116619.0	hap1
PR01008	Lx	74	13015572.0	hap1
PR01008	Lx	75	12377479.0	hap1
PR01008	Lx	76	12285305.0	hap1
PR01008	Lx	77	11522137.0	hap1
PR01008	Lx	78	11019120.0	hap1
PR01008	Lx	79	10604937.0	hap1
PR01008	Lx	80	10286405.0	hap1
PR01008	Lx	81	9698962.0	hap1
PR01008	Lx	82	8931212.0	hap1
PR01008	Lx	83	8603281.0	hap1
PR01008	Lx	84	7916214.0	hap1
PR01008	Lx	85	7619001.0	hap1
PR01008	Lx	86	7073583.0	hap1
PR01008	Lx	87	6589662.0	hap1
PR01008	Lx	88	6261930.0	hap1
PR01008	Lx	89	5922066.0	hap1
PR01008	Lx	90	5685373.0	hap1
PR01008	Lx	91	5276227.0	hap1
PR01008	Lx	92	4650894.0	hap1
PR01008	Lx	93	4029079.0	hap1
PR01008	Lx	94	3508996.0	hap1
PR01008	Lx	95	2877066.0	hap1
PR01008	Lx	96	2279571.0	hap1
PR01008	Lx	97	1739874.0	hap1
PR01008	Lx	98	1174212.0	hap1
PR01008	Lx	99	584996.0	hap1
PR01008	Lx	100	11824.0	hap1
PR01008	NGx	1	88116541.0	hap1
PR01008	NGx	2	88116541.0	hap1
PR01008	NGx	3	72801342.0	hap1
PR01008	NGx	4	72801342.0	hap1
PR01008	NGx	5	72801342.0	hap1
PR01008	NGx	6	58888824.0	hap1
PR01008	NGx	7	58888824.0	hap1
PR01008	NGx	8	58211358.0	hap1
PR01008	NGx	9	58211358.0	hap1
PR01008	NGx	10	56400402.0	hap1
PR01008	NGx	11	56400402.0	hap1
PR01008	NGx	12	55941207.0	hap1
PR01008	NGx	13	51057799.0	hap1
PR01008	NGx	14	51057799.0	hap1
PR01008	NGx	15	49039035.0	hap1
PR01008	NGx	16	49039035.0	hap1
PR01008	NGx	17	48802265.0	hap1
PR01008	NGx	18	47264485.0	hap1
PR01008	NGx	19	47264485.0	hap1
PR01008	NGx	20	46910007.0	hap1
PR01008	NGx	21	46597541.0	hap1
PR01008	NGx	22	46597541.0	hap1
PR01008	NGx	23	42143211.0	hap1
PR01008	NGx	24	40606622.0	hap1
PR01008	NGx	25	40606622.0	hap1
PR01008	NGx	26	39912197.0	hap1
PR01008	NGx	27	38097556.0	hap1
PR01008	NGx	28	37851117.0	hap1
PR01008	NGx	29	37851117.0	hap1
PR01008	NGx	30	36688302.0	hap1
PR01008	NGx	31	36004231.0	hap1
PR01008	NGx	32	35921375.0	hap1
PR01008	NGx	33	35056719.0	hap1
PR01008	NGx	34	34051983.0	hap1
PR01008	NGx	35	33887783.0	hap1
PR01008	NGx	36	33887783.0	hap1
PR01008	NGx	37	32234632.0	hap1
PR01008	NGx	38	31579959.0	hap1
PR01008	NGx	39	31209322.0	hap1
PR01008	NGx	40	30709749.0	hap1
PR01008	NGx	41	30061532.0	hap1
PR01008	NGx	42	29447805.0	hap1
PR01008	NGx	43	29017242.0	hap1
PR01008	NGx	44	28918486.0	hap1
PR01008	NGx	45	28658062.0	hap1
PR01008	NGx	46	28656490.0	hap1
PR01008	NGx	47	28524331.0	hap1
PR01008	NGx	48	27308359.0	hap1
PR01008	NGx	49	27087558.0	hap1
PR01008	NGx	50	26619952.0	hap1
PR01008	NGx	51	26205531.0	hap1
PR01008	NGx	52	26198703.0	hap1
PR01008	NGx	53	25552368.0	hap1
PR01008	NGx	54	25448239.0	hap1
PR01008	NGx	55	24471218.0	hap1
PR01008	NGx	56	24235367.0	hap1
PR01008	NGx	57	24202074.0	hap1
PR01008	NGx	58	24083901.0	hap1
PR01008	NGx	59	23234080.0	hap1
PR01008	NGx	60	22541647.0	hap1
PR01008	NGx	61	21800593.0	hap1
PR01008	NGx	62	20236239.0	hap1
PR01008	NGx	63	19972202.0	hap1
PR01008	NGx	64	19526276.0	hap1
PR01008	NGx	65	19318938.0	hap1
PR01008	NGx	66	18922357.0	hap1
PR01008	NGx	67	18372063.0	hap1
PR01008	NGx	68	17992051.0	hap1
PR01008	NGx	69	17095807.0	hap1
PR01008	NGx	70	15980484.0	hap1
PR01008	NGx	71	15728827.0	hap1
PR01008	NGx	72	15184678.0	hap1
PR01008	NGx	73	15001574.0	hap1
PR01008	NGx	74	14617424.0	hap1
PR01008	NGx	75	13696544.0	hap1
PR01008	NGx	76	13150516.0	hap1
PR01008	NGx	77	13095480.0	hap1
PR01008	NGx	78	12426283.0	hap1
PR01008	NGx	79	12362741.0	hap1
PR01008	NGx	80	11606636.0	hap1
PR01008	NGx	81	11134909.0	hap1
PR01008	NGx	82	10921666.0	hap1
PR01008	NGx	83	10294115.0	hap1
PR01008	NGx	84	9835924.0	hap1
PR01008	NGx	85	9664267.0	hap1
PR01008	NGx	86	8860188.0	hap1
PR01008	NGx	87	8397979.0	hap1
PR01008	NGx	88	7868362.0	hap1
PR01008	NGx	89	7598770.0	hap1
PR01008	NGx	90	7073583.0	hap1
PR01008	NGx	91	6583506.0	hap1
PR01008	NGx	92	6261930.0	hap1
PR01008	NGx	93	5922066.0	hap1
PR01008	NGx	94	5758889.0	hap1
PR01008	NGx	95	5276227.0	hap1
PR01008	NGx	96	4740356.0	hap1
PR01008	NGx	97	4100989.0	hap1
PR01008	NGx	98	3535277.0	hap1
PR01008	NGx	99	3017927.0	hap1
PR01008	NGx	100	2354317.0	hap1
PR01008	LGx	1	1.0	hap1
PR01008	LGx	2	1.0	hap1
PR01008	LGx	3	2.0	hap1
PR01008	LGx	4	2.0	hap1
PR01008	LGx	5	2.0	hap1
PR01008	LGx	6	3.0	hap1
PR01008	LGx	7	3.0	hap1
PR01008	LGx	8	4.0	hap1
PR01008	LGx	9	4.0	hap1
PR01008	LGx	10	5.0	hap1
PR01008	LGx	11	5.0	hap1
PR01008	LGx	12	6.0	hap1
PR01008	LGx	13	7.0	hap1
PR01008	LGx	14	7.0	hap1
PR01008	LGx	15	8.0	hap1
PR01008	LGx	16	8.0	hap1
PR01008	LGx	17	9.0	hap1
PR01008	LGx	18	10.0	hap1
PR01008	LGx	19	10.0	hap1
PR01008	LGx	20	11.0	hap1
PR01008	LGx	21	12.0	hap1
PR01008	LGx	22	12.0	hap1
PR01008	LGx	23	13.0	hap1
PR01008	LGx	24	14.0	hap1
PR01008	LGx	25	14.0	hap1
PR01008	LGx	26	15.0	hap1
PR01008	LGx	27	16.0	hap1
PR01008	LGx	28	17.0	hap1
PR01008	LGx	29	17.0	hap1
PR01008	LGx	30	18.0	hap1
PR01008	LGx	31	19.0	hap1
PR01008	LGx	32	20.0	hap1
PR01008	LGx	33	21.0	hap1
PR01008	LGx	34	22.0	hap1
PR01008	LGx	35	23.0	hap1
PR01008	LGx	36	23.0	hap1
PR01008	LGx	37	24.0	hap1
PR01008	LGx	38	25.0	hap1
PR01008	LGx	39	26.0	hap1
PR01008	LGx	40	27.0	hap1
PR01008	LGx	41	28.0	hap1
PR01008	LGx	42	29.0	hap1
PR01008	LGx	43	30.0	hap1
PR01008	LGx	44	31.0	hap1
PR01008	LGx	45	32.0	hap1
PR01008	LGx	46	33.0	hap1
PR01008	LGx	47	34.0	hap1
PR01008	LGx	48	36.0	hap1
PR01008	LGx	49	37.0	hap1
PR01008	LGx	50	38.0	hap1
PR01008	LGx	51	39.0	hap1
PR01008	LGx	52	40.0	hap1
PR01008	LGx	53	41.0	hap1
PR01008	LGx	54	42.0	hap1
PR01008	LGx	55	44.0	hap1
PR01008	LGx	56	45.0	hap1
PR01008	LGx	57	46.0	hap1
PR01008	LGx	58	47.0	hap1
PR01008	LGx	59	49.0	hap1
PR01008	LGx	60	50.0	hap1
PR01008	LGx	61	51.0	hap1
PR01008	LGx	62	53.0	hap1
PR01008	LGx	63	54.0	hap1
PR01008	LGx	64	56.0	hap1
PR01008	LGx	65	57.0	hap1
PR01008	LGx	66	59.0	hap1
PR01008	LGx	67	61.0	hap1
PR01008	LGx	68	62.0	hap1
PR01008	LGx	69	64.0	hap1
PR01008	LGx	70	66.0	hap1
PR01008	LGx	71	68.0	hap1
PR01008	LGx	72	70.0	hap1
PR01008	LGx	73	72.0	hap1
PR01008	LGx	74	74.0	hap1
PR01008	LGx	75	76.0	hap1
PR01008	LGx	76	78.0	hap1
PR01008	LGx	77	80.0	hap1
PR01008	LGx	78	83.0	hap1
PR01008	LGx	79	85.0	hap1
PR01008	LGx	80	88.0	hap1
PR01008	LGx	81	90.0	hap1
PR01008	LGx	82	93.0	hap1
PR01008	LGx	83	96.0	hap1
PR01008	LGx	84	99.0	hap1
PR01008	LGx	85	102.0	hap1
PR01008	LGx	86	105.0	hap1
PR01008	LGx	87	109.0	hap1
PR01008	LGx	88	112.0	hap1
PR01008	LGx	89	116.0	hap1
PR01008	LGx	90	120.0	hap1
PR01008	LGx	91	125.0	hap1
PR01008	LGx	92	129.0	hap1
PR01008	LGx	93	134.0	hap1
PR01008	LGx	94	139.0	hap1
PR01008	LGx	95	145.0	hap1
PR01008	LGx	96	151.0	hap1
PR01008	LGx	97	158.0	hap1
PR01008	LGx	98	166.0	hap1
PR01008	LGx	99	175.0	hap1
PR01008	LGx	100	186.0	hap1
PR01008	auN	3177069636	411.17435	hap2
PR01008	auNG	3018593705	432.76093	hap2
PR01008	Nx	1	66719928.0	hap2
PR01008	Nx	2	66719928.0	hap2
PR01008	Nx	3	60609449.0	hap2
PR01008	Nx	4	60609449.0	hap2
PR01008	Nx	5	55165632.0	hap2
PR01008	Nx	6	54233834.0	hap2
PR01008	Nx	7	54233834.0	hap2
PR01008	Nx	8	47269456.0	hap2
PR01008	Nx	9	42036904.0	hap2
PR01008	Nx	10	42036904.0	hap2
PR01008	Nx	11	41911130.0	hap2
PR01008	Nx	12	38844987.0	hap2
PR01008	Nx	13	36780121.0	hap2
PR01008	Nx	14	35876594.0	hap2
PR01008	Nx	15	35876594.0	hap2
PR01008	Nx	16	33900167.0	hap2
PR01008	Nx	17	32441155.0	hap2
PR01008	Nx	18	31097735.0	hap2
PR01008	Nx	19	30706090.0	hap2
PR01008	Nx	20	28980388.0	hap2
PR01008	Nx	21	28297488.0	hap2
PR01008	Nx	22	26846552.0	hap2
PR01008	Nx	23	26329423.0	hap2
PR01008	Nx	24	26263234.0	hap2
PR01008	Nx	25	26078710.0	hap2
PR01008	Nx	26	25622307.0	hap2
PR01008	Nx	27	25472258.0	hap2
PR01008	Nx	28	25152384.0	hap2
PR01008	Nx	29	24761580.0	hap2
PR01008	Nx	30	24477821.0	hap2
PR01008	Nx	31	24204462.0	hap2
PR01008	Nx	32	23880652.0	hap2
PR01008	Nx	33	23371093.0	hap2
PR01008	Nx	34	23306360.0	hap2
PR01008	Nx	35	23177033.0	hap2
PR01008	Nx	36	22529348.0	hap2
PR01008	Nx	37	22154323.0	hap2
PR01008	Nx	38	21751979.0	hap2
PR01008	Nx	39	21444424.0	hap2
PR01008	Nx	40	21431902.0	hap2
PR01008	Nx	41	20140101.0	hap2
PR01008	Nx	42	19541016.0	hap2
PR01008	Nx	43	19408684.0	hap2
PR01008	Nx	44	19088081.0	hap2
PR01008	Nx	45	18599751.0	hap2
PR01008	Nx	46	18365833.0	hap2
PR01008	Nx	47	17456885.0	hap2
PR01008	Nx	48	17395065.0	hap2
PR01008	Nx	49	16505237.0	hap2
PR01008	Nx	50	16453833.0	hap2
PR01008	Nx	51	15949949.0	hap2
PR01008	Nx	52	15418558.0	hap2
PR01008	Nx	53	15189629.0	hap2
PR01008	Nx	54	14511572.0	hap2
PR01008	Nx	55	13951439.0	hap2
PR01008	Nx	56	13765502.0	hap2
PR01008	Nx	57	13108147.0	hap2
PR01008	Nx	58	12726157.0	hap2
PR01008	Nx	59	12366148.0	hap2
PR01008	Nx	60	12067556.0	hap2
PR01008	Nx	61	11283636.0	hap2
PR01008	Nx	62	11023851.0	hap2
PR01008	Nx	63	10558892.0	hap2
PR01008	Nx	64	10107932.0	hap2
PR01008	Nx	65	9903763.0	hap2
PR01008	Nx	66	9346969.0	hap2
PR01008	Nx	67	9263031.0	hap2
PR01008	Nx	68	8892810.0	hap2
PR01008	Nx	69	8370236.0	hap2
PR01008	Nx	70	7886650.0	hap2
PR01008	Nx	71	7580046.0	hap2
PR01008	Nx	72	7376024.0	hap2
PR01008	Nx	73	7278506.0	hap2
PR01008	Nx	74	6877931.0	hap2
PR01008	Nx	75	6673389.0	hap2
PR01008	Nx	76	6435599.0	hap2
PR01008	Nx	77	6312682.0	hap2
PR01008	Nx	78	6161285.0	hap2
PR01008	Nx	79	5995568.0	hap2
PR01008	Nx	80	5798167.0	hap2
PR01008	Nx	81	5461318.0	hap2
PR01008	Nx	82	5355967.0	hap2
PR01008	Nx	83	5103216.0	hap2
PR01008	Nx	84	5014387.0	hap2
PR01008	Nx	85	4851074.0	hap2
PR01008	Nx	86	4405437.0	hap2
PR01008	Nx	87	4226876.0	hap2
PR01008	Nx	88	4063807.0	hap2
PR01008	Nx	89	3832777.0	hap2
PR01008	Nx	90	3659637.0	hap2
PR01008	Nx	91	3269936.0	hap2
PR01008	Nx	92	3033743.0	hap2
PR01008	Nx	93	2688755.0	hap2
PR01008	Nx	94	2400708.0	hap2
PR01008	Nx	95	2059144.0	hap2
PR01008	Nx	96	1654376.0	hap2
PR01008	Nx	97	1347173.0	hap2
PR01008	Nx	98	1079222.0	hap2
PR01008	Nx	99	560026.0	hap2
PR01008	Nx	100	16558.0	hap2
PR01008	Lx	1	66719928.0	hap2
PR01008	Lx	2	66719928.0	hap2
PR01008	Lx	3	60609449.0	hap2
PR01008	Lx	4	60609449.0	hap2
PR01008	Lx	5	55165632.0	hap2
PR01008	Lx	6	54233834.0	hap2
PR01008	Lx	7	54233834.0	hap2
PR01008	Lx	8	47269456.0	hap2
PR01008	Lx	9	42036904.0	hap2
PR01008	Lx	10	42036904.0	hap2
PR01008	Lx	11	41911130.0	hap2
PR01008	Lx	12	38844987.0	hap2
PR01008	Lx	13	36780121.0	hap2
PR01008	Lx	14	35876594.0	hap2
PR01008	Lx	15	35876594.0	hap2
PR01008	Lx	16	33900167.0	hap2
PR01008	Lx	17	32441155.0	hap2
PR01008	Lx	18	31097735.0	hap2
PR01008	Lx	19	30706090.0	hap2
PR01008	Lx	20	28980388.0	hap2
PR01008	Lx	21	28297488.0	hap2
PR01008	Lx	22	26846552.0	hap2
PR01008	Lx	23	26329423.0	hap2
PR01008	Lx	24	26263234.0	hap2
PR01008	Lx	25	26078710.0	hap2
PR01008	Lx	26	25622307.0	hap2
PR01008	Lx	27	25472258.0	hap2
PR01008	Lx	28	25152384.0	hap2
PR01008	Lx	29	24761580.0	hap2
PR01008	Lx	30	24477821.0	hap2
PR01008	Lx	31	24204462.0	hap2
PR01008	Lx	32	23880652.0	hap2
PR01008	Lx	33	23371093.0	hap2
PR01008	Lx	34	23306360.0	hap2
PR01008	Lx	35	23177033.0	hap2
PR01008	Lx	36	22529348.0	hap2
PR01008	Lx	37	22154323.0	hap2
PR01008	Lx	38	21751979.0	hap2
PR01008	Lx	39	21444424.0	hap2
PR01008	Lx	40	21431902.0	hap2
PR01008	Lx	41	20140101.0	hap2
PR01008	Lx	42	19541016.0	hap2
PR01008	Lx	43	19408684.0	hap2
PR01008	Lx	44	19088081.0	hap2
PR01008	Lx	45	18599751.0	hap2
PR01008	Lx	46	18365833.0	hap2
PR01008	Lx	47	17456885.0	hap2
PR01008	Lx	48	17395065.0	hap2
PR01008	Lx	49	16505237.0	hap2
PR01008	Lx	50	16453833.0	hap2
PR01008	Lx	51	15949949.0	hap2
PR01008	Lx	52	15418558.0	hap2
PR01008	Lx	53	15189629.0	hap2
PR01008	Lx	54	14511572.0	hap2
PR01008	Lx	55	13951439.0	hap2
PR01008	Lx	56	13765502.0	hap2
PR01008	Lx	57	13108147.0	hap2
PR01008	Lx	58	12726157.0	hap2
PR01008	Lx	59	12366148.0	hap2
PR01008	Lx	60	12067556.0	hap2
PR01008	Lx	61	11283636.0	hap2
PR01008	Lx	62	11023851.0	hap2
PR01008	Lx	63	10558892.0	hap2
PR01008	Lx	64	10107932.0	hap2
PR01008	Lx	65	9903763.0	hap2
PR01008	Lx	66	9346969.0	hap2
PR01008	Lx	67	9263031.0	hap2
PR01008	Lx	68	8892810.0	hap2
PR01008	Lx	69	8370236.0	hap2
PR01008	Lx	70	7886650.0	hap2
PR01008	Lx	71	7580046.0	hap2
PR01008	Lx	72	7376024.0	hap2
PR01008	Lx	73	7278506.0	hap2
PR01008	Lx	74	6877931.0	hap2
PR01008	Lx	75	6673389.0	hap2
PR01008	Lx	76	6435599.0	hap2
PR01008	Lx	77	6312682.0	hap2
PR01008	Lx	78	6161285.0	hap2
PR01008	Lx	79	5995568.0	hap2
PR01008	Lx	80	5798167.0	hap2
PR01008	Lx	81	5461318.0	hap2
PR01008	Lx	82	5355967.0	hap2
PR01008	Lx	83	5103216.0	hap2
PR01008	Lx	84	5014387.0	hap2
PR01008	Lx	85	4851074.0	hap2
PR01008	Lx	86	4405437.0	hap2
PR01008	Lx	87	4226876.0	hap2
PR01008	Lx	88	4063807.0	hap2
PR01008	Lx	89	3832777.0	hap2
PR01008	Lx	90	3659637.0	hap2
PR01008	Lx	91	3269936.0	hap2
PR01008	Lx	92	3033743.0	hap2
PR01008	Lx	93	2688755.0	hap2
PR01008	Lx	94	2400708.0	hap2
PR01008	Lx	95	2059144.0	hap2
PR01008	Lx	96	1654376.0	hap2
PR01008	Lx	97	1347173.0	hap2
PR01008	Lx	98	1079222.0	hap2
PR01008	Lx	99	560026.0	hap2
PR01008	Lx	100	16558.0	hap2
PR01008	NGx	1	66719928.0	hap2
PR01008	NGx	2	66719928.0	hap2
PR01008	NGx	3	60609449.0	hap2
PR01008	NGx	4	60609449.0	hap2
PR01008	NGx	5	55165632.0	hap2
PR01008	NGx	6	55165632.0	hap2
PR01008	NGx	7	54233834.0	hap2
PR01008	NGx	8	47269456.0	hap2
PR01008	NGx	9	47269456.0	hap2
PR01008	NGx	10	42036904.0	hap2
PR01008	NGx	11	41911130.0	hap2
PR01008	NGx	12	41911130.0	hap2
PR01008	NGx	13	38844987.0	hap2
PR01008	NGx	14	36780121.0	hap2
PR01008	NGx	15	35876594.0	hap2
PR01008	NGx	16	33900167.0	hap2
PR01008	NGx	17	33900167.0	hap2
PR01008	NGx	18	32441155.0	hap2
PR01008	NGx	19	31097735.0	hap2
PR01008	NGx	20	30706090.0	hap2
PR01008	NGx	21	28980388.0	hap2
PR01008	NGx	22	28966984.0	hap2
PR01008	NGx	23	26846552.0	hap2
PR01008	NGx	24	26329423.0	hap2
PR01008	NGx	25	26263234.0	hap2
PR01008	NGx	26	26078710.0	hap2
PR01008	NGx	27	25909701.0	hap2
PR01008	NGx	28	25622307.0	hap2
PR01008	NGx	29	25472258.0	hap2
PR01008	NGx	30	24761580.0	hap2
PR01008	NGx	31	24624625.0	hap2
PR01008	NGx	32	24477821.0	hap2
PR01008	NGx	33	24204462.0	hap2
PR01008	NGx	34	23411597.0	hap2
PR01008	NGx	35	23371093.0	hap2
PR01008	NGx	36	23306360.0	hap2
PR01008	NGx	37	22701748.0	hap2
PR01008	NGx	38	22529348.0	hap2
PR01008	NGx	39	22154323.0	hap2
PR01008	NGx	40	21751979.0	hap2
PR01008	NGx	41	21444424.0	hap2
PR01008	NGx	42	21431902.0	hap2
PR01008	NGx	43	20140101.0	hap2
PR01008	NGx	44	19804301.0	hap2
PR01008	NGx	45	19408684.0	hap2
PR01008	NGx	46	19331727.0	hap2
PR01008	NGx	47	18796360.0	hap2
PR01008	NGx	48	18365833.0	hap2
PR01008	NGx	49	17644133.0	hap2
PR01008	NGx	50	17439307.0	hap2
PR01008	NGx	51	17084843.0	hap2
PR01008	NGx	52	16494350.0	hap2
PR01008	NGx	53	16453833.0	hap2
PR01008	NGx	54	15949949.0	hap2
PR01008	NGx	55	15418558.0	hap2
PR01008	NGx	56	15189629.0	hap2
PR01008	NGx	57	14511572.0	hap2
PR01008	NGx	58	13951439.0	hap2
PR01008	NGx	59	13765502.0	hap2
PR01008	NGx	60	13108147.0	hap2
PR01008	NGx	61	12726157.0	hap2
PR01008	NGx	62	12366148.0	hap2
PR01008	NGx	63	12067556.0	hap2
PR01008	NGx	64	11283636.0	hap2
PR01008	NGx	65	11224474.0	hap2
PR01008	NGx	66	10712550.0	hap2
PR01008	NGx	67	10178568.0	hap2
PR01008	NGx	68	9920419.0	hap2
PR01008	NGx	69	9647946.0	hap2
PR01008	NGx	70	9329930.0	hap2
PR01008	NGx	71	9004036.0	hap2
PR01008	NGx	72	8816152.0	hap2
PR01008	NGx	73	7978940.0	hap2
PR01008	NGx	74	7763367.0	hap2
PR01008	NGx	75	7538880.0	hap2
PR01008	NGx	76	7376024.0	hap2
PR01008	NGx	77	7091758.0	hap2
PR01008	NGx	78	6775832.0	hap2
PR01008	NGx	79	6673389.0	hap2
PR01008	NGx	80	6435599.0	hap2
PR01008	NGx	81	6312682.0	hap2
PR01008	NGx	82	6161285.0	hap2
PR01008	NGx	83	5995568.0	hap2
PR01008	NGx	84	5808941.0	hap2
PR01008	NGx	85	5467765.0	hap2
PR01008	NGx	86	5390220.0	hap2
PR01008	NGx	87	5168113.0	hap2
PR01008	NGx	88	5034006.0	hap2
PR01008	NGx	89	4938432.0	hap2
PR01008	NGx	90	4683760.0	hap2
PR01008	NGx	91	4336533.0	hap2
PR01008	NGx	92	4200619.0	hap2
PR01008	NGx	93	3955889.0	hap2
PR01008	NGx	94	3726678.0	hap2
PR01008	NGx	95	3504338.0	hap2
PR01008	NGx	96	3181416.0	hap2
PR01008	NGx	97	2976984.0	hap2
PR01008	NGx	98	2662715.0	hap2
PR01008	NGx	99	2350670.0	hap2
PR01008	NGx	100	2059144.0	hap2
PR01008	LGx	1	1.0	hap2
PR01008	LGx	2	1.0	hap2
PR01008	LGx	3	2.0	hap2
PR01008	LGx	4	2.0	hap2
PR01008	LGx	5	3.0	hap2
PR01008	LGx	6	3.0	hap2
PR01008	LGx	7	4.0	hap2
PR01008	LGx	8	5.0	hap2
PR01008	LGx	9	5.0	hap2
PR01008	LGx	10	6.0	hap2
PR01008	LGx	11	7.0	hap2
PR01008	LGx	12	7.0	hap2
PR01008	LGx	13	8.0	hap2
PR01008	LGx	14	9.0	hap2
PR01008	LGx	15	10.0	hap2
PR01008	LGx	16	11.0	hap2
PR01008	LGx	17	11.0	hap2
PR01008	LGx	18	12.0	hap2
PR01008	LGx	19	13.0	hap2
PR01008	LGx	20	14.0	hap2
PR01008	LGx	21	15.0	hap2
PR01008	LGx	22	16.0	hap2
PR01008	LGx	23	18.0	hap2
PR01008	LGx	24	19.0	hap2
PR01008	LGx	25	20.0	hap2
PR01008	LGx	26	21.0	hap2
PR01008	LGx	27	22.0	hap2
PR01008	LGx	28	23.0	hap2
PR01008	LGx	29	24.0	hap2
PR01008	LGx	30	26.0	hap2
PR01008	LGx	31	27.0	hap2
PR01008	LGx	32	28.0	hap2
PR01008	LGx	33	29.0	hap2
PR01008	LGx	34	31.0	hap2
PR01008	LGx	35	32.0	hap2
PR01008	LGx	36	33.0	hap2
PR01008	LGx	37	35.0	hap2
PR01008	LGx	38	36.0	hap2
PR01008	LGx	39	37.0	hap2
PR01008	LGx	40	39.0	hap2
PR01008	LGx	41	40.0	hap2
PR01008	LGx	42	41.0	hap2
PR01008	LGx	43	43.0	hap2
PR01008	LGx	44	44.0	hap2
PR01008	LGx	45	46.0	hap2
PR01008	LGx	46	47.0	hap2
PR01008	LGx	47	49.0	hap2
PR01008	LGx	48	51.0	hap2
PR01008	LGx	49	52.0	hap2
PR01008	LGx	50	54.0	hap2
PR01008	LGx	51	56.0	hap2
PR01008	LGx	52	58.0	hap2
PR01008	LGx	53	59.0	hap2
PR01008	LGx	54	61.0	hap2
PR01008	LGx	55	63.0	hap2
PR01008	LGx	56	65.0	hap2
PR01008	LGx	57	67.0	hap2
PR01008	LGx	58	69.0	hap2
PR01008	LGx	59	72.0	hap2
PR01008	LGx	60	74.0	hap2
PR01008	LGx	61	76.0	hap2
PR01008	LGx	62	79.0	hap2
PR01008	LGx	63	81.0	hap2
PR01008	LGx	64	84.0	hap2
PR01008	LGx	65	86.0	hap2
PR01008	LGx	66	89.0	hap2
PR01008	LGx	67	92.0	hap2
PR01008	LGx	68	95.0	hap2
PR01008	LGx	69	98.0	hap2
PR01008	LGx	70	101.0	hap2
PR01008	LGx	71	105.0	hap2
PR01008	LGx	72	108.0	hap2
PR01008	LGx	73	112.0	hap2
PR01008	LGx	74	115.0	hap2
PR01008	LGx	75	119.0	hap2
PR01008	LGx	76	123.0	hap2
PR01008	LGx	77	128.0	hap2
PR01008	LGx	78	132.0	hap2
PR01008	LGx	79	136.0	hap2
PR01008	LGx	80	141.0	hap2
PR01008	LGx	81	146.0	hap2
PR01008	LGx	82	151.0	hap2
PR01008	LGx	83	156.0	hap2
PR01008	LGx	84	161.0	hap2
PR01008	LGx	85	166.0	hap2
PR01008	LGx	86	172.0	hap2
PR01008	LGx	87	177.0	hap2
PR01008	LGx	88	183.0	hap2
PR01008	LGx	89	189.0	hap2
PR01008	LGx	90	196.0	hap2
PR01008	LGx	91	202.0	hap2
PR01008	LGx	92	209.0	hap2
PR01008	LGx	93	217.0	hap2
PR01008	LGx	94	225.0	hap2
PR01008	LGx	95	233.0	hap2
PR01008	LGx	96	242.0	hap2
PR01008	LGx	97	252.0	hap2
PR01008	LGx	98	262.0	hap2
PR01008	LGx	99	274.0	hap2
PR01008	LGx	100	288.0	hap2
PR01008	auN	3332033105	202.6806	primary
PR01008	auNG	3018593705	223.72618	primary
PR01008	Nx	1	118091519.0	primary
PR01008	Nx	2	118091519.0	primary
PR01008	Nx	3	118091519.0	primary
PR01008	Nx	4	95540034.0	primary
PR01008	Nx	5	95540034.0	primary
PR01008	Nx	6	95540034.0	primary
PR01008	Nx	7	88116541.0	primary
PR01008	Nx	8	88116541.0	primary
PR01008	Nx	9	88116541.0	primary
PR01008	Nx	10	77561620.0	primary
PR01008	Nx	11	77561620.0	primary
PR01008	Nx	12	76862129.0	primary
PR01008	Nx	13	76862129.0	primary
PR01008	Nx	14	74125564.0	primary
PR01008	Nx	15	74125564.0	primary
PR01008	Nx	16	58888824.0	primary
PR01008	Nx	17	58888824.0	primary
PR01008	Nx	18	58214923.0	primary
PR01008	Nx	19	58214923.0	primary
PR01008	Nx	20	57113080.0	primary
PR01008	Nx	21	57113080.0	primary
PR01008	Nx	22	56400402.0	primary
PR01008	Nx	23	51191743.0	primary
PR01008	Nx	24	51191743.0	primary
PR01008	Nx	25	50117147.0	primary
PR01008	Nx	26	49039035.0	primary
PR01008	Nx	27	49039035.0	primary
PR01008	Nx	28	48802265.0	primary
PR01008	Nx	29	47222772.0	primary
PR01008	Nx	30	47222772.0	primary
PR01008	Nx	31	46597541.0	primary
PR01008	Nx	32	45981948.0	primary
PR01008	Nx	33	45981948.0	primary
PR01008	Nx	34	42143211.0	primary
PR01008	Nx	35	42036904.0	primary
PR01008	Nx	36	40606622.0	primary
PR01008	Nx	37	39912197.0	primary
PR01008	Nx	38	38097556.0	primary
PR01008	Nx	39	38097556.0	primary
PR01008	Nx	40	37851117.0	primary
PR01008	Nx	41	37589922.0	primary
PR01008	Nx	42	36712150.0	primary
PR01008	Nx	43	36004231.0	primary
PR01008	Nx	44	35921375.0	primary
PR01008	Nx	45	35876594.0	primary
PR01008	Nx	46	35320890.0	primary
PR01008	Nx	47	34051983.0	primary
PR01008	Nx	48	33749891.0	primary
PR01008	Nx	49	33607920.0	primary
PR01008	Nx	50	32994076.0	primary
PR01008	Nx	51	32280932.0	primary
PR01008	Nx	52	32234632.0	primary
PR01008	Nx	53	31579959.0	primary
PR01008	Nx	54	29087962.0	primary
PR01008	Nx	55	29017242.0	primary
PR01008	Nx	56	28984651.0	primary
PR01008	Nx	57	28918486.0	primary
PR01008	Nx	58	27490794.0	primary
PR01008	Nx	59	26619952.0	primary
PR01008	Nx	60	26421131.0	primary
PR01008	Nx	61	26198703.0	primary
PR01008	Nx	62	24471218.0	primary
PR01008	Nx	63	24233829.0	primary
PR01008	Nx	64	24202074.0	primary
PR01008	Nx	65	23316983.0	primary
PR01008	Nx	66	23234080.0	primary
PR01008	Nx	67	20895098.0	primary
PR01008	Nx	68	20395927.0	primary
PR01008	Nx	69	19526276.0	primary
PR01008	Nx	70	18922357.0	primary
PR01008	Nx	71	18712920.0	primary
PR01008	Nx	72	17992051.0	primary
PR01008	Nx	73	17095807.0	primary
PR01008	Nx	74	16629844.0	primary
PR01008	Nx	75	15980484.0	primary
PR01008	Nx	76	15075112.0	primary
PR01008	Nx	77	13325005.0	primary
PR01008	Nx	78	13116619.0	primary
PR01008	Nx	79	12883678.0	primary
PR01008	Nx	80	12426283.0	primary
PR01008	Nx	81	12362741.0	primary
PR01008	Nx	82	11606636.0	primary
PR01008	Nx	83	10604937.0	primary
PR01008	Nx	84	10227350.0	primary
PR01008	Nx	85	9871303.0	primary
PR01008	Nx	86	9406235.0	primary
PR01008	Nx	87	8892810.0	primary
PR01008	Nx	88	8194842.0	primary
PR01008	Nx	89	7851702.0	primary
PR01008	Nx	90	7481097.0	primary
PR01008	Nx	91	6741635.0	primary
PR01008	Nx	92	6194600.0	primary
PR01008	Nx	93	5795801.0	primary
PR01008	Nx	94	5344216.0	primary
PR01008	Nx	95	4592791.0	primary
PR01008	Nx	96	4063805.0	primary
PR01008	Nx	97	3531117.0	primary
PR01008	Nx	98	2350698.0	primary
PR01008	Nx	99	1510593.0	primary
PR01008	Nx	100	11417.0	primary
PR01008	Lx	1	118091519.0	primary
PR01008	Lx	2	118091519.0	primary
PR01008	Lx	3	118091519.0	primary
PR01008	Lx	4	95540034.0	primary
PR01008	Lx	5	95540034.0	primary
PR01008	Lx	6	95540034.0	primary
PR01008	Lx	7	88116541.0	primary
PR01008	Lx	8	88116541.0	primary
PR01008	Lx	9	88116541.0	primary
PR01008	Lx	10	77561620.0	primary
PR01008	Lx	11	77561620.0	primary
PR01008	Lx	12	76862129.0	primary
PR01008	Lx	13	76862129.0	primary
PR01008	Lx	14	74125564.0	primary
PR01008	Lx	15	74125564.0	primary
PR01008	Lx	16	58888824.0	primary
PR01008	Lx	17	58888824.0	primary
PR01008	Lx	18	58214923.0	primary
PR01008	Lx	19	58214923.0	primary
PR01008	Lx	20	57113080.0	primary
PR01008	Lx	21	57113080.0	primary
PR01008	Lx	22	56400402.0	primary
PR01008	Lx	23	51191743.0	primary
PR01008	Lx	24	51191743.0	primary
PR01008	Lx	25	50117147.0	primary
PR01008	Lx	26	49039035.0	primary
PR01008	Lx	27	49039035.0	primary
PR01008	Lx	28	48802265.0	primary
PR01008	Lx	29	47222772.0	primary
PR01008	Lx	30	47222772.0	primary
PR01008	Lx	31	46597541.0	primary
PR01008	Lx	32	45981948.0	primary
PR01008	Lx	33	45981948.0	primary
PR01008	Lx	34	42143211.0	primary
PR01008	Lx	35	42036904.0	primary
PR01008	Lx	36	40606622.0	primary
PR01008	Lx	37	39912197.0	primary
PR01008	Lx	38	38097556.0	primary
PR01008	Lx	39	38097556.0	primary
PR01008	Lx	40	37851117.0	primary
PR01008	Lx	41	37589922.0	primary
PR01008	Lx	42	36712150.0	primary
PR01008	Lx	43	36004231.0	primary
PR01008	Lx	44	35921375.0	primary
PR01008	Lx	45	35876594.0	primary
PR01008	Lx	46	35320890.0	primary
PR01008	Lx	47	34051983.0	primary
PR01008	Lx	48	33749891.0	primary
PR01008	Lx	49	33607920.0	primary
PR01008	Lx	50	32994076.0	primary
PR01008	Lx	51	32280932.0	primary
PR01008	Lx	52	32234632.0	primary
PR01008	Lx	53	31579959.0	primary
PR01008	Lx	54	29087962.0	primary
PR01008	Lx	55	29017242.0	primary
PR01008	Lx	56	28984651.0	primary
PR01008	Lx	57	28918486.0	primary
PR01008	Lx	58	27490794.0	primary
PR01008	Lx	59	26619952.0	primary
PR01008	Lx	60	26421131.0	primary
PR01008	Lx	61	26198703.0	primary
PR01008	Lx	62	24471218.0	primary
PR01008	Lx	63	24233829.0	primary
PR01008	Lx	64	24202074.0	primary
PR01008	Lx	65	23316983.0	primary
PR01008	Lx	66	23234080.0	primary
PR01008	Lx	67	20895098.0	primary
PR01008	Lx	68	20395927.0	primary
PR01008	Lx	69	19526276.0	primary
PR01008	Lx	70	18922357.0	primary
PR01008	Lx	71	18712920.0	primary
PR01008	Lx	72	17992051.0	primary
PR01008	Lx	73	17095807.0	primary
PR01008	Lx	74	16629844.0	primary
PR01008	Lx	75	15980484.0	primary
PR01008	Lx	76	15075112.0	primary
PR01008	Lx	77	13325005.0	primary
PR01008	Lx	78	13116619.0	primary
PR01008	Lx	79	12883678.0	primary
PR01008	Lx	80	12426283.0	primary
PR01008	Lx	81	12362741.0	primary
PR01008	Lx	82	11606636.0	primary
PR01008	Lx	83	10604937.0	primary
PR01008	Lx	84	10227350.0	primary
PR01008	Lx	85	9871303.0	primary
PR01008	Lx	86	9406235.0	primary
PR01008	Lx	87	8892810.0	primary
PR01008	Lx	88	8194842.0	primary
PR01008	Lx	89	7851702.0	primary
PR01008	Lx	90	7481097.0	primary
PR01008	Lx	91	6741635.0	primary
PR01008	Lx	92	6194600.0	primary
PR01008	Lx	93	5795801.0	primary
PR01008	Lx	94	5344216.0	primary
PR01008	Lx	95	4592791.0	primary
PR01008	Lx	96	4063805.0	primary
PR01008	Lx	97	3531117.0	primary
PR01008	Lx	98	2350698.0	primary
PR01008	Lx	99	1510593.0	primary
PR01008	Lx	100	11417.0	primary
PR01008	NGx	1	118091519.0	primary
PR01008	NGx	2	118091519.0	primary
PR01008	NGx	3	118091519.0	primary
PR01008	NGx	4	95540034.0	primary
PR01008	NGx	5	95540034.0	primary
PR01008	NGx	6	95540034.0	primary
PR01008	NGx	7	95540034.0	primary
PR01008	NGx	8	88116541.0	primary
PR01008	NGx	9	88116541.0	primary
PR01008	NGx	10	77561620.0	primary
PR01008	NGx	11	77561620.0	primary
PR01008	NGx	12	77561620.0	primary
PR01008	NGx	13	76862129.0	primary
PR01008	NGx	14	76862129.0	primary
PR01008	NGx	15	76862129.0	primary
PR01008	NGx	16	74125564.0	primary
PR01008	NGx	17	74125564.0	primary
PR01008	NGx	18	58888824.0	primary
PR01008	NGx	19	58888824.0	primary
PR01008	NGx	20	58214923.0	primary
PR01008	NGx	21	58214923.0	primary
PR01008	NGx	22	57113080.0	primary
PR01008	NGx	23	57113080.0	primary
PR01008	NGx	24	56400402.0	primary
PR01008	NGx	25	56400402.0	primary
PR01008	NGx	26	51191743.0	primary
PR01008	NGx	27	50117147.0	primary
PR01008	NGx	28	50117147.0	primary
PR01008	NGx	29	49039035.0	primary
PR01008	NGx	30	49039035.0	primary
PR01008	NGx	31	48802265.0	primary
PR01008	NGx	32	47222772.0	primary
PR01008	NGx	33	47222772.0	primary
PR01008	NGx	34	46597541.0	primary
PR01008	NGx	35	45981948.0	primary
PR01008	NGx	36	45981948.0	primary
PR01008	NGx	37	42143211.0	primary
PR01008	NGx	38	42036904.0	primary
PR01008	NGx	39	42036904.0	primary
PR01008	NGx	40	40606622.0	primary
PR01008	NGx	41	39912197.0	primary
PR01008	NGx	42	38097556.0	primary
PR01008	NGx	43	38097556.0	primary
PR01008	NGx	44	37851117.0	primary
PR01008	NGx	45	37589922.0	primary
PR01008	NGx	46	36712150.0	primary
PR01008	NGx	47	36004231.0	primary
PR01008	NGx	48	36004231.0	primary
PR01008	NGx	49	35921375.0	primary
PR01008	NGx	50	35876594.0	primary
PR01008	NGx	51	35320890.0	primary
PR01008	NGx	52	34051983.0	primary
PR01008	NGx	53	33749891.0	primary
PR01008	NGx	54	33607920.0	primary
PR01008	NGx	55	32994076.0	primary
PR01008	NGx	56	32994076.0	primary
PR01008	NGx	57	32280932.0	primary
PR01008	NGx	58	32234632.0	primary
PR01008	NGx	59	31579959.0	primary
PR01008	NGx	60	29087962.0	primary
PR01008	NGx	61	29017242.0	primary
PR01008	NGx	62	28984651.0	primary
PR01008	NGx	63	28918486.0	primary
PR01008	NGx	64	27694689.0	primary
PR01008	NGx	65	26619952.0	primary
PR01008	NGx	66	26421131.0	primary
PR01008	NGx	67	26198703.0	primary
PR01008	NGx	68	25910964.0	primary
PR01008	NGx	69	24471218.0	primary
PR01008	NGx	70	24233829.0	primary
PR01008	NGx	71	24083901.0	primary
PR01008	NGx	72	23316983.0	primary
PR01008	NGx	73	23234080.0	primary
PR01008	NGx	74	20895098.0	primary
PR01008	NGx	75	20395927.0	primary
PR01008	NGx	76	19526276.0	primary
PR01008	NGx	77	19083919.0	primary
PR01008	NGx	78	18712920.0	primary
PR01008	NGx	79	18372063.0	primary
PR01008	NGx	80	17751175.0	primary
PR01008	NGx	81	16907974.0	primary
PR01008	NGx	82	16620185.0	primary
PR01008	NGx	83	15980484.0	primary
PR01008	NGx	84	15075112.0	primary
PR01008	NGx	85	13325005.0	primary
PR01008	NGx	86	13116619.0	primary
PR01008	NGx	87	12897510.0	primary
PR01008	NGx	88	12426283.0	primary
PR01008	NGx	89	12371763.0	primary
PR01008	NGx	90	12338014.0	primary
PR01008	NGx	91	11019120.0	primary
PR01008	NGx	92	10558892.0	primary
PR01008	NGx	93	10181073.0	primary
PR01008	NGx	94	9835924.0	primary
PR01008	NGx	95	9406235.0	primary
PR01008	NGx	96	8892810.0	primary
PR01008	NGx	97	8194842.0	primary
PR01008	NGx	98	7861118.0	primary
PR01008	NGx	99	7580046.0	primary
PR01008	NGx	100	7073583.0	primary
PR01008	LGx	1	1.0	primary
PR01008	LGx	2	1.0	primary
PR01008	LGx	3	1.0	primary
PR01008	LGx	4	2.0	primary
PR01008	LGx	5	2.0	primary
PR01008	LGx	6	2.0	primary
PR01008	LGx	7	2.0	primary
PR01008	LGx	8	3.0	primary
PR01008	LGx	9	3.0	primary
PR01008	LGx	10	4.0	primary
PR01008	LGx	11	4.0	primary
PR01008	LGx	12	4.0	primary
PR01008	LGx	13	5.0	primary
PR01008	LGx	14	5.0	primary
PR01008	LGx	15	5.0	primary
PR01008	LGx	16	6.0	primary
PR01008	LGx	17	6.0	primary
PR01008	LGx	18	7.0	primary
PR01008	LGx	19	7.0	primary
PR01008	LGx	20	8.0	primary
PR01008	LGx	21	8.0	primary
PR01008	LGx	22	9.0	primary
PR01008	LGx	23	9.0	primary
PR01008	LGx	24	10.0	primary
PR01008	LGx	25	10.0	primary
PR01008	LGx	26	11.0	primary
PR01008	LGx	27	12.0	primary
PR01008	LGx	28	12.0	primary
PR01008	LGx	29	13.0	primary
PR01008	LGx	30	13.0	primary
PR01008	LGx	31	14.0	primary
PR01008	LGx	32	15.0	primary
PR01008	LGx	33	15.0	primary
PR01008	LGx	34	16.0	primary
PR01008	LGx	35	17.0	primary
PR01008	LGx	36	17.0	primary
PR01008	LGx	37	18.0	primary
PR01008	LGx	38	19.0	primary
PR01008	LGx	39	19.0	primary
PR01008	LGx	40	20.0	primary
PR01008	LGx	41	21.0	primary
PR01008	LGx	42	22.0	primary
PR01008	LGx	43	22.0	primary
PR01008	LGx	44	23.0	primary
PR01008	LGx	45	24.0	primary
PR01008	LGx	46	25.0	primary
PR01008	LGx	47	26.0	primary
PR01008	LGx	48	26.0	primary
PR01008	LGx	49	27.0	primary
PR01008	LGx	50	28.0	primary
PR01008	LGx	51	29.0	primary
PR01008	LGx	52	30.0	primary
PR01008	LGx	53	31.0	primary
PR01008	LGx	54	32.0	primary
PR01008	LGx	55	33.0	primary
PR01008	LGx	56	33.0	primary
PR01008	LGx	57	34.0	primary
PR01008	LGx	58	35.0	primary
PR01008	LGx	59	36.0	primary
PR01008	LGx	60	37.0	primary
PR01008	LGx	61	38.0	primary
PR01008	LGx	62	39.0	primary
PR01008	LGx	63	40.0	primary
PR01008	LGx	64	41.0	primary
PR01008	LGx	65	43.0	primary
PR01008	LGx	66	44.0	primary
PR01008	LGx	67	45.0	primary
PR01008	LGx	68	46.0	primary
PR01008	LGx	69	47.0	primary
PR01008	LGx	70	48.0	primary
PR01008	LGx	71	50.0	primary
PR01008	LGx	72	51.0	primary
PR01008	LGx	73	52.0	primary
PR01008	LGx	74	54.0	primary
PR01008	LGx	75	55.0	primary
PR01008	LGx	76	57.0	primary
PR01008	LGx	77	58.0	primary
PR01008	LGx	78	60.0	primary
PR01008	LGx	79	61.0	primary
PR01008	LGx	80	63.0	primary
PR01008	LGx	81	65.0	primary
PR01008	LGx	82	67.0	primary
PR01008	LGx	83	68.0	primary
PR01008	LGx	84	70.0	primary
PR01008	LGx	85	73.0	primary
PR01008	LGx	86	75.0	primary
PR01008	LGx	87	77.0	primary
PR01008	LGx	88	80.0	primary
PR01008	LGx	89	82.0	primary
PR01008	LGx	90	84.0	primary
PR01008	LGx	91	87.0	primary
PR01008	LGx	92	90.0	primary
PR01008	LGx	93	93.0	primary
PR01008	LGx	94	96.0	primary
PR01008	LGx	95	99.0	primary
PR01008	LGx	96	102.0	primary
PR01008	LGx	97	106.0	primary
PR01008	LGx	98	109.0	primary
PR01008	LGx	99	113.0	primary
PR01008	LGx	100	117.0	primary
PR01010	auN	3161013518	435.92188	hap1
PR01010	auNG	3018593705	456.48904	hap1
PR01010	Nx	1	88160871.0	hap1
PR01010	Nx	2	88160871.0	hap1
PR01010	Nx	3	72229667.0	hap1
PR01010	Nx	4	72229667.0	hap1
PR01010	Nx	5	72229667.0	hap1
PR01010	Nx	6	68373182.0	hap1
PR01010	Nx	7	68373182.0	hap1
PR01010	Nx	8	65650688.0	hap1
PR01010	Nx	9	65650688.0	hap1
PR01010	Nx	10	58217537.0	hap1
PR01010	Nx	11	58217537.0	hap1
PR01010	Nx	12	53100469.0	hap1
PR01010	Nx	13	50577164.0	hap1
PR01010	Nx	14	50577164.0	hap1
PR01010	Nx	15	49957951.0	hap1
PR01010	Nx	16	49957951.0	hap1
PR01010	Nx	17	48775694.0	hap1
PR01010	Nx	18	48763949.0	hap1
PR01010	Nx	19	48763949.0	hap1
PR01010	Nx	20	42634842.0	hap1
PR01010	Nx	21	42013426.0	hap1
PR01010	Nx	22	41409396.0	hap1
PR01010	Nx	23	41409396.0	hap1
PR01010	Nx	24	41339307.0	hap1
PR01010	Nx	25	40716861.0	hap1
PR01010	Nx	26	39601667.0	hap1
PR01010	Nx	27	38735168.0	hap1
PR01010	Nx	28	38735168.0	hap1
PR01010	Nx	29	37628468.0	hap1
PR01010	Nx	30	33108661.0	hap1
PR01010	Nx	31	32530698.0	hap1
PR01010	Nx	32	31560476.0	hap1
PR01010	Nx	33	30281463.0	hap1
PR01010	Nx	34	30080783.0	hap1
PR01010	Nx	35	30073675.0	hap1
PR01010	Nx	36	29218686.0	hap1
PR01010	Nx	37	28961754.0	hap1
PR01010	Nx	38	28933199.0	hap1
PR01010	Nx	39	28394509.0	hap1
PR01010	Nx	40	28243711.0	hap1
PR01010	Nx	41	27835343.0	hap1
PR01010	Nx	42	27828014.0	hap1
PR01010	Nx	43	27686919.0	hap1
PR01010	Nx	44	27397850.0	hap1
PR01010	Nx	45	26114723.0	hap1
PR01010	Nx	46	24485791.0	hap1
PR01010	Nx	47	24190989.0	hap1
PR01010	Nx	48	24147424.0	hap1
PR01010	Nx	49	23311892.0	hap1
PR01010	Nx	50	23260349.0	hap1
PR01010	Nx	51	23103577.0	hap1
PR01010	Nx	52	22101982.0	hap1
PR01010	Nx	53	21787868.0	hap1
PR01010	Nx	54	20990893.0	hap1
PR01010	Nx	55	20907944.0	hap1
PR01010	Nx	56	19811006.0	hap1
PR01010	Nx	57	19269995.0	hap1
PR01010	Nx	58	19047232.0	hap1
PR01010	Nx	59	18153549.0	hap1
PR01010	Nx	60	17646538.0	hap1
PR01010	Nx	61	17091841.0	hap1
PR01010	Nx	62	16090956.0	hap1
PR01010	Nx	63	15540978.0	hap1
PR01010	Nx	64	15439812.0	hap1
PR01010	Nx	65	15068133.0	hap1
PR01010	Nx	66	13795755.0	hap1
PR01010	Nx	67	13443886.0	hap1
PR01010	Nx	68	13203729.0	hap1
PR01010	Nx	69	12769214.0	hap1
PR01010	Nx	70	12402085.0	hap1
PR01010	Nx	71	12204575.0	hap1
PR01010	Nx	72	11687376.0	hap1
PR01010	Nx	73	11276421.0	hap1
PR01010	Nx	74	10523204.0	hap1
PR01010	Nx	75	10066099.0	hap1
PR01010	Nx	76	9419171.0	hap1
PR01010	Nx	77	8969409.0	hap1
PR01010	Nx	78	8774965.0	hap1
PR01010	Nx	79	8070266.0	hap1
PR01010	Nx	80	7591721.0	hap1
PR01010	Nx	81	7248461.0	hap1
PR01010	Nx	82	6709182.0	hap1
PR01010	Nx	83	6407364.0	hap1
PR01010	Nx	84	6087639.0	hap1
PR01010	Nx	85	5828271.0	hap1
PR01010	Nx	86	5360524.0	hap1
PR01010	Nx	87	5007210.0	hap1
PR01010	Nx	88	4666755.0	hap1
PR01010	Nx	89	4218661.0	hap1
PR01010	Nx	90	3924720.0	hap1
PR01010	Nx	91	3366824.0	hap1
PR01010	Nx	92	3028567.0	hap1
PR01010	Nx	93	2691573.0	hap1
PR01010	Nx	94	2332657.0	hap1
PR01010	Nx	95	1839808.0	hap1
PR01010	Nx	96	1514091.0	hap1
PR01010	Nx	97	1165010.0	hap1
PR01010	Nx	98	791140.0	hap1
PR01010	Nx	99	390943.0	hap1
PR01010	Nx	100	11119.0	hap1
PR01010	Lx	1	88160871.0	hap1
PR01010	Lx	2	88160871.0	hap1
PR01010	Lx	3	72229667.0	hap1
PR01010	Lx	4	72229667.0	hap1
PR01010	Lx	5	72229667.0	hap1
PR01010	Lx	6	68373182.0	hap1
PR01010	Lx	7	68373182.0	hap1
PR01010	Lx	8	65650688.0	hap1
PR01010	Lx	9	65650688.0	hap1
PR01010	Lx	10	58217537.0	hap1
PR01010	Lx	11	58217537.0	hap1
PR01010	Lx	12	53100469.0	hap1
PR01010	Lx	13	50577164.0	hap1
PR01010	Lx	14	50577164.0	hap1
PR01010	Lx	15	49957951.0	hap1
PR01010	Lx	16	49957951.0	hap1
PR01010	Lx	17	48775694.0	hap1
PR01010	Lx	18	48763949.0	hap1
PR01010	Lx	19	48763949.0	hap1
PR01010	Lx	20	42634842.0	hap1
PR01010	Lx	21	42013426.0	hap1
PR01010	Lx	22	41409396.0	hap1
PR01010	Lx	23	41409396.0	hap1
PR01010	Lx	24	41339307.0	hap1
PR01010	Lx	25	40716861.0	hap1
PR01010	Lx	26	39601667.0	hap1
PR01010	Lx	27	38735168.0	hap1
PR01010	Lx	28	38735168.0	hap1
PR01010	Lx	29	37628468.0	hap1
PR01010	Lx	30	33108661.0	hap1
PR01010	Lx	31	32530698.0	hap1
PR01010	Lx	32	31560476.0	hap1
PR01010	Lx	33	30281463.0	hap1
PR01010	Lx	34	30080783.0	hap1
PR01010	Lx	35	30073675.0	hap1
PR01010	Lx	36	29218686.0	hap1
PR01010	Lx	37	28961754.0	hap1
PR01010	Lx	38	28933199.0	hap1
PR01010	Lx	39	28394509.0	hap1
PR01010	Lx	40	28243711.0	hap1
PR01010	Lx	41	27835343.0	hap1
PR01010	Lx	42	27828014.0	hap1
PR01010	Lx	43	27686919.0	hap1
PR01010	Lx	44	27397850.0	hap1
PR01010	Lx	45	26114723.0	hap1
PR01010	Lx	46	24485791.0	hap1
PR01010	Lx	47	24190989.0	hap1
PR01010	Lx	48	24147424.0	hap1
PR01010	Lx	49	23311892.0	hap1
PR01010	Lx	50	23260349.0	hap1
PR01010	Lx	51	23103577.0	hap1
PR01010	Lx	52	22101982.0	hap1
PR01010	Lx	53	21787868.0	hap1
PR01010	Lx	54	20990893.0	hap1
PR01010	Lx	55	20907944.0	hap1
PR01010	Lx	56	19811006.0	hap1
PR01010	Lx	57	19269995.0	hap1
PR01010	Lx	58	19047232.0	hap1
PR01010	Lx	59	18153549.0	hap1
PR01010	Lx	60	17646538.0	hap1
PR01010	Lx	61	17091841.0	hap1
PR01010	Lx	62	16090956.0	hap1
PR01010	Lx	63	15540978.0	hap1
PR01010	Lx	64	15439812.0	hap1
PR01010	Lx	65	15068133.0	hap1
PR01010	Lx	66	13795755.0	hap1
PR01010	Lx	67	13443886.0	hap1
PR01010	Lx	68	13203729.0	hap1
PR01010	Lx	69	12769214.0	hap1
PR01010	Lx	70	12402085.0	hap1
PR01010	Lx	71	12204575.0	hap1
PR01010	Lx	72	11687376.0	hap1
PR01010	Lx	73	11276421.0	hap1
PR01010	Lx	74	10523204.0	hap1
PR01010	Lx	75	10066099.0	hap1
PR01010	Lx	76	9419171.0	hap1
PR01010	Lx	77	8969409.0	hap1
PR01010	Lx	78	8774965.0	hap1
PR01010	Lx	79	8070266.0	hap1
PR01010	Lx	80	7591721.0	hap1
PR01010	Lx	81	7248461.0	hap1
PR01010	Lx	82	6709182.0	hap1
PR01010	Lx	83	6407364.0	hap1
PR01010	Lx	84	6087639.0	hap1
PR01010	Lx	85	5828271.0	hap1
PR01010	Lx	86	5360524.0	hap1
PR01010	Lx	87	5007210.0	hap1
PR01010	Lx	88	4666755.0	hap1
PR01010	Lx	89	4218661.0	hap1
PR01010	Lx	90	3924720.0	hap1
PR01010	Lx	91	3366824.0	hap1
PR01010	Lx	92	3028567.0	hap1
PR01010	Lx	93	2691573.0	hap1
PR01010	Lx	94	2332657.0	hap1
PR01010	Lx	95	1839808.0	hap1
PR01010	Lx	96	1514091.0	hap1
PR01010	Lx	97	1165010.0	hap1
PR01010	Lx	98	791140.0	hap1
PR01010	Lx	99	390943.0	hap1
PR01010	Lx	100	11119.0	hap1
PR01010	NGx	1	88160871.0	hap1
PR01010	NGx	2	88160871.0	hap1
PR01010	NGx	3	72229667.0	hap1
PR01010	NGx	4	72229667.0	hap1
PR01010	NGx	5	72229667.0	hap1
PR01010	NGx	6	68373182.0	hap1
PR01010	NGx	7	68373182.0	hap1
PR01010	NGx	8	65650688.0	hap1
PR01010	NGx	9	65650688.0	hap1
PR01010	NGx	10	58217537.0	hap1
PR01010	NGx	11	58217537.0	hap1
PR01010	NGx	12	53100469.0	hap1
PR01010	NGx	13	53100469.0	hap1
PR01010	NGx	14	50577164.0	hap1
PR01010	NGx	15	50577164.0	hap1
PR01010	NGx	16	49957951.0	hap1
PR01010	NGx	17	48775694.0	hap1
PR01010	NGx	18	48775694.0	hap1
PR01010	NGx	19	48763949.0	hap1
PR01010	NGx	20	48763949.0	hap1
PR01010	NGx	21	42634842.0	hap1
PR01010	NGx	22	42013426.0	hap1
PR01010	NGx	23	41409396.0	hap1
PR01010	NGx	24	41409396.0	hap1
PR01010	NGx	25	41339307.0	hap1
PR01010	NGx	26	40716861.0	hap1
PR01010	NGx	27	39601667.0	hap1
PR01010	NGx	28	39601667.0	hap1
PR01010	NGx	29	38735168.0	hap1
PR01010	NGx	30	37628468.0	hap1
PR01010	NGx	31	33108661.0	hap1
PR01010	NGx	32	32530698.0	hap1
PR01010	NGx	33	31560476.0	hap1
PR01010	NGx	34	30281463.0	hap1
PR01010	NGx	35	30080783.0	hap1
PR01010	NGx	36	30073675.0	hap1
PR01010	NGx	37	29218686.0	hap1
PR01010	NGx	38	28961754.0	hap1
PR01010	NGx	39	28933199.0	hap1
PR01010	NGx	40	28450351.0	hap1
PR01010	NGx	41	28394509.0	hap1
PR01010	NGx	42	28243711.0	hap1
PR01010	NGx	43	27835343.0	hap1
PR01010	NGx	44	27828014.0	hap1
PR01010	NGx	45	27686919.0	hap1
PR01010	NGx	46	27397850.0	hap1
PR01010	NGx	47	26114723.0	hap1
PR01010	NGx	48	25931613.0	hap1
PR01010	NGx	49	24190989.0	hap1
PR01010	NGx	50	24147424.0	hap1
PR01010	NGx	51	24049553.0	hap1
PR01010	NGx	52	23311892.0	hap1
PR01010	NGx	53	23103577.0	hap1
PR01010	NGx	54	22761452.0	hap1
PR01010	NGx	55	22101982.0	hap1
PR01010	NGx	56	21314674.0	hap1
PR01010	NGx	57	20990893.0	hap1
PR01010	NGx	58	20130625.0	hap1
PR01010	NGx	59	19811006.0	hap1
PR01010	NGx	60	19193700.0	hap1
PR01010	NGx	61	19047232.0	hap1
PR01010	NGx	62	18153549.0	hap1
PR01010	NGx	63	17178773.0	hap1
PR01010	NGx	64	17091841.0	hap1
PR01010	NGx	65	16090956.0	hap1
PR01010	NGx	66	15540978.0	hap1
PR01010	NGx	67	15439812.0	hap1
PR01010	NGx	68	15068133.0	hap1
PR01010	NGx	69	13795755.0	hap1
PR01010	NGx	70	13527992.0	hap1
PR01010	NGx	71	13203729.0	hap1
PR01010	NGx	72	12971428.0	hap1
PR01010	NGx	73	12678784.0	hap1
PR01010	NGx	74	12376922.0	hap1
PR01010	NGx	75	11738983.0	hap1
PR01010	NGx	76	11335746.0	hap1
PR01010	NGx	77	10687178.0	hap1
PR01010	NGx	78	10421669.0	hap1
PR01010	NGx	79	9955529.0	hap1
PR01010	NGx	80	9199139.0	hap1
PR01010	NGx	81	8938084.0	hap1
PR01010	NGx	82	8598624.0	hap1
PR01010	NGx	83	7984462.0	hap1
PR01010	NGx	84	7407126.0	hap1
PR01010	NGx	85	7031985.0	hap1
PR01010	NGx	86	6685814.0	hap1
PR01010	NGx	87	6407364.0	hap1
PR01010	NGx	88	6087639.0	hap1
PR01010	NGx	89	5828271.0	hap1
PR01010	NGx	90	5360524.0	hap1
PR01010	NGx	91	5023050.0	hap1
PR01010	NGx	92	4669811.0	hap1
PR01010	NGx	93	4290006.0	hap1
PR01010	NGx	94	3964909.0	hap1
PR01010	NGx	95	3436275.0	hap1
PR01010	NGx	96	3094853.0	hap1
PR01010	NGx	97	2838394.0	hap1
PR01010	NGx	98	2458571.0	hap1
PR01010	NGx	99	2104923.0	hap1
PR01010	NGx	100	1635050.0	hap1
PR01010	LGx	1	1.0	hap1
PR01010	LGx	2	1.0	hap1
PR01010	LGx	3	2.0	hap1
PR01010	LGx	4	2.0	hap1
PR01010	LGx	5	2.0	hap1
PR01010	LGx	6	3.0	hap1
PR01010	LGx	7	3.0	hap1
PR01010	LGx	8	4.0	hap1
PR01010	LGx	9	4.0	hap1
PR01010	LGx	10	5.0	hap1
PR01010	LGx	11	5.0	hap1
PR01010	LGx	12	6.0	hap1
PR01010	LGx	13	6.0	hap1
PR01010	LGx	14	7.0	hap1
PR01010	LGx	15	7.0	hap1
PR01010	LGx	16	8.0	hap1
PR01010	LGx	17	9.0	hap1
PR01010	LGx	18	9.0	hap1
PR01010	LGx	19	10.0	hap1
PR01010	LGx	20	10.0	hap1
PR01010	LGx	21	11.0	hap1
PR01010	LGx	22	12.0	hap1
PR01010	LGx	23	13.0	hap1
PR01010	LGx	24	13.0	hap1
PR01010	LGx	25	14.0	hap1
PR01010	LGx	26	15.0	hap1
PR01010	LGx	27	16.0	hap1
PR01010	LGx	28	16.0	hap1
PR01010	LGx	29	17.0	hap1
PR01010	LGx	30	18.0	hap1
PR01010	LGx	31	19.0	hap1
PR01010	LGx	32	20.0	hap1
PR01010	LGx	33	21.0	hap1
PR01010	LGx	34	22.0	hap1
PR01010	LGx	35	23.0	hap1
PR01010	LGx	36	24.0	hap1
PR01010	LGx	37	25.0	hap1
PR01010	LGx	38	26.0	hap1
PR01010	LGx	39	27.0	hap1
PR01010	LGx	40	28.0	hap1
PR01010	LGx	41	29.0	hap1
PR01010	LGx	42	30.0	hap1
PR01010	LGx	43	31.0	hap1
PR01010	LGx	44	32.0	hap1
PR01010	LGx	45	33.0	hap1
PR01010	LGx	46	34.0	hap1
PR01010	LGx	47	35.0	hap1
PR01010	LGx	48	36.0	hap1
PR01010	LGx	49	38.0	hap1
PR01010	LGx	50	39.0	hap1
PR01010	LGx	51	40.0	hap1
PR01010	LGx	52	41.0	hap1
PR01010	LGx	53	43.0	hap1
PR01010	LGx	54	44.0	hap1
PR01010	LGx	55	45.0	hap1
PR01010	LGx	56	47.0	hap1
PR01010	LGx	57	48.0	hap1
PR01010	LGx	58	50.0	hap1
PR01010	LGx	59	51.0	hap1
PR01010	LGx	60	53.0	hap1
PR01010	LGx	61	54.0	hap1
PR01010	LGx	62	56.0	hap1
PR01010	LGx	63	58.0	hap1
PR01010	LGx	64	59.0	hap1
PR01010	LGx	65	61.0	hap1
PR01010	LGx	66	63.0	hap1
PR01010	LGx	67	65.0	hap1
PR01010	LGx	68	67.0	hap1
PR01010	LGx	69	69.0	hap1
PR01010	LGx	70	71.0	hap1
PR01010	LGx	71	74.0	hap1
PR01010	LGx	72	76.0	hap1
PR01010	LGx	73	78.0	hap1
PR01010	LGx	74	81.0	hap1
PR01010	LGx	75	83.0	hap1
PR01010	LGx	76	86.0	hap1
PR01010	LGx	77	89.0	hap1
PR01010	LGx	78	91.0	hap1
PR01010	LGx	79	94.0	hap1
PR01010	LGx	80	98.0	hap1
PR01010	LGx	81	101.0	hap1
PR01010	LGx	82	104.0	hap1
PR01010	LGx	83	108.0	hap1
PR01010	LGx	84	112.0	hap1
PR01010	LGx	85	116.0	hap1
PR01010	LGx	86	121.0	hap1
PR01010	LGx	87	125.0	hap1
PR01010	LGx	88	130.0	hap1
PR01010	LGx	89	135.0	hap1
PR01010	LGx	90	141.0	hap1
PR01010	LGx	91	146.0	hap1
PR01010	LGx	92	153.0	hap1
PR01010	LGx	93	159.0	hap1
PR01010	LGx	94	167.0	hap1
PR01010	LGx	95	175.0	hap1
PR01010	LGx	96	184.0	hap1
PR01010	LGx	97	194.0	hap1
PR01010	LGx	98	206.0	hap1
PR01010	LGx	99	219.0	hap1
PR01010	LGx	100	235.0	hap1
PR01010	auN	3211327164	386.09808	hap2
PR01010	auNG	3018593705	410.74994	hap2
PR01010	Nx	1	81755490.0	hap2
PR01010	Nx	2	81755490.0	hap2
PR01010	Nx	3	76617137.0	hap2
PR01010	Nx	4	76617137.0	hap2
PR01010	Nx	5	56830353.0	hap2
PR01010	Nx	6	56830353.0	hap2
PR01010	Nx	7	56766711.0	hap2
PR01010	Nx	8	56766711.0	hap2
PR01010	Nx	9	47171571.0	hap2
PR01010	Nx	10	47135407.0	hap2
PR01010	Nx	11	47135407.0	hap2
PR01010	Nx	12	46197937.0	hap2
PR01010	Nx	13	43388406.0	hap2
PR01010	Nx	14	43388406.0	hap2
PR01010	Nx	15	42492142.0	hap2
PR01010	Nx	16	41512160.0	hap2
PR01010	Nx	17	38980024.0	hap2
PR01010	Nx	18	38980024.0	hap2
PR01010	Nx	19	38106847.0	hap2
PR01010	Nx	20	37770047.0	hap2
PR01010	Nx	21	37518887.0	hap2
PR01010	Nx	22	37396226.0	hap2
PR01010	Nx	23	36172782.0	hap2
PR01010	Nx	24	35764276.0	hap2
PR01010	Nx	25	33275043.0	hap2
PR01010	Nx	26	31307227.0	hap2
PR01010	Nx	27	30001813.0	hap2
PR01010	Nx	28	29941832.0	hap2
PR01010	Nx	29	29104589.0	hap2
PR01010	Nx	30	28657978.0	hap2
PR01010	Nx	31	28131178.0	hap2
PR01010	Nx	32	27306348.0	hap2
PR01010	Nx	33	26544719.0	hap2
PR01010	Nx	34	26104438.0	hap2
PR01010	Nx	35	25301126.0	hap2
PR01010	Nx	36	24083709.0	hap2
PR01010	Nx	37	24015923.0	hap2
PR01010	Nx	38	23248852.0	hap2
PR01010	Nx	39	22862568.0	hap2
PR01010	Nx	40	21392750.0	hap2
PR01010	Nx	41	21086677.0	hap2
PR01010	Nx	42	20663277.0	hap2
PR01010	Nx	43	20033296.0	hap2
PR01010	Nx	44	19571271.0	hap2
PR01010	Nx	45	19530746.0	hap2
PR01010	Nx	46	18691243.0	hap2
PR01010	Nx	47	18185353.0	hap2
PR01010	Nx	48	18029943.0	hap2
PR01010	Nx	49	17888647.0	hap2
PR01010	Nx	50	16902463.0	hap2
PR01010	Nx	51	16683368.0	hap2
PR01010	Nx	52	15730729.0	hap2
PR01010	Nx	53	15051005.0	hap2
PR01010	Nx	54	14933436.0	hap2
PR01010	Nx	55	14892778.0	hap2
PR01010	Nx	56	13796341.0	hap2
PR01010	Nx	57	13316278.0	hap2
PR01010	Nx	58	13096535.0	hap2
PR01010	Nx	59	13060791.0	hap2
PR01010	Nx	60	12841976.0	hap2
PR01010	Nx	61	12712938.0	hap2
PR01010	Nx	62	12454367.0	hap2
PR01010	Nx	63	12362432.0	hap2
PR01010	Nx	64	12227506.0	hap2
PR01010	Nx	65	11908297.0	hap2
PR01010	Nx	66	11744329.0	hap2
PR01010	Nx	67	10988653.0	hap2
PR01010	Nx	68	10601126.0	hap2
PR01010	Nx	69	10185004.0	hap2
PR01010	Nx	70	9605576.0	hap2
PR01010	Nx	71	9280083.0	hap2
PR01010	Nx	72	9052292.0	hap2
PR01010	Nx	73	8876489.0	hap2
PR01010	Nx	74	8409849.0	hap2
PR01010	Nx	75	8221429.0	hap2
PR01010	Nx	76	7896638.0	hap2
PR01010	Nx	77	7313473.0	hap2
PR01010	Nx	78	6883169.0	hap2
PR01010	Nx	79	6641767.0	hap2
PR01010	Nx	80	6219056.0	hap2
PR01010	Nx	81	6192594.0	hap2
PR01010	Nx	82	5555775.0	hap2
PR01010	Nx	83	5395049.0	hap2
PR01010	Nx	84	5189378.0	hap2
PR01010	Nx	85	4960879.0	hap2
PR01010	Nx	86	4624900.0	hap2
PR01010	Nx	87	4304459.0	hap2
PR01010	Nx	88	4137860.0	hap2
PR01010	Nx	89	3976058.0	hap2
PR01010	Nx	90	3631855.0	hap2
PR01010	Nx	91	3239847.0	hap2
PR01010	Nx	92	2772337.0	hap2
PR01010	Nx	93	2461669.0	hap2
PR01010	Nx	94	2270125.0	hap2
PR01010	Nx	95	1971353.0	hap2
PR01010	Nx	96	1618857.0	hap2
PR01010	Nx	97	1369776.0	hap2
PR01010	Nx	98	944636.0	hap2
PR01010	Nx	99	583725.0	hap2
PR01010	Nx	100	13180.0	hap2
PR01010	Lx	1	81755490.0	hap2
PR01010	Lx	2	81755490.0	hap2
PR01010	Lx	3	76617137.0	hap2
PR01010	Lx	4	76617137.0	hap2
PR01010	Lx	5	56830353.0	hap2
PR01010	Lx	6	56830353.0	hap2
PR01010	Lx	7	56766711.0	hap2
PR01010	Lx	8	56766711.0	hap2
PR01010	Lx	9	47171571.0	hap2
PR01010	Lx	10	47135407.0	hap2
PR01010	Lx	11	47135407.0	hap2
PR01010	Lx	12	46197937.0	hap2
PR01010	Lx	13	43388406.0	hap2
PR01010	Lx	14	43388406.0	hap2
PR01010	Lx	15	42492142.0	hap2
PR01010	Lx	16	41512160.0	hap2
PR01010	Lx	17	38980024.0	hap2
PR01010	Lx	18	38980024.0	hap2
PR01010	Lx	19	38106847.0	hap2
PR01010	Lx	20	37770047.0	hap2
PR01010	Lx	21	37518887.0	hap2
PR01010	Lx	22	37396226.0	hap2
PR01010	Lx	23	36172782.0	hap2
PR01010	Lx	24	35764276.0	hap2
PR01010	Lx	25	33275043.0	hap2
PR01010	Lx	26	31307227.0	hap2
PR01010	Lx	27	30001813.0	hap2
PR01010	Lx	28	29941832.0	hap2
PR01010	Lx	29	29104589.0	hap2
PR01010	Lx	30	28657978.0	hap2
PR01010	Lx	31	28131178.0	hap2
PR01010	Lx	32	27306348.0	hap2
PR01010	Lx	33	26544719.0	hap2
PR01010	Lx	34	26104438.0	hap2
PR01010	Lx	35	25301126.0	hap2
PR01010	Lx	36	24083709.0	hap2
PR01010	Lx	37	24015923.0	hap2
PR01010	Lx	38	23248852.0	hap2
PR01010	Lx	39	22862568.0	hap2
PR01010	Lx	40	21392750.0	hap2
PR01010	Lx	41	21086677.0	hap2
PR01010	Lx	42	20663277.0	hap2
PR01010	Lx	43	20033296.0	hap2
PR01010	Lx	44	19571271.0	hap2
PR01010	Lx	45	19530746.0	hap2
PR01010	Lx	46	18691243.0	hap2
PR01010	Lx	47	18185353.0	hap2
PR01010	Lx	48	18029943.0	hap2
PR01010	Lx	49	17888647.0	hap2
PR01010	Lx	50	16902463.0	hap2
PR01010	Lx	51	16683368.0	hap2
PR01010	Lx	52	15730729.0	hap2
PR01010	Lx	53	15051005.0	hap2
PR01010	Lx	54	14933436.0	hap2
PR01010	Lx	55	14892778.0	hap2
PR01010	Lx	56	13796341.0	hap2
PR01010	Lx	57	13316278.0	hap2
PR01010	Lx	58	13096535.0	hap2
PR01010	Lx	59	13060791.0	hap2
PR01010	Lx	60	12841976.0	hap2
PR01010	Lx	61	12712938.0	hap2
PR01010	Lx	62	12454367.0	hap2
PR01010	Lx	63	12362432.0	hap2
PR01010	Lx	64	12227506.0	hap2
PR01010	Lx	65	11908297.0	hap2
PR01010	Lx	66	11744329.0	hap2
PR01010	Lx	67	10988653.0	hap2
PR01010	Lx	68	10601126.0	hap2
PR01010	Lx	69	10185004.0	hap2
PR01010	Lx	70	9605576.0	hap2
PR01010	Lx	71	9280083.0	hap2
PR01010	Lx	72	9052292.0	hap2
PR01010	Lx	73	8876489.0	hap2
PR01010	Lx	74	8409849.0	hap2
PR01010	Lx	75	8221429.0	hap2
PR01010	Lx	76	7896638.0	hap2
PR01010	Lx	77	7313473.0	hap2
PR01010	Lx	78	6883169.0	hap2
PR01010	Lx	79	6641767.0	hap2
PR01010	Lx	80	6219056.0	hap2
PR01010	Lx	81	6192594.0	hap2
PR01010	Lx	82	5555775.0	hap2
PR01010	Lx	83	5395049.0	hap2
PR01010	Lx	84	5189378.0	hap2
PR01010	Lx	85	4960879.0	hap2
PR01010	Lx	86	4624900.0	hap2
PR01010	Lx	87	4304459.0	hap2
PR01010	Lx	88	4137860.0	hap2
PR01010	Lx	89	3976058.0	hap2
PR01010	Lx	90	3631855.0	hap2
PR01010	Lx	91	3239847.0	hap2
PR01010	Lx	92	2772337.0	hap2
PR01010	Lx	93	2461669.0	hap2
PR01010	Lx	94	2270125.0	hap2
PR01010	Lx	95	1971353.0	hap2
PR01010	Lx	96	1618857.0	hap2
PR01010	Lx	97	1369776.0	hap2
PR01010	Lx	98	944636.0	hap2
PR01010	Lx	99	583725.0	hap2
PR01010	Lx	100	13180.0	hap2
PR01010	NGx	1	81755490.0	hap2
PR01010	NGx	2	81755490.0	hap2
PR01010	NGx	3	76617137.0	hap2
PR01010	NGx	4	76617137.0	hap2
PR01010	NGx	5	76617137.0	hap2
PR01010	NGx	6	56830353.0	hap2
PR01010	NGx	7	56830353.0	hap2
PR01010	NGx	8	56766711.0	hap2
PR01010	NGx	9	56766711.0	hap2
PR01010	NGx	10	47171571.0	hap2
PR01010	NGx	11	47135407.0	hap2
PR01010	NGx	12	47135407.0	hap2
PR01010	NGx	13	46197937.0	hap2
PR01010	NGx	14	43388406.0	hap2
PR01010	NGx	15	43388406.0	hap2
PR01010	NGx	16	42492142.0	hap2
PR01010	NGx	17	41512160.0	hap2
PR01010	NGx	18	38980024.0	hap2
PR01010	NGx	19	38980024.0	hap2
PR01010	NGx	20	38106847.0	hap2
PR01010	NGx	21	37770047.0	hap2
PR01010	NGx	22	37518887.0	hap2
PR01010	NGx	23	37396226.0	hap2
PR01010	NGx	24	37396226.0	hap2
PR01010	NGx	25	36172782.0	hap2
PR01010	NGx	26	35764276.0	hap2
PR01010	NGx	27	33275043.0	hap2
PR01010	NGx	28	31307227.0	hap2
PR01010	NGx	29	30001813.0	hap2
PR01010	NGx	30	29941832.0	hap2
PR01010	NGx	31	29104589.0	hap2
PR01010	NGx	32	28657978.0	hap2
PR01010	NGx	33	28131178.0	hap2
PR01010	NGx	34	27306348.0	hap2
PR01010	NGx	35	26544719.0	hap2
PR01010	NGx	36	26104438.0	hap2
PR01010	NGx	37	25420492.0	hap2
PR01010	NGx	38	24083709.0	hap2
PR01010	NGx	39	24015923.0	hap2
PR01010	NGx	40	23546392.0	hap2
PR01010	NGx	41	22862568.0	hap2
PR01010	NGx	42	21797164.0	hap2
PR01010	NGx	43	21392750.0	hap2
PR01010	NGx	44	20829636.0	hap2
PR01010	NGx	45	20663277.0	hap2
PR01010	NGx	46	19982175.0	hap2
PR01010	NGx	47	19571271.0	hap2
PR01010	NGx	48	19042505.0	hap2
PR01010	NGx	49	18691243.0	hap2
PR01010	NGx	50	18185353.0	hap2
PR01010	NGx	51	18029943.0	hap2
PR01010	NGx	52	17888647.0	hap2
PR01010	NGx	53	16902463.0	hap2
PR01010	NGx	54	16683368.0	hap2
PR01010	NGx	55	15730729.0	hap2
PR01010	NGx	56	15051005.0	hap2
PR01010	NGx	57	14983728.0	hap2
PR01010	NGx	58	14916330.0	hap2
PR01010	NGx	59	14347408.0	hap2
PR01010	NGx	60	13683936.0	hap2
PR01010	NGx	61	13184760.0	hap2
PR01010	NGx	62	13096535.0	hap2
PR01010	NGx	63	13018440.0	hap2
PR01010	NGx	64	12841976.0	hap2
PR01010	NGx	65	12712938.0	hap2
PR01010	NGx	66	12454367.0	hap2
PR01010	NGx	67	12362432.0	hap2
PR01010	NGx	68	12227506.0	hap2
PR01010	NGx	69	11963878.0	hap2
PR01010	NGx	70	11744329.0	hap2
PR01010	NGx	71	11269679.0	hap2
PR01010	NGx	72	10775238.0	hap2
PR01010	NGx	73	10408841.0	hap2
PR01010	NGx	74	9608574.0	hap2
PR01010	NGx	75	9394050.0	hap2
PR01010	NGx	76	9274729.0	hap2
PR01010	NGx	77	8967174.0	hap2
PR01010	NGx	78	8822359.0	hap2
PR01010	NGx	79	8407629.0	hap2
PR01010	NGx	80	8164358.0	hap2
PR01010	NGx	81	7855759.0	hap2
PR01010	NGx	82	7313473.0	hap2
PR01010	NGx	83	6883169.0	hap2
PR01010	NGx	84	6641767.0	hap2
PR01010	NGx	85	6237164.0	hap2
PR01010	NGx	86	6195848.0	hap2
PR01010	NGx	87	5746256.0	hap2
PR01010	NGx	88	5465325.0	hap2
PR01010	NGx	89	5263103.0	hap2
PR01010	NGx	90	5079896.0	hap2
PR01010	NGx	91	4716601.0	hap2
PR01010	NGx	92	4549940.0	hap2
PR01010	NGx	93	4189417.0	hap2
PR01010	NGx	94	4037130.0	hap2
PR01010	NGx	95	3811176.0	hap2
PR01010	NGx	96	3505789.0	hap2
PR01010	NGx	97	3076705.0	hap2
PR01010	NGx	98	2768921.0	hap2
PR01010	NGx	99	2457866.0	hap2
PR01010	NGx	100	2270125.0	hap2
PR01010	LGx	1	1.0	hap2
PR01010	LGx	2	1.0	hap2
PR01010	LGx	3	2.0	hap2
PR01010	LGx	4	2.0	hap2
PR01010	LGx	5	2.0	hap2
PR01010	LGx	6	3.0	hap2
PR01010	LGx	7	3.0	hap2
PR01010	LGx	8	4.0	hap2
PR01010	LGx	9	4.0	hap2
PR01010	LGx	10	5.0	hap2
PR01010	LGx	11	6.0	hap2
PR01010	LGx	12	6.0	hap2
PR01010	LGx	13	7.0	hap2
PR01010	LGx	14	8.0	hap2
PR01010	LGx	15	8.0	hap2
PR01010	LGx	16	9.0	hap2
PR01010	LGx	17	10.0	hap2
PR01010	LGx	18	11.0	hap2
PR01010	LGx	19	11.0	hap2
PR01010	LGx	20	12.0	hap2
PR01010	LGx	21	13.0	hap2
PR01010	LGx	22	14.0	hap2
PR01010	LGx	23	15.0	hap2
PR01010	LGx	24	15.0	hap2
PR01010	LGx	25	16.0	hap2
PR01010	LGx	26	17.0	hap2
PR01010	LGx	27	18.0	hap2
PR01010	LGx	28	19.0	hap2
PR01010	LGx	29	20.0	hap2
PR01010	LGx	30	21.0	hap2
PR01010	LGx	31	22.0	hap2
PR01010	LGx	32	23.0	hap2
PR01010	LGx	33	24.0	hap2
PR01010	LGx	34	25.0	hap2
PR01010	LGx	35	26.0	hap2
PR01010	LGx	36	27.0	hap2
PR01010	LGx	37	28.0	hap2
PR01010	LGx	38	30.0	hap2
PR01010	LGx	39	31.0	hap2
PR01010	LGx	40	32.0	hap2
PR01010	LGx	41	34.0	hap2
PR01010	LGx	42	35.0	hap2
PR01010	LGx	43	36.0	hap2
PR01010	LGx	44	38.0	hap2
PR01010	LGx	45	39.0	hap2
PR01010	LGx	46	41.0	hap2
PR01010	LGx	47	42.0	hap2
PR01010	LGx	48	44.0	hap2
PR01010	LGx	49	45.0	hap2
PR01010	LGx	50	47.0	hap2
PR01010	LGx	51	49.0	hap2
PR01010	LGx	52	50.0	hap2
PR01010	LGx	53	52.0	hap2
PR01010	LGx	54	54.0	hap2
PR01010	LGx	55	56.0	hap2
PR01010	LGx	56	58.0	hap2
PR01010	LGx	57	60.0	hap2
PR01010	LGx	58	62.0	hap2
PR01010	LGx	59	64.0	hap2
PR01010	LGx	60	66.0	hap2
PR01010	LGx	61	68.0	hap2
PR01010	LGx	62	70.0	hap2
PR01010	LGx	63	73.0	hap2
PR01010	LGx	64	75.0	hap2
PR01010	LGx	65	77.0	hap2
PR01010	LGx	66	80.0	hap2
PR01010	LGx	67	82.0	hap2
PR01010	LGx	68	85.0	hap2
PR01010	LGx	69	87.0	hap2
PR01010	LGx	70	90.0	hap2
PR01010	LGx	71	92.0	hap2
PR01010	LGx	72	95.0	hap2
PR01010	LGx	73	98.0	hap2
PR01010	LGx	74	101.0	hap2
PR01010	LGx	75	104.0	hap2
PR01010	LGx	76	107.0	hap2
PR01010	LGx	77	111.0	hap2
PR01010	LGx	78	114.0	hap2
PR01010	LGx	79	118.0	hap2
PR01010	LGx	80	121.0	hap2
PR01010	LGx	81	125.0	hap2
PR01010	LGx	82	129.0	hap2
PR01010	LGx	83	133.0	hap2
PR01010	LGx	84	138.0	hap2
PR01010	LGx	85	142.0	hap2
PR01010	LGx	86	147.0	hap2
PR01010	LGx	87	152.0	hap2
PR01010	LGx	88	158.0	hap2
PR01010	LGx	89	163.0	hap2
PR01010	LGx	90	169.0	hap2
PR01010	LGx	91	175.0	hap2
PR01010	LGx	92	182.0	hap2
PR01010	LGx	93	189.0	hap2
PR01010	LGx	94	196.0	hap2
PR01010	LGx	95	204.0	hap2
PR01010	LGx	96	212.0	hap2
PR01010	LGx	97	221.0	hap2
PR01010	LGx	98	231.0	hap2
PR01010	LGx	99	243.0	hap2
PR01010	LGx	100	256.0	hap2
PR01010	auN	3282743208	213.41367	primary
PR01010	auNG	3018593705	232.08894	primary
PR01010	Nx	1	95292959.0	primary
PR01010	Nx	2	95292959.0	primary
PR01010	Nx	3	88160871.0	primary
PR01010	Nx	4	88160871.0	primary
PR01010	Nx	5	88160871.0	primary
PR01010	Nx	6	81767044.0	primary
PR01010	Nx	7	81767044.0	primary
PR01010	Nx	8	81767044.0	primary
PR01010	Nx	9	81725564.0	primary
PR01010	Nx	10	81725564.0	primary
PR01010	Nx	11	77701734.0	primary
PR01010	Nx	12	77701734.0	primary
PR01010	Nx	13	74693810.0	primary
PR01010	Nx	14	74693810.0	primary
PR01010	Nx	15	74693810.0	primary
PR01010	Nx	16	72229667.0	primary
PR01010	Nx	17	72229667.0	primary
PR01010	Nx	18	65373018.0	primary
PR01010	Nx	19	65373018.0	primary
PR01010	Nx	20	63937651.0	primary
PR01010	Nx	21	63937651.0	primary
PR01010	Nx	22	56830353.0	primary
PR01010	Nx	23	56830353.0	primary
PR01010	Nx	24	56766711.0	primary
PR01010	Nx	25	53322917.0	primary
PR01010	Nx	26	53322917.0	primary
PR01010	Nx	27	53100469.0	primary
PR01010	Nx	28	53100469.0	primary
PR01010	Nx	29	50875047.0	primary
PR01010	Nx	30	48775694.0	primary
PR01010	Nx	31	48775694.0	primary
PR01010	Nx	32	48763949.0	primary
PR01010	Nx	33	48329308.0	primary
PR01010	Nx	34	48329308.0	primary
PR01010	Nx	35	47973613.0	primary
PR01010	Nx	36	47171571.0	primary
PR01010	Nx	37	45388924.0	primary
PR01010	Nx	38	45388924.0	primary
PR01010	Nx	39	42634842.0	primary
PR01010	Nx	40	42013426.0	primary
PR01010	Nx	41	41709819.0	primary
PR01010	Nx	42	41709819.0	primary
PR01010	Nx	43	40716861.0	primary
PR01010	Nx	44	39315545.0	primary
PR01010	Nx	45	38980024.0	primary
PR01010	Nx	46	38735168.0	primary
PR01010	Nx	47	38194966.0	primary
PR01010	Nx	48	38194966.0	primary
PR01010	Nx	49	37518887.0	primary
PR01010	Nx	50	35294297.0	primary
PR01010	Nx	51	34871041.0	primary
PR01010	Nx	52	33275043.0	primary
PR01010	Nx	53	33108661.0	primary
PR01010	Nx	54	33069809.0	primary
PR01010	Nx	55	32530698.0	primary
PR01010	Nx	56	30189107.0	primary
PR01010	Nx	57	30073675.0	primary
PR01010	Nx	58	30001813.0	primary
PR01010	Nx	59	29521463.0	primary
PR01010	Nx	60	28933199.0	primary
PR01010	Nx	61	28519890.0	primary
PR01010	Nx	62	28450351.0	primary
PR01010	Nx	63	27686919.0	primary
PR01010	Nx	64	27289547.0	primary
PR01010	Nx	65	26310012.0	primary
PR01010	Nx	66	26114723.0	primary
PR01010	Nx	67	26104438.0	primary
PR01010	Nx	68	25931613.0	primary
PR01010	Nx	69	25880728.0	primary
PR01010	Nx	70	24485791.0	primary
PR01010	Nx	71	24311242.0	primary
PR01010	Nx	72	24147424.0	primary
PR01010	Nx	73	23050176.0	primary
PR01010	Nx	74	22761452.0	primary
PR01010	Nx	75	21300126.0	primary
PR01010	Nx	76	20907944.0	primary
PR01010	Nx	77	20507979.0	primary
PR01010	Nx	78	20426806.0	primary
PR01010	Nx	79	19531349.0	primary
PR01010	Nx	80	16578707.0	primary
PR01010	Nx	81	14916330.0	primary
PR01010	Nx	82	13652974.0	primary
PR01010	Nx	83	13248333.0	primary
PR01010	Nx	84	13151933.0	primary
PR01010	Nx	85	12628017.0	primary
PR01010	Nx	86	12376922.0	primary
PR01010	Nx	87	11276421.0	primary
PR01010	Nx	88	10132769.0	primary
PR01010	Nx	89	9010944.0	primary
PR01010	Nx	90	8919380.0	primary
PR01010	Nx	91	8328641.0	primary
PR01010	Nx	92	7039097.0	primary
PR01010	Nx	93	6126636.0	primary
PR01010	Nx	94	5360524.0	primary
PR01010	Nx	95	4319976.0	primary
PR01010	Nx	96	3882322.0	primary
PR01010	Nx	97	2841251.0	primary
PR01010	Nx	98	1978377.0	primary
PR01010	Nx	99	941366.0	primary
PR01010	Nx	100	14171.0	primary
PR01010	Lx	1	95292959.0	primary
PR01010	Lx	2	95292959.0	primary
PR01010	Lx	3	88160871.0	primary
PR01010	Lx	4	88160871.0	primary
PR01010	Lx	5	88160871.0	primary
PR01010	Lx	6	81767044.0	primary
PR01010	Lx	7	81767044.0	primary
PR01010	Lx	8	81767044.0	primary
PR01010	Lx	9	81725564.0	primary
PR01010	Lx	10	81725564.0	primary
PR01010	Lx	11	77701734.0	primary
PR01010	Lx	12	77701734.0	primary
PR01010	Lx	13	74693810.0	primary
PR01010	Lx	14	74693810.0	primary
PR01010	Lx	15	74693810.0	primary
PR01010	Lx	16	72229667.0	primary
PR01010	Lx	17	72229667.0	primary
PR01010	Lx	18	65373018.0	primary
PR01010	Lx	19	65373018.0	primary
PR01010	Lx	20	63937651.0	primary
PR01010	Lx	21	63937651.0	primary
PR01010	Lx	22	56830353.0	primary
PR01010	Lx	23	56830353.0	primary
PR01010	Lx	24	56766711.0	primary
PR01010	Lx	25	53322917.0	primary
PR01010	Lx	26	53322917.0	primary
PR01010	Lx	27	53100469.0	primary
PR01010	Lx	28	53100469.0	primary
PR01010	Lx	29	50875047.0	primary
PR01010	Lx	30	48775694.0	primary
PR01010	Lx	31	48775694.0	primary
PR01010	Lx	32	48763949.0	primary
PR01010	Lx	33	48329308.0	primary
PR01010	Lx	34	48329308.0	primary
PR01010	Lx	35	47973613.0	primary
PR01010	Lx	36	47171571.0	primary
PR01010	Lx	37	45388924.0	primary
PR01010	Lx	38	45388924.0	primary
PR01010	Lx	39	42634842.0	primary
PR01010	Lx	40	42013426.0	primary
PR01010	Lx	41	41709819.0	primary
PR01010	Lx	42	41709819.0	primary
PR01010	Lx	43	40716861.0	primary
PR01010	Lx	44	39315545.0	primary
PR01010	Lx	45	38980024.0	primary
PR01010	Lx	46	38735168.0	primary
PR01010	Lx	47	38194966.0	primary
PR01010	Lx	48	38194966.0	primary
PR01010	Lx	49	37518887.0	primary
PR01010	Lx	50	35294297.0	primary
PR01010	Lx	51	34871041.0	primary
PR01010	Lx	52	33275043.0	primary
PR01010	Lx	53	33108661.0	primary
PR01010	Lx	54	33069809.0	primary
PR01010	Lx	55	32530698.0	primary
PR01010	Lx	56	30189107.0	primary
PR01010	Lx	57	30073675.0	primary
PR01010	Lx	58	30001813.0	primary
PR01010	Lx	59	29521463.0	primary
PR01010	Lx	60	28933199.0	primary
PR01010	Lx	61	28519890.0	primary
PR01010	Lx	62	28450351.0	primary
PR01010	Lx	63	27686919.0	primary
PR01010	Lx	64	27289547.0	primary
PR01010	Lx	65	26310012.0	primary
PR01010	Lx	66	26114723.0	primary
PR01010	Lx	67	26104438.0	primary
PR01010	Lx	68	25931613.0	primary
PR01010	Lx	69	25880728.0	primary
PR01010	Lx	70	24485791.0	primary
PR01010	Lx	71	24311242.0	primary
PR01010	Lx	72	24147424.0	primary
PR01010	Lx	73	23050176.0	primary
PR01010	Lx	74	22761452.0	primary
PR01010	Lx	75	21300126.0	primary
PR01010	Lx	76	20907944.0	primary
PR01010	Lx	77	20507979.0	primary
PR01010	Lx	78	20426806.0	primary
PR01010	Lx	79	19531349.0	primary
PR01010	Lx	80	16578707.0	primary
PR01010	Lx	81	14916330.0	primary
PR01010	Lx	82	13652974.0	primary
PR01010	Lx	83	13248333.0	primary
PR01010	Lx	84	13151933.0	primary
PR01010	Lx	85	12628017.0	primary
PR01010	Lx	86	12376922.0	primary
PR01010	Lx	87	11276421.0	primary
PR01010	Lx	88	10132769.0	primary
PR01010	Lx	89	9010944.0	primary
PR01010	Lx	90	8919380.0	primary
PR01010	Lx	91	8328641.0	primary
PR01010	Lx	92	7039097.0	primary
PR01010	Lx	93	6126636.0	primary
PR01010	Lx	94	5360524.0	primary
PR01010	Lx	95	4319976.0	primary
PR01010	Lx	96	3882322.0	primary
PR01010	Lx	97	2841251.0	primary
PR01010	Lx	98	1978377.0	primary
PR01010	Lx	99	941366.0	primary
PR01010	Lx	100	14171.0	primary
PR01010	NGx	1	95292959.0	primary
PR01010	NGx	2	95292959.0	primary
PR01010	NGx	3	95292959.0	primary
PR01010	NGx	4	88160871.0	primary
PR01010	NGx	5	88160871.0	primary
PR01010	NGx	6	88160871.0	primary
PR01010	NGx	7	81767044.0	primary
PR01010	NGx	8	81767044.0	primary
PR01010	NGx	9	81725564.0	primary
PR01010	NGx	10	81725564.0	primary
PR01010	NGx	11	81725564.0	primary
PR01010	NGx	12	77701734.0	primary
PR01010	NGx	13	77701734.0	primary
PR01010	NGx	14	77701734.0	primary
PR01010	NGx	15	74693810.0	primary
PR01010	NGx	16	74693810.0	primary
PR01010	NGx	17	72229667.0	primary
PR01010	NGx	18	72229667.0	primary
PR01010	NGx	19	65373018.0	primary
PR01010	NGx	20	65373018.0	primary
PR01010	NGx	21	65373018.0	primary
PR01010	NGx	22	63937651.0	primary
PR01010	NGx	23	63937651.0	primary
PR01010	NGx	24	56830353.0	primary
PR01010	NGx	25	56830353.0	primary
PR01010	NGx	26	56766711.0	primary
PR01010	NGx	27	53322917.0	primary
PR01010	NGx	28	53322917.0	primary
PR01010	NGx	29	53100469.0	primary
PR01010	NGx	30	53100469.0	primary
PR01010	NGx	31	50875047.0	primary
PR01010	NGx	32	50875047.0	primary
PR01010	NGx	33	48775694.0	primary
PR01010	NGx	34	48763949.0	primary
PR01010	NGx	35	48763949.0	primary
PR01010	NGx	36	48329308.0	primary
PR01010	NGx	37	48329308.0	primary
PR01010	NGx	38	47973613.0	primary
PR01010	NGx	39	47171571.0	primary
PR01010	NGx	40	47171571.0	primary
PR01010	NGx	41	45388924.0	primary
PR01010	NGx	42	42634842.0	primary
PR01010	NGx	43	42634842.0	primary
PR01010	NGx	44	42013426.0	primary
PR01010	NGx	45	41709819.0	primary
PR01010	NGx	46	40716861.0	primary
PR01010	NGx	47	40716861.0	primary
PR01010	NGx	48	39315545.0	primary
PR01010	NGx	49	38980024.0	primary
PR01010	NGx	50	38735168.0	primary
PR01010	NGx	51	38735168.0	primary
PR01010	NGx	52	38194966.0	primary
PR01010	NGx	53	37518887.0	primary
PR01010	NGx	54	35294297.0	primary
PR01010	NGx	55	34871041.0	primary
PR01010	NGx	56	33275043.0	primary
PR01010	NGx	57	33275043.0	primary
PR01010	NGx	58	33108661.0	primary
PR01010	NGx	59	33069809.0	primary
PR01010	NGx	60	32530698.0	primary
PR01010	NGx	61	30189107.0	primary
PR01010	NGx	62	30073675.0	primary
PR01010	NGx	63	30001813.0	primary
PR01010	NGx	64	29521463.0	primary
PR01010	NGx	65	29218686.0	primary
PR01010	NGx	66	28933199.0	primary
PR01010	NGx	67	28519890.0	primary
PR01010	NGx	68	28450351.0	primary
PR01010	NGx	69	27289547.0	primary
PR01010	NGx	70	26310012.0	primary
PR01010	NGx	71	26201608.0	primary
PR01010	NGx	72	26114723.0	primary
PR01010	NGx	73	26104438.0	primary
PR01010	NGx	74	25931613.0	primary
PR01010	NGx	75	25880728.0	primary
PR01010	NGx	76	24485791.0	primary
PR01010	NGx	77	24311242.0	primary
PR01010	NGx	78	24147424.0	primary
PR01010	NGx	79	24049553.0	primary
PR01010	NGx	80	22761452.0	primary
PR01010	NGx	81	22101982.0	primary
PR01010	NGx	82	21300126.0	primary
PR01010	NGx	83	20649845.0	primary
PR01010	NGx	84	20507979.0	primary
PR01010	NGx	85	19998180.0	primary
PR01010	NGx	86	19531349.0	primary
PR01010	NGx	87	16578707.0	primary
PR01010	NGx	88	14916330.0	primary
PR01010	NGx	89	13652974.0	primary
PR01010	NGx	90	13318739.0	primary
PR01010	NGx	91	13203729.0	primary
PR01010	NGx	92	12678784.0	primary
PR01010	NGx	93	12402085.0	primary
PR01010	NGx	94	11743630.0	primary
PR01010	NGx	95	10985726.0	primary
PR01010	NGx	96	9837049.0	primary
PR01010	NGx	97	8988840.0	primary
PR01010	NGx	98	8856296.0	primary
PR01010	NGx	99	8328641.0	primary
PR01010	NGx	100	7043963.0	primary
PR01010	LGx	1	1.0	primary
PR01010	LGx	2	1.0	primary
PR01010	LGx	3	1.0	primary
PR01010	LGx	4	2.0	primary
PR01010	LGx	5	2.0	primary
PR01010	LGx	6	2.0	primary
PR01010	LGx	7	3.0	primary
PR01010	LGx	8	3.0	primary
PR01010	LGx	9	4.0	primary
PR01010	LGx	10	4.0	primary
PR01010	LGx	11	4.0	primary
PR01010	LGx	12	5.0	primary
PR01010	LGx	13	5.0	primary
PR01010	LGx	14	5.0	primary
PR01010	LGx	15	6.0	primary
PR01010	LGx	16	6.0	primary
PR01010	LGx	17	7.0	primary
PR01010	LGx	18	7.0	primary
PR01010	LGx	19	8.0	primary
PR01010	LGx	20	8.0	primary
PR01010	LGx	21	8.0	primary
PR01010	LGx	22	9.0	primary
PR01010	LGx	23	9.0	primary
PR01010	LGx	24	10.0	primary
PR01010	LGx	25	10.0	primary
PR01010	LGx	26	11.0	primary
PR01010	LGx	27	12.0	primary
PR01010	LGx	28	12.0	primary
PR01010	LGx	29	13.0	primary
PR01010	LGx	30	13.0	primary
PR01010	LGx	31	14.0	primary
PR01010	LGx	32	14.0	primary
PR01010	LGx	33	15.0	primary
PR01010	LGx	34	16.0	primary
PR01010	LGx	35	16.0	primary
PR01010	LGx	36	17.0	primary
PR01010	LGx	37	17.0	primary
PR01010	LGx	38	18.0	primary
PR01010	LGx	39	19.0	primary
PR01010	LGx	40	19.0	primary
PR01010	LGx	41	20.0	primary
PR01010	LGx	42	21.0	primary
PR01010	LGx	43	21.0	primary
PR01010	LGx	44	22.0	primary
PR01010	LGx	45	23.0	primary
PR01010	LGx	46	24.0	primary
PR01010	LGx	47	24.0	primary
PR01010	LGx	48	25.0	primary
PR01010	LGx	49	26.0	primary
PR01010	LGx	50	27.0	primary
PR01010	LGx	51	27.0	primary
PR01010	LGx	52	28.0	primary
PR01010	LGx	53	29.0	primary
PR01010	LGx	54	30.0	primary
PR01010	LGx	55	31.0	primary
PR01010	LGx	56	32.0	primary
PR01010	LGx	57	32.0	primary
PR01010	LGx	58	33.0	primary
PR01010	LGx	59	34.0	primary
PR01010	LGx	60	35.0	primary
PR01010	LGx	61	36.0	primary
PR01010	LGx	62	37.0	primary
PR01010	LGx	63	38.0	primary
PR01010	LGx	64	39.0	primary
PR01010	LGx	65	40.0	primary
PR01010	LGx	66	41.0	primary
PR01010	LGx	67	42.0	primary
PR01010	LGx	68	43.0	primary
PR01010	LGx	69	45.0	primary
PR01010	LGx	70	46.0	primary
PR01010	LGx	71	47.0	primary
PR01010	LGx	72	48.0	primary
PR01010	LGx	73	49.0	primary
PR01010	LGx	74	50.0	primary
PR01010	LGx	75	51.0	primary
PR01010	LGx	76	53.0	primary
PR01010	LGx	77	54.0	primary
PR01010	LGx	78	55.0	primary
PR01010	LGx	79	56.0	primary
PR01010	LGx	80	58.0	primary
PR01010	LGx	81	59.0	primary
PR01010	LGx	82	60.0	primary
PR01010	LGx	83	62.0	primary
PR01010	LGx	84	63.0	primary
PR01010	LGx	85	65.0	primary
PR01010	LGx	86	66.0	primary
PR01010	LGx	87	68.0	primary
PR01010	LGx	88	70.0	primary
PR01010	LGx	89	72.0	primary
PR01010	LGx	90	74.0	primary
PR01010	LGx	91	76.0	primary
PR01010	LGx	92	79.0	primary
PR01010	LGx	93	81.0	primary
PR01010	LGx	94	84.0	primary
PR01010	LGx	95	86.0	primary
PR01010	LGx	96	89.0	primary
PR01010	LGx	97	93.0	primary
PR01010	LGx	98	96.0	primary
PR01010	LGx	99	99.0	primary
PR01010	LGx	100	103.0	primary
